322.615	39.46	0.04	1.44	0.18	0.42	0.08	5.3	5	1.0
323.010	39.49	0.06	2.34	0.74	0.98	0.72	30.9	5	2.0
323.406	39.31	0.11	4.27	1.19	1.46	1.74	40.7	5	3.0
323.802	39.31	0.14	5.58	1.53	1.81	2.77	49.5	5	4.0
324.198	39.20	0.22	8.57	1.96	2.24	4.40	51.4	5	6.0
324.594	39.03	0.28	10.99	2.38	2.68	6.37	58.0	5	7.0
324.991	38.94	0.37	14.28	2.77	3.12	8.63	60.5	5	8.0
325.388	39.00	0.45	17.52	3.14	3.48	10.93	62.4	5	10.0
325.787	38.64	0.60	23.00	3.64	4.06	14.79	64.3	5	11.0
326.186	38.54	0.73	28.17	4.10	4.47	18.34	65.1	5	12.0
326.585	38.41	0.89	34.01	4.51	4.96	22.39	65.8	5	13.0
326.984	38.16	1.06	40.40	4.93	5.38	26.50	65.6	5	15.0
327.383	37.87	1.31	49.52	5.48	5.94	32.55	65.7	5	16.0
327.782	37.59	1.51	56.79	5.88	6.37	37.47	66.0	5	17.0
328.181	37.12	1.72	63.81	6.26	6.83	42.81	67.1	5	18.0
328.580	36.68	1.99	73.16	6.74	7.33	49.42	67.5	5	20.0
328.979	36.29	2.28	82.62	7.19	7.79	56.03	67.8	5	21.0
329.378	35.85	2.59	92.72	7.60	8.20	62.31	67.2	5	22.0
329.777	35.15	2.86	100.62	7.94	8.61	68.33	67.9	5	23.0
330.177	34.52	3.29	113.40	8.36	9.03	75.52	66.6	5	25.0
330.577	33.68	3.65	123.00	8.72	9.42	82.20	66.8	5	26.0
330.977	32.98	3.97	130.83	9.02	9.70	87.53	66.9	5	27.0
331.377	31.87	4.30	136.90	9.22	9.94	91.69	67.0	5	29.0
331.777	30.65	4.70	143.89	9.44	10.15	95.85	66.6	5	30.0
332.178	28.92	4.98	143.96	9.46	10.18	96.30	66.9	5	31.0
332.579	27.49	5.19	142.65	9.37	10.08	94.49	66.2	5	32.0
332.980	25.31	5.32	134.78	9.07	9.78	88.63	65.8	5	34.0
333.380	22.94	5.38	123.42	8.66	9.33	80.83	65.5	5	35.0
333.780	20.80	5.41	112.49	8.26	8.92	73.69	65.5	5	36.0
334.180	19.17	5.42	103.83	7.93	8.55	67.80	65.3	5	37.0
334.580	16.92	5.43	91.84	7.48	8.07	60.39	65.8	5	39.0
334.979	15.63	5.44	85.05	7.11	7.71	54.85	64.5	5	40.0
335.378	14.25	5.44	77.58	6.76	7.33	49.53	63.8	5	41.0
335.777	13.09	5.46	71.44	6.50	7.10	46.13	64.6	5	43.0
336.176	11.76	5.44	64.02	6.13	6.67	40.91	63.9	5	44.0
336.575	10.91	5.46	59.56	5.82	6.35	36.99	62.1	5	45.0
336.974	9.86	5.46	53.79	5.54	6.09	33.70	62.7	5	46.0
337.372	9.14	5.46	49.87	5.35	5.78	30.89	61.9	5	48.0
337.770	8.18	5.46	44.70	5.01	5.49	27.51	61.5	5	49.0
338.168	7.68	5.46	41.94	4.76	5.22	24.85	59.2	5	50.0
338.566	7.05	5.47	38.57	4.57	5.04	23.04	59.7	5	51.0
338.964	6.47	5.47	35.43	4.36	4.81	20.96	59.2	5	53.0
339.362	5.93	5.48	32.49	4.12	4.53	18.67	57.5	5	54.0
339.760	5.38	5.48	29.44	3.91	4.37	17.11	58.1	5	55.0
340.158	5.04	5.49	27.67	3.74	4.15	15.53	56.1	5	56.0
340.556	4.64	5.49	25.49	3.56	3.94	14.02	55.0	5	58.0
340.954	4.30	5.49	23.59	3.37	3.75	12.64	53.6	5	59.0
341.352	4.01	5.49	22.02	3.20	3.61	11.55	52.4	5	60.0
341.750	3.55	5.49	19.52	3.08	3.42	10.52	53.9	5	61.0
342.148	3.57	5.49	19.58	2.88	3.27	9.41	48.0	5	63.0
342.545	3.21	5.50	17.65	2.72	3.09	8.41	47.6	5	64.0
342.942	2.76	5.49	15.18	2.60	2.97	7.70	50.7	5	65.0
343.339	2.68	5.50	14.72	2.48	2.81	6.96	47.3	5	67.0
343.736	2.50	5.51	13.78	2.29	2.66	6.09	44.2	5	68.0
344.133	2.41	5.50	13.27	2.20	2.52	5.53	41.7	5	69.0
344.530	2.15	5.49	11.83	2.06	2.39	4.93	41.7	5	70.0
344.927	2.26	5.49	12.40	1.95	2.27	4.43	35.7	5	72.0
345.324	1.92	5.50	10.56	1.81	2.13	3.87	36.6	5	73.0
345.721	1.91	5.50	10.47	1.74	2.03	3.53	33.7	5	74.0
346.118	1.75	5.50	9.63	1.60	1.90	3.04	31.6	5	75.0
346.514	1.62	5.50	8.92	1.51	1.79	2.70	30.2	5	77.0
346.910	1.49	5.50	8.18	1.39	1.70	2.35	28.8	5	78.0
347.306	1.52	5.49	8.35	1.28	1.56	1.99	23.9	5	79.0
347.702	1.37	5.49	7.54	1.20	1.50	1.80	23.8	5	80.0
348.098	1.32	5.50	7.28	1.10	1.39	1.54	21.1	5	82.0
348.494	1.10	5.50	6.04	1.00	1.28	1.28	21.2	5	83.0
348.890	1.10	5.48	6.05	0.93	1.20	1.11	18.4	5	84.0
349.286	0.99	5.49	5.43	0.87	1.11	0.97	17.8	5	85.0
349.682	1.12	5.49	6.14	0.76	1.02	0.78	12.7	5	87.0
350.078	0.98	5.49	5.39	0.67	0.93	0.63	11.7	5	88.0
350.474	1.02	5.49	5.57	0.62	0.87	0.54	9.7	5	89.0
350.869	0.85	5.49	4.66	0.56	0.78	0.44	9.3	5	90.0
351.264	0.86	5.49	4.70	0.46	0.73	0.34	7.2	5	92.0
351.659	0.75	5.49	4.10	0.40	0.63	0.25	6.1	5	93.0
352.054	0.92	5.49	5.06	0.32	0.57	0.18	3.6	5	94.0
352.449	33.33	0.90	30.07	0.05	0.25	0.01	0.0	5	0.0
352.845	39.20	0.09	3.55	0.42	0.70	0.30	8.3	5	1.0
353.240	39.40	0.09	3.42	0.98	1.24	1.22	35.5	5	3.0
353.636	39.30	0.13	5.18	1.45	1.74	2.53	48.8	5	4.0
354.032	39.25	0.18	7.23	1.78	2.10	3.74	51.7	5	5.0
354.428	39.22	0.24	9.22	2.11	2.47	5.20	56.4	5	6.0
354.824	39.19	0.33	12.81	2.61	2.95	7.71	60.2	5	8.0
355.221	39.11	0.42	16.53	3.08	3.44	10.61	64.2	5	9.0
355.619	38.99	0.53	20.48	3.43	3.83	13.14	64.1	5	10.0
356.018	38.77	0.64	24.90	3.78	4.26	16.11	64.7	5	12.0
356.417	38.63	0.83	31.90	4.34	4.82	20.90	65.5	5	13.0
356.816	38.21	1.00	38.22	4.77	5.28	25.21	66.0	5	14.0
357.215	38.06	1.17	44.36	5.20	5.72	29.79	67.2	5	15.0
357.614	37.56	1.37	51.48	5.62	6.16	34.62	67.3	5	17.0
358.013	37.34	1.65	61.72	6.18	6.74	41.61	67.4	5	18.0
358.412	36.97	1.90	70.26	6.56	7.16	47.01	66.9	5	19.0
358.811	36.58	2.13	77.97	6.95	7.53	52.32	67.1	5	20.0
359.210	35.91	2.46	88.46	7.40	8.04	59.45	67.2	5	22.0
359.609	35.43	2.80	99.25	7.84	8.50	66.66	67.2	5	23.0
360.008	34.81	3.12	108.50	8.21	8.89	73.02	67.3	5	24.0
360.408	34.42	3.41	117.46	8.53	9.23	78.68	67.0	5	25.0
360.808	33.31	3.85	128.28	8.89	9.60	85.35	66.5	5	27.0
361.208	32.18	4.22	135.85	9.20	9.91	91.22	67.2	5	28.0
361.608	31.08	4.55	141.42	9.38	10.10	94.68	66.9	5	29.0
362.009	30.07	4.82	144.83	9.47	10.17	96.27	66.5	5	31.0
362.410	27.85	5.13	142.98	9.43	10.12	95.39	66.7	5	32.0
362.811	26.14	5.29	138.15	9.23	9.91	91.52	66.2	5	33.0
363.211	23.92	5.37	128.38	8.89	9.59	85.28	66.4	5	34.0
363.611	21.76	5.40	117.57	8.47	9.14	77.46	65.9	5	36.0
364.011	19.48	5.42	105.59	8.02	8.62	69.10	65.4	5	37.0
364.411	17.66	5.43	95.98	7.61	8.28	62.97	65.6	5	38.0
364.810	16.39	5.44	89.19	7.31	7.92	57.93	65.0	5	39.0
365.209	14.65	5.44	79.69	6.90	7.50	51.78	65.0	5	41.0
365.608	13.38	5.43	72.65	6.55	7.11	46.59	64.1	5	42.0
366.007	12.47	5.44	67.83	6.26	6.80	42.61	62.8	5	43.0
366.406	11.27	5.45	61.36	6.01	6.52	39.14	63.8	5	44.0
366.805	10.16	5.45	55.32	5.63	6.17	34.74	62.8	5	46.0
367.204	9.39	5.45	51.13	5.34	5.85	31.25	61.1	5	47.0
367.602	8.60	5.45	46.83	5.12	5.63	28.79	61.5	5	48.0
368.000	7.94	5.46	43.31	4.91	5.35	26.24	60.6	5	50.0
368.398	7.16	5.45	38.99	4.62	5.11	23.61	60.6	5	51.0
368.796	6.72	5.45	36.64	4.42	4.85	21.43	58.5	5	52.0
369.194	6.26	5.46	34.18	4.22	4.69	19.76	57.8	5	53.0
369.592	5.74	5.47	31.37	4.00	4.44	17.78	56.7	5	55.0
369.990	5.11	5.45	27.87	3.79	4.23	16.05	57.6	5	56.0
370.388	4.90	5.46	26.76	3.62	4.02	14.52	54.3	5	57.0
370.786	4.53	5.46	24.73	3.43	3.87	13.27	53.6	5	58.0
371.184	4.25	5.47	23.24	3.26	3.68	11.99	51.6	5	60.0
371.582	3.94	5.46	21.51	3.10	3.48	10.81	50.3	5	61.0
371.980	3.55	5.46	19.41	2.95	3.34	9.84	50.7	5	62.0
372.377	3.17	5.48	17.35	2.80	3.19	8.91	51.4	5	63.0
372.774	3.15	5.47	17.20	2.65	2.99	7.90	45.9	5	65.0
373.171	2.79	5.47	15.26	2.48	2.83	7.01	45.9	5	66.0
373.568	2.64	5.46	14.39	2.36	2.69	6.33	44.0	5	67.0
373.965	2.47	5.49	13.53	2.25	2.57	5.79	42.8	5	68.0
374.362	2.30	5.47	12.62	2.08	2.43	5.07	40.2	5	70.0
374.759	2.16	5.45	11.76	1.98	2.30	4.55	38.7	5	71.0
375.156	2.11	5.46	11.52	1.89	2.22	4.18	36.3	5	72.0
375.553	1.78	5.48	9.76	1.76	2.08	3.67	37.6	5	74.0
375.949	1.92	5.46	10.46	1.65	1.95	3.21	30.7	5	75.0
376.346	1.45	5.48	7.92	1.52	1.81	2.75	34.6	5	76.0
376.742	1.75	5.46	9.53	1.44	1.73	2.48	26.1	5	77.0
377.138	1.50	5.48	8.25	1.32	1.63	2.15	26.1	5	79.0
377.534	1.43	5.46	7.79	1.21	1.53	1.86	23.9	5	80.0
377.930	1.32	5.46	7.20	1.16	1.42	1.64	22.8	5	81.0
378.326	1.22	5.46	6.69	1.06	1.32	1.40	20.9	5	82.0
378.722	1.14	5.46	6.24	0.99	1.24	1.23	19.7	5	84.0
379.118	1.01	5.48	5.52	0.90	1.16	1.05	19.0	5	85.0
379.514	1.14	5.49	6.26	0.80	1.07	0.86	13.8	5	86.0
379.910	0.94	5.48	5.17	0.72	1.01	0.72	14.0	5	87.0
380.306	1.02	5.48	5.59	0.66	0.88	0.58	10.4	5	89.0
380.702	1.01	5.48	5.56	0.57	0.81	0.47	8.4	5	90.0
381.097	0.94	5.49	5.15	0.51	0.73	0.37	7.2	5	91.0
381.492	0.81	5.48	4.42	0.43	0.71	0.31	6.9	5	92.0
381.887	0.87	5.49	4.76	0.37	0.57	0.21	4.4	5	94.0
382.282	13.76	3.63	49.92	0.20	0.48	0.10	0.2	5	0.0
382.678	38.63	0.18	6.97	0.33	0.61	0.20	2.8	5	1.0
383.073	39.41	0.07	2.93	0.75	1.02	0.77	26.1	5	2.0
383.469	39.54	0.12	4.68	1.23	1.51	1.86	39.6	5	3.0
383.865	39.26	0.16	6.25	1.65	1.94	3.20	51.1	5	5.0
384.261	39.31	0.22	8.77	2.04	2.37	4.82	55.0	5	6.0
384.657	39.25	0.30	11.69	2.42	2.78	6.73	57.6	5	7.0
385.054	39.12	0.37	14.64	2.79	3.16	8.82	60.3	5	8.0
385.451	38.97	0.49	19.00	3.28	3.68	12.08	63.6	5	10.0
385.850	38.79	0.62	23.99	3.72	4.15	15.45	64.4	5	11.0
386.249	38.70	0.74	28.81	4.11	4.57	18.76	65.1	5	12.0
386.648	38.67	0.91	35.32	4.53	5.01	22.71	64.3	5	14.0
387.047	38.03	1.14	43.23	5.05	5.52	27.91	64.6	5	15.0
387.446	37.85	1.32	50.15	5.54	6.02	33.34	66.5	5	16.0
387.845	37.37	1.53	57.09	5.92	6.43	38.06	66.7	5	17.0
388.244	37.12	1.77	65.53	6.33	6.92	43.84	66.9	5	19.0
388.643	36.66	2.07	75.78	6.83	7.39	50.54	66.7	5	20.0
389.042	36.31	2.34	85.04	7.26	7.81	56.65	66.6	5	21.0
389.441	35.69	2.60	92.90	7.61	8.24	62.72	67.5	5	22.0
389.840	35.26	2.97	104.72	8.04	8.77	70.50	67.3	5	24.0
390.240	34.30	3.34	114.69	8.43	9.11	76.78	66.9	5	25.0
390.640	33.58	3.68	123.75	8.77	9.45	82.91	67.0	5	26.0
391.040	32.90	3.99	131.11	9.06	9.72	88.01	67.1	5	27.0
391.440	31.62	4.41	139.41	9.33	10.01	93.36	67.0	5	29.0
391.841	30.27	4.75	143.82	9.47	10.15	96.14	66.8	5	30.0
392.242	28.95	5.01	144.94	9.47	10.18	96.37	66.5	5	31.0
392.643	27.15	5.20	141.21	9.38	10.05	94.27	66.8	5	33.0
393.044	24.65	5.34	131.59	8.97	9.69	86.91	66.0	5	34.0
393.444	22.44	5.37	120.45	8.60	9.27	79.68	66.2	5	35.0
393.844	20.49	5.40	110.73	8.23	8.88	73.12	66.0	5	36.0
394.244	18.56	5.40	100.30	7.78	8.42	65.52	65.3	5	38.0
394.644	16.52	5.44	89.86	7.41	8.01	59.35	66.1	5	39.0
395.043	15.28	5.43	82.98	7.06	7.64	53.98	65.0	5	40.0
395.442	14.23	5.42	77.19	6.74	7.34	49.51	64.1	5	41.0
395.841	12.75	5.45	69.42	6.36	6.96	44.26	63.8	5	43.0
396.240	11.54	5.42	62.60	6.03	6.63	39.98	63.9	5	44.0
396.639	10.65	5.43	57.81	5.80	6.32	36.62	63.3	5	45.0
397.038	9.83	5.44	53.54	5.52	6.07	33.48	62.5	5	47.0
397.436	8.92	5.44	48.47	5.22	5.71	29.83	61.5	5	48.0
397.834	8.10	5.44	44.03	4.96	5.47	27.10	61.5	5	49.0
398.232	7.73	5.45	42.12	4.75	5.21	24.75	58.7	5	50.0
398.630	6.94	5.45	37.85	4.53	5.01	22.68	59.9	5	52.0
399.028	6.25	5.46	34.12	4.28	4.73	20.25	59.3	5	53.0
399.426	5.80	5.46	31.66	4.06	4.53	18.37	58.0	5	54.0
399.824	5.57	5.46	30.41	3.89	4.34	16.88	55.5	5	55.0
400.222	4.99	5.46	27.28	3.68	4.13	15.19	55.7	5	57.0
400.620	4.65	5.45	25.33	3.50	3.92	13.73	54.2	5	58.0
401.018	4.23	5.46	23.10	3.30	3.73	12.32	53.3	5	59.0
401.416	4.17	5.46	22.74	3.18	3.57	11.36	49.9	5	60.0
401.814	3.54	5.47	19.38	2.99	3.41	10.21	52.7	5	62.0
402.212	3.49	5.46	19.06	2.82	3.24	9.16	48.0	5	63.0
402.609	2.98	5.46	16.30	2.69	3.07	8.28	50.8	5	64.0
403.006	2.93	5.46	15.98	2.58	2.91	7.51	47.0	5	65.0
403.403	2.59	5.46	14.18	2.43	2.74	6.67	47.0	5	67.0
403.800	2.56	5.46	13.95	2.28	2.62	5.97	42.8	5	68.0
404.197	2.25	5.45	12.29	2.16	2.54	5.48	44.6	5	69.0
404.594	2.31	5.46	12.58	2.05	2.41	4.93	39.2	5	70.0
404.991	1.99	5.46	10.87	1.91	2.21	4.22	38.9	5	72.0
405.388	1.82	5.47	9.92	1.79	2.11	3.78	38.1	5	73.0
405.784	1.86	5.47	10.18	1.69	1.96	3.32	32.6	5	74.0
406.181	1.72	5.46	9.38	1.60	1.92	3.08	32.8	5	76.0
406.577	1.42	5.47	7.74	1.47	1.74	2.56	33.1	5	77.0
406.973	1.45	5.47	7.93	1.37	1.66	2.26	28.6	5	78.0
407.369	1.35	5.45	7.38	1.28	1.53	1.96	26.6	5	79.0
407.765	1.28	5.47	6.97	1.21	1.46	1.77	25.4	5	81.0
408.161	1.23	5.46	6.74	1.08	1.36	1.47	21.7	5	82.0
408.557	1.23	5.45	6.71	1.01	1.28	1.29	19.2	5	83.0
408.953	1.07	5.46	5.82	0.93	1.17	1.10	18.8	5	84.0
409.349	0.90	5.46	4.92	0.85	1.10	0.93	19.0	5	86.0
409.745	1.13	5.45	6.17	0.77	1.01	0.78	12.6	5	87.0
410.141	0.99	5.45	5.40	0.67	0.94	0.63	11.6	5	88.0
410.537	1.04	5.46	5.66	0.62	0.85	0.53	9.4	5	89.0
410.932	0.87	5.46	4.75	0.55	0.79	0.43	9.1	5	91.0
411.327	0.96	5.44	5.20	0.49	0.72	0.35	6.8	5	92.0
411.722	0.96	5.46	5.27	0.39	0.63	0.25	4.7	5	93.0
412.117	0.83	5.44	4.52	0.36	0.57	0.20	4.5	5	94.0
412.512	35.69	0.56	20.04	0.02	0.26	0.01	0.0	5	0.0
412.908	39.43	0.08	3.06	0.57	0.83	0.47	15.4	5	2.0
413.304	39.45	0.11	4.18	1.08	1.39	1.50	35.8	5	3.0
413.700	39.49	0.14	5.57	1.49	1.82	2.70	48.5	5	4.0
414.096	39.39	0.19	7.39	1.79	2.10	3.74	50.7	5	5.0
414.492	39.27	0.26	10.13	2.24	2.58	5.78	57.0	5	7.0
414.889	39.03	0.35	13.66	2.69	3.07	8.26	60.5	5	8.0
415.286	39.09	0.45	17.62	3.08	3.49	10.75	61.0	5	9.0
415.684	38.85	0.55	21.27	3.44	3.86	13.27	62.4	5	10.0
416.083	38.82	0.70	27.19	3.96	4.41	17.45	64.2	5	12.0
416.482	38.54	0.86	33.22	4.42	4.86	21.46	64.6	5	13.0
416.881	38.31	1.02	39.16	4.86	5.33	25.91	66.2	5	14.0
417.280	38.04	1.19	45.45	5.25	5.73	30.07	66.2	5	16.0
417.679	37.66	1.45	54.51	5.80	6.30	36.57	67.1	5	17.0
418.078	37.23	1.69	62.77	6.24	6.73	41.96	66.8	5	18.0
418.477	36.85	1.91	70.44	6.60	7.17	47.27	67.1	5	19.0
418.876	36.63	2.17	79.32	7.01	7.58	53.16	67.0	5	21.0
419.275	35.86	2.52	90.29	7.48	8.11	60.67	67.2	5	22.0
419.674	35.38	2.82	99.87	7.90	8.47	66.92	67.0	5	23.0
420.073	34.64	3.14	108.72	8.23	8.87	73.00	67.1	5	24.0
420.473	33.89	3.52	119.16	8.66	9.29	80.44	67.5	5	26.0
420.873	33.01	3.90	128.63	8.99	9.64	86.73	67.4	5	27.0
421.273	32.19	4.24	136.52	9.23	9.89	91.27	66.9	5	28.0
421.673	31.03	4.55	141.09	9.39	10.08	94.68	67.1	5	29.0
422.074	29.48	4.87	143.71	9.47	10.13	95.93	66.7	5	31.0
422.475	27.35	5.13	140.31	9.35	10.06	94.13	67.1	5	32.0
422.876	25.66	5.26	134.85	9.17	9.83	90.14	66.8	5	33.0
423.276	23.67	5.32	125.97	8.78	9.50	83.40	66.2	5	35.0
423.676	21.19	5.37	113.71	8.31	8.95	74.38	65.4	5	36.0
424.076	19.13	5.37	102.77	7.90	8.55	67.57	65.8	5	37.0
424.476	17.75	5.38	95.56	7.55	8.19	61.82	64.7	5	38.0
424.875	15.83	5.39	85.32	7.17	7.79	55.84	65.4	5	40.0
425.274	14.36	5.39	77.37	6.79	7.39	50.11	64.8	5	41.0
425.673	13.14	5.41	71.04	6.48	7.04	45.66	64.3	5	42.0
426.072	12.23	5.41	66.09	6.21	6.76	41.96	63.5	5	43.0
426.471	10.90	5.40	58.91	5.85	6.40	37.46	63.6	5	45.0
426.870	10.00	5.41	54.09	5.55	6.06	33.59	62.1	5	46.0
427.269	9.21	5.41	49.83	5.28	5.82	30.74	61.7	5	47.0
427.667	8.53	5.41	46.18	5.07	5.61	28.45	61.6	5	49.0
428.065	7.67	5.43	41.64	4.76	5.27	25.07	60.2	5	50.0
428.463	7.21	5.42	39.12	4.55	5.08	23.11	59.1	5	51.0
428.861	6.56	5.42	35.55	4.35	4.84	21.07	59.3	5	52.0
429.259	6.17	5.42	33.46	4.15	4.60	19.13	57.2	5	54.0
429.657	5.42	5.43	29.39	3.91	4.36	17.08	58.1	5	55.0
430.055	5.18	5.43	28.14	3.75	4.17	15.66	55.6	5	56.0
430.453	4.57	5.43	24.81	3.56	4.02	14.30	57.6	5	57.0
430.851	4.41	5.44	24.00	3.40	3.80	12.91	53.8	5	59.0
431.249	4.04	5.45	22.01	3.20	3.60	11.53	52.4	5	60.0
431.647	3.65	5.44	19.85	3.04	3.48	10.58	53.3	5	61.0
432.045	3.56	5.44	19.38	2.90	3.31	9.60	49.5	5	62.0
432.442	3.26	5.44	17.76	2.72	3.12	8.51	47.9	5	64.0
432.839	2.85	5.44	15.51	2.61	2.95	7.69	49.6	5	65.0
433.236	2.72	5.44	14.78	2.46	2.81	6.90	46.7	5	66.0
433.633	2.57	5.44	13.99	2.36	2.69	6.34	45.3	5	67.0
434.030	2.25	5.43	12.24	2.20	2.56	5.63	46.0	5	69.0
434.427	2.13	5.44	11.57	2.08	2.38	4.94	42.7	5	70.0
434.824	2.04	5.46	11.16	1.95	2.28	4.46	40.0	5	71.0
435.221	1.88	5.45	10.23	1.85	2.16	3.99	39.0	5	72.0
435.618	1.72	5.44	9.38	1.72	2.04	3.52	37.5	5	74.0
436.014	1.73	5.45	9.43	1.62	1.90	3.08	32.6	5	75.0
436.410	1.65	5.44	8.96	1.49	1.85	2.75	30.8	5	76.0
436.806	1.60	5.44	8.69	1.43	1.72	2.46	28.3	5	78.0
437.202	1.52	5.43	8.29	1.28	1.61	2.07	24.9	5	79.0
437.598	1.46	5.44	7.97	1.21	1.50	1.82	22.8	5	80.0
437.994	1.28	5.44	6.97	1.13	1.42	1.60	23.0	5	81.0
438.390	1.32	5.45	7.17	1.07	1.33	1.41	19.7	5	83.0
438.786	0.99	5.44	5.41	0.94	1.23	1.15	21.2	5	84.0
439.182	1.33	5.45	7.24	0.86	1.11	0.96	13.3	5	85.0
439.578	1.06	5.44	5.78	0.76	1.06	0.81	14.0	5	86.0
439.974	1.09	5.45	5.96	0.70	0.98	0.69	11.5	5	88.0
440.370	1.02	5.45	5.58	0.62	0.89	0.55	9.9	5	89.0
440.765	0.93	5.45	5.09	0.54	0.83	0.45	8.9	5	90.0
441.160	0.92	5.46	5.02	0.50	0.72	0.36	7.2	5	91.0
441.555	1.00	5.46	5.45	0.42	0.68	0.29	5.2	5	93.0
441.950	0.76	5.45	4.17	0.35	0.59	0.20	4.9	5	94.0
442.345	24.00	2.20	52.79	0.11	0.36	0.04	0.1	5	0.0
442.741	38.99	0.11	4.38	0.37	0.61	0.23	5.2	5	1.0
443.136	39.37	0.08	3.01	0.81	1.04	0.85	28.2	5	2.0
443.532	39.37	0.12	4.77	1.29	1.57	2.03	42.6	5	4.0
443.928	39.38	0.17	6.64	1.70	2.03	3.45	52.0	5	5.0
444.324	39.39	0.22	8.56	2.08	2.39	4.98	58.1	5	6.0
444.720	39.19	0.29	11.45	2.44	2.80	6.83	59.6	5	7.0
445.117	39.04	0.39	15.30	2.92	3.28	9.56	62.5	5	9.0
445.514	38.92	0.51	19.80	3.38	3.76	12.71	64.2	5	10.0
445.913	38.84	0.62	24.09	3.77	4.20	15.84	65.7	5	11.0
446.312	38.64	0.76	29.17	4.15	4.60	19.07	65.4	5	12.0
446.711	38.48	0.96	36.87	4.68	5.15	24.09	65.3	5	14.0
447.110	38.03	1.14	43.55	5.14	5.62	28.91	66.4	5	15.0
447.509	37.75	1.34	50.47	5.55	6.05	33.59	66.6	5	16.0
447.908	37.62	1.54	57.87	5.95	6.51	38.76	67.0	5	18.0
448.307	37.20	1.81	67.48	6.46	7.03	45.47	67.4	5	19.0
448.706	36.84	2.08	76.61	6.89	7.51	51.73	67.5	5	20.0
449.105	36.29	2.33	84.47	7.27	7.87	57.21	67.7	5	21.0
449.504	35.66	2.65	94.34	7.68	8.31	63.79	67.6	5	23.0
449.903	35.08	3.04	106.54	8.15	8.79	71.66	67.3	5	24.0
450.303	34.32	3.36	115.35	8.51	9.16	77.99	67.6	5	25.0
450.703	33.72	3.69	124.42	8.79	9.45	83.08	66.8	5	26.0
451.103	32.54	4.08	132.83	9.12	9.80	89.34	67.3	5	28.0
451.503	31.55	4.46	140.69	9.36	10.02	93.82	66.7	5	29.0
451.904	30.21	4.74	143.32	9.46	10.15	96.01	67.0	5	30.0
452.305	29.03	4.98	144.54	9.46	10.13	95.83	66.3	5	31.0
452.706	26.47	5.21	137.77	9.23	9.94	91.79	66.6	5	33.0
453.106	24.32	5.30	128.98	8.90	9.64	85.73	66.5	5	34.0
453.506	22.16	5.35	118.65	8.53	9.22	78.62	66.3	5	35.0
453.906	20.44	5.36	109.56	8.15	8.82	71.86	65.6	5	37.0
454.306	18.02	5.39	97.18	7.68	8.30	63.71	65.6	5	38.0
454.705	16.49	5.39	88.90	7.31	7.94	58.00	65.2	5	39.0
455.104	15.20	5.41	82.18	7.01	7.60	53.25	64.8	5	40.0
455.503	13.90	5.40	75.03	6.66	7.22	48.04	64.0	5	42.0
455.902	12.35	5.42	66.90	6.28	6.89	43.26	64.7	5	43.0
456.301	11.50	5.42	62.30	5.99	6.56	39.27	63.0	5	44.0
456.700	10.47	5.42	56.72	5.74	6.28	36.10	63.6	5	45.0
457.099	9.61	5.43	52.15	5.44	5.94	32.30	61.9	5	47.0
457.497	8.64	5.42	46.81	5.14	5.64	29.02	62.0	5	48.0
457.895	8.06	5.43	43.79	4.92	5.43	26.72	61.0	5	49.0
458.293	7.47	5.43	40.55	4.72	5.20	24.58	60.6	5	50.0
458.691	6.69	5.43	36.34	4.47	4.93	22.05	60.7	5	52.0
459.089	6.18	5.44	33.60	4.23	4.67	19.76	58.8	5	53.0
459.487	5.75	5.44	31.27	4.06	4.51	18.34	58.7	5	54.0
459.885	5.28	5.45	28.79	3.85	4.31	16.61	57.7	5	56.0
460.283	4.99	5.44	27.19	3.64	4.10	14.94	54.9	5	57.0
460.681	4.49	5.44	24.43	3.45	3.89	13.41	54.9	5	58.0
461.079	4.21	5.45	22.93	3.31	3.75	12.44	54.2	5	59.0
461.477	3.85	5.45	21.02	3.16	3.53	11.17	53.2	5	61.0
461.875	3.55	5.44	19.32	2.97	3.38	10.04	52.0	5	62.0
462.273	3.31	5.46	18.07	2.82	3.20	9.02	49.9	5	63.0
462.670	2.92	5.45	15.89	2.70	3.07	8.28	52.1	5	64.0
463.067	2.86	5.45	15.60	2.53	2.89	7.32	46.9	5	66.0
463.464	2.68	5.45	14.57	2.36	2.77	6.53	44.8	5	67.0
463.861	2.47	5.45	13.45	2.25	2.61	5.88	43.7	5	68.0
464.258	2.27	5.44	12.33	2.11	2.50	5.26	42.6	5	69.0
464.655	2.18	5.45	11.87	2.02	2.36	4.76	40.1	5	71.0
465.052	2.04	5.46	11.15	1.89	2.23	4.22	37.8	5	72.0
465.449	2.02	5.45	10.98	1.79	2.10	3.75	34.1	5	73.0
465.846	1.82	5.45	9.90	1.68	1.99	3.35	33.9	5	74.0
466.242	1.81	5.45	9.87	1.55	1.86	2.89	29.3	5	76.0
466.638	1.56	5.46	8.52	1.44	1.76	2.53	29.7	5	77.0
467.034	1.66	5.45	9.04	1.35	1.68	2.26	25.0	5	78.0
467.430	1.38	5.45	7.53	1.26	1.57	1.97	26.1	5	80.0
467.826	1.41	5.44	7.65	1.17	1.44	1.69	22.1	5	81.0
468.222	1.28	5.47	6.98	1.06	1.37	1.45	20.8	5	82.0
468.618	1.29	5.47	7.03	1.00	1.27	1.27	18.0	5	83.0
469.014	1.15	5.45	6.29	0.91	1.19	1.08	17.2	5	85.0
469.410	1.15	5.45	6.24	0.82	1.09	0.89	14.3	5	86.0
469.806	1.15	5.46	6.27	0.72	1.02	0.73	11.6	5	87.0
470.202	1.10	5.45	5.97	0.68	0.94	0.64	10.7	5	88.0
470.598	0.97	5.46	5.32	0.60	0.83	0.50	9.4	5	90.0
470.993	0.88	5.45	4.82	0.51	0.77	0.39	8.1	5	91.0
471.388	0.93	5.45	5.07	0.47	0.68	0.32	6.2	5	92.0
471.783	0.88	5.45	4.78	0.40	0.64	0.25	5.3	5	93.0
472.178	0.75	5.44	4.08	0.35	0.55	0.19	4.7	5	95.0
472.573	37.23	0.36	13.42	0.11	0.34	0.04	0.3	5	1.0
472.969	39.41	0.08	3.04	0.65	0.92	0.60	19.7	5	2.0
473.365	39.37	0.10	3.80	1.15	1.49	1.71	45.1	5	3.0
473.761	39.44	0.15	6.04	1.54	1.84	2.83	46.9	5	4.0
474.157	39.48	0.19	7.68	1.88	2.21	4.16	54.1	5	6.0
474.553	39.23	0.27	10.45	2.32	2.68	6.22	59.5	5	7.0
474.950	38.96	0.35	13.74	2.73	3.16	8.60	62.6	5	8.0
475.347	39.25	0.45	17.73	3.12	3.54	11.05	62.3	5	9.0
475.745	38.94	0.57	22.20	3.55	4.01	14.24	64.1	5	11.0
476.144	38.84	0.72	27.85	4.05	4.52	18.31	65.8	5	12.0
476.543	38.51	0.85	32.82	4.47	4.93	22.04	67.2	5	13.0
476.942	38.37	1.02	39.12	4.89	5.37	26.23	67.1	5	14.0
477.341	37.82	1.25	47.38	5.39	5.95	32.05	67.7	5	16.0
477.740	37.77	1.49	56.34	5.88	6.38	37.52	66.6	5	17.0
478.139	37.30	1.71	63.64	6.26	6.83	42.78	67.2	5	18.0
478.538	36.99	1.94	71.81	6.66	7.21	48.04	66.9	5	20.0
478.937	36.31	2.26	82.18	7.15	7.76	55.49	67.5	5	21.0
479.336	35.88	2.55	91.45	7.57	8.19	61.96	67.8	5	22.0
479.735	35.31	2.85	100.53	7.92	8.59	68.01	67.6	5	23.0
480.135	34.84	3.18	110.85	8.30	8.97	74.45	67.2	5	25.0
480.535	33.76	3.60	121.48	8.71	9.41	81.93	67.4	5	26.0
480.935	33.03	3.93	129.81	9.01	9.72	87.54	67.4	5	27.0
481.335	31.96	4.27	136.47	9.24	9.95	91.91	67.4	5	28.0
481.735	30.71	4.63	142.14	9.42	10.08	94.94	66.8	5	30.0
482.136	29.11	4.93	143.55	9.45	10.15	95.91	66.8	5	31.0
482.537	27.44	5.14	141.04	9.37	10.03	94.01	66.7	5	32.0
482.938	25.50	5.26	134.17	9.12	9.80	89.41	66.6	5	34.0
483.338	22.90	5.33	122.09	8.64	9.35	80.75	66.1	5	35.0
483.738	20.73	5.36	111.11	8.23	8.88	73.09	65.8	5	36.0
484.138	19.10	5.37	102.53	7.88	8.48	66.77	65.1	5	37.0
484.538	17.23	5.38	92.70	7.48	8.09	60.55	65.3	5	39.0
484.937	15.54	5.39	83.82	7.07	7.67	54.20	64.7	5	40.0
485.336	14.18	5.38	76.29	6.78	7.28	49.35	64.7	5	41.0
485.735	13.12	5.40	70.78	6.46	7.01	45.28	64.0	5	42.0
486.134	11.87	5.39	63.98	6.11	6.65	40.63	63.5	5	44.0
486.533	10.71	5.40	57.85	5.80	6.34	36.77	63.6	5	45.0
486.932	9.88	5.41	53.40	5.51	6.00	33.11	62.0	5	46.0
487.330	9.18	5.40	49.55	5.26	5.83	30.71	62.0	5	47.0
487.728	8.25	5.41	44.61	5.01	5.48	27.46	61.6	5	49.0
488.126	7.48	5.41	40.47	4.74	5.24	24.85	61.4	5	50.0
488.524	7.09	5.42	38.43	4.54	5.02	22.81	59.3	5	51.0
488.922	6.53	5.42	35.40	4.36	4.83	21.08	59.5	5	52.0
489.320	5.89	5.42	31.95	4.10	4.54	18.59	58.2	5	54.0
489.718	5.55	5.43	30.14	3.91	4.38	17.12	56.8	5	55.0
490.116	5.14	5.43	27.91	3.72	4.18	15.54	55.7	5	56.0
490.514	4.75	5.43	25.79	3.54	3.99	14.12	54.8	5	58.0
490.912	4.36	5.45	23.78	3.36	3.77	12.66	53.2	5	59.0
491.310	3.97	5.43	21.59	3.19	3.62	11.54	53.4	5	60.0
491.708	3.82	5.45	20.81	3.06	3.46	10.59	50.9	5	61.0
492.106	3.42	5.44	18.61	2.91	3.30	9.59	51.5	5	63.0
492.503	3.26	5.44	17.77	2.74	3.11	8.51	47.9	5	64.0
492.900	2.99	5.44	16.26	2.58	2.94	7.58	46.6	5	65.0
493.297	2.86	5.44	15.55	2.44	2.82	6.87	44.2	5	66.0
493.694	2.61	5.45	14.24	2.28	2.68	6.10	42.8	5	68.0
494.091	2.35	5.45	12.80	2.18	2.53	5.52	43.2	5	69.0
494.488	2.20	5.45	11.99	2.05	2.36	4.85	40.4	5	70.0
494.885	2.07	5.45	11.26	1.94	2.28	4.41	39.1	5	71.0
495.282	1.86	5.45	10.16	1.83	2.15	3.93	38.7	5	73.0
495.679	1.75	5.45	9.54	1.69	2.01	3.40	35.7	5	74.0
496.075	1.60	5.46	8.73	1.59	1.92	3.06	35.1	5	75.0
496.471	1.73	5.45	9.45	1.52	1.85	2.81	29.8	5	76.0
496.867	1.33	5.46	7.28	1.38	1.67	2.30	31.6	5	78.0
497.263	1.39	5.46	7.58	1.27	1.59	2.02	26.7	5	79.0
497.659	1.23	5.46	6.70	1.21	1.49	1.81	27.0	5	80.0
498.055	1.29	5.46	7.06	1.14	1.41	1.61	22.8	5	81.0
498.451	1.18	5.46	6.47	1.01	1.28	1.30	20.0	5	83.0
498.847	1.06	5.47	5.82	0.93	1.21	1.13	19.4	5	84.0
499.243	1.06	5.47	5.77	0.87	1.11	0.97	16.7	5	85.0
499.639	1.01	5.46	5.52	0.78	1.06	0.83	15.0	5	87.0
500.035	0.97	5.47	5.33	0.70	0.96	0.67	12.6	5	88.0
500.431	0.87	5.47	4.78	0.65	0.88	0.57	11.9	5	89.0
500.827	1.09	5.47	5.98	0.54	0.79	0.43	7.2	5	90.0
501.222	0.85	5.47	4.62	0.48	0.73	0.35	7.6	5	92.0
501.617	1.03	5.47	5.63	0.41	0.66	0.27	4.9	5	93.0
502.012	0.73	5.46	3.98	0.33	0.60	0.20	5.0	5	94.0
502.407	30.95	1.25	38.66	0.08	0.31	0.02	0.1	5	0.0
502.803	39.22	0.09	3.71	0.43	0.68	0.29	7.9	5	1.0
503.198	39.67	0.08	3.18	0.87	1.15	1.01	31.6	5	3.0
503.594	39.51	0.13	5.12	1.40	1.73	2.43	47.4	5	4.0
503.990	39.48	0.18	6.93	1.78	2.09	3.71	53.5	5	5.0
504.386	39.28	0.23	8.85	2.08	2.42	5.04	57.0	5	6.0
504.782	39.28	0.31	12.09	2.47	2.88	7.13	58.9	5	8.0
505.179	39.09	0.42	16.52	2.98	3.41	10.19	61.7	5	9.0
505.577	38.92	0.52	20.41	3.39	3.82	12.97	63.5	5	10.0
505.976	38.84	0.64	25.04	3.78	4.23	15.97	63.8	5	11.0
506.375	38.71	0.79	30.71	4.27	4.76	20.30	66.1	5	13.0
506.774	38.45	0.99	38.14	4.77	5.24	24.97	65.5	5	14.0
507.173	38.23	1.17	44.82	5.21	5.69	29.66	66.2	5	15.0
507.572	37.87	1.34	50.93	5.56	6.09	33.89	66.5	5	16.0
507.971	37.36	1.62	60.61	6.10	6.66	40.59	67.0	5	18.0
508.370	36.93	1.87	69.16	6.57	7.12	46.83	67.7	5	19.0
508.769	36.66	2.12	77.81	6.94	7.51	52.15	67.0	5	20.0
509.168	36.13	2.38	86.09	7.32	7.93	58.01	67.4	5	22.0
509.567	35.62	2.75	97.93	7.81	8.46	66.05	67.5	5	23.0
509.966	34.93	3.08	107.65	8.20	8.83	72.39	67.2	5	24.0
510.366	34.32	3.41	116.88	8.54	9.21	78.60	67.3	5	25.0
510.766	33.45	3.75	125.48	8.86	9.51	84.31	67.2	5	27.0
511.166	32.49	4.17	135.58	9.18	9.87	90.61	66.8	5	28.0
511.566	31.26	4.52	141.30	9.38	10.05	94.21	66.7	5	29.0
511.967	30.17	4.79	144.56	9.51	10.19	96.89	67.0	5	30.0
512.368	28.26	5.10	144.00	9.44	10.12	95.44	66.3	5	32.0
512.769	26.12	5.26	137.49	9.25	9.92	91.72	66.7	5	33.0
513.169	24.08	5.35	128.94	8.92	9.58	85.43	66.3	5	34.0
513.569	22.21	5.40	119.92	8.57	9.28	79.48	66.3	5	36.0
513.969	19.72	5.41	106.77	8.06	8.69	70.05	65.6	5	37.0
514.369	17.77	5.43	96.56	7.65	8.27	63.32	65.6	5	38.0
514.768	16.47	5.43	89.53	7.32	7.92	58.01	64.8	5	39.0
515.167	15.02	5.44	81.72	7.01	7.58	53.18	65.1	5	41.0
515.566	13.48	5.46	73.58	6.61	7.16	47.28	64.3	5	42.0
515.965	12.47	5.45	67.95	6.28	6.87	43.18	63.5	5	43.0
516.364	11.44	5.44	62.27	6.02	6.54	39.36	63.2	5	44.0
516.763	10.35	5.46	56.47	5.72	6.27	35.87	63.5	5	46.0
517.162	9.49	5.45	51.73	5.42	5.92	32.06	62.0	5	47.0
517.560	8.78	5.46	47.90	5.14	5.66	29.10	60.7	5	48.0
517.958	8.22	5.47	44.97	4.98	5.45	27.14	60.4	5	49.0
518.356	7.47	5.46	40.81	4.68	5.17	24.19	59.3	5	51.0
19.023	38.59	0.07	2.52	0.01	0.23	0.00	0.1	5	0.0
19.417	38.93	0.08	3.01	0.41	0.68	0.28	9.3	5	1.0
19.811	38.69	0.08	3.24	0.78	1.10	0.85	26.4	5	3.0
20.206	38.83	0.15	5.75	1.34	1.63	2.19	38.1	5	4.0
20.601	38.56	0.17	6.72	1.70	2.03	3.47	51.6	5	5.0
20.996	38.59	0.24	9.20	2.03	2.39	4.86	52.8	5	6.0
21.391	38.33	0.31	11.83	2.38	2.77	6.58	55.6	5	8.0
21.787	38.37	0.41	15.82	2.92	3.32	9.68	61.2	5	9.0
22.183	37.93	0.52	19.62	3.28	3.72	12.22	62.3	5	10.0
22.581	37.87	0.64	24.26	3.66	4.10	15.03	61.9	5	11.0
22.979	37.55	0.78	29.42	4.07	4.55	18.53	63.0	5	13.0
23.377	37.34	0.97	36.33	4.59	5.05	23.21	63.9	5	14.0
23.775	36.79	1.14	41.79	4.94	5.46	26.97	64.5	5	15.0
24.173	36.56	1.32	48.12	5.34	5.87	31.35	65.2	5	16.0
24.571	36.01	1.54	55.32	5.81	6.36	36.95	66.8	5	18.0
24.969	35.59	1.80	63.92	6.25	6.78	42.36	66.3	5	19.0
25.367	34.90	2.02	70.40	6.56	7.14	46.89	66.6	5	20.0
25.765	34.24	2.23	76.37	6.87	7.44	51.15	67.0	5	21.0
26.163	33.08	2.54	84.01	7.18	7.77	55.74	66.3	5	23.0
26.561	31.76	2.79	88.62	7.42	8.00	59.38	67.0	5	24.0
26.959	30.10	2.98	89.61	7.48	8.07	60.35	67.3	5	25.0
27.357	28.46	3.11	88.55	7.40	8.00	59.19	66.8	5	27.0
27.755	25.37	3.20	81.23	7.08	7.67	54.31	66.9	5	28.0
28.153	22.87	3.25	74.30	6.77	7.31	49.49	66.6	5	29.0
28.551	20.80	3.25	67.62	6.44	7.00	45.03	66.6	5	30.0
28.949	18.70	3.26	61.01	6.10	6.66	40.60	66.5	5	32.0
29.347	17.01	3.37	57.26	5.90	6.43	37.92	66.2	5	33.0
29.745	16.44	3.61	59.26	6.01	6.52	39.20	66.1	5	34.0
30.143	15.98	3.86	61.76	6.11	6.65	40.64	65.8	5	35.0
30.541	15.58	4.13	64.39	6.22	6.78	42.18	65.5	5	37.0
30.939	14.85	4.45	66.15	6.30	6.85	43.18	65.3	5	38.0
31.337	14.34	4.69	67.23	6.31	6.92	43.65	64.9	5	39.0
31.735	13.74	4.89	67.11	6.33	6.87	43.44	64.7	5	40.0
32.133	12.83	5.10	65.38	6.22	6.80	42.32	64.7	5	42.0
32.531	12.16	5.25	63.86	6.14	6.60	40.52	63.4	5	43.0
32.929	11.27	5.34	60.22	5.89	6.47	38.06	63.2	5	44.0
33.327	10.75	5.41	58.20	5.74	6.27	36.03	61.9	5	45.0
33.725	9.51	5.44	51.71	5.42	5.99	32.49	62.8	5	47.0
34.122	8.79	5.45	47.88	5.16	5.66	29.21	61.0	5	48.0
34.519	8.10	5.44	44.05	4.92	5.42	26.66	60.5	5	49.0
34.916	7.63	5.45	41.56	4.73	5.19	24.55	59.1	5	50.0
35.313	6.68	5.46	36.47	4.46	4.92	21.92	60.1	5	52.0
35.710	6.37	5.48	34.85	4.26	4.71	20.06	57.6	5	53.0
36.107	5.71	5.49	31.34	4.07	4.52	18.41	58.7	5	54.0
36.504	5.43	5.49	29.78	3.90	4.35	17.00	57.1	5	56.0
36.901	4.88	5.49	26.76	3.66	4.09	14.96	55.9	5	57.0
37.298	4.68	5.48	25.63	3.46	3.91	13.56	52.9	5	58.0
37.695	4.08	5.50	22.46	3.32	3.75	12.46	55.5	5	59.0
38.092	3.99	5.50	21.95	3.19	3.56	11.36	51.7	5	61.0
38.489	3.49	5.50	19.22	2.99	3.37	10.07	52.4	5	62.0
38.886	3.31	5.50	18.19	2.83	3.24	9.19	50.5	5	63.0
39.282	3.02	5.50	16.61	2.71	3.06	8.31	50.0	5	64.0
39.678	2.87	5.51	15.83	2.57	2.91	7.47	47.2	5	66.0
40.074	2.62	5.50	14.43	2.42	2.74	6.64	46.0	5	67.0
40.470	2.46	5.51	13.57	2.28	2.62	5.99	44.1	5	68.0
40.866	2.24	5.50	12.35	2.16	2.48	5.35	43.3	5	69.0
41.262	2.08	5.51	11.48	2.03	2.40	4.87	42.4	5	71.0
41.658	2.09	5.52	11.55	1.90	2.21	4.20	36.4	5	72.0
42.054	1.80	5.51	9.91	1.80	2.15	3.85	38.9	5	73.0
42.449	1.87	5.51	10.30	1.71	2.00	3.44	33.3	5	74.0
42.845	1.68	5.49	9.24	1.57	1.90	2.99	32.3	5	76.0
43.240	1.67	5.50	9.18	1.46	1.77	2.59	28.2	5	77.0
43.635	1.55	5.49	8.52	1.35	1.70	2.29	26.9	5	78.0
44.030	1.47	5.49	8.09	1.29	1.59	2.05	25.4	5	79.0
44.425	1.34	5.49	7.36	1.18	1.53	1.80	24.5	5	81.0
44.820	1.31	5.49	7.17	1.07	1.41	1.51	21.1	5	82.0
3.626	38.73	0.05	2.03	0.00	0.30	0.00	0.0	5	0.0
4.019	38.62	0.08	3.06	0.34	0.65	0.22	7.2	5	1.0
4.412	38.66	0.09	3.30	0.74	1.07	0.80	24.2	5	2.0
4.806	38.55	0.12	4.73	1.15	1.53	1.75	37.0	5	4.0
5.200	38.31	0.18	6.72	1.61	1.99	3.20	47.6	5	5.0
5.594	38.28	0.22	8.24	1.97	2.33	4.59	55.7	5	6.0
5.988	38.08	0.29	11.02	2.36	2.75	6.49	58.9	5	7.0
6.383	38.11	0.37	14.26	2.74	3.15	8.62	60.5	5	9.0
6.778	37.89	0.50	18.87	3.19	3.67	11.69	62.0	5	10.0
7.175	37.73	0.62	23.28	3.62	4.10	14.82	63.7	5	11.0
7.572	37.68	0.74	27.80	3.98	4.50	17.91	64.4	5	12.0
7.969	37.36	0.90	33.45	4.45	4.94	21.94	65.6	5	14.0
8.366	36.89	1.09	40.09	4.88	5.44	26.57	66.3	5	15.0
8.763	36.63	1.28	46.85	5.31	5.85	31.11	66.4	5	16.0
9.160	36.12	1.47	52.99	5.67	6.27	35.56	67.1	5	17.0
9.557	35.70	1.72	61.31	6.09	6.70	40.82	66.6	5	19.0
9.954	34.90	1.95	68.00	6.50	7.13	46.38	68.2	5	20.0
10.351	34.22	2.20	75.15	6.84	7.47	51.07	68.0	5	21.0
10.749	33.37	2.42	80.70	7.08	7.71	54.57	67.6	5	22.0
11.147	32.20	2.70	87.05	7.33	7.98	58.53	67.2	5	24.0
11.545	30.33	2.93	88.91	7.41	8.10	60.04	67.5	5	25.0
11.943	28.48	3.09	88.01	7.37	8.07	59.49	67.6	5	26.0
12.341	26.34	3.19	83.93	7.20	7.86	56.52	67.3	5	27.0
12.739	23.58	3.22	75.94	6.83	7.46	50.96	67.1	5	29.0
13.137	20.90	3.24	67.75	6.43	7.11	45.71	67.5	5	30.0
13.535	19.17	3.25	62.27	6.19	6.80	42.11	67.6	5	31.0
13.933	17.36	3.27	56.70	5.87	6.47	37.97	67.0	5	33.0
14.331	16.60	3.53	58.60	5.97	6.55	39.09	66.7	5	34.0
14.729	15.97	3.81	60.90	6.06	6.67	40.46	66.4	5	35.0
15.127	15.57	4.06	63.21	6.17	6.79	41.89	66.3	5	36.0
15.525	15.03	4.32	64.96	6.24	6.87	42.84	65.9	5	38.0
15.923	14.39	4.62	66.47	6.29	6.92	43.49	65.4	5	39.0
16.321	13.70	4.85	66.48	6.33	6.89	43.61	65.6	5	40.0
16.719	13.06	5.03	65.68	6.24	6.89	42.99	65.5	5	41.0
17.117	12.19	5.20	63.44	6.15	6.73	41.39	65.2	5	43.0
17.515	11.42	5.33	60.83	5.94	6.50	38.62	63.5	5	44.0
17.913	10.60	5.39	57.09	5.78	6.27	36.24	63.5	5	45.0
18.311	9.81	5.41	53.10	5.52	6.07	33.50	63.1	5	46.0
18.708	8.88	5.42	48.16	5.20	5.74	29.87	62.0	5	48.0
19.105	8.05	5.43	43.74	4.96	5.49	27.21	62.2	5	49.0
19.502	7.54	5.43	40.95	4.74	5.22	24.76	60.5	5	50.0
19.899	7.01	5.44	38.11	4.56	5.07	23.09	60.6	5	51.0
20.296	6.27	5.45	34.13	4.34	4.78	20.72	60.7	5	53.0
20.693	5.76	5.45	31.38	4.10	4.60	18.86	60.1	5	54.0
21.090	5.41	5.45	29.50	3.88	4.39	17.03	57.7	5	55.0
21.487	5.09	5.46	27.75	3.70	4.23	15.66	56.4	5	57.0
21.884	4.60	5.47	25.19	3.51	4.00	14.06	55.8	5	58.0
22.281	4.34	5.46	23.67	3.34	3.80	12.72	53.7	5	59.0
22.678	3.99	5.47	21.82	3.20	3.64	11.68	53.5	5	60.0
23.075	3.68	5.47	20.10	3.04	3.51	10.69	53.2	5	62.0
23.472	3.48	5.46	19.01	2.87	3.31	9.50	50.0	5	63.0
23.868	3.10	5.48	16.97	2.72	3.15	8.56	50.4	5	64.0
24.264	3.03	5.47	16.56	2.58	3.00	7.73	46.7	5	65.0
24.660	2.69	5.49	14.78	2.44	2.86	6.97	47.2	5	67.0
25.056	2.51	5.49	13.77	2.29	2.69	6.16	44.7	5	68.0
25.452	2.31	5.49	12.69	2.18	2.56	5.57	43.9	5	69.0
25.848	2.33	5.49	12.80	2.06	2.48	5.10	39.9	5	70.0
26.244	2.01	5.50	11.04	1.94	2.33	4.51	40.8	5	72.0
26.640	1.99	5.50	10.93	1.81	2.19	3.98	36.4	5	73.0
27.036	1.73	5.51	9.54	1.70	2.07	3.51	36.8	5	74.0
27.431	1.76	5.51	9.72	1.62	1.99	3.23	33.2	5	75.0
27.826	1.51	5.49	8.29	1.50	1.88	2.82	34.0	5	77.0
28.221	1.55	5.50	8.53	1.41	1.76	2.48	29.1	5	78.0
28.616	1.42	5.50	7.78	1.31	1.65	2.15	27.7	5	79.0
29.011	1.38	5.51	7.61	1.23	1.57	1.93	25.3	5	80.0
29.406	1.25	5.51	6.88	1.12	1.44	1.62	23.5	5	82.0
29.801	1.20	5.50	6.61	1.03	1.39	1.43	21.6	5	83.0
30.196	1.10	5.49	6.06	0.94	1.26	1.19	19.6	5	84.0
30.591	1.00	5.51	5.49	0.86	1.21	1.04	18.8	5	85.0
30.986	1.05	5.52	5.77	0.78	1.09	0.85	14.7	5	87.0
31.381	0.96	5.52	5.29	0.68	1.06	0.72	13.6	5	88.0
31.776	1.00	5.51	5.49	0.63	0.90	0.57	10.3	5	89.0
32.171	0.82	5.51	4.53	0.58	0.86	0.50	11.1	5	90.0
32.566	0.79	5.51	4.37	0.49	0.80	0.40	9.0	5	92.0
32.960	0.80	5.51	4.40	0.40	0.75	0.30	6.7	5	93.0
33.354	0.80	5.51	4.42	0.36	0.66	0.24	5.4	5	94.0
33.748	32.52	0.92	30.05	0.03	0.35	0.01	0.0	5	0.0
63.467	37.76	0.06	2.32	0.00	0.33	0.00	0.0	5	0.0
63.861	37.76	0.08	3.11	0.33	0.66	0.22	6.9	5	1.0
64.255	37.63	0.09	3.53	0.69	1.06	0.73	20.8	5	2.0
64.650	37.72	0.14	5.14	1.13	1.52	1.71	33.4	5	4.0
65.045	37.43	0.19	7.01	1.57	1.99	3.12	44.5	5	5.0
65.440	37.22	0.22	8.34	1.88	2.29	4.32	51.7	5	6.0
65.835	36.94	0.30	11.19	2.24	2.68	6.00	53.6	5	7.0
66.231	36.85	0.37	13.56	2.64	3.05	8.07	59.5	5	9.0
66.627	36.03	0.49	17.50	3.03	3.54	10.75	61.4	5	10.0
67.025	35.14	0.58	20.40	3.35	3.85	12.90	63.2	5	11.0
67.423	35.97	0.72	25.79	3.78	4.36	16.48	63.9	5	12.0
67.821	35.05	0.85	29.76	4.14	4.69	19.41	65.2	5	14.0
68.219	32.31	0.95	30.79	4.25	4.81	20.42	66.3	5	15.0
68.617	28.31	0.99	28.07	4.04	4.57	18.45	65.7	5	16.0
69.015	24.66	1.01	24.79	3.79	4.32	16.39	66.1	5	17.0
69.413	21.16	1.01	21.34	3.53	4.03	14.21	66.6	5	19.0
69.811	18.43	1.03	19.04	3.32	3.84	12.75	67.0	5	20.0
70.209	18.04	1.13	20.47	3.48	3.94	13.73	67.1	5	21.0
70.607	17.64	1.27	22.43	3.64	4.18	15.21	67.8	5	22.0
71.005	17.64	1.47	25.85	3.89	4.44	17.29	66.9	5	24.0
71.403	17.15	1.66	28.41	4.11	4.69	19.27	67.8	5	25.0
71.801	17.25	1.84	31.79	4.33	4.87	21.11	66.4	5	26.0
72.199	16.79	2.02	33.84	4.53	5.09	23.08	68.2	5	28.0
72.597	16.54	2.27	37.61	4.77	5.35	25.53	67.9	5	29.0
72.995	16.33	2.52	41.08	4.99	5.57	27.76	67.6	5	30.0
73.393	16.13	2.73	44.06	5.14	5.71	29.37	66.7	5	31.0
73.791	15.59	2.97	46.26	5.29	5.89	31.14	67.3	5	33.0
74.189	15.33	3.29	50.43	5.52	6.09	33.67	66.8	5	34.0
74.587	14.85	3.55	52.74	5.64	6.24	35.22	66.8	5	35.0
74.985	14.59	3.80	55.49	5.76	6.37	36.69	66.1	5	36.0
75.383	14.10	4.08	57.54	5.91	6.48	38.27	66.5	5	38.0
75.781	13.62	4.39	59.75	5.97	6.61	39.42	66.0	5	39.0
76.179	13.09	4.62	60.48	6.01	6.58	39.52	65.4	5	40.0
76.577	12.50	4.82	60.31	5.99	6.62	39.68	65.8	5	41.0
76.975	11.82	5.04	59.52	5.92	6.51	38.56	64.8	5	43.0
77.373	11.01	5.19	57.16	5.75	6.38	36.73	64.2	5	44.0
77.771	10.37	5.28	54.81	5.65	6.16	34.76	63.4	5	45.0
78.169	9.59	5.34	51.18	5.46	5.98	32.64	63.8	5	46.0
78.566	8.81	5.38	47.38	5.18	5.71	29.58	62.4	5	48.0
78.963	8.11	5.39	43.67	4.89	5.48	26.79	61.4	5	49.0
79.360	7.36	5.40	39.75	4.72	5.22	24.68	62.1	5	50.0
79.757	6.97	5.41	37.70	4.52	5.06	22.87	60.7	5	52.0
80.154	6.30	5.43	34.21	4.29	4.77	20.47	59.8	5	53.0
80.551	5.78	5.42	31.35	4.04	4.59	18.54	59.1	5	54.0
80.948	5.36	5.44	29.19	3.87	4.38	16.96	58.1	5	55.0
81.345	5.03	5.44	27.36	3.72	4.24	15.75	57.6	5	57.0
81.742	4.60	5.43	24.99	3.51	3.98	13.95	55.8	5	58.0
82.139	4.19	5.44	22.79	3.32	3.79	12.60	55.3	5	59.0
82.536	4.05	5.45	22.07	3.19	3.65	11.65	52.8	5	60.0
82.933	3.63	5.44	19.74	3.02	3.49	10.52	53.3	5	62.0
83.330	3.43	5.44	18.67	2.84	3.28	9.32	49.9	5	63.0
83.726	3.09	5.44	16.80	2.68	3.13	8.39	50.0	5	64.0
84.122	3.19	5.44	17.35	2.57	2.98	7.68	44.3	5	65.0
84.518	2.63	5.45	14.31	2.42	2.83	6.84	47.8	5	67.0
84.914	2.53	5.46	13.80	2.27	2.70	6.13	44.4	5	68.0
85.310	2.31	5.47	12.62	2.14	2.55	5.47	43.4	5	69.0
85.706	2.27	5.46	12.39	2.06	2.43	5.02	40.5	5	70.0
86.102	2.05	5.45	11.18	1.92	2.31	4.42	39.6	5	72.0
86.498	1.90	5.45	10.36	1.81	2.19	3.97	38.3	5	73.0
86.894	1.59	5.46	8.67	1.69	2.08	3.53	40.7	5	74.0
87.289	1.79	5.47	9.80	1.60	1.96	3.12	31.9	5	75.0
87.684	1.56	5.46	8.50	1.50	1.85	2.79	32.8	5	77.0
88.079	1.54	5.47	8.41	1.38	1.74	2.41	28.7	5	78.0
88.474	1.43	5.47	7.82	1.30	1.65	2.14	27.3	5	79.0
88.869	1.32	5.47	7.24	1.21	1.56	1.89	26.1	5	80.0
89.264	1.19	5.47	6.52	1.11	1.46	1.61	24.7	5	82.0
89.659	1.21	5.47	6.64	1.02	1.38	1.41	21.2	5	83.0
90.054	1.18	5.48	6.46	0.93	1.27	1.18	18.3	5	84.0
90.449	1.07	5.47	5.87	0.84	1.21	1.02	17.4	5	85.0
90.844	1.03	5.48	5.62	0.80	1.10	0.88	15.6	5	87.0
91.239	0.92	5.47	5.05	0.69	1.04	0.72	14.3	5	88.0
91.634	0.95	5.48	5.23	0.61	0.94	0.58	11.1	5	89.0
92.029	0.85	5.48	4.63	0.56	0.93	0.52	11.3	5	90.0
92.424	1.00	5.48	5.48	0.51	0.81	0.41	7.5	5	92.0
92.818	0.91	5.48	5.00	0.42	0.75	0.31	6.2	5	93.0
93.212	0.88	5.49	4.85	0.36	0.69	0.25	5.2	5	94.0
93.606	31.90	0.93	29.61	0.04	0.38	0.01	0.0	5	0.0
94.001	37.62	0.12	4.33	0.42	0.76	0.32	7.3	5	1.0
94.395	37.67	0.11	4.01	0.89	1.30	1.16	29.0	5	3.0
94.790	37.73	0.15	5.77	1.35	1.75	2.36	41.0	5	4.0
95.185	37.57	0.19	7.22	1.65	2.08	3.43	47.6	5	5.0
95.580	37.52	0.24	9.03	1.97	2.41	4.75	52.6	5	6.0
95.975	37.19	0.34	12.65	2.41	2.88	6.94	54.9	5	8.0
96.371	36.95	0.43	15.76	2.85	3.34	9.50	60.3	5	9.0
96.767	36.68	0.53	19.46	3.18	3.73	11.88	61.0	5	10.0
97.165	36.36	0.62	22.66	3.54	4.05	14.33	63.2	5	11.0
97.563	35.54	0.78	27.77	3.96	4.51	17.85	64.3	5	13.0
97.961	34.21	0.91	31.12	4.22	4.75	20.03	64.4	5	14.0
98.359	20.56	0.63	12.93	2.70	3.16	8.52	65.9	5	15.0
98.756	18.65	0.68	12.76	2.62	3.10	8.14	63.8	5	17.0
99.153	18.39	0.79	14.59	2.90	3.36	9.74	66.7	5	18.0
99.550	18.08	0.93	16.76	3.11	3.57	11.10	66.2	5	19.0
3.743	37.57	0.06	2.43	0.00	0.35	0.00	0.0	5	0.0
4.135	37.44	0.08	3.17	0.38	0.75	0.29	9.1	5	1.0
4.528	37.60	0.11	4.17	0.87	1.25	1.09	26.1	5	3.0
4.922	37.42	0.15	5.80	1.31	1.73	2.27	39.1	5	4.0
5.316	37.18	0.20	7.34	1.63	2.03	3.31	45.1	5	5.0
5.710	37.01	0.24	8.81	1.93	2.39	4.62	52.5	5	6.0
6.104	37.06	0.32	12.02	2.37	2.84	6.73	56.0	5	8.0
6.499	36.77	0.44	16.14	2.79	3.32	9.27	57.5	5	9.0
6.894	36.48	0.54	19.57	3.15	3.71	11.68	59.7	5	10.0
7.291	36.07	0.62	22.24	3.51	4.00	14.04	63.2	5	11.0
7.688	35.50	0.77	27.21	3.90	4.47	17.46	64.2	5	13.0
8.085	34.08	0.89	30.41	4.20	4.73	19.83	65.2	5	14.0
8.482	31.27	0.99	31.05	4.22	4.78	20.14	64.9	5	15.0
8.879	27.62	0.99	27.25	4.02	4.53	18.20	66.8	5	16.0
9.276	23.21	1.02	23.61	3.66	4.22	15.45	65.4	5	18.0
9.673	19.76	1.01	20.03	3.43	3.89	13.33	66.6	5	19.0
10.070	17.97	1.04	18.61	3.26	3.77	12.28	66.0	5	20.0
10.468	17.58	1.15	20.23	3.44	3.95	13.59	67.2	5	22.0
10.866	17.25	1.33	22.97	3.66	4.21	15.41	67.1	5	23.0
11.264	17.21	1.51	25.94	3.91	4.45	17.39	67.1	5	24.0
11.662	16.97	1.66	28.22	4.09	4.67	19.10	67.7	5	25.0
12.060	16.66	1.85	30.80	4.32	4.85	20.97	68.1	5	27.0
12.458	16.37	2.09	34.26	4.53	5.16	23.39	68.3	5	28.0
12.856	16.24	2.28	37.00	4.76	5.30	25.22	68.2	5	29.0
13.254	15.96	2.48	39.52	4.91	5.48	26.86	68.0	5	30.0
13.652	15.58	2.73	42.46	5.07	5.65	28.64	67.5	5	32.0
14.050	14.87	2.95	43.93	5.16	5.75	29.67	67.5	5	33.0
14.448	14.19	3.07	43.59	5.10	5.67	28.97	66.4	5	34.0
14.846	13.38	3.24	43.30	5.09	5.70	29.05	67.1	5	35.0
15.244	12.76	3.38	43.17	5.06	5.66	28.60	66.3	5	37.0
15.642	11.56	3.49	40.39	4.91	5.53	27.16	67.2	5	38.0
16.040	11.06	3.59	39.74	4.84	5.40	26.12	65.7	5	39.0
16.438	10.44	3.70	38.64	4.76	5.34	25.45	65.9	5	40.0
16.836	9.77	3.83	37.38	4.64	5.24	24.31	65.0	5	42.0
17.233	8.66	3.75	32.45	4.31	4.86	20.95	64.6	5	43.0
17.630	6.79	3.18	21.60	3.48	4.01	13.95	64.6	5	44.0
18.027	6.22	3.23	20.09	3.38	3.90	13.20	65.7	5	46.0
18.424	6.07	3.45	20.95	3.41	3.90	13.32	63.6	5	47.0
18.821	5.55	3.47	19.28	3.23	3.77	12.19	63.2	5	48.0
19.218	5.25	3.59	18.81	3.21	3.72	11.93	63.4	5	49.0
19.615	4.89	3.59	17.55	3.07	3.56	10.92	62.2	5	51.0
20.012	4.46	3.57	15.89	2.87	3.38	9.69	61.0	5	52.0
20.408	4.07	3.53	14.37	2.74	3.19	8.74	60.8	5	53.0
20.804	3.67	3.41	12.50	2.51	2.96	7.42	59.4	5	54.0
21.200	3.35	3.35	11.20	2.38	2.76	6.57	58.6	5	56.0
21.596	3.01	3.37	10.16	2.22	2.67	5.94	58.5	5	57.0
21.992	2.88	3.39	9.77	2.13	2.56	5.46	55.9	5	58.0
22.387	2.53	3.35	8.45	2.00	2.43	4.87	57.6	5	59.0
22.782	2.46	3.38	8.33	1.93	2.35	4.53	54.4	5	61.0
23.177	2.32	3.67	8.53	1.98	2.43	4.82	56.5	5	62.0
23.572	1.95	3.20	6.23	1.64	2.06	3.38	54.3	5	63.0
23.967	1.89	3.16	5.98	1.55	1.96	3.04	50.8	5	64.0
24.362	1.66	3.04	5.04	1.40	1.80	2.52	49.9	5	66.0
24.757	1.51	3.17	4.80	1.33	1.80	2.40	49.9	5	67.0
25.152	1.80	4.01	7.23	1.66	2.08	3.47	48.0	5	68.0
25.547	1.80	4.04	7.28	1.58	1.99	3.14	43.2	5	69.0
25.942	1.72	4.04	6.93	1.50	1.89	2.83	40.8	5	71.0
26.337	1.44	4.04	5.81	1.37	1.78	2.43	41.9	5	72.0
26.732	1.68	4.04	6.78	1.30	1.68	2.19	32.2	5	73.0
27.127	1.38	4.05	5.58	1.23	1.62	2.00	35.8	5	74.0
27.522	1.36	4.05	5.51	1.14	1.54	1.76	32.0	5	76.0
27.917	1.10	4.04	4.43	1.05	1.46	1.53	34.6	5	77.0
28.312	0.98	4.06	4.00	0.99	1.40	1.39	34.9	5	78.0
28.707	1.02	4.05	4.12	0.92	1.31	1.20	29.2	5	79.0
29.102	1.03	4.05	4.17	0.87	1.23	1.07	25.7	5	81.0
29.497	0.71	4.04	2.88	0.77	1.16	0.90	31.2	5	82.0
29.892	0.96	4.07	3.89	0.73	1.05	0.77	19.7	5	83.0
30.287	0.57	4.05	2.29	0.65	1.04	0.67	29.4	5	84.0
30.682	0.76	4.04	3.06	0.58	0.97	0.57	18.5	5	86.0
31.077	0.59	4.04	2.36	0.56	0.89	0.50	21.1	5	87.0
31.472	0.65	4.04	2.64	0.49	0.84	0.41	15.6	5	88.0
31.867	0.66	4.04	2.68	0.45	0.76	0.34	12.8	5	89.0
32.262	0.65	4.04	2.61	0.38	0.73	0.28	10.6	5	91.0
32.657	0.63	4.03	2.55	0.33	0.65	0.21	8.3	5	92.0
33.051	0.51	4.04	2.08	0.29	0.64	0.18	8.8	5	93.0
33.445	0.50	4.05	2.02	0.22	0.55	0.12	6.1	5	94.0
33.839	34.55	0.37	12.69	0.00	0.36	0.00	0.0	5	0.0
34.234	37.33	0.10	3.55	0.55	0.88	0.48	13.5	5	2.0
34.629	37.25	0.13	4.81	1.04	1.42	1.47	30.6	5	3.0
35.024	37.27	0.16	5.91	1.37	1.78	2.43	41.2	5	4.0
35.419	37.28	0.19	7.06	1.66	2.08	3.47	49.2	5	5.0
35.814	37.12	0.25	9.44	2.12	2.55	5.41	57.3	5	7.0
36.209	36.85	0.35	12.90	2.49	2.99	7.44	57.7	5	8.0
36.605	36.60	0.44	16.27	2.88	3.38	9.71	59.7	5	9.0
37.001	36.32	0.52	18.80	3.19	3.70	11.82	62.9	5	11.0
37.399	35.86	0.67	24.14	3.66	4.15	15.22	63.1	5	12.0
37.797	34.98	0.81	28.17	4.00	4.53	18.16	64.5	5	13.0
38.195	33.92	0.91	30.99	4.22	4.78	20.16	65.1	5	14.0
38.593	30.77	0.98	30.14	4.19	4.75	19.90	66.0	5	16.0
38.991	25.98	1.00	25.96	3.88	4.45	17.23	66.4	5	17.0
39.389	22.31	1.01	22.46	3.62	4.13	14.95	66.6	5	18.0
39.787	19.59	1.01	19.76	3.39	3.90	13.24	67.0	5	19.0
40.185	17.95	1.05	18.91	3.31	3.83	12.70	67.2	5	21.0
40.583	17.54	1.23	21.65	3.53	4.04	14.27	65.9	5	22.0
40.981	17.29	1.37	23.70	3.72	4.29	15.94	67.3	5	23.0
41.379	17.03	1.53	26.12	3.96	4.47	17.68	67.7	5	24.0
41.777	16.76	1.74	29.13	4.19	4.70	19.68	67.6	5	26.0
42.175	16.61	1.94	32.22	4.41	4.96	21.85	67.8	5	27.0
42.573	16.27	2.13	34.62	4.56	5.13	23.39	67.6	5	28.0
42.971	15.80	2.29	36.16	4.65	5.24	24.35	67.3	5	29.0
43.369	14.71	2.41	35.44	4.62	5.18	23.92	67.5	5	31.0
43.767	14.00	2.54	35.62	4.56	5.15	23.46	65.9	5	32.0
44.165	13.33	2.68	35.73	4.64	5.16	23.94	67.0	5	33.0
44.563	12.52	2.75	34.42	4.51	5.07	22.86	66.4	5	35.0
44.961	11.24	2.81	31.59	4.32	4.87	21.06	66.7	5	36.0
45.359	10.39	2.87	29.77	4.16	4.70	19.57	65.7	5	37.0
45.757	9.64	2.89	27.82	4.02	4.52	18.15	65.2	5	38.0
46.154	8.71	2.91	25.34	3.83	4.38	16.79	66.3	5	40.0
46.551	8.02	2.92	23.39	3.67	4.14	15.17	64.9	5	41.0
46.948	7.27	2.92	21.24	3.48	3.98	13.84	65.2	5	42.0
47.345	7.48	3.28	24.58	3.74	4.27	15.97	65.0	5	43.0
47.742	8.17	3.96	32.32	4.29	4.89	20.99	65.0	5	45.0
48.139	7.37	4.00	29.43	4.11	4.62	18.98	64.5	5	46.0
48.536	7.00	4.01	28.06	3.93	4.47	17.57	62.6	5	47.0
48.933	6.51	4.02	26.19	3.77	4.28	16.12	61.6	5	48.0
49.330	5.86	4.01	23.48	3.54	4.06	14.36	61.2	5	50.0
49.727	5.36	4.02	21.58	3.40	3.89	13.24	61.4	5	51.0
50.124	4.90	4.03	19.77	3.21	3.77	12.11	61.2	5	52.0
50.521	4.66	4.03	18.75	3.11	3.58	11.14	59.4	5	53.0
50.918	4.08	4.03	16.44	2.93	3.38	9.89	60.1	5	55.0
51.314	3.96	4.02	15.91	2.78	3.21	8.91	56.0	5	56.0
51.710	3.46	4.02	13.89	2.63	3.10	8.17	58.8	5	57.0
52.106	3.27	4.03	13.16	2.52	2.97	7.50	57.0	5	58.0
52.502	3.05	4.03	12.28	2.39	2.81	6.72	54.7	5	60.0
52.898	2.90	4.04	11.70	2.26	2.67	6.05	51.7	5	61.0
53.294	2.52	4.03	10.16	2.17	2.58	5.59	55.1	5	62.0
53.690	2.43	4.04	9.82	2.06	2.47	5.08	51.7	5	64.0
54.085	2.10	4.04	8.47	1.93	2.34	4.53	53.5	5	65.0
54.480	2.08	4.05	8.41	1.84	2.23	4.09	48.6	5	66.0
54.875	1.80	4.05	7.30	1.74	2.13	3.71	50.8	5	67.0
55.270	1.83	4.04	7.38	1.65	2.07	3.41	46.2	5	69.0
55.665	1.62	4.05	6.55	1.55	1.93	2.99	45.7	5	70.0
56.060	1.55	4.05	6.28	1.45	1.85	2.68	42.7	5	71.0
56.455	1.32	4.05	5.33	1.37	1.77	2.42	45.3	5	72.0
56.850	1.19	4.05	4.84	1.30	1.69	2.20	45.5	5	74.0
57.245	1.31	4.05	5.29	1.21	1.55	1.87	35.3	5	75.0
57.640	1.12	4.05	4.53	1.11	1.53	1.70	37.6	5	76.0
58.035	1.21	4.04	4.91	1.05	1.41	1.48	30.1	5	77.0
58.430	1.08	4.06	4.37	0.98	1.38	1.36	31.0	5	79.0
58.825	0.93	4.05	3.76	0.90	1.27	1.15	30.6	5	80.0
59.220	0.90	4.04	3.63	0.84	1.23	1.03	28.4	5	81.0
59.615	0.91	4.04	3.66	0.78	1.15	0.90	24.4	5	82.0
60.010	0.77	4.05	3.10	0.70	1.12	0.78	25.2	5	84.0
60.405	0.85	4.04	3.42	0.65	0.99	0.64	18.8	5	85.0
60.800	0.64	4.04	2.58	0.57	0.96	0.55	21.4	5	86.0
61.195	0.76	4.05	3.06	0.55	0.87	0.48	15.7	5	87.0
61.590	0.63	4.04	2.54	0.46	0.84	0.39	15.4	5	89.0
61.985	0.83	4.04	3.37	0.41	0.74	0.30	9.0	5	90.0
62.379	0.50	4.04	2.01	0.35	0.70	0.25	12.3	5	91.0
62.774	0.68	4.04	2.74	0.30	0.66	0.20	7.2	5	92.0
63.168	0.50	4.04	2.04	0.26	0.63	0.16	8.0	5	94.0
63.562	8.77	3.17	27.84	0.17	0.53	0.09	0.3	5	0.0
63.956	36.35	0.20	7.15	0.24	0.58	0.14	1.9	5	1.0
64.350	37.48	0.10	3.58	0.69	1.06	0.73	20.3	5	2.0
64.745	37.38	0.13	4.84	1.12	1.49	1.67	34.6	5	3.0
65.140	37.34	0.17	6.21	1.45	1.88	2.73	43.9	5	5.0
65.535	37.17	0.23	8.57	1.84	2.25	4.14	48.3	5	6.0
65.930	36.94	0.30	11.16	2.21	2.66	5.86	52.6	5	7.0
66.326	36.85	0.35	13.00	2.56	3.03	7.76	59.7	5	8.0
66.722	36.54	0.47	17.00	2.98	3.50	10.45	61.5	5	10.0
67.120	36.06	0.57	20.70	3.40	3.90	13.23	63.9	5	11.0
67.518	35.70	0.69	24.79	3.75	4.30	16.09	64.9	5	12.0
67.916	34.83	0.82	28.45	4.04	4.57	18.46	64.9	5	13.0
68.314	32.78	0.94	30.88	4.26	4.81	20.48	66.3	5	15.0
68.712	28.80	1.00	28.90	4.09	4.62	18.91	65.4	5	16.0
69.110	24.96	1.01	25.11	3.81	4.37	16.65	66.3	5	17.0
69.508	21.89	1.01	22.07	3.60	4.10	14.75	66.9	5	18.0
69.906	18.72	1.02	19.11	3.35	3.83	12.82	67.1	5	20.0
70.304	17.65	1.12	19.69	3.40	3.89	13.23	67.2	5	21.0
70.702	17.35	1.26	21.77	3.56	4.11	14.64	67.2	5	22.0
71.100	17.32	1.40	24.20	3.81	4.30	16.39	67.7	5	24.0
71.498	16.95	1.60	27.12	4.01	4.61	18.48	68.2	5	25.0
71.896	16.82	1.80	30.28	4.30	4.81	20.65	68.2	5	26.0
72.294	16.56	1.96	32.51	4.42	5.01	22.15	68.1	5	27.0
72.692	16.41	2.17	35.52	4.64	5.14	23.85	67.1	5	29.0
73.090	15.82	2.42	38.33	4.84	5.45	26.34	68.7	5	30.0
73.488	15.70	2.65	41.58	5.01	5.58	27.93	67.2	5	31.0
73.886	15.26	2.84	43.40	5.12	5.72	29.33	67.6	5	32.0
74.284	14.88	3.09	46.06	5.27	5.87	30.91	67.1	5	34.0
74.682	14.21	3.33	47.27	5.33	5.90	31.47	66.6	5	35.0
75.080	13.60	3.51	47.72	5.36	5.95	31.88	66.8	5	36.0
75.478	12.99	3.67	47.64	5.35	5.93	31.68	66.5	5	37.0
75.876	12.12	3.80	46.08	5.22	5.81	30.36	65.9	5	39.0
76.274	11.14	3.88	43.18	5.05	5.66	28.56	66.1	5	40.0
76.672	10.52	3.94	41.45	4.88	5.51	26.91	64.9	5	41.0
77.070	9.48	3.96	37.58	4.73	5.28	24.98	66.5	5	42.0
77.467	8.71	3.99	34.73	4.47	5.02	22.45	64.6	5	44.0
77.864	7.90	4.00	31.57	4.23	4.79	20.25	64.1	5	45.0
78.261	7.41	4.00	29.62	4.04	4.63	18.71	63.2	5	46.0
78.658	6.72	4.01	26.92	3.89	4.42	17.18	63.8	5	48.0
79.055	6.12	4.01	24.56	3.67	4.22	15.47	63.0	5	49.0
79.452	5.61	4.02	22.58	3.50	4.02	14.06	62.3	5	50.0
79.849	5.21	4.02	20.95	3.36	3.85	12.92	61.7	5	51.0
80.246	4.82	4.03	19.42	3.20	3.70	11.86	61.1	5	53.0
80.643	4.35	4.03	17.53	3.02	3.52	10.64	60.7	5	54.0
81.040	3.97	4.02	15.94	2.89	3.32	9.61	60.3	5	55.0
81.436	3.77	4.02	15.18	2.74	3.21	8.79	57.9	5	56.0
81.832	3.42	4.06	13.88	2.62	3.09	8.11	58.5	5	58.0
82.228	3.01	4.06	12.21	2.49	2.93	7.30	59.8	5	59.0
82.624	2.87	4.08	11.69	2.37	2.77	6.58	56.2	5	60.0
83.020	2.77	4.06	11.26	2.24	2.71	6.07	53.9	5	61.0
83.416	2.53	4.00	10.10	2.11	2.51	5.29	52.4	5	63.0
83.812	2.20	4.01	8.84	1.97	2.45	4.83	54.7	5	64.0
84.207	2.17	4.01	8.71	1.89	2.32	4.38	50.3	5	65.0
84.602	1.98	4.03	7.98	1.81	2.24	4.05	50.7	5	66.0
84.997	1.91	4.02	7.68	1.69	2.11	3.55	46.2	5	68.0
85.392	1.73	4.02	6.95	1.60	2.00	3.20	46.0	5	69.0
85.787	1.65	4.03	6.65	1.52	1.90	2.88	43.4	5	70.0
86.182	1.61	4.03	6.48	1.42	1.83	2.60	40.0	5	71.0
86.577	1.47	4.03	5.93	1.33	1.75	2.33	39.3	5	73.0
86.972	1.24	4.02	4.99	1.24	1.64	2.03	40.8	5	74.0
87.367	1.32	3.98	5.25	1.15	1.55	1.78	33.9	5	75.0
87.762	1.16	4.03	4.69	1.10	1.50	1.65	35.1	5	76.0
88.157	1.12	4.02	4.52	1.04	1.41	1.46	32.3	5	78.0
88.552	0.97	4.02	3.88	0.94	1.32	1.24	32.0	5	79.0
88.947	0.91	4.00	3.64	0.88	1.25	1.10	30.3	5	80.0
89.342	0.81	4.04	3.26	0.82	1.21	0.98	30.2	5	81.0
89.737	0.85	3.99	3.39	0.71	1.10	0.79	23.2	5	83.0
90.132	0.59	3.23	1.91	0.56	0.90	0.50	26.2	5	84.0
90.527	0.62	3.32	2.06	0.52	0.89	0.46	22.5	5	85.0
90.922	0.59	3.32	1.95	0.47	0.85	0.40	20.6	5	86.0
91.317	0.65	3.89	2.54	0.47	0.88	0.41	16.3	5	88.0
91.712	0.60	4.04	2.44	0.45	0.80	0.36	14.9	5	89.0
92.107	0.55	4.05	2.23	0.41	0.77	0.31	14.1	5	90.0
92.502	0.61	4.07	2.47	0.38	0.69	0.26	10.5	5	91.0
92.897	0.54	4.06	2.21	0.27	0.66	0.18	8.1	5	93.0
93.291	0.49	4.09	2.01	0.23	0.56	0.13	6.6	5	94.0
93.685	26.92	1.24	33.25	0.05	0.41	0.02	0.1	5	0.0
94.080	37.11	0.13	4.85	0.37	0.74	0.27	5.6	5	1.0
94.474	37.53	0.09	3.56	0.74	1.15	0.84	23.7	5	2.0
94.869	37.28	0.16	5.85	1.26	1.65	2.09	35.6	5	4.0
95.264	36.99	0.19	6.85	1.59	2.00	3.18	46.5	5	5.0
95.659	36.85	0.24	8.75	1.91	2.36	4.50	51.4	5	6.0
96.054	36.39	0.30	10.76	2.22	2.71	6.02	55.9	5	7.0
96.450	36.31	0.40	14.46	2.73	3.22	8.79	60.8	5	9.0
96.846	36.44	0.50	18.27	3.09	3.64	11.24	61.5	5	10.0
97.244	35.54	0.60	21.23	3.41	3.93	13.39	63.1	5	11.0
97.642	35.49	0.73	25.77	3.80	4.36	16.56	64.3	5	13.0
98.040	34.33	0.88	30.18	4.15	4.75	19.69	65.2	5	14.0
98.438	31.76	0.98	31.17	4.25	4.83	20.50	65.8	5	15.0
98.836	27.93	0.98	27.51	3.98	4.53	18.05	65.6	5	16.0
99.234	24.18	1.02	24.70	3.77	4.32	16.32	66.1	5	18.0
99.632	20.53	1.01	20.69	3.47	4.00	13.86	67.0	5	19.0
100.030	18.18	1.05	19.13	3.30	3.80	12.56	65.7	5	20.0
100.429	17.62	1.16	20.42	3.43	3.94	13.50	66.1	5	21.0
100.828	17.32	1.31	22.71	3.66	4.19	15.34	67.5	5	23.0
101.227	17.16	1.49	25.57	3.91	4.43	17.33	67.8	5	24.0
101.626	16.98	1.66	28.17	4.09	4.65	18.99	67.4	5	25.0
102.025	16.56	1.81	29.93	4.23	4.77	20.19	67.4	5	26.0
102.424	16.12	2.03	32.68	4.40	4.98	21.90	67.0	5	28.0
102.823	16.17	2.29	37.10	4.70	5.28	24.83	66.9	5	29.0
103.222	15.95	2.49	39.71	4.87	5.48	26.70	67.2	5	30.0
103.621	15.54	2.70	41.98	5.01	5.64	28.24	67.3	5	32.0
104.020	15.13	2.97	44.96	5.21	5.79	30.19	67.2	5	33.0
104.419	14.55	3.21	46.64	5.32	5.93	31.51	67.6	5	34.0
104.818	14.15	3.39	48.02	5.37	5.98	32.09	66.8	5	35.0
105.217	13.25	3.59	47.59	5.38	5.99	32.20	67.7	5	37.0
105.616	12.54	3.75	47.00	5.30	5.88	31.14	66.3	5	38.0
106.015	11.67	3.85	44.92	5.17	5.78	29.84	66.4	5	39.0
106.414	11.10	3.92	43.51	5.05	5.64	28.48	65.4	5	40.0
106.813	10.16	3.96	40.26	4.84	5.40	26.14	64.9	5	42.0
107.212	9.15	3.98	36.45	4.62	5.17	23.90	65.6	5	43.0
107.610	8.52	4.00	34.07	4.42	4.96	21.90	64.3	5	44.0
108.008	7.88	4.00	31.50	4.23	4.79	20.29	64.4	5	45.0
108.406	6.05	3.40	20.57	3.39	3.91	13.26	64.5	5	47.0
108.804	5.40	3.29	17.81	3.11	3.61	11.20	62.9	5	48.0
109.202	5.34	3.60	19.26	3.21	3.74	12.03	62.5	5	49.0
109.600	5.66	4.02	22.80	3.48	3.95	13.75	60.3	5	51.0
109.998	5.10	4.02	20.54	3.26	3.78	12.32	60.0	5	52.0
110.396	4.62	4.03	18.63	3.14	3.62	11.37	61.0	5	53.0
110.794	4.20	4.03	16.94	2.98	3.47	10.34	61.1	5	54.0
111.192	4.04	4.04	16.32	2.83	3.34	9.43	57.8	5	56.0
111.589	3.59	4.03	14.44	2.67	3.13	8.37	58.0	5	57.0
111.986	3.36	4.04	13.57	2.54	3.01	7.65	56.4	5	58.0
112.383	2.96	4.04	11.97	2.45	2.88	7.07	59.1	5	59.0
112.780	2.91	4.04	11.75	2.31	2.77	6.40	54.5	5	61.0
113.177	2.62	4.03	10.57	2.17	2.62	5.70	54.0	5	62.0
113.574	2.40	4.04	9.72	2.06	2.52	5.20	53.5	5	63.0
113.970	2.16	4.04	8.75	1.97	2.39	4.71	53.8	5	64.0
114.366	2.06	4.04	8.34	1.86	2.27	4.22	50.7	5	66.0
114.762	1.94	4.03	7.83	1.75	2.14	3.74	47.8	5	67.0
115.158	1.97	4.06	8.01	1.66	2.07	3.42	42.8	5	68.0
115.554	1.65	4.04	6.67	1.58	1.97	3.12	46.7	5	69.0
115.950	1.58	4.05	6.38	1.48	1.91	2.82	44.3	5	71.0
116.346	1.47	4.05	5.96	1.41	1.79	2.53	42.5	5	72.0
116.742	1.39	4.05	5.62	1.30	1.71	2.22	39.5	5	73.0
117.138	1.17	4.04	4.74	1.24	1.58	1.96	41.4	5	74.0
117.534	1.21	4.04	4.91	1.16	1.52	1.76	35.9	5	76.0
117.930	1.12	4.05	4.55	1.07	1.43	1.53	33.6	5	77.0
118.326	1.01	4.05	4.10	1.00	1.38	1.39	33.9	5	78.0
118.722	0.99	4.05	3.99	0.95	1.30	1.24	31.0	5	79.0
119.118	0.91	4.06	3.70	0.84	1.24	1.04	28.1	5	81.0
119.514	0.83	4.07	3.39	0.79	1.15	0.91	26.9	5	82.0
119.910	0.89	4.06	3.63	0.73	1.12	0.82	22.7	5	83.0
120.306	0.81	4.05	3.30	0.68	1.03	0.70	21.2	5	84.0
221.609	17.01	1.67	28.38	4.12	4.59	18.90	66.6	5	25.0
222.008	16.74	1.84	30.78	4.30	4.83	20.76	67.4	5	26.0
222.407	16.55	2.07	34.31	4.57	5.07	23.17	67.5	5	28.0
222.806	16.29	2.29	37.27	4.71	5.27	24.86	66.7	5	29.0
223.205	15.98	2.48	39.64	4.91	5.47	26.87	67.8	5	30.0
223.604	15.75	2.69	42.35	5.03	5.60	28.17	66.5	5	31.0
224.003	15.17	2.96	44.86	5.20	5.79	30.09	67.1	5	33.0
224.402	14.79	3.21	47.44	5.32	5.87	31.20	65.8	5	34.0
224.801	14.15	3.38	47.87	5.37	5.94	31.93	66.7	5	35.0
225.200	13.76	3.56	48.98	5.40	5.97	32.24	65.8	5	37.0
225.599	12.58	3.74	47.07	5.29	5.86	30.95	65.7	5	38.0
225.998	11.82	3.83	45.24	5.16	5.71	29.48	65.2	5	39.0
226.397	10.96	3.90	42.75	5.03	5.59	28.16	65.9	5	40.0
226.796	10.16	3.95	40.19	4.83	5.33	25.72	64.0	5	42.0
227.195	9.32	3.97	37.02	4.59	5.11	23.47	63.4	5	43.0
227.593	8.42	3.96	33.35	4.41	4.89	21.53	64.6	5	44.0
227.991	7.83	3.96	30.97	4.19	4.69	19.64	63.4	5	45.0
228.389	5.94	3.24	19.26	3.22	3.68	11.85	61.5	5	47.0
228.787	6.38	3.95	25.16	3.73	4.20	15.65	62.2	5	48.0
229.185	6.07	3.99	24.18	3.60	4.07	14.64	60.6	5	49.0
229.583	5.40	3.99	21.54	3.45	3.91	13.51	62.8	5	50.0
229.981	5.18	4.00	20.73	3.26	3.74	12.19	58.8	5	52.0
230.379	4.49	3.99	17.93	3.09	3.55	10.98	61.2	5	53.0
230.777	4.26	4.00	17.05	2.94	3.43	10.09	59.2	5	54.0
231.175	3.97	4.01	15.91	2.84	3.26	9.27	58.3	5	56.0
231.572	3.61	4.01	14.46	2.68	3.07	8.22	56.8	5	57.0
231.969	3.38	3.99	13.49	2.54	2.91	7.41	54.9	5	58.0
20.092	37.80	0.05	2.07	0.00	0.27	0.00	0.0	5	0.0
20.486	37.79	0.06	2.30	0.25	0.55	0.14	5.9	5	1.0
20.880	37.86	0.09	3.47	0.70	1.01	0.71	20.3	5	2.0
21.275	37.63	0.12	4.52	1.11	1.50	1.66	36.8	5	3.0
21.670	37.59	0.17	6.40	1.52	1.87	2.85	44.6	5	5.0
22.065	37.47	0.22	8.41	1.87	2.27	4.24	50.4	5	6.0
22.460	37.10	0.29	10.74	2.28	2.65	6.04	56.2	5	7.0
22.856	37.02	0.36	13.44	2.59	2.98	7.74	57.6	5	8.0
23.252	36.75	0.48	17.54	3.05	3.47	10.59	60.4	5	10.0
23.650	36.21	0.58	20.98	3.41	3.90	13.32	63.5	5	11.0
24.048	35.72	0.71	25.29	3.78	4.25	16.05	63.5	5	12.0
24.446	33.50	0.77	25.92	3.87	4.33	16.73	64.6	5	13.0
24.844	28.29	0.81	23.01	3.64	4.15	15.11	65.7	5	15.0
25.242	24.20	0.84	20.23	3.41	3.87	13.19	65.2	5	16.0
25.640	21.04	0.84	17.70	3.18	3.65	11.59	65.5	5	17.0
26.038	18.58	0.85	15.83	2.99	3.46	10.33	65.3	5	19.0
26.436	17.68	0.99	17.46	3.21	3.67	11.78	67.5	5	20.0
26.834	17.71	1.12	19.90	3.41	3.87	13.18	66.3	5	21.0
27.232	17.48	1.26	21.99	3.62	4.11	14.85	67.5	5	22.0
27.630	17.48	1.42	24.81	3.85	4.34	16.71	67.3	5	24.0
28.028	17.14	1.62	27.81	4.08	4.58	18.69	67.2	5	25.0
28.426	16.99	1.81	30.74	4.31	4.81	20.72	67.4	5	26.0
28.824	16.75	1.98	33.22	4.49	5.03	22.59	68.0	5	27.0
29.222	16.42	2.22	36.40	4.71	5.26	24.74	68.0	5	29.0
29.620	15.95	2.45	39.12	4.88	5.46	26.68	68.2	5	30.0
30.018	15.69	2.67	41.93	5.04	5.59	28.17	67.2	5	31.0
30.416	15.47	2.88	44.55	5.18	5.74	29.71	66.7	5	32.0
30.814	15.04	3.14	47.25	5.31	5.85	31.11	65.9	5	34.0
31.212	14.32	3.37	48.26	5.36	5.94	31.83	66.0	5	35.0
31.610	13.66	3.54	48.43	5.41	5.96	32.28	66.6	5	36.0
32.008	12.96	3.68	47.69	5.35	5.92	31.70	66.5	5	38.0
32.406	12.03	3.82	45.97	5.24	5.78	30.28	65.9	5	39.0
32.804	11.15	3.91	43.57	5.05	5.61	28.35	65.1	5	40.0
33.202	10.52	3.94	41.51	4.89	5.42	26.50	63.8	5	41.0
33.600	9.55	3.97	37.94	4.69	5.25	24.66	65.0	5	43.0
33.997	8.67	3.99	34.58	4.42	4.95	21.86	63.2	5	44.0
34.394	7.76	3.99	30.98	4.24	4.75	20.13	65.0	5	45.0
34.791	7.44	3.99	29.72	4.07	4.54	18.50	62.2	5	46.0
35.188	6.67	3.98	26.58	3.86	4.35	16.76	63.0	5	48.0
35.585	6.07	4.00	24.26	3.66	4.15	15.18	62.6	5	49.0
35.982	5.60	4.00	22.42	3.47	3.99	13.84	61.7	5	50.0
36.379	5.17	4.02	20.77	3.36	3.83	12.88	62.0	5	51.0
36.776	4.77	4.02	19.16	3.19	3.60	11.48	59.9	5	53.0
37.173	4.30	4.02	17.29	3.01	3.46	10.42	60.3	5	54.0
37.570	3.99	4.02	16.07	2.87	3.29	9.45	58.8	5	55.0
37.966	3.67	4.01	14.71	2.73	3.19	8.73	59.3	5	56.0
38.362	3.44	4.01	13.81	2.59	2.98	7.73	56.0	5	58.0
38.758	3.03	4.02	12.18	2.46	2.85	7.01	57.5	5	59.0
39.154	2.87	4.02	11.54	2.33	2.71	6.32	54.8	5	60.0
39.550	2.72	4.03	10.95	2.23	2.64	5.89	53.8	5	61.0
39.946	2.54	4.01	10.17	2.13	2.48	5.28	51.9	5	63.0
40.342	2.36	4.02	9.49	1.99	2.37	4.71	49.6	5	64.0
40.737	2.27	4.02	9.10	1.91	2.26	4.32	47.4	5	65.0
41.132	1.99	4.01	7.98	1.80	2.21	3.97	49.8	5	66.0
41.527	1.85	4.02	7.44	1.70	2.05	3.48	46.8	5	68.0
41.922	1.74	4.03	7.01	1.61	1.96	3.15	44.9	5	69.0
42.317	1.95	4.02	7.83	1.52	1.87	2.84	36.3	5	70.0
42.712	1.50	4.01	6.04	1.43	1.78	2.54	42.1	5	71.0
43.107	1.51	4.03	6.09	1.34	1.69	2.26	37.0	5	73.0
43.502	1.38	4.02	5.54	1.26	1.60	2.02	36.5	5	74.0
43.897	1.27	4.03	5.10	1.18	1.53	1.80	35.2	5	75.0
44.292	1.14	4.02	4.60	1.09	1.43	1.56	34.0	5	76.0
44.687	1.09	4.02	4.39	1.02	1.33	1.36	30.9	5	78.0
45.082	1.01	4.01	4.04	0.93	1.29	1.20	29.7	5	79.0
45.477	1.00	4.02	4.00	0.89	1.18	1.04	26.1	5	80.0
45.872	0.79	4.02	3.19	0.83	1.16	0.96	30.2	5	82.0
46.267	0.89	4.02	3.60	0.77	1.06	0.82	22.7	5	83.0
46.662	0.82	4.02	3.31	0.69	0.98	0.67	20.3	5	84.0
47.057	0.81	4.02	3.24	0.63	0.95	0.60	18.5	5	85.0
47.452	0.68	4.01	2.73	0.62	0.88	0.54	19.8	5	87.0
47.847	0.52	4.03	2.11	0.50	0.82	0.41	19.3	5	88.0
48.242	0.63	4.02	2.54	0.45	0.72	0.32	12.7	5	89.0
48.637	0.53	4.02	2.14	0.41	0.68	0.28	13.0	5	90.0
49.032	0.62	4.02	2.51	0.36	0.63	0.23	9.0	5	92.0
49.426	0.69	4.02	2.76	0.30	0.61	0.18	6.6	5	93.0
49.820	0.54	4.02	2.18	0.26	0.52	0.13	6.1	5	94.0
50.214	28.84	1.02	29.40	0.03	0.35	0.01	0.0	5	0.0
97.480	38.10	0.07	2.59	0.00	0.34	0.00	0.0	5	0.0
97.873	38.09	0.07	2.69	0.31	0.67	0.21	7.7	5	1.0
98.267	38.12	0.10	3.67	0.74	1.07	0.79	21.6	5	2.0
98.662	37.85	0.14	5.21	1.14	1.53	1.75	33.5	5	3.0
99.057	37.81	0.17	6.49	1.59	1.95	3.10	47.8	5	5.0
99.452	37.43	0.23	8.52	1.92	2.33	4.47	52.5	5	6.0
99.847	37.35	0.30	11.37	2.27	2.69	6.11	53.7	5	7.0
100.243	37.12	0.37	13.56	2.60	3.06	7.94	58.6	5	9.0
100.640	36.93	0.50	18.41	3.12	3.58	11.15	60.6	5	10.0
101.039	36.62	0.61	22.21	3.51	4.01	14.06	63.3	5	11.0
101.438	36.23	0.72	25.97	3.82	4.37	16.70	64.3	5	12.0
101.837	35.20	0.85	29.95	4.18	4.71	19.68	65.7	5	14.0
102.236	32.61	0.96	31.21	4.30	4.82	20.74	66.4	5	15.0
102.635	28.21	1.00	28.27	4.04	4.61	18.59	65.8	5	16.0
103.034	24.86	1.00	24.76	3.81	4.30	16.40	66.3	5	17.0
103.433	21.14	1.01	21.35	3.54	4.04	14.29	66.9	5	19.0
103.832	18.69	1.04	19.38	3.35	3.82	12.82	66.2	5	20.0
104.231	17.88	1.15	20.58	3.49	3.97	13.83	67.2	5	21.0
104.630	17.83	1.28	22.75	3.69	4.18	15.42	67.8	5	22.0
105.029	17.54	1.49	26.07	3.91	4.46	17.45	67.0	5	24.0
105.428	17.43	1.67	29.09	4.19	4.70	19.68	67.7	5	25.0
105.827	17.30	1.86	32.19	4.39	4.94	21.72	67.5	5	26.0
106.226	17.08	2.02	34.52	4.55	5.11	23.23	67.3	5	28.0
106.625	16.63	2.30	38.25	4.81	5.37	25.84	67.6	5	29.0
107.024	16.48	2.53	41.75	5.00	5.61	28.03	67.1	5	30.0
107.423	16.14	2.75	44.29	5.20	5.76	29.96	67.6	5	31.0
107.822	15.80	3.01	47.49	5.36	5.94	31.84	67.0	5	33.0
108.221	15.39	3.32	51.12	5.55	6.16	34.18	66.9	5	34.0
108.620	15.10	3.57	53.89	5.69	6.31	35.87	66.6	5	35.0
109.019	14.59	3.83	55.88	5.85	6.41	37.47	67.1	5	36.0
109.418	14.16	4.14	58.66	5.93	6.53	38.72	66.0	5	38.0
109.817	13.77	4.42	60.86	6.00	6.61	39.65	65.1	5	39.0
110.216	13.16	4.65	61.12	6.04	6.64	40.14	65.7	5	40.0
110.615	12.72	4.85	61.66	6.03	6.58	39.69	64.4	5	41.0
111.014	11.78	5.06	59.63	5.93	6.53	38.76	65.0	5	43.0
111.413	11.07	5.20	57.60	5.78	6.35	36.75	63.8	5	44.0
111.812	10.33	5.31	54.83	5.63	6.19	34.86	63.6	5	45.0
112.211	9.80	5.33	52.25	5.43	6.00	32.54	62.3	5	47.0
112.609	8.64	5.37	46.35	5.12	5.66	28.97	62.5	5	48.0
113.007	7.94	5.38	42.77	4.88	5.39	26.32	61.5	5	49.0
113.405	7.30	5.38	39.32	4.66	5.22	24.34	61.9	5	50.0
113.803	6.79	5.39	36.56	4.46	5.00	22.32	61.1	5	52.0
114.201	6.23	5.41	33.70	4.25	4.76	20.22	60.0	5	53.0
114.599	5.79	5.41	31.31	4.03	4.52	18.23	58.2	5	54.0
114.997	5.21	5.42	28.25	3.85	4.38	16.87	59.7	5	55.0
115.395	4.92	5.43	26.68	3.70	4.16	15.38	57.6	5	57.0
115.793	4.55	5.41	24.62	3.46	3.98	13.77	55.9	5	58.0
116.191	4.21	5.43	22.82	3.30	3.76	12.41	54.4	5	59.0
116.589	3.84	5.43	20.83	3.14	3.64	11.44	54.9	5	60.0
116.987	3.68	5.43	19.97	2.99	3.43	10.26	51.4	5	62.0
117.385	3.30	5.44	17.95	2.83	3.28	9.28	51.7	5	63.0
117.782	3.19	5.45	17.35	2.69	3.11	8.37	48.2	5	64.0
118.179	2.89	5.43	15.68	2.57	3.00	7.71	49.2	5	65.0
118.576	2.89	5.45	15.77	2.42	2.82	6.81	43.2	5	67.0
118.973	2.45	5.46	13.36	2.24	2.65	5.93	44.4	5	68.0
119.370	2.38	5.45	12.99	2.15	2.53	5.42	41.7	5	69.0
119.767	2.09	5.45	11.41	2.04	2.43	4.96	43.4	5	71.0
120.164	2.14	5.44	11.63	1.90	2.28	4.33	37.2	5	72.0
120.561	1.81	5.45	9.85	1.79	2.14	3.84	39.0	5	73.0
120.957	1.83	5.46	10.00	1.70	2.06	3.51	35.1	5	74.0
121.354	1.72	5.46	9.38	1.56	1.93	3.02	32.2	5	76.0
121.750	1.63	5.47	8.93	1.47	1.82	2.66	29.8	5	77.0
122.146	1.49	5.46	8.15	1.34	1.69	2.27	27.8	5	78.0
122.542	1.33	5.46	7.24	1.26	1.66	2.09	28.9	5	79.0
122.938	1.28	5.46	7.00	1.19	1.52	1.80	25.8	5	81.0
123.334	1.30	5.46	7.10	1.08	1.46	1.58	22.2	5	82.0
123.730	1.22	5.46	6.68	1.00	1.32	1.32	19.8	5	83.0
124.126	1.13	5.45	6.17	0.92	1.31	1.21	19.6	5	84.0
124.522	0.93	5.48	5.11	0.85	1.18	1.01	19.7	5	86.0
124.918	0.86	5.46	4.68	0.75	1.09	0.81	17.3	5	87.0
125.314	0.95	5.46	5.19	0.70	1.01	0.70	13.6	5	88.0
125.710	0.92	5.47	5.04	0.61	0.95	0.58	11.5	5	89.0
126.106	0.87	5.47	4.73	0.55	0.86	0.48	10.1	5	91.0
126.502	0.80	5.48	4.38	0.45	0.81	0.37	8.4	5	92.0
126.897	0.80	5.48	4.40	0.40	0.71	0.29	6.5	5	93.0
127.292	0.79	5.49	4.34	0.34	0.68	0.23	5.3	5	94.0
127.687	34.82	0.56	19.38	0.04	0.36	0.01	0.1	5	0.0
128.083	37.99	0.11	4.33	0.51	0.91	0.46	10.7	5	2.0
128.479	37.95	0.13	4.83	1.05	1.39	1.46	30.2	5	3.0
128.875	37.95	0.16	6.05	1.40	1.81	2.53	41.9	5	4.0
129.271	37.81	0.20	7.63	1.73	2.08	3.60	47.2	5	5.0
129.667	37.65	0.28	10.39	2.16	2.56	5.51	53.0	5	7.0
130.064	37.56	0.36	13.42	2.54	3.02	7.69	57.3	5	8.0
244.958	38.87	0.00	0.00	0.00	0.03	0.00	0.0	5	0.0
245.353	38.83	0.03	0.99	0.28	0.43	0.12	12.3	5	1.0
245.749	38.87	0.03	1.30	0.75	0.88	0.66	50.9	5	2.0
246.145	38.64	0.08	3.11	1.18	1.36	1.60	51.5	5	3.0
246.541	38.77	0.13	5.18	1.63	1.79	2.91	56.2	5	5.0
246.937	38.44	0.18	6.87	2.00	2.22	4.43	64.5	5	6.0
247.333	38.50	0.25	9.70	2.37	2.60	6.15	63.4	5	7.0
247.729	38.25	0.33	12.61	2.70	2.98	8.04	63.8	5	8.0
248.126	38.30	0.45	17.16	3.17	3.49	11.08	64.6	5	10.0
248.525	37.93	0.58	21.96	3.61	3.95	14.23	64.8	5	11.0
248.924	37.85	0.70	26.54	3.98	4.36	17.38	65.5	5	12.0
249.323	37.53	0.86	32.21	4.39	4.79	21.01	65.2	5	14.0
249.722	37.23	1.06	39.47	4.90	5.31	26.05	66.0	5	15.0
250.121	36.57	1.26	46.18	5.33	5.76	30.68	66.4	5	16.0
250.520	36.30	1.45	52.56	5.72	6.17	35.30	67.2	5	17.0
250.919	35.68	1.68	59.92	6.11	6.57	40.15	67.0	5	19.0
251.318	35.21	1.95	68.75	6.56	7.01	45.99	66.9	5	20.0
251.717	34.39	2.18	75.04	6.87	7.35	50.49	67.3	5	21.0
252.116	33.56	2.41	81.02	7.12	7.59	54.03	66.7	5	22.0
252.515	32.16	2.67	85.98	7.36	7.89	58.05	67.5	5	24.0
252.914	30.36	2.91	88.44	7.43	7.99	59.34	67.1	5	25.0
253.313	28.28	3.06	86.56	7.35	7.89	58.01	67.0	5	26.0
253.712	26.20	3.14	82.32	7.16	7.71	55.18	67.0	5	27.0
254.111	23.18	3.18	73.64	6.79	7.26	49.32	67.0	5	29.0
254.510	20.81	3.19	66.46	6.42	6.91	44.32	66.7	5	30.0
254.909	18.97	3.20	60.66	6.11	6.55	40.03	66.0	5	31.0
255.308	17.30	3.22	55.74	5.86	6.30	36.91	66.2	5	33.0
255.707	16.42	3.52	57.84	5.97	6.42	38.30	66.2	5	34.0
256.106	16.02	3.78	60.62	6.08	6.57	39.89	65.8	5	35.0
256.505	15.48	4.04	62.46	6.20	6.65	41.18	65.9	5	36.0
256.904	14.99	4.31	64.66	6.25	6.77	42.34	65.5	5	38.0
257.303	14.42	4.60	66.37	6.32	6.76	42.75	64.4	5	39.0
257.702	13.64	4.82	65.82	6.29	6.79	42.69	64.9	5	40.0
258.101	13.13	5.00	65.61	6.26	6.68	41.84	63.8	5	41.0
258.500	12.29	5.16	63.43	6.06	6.56	39.77	62.7	5	43.0
258.899	11.30	5.26	59.46	5.90	6.34	37.41	62.9	5	44.0
259.298	10.28	5.27	54.14	5.63	6.09	34.29	63.3	5	45.0
259.697	9.63	5.28	50.85	5.41	5.82	31.45	61.9	5	46.0
260.095	8.68	5.30	46.01	5.11	5.53	28.22	61.3	5	48.0
260.493	8.00	5.31	42.48	4.87	5.27	25.65	60.4	5	49.0
260.891	7.33	5.31	38.90	4.65	5.06	23.54	60.5	5	50.0
261.289	6.99	5.32	37.19	4.46	4.84	21.63	58.2	5	52.0
261.687	6.13	5.32	32.60	4.22	4.57	19.28	59.1	5	53.0
262.085	5.79	5.33	30.90	4.02	4.36	17.50	56.6	5	54.0
262.483	5.34	5.32	28.43	3.83	4.17	15.96	56.1	5	55.0
262.881	4.92	5.33	26.22	3.65	3.97	14.49	55.3	5	57.0
263.279	4.43	5.34	23.65	3.41	3.78	12.89	54.5	5	58.0
263.677	4.16	5.35	22.26	3.28	3.59	11.76	52.8	5	59.0
264.075	3.91	5.34	20.86	3.13	3.46	10.81	51.8	5	60.0
264.473	3.70	5.35	19.78	2.95	3.28	9.69	49.0	5	62.0
264.870	3.28	5.36	17.59	2.79	3.10	8.67	49.3	5	63.0
265.267	3.18	5.36	17.03	2.67	2.94	7.85	46.1	5	64.0
265.664	2.82	5.35	15.08	2.52	2.79	7.03	46.6	5	65.0
266.061	2.65	5.36	14.22	2.38	2.63	6.26	44.0	5	67.0
266.458	2.31	5.34	12.36	2.23	2.48	5.55	44.9	5	68.0
266.855	2.26	5.36	12.11	2.11	2.38	5.02	41.5	5	69.0
267.252	2.16	5.35	11.54	2.00	2.27	4.54	39.3	5	70.0
267.649	1.96	5.35	10.51	1.86	2.12	3.93	37.4	5	72.0
268.046	1.95	5.36	10.45	1.79	1.98	3.53	33.8	5	73.0
268.443	1.67	5.38	9.00	1.64	1.91	3.13	34.8	5	74.0
268.839	1.73	5.36	9.25	1.60	1.75	2.79	30.1	5	76.0
269.235	1.58	5.37	8.50	1.45	1.64	2.38	28.0	5	77.0
269.631	1.27	5.38	6.82	1.36	1.52	2.07	30.3	5	78.0
270.027	1.19	5.38	6.40	1.27	1.46	1.86	29.0	5	79.0
270.423	1.42	5.38	7.65	1.20	1.37	1.65	21.5	5	81.0
270.819	1.26	5.40	6.80	1.06	1.27	1.35	19.8	5	82.0
271.215	1.22	5.39	6.58	1.00	1.14	1.14	17.4	5	83.0
271.611	1.11	5.38	5.95	0.92	1.08	0.99	16.7	5	84.0
272.007	1.15	5.38	6.19	0.83	0.98	0.81	13.2	5	86.0
272.403	0.96	5.38	5.16	0.75	0.93	0.69	13.4	5	87.0
272.799	1.01	5.38	5.41	0.68	0.83	0.57	10.5	5	88.0
273.195	0.88	5.38	4.73	0.60	0.76	0.46	9.7	5	89.0
273.590	0.99	5.38	5.32	0.56	0.69	0.39	7.3	5	91.0
273.985	0.76	5.38	4.09	0.46	0.62	0.28	6.9	5	92.0
274.380	0.92	5.38	4.95	0.41	0.54	0.22	4.5	5	93.0
274.775	0.70	5.37	3.74	0.31	0.48	0.15	4.0	5	94.0
275.170	34.97	0.58	20.27	0.01	0.13	0.00	0.0	5	0.0
275.566	38.57	0.06	2.32	0.49	0.64	0.31	13.5	5	2.0
275.962	38.73	0.07	2.76	1.04	1.26	1.31	47.4	5	3.0
276.358	38.54	0.12	4.45	1.43	1.64	2.35	52.9	5	4.0
276.754	38.65	0.16	6.16	1.75	1.97	3.45	55.9	5	5.0
277.150	38.38	0.24	9.05	2.15	2.42	5.20	57.4	5	7.0
277.546	38.28	0.29	11.24	2.58	2.87	7.42	66.1	5	8.0
277.943	38.14	0.39	14.79	3.03	3.30	10.01	67.7	5	9.0
278.492	38.03	0.55	20.75	3.61	3.77	13.60	65.5	5	11.0
278.891	37.67	0.69	26.15	4.00	4.20	16.81	64.3	5	12.0
279.290	37.41	0.83	31.24	4.36	4.61	20.12	64.4	5	13.0
336.188	39.23	0.03	1.07	0.00	0.27	0.00	0.0	5	0.0
336.582	39.45	0.05	2.11	0.41	0.65	0.27	12.6	5	1.0
336.978	39.20	0.09	3.50	0.88	1.16	1.03	29.3	5	3.0
337.374	39.18	0.12	4.65	1.40	1.71	2.39	51.4	5	4.0
337.770	39.02	0.15	5.71	1.77	2.08	3.69	64.5	5	5.0
338.166	39.25	0.21	8.21	2.09	2.43	5.08	61.8	5	6.0
338.562	39.34	0.29	11.41	2.56	2.89	7.40	64.9	5	8.0
338.959	39.11	0.42	16.29	3.06	3.44	10.55	64.8	5	9.0
339.357	38.97	0.51	19.72	3.43	3.81	13.09	66.4	5	10.0
339.756	38.97	0.62	24.31	3.77	4.25	16.02	65.9	5	11.0
340.155	38.67	0.79	30.42	4.30	4.73	20.34	66.9	5	13.0
340.554	38.42	0.97	37.41	4.76	5.27	25.09	67.1	5	14.0
340.953	38.18	1.15	43.73	5.20	5.68	29.53	67.5	5	15.0
341.352	37.85	1.32	50.12	5.60	6.13	34.31	68.5	5	16.0
341.751	37.57	1.61	60.34	6.13	6.66	40.84	67.7	5	18.0
342.150	37.01	1.87	69.12	6.59	7.13	46.95	67.9	5	19.0
342.549	36.77	2.11	77.76	6.96	7.51	52.29	67.2	5	20.0
342.948	36.16	2.38	86.04	7.37	8.00	58.93	68.5	5	22.0
343.347	35.63	2.74	97.72	7.83	8.46	66.30	67.8	5	23.0
343.746	34.97	3.07	107.43	8.23	8.88	73.15	68.1	5	24.0
344.146	34.41	3.37	116.03	8.55	9.18	78.50	67.7	5	25.0
344.546	33.45	3.75	125.34	8.86	9.56	84.67	67.6	5	27.0
344.946	32.56	4.16	135.61	9.19	9.88	90.74	66.9	5	28.0
345.346	31.25	4.49	140.19	9.40	10.09	94.92	67.7	5	29.0
345.747	30.27	4.76	144.00	9.49	10.16	96.37	66.9	5	30.0
346.148	28.05	5.04	141.48	9.41	10.10	95.07	67.2	5	32.0
346.549	25.95	5.21	135.18	9.17	9.85	90.33	66.8	5	33.0
346.949	23.88	5.30	126.52	8.83	9.51	83.97	66.4	5	34.0
347.349	21.97	5.31	116.70	8.43	9.14	77.02	66.0	5	36.0
347.749	19.44	5.34	103.78	7.98	8.62	68.80	66.3	5	37.0
348.149	17.78	5.35	95.14	7.59	8.23	62.47	65.7	5	38.0
348.548	16.17	5.36	86.70	7.22	7.87	56.79	65.5	5	39.0
348.947	14.86	5.37	79.80	6.90	7.53	51.93	65.1	5	41.0
349.346	13.42	5.38	72.17	6.52	7.13	46.46	64.4	5	42.0
349.745	12.34	5.39	66.47	6.24	6.83	42.59	64.1	5	43.0
350.144	11.34	5.38	61.07	5.96	6.54	38.96	63.8	5	44.0
350.543	10.33	5.39	55.72	5.68	6.19	35.15	63.1	5	46.0
350.942	9.31	5.39	50.23	5.35	5.88	31.44	62.6	5	47.0
351.340	8.64	5.40	46.64	5.11	5.65	28.90	62.0	5	48.0
351.738	7.94	5.39	42.80	4.89	5.41	26.42	61.7	5	49.0
352.136	7.24	5.41	39.15	4.65	5.12	23.81	60.8	5	51.0
352.534	6.64	5.41	35.94	4.40	4.89	21.50	59.8	5	52.0
352.932	6.11	5.42	33.10	4.19	4.72	19.79	59.8	5	53.0
353.330	5.69	5.42	30.84	4.02	4.49	18.03	58.5	5	55.0
353.728	5.14	5.42	27.89	3.77	4.25	16.03	57.5	5	56.0
354.126	4.74	5.42	25.71	3.60	4.01	14.41	56.0	5	57.0
354.524	4.40	5.42	23.85	3.46	3.88	13.42	56.2	5	58.0
354.922	4.18	5.42	22.68	3.27	3.70	12.10	53.3	5	60.0
355.320	3.77	5.43	20.48	3.09	3.50	10.82	52.9	5	61.0
355.718	3.53	5.43	19.14	2.95	3.33	9.81	51.3	5	62.0
356.115	3.21	5.42	17.38	2.78	3.21	8.92	51.3	5	63.0
356.512	3.01	5.44	16.37	2.66	3.00	7.98	48.8	5	65.0
356.909	2.81	5.42	15.26	2.49	2.88	7.17	47.0	5	66.0
357.306	2.53	5.42	13.73	2.37	2.71	6.42	46.7	5	67.0
357.703	2.30	5.43	12.48	2.23	2.61	5.82	46.6	5	68.0
358.100	2.13	5.43	11.57	2.08	2.43	5.06	43.7	5	70.0
358.497	2.00	5.43	10.84	1.96	2.35	4.60	42.4	5	71.0
358.894	2.12	5.44	11.50	1.87	2.22	4.14	36.0	5	72.0
359.291	1.91	5.42	10.35	1.78	2.09	3.72	35.9	5	73.0
359.688	1.81	5.44	9.85	1.64	1.96	3.23	32.8	5	75.0
360.084	1.59	5.42	8.65	1.53	1.87	2.86	33.0	5	76.0
360.480	1.68	5.42	9.09	1.43	1.74	2.47	27.2	5	77.0
360.876	1.46	5.42	7.90	1.35	1.65	2.23	28.2	5	78.0
361.272	1.52	5.43	8.26	1.25	1.54	1.93	23.3	5	80.0
361.668	1.35	5.41	7.32	1.14	1.44	1.65	22.5	5	81.0
362.064	1.32	5.42	7.15	1.05	1.34	1.41	19.7	5	82.0
362.460	1.07	5.41	5.77	0.98	1.26	1.23	21.3	5	84.0
362.856	1.02	5.40	5.50	0.89	1.16	1.03	18.8	5	85.0
363.252	1.13	5.41	6.12	0.80	1.09	0.87	14.3	5	86.0
363.648	1.08	5.40	5.81	0.76	0.98	0.75	12.8	5	87.0
364.044	0.79	5.41	4.29	0.64	0.91	0.59	13.7	5	89.0
364.440	0.95	5.40	5.13	0.59	0.80	0.47	9.1	5	90.0
364.835	0.91	5.40	4.91	0.51	0.73	0.37	7.6	5	91.0
365.230	0.81	5.39	4.38	0.44	0.68	0.30	6.8	5	92.0
365.625	0.77	5.39	4.15	0.35	0.59	0.21	5.0	5	94.0
366.020	6.73	4.58	30.79	0.25	0.44	0.11	0.4	5	0.0
366.415	37.89	0.20	7.74	0.26	0.42	0.11	1.4	5	1.0
4.209	38.40	0.02	0.81	0.00	0.18	0.00	0.0	5	0.0
4.601	38.58	0.05	1.95	0.53	0.72	0.38	19.6	5	2.0
4.995	38.37	0.09	3.28	1.01	1.30	1.32	40.1	5	3.0
5.389	38.06	0.12	4.63	1.41	1.67	2.35	50.8	5	4.0
5.783	37.69	0.16	6.16	1.69	1.98	3.36	54.4	5	5.0
6.177	37.81	0.23	8.51	2.11	2.43	5.12	60.2	5	7.0
6.571	37.90	0.32	12.13	2.58	2.92	7.55	62.2	5	8.0
6.966	37.98	0.42	15.79	2.98	3.34	9.94	62.9	5	9.0
7.361	37.52	0.51	19.22	3.30	3.70	12.19	63.4	5	10.0
7.758	37.11	0.64	23.86	3.74	4.14	15.49	64.9	5	12.0
8.155	36.43	0.78	28.58	4.15	4.59	19.06	66.7	5	13.0
8.552	35.38	0.92	32.61	4.42	4.83	21.37	65.5	5	14.0
8.949	31.46	0.96	30.27	4.28	4.73	20.23	66.8	5	15.0
9.346	26.52	0.98	25.96	3.92	4.36	17.11	65.9	5	17.0
9.743	22.51	0.98	22.04	3.65	4.03	14.68	66.6	5	18.0
10.140	19.80	0.99	19.63	3.40	3.80	12.91	65.7	5	19.0
10.538	17.88	1.01	18.15	3.27	3.64	11.89	65.5	5	21.0
10.936	17.42	1.16	20.24	3.49	3.91	13.64	67.4	5	22.0
11.334	17.07	1.32	22.54	3.72	4.10	15.22	67.5	5	23.0
11.732	16.77	1.48	24.77	3.87	4.32	16.73	67.5	5	24.0
12.130	16.59	1.66	27.55	4.09	4.50	18.43	66.9	5	26.0
12.528	16.30	1.86	30.37	4.31	4.76	20.52	67.6	5	27.0
12.926	15.87	2.05	32.50	4.48	4.87	21.79	67.0	5	28.0
13.324	15.83	2.22	35.13	4.60	5.04	23.23	66.1	5	29.0
13.722	15.03	2.36	35.48	4.66	5.06	23.56	66.4	5	31.0
14.120	13.57	2.42	32.87	4.47	4.93	22.01	67.0	5	32.0
14.518	12.36	2.42	29.95	4.23	4.69	19.84	66.2	5	33.0
14.916	11.28	2.44	27.47	4.08	4.51	18.42	67.1	5	34.0
15.314	10.09	2.42	24.45	3.84	4.28	16.46	67.3	5	36.0
15.712	9.05	2.43	22.03	3.61	4.03	14.55	66.1	5	37.0
16.109	8.38	2.44	20.44	3.46	3.82	13.23	64.7	5	38.0
16.506	7.63	2.44	18.61	3.29	3.69	12.13	65.2	5	39.0
16.903	7.06	2.44	17.26	3.11	3.49	10.87	63.0	5	41.0
17.300	6.19	2.45	15.14	2.94	3.33	9.80	64.7	5	42.0
17.696	5.82	2.45	14.26	2.82	3.19	8.99	63.1	5	43.0
18.092	5.19	2.45	12.71	2.70	3.07	8.30	65.3	5	44.0
18.488	4.88	2.44	11.89	2.54	2.90	7.35	61.8	5	46.0
18.884	4.43	2.45	10.85	2.38	2.77	6.61	61.0	5	47.0
19.280	4.15	2.46	10.21	2.30	2.66	6.11	59.8	5	48.0
19.676	3.66	2.46	8.99	2.21	2.53	5.58	62.1	5	50.0
20.071	3.36	2.47	8.30	2.09	2.42	5.06	60.9	5	51.0
20.466	3.07	2.46	7.55	1.98	2.30	4.56	60.3	5	52.0
20.861	2.98	2.46	7.36	1.90	2.21	4.19	57.0	5	53.0
21.256	2.65	2.46	6.52	1.83	2.13	3.91	59.9	5	55.0
21.651	2.50	2.46	6.15	1.71	2.02	3.45	56.1	5	56.0
22.046	2.17	2.46	5.35	1.63	1.92	3.12	58.4	5	57.0
22.441	2.01	2.46	4.96	1.55	1.87	2.90	58.5	5	58.0
22.836	1.81	2.45	4.43	1.49	1.77	2.64	59.5	5	60.0
23.231	1.83	2.46	4.51	1.40	1.70	2.38	52.8	5	61.0
23.626	1.56	2.46	3.84	1.33	1.59	2.10	54.8	5	62.0
24.021	1.50	2.46	3.69	1.24	1.54	1.91	51.7	5	63.0
24.416	1.35	2.46	3.33	1.21	1.45	1.76	53.0	5	65.0
24.811	1.20	2.47	2.97	1.11	1.42	1.57	52.9	5	66.0
25.206	1.27	2.46	3.13	1.05	1.30	1.37	43.9	5	67.0
25.601	1.16	2.47	2.86	1.02	1.30	1.32	46.1	5	68.0
25.996	1.05	2.46	2.57	0.95	1.22	1.15	44.8	5	70.0
26.391	0.88	2.46	2.17	0.86	1.15	0.99	45.7	5	71.0
26.786	1.00	2.46	2.45	0.84	1.10	0.93	37.8	5	72.0
27.181	0.82	2.46	2.02	0.81	1.07	0.87	43.2	5	73.0
27.576	0.73	2.46	1.80	0.75	1.00	0.75	41.8	5	75.0
27.971	0.66	2.46	1.63	0.67	0.94	0.63	38.4	5	76.0
28.366	0.90	2.47	2.22	0.65	0.88	0.57	25.6	5	77.0
28.761	0.61	2.46	1.49	0.59	0.84	0.49	33.0	5	78.0
29.156	0.71	2.46	1.75	0.54	0.78	0.42	24.1	5	80.0
29.551	0.60	2.47	1.49	0.51	0.74	0.37	25.1	5	81.0
29.946	0.48	2.46	1.17	0.48	0.70	0.34	28.8	5	82.0
30.341	0.44	2.45	1.08	0.44	0.65	0.29	27.0	5	83.0
30.736	0.43	2.46	1.05	0.41	0.64	0.26	24.7	5	85.0
31.131	0.32	2.45	0.78	0.35	0.60	0.21	27.0	5	86.0
31.526	0.36	2.46	0.89	0.33	0.56	0.18	20.7	5	87.0
31.921	0.27	2.46	0.67	0.31	0.50	0.16	23.3	5	88.0
32.316	0.39	2.46	0.96	0.27	0.49	0.13	13.8	5	90.0
32.711	0.33	2.47	0.82	0.23	0.41	0.09	11.3	5	91.0
33.106	0.29	2.46	0.71	0.18	0.41	0.07	10.5	5	92.0
33.501	0.33	2.47	0.83	0.16	0.38	0.06	7.3	5	93.0
33.895	0.29	2.47	0.71	0.12	0.38	0.04	6.3	5	95.0
34.289	36.78	0.15	5.59	0.16	0.36	0.06	1.0	5	1.0
141.816	39.25	0.00	0.00	0.01	0.00	0.00	0.0	5	0.0
142.210	39.30	0.02	0.77	0.32	0.15	0.05	6.4	5	1.0
142.605	39.07	0.04	1.46	0.76	0.61	0.47	32.1	5	2.0
143.001	39.14	0.08	2.99	1.20	1.05	1.26	42.0	5	3.0
143.397	38.81	0.12	4.85	1.64	1.53	2.51	51.7	5	5.0
143.793	38.72	0.19	7.48	2.00	1.89	3.78	50.6	5	6.0
144.189	38.82	0.25	9.77	2.41	2.33	5.63	57.6	5	7.0
144.585	38.66	0.33	12.79	2.77	2.68	7.43	58.1	5	9.0
144.982	38.53	0.46	17.79	3.27	3.25	10.64	59.8	5	10.0
145.381	38.41	0.58	22.30	3.68	3.71	13.63	61.1	5	11.0
145.780	38.02	0.72	27.19	4.06	4.08	16.56	60.9	5	12.0
146.179	37.68	0.87	32.88	4.54	4.56	20.70	63.0	5	14.0
146.578	37.24	1.07	40.02	4.99	5.04	25.13	62.8	5	15.0
146.977	36.81	1.26	46.50	5.41	5.47	29.60	63.6	5	16.0
147.376	36.37	1.45	52.68	5.71	5.81	33.16	63.0	5	17.0
147.775	35.78	1.69	60.34	6.14	6.24	38.29	63.5	5	19.0
148.174	34.75	1.92	66.79	6.52	6.64	43.25	64.8	5	20.0
148.573	33.83	2.15	72.60	6.78	6.94	47.02	64.8	5	21.0
148.972	34.16	2.45	83.83	7.30	7.48	54.58	65.1	5	22.0
149.371	34.56	2.93	101.23	8.01	8.22	65.83	65.0	5	24.0
149.771	34.03	3.30	112.18	8.41	8.67	72.86	64.9	5	25.0
150.171	33.33	3.62	120.67	8.72	8.99	78.38	65.0	5	26.0
150.571	32.47	3.94	127.79	8.99	9.22	82.89	64.9	5	28.0
150.971	31.16	4.35	135.50	9.25	9.52	88.10	65.0	5	29.0
151.371	29.90	4.65	139.05	9.36	9.61	89.93	64.7	5	30.0
151.771	28.37	4.87	138.19	9.35	9.61	89.84	65.0	5	31.0
152.171	26.38	5.05	133.26	9.17	9.42	86.33	64.8	5	33.0
152.571	23.83	5.14	122.53	8.71	8.97	78.08	63.7	5	34.0
152.971	21.76	5.17	112.48	8.34	8.55	71.31	63.4	5	35.0
153.371	19.92	5.19	103.31	8.01	8.21	65.80	63.7	5	36.0
153.771	17.85	5.21	92.96	7.55	7.71	58.24	62.6	5	38.0
154.170	16.13	5.22	84.21	7.17	7.33	52.54	62.4	5	39.0
154.569	14.85	5.22	77.58	6.85	7.00	47.96	61.8	5	40.0
154.968	13.64	5.24	71.46	6.57	6.72	44.13	61.8	5	42.0
155.367	12.17	5.24	63.80	6.18	6.28	38.83	60.9	5	43.0
155.766	11.21	5.24	58.78	5.88	6.01	35.31	60.1	5	44.0
156.165	10.30	5.24	53.94	5.64	5.69	32.10	59.5	5	45.0
156.564	9.51	5.25	49.88	5.38	5.45	29.33	58.8	5	47.0
156.962	8.60	5.25	45.21	5.10	5.11	26.09	57.7	5	48.0
157.360	7.87	5.26	41.38	4.83	4.88	23.57	57.0	5	49.0
157.758	7.29	5.25	38.31	4.64	4.64	21.53	56.2	5	50.0
158.156	6.70	5.26	35.26	4.47	4.46	19.95	56.6	5	52.0
158.554	6.04	5.27	31.81	4.18	4.17	17.43	54.8	5	53.0
158.952	5.60	5.26	29.44	3.99	4.00	15.97	54.2	5	54.0
159.350	5.19	5.27	27.37	3.81	3.78	14.40	52.6	5	55.0
159.748	4.70	5.27	24.77	3.63	3.60	13.06	52.7	5	57.0
160.146	4.22	5.27	22.24	3.41	3.41	11.61	52.2	5	58.0
160.544	4.01	5.26	21.12	3.26	3.22	10.49	49.7	5	59.0
160.942	3.78	5.26	19.86	3.10	3.06	9.49	47.8	5	60.0
161.339	3.50	5.23	18.30	2.92	2.82	8.23	45.0	5	62.0
161.736	3.21	5.23	16.79	2.77	2.69	7.45	44.4	5	63.0
162.133	3.01	5.24	15.79	2.63	2.53	6.65	42.1	5	64.0
162.530	2.83	5.27	14.90	2.52	2.43	6.12	41.1	5	66.0
162.927	2.53	5.27	13.31	2.35	2.26	5.32	40.0	5	67.0
163.324	2.33	5.28	12.31	2.24	2.14	4.80	39.0	5	68.0
163.721	2.26	5.28	11.96	2.11	2.00	4.22	35.3	5	69.0
164.118	2.03	5.29	10.71	2.01	1.87	3.75	35.1	5	71.0
164.515	1.88	5.29	9.94	1.89	1.75	3.30	33.2	5	72.0
164.911	1.78	5.28	9.40	1.76	1.66	2.93	31.1	5	73.0
165.307	1.69	5.28	8.91	1.68	1.55	2.61	29.3	5	74.0
165.703	1.59	5.27	8.37	1.58	1.44	2.28	27.2	5	76.0
166.099	1.49	5.28	7.89	1.47	1.27	1.87	23.7	5	77.0
166.495	1.40	5.29	7.39	1.36	1.20	1.63	22.0	5	78.0
166.891	1.38	5.29	7.32	1.29	1.11	1.43	19.5	5	79.0
167.287	1.23	5.29	6.50	1.18	1.01	1.19	18.4	5	81.0
167.683	1.28	5.29	6.78	1.08	0.84	0.90	13.3	5	82.0
168.079	1.17	5.28	6.16	1.00	0.78	0.78	12.6	5	83.0
168.475	1.10	5.29	5.82	0.95	0.71	0.67	11.6	5	84.0
168.871	0.92	5.29	4.86	0.83	0.64	0.54	11.0	5	86.0
169.267	0.92	5.29	4.84	0.77	0.53	0.41	8.4	5	87.0
169.662	0.91	5.30	4.83	0.70	0.49	0.35	7.2	5	88.0
170.057	0.91	5.30	4.84	0.60	0.39	0.23	4.8	5	89.0
170.452	0.84	5.29	4.45	0.56	0.35	0.20	4.4	5	91.0
170.847	0.75	5.29	3.97	0.45	0.21	0.10	2.4	5	92.0
171.242	0.71	5.30	3.76	0.43	0.23	0.10	2.6	5	93.0
171.637	0.78	5.29	4.10	0.35	0.13	0.04	1.1	5	94.0
172.032	35.87	0.49	17.40	0.04	0.00	0.00	0.0	5	0.0
172.428	39.19	0.06	2.29	0.57	0.41	0.24	10.3	5	2.0
415.340	38.93	0.05	2.13	0.00	0.45	0.00	0.1	5	0.0
415.734	39.02	0.07	2.89	0.37	0.81	0.30	10.5	5	1.0
416.130	38.80	0.10	3.84	0.76	1.21	0.92	23.8	5	2.0
416.526	38.75	0.14	5.26	1.21	1.66	2.00	38.1	5	3.0
416.922	38.74	0.19	7.25	1.63	2.14	3.49	48.1	5	5.0
417.318	38.73	0.25	9.54	2.02	2.51	5.08	53.3	5	6.0
417.714	38.72	0.32	12.52	2.37	2.96	7.01	56.0	5	7.0
418.111	38.43	0.39	15.09	2.77	3.32	9.20	61.0	5	9.0
418.508	38.43	0.52	19.91	3.24	3.85	12.49	62.7	5	10.0
418.907	38.38	0.65	25.02	3.66	4.28	15.70	62.8	5	11.0
419.306	38.23	0.76	29.02	4.07	4.71	19.15	66.0	5	12.0
419.705	38.13	0.93	35.55	4.53	5.16	23.41	65.8	5	14.0
420.104	37.80	1.13	42.61	5.05	5.70	28.82	67.6	5	15.0
420.503	37.62	1.33	50.07	5.48	6.14	33.69	67.3	5	16.0
420.902	37.47	1.53	57.45	5.89	6.60	38.87	67.7	5	17.0
421.301	37.21	1.80	66.80	6.39	7.09	45.30	67.8	5	19.0
421.700	36.82	2.08	76.44	6.89	7.63	52.57	68.8	5	20.0
422.099	36.52	2.34	85.62	7.32	8.02	58.66	68.5	5	21.0
422.498	36.28	2.62	94.94	7.72	8.41	64.92	68.4	5	22.0
422.897	35.56	3.05	108.63	8.21	8.98	73.77	67.9	5	24.0
423.297	34.92	3.39	118.35	8.62	9.41	81.12	68.5	5	25.0
423.697	34.31	3.74	128.24	8.99	9.75	87.60	68.3	5	26.0
424.097	33.65	4.09	137.80	9.33	10.08	94.04	68.2	5	28.0
424.498	32.51	4.51	146.75	9.62	10.39	99.97	68.1	5	29.0
424.899	31.04	4.85	150.54	9.79	10.53	103.05	68.5	5	30.0
425.301	29.77	5.09	151.47	9.75	10.54	102.74	67.8	5	31.0
425.703	27.54	5.27	145.09	9.56	10.29	98.39	67.8	5	33.0
426.104	24.91	5.34	132.92	9.07	9.82	88.98	66.9	5	34.0
426.504	22.39	5.37	120.24	8.68	9.40	81.63	67.9	5	35.0
426.904	20.76	5.38	111.63	8.30	9.02	74.84	67.0	5	36.0
427.304	18.44	5.39	99.45	7.83	8.53	66.75	67.1	5	38.0
427.703	16.75	5.39	90.30	7.42	8.15	60.48	67.0	5	39.0
428.102	15.20	5.39	81.90	7.10	7.76	55.06	67.2	5	40.0
428.501	14.04	5.40	75.76	6.74	7.42	50.07	66.1	5	42.0
428.900	12.57	5.39	67.76	6.36	7.03	44.74	66.0	5	43.0
429.299	11.39	5.38	61.32	6.02	6.67	40.16	65.5	5	44.0
429.698	10.59	5.38	56.97	5.79	6.39	37.04	65.0	5	45.0
430.097	9.73	5.37	52.26	5.50	6.10	33.55	64.2	5	47.0
430.495	8.80	5.36	47.15	5.22	5.82	30.40	64.5	5	48.0
430.893	8.14	5.35	43.57	4.96	5.53	27.42	62.9	5	49.0
431.291	7.38	5.35	39.48	4.73	5.33	25.21	63.9	5	50.0
431.689	6.78	5.34	36.22	4.46	5.09	22.70	62.7	5	52.0
432.087	6.13	5.33	32.68	4.24	4.83	20.49	62.7	5	53.0
432.485	5.61	5.32	29.87	4.05	4.65	18.83	63.0	5	54.0
432.883	5.29	5.30	28.03	3.86	4.44	17.13	61.1	5	55.0
433.281	4.76	5.30	25.19	3.61	4.23	15.25	60.6	5	57.0
433.679	4.22	5.28	22.29	3.44	3.99	13.73	61.6	5	58.0
434.077	4.07	5.28	21.52	3.26	3.86	12.59	58.5	5	59.0
434.475	3.87	5.26	20.39	3.16	3.68	11.64	57.1	5	60.0
434.873	3.48	5.26	18.34	2.92	3.45	10.08	55.0	5	62.0
435.271	3.30	5.25	17.35	2.79	3.31	9.22	53.2	5	63.0
435.668	2.91	5.24	15.24	2.64	3.18	8.39	55.1	5	64.0
436.065	2.90	5.22	15.14	2.48	2.99	7.41	48.9	5	66.0
436.462	2.58	5.22	13.45	2.32	2.85	6.62	49.2	5	67.0
436.859	2.32	5.20	12.07	2.21	2.67	5.89	48.8	5	68.0
437.256	2.18	5.19	11.33	2.12	2.55	5.41	47.7	5	69.0
437.653	1.93	5.19	10.04	1.97	2.41	4.76	47.4	5	71.0
438.050	1.84	5.17	9.49	1.82	2.32	4.24	44.6	5	72.0
438.446	1.81	5.16	9.35	1.74	2.21	3.84	41.1	5	73.0
438.842	1.45	5.15	7.46	1.66	2.10	3.49	46.8	5	74.0
439.238	1.50	5.15	7.70	1.52	1.95	2.96	38.4	5	76.0
439.634	1.38	5.13	7.09	1.44	1.84	2.66	37.5	5	77.0
440.030	1.31	5.14	6.72	1.30	1.74	2.26	33.7	5	78.0
440.426	1.16	5.12	5.92	1.25	1.66	2.06	34.8	5	79.0
440.822	1.21	5.11	6.19	1.13	1.60	1.80	29.1	5	81.0
441.218	1.09	5.09	5.53	1.05	1.48	1.56	28.1	5	82.0
441.614	0.97	5.10	4.92	0.96	1.41	1.35	27.5	5	83.0
442.010	0.90	5.08	4.59	0.92	1.32	1.21	26.4	5	84.0
442.406	0.98	5.08	4.96	0.81	1.22	0.99	19.9	5	86.0
442.802	0.97	5.09	4.96	0.73	1.14	0.83	16.7	5	87.0
443.198	0.96	5.07	4.87	0.67	1.05	0.71	14.5	5	88.0
443.594	0.86	5.08	4.38	0.64	1.01	0.65	14.9	5	89.0
443.990	0.91	5.08	4.63	0.53	0.92	0.49	10.6	5	91.0
444.386	0.88	5.07	4.44	0.46	0.87	0.39	8.9	5	92.0
444.781	0.86	5.06	4.35	0.40	0.84	0.34	7.8	5	93.0
445.176	0.82	5.06	4.16	0.35	0.76	0.27	6.5	5	94.0
445.571	35.88	0.44	15.70	0.05	0.48	0.02	0.2	5	0.0
445.967	38.68	0.10	3.78	0.61	1.07	0.65	17.1	5	2.0
612.884	38.54	0.50	19.23	2.56	3.05	7.81	40.6	5	0.0
613.280	38.95	0.07	2.92	0.45	0.81	0.36	12.4	5	1.0
36.069	39.38	0.03	1.31	0.02	0.42	0.01	0.6	5	0.0
36.463	39.27	0.06	2.53	0.54	1.01	0.55	21.7	5	2.0
36.858	39.20	0.11	4.49	1.09	1.54	1.68	37.4	5	3.0
37.253	39.20	0.15	5.95	1.49	1.97	2.93	49.3	5	4.0
37.648	39.10	0.19	7.41	1.79	2.26	4.04	54.5	5	5.0
38.043	38.94	0.25	9.73	2.23	2.70	6.03	62.0	5	7.0
38.438	38.81	0.35	13.43	2.67	3.17	8.48	63.1	5	8.0
38.834	38.48	0.45	17.16	3.05	3.60	10.98	64.0	5	9.0
39.231	38.25	0.53	20.23	3.37	3.92	13.22	65.4	5	10.0
39.629	37.98	0.69	26.05	3.87	4.47	17.31	66.5	5	12.0
40.027	38.07	0.84	32.12	4.35	4.98	21.64	67.4	5	13.0
40.425	38.16	1.00	38.23	4.79	5.41	25.88	67.7	5	14.0
40.823	37.90	1.17	44.40	5.18	5.81	30.09	67.8	5	16.0
41.221	37.45	1.43	53.38	5.74	6.37	36.54	68.4	5	17.0
41.619	37.14	1.68	62.35	6.17	6.82	42.11	67.5	5	18.0
42.017	36.72	1.89	69.23	6.54	7.26	47.46	68.6	5	19.0
42.415	36.32	2.11	76.64	6.89	7.60	52.37	68.3	5	21.0
42.813	35.43	2.45	86.91	7.35	8.07	59.32	68.3	5	22.0
43.211	34.62	2.73	94.40	7.66	8.37	64.09	67.9	5	23.0
43.609	33.43	2.97	99.16	7.88	8.66	68.23	68.8	5	24.0
44.007	31.76	3.22	102.14	7.94	8.73	69.30	67.9	5	26.0
44.406	29.26	3.39	99.13	7.84	8.61	67.49	68.1	5	27.0
44.804	26.58	3.44	91.52	7.52	8.25	62.03	67.8	5	28.0
45.202	24.17	3.47	83.88	7.22	7.96	57.44	68.5	5	29.0
45.600	21.64	3.49	75.61	6.82	7.52	51.30	67.8	5	31.0
45.998	19.21	3.51	67.34	6.46	7.15	46.20	68.6	5	32.0
46.396	17.61	3.52	62.05	6.18	6.85	42.33	68.2	5	33.0
46.794	15.83	3.52	55.70	5.88	6.54	38.44	69.0	5	34.0
47.192	14.21	3.53	50.19	5.55	6.20	34.37	68.5	5	36.0
47.590	12.92	3.53	45.59	5.23	5.88	30.77	67.5	5	37.0
47.988	11.71	3.54	41.45	5.00	5.64	28.20	68.0	5	38.0
48.386	10.83	3.53	38.20	4.79	5.40	25.83	67.6	5	40.0
48.784	9.68	3.53	34.20	4.53	5.13	23.25	68.0	5	41.0
49.181	8.89	3.53	31.40	4.28	4.87	20.86	66.4	5	42.0
49.578	8.10	3.56	28.85	4.10	4.69	19.23	66.7	5	43.0
49.975	7.63	3.56	27.14	3.92	4.49	17.57	64.7	5	45.0
50.372	6.75	3.55	23.97	3.72	4.27	15.89	66.3	5	46.0
50.769	6.18	3.55	21.94	3.49	4.08	14.23	64.8	5	47.0
51.166	5.74	3.56	20.42	3.36	3.92	13.15	64.4	5	48.0
51.563	5.24	3.56	18.63	3.21	3.75	12.03	64.6	5	50.0
51.960	4.63	3.56	16.48	3.04	3.57	10.87	65.9	5	51.0
52.357	4.25	3.56	15.12	2.90	3.41	9.90	65.4	5	52.0
52.753	3.98	3.56	14.15	2.78	3.30	9.18	64.9	5	53.0
53.149	3.71	3.56	13.21	2.64	3.15	8.30	62.8	5	55.0
53.545	3.42	3.56	12.19	2.49	2.99	7.45	61.1	5	56.0
53.941	3.07	3.55	10.93	2.36	2.88	6.81	62.3	5	57.0
54.337	2.97	3.56	10.57	2.27	2.83	6.42	60.7	5	58.0
54.733	2.56	3.57	9.14	2.16	2.64	5.70	62.4	5	60.0
55.128	2.44	3.57	8.71	2.05	2.57	5.28	60.6	5	61.0
55.523	2.38	3.57	8.51	1.94	2.42	4.70	55.2	5	62.0
55.918	1.96	3.57	7.00	1.86	2.34	4.36	62.2	5	63.0
56.313	1.88	3.58	6.73	1.74	2.19	3.83	56.9	5	65.0
56.708	1.80	3.58	6.45	1.63	2.11	3.44	53.4	5	66.0
57.103	1.71	3.58	6.11	1.57	1.99	3.13	51.2	5	67.0
57.498	1.68	3.58	6.01	1.49	1.96	2.92	48.6	5	68.0
57.893	1.28	3.59	4.59	1.39	1.84	2.55	55.7	5	70.0
58.288	1.49	3.58	5.32	1.32	1.73	2.29	43.0	5	71.0
58.683	1.18	3.60	4.26	1.26	1.67	2.10	49.3	5	72.0
59.078	1.14	3.60	4.09	1.14	1.60	1.83	44.7	5	73.0
59.473	0.95	3.60	3.43	1.09	1.54	1.68	48.9	5	75.0
59.868	1.04	3.60	3.74	1.01	1.43	1.44	38.5	5	76.0
60.263	0.94	3.60	3.40	0.96	1.38	1.32	38.9	5	77.0
60.658	0.96	3.60	3.44	0.89	1.32	1.17	34.0	5	78.0
61.053	0.87	3.62	3.17	0.83	1.24	1.04	32.7	5	80.0
61.448	0.79	3.61	2.85	0.77	1.16	0.89	31.1	5	81.0
61.843	0.79	3.61	2.87	0.71	1.15	0.81	28.4	5	82.0
62.238	0.68	3.62	2.45	0.65	1.05	0.69	28.0	5	84.0
62.633	0.57	3.62	2.06	0.60	1.00	0.60	29.0	5	85.0
63.028	0.48	3.62	1.75	0.53	0.92	0.49	27.9	5	86.0
63.423	0.58	3.62	2.09	0.50	0.90	0.45	21.4	5	87.0
63.818	0.56	3.64	2.04	0.44	0.86	0.38	18.6	5	89.0
64.213	0.27	3.64	0.99	0.39	0.78	0.30	30.9	5	90.0
64.608	0.46	3.65	1.67	0.32	0.74	0.24	14.1	5	91.0
65.003	0.41	3.65	1.48	0.31	0.74	0.23	15.8	5	92.0
65.398	0.46	3.65	1.68	0.24	0.69	0.16	9.8	5	94.0
65.792	3.60	3.36	12.09	0.20	0.65	0.13	1.1	5	0.0
66.186	38.09	0.17	6.57	0.22	0.66	0.15	2.3	5	1.0
66.580	39.37	0.08	3.14	0.72	1.18	0.85	27.0	5	2.0
66.975	39.51	0.11	4.38	1.20	1.67	2.01	45.8	5	3.0
67.370	39.40	0.15	5.89	1.53	2.00	3.06	51.9	5	5.0
67.765	39.21	0.21	8.14	1.94	2.43	4.73	58.1	5	6.0
68.160	39.21	0.29	11.39	2.38	2.91	6.91	60.7	5	7.0
68.556	39.04	0.38	14.67	2.76	3.31	9.13	62.2	5	8.0
68.952	39.04	0.47	18.19	3.13	3.71	11.62	63.9	5	10.0
69.350	38.95	0.60	23.44	3.66	4.23	15.49	66.1	5	11.0
69.748	38.58	0.74	28.43	4.07	4.67	19.02	66.9	5	12.0
70.146	38.50	0.89	34.19	4.49	5.13	23.02	67.3	5	13.0
70.544	38.14	1.07	41.00	4.93	5.58	27.50	67.1	5	15.0
70.942	38.13	1.29	49.29	5.47	6.12	33.45	67.9	5	16.0
71.340	37.62	1.50	56.55	5.86	6.52	38.22	67.6	5	17.0
71.738	37.30	1.72	64.03	6.28	6.96	43.71	68.3	5	18.0
72.136	36.88	1.99	73.32	6.70	7.41	49.68	67.8	5	20.0
72.534	36.28	2.29	82.95	7.16	7.89	56.45	68.1	5	21.0
72.932	35.62	2.55	90.72	7.49	8.23	61.62	67.9	5	22.0
73.330	34.74	2.80	97.35	7.81	8.56	66.81	68.6	5	23.0
73.728	33.53	3.12	104.77	8.09	8.84	71.48	68.2	5	25.0
74.127	31.87	3.39	108.17	8.24	9.00	74.21	68.6	5	26.0
74.526	29.89	3.57	106.61	8.16	8.88	72.41	67.9	5	27.0
74.925	27.47	3.63	99.62	7.88	8.67	68.35	68.6	5	29.0
75.323	24.41	3.66	89.35	7.42	8.15	60.50	67.7	5	30.0
75.721	21.95	3.69	80.92	7.08	7.84	55.50	68.6	5	31.0
76.119	19.94	3.69	73.62	6.75	7.45	50.31	68.3	5	32.0
76.517	18.02	3.71	66.87	6.44	7.10	45.69	68.3	5	34.0
76.915	16.08	3.72	59.75	6.03	6.71	40.43	67.7	5	35.0
77.313	14.52	3.73	54.23	5.75	6.42	36.92	68.1	5	36.0
77.711	13.33	3.73	49.81	5.48	6.12	33.56	67.4	5	37.0
78.109	12.05	3.74	45.11	5.23	5.88	30.78	68.2	5	39.0
78.507	10.91	3.74	40.84	4.93	5.59	27.54	67.4	5	40.0
78.905	9.95	3.75	37.26	4.72	5.35	25.24	67.8	5	41.0
79.302	9.25	3.74	34.60	4.48	5.10	22.88	66.1	5	42.0
79.699	8.22	3.75	30.82	4.25	4.86	20.65	67.0	5	44.0
80.096	7.55	3.74	28.19	4.02	4.63	18.59	66.0	5	45.0
80.493	6.88	3.75	25.81	3.84	4.42	16.98	65.8	5	46.0
80.890	6.47	3.74	24.18	3.64	4.21	15.32	63.4	5	47.0
81.287	5.79	3.73	21.61	3.48	4.02	13.98	64.7	5	49.0
81.684	5.23	3.73	19.51	3.31	3.83	12.69	65.1	5	50.0
82.081	4.91	3.75	18.40	3.15	3.69	11.63	63.2	5	51.0
82.478	4.56	3.74	17.09	3.03	3.56	10.78	63.1	5	53.0
82.875	4.18	3.73	15.58	2.82	3.38	9.55	61.3	5	54.0
83.271	3.74	3.75	14.03	2.71	3.25	8.82	62.8	5	55.0
83.667	3.50	3.73	13.06	2.57	3.10	7.96	60.9	5	56.0
84.063	3.21	3.74	12.00	2.47	2.98	7.34	61.2	5	58.0
84.459	2.75	3.73	10.23	2.30	2.77	6.37	62.2	5	59.0
84.855	2.73	3.72	10.15	2.19	2.69	5.90	58.1	5	60.0
85.251	2.56	3.71	9.51	2.09	2.57	5.38	56.5	5	61.0
85.646	2.33	3.72	8.67	2.02	2.47	5.00	57.7	5	63.0
86.041	2.00	3.72	7.46	1.87	2.30	4.29	57.5	5	64.0
86.436	1.90	3.71	7.03	1.79	2.25	4.03	57.3	5	65.0
86.831	1.84	3.71	6.83	1.69	2.11	3.57	52.3	5	66.0
87.226	1.76	3.72	6.56	1.62	2.05	3.31	50.4	5	68.0
87.621	1.58	3.70	5.84	1.47	1.92	2.82	48.4	5	69.0
88.016	1.35	3.71	5.00	1.42	1.88	2.67	53.3	5	70.0
88.411	1.32	3.70	4.88	1.32	1.76	2.32	47.7	5	71.0
88.806	1.23	3.69	4.53	1.27	1.72	2.18	48.1	5	73.0
89.201	1.02	3.68	3.77	1.16	1.61	1.87	49.7	5	74.0
89.596	1.00	3.68	3.69	1.09	1.57	1.71	46.3	5	75.0
89.991	1.00	3.67	3.67	1.02	1.47	1.50	41.0	5	76.0
90.386	0.89	3.49	3.11	0.92	1.34	1.24	39.9	5	78.0
90.781	0.97	3.57	3.47	0.83	1.27	1.05	30.4	5	79.0
91.176	0.84	3.69	3.08	0.83	1.28	1.06	34.4	5	80.0
91.571	0.78	3.69	2.88	0.77	1.22	0.95	32.8	5	81.0
91.966	0.76	3.70	2.82	0.69	1.09	0.75	26.7	5	83.0
92.361	0.54	3.70	1.98	0.65	1.04	0.68	34.5	5	84.0
92.756	0.71	3.69	2.63	0.61	0.99	0.60	22.9	5	85.0
93.151	0.52	3.69	1.93	0.54	0.92	0.50	25.8	5	86.0
93.546	0.62	3.70	2.27	0.48	0.87	0.42	18.5	5	88.0
93.941	0.55	3.69	2.05	0.45	0.80	0.36	17.5	5	89.0
94.336	0.49	3.71	1.82	0.38	0.76	0.29	15.9	5	90.0
94.731	0.45	3.71	1.67	0.36	0.77	0.28	16.5	5	91.0
95.126	0.35	3.70	1.30	0.29	0.65	0.19	14.7	5	93.0
95.521	0.48	3.71	1.79	0.26	0.66	0.17	9.5	5	94.0
25.805	0.26	0.00	0.00	0.61	0.42	0.26	0.0	5	0.0
26.197	0.10	0.00	0.00	0.58	0.45	0.26	0.0	5	0.5
26.589	0.00	0.00	0.00	0.56	0.44	0.25	0.0	5	1.0
26.981	0.00	0.00	0.00	0.59	0.46	0.27	0.0	5	1.5
27.373	0.00	0.00	0.00	0.54	0.44	0.24	0.0	5	2.5
27.765	0.00	0.00	0.00	0.53	0.44	0.23	0.0	5	3.0
28.157	0.00	0.00	0.00	0.51	0.46	0.23	0.0	5	3.5
28.549	0.00	0.00	0.00	0.50	0.46	0.23	0.0	5	4.0
60.514	0.27	0.01	0.00	0.52	0.51	0.26	0.0	5	0.0
60.906	0.20	0.01	0.00	0.52	0.51	0.27	0.0	5	0.5
61.298	0.00	0.01	0.00	0.54	0.53	0.29	0.0	5	1.0
61.690	0.00	0.00	0.00	0.54	0.50	0.27	0.0	5	1.5
62.082	0.00	0.01	0.00	0.54	0.52	0.28	0.0	5	2.5
62.474	0.00	0.01	0.00	0.48	0.53	0.26	0.0	5	3.0
105.846	0.15	0.00	0.00	0.07	0.53	0.04	0.0	5	0.0
106.240	0.18	0.01	0.00	0.13	0.51	0.07	0.0	5	0.5
106.634	0.00	0.01	0.00	0.33	0.53	0.18	0.0	5	1.5
107.028	0.00	0.00	0.00	0.38	0.50	0.19	0.0	5	2.0
107.422	0.00	0.00	0.00	0.35	0.51	0.18	0.0	5	2.5
107.815	0.00	0.01	0.00	0.39	0.52	0.21	0.0	5	3.0
108.208	0.00	0.01	0.00	0.41	0.50	0.20	0.0	5	4.0
108.602	0.00	0.01	0.00	0.37	0.52	0.20	0.0	5	4.5
108.995	0.00	0.00	0.00	0.38	0.54	0.21	0.0	5	5.0
109.388	0.00	0.01	0.00	0.39	0.51	0.20	0.0	5	5.5
109.782	0.00	0.00	0.00	0.37	0.53	0.20	0.0	5	6.5
110.175	0.00	0.00	0.00	0.35	0.52	0.19	0.0	5	7.0
110.568	0.00	0.00	0.00	0.37	0.54	0.20	0.0	5	7.5
110.962	0.00	0.00	0.00	0.35	0.53	0.19	0.0	5	8.0
111.355	0.00	0.01	0.00	0.35	0.54	0.19	0.0	5	9.0
111.748	0.00	0.01	0.00	0.32	0.52	0.17	0.0	5	9.5
112.142	0.00	0.00	0.00	0.32	0.54	0.17	0.0	5	10.0
112.537	0.00	0.00	0.00	0.31	0.51	0.16	0.0	5	10.5
112.932	0.00	0.00	0.00	0.33	0.56	0.19	0.0	5	11.5
113.327	0.00	0.01	0.00	0.29	0.52	0.15	0.0	5	12.0
113.722	0.00	0.00	0.00	0.31	0.51	0.16	0.0	5	12.5
114.117	0.00	0.00	0.00	0.27	0.51	0.14	0.0	5	13.0
114.512	0.00	0.00	0.00	0.30	0.51	0.15	0.0	5	14.0
114.907	0.00	0.00	0.00	0.28	0.54	0.15	0.0	5	14.5
115.302	0.00	0.00	0.00	0.30	0.51	0.15	0.0	5	15.0
115.697	0.00	0.00	0.00	0.28	0.55	0.16	0.0	5	15.5
116.092	0.03	0.00	0.00	0.29	0.51	0.15	0.0	5	16.5
116.487	0.03	0.00	0.00	0.31	0.56	0.17	0.0	5	17.0
116.882	0.08	0.00	0.00	0.33	0.52	0.17	0.0	5	17.5
117.277	0.10	0.00	0.00	0.30	0.51	0.16	0.0	5	18.0
117.672	0.14	0.01	0.00	0.33	0.53	0.17	0.0	5	19.0
118.067	0.07	0.01	0.00	0.34	0.55	0.19	0.0	5	19.5
118.462	0.21	0.00	0.00	0.36	0.52	0.19	0.0	5	20.0
118.857	0.06	0.00	0.00	0.35	0.53	0.18	0.0	5	20.5
119.252	0.19	0.00	0.00	0.34	0.51	0.18	0.0	5	21.5
119.647	0.00	0.02	0.00	0.38	0.53	0.20	0.0	5	22.0
120.042	0.10	0.01	0.00	0.38	0.52	0.20	0.0	5	22.5
120.437	0.11	0.00	0.00	0.40	0.54	0.21	0.0	5	23.0
120.832	0.25	0.01	0.00	0.40	0.50	0.20	0.0	5	24.0
121.227	0.00	0.00	0.00	0.43	0.51	0.22	0.0	5	24.5
121.622	0.07	0.00	0.00	0.45	0.51	0.23	0.0	5	25.0
122.017	0.08	0.00	0.00	0.46	0.55	0.25	0.0	5	25.5
122.412	0.10	0.00	0.00	0.45	0.51	0.23	0.0	5	26.5
122.807	0.10	0.00	0.00	0.49	0.54	0.27	0.0	5	27.0
123.202	0.10	0.00	0.00	0.52	0.52	0.27	0.0	5	27.5
123.597	0.22	0.00	0.00	0.51	0.53	0.27	0.0	5	28.0
123.992	0.09	0.00	0.00	0.57	0.50	0.28	0.0	5	29.0
124.387	0.19	0.00	0.00	0.58	0.48	0.27	0.0	5	29.5
124.782	0.17	0.00	0.00	0.57	0.53	0.30	0.0	5	30.0
125.177	0.16	0.01	0.00	0.61	0.50	0.31	0.0	5	31.0
125.572	0.12	0.01	0.00	0.63	0.53	0.34	0.0	5	31.5
125.967	0.17	0.00	0.00	0.64	0.50	0.32	0.0	5	32.0
126.362	0.11	0.00	0.00	0.64	0.53	0.34	0.0	5	32.5
126.757	0.21	0.00	0.00	0.66	0.48	0.32	0.0	5	33.5
127.152	0.17	0.01	0.00	0.67	0.52	0.35	0.0	5	34.0
127.547	0.37	0.01	0.00	0.67	0.52	0.35	0.0	5	34.5
127.942	0.20	0.00	0.00	0.69	0.53	0.36	0.0	5	35.0
128.337	0.19	0.00	0.00	0.69	0.52	0.36	0.0	5	36.0
128.732	0.23	0.00	0.00	0.68	0.53	0.36	0.0	5	36.5
129.127	0.21	0.00	0.00	0.67	0.50	0.34	0.0	5	37.0
129.522	0.05	0.00	0.00	0.67	0.51	0.34	0.0	5	37.5
129.917	0.10	0.00	0.00	0.68	0.53	0.36	0.0	5	38.5
130.312	0.00	0.00	0.00	0.71	0.52	0.37	0.0	5	39.0
130.707	0.00	0.00	0.00	0.66	0.51	0.34	0.0	5	39.5
131.102	0.00	0.00	0.00	0.64	0.55	0.35	0.0	5	40.0
131.497	0.00	0.00	0.00	0.63	0.52	0.33	0.0	5	41.0
131.892	0.00	0.00	0.00	0.63	0.56	0.35	0.0	5	41.5
132.287	0.00	0.00	0.00	0.61	0.51	0.31	0.0	5	42.0
132.682	0.00	0.00	0.00	0.59	0.56	0.33	0.0	5	42.5
133.077	0.01	0.00	0.00	0.56	0.51	0.29	0.0	5	43.5
133.472	0.01	0.00	0.00	0.57	0.53	0.30	0.0	5	44.0
133.867	0.02	0.00	0.00	0.51	0.53	0.27	0.0	5	44.5
134.262	0.00	0.00	0.00	0.52	0.55	0.28	0.0	5	45.0
134.657	0.00	0.01	0.00	0.49	0.52	0.26	0.0	5	46.0
135.052	0.00	0.01	0.00	0.48	0.53	0.25	0.0	5	46.5
135.447	0.01	0.00	0.00	0.47	0.56	0.26	0.0	5	47.0
135.842	0.00	0.00	0.00	0.46	0.53	0.24	0.0	5	47.5
136.237	0.00	0.00	0.00	0.43	0.54	0.23	0.0	5	48.5
136.632	0.02	0.00	0.00	0.43	0.53	0.23	0.0	5	49.0
137.027	0.00	0.01	0.00	0.43	0.54	0.23	0.0	5	49.5
137.422	0.15	0.02	0.00	0.40	0.49	0.19	0.0	5	50.0
137.817	0.07	0.01	0.00	0.39	0.51	0.20	0.0	5	51.0
138.212	0.19	0.00	0.00	0.39	0.46	0.18	0.0	5	51.5
138.607	0.00	0.02	0.00	0.35	0.50	0.17	0.0	5	52.0
139.002	0.08	0.01	0.00	0.35	0.50	0.17	0.0	5	52.5
139.397	0.00	0.01	0.00	0.35	0.51	0.18	0.0	5	53.5
139.792	0.01	0.01	0.00	0.33	0.49	0.16	0.0	5	54.0
140.187	0.00	0.01	0.00	0.32	0.47	0.15	0.0	5	54.5
140.582	0.15	0.02	0.00	0.36	0.46	0.17	0.0	5	55.0
140.977	0.00	0.01	0.00	0.34	0.52	0.18	0.0	5	56.0
141.372	0.21	0.00	0.00	0.31	0.46	0.14	0.0	5	56.5
141.767	0.06	0.00	0.00	0.32	0.51	0.17	0.0	5	57.0
142.162	0.00	0.00	0.00	0.36	0.48	0.17	0.0	5	57.5
142.557	0.05	0.00	0.00	0.34	0.51	0.17	0.0	5	58.5
142.952	0.09	0.00	0.00	0.36	0.48	0.17	0.0	5	59.0
143.347	0.10	0.01	0.00	0.39	0.51	0.20	0.0	5	59.5
143.742	0.14	0.01	0.00	0.39	0.48	0.19	0.0	5	60.0
144.137	0.19	0.00	0.00	0.41	0.53	0.22	0.0	5	61.0
144.532	0.22	0.01	0.00	0.41	0.51	0.21	0.0	5	61.5
144.927	0.14	0.02	0.00	0.43	0.50	0.22	0.0	5	62.0
145.322	0.11	0.01	0.00	0.44	0.47	0.21	0.0	5	62.5
145.717	0.06	0.01	0.00	0.47	0.49	0.23	0.0	5	63.5
146.112	0.05	0.01	0.00	0.47	0.49	0.23	0.0	5	64.0
146.507	0.15	0.00	0.00	0.50	0.49	0.25	0.0	5	64.5
146.902	0.01	0.00	0.00	0.50	0.52	0.26	0.0	5	65.0
147.297	0.07	0.00	0.00	0.53	0.50	0.27	0.0	5	66.0
147.692	0.13	0.01	0.00	0.56	0.53	0.30	0.0	5	66.5
148.087	0.18	0.00	0.00	0.59	0.51	0.30	0.0	5	67.0
148.482	0.29	0.00	0.00	0.61	0.48	0.30	0.0	5	67.5
148.877	0.22	0.00	0.00	0.62	0.48	0.29	0.0	5	68.5
149.272	0.00	0.01	0.00	0.64	0.51	0.33	0.0	5	69.0
149.667	0.16	0.01	0.00	0.67	0.50	0.33	0.0	5	69.5
150.062	0.06	0.00	0.00	0.67	0.51	0.34	0.0	5	70.0
150.457	0.25	0.00	0.00	0.70	0.48	0.34	0.0	5	71.0
150.852	0.11	0.00	0.00	0.77	0.50	0.39	0.0	5	71.5
151.247	0.23	0.02	0.00	0.78	0.46	0.36	0.0	5	72.0
151.642	0.15	0.01	0.00	0.83	0.52	0.43	0.0	5	72.5
152.037	0.31	0.01	0.00	0.82	0.48	0.39	0.0	5	73.5
152.432	0.17	0.01	0.00	0.86	0.52	0.45	0.0	5	74.0
152.827	0.17	0.01	0.00	0.91	0.51	0.47	0.0	5	74.5
153.222	0.14	0.01	0.00	0.96	0.50	0.48	0.0	5	75.5
153.617	0.25	0.01	0.00	0.96	0.48	0.46	0.0	5	76.0
154.012	0.05	0.00	0.00	0.99	0.51	0.50	0.0	5	76.5
154.407	0.13	0.00	0.00	1.02	0.49	0.50	0.0	5	77.0
154.802	0.33	0.00	0.00	1.00	0.51	0.51	0.0	5	78.0
155.197	0.28	0.00	0.00	1.00	0.49	0.49	0.0	5	78.5
155.592	0.00	0.00	0.00	0.99	0.47	0.46	0.0	5	79.0
155.987	0.10	0.00	0.00	0.92	0.51	0.47	0.0	5	79.5
156.382	0.04	0.00	0.00	0.92	0.48	0.45	0.0	5	80.5
156.777	0.13	0.00	0.00	0.84	0.50	0.42	0.0	5	81.0
157.172	0.10	0.00	0.00	0.85	0.50	0.42	0.0	5	81.5
157.567	0.02	0.00	0.00	0.80	0.52	0.42	0.0	5	82.0
157.962	0.13	0.00	0.00	0.78	0.48	0.38	0.0	5	83.0
158.357	0.14	0.01	0.00	0.78	0.53	0.41	0.0	5	83.5
158.752	0.09	0.01	0.00	0.74	0.49	0.37	0.0	5	84.0
159.147	0.00	0.00	0.00	0.70	0.52	0.36	0.0	5	84.5
159.542	0.08	0.00	0.00	0.70	0.48	0.33	0.0	5	85.5
159.937	0.00	0.01	0.00	0.67	0.51	0.34	0.0	5	86.0
160.332	0.05	0.01	0.00	0.65	0.49	0.32	0.0	5	86.5
160.727	0.00	0.01	0.00	0.65	0.52	0.34	0.0	5	87.0
161.122	0.11	0.00	0.00	0.62	0.49	0.31	0.0	5	88.0
161.517	0.00	0.01	0.00	0.60	0.52	0.31	0.0	5	88.5
161.912	0.06	0.00	0.00	0.58	0.50	0.29	0.0	5	89.0
162.307	0.00	0.00	0.00	0.55	0.51	0.28	0.0	5	89.5
162.702	0.14	0.00	0.00	0.54	0.47	0.25	0.0	5	90.5
163.097	0.19	0.00	0.00	0.52	0.51	0.26	0.0	5	91.0
163.492	0.12	0.00	0.00	0.50	0.48	0.24	0.0	5	91.5
163.887	0.00	0.01	0.00	0.49	0.50	0.25	0.0	5	92.0
164.282	0.15	0.00	0.00	0.47	0.49	0.23	0.0	5	93.0
164.677	0.02	0.01	0.00	0.47	0.51	0.24	0.0	5	93.5
165.072	0.05	0.01	0.00	0.48	0.50	0.24	0.0	5	94.0
165.467	0.00	0.01	0.00	0.45	0.53	0.23	0.0	5	94.5
165.862	0.05	0.01	0.00	0.42	0.49	0.21	0.0	5	0.0
166.256	0.07	0.01	0.00	0.41	0.51	0.21	0.0	5	0.5
166.650	0.00	0.00	0.00	0.46	0.48	0.22	0.0	5	1.5
167.043	0.00	0.00	0.00	0.48	0.49	0.24	0.0	5	2.0
167.437	0.00	0.00	0.00	0.43	0.49	0.21	0.0	5	2.5
167.830	0.00	0.01	0.00	0.45	0.49	0.22	0.0	5	3.0
168.223	0.00	0.00	0.00	0.45	0.50	0.23	0.0	5	4.0
168.617	0.00	0.00	0.00	0.45	0.53	0.24	0.0	5	4.5
169.010	0.00	0.00	0.00	0.41	0.53	0.22	0.0	5	5.0
173.737	0.00	0.01	0.00	0.30	0.52	0.16	0.0	5	12.5
174.132	0.00	0.02	0.00	0.32	0.51	0.16	0.0	5	13.0
174.527	0.00	0.01	0.00	0.31	0.52	0.16	0.0	5	14.0
174.922	0.11	0.02	0.00	0.29	0.50	0.14	0.0	5	14.5
175.317	0.10	0.01	0.00	0.33	0.55	0.18	0.0	5	15.0
21.125	0.00	0.00	0.00	0.10	0.00	0.00	0.0	5	0.5
21.472	0.00	0.00	0.00	0.18	0.00	0.00	0.0	5	1.0
21.819	0.00	0.00	0.00	0.39	0.00	0.00	0.0	5	1.5
22.166	0.00	0.00	0.00	0.44	0.00	0.00	0.0	5	2.0
22.513	0.00	0.00	0.00	0.44	0.00	0.00	0.0	5	2.5
22.860	0.00	0.00	0.00	0.47	0.00	0.00	0.0	5	3.0
23.207	0.00	0.00	0.00	0.45	0.00	0.00	0.0	5	3.5
23.554	0.00	0.00	0.00	0.46	0.00	0.00	0.0	5	4.0
23.901	0.00	0.00	0.00	0.45	0.00	0.00	0.0	5	4.5
24.248	0.00	0.00	0.00	0.48	0.00	0.00	0.0	5	5.0
24.595	0.00	0.00	0.00	0.44	0.00	0.00	0.0	5	6.0
24.942	0.00	0.00	0.00	0.41	0.00	0.00	0.0	5	6.5
25.289	0.00	0.00	0.00	0.43	0.00	0.00	0.0	5	7.0
25.636	0.00	0.00	0.00	0.42	0.00	0.00	0.0	5	7.5
25.983	0.00	0.00	0.00	0.41	0.00	0.00	0.0	5	8.0
26.330	0.00	0.00	0.00	0.43	0.00	0.00	0.0	5	8.5
26.677	0.00	0.00	0.00	0.40	0.00	0.00	0.0	5	9.0
27.024	0.00	0.00	0.00	0.37	0.00	0.00	0.0	5	9.5
27.371	0.00	0.00	0.00	0.39	0.00	0.00	0.0	5	10.0
27.718	0.00	0.00	0.00	0.39	0.00	0.00	0.0	5	10.5
28.065	0.00	0.00	0.00	0.40	0.00	0.00	0.0	5	11.5
28.412	0.00	0.00	0.00	0.37	0.00	0.00	0.0	5	12.0
28.759	0.00	0.00	0.00	0.37	0.00	0.00	0.0	5	12.5
29.106	0.00	0.00	0.00	0.34	0.00	0.00	0.0	5	13.0
29.453	0.00	0.00	0.00	0.35	0.00	0.00	0.0	5	13.5
29.800	0.00	0.00	0.00	0.33	0.00	0.00	0.0	5	14.0
30.147	0.00	0.00	0.00	0.35	0.00	0.00	0.0	5	14.5
30.494	0.00	0.00	0.00	0.36	0.00	0.00	0.0	5	15.0
30.841	0.00	0.00	0.00	0.34	0.00	0.00	0.0	5	15.5
31.188	0.00	0.00	0.00	0.35	0.00	0.00	0.0	5	16.0
31.535	0.00	0.00	0.00	0.34	0.00	0.00	0.0	5	17.0
31.882	0.00	0.00	0.00	0.36	0.00	0.00	0.0	5	17.5
32.229	0.00	0.00	0.00	0.34	0.00	0.00	0.0	5	18.0
32.576	0.00	0.00	0.00	0.41	0.00	0.00	0.0	5	18.5
32.923	0.00	0.00	0.00	0.41	0.00	0.00	0.0	5	19.0
33.270	0.00	0.00	0.00	0.40	0.00	0.00	0.0	5	19.5
33.617	0.00	0.00	0.00	0.43	0.00	0.00	0.0	5	20.0
33.964	0.00	0.00	0.00	0.42	0.00	0.00	0.0	5	20.5
34.311	0.00	0.00	0.00	0.43	0.00	0.00	0.0	5	21.0
34.658	0.00	0.00	0.00	0.42	0.00	0.00	0.0	5	22.0
35.005	0.00	0.00	0.00	0.46	0.00	0.00	0.0	5	22.5
35.352	0.00	0.00	0.00	0.48	0.00	0.00	0.0	5	23.0
35.699	0.00	0.00	0.00	0.49	0.00	0.00	0.0	5	23.5
36.046	0.00	0.00	0.00	0.50	0.00	0.00	0.0	5	24.0
36.393	0.00	0.00	0.00	0.53	0.00	0.00	0.0	5	24.5
36.740	0.00	0.00	0.00	0.59	0.00	0.00	0.0	5	25.0
37.087	0.04	0.00	0.00	0.56	0.00	0.00	0.0	5	25.5
37.434	0.18	0.00	0.00	0.57	0.00	0.00	0.0	5	26.0
37.781	0.00	0.00	0.00	0.54	0.00	0.00	0.0	5	26.5
38.128	0.00	0.00	0.00	0.59	0.00	0.00	0.0	5	27.5
38.475	0.14	0.00	0.00	0.57	0.00	0.00	0.0	5	28.0
38.822	0.06	0.00	0.00	0.64	0.00	0.00	0.0	5	28.5
39.169	0.03	0.00	0.00	0.65	0.00	0.00	0.0	5	29.0
39.516	0.09	0.00	0.00	0.64	0.00	0.00	0.0	5	29.5
39.863	0.00	0.00	0.00	0.64	0.00	0.00	0.0	5	30.0
40.210	0.00	0.00	0.00	0.69	0.00	0.00	0.0	5	30.5
40.557	0.12	0.00	0.00	0.73	0.00	0.00	0.0	5	31.0
40.904	0.03	0.00	0.00	0.73	0.00	0.00	0.0	5	31.5
41.251	0.17	0.00	0.00	0.71	0.00	0.00	0.0	5	32.0
41.598	0.00	0.00	0.00	0.75	0.00	0.00	0.0	5	33.0
41.945	0.13	0.00	0.00	0.76	0.00	0.00	0.0	5	33.5
42.292	0.08	0.00	0.00	0.78	0.00	0.00	0.0	5	34.0
42.639	0.11	0.00	0.00	0.77	0.00	0.00	0.0	5	34.5
42.986	0.02	0.00	0.00	0.79	0.00	0.00	0.0	5	35.0
43.333	0.05	0.00	0.00	0.79	0.00	0.00	0.0	5	35.5
43.680	0.07	0.00	0.00	0.79	0.00	0.00	0.0	5	36.0
44.027	0.09	0.00	0.00	0.79	0.00	0.00	0.0	5	36.5
44.374	0.13	0.00	0.00	0.78	0.00	0.00	0.0	5	37.0
44.721	0.00	0.00	0.00	0.76	0.00	0.00	0.0	5	37.5
45.068	0.00	0.00	0.00	0.79	0.00	0.00	0.0	5	38.5
45.415	0.00	0.00	0.00	0.80	0.00	0.00	0.0	5	39.0
45.762	0.00	0.00	0.00	0.79	0.00	0.00	0.0	5	39.5
46.109	0.00	0.00	0.00	0.75	0.00	0.00	0.0	5	40.0
46.456	0.00	0.00	0.00	0.72	0.00	0.00	0.0	5	40.5
46.803	0.00	0.00	0.00	0.71	0.00	0.00	0.0	5	41.0
47.150	0.00	0.00	0.00	0.69	0.00	0.00	0.0	5	41.5
47.497	0.00	0.00	0.00	0.68	0.00	0.00	0.0	5	42.0
47.844	0.00	0.00	0.00	0.67	0.00	0.00	0.0	5	42.5
48.191	0.00	0.00	0.00	0.65	0.00	0.00	0.0	5	43.0
48.538	0.00	0.00	0.00	0.65	0.00	0.00	0.0	5	44.0
48.885	0.00	0.00	0.00	0.61	0.00	0.00	0.0	5	44.5
49.232	0.00	0.00	0.00	0.61	0.00	0.00	0.0	5	45.0
49.579	0.00	0.00	0.00	0.59	0.00	0.00	0.0	5	45.5
49.926	0.00	0.00	0.00	0.58	0.00	0.00	0.0	5	46.0
50.273	0.00	0.00	0.00	0.55	0.00	0.00	0.0	5	46.5
50.620	0.00	0.00	0.00	0.54	0.00	0.00	0.0	5	47.0
50.967	0.00	0.00	0.00	0.54	0.00	0.00	0.0	5	47.5
51.314	0.00	0.00	0.00	0.51	0.00	0.00	0.0	5	48.0
51.661	0.00	0.00	0.00	0.51	0.00	0.00	0.0	5	48.5
52.008	0.00	0.00	0.00	0.50	0.00	0.00	0.0	5	49.5
52.355	0.00	0.00	0.00	0.50	0.00	0.00	0.0	5	50.0
52.702	0.00	0.00	0.00	0.45	0.00	0.00	0.0	5	50.5
53.049	0.00	0.00	0.00	0.46	0.00	0.00	0.0	5	51.0
53.396	0.00	0.00	0.00	0.43	0.00	0.00	0.0	5	51.5
53.743	0.00	0.00	0.00	0.42	0.00	0.00	0.0	5	52.0
54.090	0.00	0.00	0.00	0.39	0.00	0.00	0.0	5	52.5
54.437	0.00	0.00	0.00	0.41	0.00	0.00	0.0	5	53.0
54.784	0.00	0.00	0.00	0.40	0.00	0.00	0.0	5	53.5
55.131	0.00	0.00	0.00	0.42	0.00	0.00	0.0	5	54.0
55.478	0.00	0.00	0.00	0.41	0.00	0.00	0.0	5	55.0
55.825	0.00	0.00	0.00	0.38	0.00	0.00	0.0	5	55.5
56.172	0.00	0.00	0.00	0.36	0.00	0.00	0.0	5	56.0
56.519	0.00	0.00	0.00	0.40	0.00	0.00	0.0	5	56.5
56.866	0.00	0.00	0.00	0.39	0.00	0.00	0.0	5	57.0
57.213	0.00	0.00	0.00	0.43	0.00	0.00	0.0	5	57.5
57.560	0.00	0.00	0.00	0.41	0.00	0.00	0.0	5	58.0
57.907	0.00	0.00	0.00	0.46	0.00	0.00	0.0	5	58.5
58.254	0.00	0.00	0.00	0.44	0.00	0.00	0.0	5	59.0
58.601	0.00	0.00	0.00	0.45	0.00	0.00	0.0	5	59.5
58.948	0.00	0.00	0.00	0.45	0.00	0.00	0.0	5	60.5
59.295	0.00	0.00	0.00	0.47	0.00	0.00	0.0	5	61.0
59.642	0.00	0.00	0.00	0.47	0.00	0.00	0.0	5	61.5
59.989	0.00	0.00	0.00	0.49	0.00	0.00	0.0	5	62.0
60.336	0.00	0.00	0.00	0.51	0.00	0.00	0.0	5	62.5
60.683	0.00	0.00	0.00	0.51	0.00	0.00	0.0	5	63.0
61.030	0.00	0.00	0.00	0.53	0.00	0.00	0.0	5	63.5
61.377	0.00	0.00	0.00	0.53	0.00	0.00	0.0	5	64.0
61.724	0.00	0.00	0.00	0.56	0.00	0.00	0.0	5	64.5
62.071	0.00	0.00	0.00	0.61	0.00	0.00	0.0	5	65.5
62.418	0.00	0.00	0.00	0.59	0.00	0.00	0.0	5	66.0
62.765	0.00	0.00	0.00	0.65	0.00	0.00	0.0	5	66.5
63.112	0.00	0.00	0.00	0.65	0.00	0.00	0.0	5	67.0
63.459	0.00	0.00	0.00	0.66	0.00	0.00	0.0	5	67.5
63.806	0.02	0.00	0.00	0.73	0.00	0.00	0.0	5	68.0
64.153	0.00	0.00	0.00	0.70	0.00	0.00	0.0	5	68.5
64.500	0.00	0.00	0.00	0.72	0.00	0.00	0.0	5	69.0
64.847	0.00	0.00	0.00	0.78	0.00	0.00	0.0	5	69.5
65.194	0.00	0.00	0.00	0.76	0.00	0.00	0.0	5	70.0
65.541	0.00	0.00	0.00	0.83	0.00	0.00	0.0	5	71.0
65.888	0.00	0.00	0.00	0.86	0.00	0.00	0.0	5	71.5
66.235	0.00	0.00	0.00	0.90	0.00	0.00	0.0	5	72.0
66.582	0.00	0.00	0.00	0.90	0.00	0.00	0.0	5	72.5
66.929	0.00	0.00	0.00	0.93	0.00	0.00	0.0	5	73.0
67.276	0.00	0.00	0.00	0.97	0.00	0.00	0.0	5	73.5
67.623	0.07	0.00	0.00	1.02	0.00	0.00	0.0	5	74.0
67.970	0.00	0.00	0.00	1.03	0.00	0.00	0.0	5	74.5
68.317	0.00	0.00	0.00	1.02	0.00	0.00	0.0	5	75.0
68.664	0.00	0.00	0.00	1.11	0.00	0.00	0.0	5	75.5
69.011	0.16	0.00	0.00	1.10	0.00	0.00	0.0	5	76.5
69.358	0.06	0.00	0.00	1.11	0.00	0.00	0.0	5	77.0
69.705	0.06	0.00	0.00	1.13	0.00	0.00	0.0	5	77.5
70.052	0.12	0.00	0.00	1.12	0.00	0.00	0.0	5	78.0
70.399	0.00	0.00	0.00	1.11	0.00	0.00	0.0	5	78.5
70.746	0.00	0.00	0.00	1.11	0.00	0.00	0.0	5	79.0
71.093	0.00	0.00	0.00	1.08	0.00	0.00	0.0	5	79.5
71.440	0.00	0.00	0.00	1.04	0.00	0.00	0.0	5	80.0
71.787	0.00	0.00	0.00	0.99	0.00	0.00	0.0	5	80.5
72.134	0.00	0.00	0.00	0.98	0.00	0.00	0.0	5	81.0
72.481	0.00	0.00	0.00	0.93	0.00	0.00	0.0	5	82.0
72.828	0.00	0.00	0.00	0.92	0.00	0.00	0.0	5	82.5
73.175	0.00	0.00	0.00	0.87	0.00	0.00	0.0	5	83.0
73.522	0.00	0.00	0.00	0.91	0.00	0.00	0.0	5	83.5
73.869	0.00	0.00	0.00	0.85	0.00	0.00	0.0	5	84.0
74.216	0.00	0.00	0.00	0.82	0.00	0.00	0.0	5	84.5
74.563	0.00	0.00	0.00	0.79	0.00	0.00	0.0	5	85.0
74.910	0.00	0.00	0.00	0.75	0.00	0.00	0.0	5	85.5
75.257	0.00	0.00	0.00	0.77	0.00	0.00	0.0	5	86.0
75.604	0.00	0.00	0.00	0.75	0.00	0.00	0.0	5	86.5
75.951	0.00	0.00	0.00	0.75	0.00	0.00	0.0	5	87.5
76.298	0.00	0.00	0.00	0.69	0.00	0.00	0.0	5	88.0
76.645	0.00	0.00	0.00	0.70	0.00	0.00	0.0	5	88.5
76.992	0.00	0.00	0.00	0.72	0.00	0.00	0.0	5	89.0
77.339	0.00	0.00	0.00	0.64	0.00	0.00	0.0	5	89.5
77.686	0.00	0.00	0.00	0.64	0.00	0.00	0.0	5	90.0
78.033	0.00	0.00	0.00	0.62	0.00	0.00	0.0	5	90.5
78.380	0.00	0.00	0.00	0.60	0.00	0.00	0.0	5	91.0
78.727	0.00	0.00	0.00	0.58	0.00	0.00	0.0	5	91.5
79.074	0.00	0.00	0.00	0.54	0.00	0.00	0.0	5	92.0
79.421	0.00	0.00	0.00	0.56	0.00	0.00	0.0	5	93.0
79.768	0.00	0.00	0.00	0.54	0.00	0.00	0.0	5	93.5
80.115	0.00	0.00	0.00	0.54	0.00	0.00	0.0	5	94.0
80.462	0.00	0.00	0.00	0.51	0.00	0.00	0.0	5	94.5
80.809	0.00	0.00	0.00	0.49	0.00	0.00	0.0	5	0.0
81.156	0.00	0.00	0.00	0.50	0.00	0.00	0.0	5	0.5
81.503	0.00	0.00	0.00	0.49	0.00	0.00	0.0	5	1.0
81.850	0.00	0.00	0.00	0.52	0.00	0.00	0.0	5	1.5
82.197	0.00	0.00	0.00	0.50	0.00	0.00	0.0	5	2.0
82.544	0.00	0.00	0.00	0.54	0.00	0.00	0.0	5	2.5
82.891	0.00	0.00	0.00	0.53	0.00	0.00	0.0	5	3.0
83.238	0.00	0.00	0.00	0.50	0.00	0.00	0.0	5	3.5
83.585	0.00	0.00	0.00	0.51	0.00	0.00	0.0	5	4.0
83.932	0.00	0.00	0.00	0.52	0.00	0.00	0.0	5	4.5
84.279	0.00	0.00	0.00	0.49	0.00	0.00	0.0	5	5.5
84.626	0.00	0.00	0.00	0.48	0.00	0.00	0.0	5	6.0
84.973	0.00	0.00	0.00	0.48	0.00	0.00	0.0	5	6.5
85.320	0.00	0.00	0.00	0.45	0.00	0.00	0.0	5	7.0
85.667	0.00	0.00	0.00	0.40	0.00	0.00	0.0	5	7.5
86.014	0.00	0.00	0.00	0.42	0.00	0.00	0.0	5	8.0
86.361	0.00	0.00	0.00	0.42	0.00	0.00	0.0	5	8.5
86.708	0.00	0.00	0.00	0.41	0.00	0.00	0.0	5	9.0
87.055	0.00	0.00	0.00	0.41	0.00	0.00	0.0	5	9.5
87.402	0.00	0.00	0.00	0.40	0.00	0.00	0.0	5	10.0
87.749	0.00	0.00	0.00	0.38	0.00	0.00	0.0	5	11.0
88.096	0.00	0.00	0.00	0.39	0.00	0.00	0.0	5	11.5
88.443	0.00	0.00	0.00	0.38	0.00	0.00	0.0	5	12.0
88.790	0.00	0.00	0.00	0.36	0.00	0.00	0.0	5	12.5
89.137	0.00	0.00	0.00	0.37	0.00	0.00	0.0	5	13.0
89.484	0.00	0.00	0.00	0.31	0.00	0.00	0.0	5	13.5
89.831	0.00	0.00	0.00	0.36	0.00	0.00	0.0	5	14.0
90.178	0.00	0.00	0.00	0.34	0.00	0.00	0.0	5	14.5
90.525	0.00	0.00	0.00	0.34	0.00	0.00	0.0	5	15.0
90.872	0.00	0.00	0.00	0.38	0.00	0.00	0.0	5	15.5
91.219	0.00	0.00	0.00	0.34	0.00	0.00	0.0	5	16.5
91.566	0.00	0.00	0.00	0.39	0.00	0.00	0.0	5	17.0
91.913	0.00	0.00	0.00	0.36	0.00	0.00	0.0	5	17.5
92.260	0.00	0.00	0.00	0.35	0.00	0.00	0.0	5	18.0
92.607	0.00	0.00	0.00	0.40	0.00	0.00	0.0	5	18.5
92.954	0.00	0.00	0.00	0.41	0.00	0.00	0.0	5	19.0
93.301	0.00	0.00	0.00	0.41	0.00	0.00	0.0	5	19.5
93.648	0.00	0.00	0.00	0.41	0.00	0.00	0.0	5	20.0
93.995	0.00	0.00	0.00	0.45	0.00	0.00	0.0	5	20.5
94.342	0.00	0.00	0.00	0.43	0.00	0.00	0.0	5	21.0
94.689	0.00	0.00	0.00	0.47	0.00	0.00	0.0	5	22.0
95.036	0.00	0.00	0.00	0.45	0.00	0.00	0.0	5	22.5
95.383	0.00	0.00	0.00	0.46	0.00	0.00	0.0	5	23.0
114.468	0.00	0.00	0.00	0.16	0.00	0.00	0.0	5	0.0
114.815	0.00	0.00	0.00	0.18	0.00	0.00	0.0	5	0.5
19.068	0.02	0.00	0.00	0.06	0.00	0.00	0.0	5	0.0
19.128	0.00	0.00	0.00	0.08	0.00	0.00	0.0	5	0.0
19.231	0.02	0.00	0.00	0.09	0.00	0.00	0.0	5	0.0
19.375	0.01	0.00	0.00	0.09	0.00	0.00	0.0	5	0.5
19.435	0.00	0.00	0.00	0.09	0.00	0.00	0.0	5	0.5
19.538	0.05	0.00	0.00	0.13	0.00	0.00	0.0	5	0.5
19.682	0.00	0.00	0.00	0.22	0.00	0.00	0.0	5	1.0
19.742	0.00	0.00	0.00	0.25	0.00	0.00	0.0	5	1.0
19.845	0.00	0.00	0.00	0.34	0.00	0.00	0.0	5	1.0
19.989	0.00	0.00	0.00	0.41	0.00	0.00	0.0	5	1.5
20.049	0.00	0.00	0.00	0.42	0.00	0.00	0.0	5	1.5
20.152	0.00	0.00	0.00	0.41	0.00	0.00	0.0	5	1.5
20.296	0.00	0.00	0.00	0.43	0.00	0.00	0.0	5	2.0
20.356	0.00	0.00	0.00	0.42	0.00	0.00	0.0	5	2.0
20.459	0.00	0.00	0.00	0.42	0.00	0.00	0.0	5	2.0
20.603	0.00	0.00	0.00	0.43	0.00	0.00	0.0	5	2.5
20.663	0.00	0.00	0.00	0.43	0.00	0.00	0.0	5	2.5
20.766	0.00	0.00	0.00	0.43	0.00	0.00	0.0	5	2.5
20.910	0.00	0.00	0.00	0.45	0.00	0.00	0.0	5	3.0
20.970	0.00	0.00	0.00	0.45	0.00	0.00	0.0	5	3.0
21.073	0.00	0.00	0.00	0.45	0.00	0.00	0.0	5	3.0
21.217	0.00	0.00	0.00	0.44	0.00	0.00	0.0	5	3.5
21.277	0.00	0.00	0.00	0.46	0.00	0.00	0.0	5	3.5
21.380	0.00	0.00	0.00	0.46	0.00	0.00	0.0	5	3.5
21.524	0.00	0.00	0.00	0.44	0.00	0.00	0.0	5	4.0
21.584	0.00	0.00	0.00	0.46	0.00	0.00	0.0	5	4.0
21.687	0.00	0.00	0.00	0.46	0.00	0.00	0.0	5	4.0
21.831	0.00	0.00	0.00	0.45	0.00	0.00	0.0	5	4.5
21.891	0.00	0.00	0.00	0.46	0.00	0.00	0.0	5	4.5
21.994	0.00	0.00	0.00	0.46	0.00	0.00	0.0	5	4.5
22.138	0.00	0.00	0.00	0.44	0.00	0.00	0.0	5	5.0
22.198	0.00	0.00	0.00	0.44	0.00	0.00	0.0	5	5.0
22.301	0.00	0.00	0.00	0.43	0.00	0.00	0.0	5	5.0
22.445	0.00	0.00	0.00	0.43	0.00	0.00	0.0	5	5.5
22.505	0.00	0.00	0.00	0.43	0.00	0.00	0.0	5	5.5
22.608	0.00	0.00	0.00	0.43	0.00	0.00	0.0	5	5.5
22.752	0.00	0.00	0.00	0.43	0.00	0.00	0.0	5	6.0
22.812	0.00	0.00	0.00	0.43	0.00	0.00	0.0	5	6.0
22.915	0.00	0.00	0.00	0.42	0.00	0.00	0.0	5	6.0
23.059	0.00	0.00	0.00	0.43	0.00	0.00	0.0	5	6.5
23.119	0.00	0.00	0.00	0.44	0.00	0.00	0.0	5	6.5
23.222	0.00	0.00	0.00	0.46	0.00	0.00	0.0	5	6.5
23.366	0.00	0.00	0.00	0.40	0.00	0.00	0.0	5	6.5
23.426	0.00	0.00	0.00	0.41	0.00	0.00	0.0	5	7.0
23.529	0.00	0.00	0.00	0.40	0.00	0.00	0.0	5	7.0
23.673	0.00	0.00	0.00	0.39	0.00	0.00	0.0	5	7.0
23.733	0.00	0.00	0.00	0.42	0.00	0.00	0.0	5	7.5
23.836	0.00	0.00	0.00	0.42	0.00	0.00	0.0	5	7.5
23.980	0.00	0.00	0.00	0.43	0.00	0.00	0.0	5	7.5
24.040	0.00	0.00	0.00	0.44	0.00	0.00	0.0	5	8.0
24.143	0.00	0.00	0.00	0.43	0.00	0.00	0.0	5	8.0
24.287	0.00	0.00	0.00	0.40	0.00	0.00	0.0	5	8.0
24.347	0.00	0.00	0.00	0.41	0.00	0.00	0.0	5	8.5
24.450	0.00	0.00	0.00	0.41	0.00	0.00	0.0	5	8.5
24.594	0.00	0.00	0.00	0.40	0.00	0.00	0.0	5	8.5
24.654	0.00	0.00	0.00	0.39	0.00	0.00	0.0	5	9.0
24.757	0.00	0.00	0.00	0.38	0.00	0.00	0.0	5	9.0
24.901	0.00	0.00	0.00	0.41	0.00	0.00	0.0	5	9.0
24.961	0.00	0.00	0.00	0.39	0.00	0.00	0.0	5	9.5
25.064	0.00	0.00	0.00	0.39	0.00	0.00	0.0	5	9.5
25.208	0.00	0.00	0.00	0.38	0.01	0.00	0.0	5	9.5
25.268	0.00	0.00	0.00	0.36	0.00	0.00	0.0	5	10.0
25.371	0.00	0.00	0.00	0.37	0.00	0.00	0.0	5	10.0
25.515	0.00	0.00	0.00	0.37	0.00	0.00	0.0	5	10.0
25.575	0.00	0.00	0.00	0.38	0.00	0.00	0.0	5	10.0
25.678	0.00	0.00	0.00	0.35	0.00	0.00	0.0	5	10.5
25.822	0.00	0.00	0.00	0.39	0.00	0.00	0.0	5	10.5
25.882	0.00	0.00	0.00	0.38	0.00	0.00	0.0	5	10.5
25.985	0.00	0.00	0.00	0.35	0.00	0.00	0.0	5	11.0
26.129	0.00	0.00	0.00	0.35	0.00	0.00	0.0	5	11.0
26.189	0.00	0.00	0.00	0.36	0.00	0.00	0.0	5	11.0
26.292	0.00	0.00	0.00	0.36	0.00	0.00	0.0	5	11.5
26.436	0.00	0.00	0.00	0.38	0.00	0.00	0.0	5	11.5
26.496	0.00	0.00	0.00	0.37	0.00	0.00	0.0	5	11.5
26.599	0.00	0.00	0.00	0.35	0.00	0.00	0.0	5	12.0
26.743	0.00	0.00	0.00	0.34	0.00	0.00	0.0	5	12.0
26.803	0.00	0.00	0.00	0.34	0.00	0.00	0.0	5	12.0
26.906	0.00	0.00	0.00	0.35	0.00	0.00	0.0	5	12.5
27.050	0.00	0.00	0.00	0.34	0.00	0.00	0.0	5	12.5
27.110	0.00	0.00	0.00	0.36	0.00	0.00	0.0	5	12.5
27.213	0.00	0.00	0.00	0.35	0.00	0.00	0.0	5	13.0
27.357	0.00	0.00	0.00	0.33	0.00	0.00	0.0	5	13.0
27.417	0.00	0.00	0.00	0.32	0.00	0.00	0.0	5	13.0
27.520	0.00	0.00	0.00	0.32	0.00	0.00	0.0	5	13.5
27.664	0.00	0.00	0.00	0.31	0.00	0.00	0.0	5	13.5
27.724	0.00	0.00	0.00	0.32	0.00	0.00	0.0	5	13.5
27.827	0.00	0.00	0.00	0.31	0.00	0.00	0.0	5	14.0
27.971	0.00	0.00	0.00	0.33	0.00	0.00	0.0	5	14.0
28.031	0.00	0.00	0.00	0.32	0.00	0.00	0.0	5	14.0
28.134	0.00	0.00	0.00	0.31	0.00	0.00	0.0	5	14.5
28.278	0.00	0.00	0.00	0.31	0.00	0.00	0.0	5	14.5
28.338	0.00	0.00	0.00	0.32	0.00	0.00	0.0	5	14.5
28.441	0.00	0.00	0.00	0.32	0.00	0.00	0.0	5	15.0
28.585	0.00	0.00	0.00	0.33	0.00	0.00	0.0	5	15.0
28.645	0.00	0.00	0.00	0.32	0.00	0.00	0.0	5	15.0
28.748	0.00	0.00	0.00	0.32	0.00	0.00	0.0	5	15.5
28.892	0.00	0.00	0.00	0.32	0.00	0.00	0.0	5	15.5
28.952	0.00	0.00	0.00	0.32	0.00	0.00	0.0	5	15.5
29.055	0.00	0.00	0.00	0.33	0.00	0.00	0.0	5	16.0
29.199	0.00	0.00	0.00	0.30	0.00	0.00	0.0	5	16.0
29.259	0.01	0.00	0.00	0.33	0.00	0.00	0.0	5	16.0
29.362	0.06	0.00	0.00	0.35	0.00	0.00	0.0	5	16.5
29.506	0.00	0.00	0.00	0.33	0.00	0.00	0.0	5	16.5
29.566	0.00	0.00	0.00	0.34	0.00	0.00	0.0	5	16.5
29.669	0.01	0.00	0.00	0.34	0.00	0.00	0.0	5	17.0
29.813	0.00	0.00	0.00	0.36	0.00	0.00	0.0	5	17.0
29.873	0.00	0.00	0.00	0.35	0.00	0.00	0.0	5	17.0
29.976	0.02	0.00	0.00	0.35	0.00	0.00	0.0	5	17.0
30.120	0.04	0.00	0.00	0.32	0.00	0.00	0.0	5	17.5
30.180	0.04	0.00	0.00	0.35	0.00	0.00	0.0	5	17.5
30.283	0.04	0.00	0.00	0.35	0.00	0.00	0.0	5	17.5
30.427	0.00	0.00	0.00	0.33	0.00	0.00	0.0	5	18.0
30.487	0.00	0.00	0.00	0.35	0.00	0.00	0.0	5	18.0
30.590	0.00	0.00	0.00	0.34	0.00	0.00	0.0	5	18.0
30.734	0.00	0.00	0.00	0.37	0.00	0.00	0.0	5	18.5
30.794	0.00	0.00	0.00	0.36	0.00	0.00	0.0	5	18.5
30.897	0.00	0.00	0.00	0.36	0.00	0.00	0.0	5	18.5
31.041	0.00	0.00	0.00	0.37	0.00	0.00	0.0	5	19.0
31.101	0.00	0.00	0.00	0.37	0.00	0.00	0.0	5	19.0
31.204	0.00	0.00	0.00	0.37	0.00	0.00	0.0	5	19.0
31.348	0.00	0.00	0.00	0.38	0.00	0.00	0.0	5	19.5
31.408	0.00	0.00	0.00	0.40	0.00	0.00	0.0	5	19.5
31.511	0.04	0.00	0.00	0.39	0.00	0.00	0.0	5	19.5
31.655	0.04	0.00	0.00	0.37	0.00	0.00	0.0	5	20.0
31.715	0.05	0.00	0.00	0.37	0.00	0.00	0.0	5	20.0
31.818	0.07	0.00	0.00	0.39	0.00	0.00	0.0	5	20.0
31.962	0.03	0.00	0.00	0.41	0.00	0.00	0.0	5	20.5
32.022	0.05	0.00	0.00	0.40	0.00	0.00	0.0	5	20.5
32.125	0.03	0.00	0.00	0.41	0.00	0.00	0.0	5	20.5
32.269	0.03	0.00	0.00	0.40	0.00	0.00	0.0	5	21.0
32.329	0.02	0.00	0.00	0.42	0.00	0.00	0.0	5	21.0
32.432	0.01	0.00	0.00	0.42	0.00	0.00	0.0	5	21.0
32.576	0.23	0.00	0.00	0.42	0.00	0.00	0.0	5	21.5
32.636	0.18	0.00	0.00	0.43	0.00	0.00	0.0	5	21.5
32.739	0.03	0.00	0.00	0.44	0.00	0.00	0.0	5	21.5
32.883	0.06	0.00	0.00	0.45	0.00	0.00	0.0	5	22.0
32.943	0.00	0.00	0.00	0.45	0.00	0.00	0.0	5	22.0
33.046	0.04	0.00	0.00	0.43	0.00	0.00	0.0	5	22.0
33.190	0.20	0.00	0.00	0.44	0.00	0.00	0.0	5	22.5
33.250	0.13	0.00	0.00	0.44	0.00	0.00	0.0	5	22.5
33.353	0.05	0.00	0.00	0.46	0.00	0.00	0.0	5	22.5
33.497	0.04	0.00	0.00	0.46	0.00	0.00	0.0	5	23.0
33.557	0.06	0.00	0.00	0.44	0.00	0.00	0.0	5	23.0
33.660	0.06	0.00	0.00	0.46	0.00	0.00	0.0	5	23.0
33.804	0.08	0.00	0.00	0.47	0.00	0.00	0.0	5	23.5
33.864	0.14	0.00	0.00	0.48	0.00	0.00	0.0	5	23.5
33.967	0.14	0.00	0.00	0.46	0.00	0.00	0.0	5	23.5
34.111	0.00	0.00	0.00	0.48	0.00	0.00	0.0	5	24.0
34.171	0.00	0.00	0.00	0.49	0.00	0.00	0.0	5	24.0
34.274	0.01	0.00	0.00	0.49	0.00	0.00	0.0	5	24.0
34.418	0.09	0.00	0.00	0.50	0.00	0.00	0.0	5	24.5
34.478	0.16	0.00	0.00	0.50	0.00	0.00	0.0	5	24.5
34.581	0.10	0.00	0.00	0.50	0.00	0.00	0.0	5	24.5
34.725	0.08	0.00	0.00	0.51	0.00	0.00	0.0	5	25.0
34.785	0.16	0.00	0.00	0.52	0.00	0.00	0.0	5	25.0
34.888	0.20	0.00	0.00	0.53	0.00	0.00	0.0	5	25.0
35.032	0.24	0.00	0.00	0.51	0.00	0.00	0.0	5	25.5
35.092	0.14	0.00	0.00	0.54	0.00	0.00	0.0	5	25.5
35.195	0.09	0.00	0.00	0.56	0.00	0.00	0.0	5	25.5
35.339	0.04	0.00	0.00	0.55	0.00	0.00	0.0	5	26.0
35.399	0.07	0.00	0.00	0.56	0.00	0.00	0.0	5	26.0
35.502	0.09	0.00	0.00	0.54	0.00	0.00	0.0	5	26.0
35.646	0.20	0.00	0.00	0.53	0.00	0.00	0.0	5	26.0
35.706	0.12	0.00	0.00	0.54	0.00	0.00	0.0	5	26.5
35.809	0.13	0.00	0.00	0.54	0.00	0.00	0.0	5	26.5
35.953	0.13	0.00	0.00	0.56	0.00	0.00	0.0	5	26.5
36.013	0.13	0.00	0.00	0.56	0.00	0.00	0.0	5	27.0
36.116	0.13	0.00	0.00	0.58	0.00	0.00	0.0	5	27.0
36.260	0.19	0.00	0.00	0.57	0.00	0.00	0.0	5	27.0
36.320	0.16	0.00	0.00	0.57	0.00	0.00	0.0	5	27.5
36.423	0.10	0.00	0.00	0.57	0.00	0.00	0.0	5	27.5
36.567	0.10	0.00	0.00	0.59	0.00	0.00	0.0	5	27.5
36.627	0.10	0.00	0.00	0.60	0.00	0.00	0.0	5	28.0
36.730	0.19	0.00	0.00	0.62	0.00	0.00	0.0	5	28.0
36.874	0.30	0.00	0.00	0.62	0.00	0.00	0.0	5	28.0
36.934	0.15	0.00	0.00	0.62	0.00	0.00	0.0	5	28.5
37.037	0.02	0.00	0.00	0.60	0.00	0.00	0.0	5	28.5
37.181	0.05	0.00	0.00	0.64	0.00	0.00	0.0	5	28.5
37.241	0.10	0.00	0.00	0.62	0.00	0.00	0.0	5	29.0
37.344	0.14	0.00	0.00	0.62	0.00	0.00	0.0	5	29.0
37.488	0.16	0.00	0.00	0.68	0.00	0.00	0.0	5	29.0
37.548	0.26	0.00	0.00	0.67	0.00	0.00	0.0	5	29.5
37.651	0.21	0.00	0.00	0.66	0.00	0.00	0.0	5	29.5
37.795	0.16	0.00	0.00	0.66	0.00	0.00	0.0	5	29.5
37.855	0.08	0.00	0.00	0.66	0.00	0.00	0.0	5	29.5
37.958	0.22	0.00	0.00	0.65	0.00	0.00	0.0	5	30.0
38.102	0.12	0.00	0.00	0.66	0.00	0.00	0.0	5	30.0
38.162	0.13	0.00	0.00	0.66	0.00	0.00	0.0	5	30.0
38.265	0.16	0.00	0.00	0.67	0.00	0.00	0.0	5	30.5
38.409	0.11	0.00	0.00	0.69	0.00	0.00	0.0	5	30.5
38.469	0.13	0.00	0.00	0.69	0.00	0.00	0.0	5	30.5
38.572	0.18	0.00	0.00	0.70	0.00	0.00	0.0	5	31.0
38.716	0.12	0.00	0.00	0.70	0.00	0.00	0.0	5	31.0
38.776	0.18	0.00	0.00	0.70	0.00	0.00	0.0	5	31.0
38.879	0.07	0.00	0.00	0.72	0.00	0.00	0.0	5	31.5
39.023	0.18	0.00	0.00	0.72	0.00	0.00	0.0	5	31.5
39.083	0.17	0.00	0.00	0.73	0.00	0.00	0.0	5	31.5
39.186	0.17	0.00	0.00	0.70	0.00	0.00	0.0	5	32.0
39.330	0.22	0.00	0.00	0.73	0.00	0.00	0.0	5	32.0
39.390	0.09	0.00	0.00	0.74	0.00	0.00	0.0	5	32.0
39.493	0.21	0.00	0.00	0.74	0.00	0.00	0.0	5	32.5
39.637	0.18	0.00	0.00	0.70	0.00	0.00	0.0	5	32.5
39.697	0.19	0.00	0.00	0.71	0.00	0.00	0.0	5	32.5
39.800	0.21	0.00	0.00	0.74	0.00	0.00	0.0	5	33.0
39.944	0.18	0.00	0.00	0.75	0.00	0.00	0.0	5	33.0
40.004	0.22	0.00	0.00	0.76	0.00	0.00	0.0	5	33.0
40.107	0.22	0.00	0.00	0.74	0.00	0.00	0.0	5	33.5
40.251	0.31	0.00	0.00	0.76	0.00	0.00	0.0	5	33.5
40.311	0.26	0.00	0.00	0.79	0.00	0.00	0.0	5	33.5
40.414	0.24	0.00	0.00	0.80	0.00	0.00	0.0	5	34.0
40.558	0.14	0.00	0.00	0.81	0.00	0.00	0.0	5	34.0
40.618	0.11	0.00	0.00	0.79	0.00	0.00	0.0	5	34.0
40.721	0.21	0.00	0.00	0.79	0.00	0.00	0.0	5	34.5
40.865	0.05	0.00	0.00	0.77	0.00	0.00	0.0	5	34.5
40.925	0.09	0.00	0.00	0.79	0.00	0.00	0.0	5	34.5
41.028	0.07	0.00	0.00	0.80	0.00	0.00	0.0	5	35.0
41.172	0.22	0.00	0.00	0.83	0.00	0.00	0.0	5	35.0
41.232	0.16	0.00	0.00	0.79	0.00	0.00	0.0	5	35.0
41.335	0.21	0.00	0.00	0.79	0.00	0.00	0.0	5	35.5
41.479	0.20	0.00	0.00	0.79	0.00	0.00	0.0	5	35.5
41.539	0.26	0.00	0.00	0.78	0.00	0.00	0.0	5	35.5
41.642	0.26	0.00	0.00	0.78	0.00	0.00	0.0	5	36.0
41.786	0.20	0.00	0.00	0.78	0.00	0.00	0.0	5	36.0
41.846	0.21	0.00	0.00	0.78	0.00	0.00	0.0	5	36.0
41.949	0.21	0.00	0.00	0.81	0.00	0.00	0.0	5	36.0
42.093	0.16	0.00	0.00	0.79	0.00	0.00	0.0	5	36.5
42.153	0.07	0.00	0.00	0.78	0.00	0.00	0.0	5	36.5
42.256	0.13	0.00	0.00	0.77	0.00	0.00	0.0	5	36.5
42.400	0.17	0.00	0.00	0.78	0.00	0.00	0.0	5	37.0
42.460	0.16	0.00	0.00	0.79	0.00	0.00	0.0	5	37.0
42.563	0.06	0.00	0.00	0.78	0.00	0.00	0.0	5	37.0
42.707	0.19	0.00	0.00	0.80	0.00	0.00	0.0	5	37.5
42.767	0.26	0.00	0.00	0.79	0.00	0.00	0.0	5	37.5
42.870	0.18	0.00	0.00	0.78	0.00	0.00	0.0	5	37.5
43.014	0.05	0.00	0.00	0.76	0.00	0.00	0.0	5	38.0
43.074	0.02	0.00	0.00	0.77	0.00	0.00	0.0	5	38.0
43.177	0.09	0.00	0.00	0.78	0.00	0.00	0.0	5	38.0
43.321	0.00	0.00	0.00	0.77	0.00	0.00	0.0	5	38.5
43.381	0.00	0.00	0.00	0.77	0.00	0.00	0.0	5	38.5
43.484	0.00	0.00	0.00	0.79	0.00	0.00	0.0	5	38.5
43.628	0.00	0.00	0.00	0.76	0.00	0.00	0.0	5	39.0
43.688	0.00	0.00	0.00	0.74	0.00	0.00	0.0	5	39.0
43.791	0.03	0.00	0.00	0.75	0.00	0.00	0.0	5	39.0
43.935	0.10	0.00	0.00	0.78	0.00	0.00	0.0	5	39.5
43.995	0.09	0.00	0.00	0.77	0.00	0.00	0.0	5	39.5
44.098	0.01	0.00	0.00	0.76	0.00	0.00	0.0	5	39.5
44.242	0.00	0.00	0.00	0.75	0.00	0.00	0.0	5	40.0
44.302	0.00	0.00	0.00	0.75	0.00	0.00	0.0	5	40.0
44.405	0.00	0.00	0.00	0.74	0.00	0.00	0.0	5	40.0
44.549	0.00	0.00	0.00	0.73	0.00	0.00	0.0	5	40.5
44.609	0.00	0.00	0.00	0.73	0.00	0.00	0.0	5	40.5
44.712	0.00	0.00	0.00	0.72	0.00	0.00	0.0	5	40.5
44.856	0.00	0.00	0.00	0.72	0.00	0.00	0.0	5	41.0
44.916	0.00	0.00	0.00	0.70	0.00	0.00	0.0	5	41.0
45.019	0.00	0.00	0.00	0.71	0.00	0.00	0.0	5	41.0
45.163	0.01	0.00	0.00	0.73	0.00	0.00	0.0	5	41.5
45.223	0.00	0.00	0.00	0.70	0.00	0.00	0.0	5	41.5
45.326	0.00	0.00	0.00	0.69	0.00	0.00	0.0	5	41.5
45.470	0.00	0.00	0.00	0.69	0.00	0.00	0.0	5	42.0
45.530	0.00	0.00	0.00	0.68	0.00	0.00	0.0	5	42.0
45.633	0.00	0.00	0.00	0.68	0.00	0.00	0.0	5	42.0
45.777	0.00	0.00	0.00	0.68	0.00	0.00	0.0	5	42.5
45.837	0.00	0.00	0.00	0.69	0.00	0.00	0.0	5	42.5
45.940	0.00	0.00	0.00	0.68	0.00	0.00	0.0	5	42.5
46.084	0.00	0.00	0.00	0.65	0.00	0.00	0.0	5	43.0
46.144	0.00	0.00	0.00	0.65	0.00	0.00	0.0	5	43.0
46.247	0.00	0.00	0.00	0.64	0.00	0.00	0.0	5	43.0
46.391	0.00	0.00	0.00	0.63	0.00	0.00	0.0	5	43.5
46.451	0.00	0.00	0.00	0.62	0.00	0.00	0.0	5	43.5
46.554	0.00	0.00	0.00	0.63	0.00	0.00	0.0	5	43.5
46.698	0.04	0.00	0.00	0.64	0.00	0.00	0.0	5	44.0
46.758	0.00	0.00	0.00	0.63	0.00	0.00	0.0	5	44.0
46.861	0.03	0.00	0.00	0.62	0.00	0.00	0.0	5	44.0
47.005	0.00	0.00	0.00	0.63	0.00	0.00	0.0	5	44.5
47.065	0.00	0.00	0.00	0.59	0.00	0.00	0.0	5	44.5
47.168	0.00	0.00	0.00	0.58	0.00	0.00	0.0	5	44.5
47.312	0.00	0.00	0.00	0.63	0.00	0.00	0.0	5	45.0
47.372	0.00	0.00	0.00	0.60	0.00	0.00	0.0	5	45.0
47.475	0.00	0.00	0.00	0.59	0.00	0.00	0.0	5	45.0
47.619	0.00	0.00	0.00	0.57	0.00	0.00	0.0	5	45.0
47.679	0.01	0.00	0.00	0.59	0.00	0.00	0.0	5	45.5
47.782	0.06	0.00	0.00	0.60	0.00	0.00	0.0	5	45.5
47.926	0.00	0.00	0.00	0.56	0.00	0.00	0.0	5	45.5
47.986	0.00	0.00	0.00	0.56	0.00	0.00	0.0	5	46.0
48.089	0.00	0.00	0.00	0.55	0.00	0.00	0.0	5	46.0
48.233	0.00	0.00	0.00	0.53	0.00	0.00	0.0	5	46.0
48.293	0.00	0.00	0.00	0.54	0.00	0.00	0.0	5	46.5
48.396	0.00	0.00	0.00	0.56	0.00	0.00	0.0	5	46.5
48.540	0.00	0.00	0.00	0.57	0.00	0.00	0.0	5	46.5
48.600	0.01	0.00	0.00	0.56	0.00	0.00	0.0	5	47.0
48.703	0.00	0.00	0.00	0.55	0.00	0.00	0.0	5	47.0
48.847	0.00	0.00	0.00	0.54	0.00	0.00	0.0	5	47.0
48.907	0.00	0.00	0.00	0.53	0.00	0.00	0.0	5	47.5
49.010	0.00	0.00	0.00	0.51	0.00	0.00	0.0	5	47.5
49.154	0.00	0.00	0.00	0.49	0.00	0.00	0.0	5	47.5
49.214	0.00	0.00	0.00	0.52	0.00	0.00	0.0	5	48.0
49.317	0.00	0.00	0.00	0.50	0.00	0.00	0.0	5	48.0
49.461	0.09	0.00	0.00	0.51	0.00	0.00	0.0	5	48.0
49.521	0.00	0.00	0.00	0.49	0.00	0.00	0.0	5	48.5
49.624	0.00	0.00	0.00	0.49	0.00	0.00	0.0	5	48.5
49.768	0.01	0.00	0.00	0.49	0.00	0.00	0.0	5	48.5
49.828	0.00	0.00	0.00	0.47	0.00	0.00	0.0	5	49.0
49.931	0.00	0.00	0.00	0.50	0.00	0.00	0.0	5	49.0
50.075	0.00	0.00	0.00	0.51	0.00	0.00	0.0	5	49.0
50.135	0.00	0.00	0.00	0.51	0.00	0.00	0.0	5	49.0
50.238	0.00	0.00	0.00	0.48	0.00	0.00	0.0	5	49.5
50.382	0.00	0.00	0.00	0.49	0.00	0.00	0.0	5	49.5
50.442	0.00	0.00	0.00	0.47	0.00	0.00	0.0	5	49.5
50.545	0.00	0.00	0.00	0.46	0.00	0.00	0.0	5	50.0
50.689	0.06	0.00	0.00	0.46	0.00	0.00	0.0	5	50.0
50.749	0.02	0.00	0.00	0.45	0.00	0.00	0.0	5	50.0
50.852	0.00	0.00	0.00	0.45	0.00	0.00	0.0	5	50.5
50.996	0.00	0.00	0.00	0.46	0.00	0.00	0.0	5	50.5
51.056	0.00	0.00	0.00	0.47	0.00	0.00	0.0	5	50.5
51.159	0.00	0.00	0.00	0.44	0.00	0.00	0.0	5	51.0
51.303	0.00	0.00	0.00	0.44	0.00	0.00	0.0	5	51.0
51.363	0.00	0.00	0.00	0.42	0.00	0.00	0.0	5	51.0
51.466	0.00	0.00	0.00	0.43	0.00	0.00	0.0	5	51.5
51.610	0.00	0.00	0.00	0.44	0.00	0.00	0.0	5	51.5
51.670	0.00	0.00	0.00	0.44	0.00	0.00	0.0	5	51.5
51.773	0.00	0.00	0.00	0.43	0.00	0.00	0.0	5	52.0
51.917	0.00	0.00	0.00	0.43	0.00	0.00	0.0	5	52.0
51.977	0.00	0.00	0.00	0.43	0.00	0.00	0.0	5	52.0
52.080	0.00	0.00	0.00	0.43	0.00	0.00	0.0	5	52.5
52.224	0.00	0.00	0.00	0.39	0.00	0.00	0.0	5	52.5
52.284	0.00	0.00	0.00	0.37	0.00	0.00	0.0	5	52.5
52.387	0.00	0.00	0.00	0.41	0.00	0.00	0.0	5	53.0
52.531	0.00	0.00	0.00	0.39	0.00	0.00	0.0	5	53.0
52.591	0.00	0.00	0.00	0.38	0.00	0.00	0.0	5	53.0
52.694	0.00	0.00	0.00	0.38	0.00	0.00	0.0	5	53.5
52.838	0.03	0.00	0.00	0.38	0.00	0.00	0.0	5	53.5
52.898	0.00	0.00	0.00	0.41	0.00	0.00	0.0	5	53.5
53.001	0.00	0.00	0.00	0.38	0.00	0.00	0.0	5	54.0
53.145	0.00	0.00	0.00	0.41	0.00	0.00	0.0	5	54.0
53.205	0.00	0.00	0.00	0.39	0.00	0.00	0.0	5	54.0
53.308	0.00	0.00	0.00	0.41	0.00	0.00	0.0	5	54.5
53.452	0.00	0.00	0.00	0.37	0.00	0.00	0.0	5	54.5
53.512	0.00	0.00	0.00	0.38	0.00	0.00	0.0	5	54.5
53.615	0.00	0.00	0.00	0.38	0.00	0.00	0.0	5	55.0
53.759	0.00	0.00	0.00	0.37	0.00	0.00	0.0	5	55.0
53.819	0.00	0.00	0.00	0.37	0.00	0.00	0.0	5	55.0
53.922	0.01	0.00	0.00	0.39	0.00	0.00	0.0	5	55.0
54.066	0.00	0.00	0.00	0.37	0.00	0.00	0.0	5	55.5
54.126	0.00	0.00	0.00	0.37	0.00	0.00	0.0	5	55.5
54.229	0.00	0.00	0.00	0.38	0.00	0.00	0.0	5	55.5
54.373	0.00	0.00	0.00	0.39	0.00	0.00	0.0	5	56.0
54.433	0.00	0.00	0.00	0.38	0.00	0.00	0.0	5	56.0
54.536	0.00	0.00	0.00	0.38	0.00	0.00	0.0	5	56.0
54.680	0.00	0.00	0.00	0.38	0.00	0.00	0.0	5	56.5
54.740	0.00	0.00	0.00	0.38	0.00	0.00	0.0	5	56.5
54.843	0.00	0.00	0.00	0.38	0.00	0.00	0.0	5	56.5
54.987	0.00	0.00	0.00	0.40	0.00	0.00	0.0	5	57.0
55.047	0.00	0.00	0.00	0.38	0.00	0.00	0.0	5	57.0
55.150	0.00	0.00	0.00	0.38	0.00	0.00	0.0	5	57.0
55.294	0.00	0.00	0.00	0.41	0.00	0.00	0.0	5	57.5
55.354	0.00	0.00	0.00	0.39	0.00	0.00	0.0	5	57.5
55.457	0.00	0.00	0.00	0.38	0.00	0.00	0.0	5	57.5
55.601	0.00	0.00	0.00	0.38	0.00	0.00	0.0	5	58.0
55.661	0.00	0.00	0.00	0.38	0.00	0.00	0.0	5	58.0
55.764	0.00	0.00	0.00	0.40	0.00	0.00	0.0	5	58.0
55.908	0.00	0.00	0.00	0.38	0.00	0.00	0.0	5	58.5
55.968	0.00	0.00	0.00	0.40	0.00	0.00	0.0	5	58.5
56.071	0.00	0.00	0.00	0.41	0.00	0.00	0.0	5	58.5
56.215	0.00	0.00	0.00	0.43	0.00	0.00	0.0	5	59.0
56.275	0.00	0.00	0.00	0.42	0.00	0.00	0.0	5	59.0
56.378	0.00	0.00	0.00	0.42	0.00	0.00	0.0	5	59.0
56.522	0.00	0.00	0.00	0.42	0.00	0.00	0.0	5	59.5
56.582	0.00	0.00	0.00	0.43	0.00	0.00	0.0	5	59.5
56.685	0.00	0.00	0.00	0.42	0.00	0.00	0.0	5	59.5
56.829	0.00	0.00	0.00	0.45	0.00	0.00	0.0	5	60.0
56.889	0.00	0.00	0.00	0.44	0.00	0.00	0.0	5	60.0
56.992	0.00	0.00	0.00	0.43	0.00	0.00	0.0	5	60.0
57.136	0.00	0.00	0.00	0.41	0.00	0.00	0.0	5	60.5
659.777	0.00	0.00	0.00	0.09	0.00	0.00	0.0	5	0.0
659.837	0.00	0.00	0.00	0.08	0.00	0.00	0.0	5	0.0
659.940	0.00	0.00	0.00	0.08	0.00	0.00	0.0	5	0.0
660.084	0.00	0.00	0.00	0.07	0.00	0.00	0.0	5	0.5
660.144	0.00	0.00	0.00	0.09	0.00	0.00	0.0	5	0.5
660.247	0.00	0.00	0.00	0.14	0.00	0.00	0.0	5	0.5
