310.074	31.73	4.36	138.18	9.26	9.96	92.18	66.7	1	28.3
310.474	31.66	4.35	137.76	9.29	10.01	93.00	67.5	1	28.3
310.875	31.70	4.36	138.16	9.27	9.99	92.66	67.1	1	28.3
311.275	31.77	4.36	138.38	9.28	9.98	92.63	66.9	1	28.3
311.675	31.73	4.36	138.24	9.32	9.99	93.06	67.3	1	28.3
312.075	31.74	4.36	138.37	9.26	9.98	92.33	66.7	1	28.3
312.475	31.65	4.35	137.55	9.27	9.98	92.59	67.3	1	28.3
312.875	31.69	4.35	137.72	9.29	10.00	92.99	67.5	1	28.3
313.276	31.72	4.35	137.90	9.23	9.97	92.04	66.7	1	28.3
313.676	31.79	4.35	138.18	9.28	10.01	92.92	67.2	1	28.3
314.077	31.61	4.35	137.52	9.26	9.99	92.47	67.2	1	28.3
314.477	31.85	4.36	138.72	9.29	9.98	92.77	66.9	1	28.3
314.877	31.56	4.36	137.59	9.26	9.96	92.29	67.1	1	28.3
315.277	31.90	4.35	138.87	9.27	9.97	92.49	66.6	1	28.3
315.677	31.64	4.36	137.89	9.26	9.96	92.21	66.9	1	28.3
316.077	31.81	4.36	138.57	9.31	9.98	92.94	67.1	1	28.3
316.477	31.65	4.35	137.70	9.27	9.98	92.51	67.2	1	28.3
316.877	31.81	4.36	138.56	9.31	10.02	93.35	67.4	1	28.3
317.278	31.61	4.36	137.89	9.28	10.02	92.97	67.4	1	28.3
317.679	31.72	4.34	137.65	9.31	9.98	92.95	67.5	1	28.3
318.079	31.68	4.33	137.27	9.28	9.97	92.52	67.4	1	28.3
318.479	31.75	4.35	138.06	9.29	9.95	92.47	67.0	1	28.3
318.879	31.69	4.35	137.93	9.28	9.93	92.22	66.9	1	28.3
319.279	31.79	4.36	138.52	9.29	9.94	92.35	66.7	1	28.3
319.679	31.69	4.34	137.67	9.30	9.95	92.48	67.2	1	28.3
52.897	16.82	2.52	42.47	4.62	5.05	23.31	54.9	1	36.5
53.295	16.91	1.61	27.16	3.79	4.26	16.14	59.4	1	20.8
53.693	16.19	2.37	38.43	4.81	5.31	25.58	66.6	1	29.5
54.091	17.29	1.51	26.04	3.91	4.36	17.03	65.4	1	22.3
54.489	14.70	2.86	42.01	4.92	5.43	26.75	63.7	1	28.6
54.887	15.96	2.53	40.33	4.94	5.43	26.81	66.5	1	30.1
55.285	15.66	2.40	37.55	4.53	5.09	23.02	61.3	1	23.8
55.683	16.19	2.34	37.90	4.77	5.30	25.29	66.7	1	29.5
56.081	14.93	3.05	45.58	5.22	5.73	29.93	65.7	1	35.0
56.479	16.77	1.91	32.03	4.36	4.83	21.06	65.8	1	30.1
56.877	16.25	2.34	38.07	4.78	5.33	25.49	67.0	1	28.6
57.275	13.85	3.37	46.66	5.24	5.81	30.45	65.3	1	26.8
57.673	16.06	2.36	37.82	4.79	5.30	25.39	67.1	1	29.5
58.071	14.63	3.18	46.50	5.29	5.85	30.97	66.6	1	31.0
58.469	16.06	2.35	37.75	4.79	5.31	25.47	67.5	1	28.3
58.867	16.40	2.32	38.10	4.79	5.31	25.44	66.8	1	29.5
59.265	15.73	2.49	39.17	4.91	5.49	26.93	68.8	1	29.8
59.663	15.54	2.77	43.12	5.07	5.60	28.40	65.9	1	28.6
60.061	14.02	2.84	39.78	4.91	5.47	26.89	67.6	1	33.5
60.459	15.80	2.36	37.24	4.72	5.26	24.79	66.6	1	28.3
60.857	16.06	2.41	38.76	4.84	5.39	26.09	67.3	1	29.5
61.255	16.04	2.55	40.95	4.95	5.51	27.26	66.6	1	28.6
61.653	15.71	2.66	41.78	5.04	5.60	28.20	67.5	1	31.0
62.051	15.70	2.71	42.50	5.05	5.58	28.17	66.3	1	32.5
62.449	14.79	3.15	46.56	5.30	5.88	31.16	66.9	1	33.5
62.847	15.91	2.55	40.53	4.96	5.50	27.26	67.3	1	29.8
63.245	15.96	2.55	40.74	4.95	5.50	27.22	66.8	1	32.0
63.643	15.75	2.62	41.26	5.00	5.53	27.68	67.1	1	29.7
64.041	15.32	2.94	45.11	5.20	5.76	29.94	66.4	1	32.5
64.439	15.69	2.72	42.68	5.06	5.65	28.58	67.0	1	30.5
64.837	15.65	2.70	42.33	5.02	5.62	28.22	66.7	1	30.1
65.235	15.08	3.06	46.07	5.25	5.82	30.57	66.4	1	33.6
65.633	15.57	2.75	42.75	5.08	5.67	28.81	67.4	1	31.8
66.031	15.41	2.83	43.68	5.16	5.73	29.59	67.7	1	31.6
66.429	15.61	2.73	42.59	5.05	5.65	28.50	66.9	1	30.3
66.827	15.45	2.87	44.37	5.17	5.75	29.70	66.9	1	32.1
67.225	15.40	2.83	43.58	5.13	5.68	29.17	66.9	1	31.6
67.623	15.77	2.67	42.05	5.05	5.59	28.27	67.2	1	30.6
68.021	15.66	2.72	42.56	5.06	5.62	28.42	66.8	1	30.6
68.419	15.56	2.81	43.70	5.11	5.69	29.11	66.6	1	31.6
68.817	15.44	2.83	43.66	5.15	5.69	29.31	67.1	1	31.6
69.215	15.44	2.83	43.70	5.15	5.72	29.48	67.5	1	31.6
69.613	15.50	2.82	43.76	5.14	5.71	29.36	67.1	1	31.6
70.011	15.49	2.84	44.00	5.15	5.72	29.46	67.0	1	31.6
70.409	15.39	2.84	43.64	5.16	5.70	29.42	67.4	1	31.6
70.807	15.45	2.82	43.64	5.14	5.73	29.47	67.5	1	31.6
71.205	15.58	2.82	43.91	5.14	5.70	29.30	66.7	1	31.6
71.603	15.49	2.83	43.77	5.14	5.68	29.22	66.8	1	31.6
72.001	15.54	2.82	43.80	5.14	5.72	29.36	67.0	1	31.6
72.399	15.44	2.82	43.60	5.12	5.72	29.26	67.1	1	31.6
72.797	15.58	2.82	43.89	5.17	5.71	29.51	67.2	1	31.6
73.195	15.53	2.83	43.90	5.15	5.71	29.37	66.9	1	31.6
73.593	15.46	2.82	43.54	5.15	5.71	29.42	67.6	1	31.6
73.991	15.54	2.82	43.85	5.13	5.69	29.22	66.6	1	31.6
74.389	15.53	2.82	43.79	5.13	5.75	29.48	67.3	1	31.6
74.787	15.56	2.82	43.90	5.13	5.73	29.36	66.9	1	31.6
75.185	15.49	2.83	43.84	5.17	5.69	29.39	67.0	1	31.6
75.583	15.46	2.83	43.72	5.14	5.69	29.22	66.8	1	31.6
75.981	15.63	2.82	44.08	5.16	5.72	29.52	67.0	1	31.6
76.379	15.34	2.81	43.08	5.14	5.70	29.31	68.0	1	31.6
76.777	15.50	2.83	43.85	5.15	5.71	29.44	67.1	1	31.6
77.175	15.47	2.83	43.73	5.13	5.67	29.07	66.5	1	31.6
77.573	15.46	2.82	43.64	5.15	5.71	29.45	67.5	1	31.6
77.971	15.47	2.82	43.68	5.13	5.70	29.28	67.0	1	31.6
78.369	15.46	2.81	43.52	5.15	5.71	29.40	67.6	1	31.6
78.767	15.43	2.82	43.53	5.17	5.70	29.44	67.6	1	31.6
79.165	15.44	2.83	43.69	5.15	5.72	29.45	67.4	1	31.6
79.563	15.60	2.82	43.97	5.13	5.71	29.34	66.7	1	31.6
79.961	15.56	2.83	43.98	5.13	5.71	29.31	66.6	1	31.6
80.359	15.47	2.83	43.78	5.15	5.69	29.32	67.0	1	31.6
80.757	15.65	2.82	44.08	5.14	5.72	29.40	66.7	1	31.6
81.155	15.52	2.82	43.84	5.16	5.69	29.33	66.9	1	31.6
81.553	15.56	2.82	43.87	5.17	5.72	29.55	67.3	1	31.6
81.951	15.55	2.82	43.89	5.15	5.67	29.24	66.6	1	31.6
82.349	15.53	2.82	43.75	5.19	5.71	29.64	67.8	1	31.6
82.747	15.58	2.82	43.95	5.17	5.68	29.39	66.9	1	31.6
83.145	15.40	2.83	43.55	5.16	5.72	29.50	67.7	1	31.6
83.543	15.54	2.82	43.76	5.15	5.69	29.29	66.9	1	31.6
83.941	15.61	2.83	44.09	5.13	5.70	29.26	66.4	1	31.6
84.339	15.45	2.81	43.49	5.16	5.67	29.23	67.2	1	31.6
84.737	15.43	2.82	43.49	5.17	5.69	29.43	67.7	1	31.6
85.135	15.58	2.82	43.88	5.17	5.69	29.45	67.1	1	31.6
85.533	15.48	2.82	43.66	5.15	5.72	29.46	67.5	1	31.6
85.931	15.54	2.82	43.78	5.15	5.70	29.34	67.0	1	31.6
86.329	15.52	2.82	43.81	5.15	5.71	29.40	67.1	1	31.6
132.304	20.24	1.75	35.37	3.88	4.29	16.67	47.1	1	27.1
132.702	16.75	2.28	38.16	4.42	4.94	21.85	57.3	1	20.8
133.101	16.54	2.35	38.83	4.80	5.34	25.60	65.9	1	29.5
133.500	17.37	1.59	27.56	3.92	4.42	17.33	62.9	1	20.0
133.899	15.14	3.36	50.89	5.46	6.02	32.85	64.5	1	28.6
134.298	16.51	2.36	38.95	4.86	5.39	26.15	67.1	1	28.6
134.697	14.79	3.64	53.89	5.65	6.22	35.12	65.2	1	31.0
135.096	17.55	1.59	27.97	3.88	4.35	16.85	60.3	1	20.0
135.495	15.55	3.11	48.38	5.35	5.87	31.37	64.8	1	36.6
135.894	17.10	1.86	31.77	4.13	4.63	19.13	60.2	1	21.5
136.293	15.82	2.82	44.62	5.09	5.64	28.72	64.4	1	36.6
136.692	15.95	2.85	45.40	5.22	5.74	29.99	66.0	1	30.1
137.091	16.64	2.24	37.35	4.64	5.12	23.77	63.6	1	32.5
137.490	16.54	2.42	40.10	4.93	5.42	26.74	66.7	1	28.6
137.889	15.57	3.11	48.42	5.41	5.92	32.01	66.1	1	31.0
138.288	17.33	1.64	28.50	4.08	4.60	18.74	65.8	1	23.0
138.687	15.26	3.32	50.64	5.50	6.07	33.38	65.9	1	34.9
139.086	16.84	1.91	32.19	4.36	4.87	21.24	66.0	1	24.5
139.485	15.60	3.10	48.41	5.37	5.90	31.71	65.5	1	34.9
139.884	17.05	2.06	35.14	4.53	5.07	22.95	65.3	1	34.0
140.283	16.08	2.82	45.34	5.22	5.75	30.01	66.2	1	30.1
140.682	15.77	3.01	47.48	5.36	5.92	31.77	66.9	1	35.5
141.081	14.92	3.61	53.90	5.70	6.26	35.70	66.2	1	34.9
141.480	16.12	2.66	42.88	5.07	5.58	28.28	65.9	1	34.9
141.879	16.25	2.64	42.82	5.07	5.61	28.43	66.4	1	29.0
142.278	15.53	3.20	49.77	5.46	6.04	32.95	66.2	1	31.6
142.677	16.25	2.67	43.45	5.13	5.62	28.84	66.4	1	30.1
143.076	15.13	3.50	52.93	5.64	6.21	35.03	66.2	1	36.4
143.475	16.18	2.66	42.99	5.06	5.57	28.23	65.7	1	29.0
143.874	15.57	3.20	49.80	5.45	5.99	32.62	65.5	1	30.5
144.273	15.23	3.41	51.94	5.63	6.14	34.56	66.5	1	34.5
144.672	15.14	3.50	53.01	5.66	6.21	35.12	66.2	1	36.0
145.071	15.10	3.63	54.76	5.75	6.24	35.85	65.5	1	34.9
145.470	15.87	3.01	47.73	5.37	5.91	31.74	66.5	1	31.5
145.869	15.41	3.34	51.48	5.59	6.11	34.16	66.3	1	34.6
146.268	15.44	3.30	50.96	5.55	6.08	33.70	66.1	1	33.0
146.667	15.01	3.58	53.66	5.72	6.24	35.68	66.5	1	34.9
147.066	15.04	3.54	53.19	5.70	6.25	35.64	67.0	1	34.5
147.465	14.99	3.59	53.76	5.73	6.27	35.90	66.8	1	33.9
147.864	15.32	3.40	52.06	5.62	6.14	34.49	66.3	1	33.9
148.263	15.37	3.40	52.27	5.61	6.16	34.51	66.0	1	33.9
148.662	15.30	3.38	51.75	5.61	6.15	34.54	66.7	1	33.9
149.061	15.32	3.38	51.83	5.63	6.22	35.03	67.6	1	33.9
149.460	15.37	3.40	52.20	5.61	6.15	34.49	66.1	1	33.9
149.859	15.33	3.39	51.96	5.62	6.16	34.67	66.7	1	33.9
150.258	15.33	3.40	52.10	5.63	6.15	34.60	66.4	1	33.9
150.657	15.22	3.40	51.69	5.62	6.17	34.67	67.1	1	33.9
151.056	15.09	3.39	51.16	5.60	6.13	34.33	67.1	1	33.9
151.455	15.33	3.39	52.00	5.61	6.17	34.61	66.5	1	33.9
151.854	15.25	3.39	51.70	5.59	6.13	34.27	66.3	1	33.9
152.253	15.41	3.38	52.13	5.64	6.15	34.63	66.4	1	33.9
152.652	15.19	3.39	51.50	5.58	6.13	34.22	66.5	1	33.9
153.051	15.36	3.39	52.10	5.63	6.16	34.70	66.6	1	33.9
153.450	15.38	3.39	52.19	5.64	6.16	34.75	66.6	1	33.9
153.849	15.26	3.40	51.84	5.63	6.16	34.67	66.9	1	33.9
154.248	15.30	3.40	52.01	5.64	6.14	34.63	66.6	1	33.9
154.647	15.28	3.41	52.11	5.60	6.17	34.58	66.4	1	33.9
155.046	15.32	3.40	52.06	5.63	6.16	34.65	66.6	1	33.9
155.445	15.39	3.38	52.05	5.64	6.19	34.92	67.1	1	33.9
155.844	15.32	3.39	51.95	5.64	6.17	34.77	66.9	1	33.9
156.243	15.28	3.40	51.94	5.60	6.20	34.71	66.8	1	33.9
156.642	15.35	3.39	52.10	5.61	6.18	34.68	66.6	1	33.9
157.041	15.48	3.40	52.60	5.63	6.18	34.75	66.1	1	33.9
157.440	15.28	3.39	51.78	5.62	6.16	34.60	66.8	1	33.9
157.839	15.47	3.39	52.50	5.62	6.20	34.84	66.4	1	33.9
158.238	15.23	3.41	51.89	5.62	6.18	34.70	66.9	1	33.9
158.637	15.52	3.40	52.73	5.63	6.19	34.84	66.1	1	33.9
159.036	15.26	3.41	52.01	5.61	6.18	34.64	66.6	1	33.9
159.435	15.39	3.39	52.25	5.63	6.23	35.04	67.1	1	33.9
159.834	15.27	3.40	51.87	5.62	6.17	34.69	66.9	1	33.9
160.233	15.30	3.40	52.01	5.62	6.17	34.71	66.7	1	33.9
160.632	15.31	3.41	52.21	5.61	6.18	34.68	66.4	1	33.9
161.031	15.52	3.41	52.88	5.63	6.17	34.76	65.7	1	33.9
161.430	15.32	3.40	52.06	5.63	6.17	34.73	66.7	1	33.9
161.829	15.33	3.40	52.12	5.61	6.14	34.50	66.2	1	33.9
162.228	15.30	3.40	52.08	5.61	6.17	34.65	66.5	1	33.9
162.627	15.32	3.40	52.14	5.60	6.16	34.50	66.2	1	33.9
163.026	15.22	3.39	51.67	5.61	6.16	34.56	66.9	1	33.9
163.425	15.31	3.39	51.97	5.61	6.16	34.56	66.5	1	33.9
163.824	15.37	3.40	52.31	5.60	6.16	34.53	66.0	1	33.9
164.223	15.07	3.40	51.29	5.63	6.12	34.42	67.1	1	33.9
164.622	15.37	3.41	52.36	5.62	6.15	34.57	66.0	1	33.9
165.021	15.11	3.40	51.33	5.60	6.16	34.51	67.2	1	33.9
165.420	15.39	3.41	52.40	5.60	6.18	34.63	66.1	1	33.9
165.819	15.21	3.40	51.65	5.63	6.16	34.64	67.1	1	33.9
166.218	15.27	3.39	51.74	5.62	6.19	34.77	67.2	1	33.9
166.617	15.23	3.39	51.69	5.64	6.17	34.78	67.3	1	33.9
167.016	15.16	3.41	51.63	5.62	6.17	34.68	67.2	1	33.9
167.415	15.26	3.41	52.01	5.61	6.17	34.57	66.5	1	33.9
167.814	15.45	3.40	52.46	5.63	6.15	34.64	66.0	1	33.9
168.213	15.24	3.40	51.79	5.62	6.16	34.59	66.8	1	33.9
168.612	15.41	3.40	52.39	5.63	6.17	34.74	66.3	1	33.9
169.011	15.16	3.40	51.56	5.60	6.18	34.63	67.2	1	33.9
169.410	15.41	3.39	52.29	5.62	6.16	34.65	66.3	1	33.9
169.809	15.22	3.39	51.60	5.62	6.17	34.65	67.2	1	33.9
170.208	15.35	3.39	52.00	5.61	6.19	34.70	66.7	1	33.9
170.607	15.28	3.38	51.60	5.60	6.15	34.46	66.8	1	33.9
171.006	15.28	3.39	51.75	5.61	6.17	34.62	66.9	1	33.9
171.405	15.36	3.40	52.17	5.61	6.15	34.51	66.1	1	33.9
171.804	15.40	3.39	52.15	5.61	6.17	34.61	66.4	1	33.9
172.203	15.26	3.39	51.77	5.61	6.18	34.66	66.9	1	33.9
172.602	15.41	3.38	52.16	5.62	6.15	34.55	66.2	1	33.9
173.001	15.28	3.39	51.79	5.62	6.17	34.72	67.0	1	33.9
173.400	15.32	3.40	52.09	5.63	6.03	33.90	65.1	1	33.9
173.799	15.19	3.39	51.53	5.63	6.03	33.94	65.9	1	33.9
174.198	15.33	3.39	51.99	5.64	6.01	33.93	65.3	1	33.9
174.597	15.36	3.38	51.93	5.61	6.01	33.75	65.0	1	33.9
174.996	15.22	3.39	51.66	5.62	6.04	33.96	65.7	1	33.9
175.395	15.25	3.40	51.79	5.60	6.03	33.78	65.2	1	33.9
175.794	15.37	3.40	52.26	5.62	6.03	33.88	64.8	1	33.9
176.193	15.29	3.39	51.77	5.61	6.03	33.84	65.4	1	33.9
176.592	15.29	3.40	51.97	5.63	6.03	33.96	65.4	1	33.9
176.991	13.66	2.98	40.73	4.94	5.35	26.44	64.9	1	33.9
177.390	15.00	2.46	36.90	4.68	5.05	23.64	64.0	1	27.4
177.789	14.27	3.38	48.22	5.35	5.79	30.96	64.2	1	36.0
178.188	15.86	2.74	43.50	4.89	5.29	25.85	59.4	1	36.0
178.587	15.95	2.90	46.32	5.29	5.69	30.11	65.0	1	31.1
178.986	17.18	1.78	30.66	4.22	4.58	19.32	63.0	1	22.0
179.385	15.76	2.47	38.93	4.79	5.18	24.84	63.8	1	31.1
179.784	12.44	2.87	35.69	4.59	4.96	22.72	63.7	1	37.5
180.183	16.92	1.49	25.29	3.78	4.12	15.58	61.6	1	31.1
180.582	15.95	2.77	44.14	5.16	5.57	28.78	65.2	1	31.3
180.981	15.30	3.35	51.21	5.46	5.87	32.08	62.6	1	22.0
181.380	15.73	3.01	47.31	5.20	5.64	29.32	62.0	1	34.5
181.779	17.07	1.93	32.92	4.39	4.79	21.05	63.9	1	29.8
182.178	15.73	2.95	46.45	5.32	5.72	30.42	65.5	1	32.6
182.577	15.67	3.27	51.26	5.55	5.96	33.06	64.5	1	34.1
182.976	15.93	2.91	46.40	5.26	5.71	30.08	64.8	1	31.0
183.375	16.97	2.03	34.47	4.52	4.89	22.13	64.2	1	29.5
183.774	15.82	2.97	46.93	5.31	5.75	30.53	65.0	1	32.6
184.173	16.78	2.16	36.20	4.61	4.99	23.01	63.6	1	23.5
184.572	16.22	2.56	41.49	5.01	5.43	27.20	65.6	1	30.7
184.971	16.00	2.89	46.32	5.28	5.70	30.13	65.1	1	31.0
185.370	17.31	1.66	28.78	4.12	4.48	18.48	64.2	1	23.5
185.769	16.20	2.75	44.56	5.18	5.62	29.11	65.3	1	31.1
186.168	16.13	2.73	44.11	5.13	5.60	28.73	65.1	1	24.0
186.567	16.12	2.73	44.05	5.09	5.53	28.16	63.9	1	32.8
186.966	16.15	2.78	44.87	5.18	5.64	29.22	65.1	1	30.9
187.365	16.95	2.00	33.87	4.48	4.91	21.97	64.9	1	25.0
187.764	16.05	2.78	44.59	5.20	5.63	29.23	65.6	1	32.3
188.163	15.99	2.88	46.11	5.28	5.74	30.34	65.8	1	31.3
188.562	16.56	2.29	37.89	4.76	5.17	24.62	65.0	1	30.8
188.961	15.96	2.92	46.53	5.32	5.74	30.56	65.7	1	31.9
189.360	16.39	2.51	41.07	4.97	5.39	26.78	65.2	1	30.9
189.759	16.16	2.71	43.78	5.16	5.61	28.99	66.2	1	30.6
190.158	16.39	2.56	41.95	5.03	5.47	27.53	65.6	1	29.0
190.557	16.13	2.73	44.07	5.16	5.61	28.91	65.6	1	30.8
190.956	16.11	2.84	45.72	5.26	5.67	29.82	65.2	1	31.4
191.355	15.78	2.98	47.05	5.36	5.78	30.96	65.8	1	32.0
191.754	16.21	2.82	45.66	5.23	5.67	29.65	64.9	1	32.0
192.153	16.10	2.75	44.29	5.18	5.64	29.20	65.9	1	32.1
192.552	15.79	2.99	47.27	5.36	5.81	31.13	65.8	1	31.9
192.951	15.79	2.99	47.17	5.35	5.81	31.07	65.9	1	31.9
193.350	15.80	2.98	47.18	5.35	5.79	30.96	65.6	1	31.9
193.749	15.74	2.98	46.86	5.32	5.82	30.94	66.0	1	31.9
194.148	15.88	2.97	47.22	5.35	5.79	30.97	65.6	1	31.9
194.547	15.87	2.97	47.21	5.36	5.78	30.99	65.6	1	31.9
194.946	15.87	2.96	47.05	5.36	5.81	31.16	66.2	1	31.9
195.345	15.70	2.98	46.76	5.32	5.80	30.85	66.0	1	31.9
195.744	15.95	2.97	47.35	5.36	5.80	31.06	65.6	1	31.9
196.143	15.81	2.97	46.92	5.34	5.79	30.92	65.9	1	31.9
196.542	15.94	2.98	47.47	5.35	5.80	31.08	65.5	1	31.9
196.941	15.76	2.98	46.88	5.35	5.76	30.77	65.6	1	31.9
197.340	15.88	2.98	47.31	5.36	5.79	31.02	65.6	1	31.9
197.739	15.94	2.98	47.46	5.35	5.77	30.88	65.1	1	31.9
198.138	15.83	2.98	47.23	5.36	5.82	31.15	66.0	1	31.9
198.537	15.80	2.98	47.04	5.35	5.75	30.79	65.5	1	31.9
198.936	15.73	2.98	46.80	5.34	5.80	31.01	66.2	1	31.9
199.335	15.86	2.97	47.13	5.36	5.76	30.86	65.5	1	31.9
199.734	15.70	2.98	46.73	5.33	5.76	30.72	65.7	1	31.9
200.133	15.81	2.98	47.14	5.35	5.77	30.84	65.4	1	31.9
200.532	15.86	2.97	47.04	5.34	5.79	30.90	65.7	1	31.9
200.931	15.86	2.98	47.33	5.33	5.75	30.67	64.8	1	31.9
201.330	15.85	2.97	47.06	5.36	5.79	31.05	66.0	1	31.9
201.729	15.73	2.98	46.84	5.35	5.78	30.91	66.0	1	31.9
202.128	15.82	2.98	47.15	5.35	5.79	31.00	65.8	1	31.9
202.527	15.75	2.98	46.89	5.34	5.78	30.86	65.8	1	31.9
202.926	15.91	2.97	47.28	5.36	5.77	30.92	65.4	1	31.9
203.325	15.88	2.97	47.14	5.35	5.77	30.90	65.5	1	31.9
203.724	15.76	2.98	46.96	5.36	5.78	31.00	66.0	1	31.9
204.123	15.76	2.96	46.71	5.36	5.78	30.98	66.3	1	31.9
204.522	15.78	2.97	46.82	5.37	5.79	31.06	66.3	1	31.9
204.921	15.79	2.98	47.08	5.35	5.79	30.99	65.8	1	31.9
205.320	15.83	2.97	47.07	5.35	5.78	30.88	65.6	1	31.9
205.719	15.82	2.97	46.96	5.38	5.77	31.03	66.1	1	31.9
206.118	15.84	2.97	46.99	5.37	5.80	31.15	66.3	1	31.9
206.517	15.81	2.98	47.09	5.36	5.76	30.87	65.6	1	31.9
206.916	15.83	2.97	46.98	5.35	5.77	30.87	65.7	1	31.9
207.315	15.91	2.97	47.20	5.35	5.78	30.92	65.5	1	31.9
207.714	15.79	2.97	46.91	5.35	5.76	30.85	65.8	1	31.9
208.113	15.06	2.81	42.23	5.03	5.44	27.38	64.8	1	31.9
208.512	14.38	2.69	38.71	4.83	5.27	25.49	65.9	1	31.9
208.911	15.38	2.39	36.71	4.72	5.10	24.05	65.5	1	28.8
209.310	13.88	2.76	38.32	4.78	5.22	24.94	65.1	1	25.5
209.709	14.95	2.45	36.60	4.67	5.08	23.73	64.8	1	31.7
210.108	14.66	2.59	38.02	4.74	5.12	24.27	63.8	1	27.3
210.507	16.57	1.83	30.27	4.28	4.63	19.81	65.4	1	25.5
210.906	14.98	2.47	37.04	4.72	5.13	24.19	65.3	1	30.2
211.305	15.54	2.28	35.47	4.62	5.02	23.19	65.4	1	28.8
211.704	15.55	2.14	33.32	4.48	4.86	21.77	65.3	1	31.7
212.103	15.15	2.48	37.62	4.76	5.15	24.50	65.1	1	30.3
212.502	15.36	2.25	34.60	4.53	4.91	22.24	64.3	1	25.5
212.901	15.04	2.51	37.73	4.76	5.17	24.62	65.2	1	31.4
213.300	14.82	2.72	40.36	4.94	5.32	26.29	65.1	1	31.7
213.699	16.61	1.88	31.25	4.33	4.69	20.31	65.0	1	25.5
214.098	14.51	2.64	38.34	4.84	5.19	25.15	65.6	1	31.7
214.497	16.10	2.06	33.22	4.46	4.87	21.70	65.3	1	31.4
214.896	14.62	2.65	38.73	4.82	5.22	25.13	64.9	1	31.7
215.295	14.57	2.68	39.05	4.83	5.27	25.46	65.2	1	33.2
215.694	15.51	2.22	34.45	4.53	4.93	22.36	64.9	1	27.0
216.093	14.75	2.62	38.66	4.84	5.25	25.37	65.6	1	31.8
216.492	15.40	2.30	35.48	4.65	5.04	23.40	65.9	1	28.5
216.891	14.48	2.65	38.42	4.85	5.24	25.38	66.1	1	31.9
217.290	14.31	2.65	37.95	4.79	5.18	24.81	65.4	1	31.7
217.689	14.93	2.46	36.69	4.70	5.09	23.93	65.2	1	28.5
218.088	14.54	2.56	37.23	4.75	5.13	24.39	65.5	1	31.7
218.487	13.84	2.74	37.96	4.78	5.18	24.75	65.2	1	33.4
218.886	14.73	2.46	36.27	4.70	5.14	24.15	66.6	1	30.0
219.285	14.58	2.68	39.09	4.84	5.28	25.58	65.4	1	31.7
219.684	15.44	2.37	36.64	4.70	5.10	23.98	65.4	1	29.3
220.083	14.43	2.73	39.40	4.86	5.28	25.67	65.1	1	31.7
220.482	15.14	2.51	38.01	4.76	5.20	24.76	65.1	1	30.8
220.881	14.61	2.67	38.96	4.82	5.30	25.51	65.5	1	31.9
221.280	14.91	2.55	38.06	4.80	5.22	25.04	65.8	1	32.3
221.679	15.32	2.38	36.40	4.67	5.08	23.72	65.2	1	28.7
222.078	14.64	2.63	38.55	4.81	5.26	25.33	65.7	1	30.8
222.477	14.56	2.68	39.07	4.84	5.27	25.49	65.2	1	31.9
222.876	14.96	2.55	38.17	4.77	5.23	24.98	65.5	1	29.7
223.275	14.67	2.63	38.61	4.83	5.26	25.42	65.9	1	31.7
223.674	14.62	2.67	38.97	4.85	5.25	25.45	65.3	1	31.3
224.073	14.96	2.56	38.35	4.81	5.21	25.08	65.4	1	30.7
224.472	14.59	2.69	39.18	4.84	5.30	25.65	65.5	1	31.7
224.871	14.41	2.70	38.84	4.85	5.26	25.53	65.7	1	31.7
225.270	14.56	2.68	39.06	4.86	5.29	25.69	65.8	1	31.7
225.669	14.44	2.68	38.74	4.84	5.26	25.45	65.7	1	31.7
226.068	14.49	2.69	39.01	4.82	5.29	25.53	65.4	1	31.7
226.467	14.37	2.67	38.34	4.84	5.26	25.43	66.3	1	31.7
226.866	14.59	2.69	39.20	4.88	5.27	25.70	65.6	1	31.7
227.265	14.37	2.69	38.64	4.86	5.24	25.48	65.9	1	31.7
227.664	14.45	2.68	38.78	4.84	5.27	25.49	65.7	1	31.7
228.063	14.54	2.70	39.32	4.89	5.31	25.97	66.0	1	31.7
228.462	14.54	2.70	39.18	4.88	5.33	25.99	66.3	1	31.7
228.861	14.35	2.70	38.74	4.86	5.26	25.57	66.0	1	31.7
229.260	14.58	2.70	39.44	4.89	5.34	26.12	66.2	1	31.7
229.659	14.62	2.72	39.69	4.93	5.33	26.26	66.2	1	31.7
230.058	14.65	2.70	39.58	4.87	5.29	25.78	65.1	1	31.7
230.457	14.40	2.68	38.66	4.85	5.28	25.61	66.3	1	31.7
230.856	14.55	2.68	39.02	4.85	5.29	25.65	65.7	1	31.7
231.255	14.65	2.72	39.89	4.91	5.34	26.24	65.8	1	31.7
231.654	15.94	2.93	46.65	5.30	5.79	30.65	65.7	1	31.7
232.053	15.07	2.82	42.44	5.06	5.50	27.87	65.7	1	31.7
232.452	14.65	2.71	39.67	4.92	5.33	26.22	66.1	1	31.7
232.851	15.66	2.94	46.05	5.31	5.76	30.58	66.4	1	31.7
233.250	16.01	2.95	47.31	5.36	5.78	30.96	65.5	1	31.7
233.649	13.97	4.16	58.13	5.87	6.33	37.14	63.9	1	39.2
234.048	23.36	1.25	29.11	3.89	4.29	16.69	57.4	1	18.3
234.447	18.27	1.39	25.45	3.84	4.20	16.15	63.5	1	23.4
234.846	17.12	2.94	50.29	4.94	5.33	26.35	52.4	1	17.8
235.245	18.73	1.11	20.81	3.40	3.76	12.77	61.4	1	19.8
235.644	15.78	3.06	48.29	5.12	5.49	28.12	58.2	1	39.2
236.043	31.72	2.28	72.36	6.33	6.81	43.11	59.6	1	19.3
236.442	30.26	2.76	83.65	7.13	7.64	54.47	65.1	1	26.2
236.841	25.90	2.88	74.62	6.79	7.32	49.70	66.6	1	26.2
237.240	33.22	2.38	79.11	6.98	7.50	52.33	66.1	1	20.8
237.639	16.24	4.11	66.81	6.13	6.61	40.51	60.6	1	38.7
238.038	17.33	2.35	40.81	4.62	5.04	23.30	57.1	1	22.3
238.437	21.56	2.12	45.79	5.24	5.63	29.47	64.4	1	27.2
238.836	16.81	3.99	67.04	6.26	6.69	41.90	62.5	1	37.9
239.235	26.08	2.81	73.21	6.64	7.15	47.43	64.8	1	28.7
239.634	24.22	2.79	67.67	6.47	6.93	44.82	66.2	1	25.8
240.033	24.02	2.79	66.97	6.43	6.91	44.43	66.3	1	25.3
240.432	19.31	2.83	54.56	5.77	6.25	36.10	66.2	1	30.2
240.831	18.77	3.62	67.88	6.30	6.76	42.58	62.7	1	26.8
241.381	17.30	3.59	62.06	6.09	6.53	39.79	64.1	1	36.4
241.780	17.28	3.00	51.81	5.67	6.02	34.13	65.9	1	30.2
281.209	24.15	2.59	62.61	5.66	6.02	34.03	54.3	1	36.5
281.608	28.51	2.65	75.68	6.55	7.00	45.86	60.6	1	20.8
282.007	19.85	2.77	54.98	5.79	6.26	36.25	65.9	1	29.6
282.406	28.38	2.49	70.69	6.60	7.07	46.68	66.0	1	22.3
282.805	18.95	3.43	65.01	6.19	6.67	41.31	63.5	1	27.1
283.204	23.14	2.78	64.31	6.32	6.80	43.00	66.9	1	26.8
283.603	22.01	3.09	68.07	6.35	6.84	43.43	63.8	1	23.8
284.002	20.19	2.76	55.82	5.86	6.31	37.01	66.3	1	29.6
284.401	24.84	3.06	76.11	6.86	7.37	50.60	66.5	1	25.3
284.800	18.68	3.19	59.56	6.05	6.54	39.59	66.5	1	32.0
285.199	26.15	3.13	81.95	7.14	7.65	54.56	66.6	1	26.8
285.598	26.31	3.14	82.55	7.17	7.71	55.28	67.0	1	26.8
285.997	22.24	3.17	70.53	6.63	7.12	47.17	66.9	1	28.1
286.396	26.00	3.13	81.30	7.15	7.66	54.73	67.3	1	26.8
286.795	22.81	3.18	72.43	6.73	7.23	48.64	67.2	1	29.6
287.194	25.91	3.14	81.30	7.11	7.65	54.40	66.9	1	26.8
287.593	26.19	3.14	82.32	7.16	7.70	55.09	66.9	1	27.0
287.992	24.50	3.17	77.61	6.93	7.48	51.85	66.8	1	26.8
288.391	26.36	3.14	82.65	7.19	7.68	55.23	66.8	1	26.8
288.790	22.74	3.17	72.14	6.66	7.20	47.92	66.4	1	27.3
289.189	26.22	3.14	82.21	7.15	7.66	54.78	66.6	1	26.8
289.588	26.48	3.12	82.63	7.19	7.70	55.34	67.0	1	26.7
289.987	27.53	3.09	85.05	7.32	7.84	57.37	67.5	1	26.2
290.386	24.54	3.14	76.94	6.89	7.41	51.02	66.3	1	26.2
290.785	27.04	3.10	83.94	7.27	7.78	56.52	67.3	1	26.5
291.184	25.67	3.15	80.75	7.05	7.58	53.38	66.1	1	26.8
291.583	24.32	3.16	76.81	6.94	7.46	51.81	67.5	1	28.0
291.982	25.99	3.11	80.93	7.07	7.62	53.93	66.6	1	27.8
292.381	27.37	3.09	84.49	7.27	7.83	56.92	67.4	1	27.1
292.780	26.18	3.13	81.89	7.17	7.66	54.98	67.1	1	26.9
293.179	26.93	3.11	83.67	7.25	7.74	56.12	67.1	1	28.0
293.578	24.44	3.15	77.10	6.95	7.47	51.95	67.4	1	27.8
293.977	26.85	3.10	83.21	7.25	7.77	56.33	67.7	1	26.5
294.376	26.28	3.12	82.12	7.17	7.68	55.03	67.0	1	27.1
294.775	27.24	3.10	84.53	7.26	7.79	56.51	66.8	1	26.3
295.174	27.67	3.09	85.45	7.30	7.85	57.28	67.0	1	26.1
295.573	26.14	3.11	81.42	7.12	7.67	54.56	67.0	1	26.1
295.972	27.71	3.08	85.38	7.30	7.84	57.24	67.0	1	26.1
296.371	27.36	3.09	84.63	7.28	7.85	57.14	67.5	1	26.5
296.770	27.12	3.10	84.06	7.26	7.77	56.42	67.1	1	26.5
297.169	27.18	3.11	84.45	7.27	7.80	56.70	67.1	1	26.5
297.568	27.04	3.10	83.87	7.27	7.78	56.53	67.4	1	26.5
297.967	27.03	3.10	83.73	7.25	7.77	56.30	67.2	1	26.5
298.366	27.01	3.10	83.70	7.28	7.79	56.67	67.7	1	26.5
298.765	26.99	3.11	83.92	7.28	7.78	56.64	67.5	1	26.5
299.164	27.06	3.11	84.12	7.26	7.79	56.56	67.2	1	26.5
299.563	27.19	3.11	84.58	7.29	7.79	56.76	67.1	1	26.5
299.962	27.24	3.11	84.63	7.29	7.78	56.74	67.0	1	26.5
300.361	27.09	3.11	84.32	7.27	7.77	56.52	67.0	1	26.5
300.760	27.08	3.10	84.09	7.28	7.79	56.70	67.4	1	26.5
301.159	27.07	3.10	83.82	7.26	7.77	56.37	67.3	1	26.5
301.558	27.21	3.10	84.30	7.27	7.78	56.56	67.1	1	26.5
301.957	27.12	3.09	83.81	7.29	7.80	56.86	67.8	1	26.5
302.356	27.08	3.10	84.09	7.25	7.78	56.39	67.1	1	26.5
302.755	27.05	3.10	83.85	7.27	7.77	56.48	67.4	1	26.5
303.154	27.03	3.10	83.85	7.26	7.79	56.49	67.4	1	26.5
303.553	27.02	3.09	83.58	7.25	7.74	56.07	67.1	1	26.5
303.952	27.35	3.11	85.08	7.27	7.78	56.55	66.5	1	26.5
304.351	27.06	3.11	84.08	7.25	7.76	56.27	66.9	1	26.5
304.750	27.10	3.10	83.99	7.27	7.79	56.62	67.4	1	26.5
305.149	27.09	3.10	83.94	7.24	7.72	55.94	66.6	1	26.5
305.548	26.91	3.10	83.38	7.26	7.77	56.47	67.7	1	26.5
305.947	27.04	3.09	83.62	7.27	7.75	56.35	67.4	1	26.5
306.346	27.07	3.10	83.99	7.26	7.79	56.54	67.3	1	26.5
306.745	27.04	3.10	83.92	7.27	7.78	56.55	67.4	1	26.5
307.144	27.10	3.09	83.74	7.24	7.80	56.46	67.4	1	26.5
307.543	27.20	3.11	84.49	7.24	7.76	56.22	66.5	1	26.5
307.942	27.24	3.09	84.23	7.26	7.79	56.51	67.1	1	26.5
308.341	27.10	3.10	83.88	7.30	7.77	56.69	67.6	1	26.5
308.740	27.14	3.10	84.03	7.28	7.82	56.96	67.8	1	26.5
309.139	27.10	3.10	83.96	7.27	7.77	56.48	67.3	1	26.5
309.538	27.22	3.10	84.29	7.27	7.79	56.65	67.2	1	26.5
309.937	26.97	3.09	83.45	7.27	7.79	56.62	67.8	1	26.5
310.336	27.14	3.12	84.65	7.28	7.79	56.69	67.0	1	26.5
310.735	27.05	3.10	83.95	7.28	7.75	56.49	67.3	1	26.5
311.134	27.20	3.11	84.53	7.29	7.80	56.87	67.3	1	26.5
311.533	27.04	3.09	83.57	7.27	7.76	56.40	67.5	1	26.5
311.932	25.40	2.88	73.27	6.78	7.31	49.62	67.7	1	26.5
312.331	24.17	2.77	66.98	6.47	6.96	45.02	67.2	1	26.5
312.730	19.55	3.02	59.01	6.01	6.50	39.01	66.1	1	27.4
313.129	16.59	3.83	63.49	6.20	6.61	41.01	64.6	1	36.0
313.528	31.70	2.36	74.79	6.79	7.27	49.38	66.0	1	21.7
313.927	19.57	2.88	56.40	5.82	6.31	36.71	65.1	1	31.1
314.326	19.45	3.44	66.94	6.33	6.80	43.04	64.3	1	35.7
314.725	30.39	2.49	75.68	6.72	7.26	48.80	64.5	1	21.7
315.124	19.97	2.76	55.02	5.82	6.29	36.65	66.6	1	29.6
315.523	16.56	3.57	59.16	6.02	6.46	38.87	65.7	1	23.2
315.922	26.30	2.71	71.32	6.64	7.16	47.52	66.6	1	25.9
368.806	19.08	3.61	68.86	6.14	6.58	40.41	58.7	1	36.5
369.204	32.00	2.39	76.53	6.74	7.13	48.03	62.8	1	29.5
369.603	22.36	2.99	66.78	6.39	6.80	43.43	65.0	1	28.0
370.002	32.01	3.12	100.02	7.74	8.19	63.41	63.4	1	35.0
370.402	30.28	4.28	129.71	8.89	9.42	83.74	64.6	1	27.1
370.802	31.06	4.13	128.32	8.79	9.34	82.03	63.9	1	33.5
371.202	32.84	3.53	116.06	8.40	8.89	74.63	64.3	1	23.8
371.602	31.76	4.31	137.01	9.26	9.79	90.60	66.1	1	29.1
372.002	33.58	3.70	124.41	8.81	9.33	82.18	66.1	1	25.3
372.402	30.43	4.34	131.93	8.98	9.50	85.26	64.6	1	25.6
372.802	32.91	3.97	130.62	9.06	9.56	86.58	66.3	1	27.1
373.202	32.38	3.85	124.51	8.75	9.26	80.95	65.0	1	23.8
373.602	31.36	4.40	137.90	9.27	9.84	91.18	66.1	1	29.1
374.002	30.75	4.61	141.73	9.44	9.97	94.07	66.4	1	29.4
374.402	33.71	3.62	122.19	8.74	9.28	81.08	66.4	1	27.1
374.802	30.02	4.65	139.48	9.33	9.86	92.00	66.0	1	30.9
375.202	31.65	4.39	138.83	9.31	9.87	91.83	66.1	1	26.8
375.602	31.25	4.47	139.65	9.35	9.89	92.48	66.2	1	29.4
376.002	31.38	4.46	139.84	9.33	9.89	92.30	66.0	1	27.1
376.402	31.92	4.29	136.85	9.27	9.79	90.73	66.3	1	28.3
376.802	29.77	4.80	143.02	9.46	10.00	94.54	66.1	1	29.4
377.203	30.87	4.60	142.13	9.42	9.96	93.84	66.0	1	29.2
377.603	32.48	4.15	134.91	9.21	9.73	89.53	66.4	1	27.1
378.003	32.17	4.22	135.61	9.25	9.78	90.40	66.7	1	27.9
378.403	31.27	4.47	139.71	9.32	9.86	91.95	65.8	1	27.6
378.803	30.83	4.61	142.00	9.41	9.97	93.80	66.1	1	29.4
379.203	28.31	4.98	141.10	9.38	9.96	93.40	66.2	1	32.2
379.603	30.56	4.65	142.16	9.41	9.99	93.97	66.1	1	29.4
380.003	30.81	4.67	143.79	9.46	10.01	94.66	65.8	1	29.4
380.404	31.75	4.34	137.86	9.25	9.83	90.94	66.0	1	30.7
380.804	30.38	4.71	143.21	9.43	10.05	94.83	66.2	1	29.4
381.205	31.32	4.47	140.06	9.40	9.93	93.34	66.6	1	29.4
381.605	30.92	4.61	142.60	9.42	10.02	94.38	66.2	1	29.2
382.006	31.72	4.38	138.93	9.28	9.87	91.67	66.0	1	29.2
382.406	30.95	4.59	142.00	9.44	10.00	94.43	66.5	1	29.1
382.807	32.60	4.15	135.34	9.19	9.73	89.36	66.0	1	27.6
383.207	31.05	4.53	140.65	9.40	9.96	93.64	66.6	1	29.1
383.607	31.29	4.52	141.41	9.40	9.96	93.64	66.2	1	28.7
384.007	31.84	4.35	138.64	9.29	9.87	91.74	66.2	1	28.2
384.407	31.05	4.59	142.52	9.44	9.97	94.09	66.0	1	29.2
384.807	30.78	4.61	141.89	9.41	9.96	93.80	66.1	1	29.2
385.207	31.00	4.59	142.45	9.43	9.99	94.20	66.1	1	29.2
385.607	30.87	4.62	142.46	9.43	10.00	94.23	66.1	1	29.2
386.008	30.98	4.60	142.48	9.46	10.01	94.69	66.5	1	29.2
386.409	30.90	4.60	142.24	9.42	9.98	94.06	66.1	1	29.2
386.809	30.96	4.62	142.92	9.44	10.00	94.35	66.0	1	29.2
387.210	30.87	4.60	142.04	9.39	9.99	93.79	66.0	1	29.2
387.610	30.91	4.60	142.07	9.45	9.99	94.42	66.5	1	29.2
388.010	30.99	4.60	142.54	9.42	9.99	94.09	66.0	1	29.2
388.410	30.99	4.61	142.90	9.45	10.01	94.63	66.2	1	29.2
388.811	30.87	4.60	141.93	9.43	9.96	93.95	66.2	1	29.2
389.211	30.98	4.62	143.11	9.46	9.99	94.56	66.1	1	29.2
389.611	30.85	4.61	142.28	9.42	9.99	94.07	66.1	1	29.2
390.011	30.87	4.61	142.43	9.44	10.00	94.35	66.2	1	29.2
390.412	31.10	4.60	142.99	9.43	9.97	94.04	65.8	1	29.2
390.812	30.85	4.61	142.24	9.42	9.99	94.07	66.1	1	29.2
391.212	30.84	4.60	141.83	9.42	10.00	94.16	66.4	1	29.2
391.613	30.98	4.60	142.62	9.42	9.97	93.97	65.9	1	29.2
392.013	30.96	4.60	142.43	9.44	9.97	94.11	66.1	1	29.2
392.413	30.97	4.59	142.28	9.42	9.97	93.97	66.0	1	29.2
392.813	30.93	4.59	142.12	9.42	10.00	94.16	66.3	1	29.2
393.214	31.01	4.59	142.43	9.45	10.02	94.74	66.5	1	29.2
393.615	30.87	4.60	141.89	9.43	9.98	94.12	66.3	1	29.2
394.015	31.01	4.60	142.64	9.43	10.02	94.50	66.2	1	29.2
394.416	30.94	4.60	142.21	9.44	9.97	94.06	66.1	1	29.2
394.816	30.85	4.60	141.89	9.43	10.02	94.51	66.6	1	29.2
395.217	30.83	4.60	141.89	9.45	9.98	94.31	66.5	1	29.2
395.617	30.95	4.60	142.31	9.45	10.02	94.67	66.5	1	29.2
396.018	30.93	4.60	142.20	9.43	9.99	94.21	66.3	1	29.2
396.418	30.94	4.60	142.45	9.42	9.98	94.09	66.0	1	29.2
396.818	30.84	4.59	141.66	9.44	9.97	94.17	66.5	1	29.2
397.218	30.98	4.60	142.52	9.47	10.03	94.92	66.6	1	29.2
397.619	30.99	4.61	142.85	9.47	9.99	94.60	66.2	1	29.2
398.019	31.01	4.61	142.88	9.43	10.00	94.37	66.0	1	29.2
398.420	31.02	4.60	142.72	9.44	9.98	94.24	66.0	1	29.2
398.820	30.94	4.60	142.36	9.44	9.98	94.21	66.2	1	29.2
399.220	30.92	4.59	141.81	9.45	9.98	94.31	66.5	1	29.2
399.620	31.00	4.60	142.60	9.43	9.97	93.97	65.9	1	29.2
400.020	30.86	4.60	141.95	9.44	9.98	94.20	66.4	1	29.2
400.420	30.97	4.59	142.23	9.42	9.98	94.02	66.1	1	29.2
400.820	31.09	4.60	142.93	9.44	9.98	94.21	65.9	1	29.2
401.220	30.91	4.59	141.89	9.43	9.98	94.11	66.3	1	29.2
401.620	30.95	4.59	142.01	9.45	9.98	94.26	66.4	1	29.2
402.020	30.96	4.60	142.30	9.42	9.97	93.98	66.0	1	29.2
402.420	30.94	4.58	141.83	9.45	9.99	94.35	66.5	1	29.2
402.820	30.94	4.60	142.42	9.41	9.98	93.91	65.9	1	29.2
403.220	31.06	4.60	142.99	9.43	9.99	94.27	65.9	1	29.2
403.620	30.97	4.60	142.38	9.44	10.00	94.43	66.3	1	29.2
404.021	30.92	4.59	141.78	9.41	9.98	93.90	66.2	1	29.2
404.421	30.84	4.59	141.70	9.46	9.97	94.33	66.6	1	29.2
404.821	31.01	4.60	142.65	9.44	10.01	94.54	66.3	1	29.2
405.222	30.91	4.61	142.33	9.44	9.97	94.11	66.1	1	29.2
405.622	31.08	4.60	142.87	9.44	10.03	94.67	66.3	1	29.2
406.023	30.93	4.59	142.10	9.43	9.97	94.03	66.2	1	29.2
406.423	31.08	4.60	143.07	9.45	10.02	94.68	66.2	1	29.2
406.824	30.86	4.60	142.08	9.41	9.97	93.79	66.0	1	29.2
407.224	31.03	4.60	142.85	9.45	9.99	94.40	66.1	1	29.2
407.624	30.93	4.60	142.21	9.42	9.98	94.03	66.1	1	29.2
408.024	30.99	4.60	142.66	9.42	10.01	94.30	66.1	1	29.2
408.425	30.94	4.60	142.35	9.45	9.98	94.22	66.2	1	29.2
408.825	30.97	4.61	142.69	9.41	10.00	94.16	66.0	1	29.2
409.226	30.97	4.60	142.50	9.43	9.99	94.22	66.1	1	29.2
409.626	30.97	4.60	142.61	9.41	9.99	93.99	65.9	1	29.2
410.026	30.77	4.60	141.50	9.43	10.00	94.22	66.6	1	29.2
410.427	30.98	4.60	142.44	9.43	9.99	94.28	66.2	1	29.2
410.827	28.66	4.22	120.90	8.69	9.23	80.25	66.4	1	29.2
411.227	18.33	3.32	60.95	6.13	6.52	40.01	65.6	1	32.6
411.626	20.76	3.30	68.56	6.41	6.86	43.97	64.1	1	36.0
412.025	29.46	2.70	79.66	6.81	7.25	49.38	62.0	1	21.7
412.424	19.54	2.96	57.83	5.97	6.36	37.97	65.7	1	28.9
412.823	29.47	2.69	79.38	7.02	7.43	52.16	65.7	1	23.2
413.222	23.03	3.39	78.00	6.70	7.15	47.89	61.4	1	24.7
413.621	18.13	3.61	65.46	6.22	6.63	41.29	63.1	1	34.5
40.238	19.54	1.63	31.95	3.71	3.49	12.94	40.5	1	27.1
40.636	14.02	1.69	23.62	3.52	3.35	11.79	49.9	1	20.8
41.034	15.49	2.12	32.88	4.44	4.38	19.42	59.1	1	29.5
41.432	16.45	1.66	27.28	4.02	3.96	15.92	58.3	1	22.3
41.830	9.23	2.30	21.21	3.44	3.37	11.58	54.6	1	38.0
42.227	15.02	2.29	34.43	4.58	4.52	20.68	60.1	1	30.1
42.625	9.58	2.42	23.16	3.73	3.66	13.65	58.9	1	23.8
43.022	15.54	2.06	32.07	4.40	4.39	19.32	60.2	1	29.5
43.420	15.40	2.17	33.48	4.55	4.50	20.47	61.1	1	25.3
43.818	10.44	2.26	23.55	3.64	3.56	12.95	55.0	1	38.0
44.216	14.68	2.32	34.08	4.54	4.52	20.48	60.1	1	28.6
44.614	15.88	1.94	30.83	4.35	4.36	18.98	61.6	1	26.8
45.012	11.44	2.14	24.45	3.80	3.74	14.19	58.0	1	38.0
45.410	14.99	1.80	26.98	3.93	3.96	15.56	57.7	1	25.3
45.808	13.96	2.05	28.62	4.10	4.13	16.95	59.2	1	27.1
46.206	9.44	2.16	20.35	3.46	3.41	11.80	58.0	1	36.8
46.603	13.60	2.04	27.70	4.03	4.01	16.16	58.3	1	33.3
47.001	15.45	1.95	30.08	4.27	4.27	18.22	60.6	1	26.8
47.399	13.64	2.07	28.23	4.06	4.05	16.47	58.4	1	26.8
47.797	10.45	2.16	22.56	3.65	3.63	13.26	58.8	1	34.3
48.195	10.66	1.49	15.93	3.00	2.91	8.72	54.8	1	33.3
48.592	14.45	1.55	22.43	3.65	3.66	13.39	59.7	1	25.3
48.990	12.59	1.48	18.65	3.31	3.27	10.82	58.0	1	25.3
49.388	8.24	1.50	12.33	2.68	2.60	6.97	56.5	1	26.8
49.784	9.73	1.48	14.45	2.91	2.85	8.29	57.4	1	31.3
50.180	11.70	1.50	17.50	3.22	3.18	10.22	58.4	1	31.8
50.578	11.84	1.50	17.77	3.23	3.22	10.40	58.5	1	26.8
50.976	15.10	2.17	32.78	4.47	4.53	20.24	61.8	1	26.5
51.374	14.21	2.33	33.10	4.43	4.46	19.76	59.7	1	31.8
51.772	15.33	2.15	32.96	4.46	4.46	19.89	60.3	1	25.0
52.170	15.57	2.19	34.14	4.56	4.56	20.79	60.9	1	29.5
52.568	16.10	1.99	31.97	4.42	4.41	19.49	61.0	1	27.7
52.966	15.87	2.08	33.04	4.48	4.51	20.20	61.1	1	28.0
53.364	15.97	2.02	32.32	4.42	4.46	19.71	61.0	1	28.8
53.762	15.70	2.20	34.61	4.59	4.60	21.11	61.0	1	28.8
54.160	15.90	2.05	32.54	4.47	4.49	20.08	61.7	1	28.4
54.558	15.63	2.19	34.25	4.57	4.61	21.06	61.5	1	28.8
54.956	15.87	2.11	33.45	4.51	4.51	20.37	60.9	1	27.8
55.354	15.71	2.12	33.33	4.52	4.58	20.70	62.1	1	28.3
55.752	15.54	2.21	34.33	4.57	4.57	20.89	60.8	1	28.8
56.150	15.70	2.21	34.66	4.60	4.60	21.16	61.0	1	28.8
56.548	15.54	2.20	34.21	4.61	4.57	21.05	61.5	1	28.8
56.946	15.60	2.21	34.48	4.58	4.63	21.17	61.4	1	28.8
57.344	15.55	2.20	34.16	4.62	4.56	21.07	61.7	1	28.8
57.742	15.62	2.20	34.31	4.57	4.61	21.07	61.4	1	28.8
58.140	15.60	2.20	34.39	4.58	4.59	21.03	61.2	1	28.8
58.538	15.62	2.21	34.50	4.60	4.63	21.28	61.7	1	28.8
58.936	15.48	2.21	34.19	4.59	4.60	21.09	61.7	1	28.8
59.334	15.70	2.21	34.64	4.58	4.61	21.13	61.0	1	28.8
59.732	15.54	2.20	34.15	4.58	4.59	21.00	61.5	1	28.8
60.130	15.61	2.19	34.26	4.56	4.60	21.02	61.4	1	28.8
60.528	15.50	2.20	34.04	4.60	4.62	21.24	62.4	1	28.8
60.926	15.52	2.19	33.98	4.56	4.60	21.00	61.8	1	28.8
61.324	15.69	2.20	34.53	4.59	4.60	21.13	61.2	1	28.8
61.722	15.48	2.19	33.94	4.57	4.61	21.07	62.1	1	28.8
62.120	15.63	2.20	34.42	4.61	4.61	21.26	61.8	1	28.8
62.518	15.51	2.19	34.01	4.55	4.59	20.89	61.4	1	28.8
62.916	15.45	2.19	33.78	4.59	4.64	21.27	62.9	1	28.8
63.314	15.60	2.20	34.30	4.57	4.60	20.98	61.2	1	28.8
63.712	15.60	2.20	34.38	4.58	4.63	21.21	61.7	1	28.8
64.110	15.61	2.20	34.39	4.58	4.62	21.12	61.4	1	28.8
64.508	15.68	2.21	34.58	4.61	4.61	21.23	61.4	1	28.8
64.906	15.60	2.20	34.24	4.58	4.59	21.01	61.4	1	28.8
65.304	15.53	2.20	34.13	4.59	4.61	21.14	61.9	1	28.8
65.702	15.63	2.20	34.33	4.59	4.57	20.97	61.1	1	28.8
66.100	15.64	2.20	34.47	4.60	4.60	21.14	61.3	1	28.8
66.498	15.56	2.19	34.08	4.56	4.57	20.85	61.2	1	28.8
66.896	15.50	2.19	34.00	4.57	4.63	21.12	62.1	1	28.8
67.294	15.60	2.19	34.23	4.59	4.57	20.97	61.2	1	28.8
67.692	15.60	2.21	34.40	4.59	4.65	21.34	62.0	1	28.8
68.090	15.57	2.19	34.04	4.58	4.58	21.01	61.7	1	28.8
68.488	15.58	2.19	34.13	4.59	4.59	21.04	61.6	1	28.8
68.886	15.56	2.19	34.15	4.59	4.57	20.98	61.4	1	28.8
69.284	15.68	2.20	34.52	4.59	4.60	21.15	61.3	1	28.8
69.682	15.53	2.21	34.34	4.60	4.58	21.06	61.3	1	28.8
70.080	15.71	2.19	34.40	4.58	4.63	21.17	61.5	1	28.8
70.478	15.48	2.19	33.92	4.59	4.58	21.02	62.0	1	28.8
70.876	15.70	2.21	34.62	4.60	4.63	21.30	61.5	1	28.8
71.274	15.77	2.20	34.73	4.59	4.59	21.04	60.6	1	28.8
71.672	15.65	2.20	34.48	4.60	4.59	21.12	61.3	1	28.8
72.070	15.67	2.19	34.31	4.59	4.62	21.19	61.8	1	28.8
72.468	15.83	2.21	34.91	4.61	4.59	21.16	60.6	1	28.8
72.866	15.63	2.21	34.48	4.59	4.60	21.12	61.3	1	28.8
73.264	15.54	2.20	34.23	4.59	4.58	21.02	61.4	1	28.8
73.662	15.60	2.20	34.25	4.57	4.60	21.04	61.4	1	28.8
74.060	15.62	2.20	34.32	4.62	4.56	21.09	61.4	1	28.8
74.458	15.68	2.20	34.56	4.61	4.63	21.33	61.7	1	28.8
74.856	15.58	2.18	34.01	4.56	4.58	20.86	61.3	1	28.8
75.254	15.60	2.20	34.31	4.58	4.58	20.99	61.2	1	28.8
75.652	15.61	2.20	34.34	4.57	4.59	20.97	61.0	1	28.8
76.050	15.55	2.20	34.21	4.60	4.59	21.14	61.8	1	28.8
76.448	15.53	2.19	34.02	4.59	4.59	21.09	62.0	1	28.8
76.846	15.64	2.21	34.50	4.56	4.62	21.07	61.1	1	28.8
77.244	15.61	2.20	34.28	4.58	4.60	21.09	61.5	1	28.8
77.642	15.70	2.20	34.50	4.57	4.63	21.17	61.4	1	28.8
78.040	15.64	2.20	34.41	4.59	4.58	21.03	61.1	1	28.8
78.438	15.73	2.21	34.72	4.59	4.62	21.23	61.1	1	28.8
78.836	15.61	2.20	34.29	4.61	4.58	21.10	61.5	1	28.8
79.234	15.55	2.21	34.38	4.59	4.63	21.28	61.9	1	28.8
79.632	15.65	2.20	34.48	4.59	4.61	21.16	61.4	1	28.8
80.030	15.60	2.20	34.34	4.56	4.62	21.10	61.4	1	28.8
80.428	15.64	2.21	34.50	4.59	4.60	21.12	61.2	1	28.8
80.826	15.66	2.22	34.69	4.56	4.61	21.04	60.7	1	28.8
81.224	15.56	2.20	34.24	4.59	4.61	21.18	61.9	1	28.8
81.622	15.65	2.21	34.61	4.55	4.63	21.08	60.9	1	28.8
82.020	15.63	2.21	34.48	4.62	4.62	21.35	61.9	1	28.8
82.418	15.63	2.20	34.40	4.59	4.66	21.39	62.2	1	28.8
82.816	15.61	2.21	34.46	4.57	4.60	21.05	61.1	1	28.8
83.214	15.61	2.22	34.61	4.59	4.62	21.24	61.4	1	28.8
83.612	15.61	2.20	34.41	4.57	4.61	21.06	61.2	1	28.8
84.010	15.66	2.21	34.61	4.60	4.62	21.29	61.5	1	28.8
84.408	15.42	2.21	34.03	4.57	4.61	21.08	61.9	1	28.8
84.806	15.83	2.21	34.91	4.56	4.62	21.09	60.4	1	28.8
85.204	15.66	2.21	34.55	4.58	4.60	21.07	61.0	1	28.8
85.602	15.58	2.20	34.29	4.56	4.63	21.10	61.5	1	28.8
86.000	15.55	2.21	34.34	4.58	4.60	21.05	61.3	1	28.8
86.398	15.63	2.21	34.51	4.56	4.61	20.99	60.8	1	28.8
86.796	15.51	2.20	34.15	4.58	4.61	21.12	61.8	1	28.8
87.194	15.56	2.20	34.24	4.58	4.56	20.90	61.0	1	28.8
87.592	15.57	2.20	34.29	4.58	4.62	21.14	61.7	1	28.8
87.990	15.58	2.21	34.45	4.60	4.62	21.23	61.6	1	28.8
88.388	15.49	2.21	34.22	4.57	4.62	21.12	61.7	1	28.8
88.786	15.54	2.21	34.34	4.60	4.60	21.16	61.6	1	28.8
89.184	15.55	2.20	34.23	4.57	4.62	21.11	61.7	1	28.8
89.582	15.55	2.19	34.13	4.58	4.59	21.02	61.6	1	28.8
89.980	15.61	2.20	34.38	4.58	4.61	21.14	61.5	1	28.8
90.378	15.50	2.20	34.15	4.58	4.58	21.01	61.5	1	28.8
90.776	15.59	2.20	34.28	4.57	4.61	21.04	61.4	1	28.8
91.325	15.54	2.19	34.10	4.57	4.60	21.02	61.7	1	28.8
91.723	15.56	2.21	34.33	4.58	4.60	21.04	61.3	1	28.8
174.477	35.86	2.11	75.57	6.30	6.69	42.20	55.8	1	33.6
174.876	20.27	5.09	103.15	7.84	8.23	64.47	62.5	1	37.3
175.276	8.03	5.26	42.20	4.80	5.01	24.05	57.0	1	50.8
175.674	13.67	5.23	71.56	6.44	6.80	43.80	61.2	1	38.8
176.073	24.79	4.41	109.19	7.93	8.31	65.83	60.3	1	21.3
176.473	34.99	2.72	95.16	7.73	8.15	63.00	66.2	1	22.5
176.872	20.97	5.04	105.65	7.89	8.31	65.63	62.1	1	40.3
177.272	9.21	5.25	48.34	5.15	5.44	28.03	58.0	1	49.3
177.670	17.37	5.23	90.92	7.40	7.78	57.53	63.3	1	35.1
178.069	9.03	5.27	47.59	5.05	5.32	26.88	56.5	1	50.8
178.467	27.54	4.23	116.59	8.19	8.62	70.65	60.6	1	33.6
178.867	33.19	3.38	112.20	8.28	8.75	72.40	64.5	1	24.0
179.267	12.81	5.18	66.42	6.14	6.49	39.82	59.9	1	40.3
179.666	32.61	3.04	99.14	7.65	8.06	61.59	62.1	1	22.5
180.065	13.16	5.16	67.96	6.10	6.45	39.38	57.9	1	47.8
180.464	14.70	5.25	77.17	6.73	7.13	47.97	62.2	1	33.6
180.863	31.04	3.73	115.90	8.31	8.82	73.29	63.2	1	24.0
181.263	12.65	5.10	64.51	5.88	6.26	36.78	57.0	1	40.3
181.662	29.46	3.65	107.58	7.84	8.27	64.88	60.3	1	24.0
182.062	21.30	5.02	106.85	7.89	8.32	65.64	61.4	1	44.8
182.462	15.27	5.24	79.98	6.93	7.30	50.60	63.3	1	38.8
182.861	20.28	5.05	102.45	7.71	8.12	62.61	61.1	1	43.3
183.261	17.05	5.23	89.13	7.36	7.74	57.00	63.9	1	37.3
183.660	30.45	4.14	126.23	8.81	9.30	81.87	64.9	1	30.6
184.060	32.83	3.69	121.17	8.73	9.21	80.46	66.4	1	25.5
184.460	16.78	4.79	80.31	6.89	7.30	50.29	62.6	1	35.8
184.859	25.99	3.06	79.45	6.98	7.35	51.29	64.6	1	25.5
185.258	17.23	4.53	78.06	6.74	7.13	48.06	61.6	1	40.3
185.657	22.58	5.04	113.85	8.33	8.80	73.36	64.4	1	25.5
186.057	27.15	4.74	128.71	8.86	9.35	82.85	64.4	1	32.8
186.457	27.23	4.65	126.54	8.76	9.26	81.16	64.1	1	38.8
186.857	27.00	4.78	128.99	8.89	9.32	82.85	64.2	1	29.7
187.257	22.08	5.11	112.80	8.30	8.71	72.31	64.1	1	31.3
187.657	31.30	4.16	130.11	9.01	9.51	85.72	65.9	1	27.0
188.057	31.27	4.27	133.54	9.15	9.64	88.18	66.0	1	29.8
188.457	31.32	4.32	135.21	9.25	9.68	89.50	66.2	1	28.2
188.857	26.73	4.66	124.64	8.72	9.18	80.05	64.2	1	28.2
189.257	23.74	5.06	120.19	8.60	9.10	78.21	65.1	1	34.3
189.657	31.84	4.12	131.22	9.07	9.54	86.52	65.9	1	27.0
190.057	32.61	3.95	128.75	8.98	9.49	85.19	66.2	1	27.0
190.457	32.51	3.94	128.00	8.98	9.51	85.42	66.7	1	27.0
190.857	32.54	3.95	128.52	8.97	9.50	85.16	66.3	1	27.0
191.257	32.58	3.95	128.64	8.96	9.48	84.92	66.0	1	27.0
191.657	32.60	3.94	128.51	9.01	9.49	85.56	66.6	1	27.0
192.057	32.55	3.93	127.98	8.99	9.50	85.35	66.7	1	27.0
192.457	32.61	3.94	128.61	9.00	9.47	85.24	66.3	1	27.0
192.857	32.47	3.95	128.35	8.98	9.50	85.29	66.4	1	27.0
193.257	32.62	3.95	128.74	9.01	9.44	85.06	66.1	1	27.0
193.657	32.61	3.95	128.74	8.97	9.48	85.05	66.1	1	27.0
194.057	32.44	3.95	128.14	9.00	9.46	85.12	66.4	1	27.0
194.457	32.60	3.94	128.54	8.97	9.46	84.88	66.0	1	27.0
194.857	32.41	3.94	127.70	8.99	9.46	85.10	66.6	1	27.0
195.257	32.54	3.93	128.06	8.99	9.45	84.99	66.4	1	27.0
195.657	32.48	3.95	128.13	8.95	9.46	84.65	66.1	1	27.0
196.057	32.50	3.93	127.81	8.99	9.43	84.74	66.3	1	27.0
196.457	32.47	3.95	128.30	9.00	9.46	85.17	66.4	1	27.0
196.857	32.63	3.95	128.98	8.98	9.46	84.99	65.9	1	27.0
197.257	32.43	3.94	127.94	9.00	9.45	85.11	66.5	1	27.0
197.657	32.43	3.94	127.88	8.99	9.45	84.96	66.4	1	27.0
198.057	32.52	3.93	127.88	8.98	9.44	84.81	66.3	1	27.0
198.457	32.50	3.93	127.68	8.98	9.47	85.01	66.6	1	27.0
198.857	32.50	3.95	128.20	8.97	9.44	84.67	66.0	1	27.0
199.257	32.62	3.95	128.74	8.97	9.47	85.00	66.0	1	27.0
199.657	32.55	3.95	128.53	8.98	9.45	84.88	66.0	1	27.0
200.057	32.56	3.95	128.68	8.96	9.48	84.99	66.0	1	27.0
200.457	32.53	3.94	128.19	8.98	9.45	84.85	66.2	1	27.0
200.857	32.52	3.94	128.17	9.00	9.47	85.22	66.5	1	27.0
201.257	32.63	3.95	128.77	8.97	9.46	84.85	65.9	1	27.0
201.657	32.51	3.95	128.38	8.99	9.47	85.20	66.4	1	27.0
202.057	32.57	3.95	128.62	8.99	9.47	85.18	66.2	1	27.0
202.457	32.59	3.95	128.68	9.01	9.45	85.13	66.2	1	27.0
202.857	32.55	3.94	128.28	8.98	9.45	84.90	66.2	1	27.0
203.257	32.67	3.94	128.74	8.97	9.44	84.76	65.8	1	27.0
203.657	32.50	3.95	128.32	9.00	9.49	85.43	66.6	1	27.0
204.057	32.50	3.94	127.97	9.01	9.47	85.29	66.6	1	27.0
204.457	32.60	3.96	128.95	8.99	9.49	85.24	66.1	1	27.0
204.857	32.64	3.94	128.52	9.00	9.47	85.23	66.3	1	27.0
205.257	32.59	3.95	128.72	9.01	9.46	85.27	66.2	1	27.0
205.657	32.51	3.95	128.35	9.00	9.47	85.24	66.4	1	27.0
206.057	32.50	3.94	128.20	9.03	9.48	85.65	66.8	1	27.0
206.457	32.51	3.95	128.41	8.99	9.48	85.23	66.4	1	27.0
206.857	32.57	3.94	128.47	9.00	9.51	85.57	66.6	1	27.0
207.257	32.60	3.95	128.79	9.02	9.49	85.60	66.5	1	27.0
207.657	32.68	3.95	129.08	8.97	9.50	85.25	66.0	1	27.0
208.057	32.72	3.96	129.47	9.02	9.51	85.82	66.3	1	27.0
208.457	32.71	3.95	129.25	9.00	9.51	85.58	66.2	1	27.0
208.857	32.64	3.95	129.07	9.03	9.48	85.52	66.3	1	27.0
209.257	32.57	3.96	128.93	8.98	9.49	85.27	66.1	1	27.0
209.657	32.62	3.95	128.83	9.02	9.49	85.62	66.5	1	27.0
210.057	32.48	3.95	128.44	8.99	9.52	85.53	66.6	1	27.0
210.457	32.52	3.96	128.69	9.00	9.49	85.38	66.4	1	27.0
210.857	32.54	3.96	128.87	8.99	9.52	85.59	66.4	1	27.0
211.257	32.49	3.96	128.52	8.99	9.51	85.46	66.5	1	27.0
211.657	24.30	2.79	67.74	6.51	6.88	44.79	66.1	1	22.0
212.056	22.66	2.78	62.97	6.17	6.51	40.18	63.8	1	30.0
212.455	11.76	4.93	57.92	5.69	6.02	34.25	59.1	1	47.7
212.854	25.52	3.08	78.57	6.33	6.71	42.48	54.1	1	22.0
213.253	18.38	3.36	61.75	5.88	6.22	36.61	59.3	1	41.9
213.652	10.18	5.11	52.05	5.47	5.76	31.53	60.6	1	46.2
214.051	24.69	2.68	66.13	6.16	6.51	40.09	60.6	1	30.0
214.450	12.71	4.69	59.68	5.78	6.10	35.23	59.0	1	43.4
214.849	19.60	3.87	75.82	6.17	6.54	40.38	53.3	1	23.5
215.248	19.08	2.76	52.64	5.65	6.00	33.85	64.3	1	30.0
215.647	12.00	4.96	59.47	5.92	6.28	37.16	62.5	1	43.2
216.046	28.60	2.72	77.73	6.63	7.01	46.53	59.9	1	22.0
216.445	17.80	3.44	61.30	5.92	6.25	37.00	60.4	1	28.5
216.844	13.09	4.74	62.07	6.03	6.36	38.34	61.8	1	41.7
217.243	25.56	3.09	78.97	6.58	6.96	45.81	58.0	1	22.0
217.642	22.97	2.93	67.34	6.37	6.72	42.78	63.5	1	40.2
218.041	14.16	4.54	64.33	6.22	6.54	40.71	63.3	1	38.7
218.440	26.00	3.11	80.91	7.02	7.40	51.94	64.2	1	23.5
218.839	18.62	3.92	72.93	6.46	6.81	44.03	60.4	1	37.4
219.238	24.93	3.25	81.05	6.84	7.24	49.48	61.1	1	35.9
219.637	26.36	3.15	83.12	7.08	7.47	52.85	63.6	1	25.3
220.036	21.17	3.66	77.43	6.68	7.06	47.18	60.9	1	25.3
220.435	17.76	3.79	67.28	6.32	6.66	42.08	62.5	1	35.7
220.834	21.77	3.49	76.00	6.68	7.06	47.11	62.0	1	35.9
221.233	27.38	3.08	84.40	7.16	7.55	54.10	64.1	1	25.0
221.632	20.43	3.39	69.26	6.47	6.81	44.07	63.6	1	34.4
222.031	15.98	3.77	60.34	6.10	6.40	39.02	64.7	1	35.0
222.430	27.75	3.00	83.32	7.22	7.64	55.17	66.2	1	25.7
222.829	17.12	3.74	64.06	6.22	6.57	40.84	63.7	1	35.0
223.228	22.20	3.28	72.91	6.68	7.04	47.06	64.5	1	27.2
223.627	24.19	3.12	75.51	6.85	7.24	49.62	65.7	1	33.6
224.026	16.63	3.46	57.46	5.95	6.29	37.48	65.2	1	33.5
224.425	23.09	3.12	71.95	6.70	7.09	47.46	66.0	1	26.5
224.824	19.00	3.15	59.81	6.08	6.41	38.97	65.2	1	32.1
225.223	20.70	3.12	64.53	6.28	6.59	41.39	64.1	1	26.0
225.622	22.60	2.94	66.54	6.47	6.84	44.21	66.4	1	28.3
226.021	18.31	3.00	54.89	5.85	6.15	36.00	65.6	1	30.5
226.420	29.55	4.42	130.55	9.06	9.54	86.38	66.2	1	29.0
226.820	31.75	4.22	133.83	9.19	9.66	88.73	66.3	1	28.3
227.220	30.74	4.47	137.39	9.31	9.80	91.22	66.4	1	29.1
227.620	33.54	3.32	111.23	8.22	8.69	71.43	64.2	1	21.7
228.020	29.56	4.56	134.88	9.15	9.64	88.25	65.4	1	30.5
228.420	9.85	5.24	51.58	5.36	5.62	30.14	58.4	1	49.2
228.818	27.30	4.66	127.20	8.72	9.17	79.93	62.8	1	20.2
229.218	19.77	4.45	88.02	6.75	7.09	47.88	54.4	1	41.0
229.617	13.16	5.16	67.85	5.95	6.27	37.27	54.9	1	30.5
230.016	33.17	3.14	104.10	7.89	8.28	65.33	62.8	1	21.7
230.416	12.81	5.06	64.81	5.89	6.20	36.56	56.4	1	49.2
230.815	24.41	4.93	120.33	8.39	8.79	73.74	61.3	1	30.5
231.215	25.87	3.97	102.68	7.50	7.92	59.38	57.8	1	41.0
231.615	9.27	5.21	48.34	5.13	5.38	27.60	57.1	1	49.2
232.013	30.05	4.16	125.12	8.68	9.14	79.34	63.4	1	30.5
232.413	17.44	5.15	89.89	7.32	7.70	56.38	62.7	1	39.5
232.812	20.47	5.02	102.81	7.61	8.01	60.98	59.3	1	30.5
233.212	15.42	5.20	80.23	6.89	7.25	49.96	62.3	1	41.0
233.611	16.94	4.76	80.69	6.45	6.76	43.60	54.0	1	47.2
234.010	31.53	3.51	110.64	8.10	8.55	69.23	62.6	1	29.0
234.410	19.89	4.98	99.08	7.65	8.06	61.67	62.2	1	39.5
234.809	13.53	5.16	69.89	6.21	6.56	40.75	58.3	1	29.6
235.208	18.46	5.11	94.35	7.48	7.84	58.68	62.2	1	39.5
235.607	25.51	4.28	109.15	7.80	8.23	64.17	58.8	1	44.2
236.007	27.74	4.37	121.12	8.47	8.92	75.55	62.4	1	27.7
236.407	24.97	4.64	115.89	8.28	8.74	72.31	62.4	1	39.7
236.807	12.92	5.24	67.75	6.32	6.66	42.09	62.1	1	42.7
237.206	23.14	4.95	114.55	8.28	8.72	72.20	63.0	1	38.2
237.606	28.48	4.64	132.14	9.01	9.48	85.49	64.7	1	29.2
238.006	23.64	4.75	112.35	8.10	8.53	69.11	61.5	1	28.6
238.406	28.32	4.89	138.40	9.29	9.75	90.54	65.4	1	31.1
238.806	16.97	5.23	88.83	7.28	7.68	55.93	63.0	1	38.2
239.205	27.91	4.82	134.52	9.09	9.61	87.37	65.0	1	30.1
239.605	26.22	4.80	125.96	8.75	9.19	80.47	63.9	1	29.4
240.005	20.21	5.15	104.01	7.95	8.36	66.47	63.9	1	30.0
240.405	22.59	5.11	115.30	8.42	8.89	74.80	64.9	1	35.7
240.805	25.99	4.96	128.98	8.92	9.41	83.92	65.1	1	36.7
241.205	26.72	4.93	131.79	9.02	9.52	85.95	65.2	1	30.5
241.605	23.93	5.12	122.48	8.69	9.16	79.62	65.0	1	31.5
242.005	23.70	5.17	122.42	8.71	9.21	80.19	65.5	1	34.2
242.405	27.08	4.98	134.80	9.15	9.64	88.19	65.4	1	30.1
242.805	29.01	4.84	140.42	9.35	9.86	92.16	65.6	1	30.5
243.205	26.80	4.98	133.57	9.10	9.60	87.37	65.4	1	30.5
243.605	28.85	4.84	139.69	9.34	9.86	92.07	65.9	1	30.5
244.005	28.93	4.83	139.83	9.35	9.85	92.04	65.8	1	30.5
244.405	28.97	4.84	140.24	9.39	9.90	92.93	66.3	1	30.5
244.805	28.78	4.85	139.65	9.36	9.88	92.51	66.2	1	30.5
245.205	28.97	4.85	140.59	9.38	9.90	92.89	66.1	1	30.5
245.605	28.99	4.85	140.49	9.35	9.87	92.32	65.7	1	30.5
246.005	28.90	4.85	140.15	9.34	9.89	92.31	65.9	1	30.5
246.405	28.89	4.84	139.79	9.37	9.85	92.28	66.0	1	30.5
246.805	29.00	4.84	140.33	9.37	9.87	92.48	65.9	1	30.5
247.205	29.15	4.84	140.94	9.36	9.86	92.26	65.5	1	30.5
247.605	28.96	4.84	140.07	9.38	9.87	92.57	66.1	1	30.5
248.005	28.96	4.84	140.25	9.38	9.85	92.40	65.9	1	30.5
248.405	28.91	4.83	139.69	9.36	9.85	92.26	66.0	1	30.5
248.805	28.96	4.84	140.19	9.37	9.90	92.74	66.1	1	30.5
249.205	28.87	4.83	139.52	9.37	9.84	92.12	66.0	1	30.5
249.605	28.90	4.83	139.72	9.35	9.87	92.25	66.0	1	30.5
250.005	28.90	4.82	139.44	9.38	9.87	92.53	66.4	1	30.5
250.405	29.02	4.83	140.20	9.37	9.83	92.08	65.7	1	30.5
250.805	28.96	4.83	139.76	9.38	9.86	92.42	66.1	1	30.5
251.205	28.97	4.83	140.01	9.36	9.83	91.95	65.7	1	30.5
251.605	28.90	4.83	139.50	9.37	9.84	92.24	66.1	1	30.5
252.005	28.95	4.83	139.87	9.38	9.86	92.46	66.1	1	30.5
252.405	28.82	4.81	138.77	9.37	9.86	92.36	66.6	1	30.5
252.805	29.00	4.83	140.12	9.39	9.89	92.79	66.2	1	30.5
253.205	28.96	4.84	140.07	9.40	9.83	92.37	65.9	1	30.5
253.605	28.92	4.83	139.73	9.37	9.85	92.33	66.1	1	30.5
254.005	28.93	4.83	139.74	9.37	9.82	92.09	65.9	1	30.5
254.405	28.93	4.84	140.12	9.36	9.86	92.38	65.9	1	30.5
254.805	29.02	4.84	140.34	9.38	9.89	92.72	66.1	1	30.5
255.205	29.07	4.83	140.50	9.40	9.85	92.57	65.9	1	30.5
255.605	29.02	4.84	140.42	9.35	9.87	92.31	65.7	1	30.5
256.005	28.99	4.83	140.18	9.37	9.86	92.38	65.9	1	30.5
256.405	29.06	4.84	140.64	9.38	9.85	92.38	65.7	1	30.5
256.805	28.96	4.84	140.10	9.38	9.87	92.60	66.1	1	30.5
257.205	29.04	4.83	140.35	9.38	9.84	92.27	65.7	1	30.5
257.605	28.90	4.83	139.61	9.37	9.87	92.46	66.2	1	30.5
258.005	28.96	4.83	139.85	9.37	9.85	92.25	66.0	1	30.5
258.405	28.88	4.84	139.77	9.34	9.86	92.10	65.9	1	30.5
258.805	28.90	4.83	139.61	9.38	9.85	92.41	66.2	1	30.5
259.205	28.93	4.84	139.95	9.37	9.84	92.23	65.9	1	30.5
259.605	28.95	4.84	140.08	9.36	9.81	91.81	65.5	1	30.5
260.005	29.03	4.83	140.23	9.36	9.85	92.19	65.7	1	30.5
260.405	28.95	4.84	140.15	9.38	9.81	92.10	65.7	1	30.5
260.805	28.92	4.82	139.49	9.37	9.86	92.38	66.2	1	30.5
261.205	28.93	4.83	139.57	9.35	9.84	91.97	65.9	1	30.5
261.605	28.89	4.83	139.64	9.36	9.85	92.19	66.0	1	30.5
262.005	27.01	2.95	79.77	7.06	7.41	52.28	65.5	1	24.7
262.404	23.07	3.26	75.30	6.68	7.07	47.23	62.7	1	36.3
262.803	9.76	4.96	48.42	5.19	5.44	28.23	58.3	1	48.3
263.201	25.83	3.02	77.94	6.88	7.22	49.69	63.7	1	25.8
263.600	17.69	3.62	64.02	6.22	6.54	40.68	63.5	1	34.8
264.150	25.95	3.13	81.30	6.85	7.26	49.72	61.2	1	25.0
264.549	21.22	3.18	67.45	6.37	6.72	42.78	63.4	1	33.3
264.948	9.78	5.01	48.95	5.24	5.53	28.98	59.2	1	25.5
265.346	19.66	3.10	60.98	6.10	6.41	39.13	64.2	1	31.8
265.745	23.00	3.08	70.78	6.49	6.89	44.70	63.2	1	45.7
266.144	22.33	3.42	76.36	6.52	6.88	44.82	58.7	1	25.5
266.543	21.10	2.96	62.39	6.21	6.57	40.77	65.3	1	31.9
266.942	12.37	4.67	57.77	5.73	6.02	34.49	59.7	1	44.2
267.341	25.06	2.97	74.51	6.74	7.11	47.94	64.3	1	26.5
267.740	19.32	2.90	56.01	5.93	6.25	37.07	66.2	1	30.4
268.139	18.55	3.95	73.38	6.35	6.71	42.60	58.1	1	25.8
268.538	26.62	2.86	76.27	6.92	7.30	50.53	66.3	1	25.5
268.937	15.36	3.99	61.31	5.96	6.33	37.71	61.5	1	41.2
269.336	24.86	3.12	77.52	6.81	7.21	49.10	63.3	1	25.5
269.735	22.56	2.87	64.64	6.35	6.71	42.59	65.9	1	29.5
270.134	10.22	2.94	30.07	4.19	4.49	18.83	62.6	1	39.7
270.533	26.11	2.82	73.59	6.78	7.23	49.03	66.6	1	25.5
270.932	22.42	2.86	64.23	6.35	6.72	42.64	66.4	1	38.2
271.331	22.38	2.97	66.44	6.29	6.68	41.97	63.2	1	25.5
271.730	24.25	2.87	69.51	6.64	7.05	46.84	67.4	1	27.2
272.129	14.12	2.91	41.08	4.97	5.26	26.11	63.6	1	36.7
272.528	25.56	2.81	71.83	6.69	7.10	47.55	66.2	1	25.3
272.927	26.89	2.80	75.28	6.91	7.31	50.53	67.1	1	25.5
273.326	18.18	2.87	52.11	5.55	5.91	32.83	63.0	1	25.5
273.725	29.04	2.68	77.95	6.99	7.42	51.91	66.6	1	23.8
274.124	18.43	2.68	49.40	5.47	5.85	31.97	64.7	1	33.7
274.523	21.14	2.01	42.45	5.08	5.44	27.62	65.1	1	22.9
274.922	31.65	3.30	104.47	8.11	8.63	70.00	67.0	1	24.4
275.322	27.38	4.81	131.60	9.04	9.55	86.30	65.6	1	32.2
275.722	31.49	4.12	129.81	8.97	9.58	85.93	66.2	1	25.9
276.122	31.42	4.30	134.99	9.24	9.78	90.42	67.0	1	28.5
276.522	34.27	3.25	111.28	8.41	8.92	75.01	67.4	1	24.4
276.922	32.93	3.83	125.98	8.92	9.43	84.12	66.8	1	24.4
277.322	31.71	4.18	132.52	9.10	9.62	87.58	66.1	1	29.2
277.722	30.53	4.52	138.00	9.35	9.88	92.36	66.9	1	29.2
278.122	33.74	3.33	112.42	8.38	8.90	74.54	66.3	1	23.4
278.522	25.57	4.44	113.47	8.16	8.61	70.31	62.0	1	41.9
278.922	8.75	5.24	45.84	5.03	5.34	26.83	58.5	1	50.2
279.320	31.29	3.80	119.00	8.44	8.92	75.24	63.2	1	29.2
279.720	14.83	5.11	75.76	6.54	6.94	45.44	60.0	1	43.4
280.119	19.08	5.05	96.43	7.30	7.75	56.55	58.6	1	30.7
280.518	33.67	3.24	109.07	8.15	8.68	70.81	64.9	1	23.4
280.918	11.20	5.17	57.86	5.69	6.06	34.48	59.6	1	47.2
281.317	31.66	3.24	102.63	7.73	8.20	63.37	61.7	1	23.4
281.717	17.83	4.97	88.54	7.06	7.46	52.72	59.5	1	43.4
282.116	10.12	5.25	53.11	5.54	5.89	32.64	61.4	1	27.7
282.515	17.88	4.94	88.33	7.11	7.51	53.45	60.5	1	41.9
282.914	29.21	3.51	102.42	7.58	8.03	60.86	59.4	1	44.2
283.314	27.86	4.07	113.26	8.09	8.57	69.33	61.2	1	26.2
283.714	28.17	3.93	110.76	8.01	8.47	67.87	61.3	1	40.4
284.114	13.04	5.19	67.74	6.27	6.71	42.07	62.1	1	42.7
284.513	25.36	4.24	107.59	7.80	8.29	64.67	60.1	1	38.9
284.913	30.99	3.65	113.24	8.24	8.73	71.93	63.5	1	24.7
285.313	24.03	4.40	105.85	7.73	8.22	63.57	60.1	1	26.2
285.713	32.67	3.79	123.74	8.83	9.33	82.39	66.6	1	26.4
286.113	17.43	5.16	89.94	7.39	7.80	57.65	64.1	1	37.4
286.512	31.78	3.61	114.74	8.38	8.86	74.21	64.7	1	24.9
286.912	19.45	5.16	100.30	7.81	8.26	64.53	64.3	1	35.9
287.312	31.69	3.90	123.70	8.74	9.24	80.77	65.3	1	24.7
287.712	34.56	3.09	106.64	8.19	8.68	71.11	66.7	1	23.4
288.112	23.17	4.98	115.48	8.37	8.84	73.97	64.1	1	36.7
288.512	23.75	5.15	122.27	8.71	9.17	79.88	65.3	1	32.9
288.912	24.97	4.71	117.75	8.41	8.89	74.72	63.5	1	25.4
289.312	34.03	3.11	105.89	8.20	8.68	71.20	67.2	1	23.4
289.712	34.36	3.20	110.06	8.35	8.83	73.72	67.0	1	24.9
290.112	25.63	4.83	123.83	8.69	9.18	79.79	64.4	1	33.7
290.512	28.59	4.84	138.25	9.31	9.83	91.49	66.2	1	29.9
290.912	26.86	5.03	135.09	9.21	9.71	89.50	66.3	1	32.2
291.312	33.52	3.50	117.27	8.59	9.11	78.26	66.7	1	25.5
291.712	29.32	4.68	137.10	9.28	9.78	90.73	66.2	1	30.7
292.112	34.45	3.09	106.53	8.21	8.70	71.40	67.0	1	24.0
292.512	31.81	4.17	132.58	9.16	9.67	88.55	66.8	1	29.2
292.912	32.21	4.08	131.49	9.09	9.61	87.35	66.4	1	26.9
293.312	34.59	3.05	105.45	8.16	8.66	70.70	67.0	1	24.0
293.712	34.80	2.97	103.40	8.11	8.58	69.51	67.2	1	23.4
294.112	34.03	3.26	111.10	8.37	8.81	73.76	66.4	1	28.4
294.512	16.01	5.00	80.09	6.68	7.07	47.16	58.9	1	43.5
294.911	17.88	4.89	87.38	6.85	7.20	49.37	56.5	1	28.4
295.310	33.34	3.46	115.31	8.47	8.96	75.84	65.8	1	24.5
295.710	10.88	5.16	56.08	5.54	5.83	32.27	57.5	1	47.6
296.109	29.48	3.91	115.34	8.18	8.69	71.12	61.7	1	26.0
296.509	19.98	4.82	96.38	7.39	7.78	57.45	59.6	1	43.5
296.908	9.28	5.24	48.62	5.25	5.56	29.18	60.0	1	47.6
297.306	19.06	4.92	93.83	7.30	7.72	56.36	60.1	1	42.0
297.705	29.95	4.20	125.76	8.78	9.28	81.50	64.8	1	27.5
298.105	23.92	4.69	112.12	8.02	8.47	67.90	60.6	1	29.0
298.505	29.59	4.40	130.21	8.97	9.49	85.15	65.4	1	40.5
298.905	10.82	5.11	55.24	5.61	5.93	33.27	60.2	1	46.7
299.304	23.96	4.81	115.33	8.26	8.73	72.14	62.5	1	42.0
299.704	27.68	4.34	120.20	8.47	8.97	75.99	63.2	1	27.5
300.104	18.46	4.90	90.41	7.06	7.51	53.00	58.6	1	29.0
300.503	25.71	3.77	96.89	7.78	8.27	64.34	66.4	1	28.9
300.902	12.84	4.92	63.22	6.08	6.50	39.54	62.5	1	43.7
301.301	18.60	3.35	62.35	6.07	6.46	39.21	62.9	1	29.3
301.700	17.22	3.82	65.72	6.22	6.58	40.94	62.3	1	39.0
302.099	13.03	5.19	67.58	6.33	6.72	42.49	62.9	1	42.2
302.498	30.48	4.37	133.19	9.13	9.66	88.21	66.2	1	28.4
302.898	19.37	5.12	99.25	7.75	8.25	63.92	64.4	1	37.5
303.297	18.10	5.23	94.71	7.62	8.06	61.37	64.8	1	36.0
303.696	28.45	4.77	135.56	9.21	9.76	89.92	66.3	1	39.2
304.096	26.90	4.61	123.91	8.66	9.16	79.31	64.0	1	28.4
304.496	31.26	4.34	135.72	9.20	9.80	90.15	66.4	1	28.4
304.896	21.05	5.01	105.51	7.96	8.45	67.31	63.8	1	37.7
305.296	24.66	4.95	122.00	8.64	9.18	79.37	65.1	1	28.4
305.696	26.14	4.99	130.52	9.02	9.55	86.12	66.0	1	33.0
306.096	24.56	4.88	119.80	8.52	9.06	77.22	64.5	1	28.4
306.496	29.90	4.65	139.11	9.32	9.90	92.28	66.3	1	29.9
306.896	23.59	5.16	121.81	8.66	9.23	79.91	65.6	1	34.7
307.296	29.96	4.47	133.96	9.14	9.68	88.45	66.0	1	28.4
307.696	28.77	4.74	136.45	9.24	9.77	90.26	66.1	1	31.9
308.096	24.86	5.14	127.79	8.96	9.48	84.93	66.5	1	33.2
308.496	31.32	4.31	134.93	9.24	9.75	90.11	66.8	1	28.1
308.896	27.65	4.95	136.93	9.23	9.77	90.19	65.9	1	30.4
309.296	30.70	4.48	137.41	9.31	9.85	91.77	66.8	1	28.4
309.696	31.38	4.35	136.41	9.27	9.81	90.96	66.7	1	28.4
310.096	31.32	4.32	135.20	9.26	9.80	90.70	67.1	1	28.4
310.496	31.37	4.34	136.07	9.28	9.80	90.97	66.9	1	28.4
310.896	31.43	4.34	136.23	9.26	9.81	90.84	66.7	1	28.4
311.296	31.23	4.32	134.95	9.25	9.80	90.70	67.2	1	28.4
311.696	31.36	4.33	135.85	9.26	9.81	90.82	66.9	1	28.4
312.096	31.36	4.33	135.84	9.24	9.79	90.53	66.6	1	28.4
312.496	31.33	4.33	135.72	9.27	9.79	90.82	66.9	1	28.4
312.896	31.39	4.34	136.15	9.26	9.77	90.42	66.4	1	28.4
313.296	31.28	4.32	135.25	9.25	9.77	90.33	66.8	1	28.4
313.696	31.30	4.34	135.72	9.26	9.78	90.52	66.7	1	28.4
314.096	31.25	4.32	135.12	9.25	9.77	90.41	66.9	1	28.4
314.496	31.32	4.33	135.75	9.24	9.77	90.26	66.5	1	28.4
314.896	31.37	4.34	136.05	9.25	9.78	90.49	66.5	1	28.4
315.296	31.26	4.32	135.16	9.24	9.78	90.32	66.8	1	28.4
315.696	31.34	4.33	135.80	9.25	9.79	90.51	66.6	1	28.4
316.096	31.42	4.33	136.01	9.22	9.80	90.38	66.4	1	28.4
316.496	31.27	4.34	135.60	9.24	9.79	90.46	66.7	1	28.4
316.896	31.29	4.33	135.40	9.23	9.77	90.13	66.6	1	28.4
317.296	31.25	4.33	135.34	9.25	9.80	90.58	66.9	1	28.4
317.696	31.31	4.33	135.54	9.26	9.75	90.30	66.6	1	28.4
318.096	31.38	4.33	135.82	9.26	9.79	90.71	66.8	1	28.4
318.496	31.27	4.34	135.77	9.25	9.79	90.55	66.7	1	28.4
318.896	31.29	4.34	135.75	9.25	9.79	90.60	66.7	1	28.4
319.296	31.38	4.33	136.00	9.26	9.76	90.45	66.5	1	28.4
319.696	31.36	4.33	135.89	9.24	9.78	90.36	66.5	1	28.4
320.096	31.25	4.33	135.38	9.27	9.78	90.63	66.9	1	28.4
320.496	31.22	4.33	135.11	9.27	9.79	90.76	67.2	1	28.4
320.896	31.33	4.32	135.36	9.26	9.77	90.49	66.8	1	28.4
321.296	31.28	4.33	135.29	9.26	9.78	90.57	66.9	1	28.4
321.696	31.32	4.32	135.34	9.23	9.81	90.58	66.9	1	28.4
322.096	31.39	4.32	135.70	9.23	9.75	90.00	66.3	1	28.4
322.496	31.32	4.33	135.53	9.24	9.78	90.33	66.6	1	28.4
449.089	33.51	3.59	120.34	8.18	8.91	72.92	60.6	1	27.1
449.489	28.90	4.35	125.67	8.76	9.50	83.19	66.2	1	36.5
449.889	18.60	4.96	92.30	7.52	8.27	62.20	67.4	1	36.5
450.288	33.50	2.82	94.34	7.42	8.16	60.49	64.1	1	20.8
450.687	35.33	2.73	96.57	7.71	8.45	65.12	67.4	1	29.5
451.086	30.59	4.53	138.68	9.35	10.13	94.68	68.3	1	29.5
451.487	30.37	4.61	139.88	9.38	10.20	95.65	68.4	1	29.5
451.888	29.50	4.66	137.42	9.31	10.10	94.06	68.5	1	33.7
452.289	22.92	4.96	113.70	8.44	9.20	77.70	68.3	1	33.7
452.689	32.68	3.45	112.82	8.30	9.05	75.06	66.5	1	23.6
453.089	35.00	3.06	106.95	8.18	8.94	73.14	68.4	1	25.6
453.489	30.41	4.59	139.70	9.38	10.16	95.29	68.2	1	29.6
453.890	28.42	4.83	137.33	9.26	10.05	93.09	67.8	1	31.1
454.291	28.13	4.90	137.81	9.28	10.06	93.31	67.7	1	31.1
454.692	30.35	4.64	140.96	9.45	10.21	96.41	68.4	1	29.5
455.093	23.37	4.94	115.34	8.42	9.17	77.22	66.9	1	35.0
455.493	21.08	5.02	105.89	8.07	8.81	71.13	67.2	1	35.0
455.893	34.31	3.18	109.08	8.24	9.00	74.16	68.0	1	23.6
456.293	31.95	4.16	132.94	9.08	9.86	89.52	67.3	1	29.5
456.693	30.59	4.62	141.30	9.46	10.23	96.86	68.6	1	29.5
457.094	29.93	4.76	142.56	9.49	10.25	97.23	68.2	1	30.1
457.495	22.10	4.97	109.84	8.18	8.96	73.23	66.7	1	37.4
457.895	17.58	5.10	89.75	7.42	8.19	60.71	67.6	1	37.4
458.294	33.69	3.25	109.63	8.21	8.95	73.47	67.0	1	23.6
458.694	33.79	3.74	126.42	8.87	9.65	85.67	67.8	1	27.9
459.094	32.54	4.25	138.25	9.32	10.10	94.18	68.1	1	27.9
459.495	30.82	4.62	142.43	9.46	10.26	97.09	68.2	1	29.5
459.896	25.91	4.87	126.28	8.82	9.57	84.34	66.8	1	35.2
460.296	20.95	5.08	106.52	8.09	8.86	71.68	67.3	1	35.2
460.696	33.68	3.31	111.35	8.27	9.01	74.55	66.9	1	23.6
461.096	34.18	3.51	119.86	8.64	9.44	81.58	68.1	1	27.5
461.496	32.91	4.12	135.73	9.23	10.04	92.71	68.3	1	27.5
461.897	30.57	4.69	143.33	9.45	10.27	97.03	67.7	1	29.9
462.298	27.94	4.87	136.03	9.22	10.03	92.47	68.0	1	33.1
462.699	24.49	5.04	123.41	8.75	9.53	83.42	67.6	1	33.1
463.099	33.71	3.36	113.16	8.32	9.10	75.71	66.9	1	23.6
463.499	34.58	3.36	116.33	8.48	9.28	78.74	67.7	1	28.1
463.899	32.29	4.26	137.59	9.29	10.13	94.19	68.5	1	28.1
464.300	22.84	4.95	112.99	8.34	9.11	75.98	67.2	1	35.0
464.700	21.92	5.06	110.84	8.28	9.04	74.83	67.5	1	29.3
465.100	30.64	4.64	142.08	9.41	10.19	95.89	67.5	1	29.3
465.501	34.49	3.34	115.20	8.48	9.25	78.47	68.1	1	23.6
465.901	35.25	3.06	107.96	8.21	8.97	73.66	68.2	1	25.6
466.301	30.98	4.58	141.87	9.40	10.21	95.94	67.6	1	29.4
466.702	31.38	4.53	142.16	9.44	10.23	96.59	67.9	1	28.8
467.103	31.48	4.50	141.64	9.46	10.21	96.62	68.2	1	28.8
467.504	35.78	2.70	96.69	7.77	8.52	66.26	68.5	1	21.9
467.903	25.97	4.35	113.00	8.14	8.85	71.99	63.7	1	35.0
468.303	21.16	5.03	106.34	8.07	8.83	71.24	67.0	1	35.0
468.703	32.24	4.17	134.50	9.15	9.95	91.05	67.7	1	27.4
469.103	31.31	4.46	139.74	9.39	10.15	95.31	68.2	1	29.3
469.504	30.87	4.60	142.12	9.41	10.22	96.18	67.7	1	29.3
469.905	34.63	3.03	104.82	8.06	8.83	71.17	67.9	1	23.4
470.305	23.71	3.58	84.81	7.04	7.77	54.70	64.5	1	35.0
470.704	15.59	3.67	57.19	5.91	6.56	38.73	67.7	1	35.0
471.103	19.48	3.01	58.57	5.97	6.63	39.59	67.6	1	29.5
471.502	29.73	4.31	128.07	8.98	9.74	87.47	68.3	1	28.6
471.902	31.51	4.41	138.98	9.35	10.12	94.67	68.1	1	28.6
472.303	34.49	3.43	118.46	8.59	9.36	80.42	67.9	1	24.7
472.703	29.90	4.13	123.62	8.61	9.37	80.72	65.3	1	33.7
473.103	23.25	4.95	115.21	8.46	9.22	77.97	67.7	1	33.7
473.503	29.47	4.69	138.37	9.31	10.09	93.95	67.9	1	29.7
473.904	31.94	4.23	135.10	9.16	9.93	90.97	67.3	1	25.7
474.304	34.12	3.64	124.10	8.79	9.59	84.29	67.9	1	25.7
474.704	26.25	4.80	125.94	8.81	9.55	84.13	66.8	1	32.6
475.104	26.94	4.87	131.10	8.97	9.78	87.71	66.9	1	29.5
475.504	30.48	4.63	141.26	9.40	10.16	95.50	67.6	1	29.5
475.905	30.86	4.62	142.47	9.41	10.19	95.96	67.4	1	29.5
476.306	30.86	4.59	141.68	9.41	10.20	95.98	67.7	1	28.8
476.707	31.41	4.49	140.92	9.39	10.18	95.62	67.9	1	28.8
477.108	33.25	3.98	132.49	9.09	9.87	89.68	67.7	1	26.6
477.508	33.16	4.00	132.68	9.08	9.86	89.52	67.5	1	32.6
477.908	25.54	4.96	126.63	8.82	9.58	84.48	66.7	1	32.6
478.308	29.61	4.71	139.51	9.33	10.12	94.38	67.7	1	29.5
478.709	30.65	4.64	142.36	9.44	10.24	96.65	67.9	1	28.8
479.110	31.54	4.50	141.91	9.42	10.20	96.01	67.7	1	28.8
479.511	32.89	4.15	136.47	9.22	10.03	92.50	67.8	1	27.3
479.912	33.20	4.07	135.16	9.19	9.96	91.46	67.7	1	27.3
480.312	27.00	4.97	134.06	9.09	9.89	89.88	67.0	1	32.0
480.712	30.37	4.64	140.77	9.32	10.13	94.46	67.1	1	28.9
481.113	31.63	4.52	143.07	9.40	10.23	96.16	67.2	1	28.9
481.514	31.39	4.54	142.52	9.41	10.24	96.38	67.6	1	29.0
481.915	32.28	4.33	139.61	9.31	10.13	94.33	67.6	1	27.8
482.316	32.62	4.24	138.37	9.29	10.08	93.61	67.7	1	27.8
482.717	27.92	4.95	138.10	9.26	10.08	93.38	67.6	1	31.5
483.118	30.26	4.68	141.75	9.39	10.18	95.61	67.4	1	29.0
483.519	31.67	4.56	144.45	9.43	10.26	96.79	67.0	1	29.0
483.920	32.36	4.31	139.56	9.34	10.14	94.70	67.9	1	28.0
484.321	31.67	4.46	141.35	9.36	10.21	95.58	67.6	1	29.0
484.722	31.36	4.56	143.08	9.44	10.25	96.77	67.6	1	29.0
485.123	28.57	4.93	140.93	9.31	10.13	94.34	66.9	1	31.2
485.524	30.09	4.73	142.20	9.40	10.21	95.91	67.4	1	29.0
485.925	31.34	4.57	143.15	9.41	10.27	96.64	67.5	1	29.0
486.326	31.31	4.57	143.14	9.44	10.26	96.85	67.7	1	29.0
486.727	31.35	4.57	143.38	9.45	10.24	96.84	67.5	1	29.0
487.128	31.31	4.57	143.09	9.45	10.23	96.65	67.5	1	29.0
487.529	31.38	4.57	143.31	9.45	10.25	96.90	67.6	1	29.0
487.930	31.30	4.57	142.94	9.48	10.24	97.06	67.9	1	29.0
488.331	31.36	4.56	143.09	9.46	10.24	96.87	67.7	1	29.0
488.732	31.38	4.57	143.36	9.45	10.27	97.05	67.7	1	29.0
489.133	31.42	4.56	143.33	9.44	10.25	96.76	67.5	1	29.0
489.534	31.33	4.55	142.58	9.44	10.24	96.71	67.8	1	29.0
489.935	31.50	4.57	144.04	9.44	10.27	96.98	67.3	1	29.0
490.336	31.38	4.57	143.32	9.44	10.26	96.83	67.6	1	29.0
490.737	31.37	4.56	143.10	9.44	10.24	96.67	67.6	1	29.0
491.138	31.36	4.56	143.12	9.45	10.27	97.04	67.8	1	29.0
491.539	31.41	4.55	143.01	9.43	10.24	96.57	67.5	1	29.0
491.940	31.40	4.55	142.85	9.44	10.21	96.39	67.5	1	29.0
492.341	31.38	4.55	142.66	9.43	10.23	96.45	67.6	1	29.0
492.742	31.37	4.55	142.74	9.45	10.22	96.61	67.7	1	29.0
493.143	31.38	4.54	142.51	9.42	10.23	96.40	67.6	1	29.0
493.544	31.31	4.55	142.57	9.43	10.22	96.29	67.5	1	29.0
493.945	31.42	4.54	142.57	9.40	10.22	96.00	67.3	1	29.0
494.346	31.29	4.54	141.95	9.41	10.20	96.05	67.7	1	29.0
494.747	31.39	4.54	142.46	9.36	10.21	95.63	67.1	1	29.0
495.148	31.34	4.53	142.00	9.39	10.18	95.66	67.4	1	29.0
495.549	31.29	4.53	141.68	9.37	10.18	95.38	67.3	1	29.0
495.950	31.25	4.52	141.39	9.40	10.17	95.60	67.6	1	29.0
496.351	31.20	4.52	141.03	9.36	10.17	95.11	67.4	1	29.0
496.752	31.17	4.52	140.99	9.39	10.18	95.55	67.8	1	29.0
497.153	31.28	4.51	141.22	9.37	10.17	95.30	67.5	1	29.0
497.554	31.15	4.52	140.84	9.36	10.18	95.23	67.6	1	29.0
497.955	31.21	4.51	140.93	9.37	10.16	95.21	67.6	1	29.0
498.356	31.17	4.52	140.90	9.37	10.20	95.51	67.8	1	29.0
498.757	31.16	4.52	140.85	9.39	10.16	95.42	67.7	1	29.0
499.158	31.05	4.52	140.26	9.36	10.14	94.92	67.7	1	29.0
499.559	31.11	4.51	140.30	9.32	10.16	94.77	67.6	1	29.0
499.960	31.12	4.50	140.10	9.35	10.17	95.02	67.8	1	29.0
500.361	30.95	4.51	139.55	9.35	10.17	95.09	68.1	1	29.0
500.762	31.01	4.52	140.10	9.35	10.16	95.00	67.8	1	29.0
501.163	31.17	4.52	140.78	9.35	10.16	95.02	67.5	1	29.0
501.564	31.20	4.52	140.94	9.34	10.15	94.79	67.3	1	29.0
501.965	31.09	4.51	140.09	9.34	10.15	94.80	67.7	1	29.0
502.366	31.08	4.51	140.31	9.32	10.16	94.62	67.4	1	29.0
502.767	31.06	4.51	140.16	9.37	10.17	95.29	68.0	1	29.0
503.168	31.09	4.51	140.31	9.34	10.17	94.98	67.7	1	29.0
503.569	31.16	4.51	140.57	9.36	10.18	95.31	67.8	1	29.0
503.970	31.11	4.52	140.50	9.34	10.16	94.99	67.6	1	29.0
504.371	31.17	4.51	140.66	9.36	10.16	95.14	67.6	1	29.0
504.772	31.14	4.52	140.69	9.36	10.15	94.92	67.5	1	29.0
505.173	31.14	4.52	140.87	9.37	10.16	95.25	67.6	1	29.0
505.574	31.16	4.54	141.47	9.35	10.16	95.00	67.2	1	29.0
505.975	31.16	4.53	141.10	9.38	10.19	95.54	67.7	1	29.0
506.376	31.22	4.53	141.42	9.41	10.15	95.55	67.6	1	29.0
506.777	31.16	4.54	141.50	9.42	10.19	95.94	67.8	1	29.0
507.178	31.18	4.53	141.35	9.40	10.17	95.60	67.6	1	29.0
507.579	31.32	4.54	142.24	9.43	10.19	96.07	67.5	1	29.0
507.980	31.21	4.55	141.87	9.39	10.18	95.58	67.4	1	29.0
508.381	31.21	4.55	141.91	9.42	10.22	96.22	67.8	1	29.0
508.782	31.32	4.54	142.30	9.42	10.22	96.27	67.7	1	29.0
509.183	31.37	4.55	142.73	9.42	10.23	96.30	67.5	1	29.0
509.584	31.37	4.54	142.52	9.41	10.25	96.50	67.7	1	29.0
509.985	31.35	4.56	142.98	9.42	10.27	96.75	67.7	1	29.0
510.386	31.36	4.56	142.99	9.43	10.27	96.87	67.7	1	29.0
510.787	31.32	4.58	143.49	9.43	10.28	96.91	67.5	1	29.0
511.188	31.28	4.57	142.92	9.43	10.27	96.82	67.7	1	29.0
511.589	31.25	4.57	142.67	9.46	10.28	97.18	68.1	1	29.0
511.990	31.47	4.57	143.80	9.42	10.31	97.13	67.5	1	29.0
512.391	31.31	4.58	143.50	9.46	10.29	97.31	67.8	1	29.0
512.792	31.47	4.58	144.17	9.46	10.30	97.44	67.6	1	29.0
513.193	31.44	4.58	144.06	9.46	10.32	97.64	67.8	1	29.0
513.594	31.44	4.59	144.31	9.45	10.30	97.34	67.5	1	29.0
513.995	31.48	4.60	144.65	9.46	10.32	97.64	67.5	1	29.0
514.396	31.38	4.60	144.45	9.48	10.32	97.82	67.7	1	29.0
514.797	31.58	4.59	145.02	9.49	10.36	98.28	67.8	1	29.0
515.198	31.53	4.60	145.04	9.48	10.31	97.72	67.4	1	29.0
515.599	31.48	4.62	145.43	9.49	10.32	97.88	67.3	1	29.0
516.000	31.50	4.59	144.59	9.49	10.32	97.99	67.8	1	29.0
516.401	31.52	4.60	144.87	9.51	10.33	98.17	67.8	1	29.0
516.802	31.57	4.59	145.03	9.52	10.34	98.41	67.9	1	29.0
517.203	31.52	4.60	145.05	9.51	10.34	98.32	67.8	1	29.0
517.604	31.64	4.59	145.25	9.51	10.34	98.30	67.7	1	29.0
518.005	31.50	4.61	145.10	9.51	10.36	98.51	67.9	1	29.0
518.406	31.59	4.60	145.25	9.51	10.34	98.39	67.7	1	29.0
518.807	31.41	4.60	144.58	9.53	10.35	98.65	68.2	1	29.0
519.208	31.52	4.60	145.08	9.50	10.35	98.32	67.8	1	29.0
519.609	31.56	4.60	145.27	9.54	10.34	98.61	67.9	1	29.0
520.010	31.56	4.61	145.61	9.53	10.34	98.52	67.7	1	29.0
520.411	31.62	4.60	145.51	9.52	10.33	98.38	67.6	1	29.0
520.812	31.52	4.59	144.79	9.51	10.35	98.48	68.0	1	29.0
521.213	31.56	4.60	145.07	9.53	10.31	98.26	67.7	1	29.0
521.614	31.50	4.59	144.71	9.52	10.33	98.36	68.0	1	29.0
522.015	31.62	4.60	145.54	9.51	10.32	98.12	67.4	1	29.0
522.416	31.53	4.60	145.09	9.52	10.33	98.35	67.8	1	29.0
522.817	31.53	4.59	144.60	9.50	10.32	98.03	67.8	1	29.0
523.218	31.51	4.59	144.61	9.51	10.33	98.20	67.9	1	29.0
523.619	31.52	4.60	144.92	9.50	10.27	97.62	67.4	1	29.0
524.020	31.37	4.60	144.25	9.50	10.30	97.92	67.9	1	29.0
524.421	31.42	4.59	144.37	9.50	10.29	97.77	67.7	1	29.0
524.822	31.40	4.59	144.05	9.48	10.29	97.61	67.8	1	29.0
525.223	31.51	4.58	144.45	9.49	10.31	97.89	67.8	1	29.0
525.624	31.39	4.58	143.74	9.50	10.30	97.79	68.0	1	29.0
526.025	31.40	4.58	143.96	9.49	10.31	97.79	67.9	1	29.0
526.426	31.41	4.58	143.95	9.46	10.28	97.16	67.5	1	29.0
526.827	31.33	4.57	143.28	9.45	10.30	97.27	67.9	1	29.0
527.228	31.27	4.57	143.04	9.46	10.26	97.11	67.9	1	29.0
527.629	31.36	4.58	143.69	9.44	10.27	96.95	67.5	1	29.0
528.030	31.42	4.57	143.47	9.44	10.26	96.82	67.5	1	29.0
528.431	31.23	4.56	142.39	9.43	10.24	96.61	67.9	1	29.0
528.832	31.23	4.56	142.37	9.46	10.25	96.94	68.1	1	29.0
529.233	31.21	4.55	142.00	9.44	10.24	96.59	68.0	1	29.0
529.634	31.31	4.56	142.63	9.43	10.24	96.58	67.7	1	29.0
530.035	31.25	4.55	142.32	9.44	10.25	96.78	68.0	1	29.0
530.436	31.31	4.55	142.34	9.39	10.23	96.11	67.5	1	29.0
530.837	31.33	4.56	142.81	9.41	10.23	96.22	67.4	1	29.0
531.238	31.29	4.55	142.26	9.38	10.20	95.66	67.2	1	29.0
531.639	31.13	4.55	141.53	9.40	10.22	96.10	67.9	1	29.0
532.040	31.18	4.53	141.30	9.42	10.22	96.28	68.1	1	29.0
532.441	31.16	4.54	141.44	9.40	10.23	96.12	68.0	1	29.0
532.842	31.22	4.55	141.92	9.39	10.19	95.68	67.4	1	29.0
533.243	31.25	4.54	141.86	9.40	10.19	95.74	67.5	1	29.0
533.644	31.26	4.53	141.64	9.39	10.20	95.79	67.6	1	29.0
534.045	31.06	4.52	140.47	9.38	10.20	95.74	68.2	1	29.0
534.446	31.10	4.53	140.99	9.39	10.21	95.88	68.0	1	29.0
534.847	31.16	4.53	141.25	9.38	10.19	95.61	67.7	1	29.0
535.248	31.11	4.54	141.13	9.36	10.21	95.54	67.7	1	29.0
535.649	31.12	4.52	140.77	9.36	10.19	95.36	67.7	1	29.0
536.050	31.15	4.53	141.23	9.36	10.18	95.29	67.5	1	29.0
536.451	31.14	4.53	141.10	9.36	10.18	95.28	67.5	1	29.0
536.852	31.18	4.54	141.41	9.37	10.20	95.53	67.6	1	29.0
537.253	31.04	4.53	140.76	9.40	10.18	95.71	68.0	1	29.0
537.654	31.21	4.53	141.48	9.38	10.20	95.63	67.6	1	29.0
538.055	31.19	4.53	141.29	9.35	10.20	95.37	67.5	1	29.0
538.456	31.09	4.55	141.30	9.40	10.18	95.61	67.7	1	29.0
538.857	31.06	4.53	140.85	9.41	10.21	96.14	68.3	1	29.0
539.258	31.16	4.53	141.14	9.37	10.22	95.71	67.8	1	29.0
539.659	31.09	4.53	140.94	9.39	10.22	95.99	68.1	1	29.0
540.060	31.18	4.54	141.70	9.39	10.22	95.97	67.7	1	29.0
540.461	31.15	4.53	141.15	9.41	10.21	96.05	68.0	1	29.0
540.862	31.13	4.54	141.20	9.38	10.20	95.64	67.7	1	29.0
541.263	22.16	3.20	70.87	6.63	7.34	48.61	68.6	1	29.0
541.662	18.95	3.32	62.88	6.20	6.89	42.73	68.0	1	32.6
542.061	17.79	3.46	61.60	6.18	6.88	42.54	69.1	1	32.6
542.460	23.04	2.98	68.69	6.50	7.22	46.92	68.3	1	27.4
542.859	19.70	3.59	70.65	6.52	7.21	47.01	66.5	1	36.0
543.258	16.43	4.27	70.19	6.56	7.29	47.80	68.1	1	36.0
543.657	31.46	2.59	81.51	6.96	7.71	53.63	65.8	1	21.7
205.584	31.34	3.54	110.81	8.32	8.87	73.82	66.6	1	27.1
205.983	19.54	3.72	72.66	6.56	7.04	46.19	63.6	1	36.5
206.382	32.91	2.56	84.24	7.06	7.57	53.50	63.5	1	20.8
206.781	25.51	3.59	91.59	7.50	8.06	60.39	65.9	1	29.5
207.180	29.49	3.39	100.11	7.86	8.45	66.46	66.4	1	24.4
207.580	25.18	3.56	89.77	7.45	8.01	59.65	66.4	1	30.3
207.979	14.79	3.69	54.66	5.75	6.24	35.91	65.7	1	36.5
208.378	31.48	3.32	104.58	8.05	8.60	69.28	66.2	1	27.0
208.778	30.93	3.47	107.39	8.22	8.83	72.55	67.6	1	26.2
209.178	19.81	3.63	71.99	6.61	7.16	47.34	65.8	1	33.2
209.577	33.50	2.96	99.20	7.85	8.40	65.91	66.4	1	26.7
212.892	30.66	2.79	85.43	6.38	6.69	42.68	50.0	1	27.1
213.291	14.42	3.46	49.92	5.48	5.88	32.21	64.5	1	36.5
213.690	29.53	2.84	83.73	7.09	7.57	53.64	64.1	1	29.5
214.089	23.29	3.39	79.04	7.03	7.54	53.00	67.1	1	29.5
214.488	34.55	2.35	81.18	7.08	7.59	53.74	66.2	1	20.5
214.887	23.82	3.33	79.40	7.01	7.49	52.46	66.1	1	32.9
215.286	21.92	3.39	74.30	6.81	7.32	49.88	67.1	1	28.4
215.685	24.87	2.33	57.90	5.99	6.48	38.86	67.1	1	23.8
216.084	19.08	2.26	43.08	5.20	5.64	29.35	68.1	1	27.5
216.483	17.12	2.81	48.12	5.43	5.84	31.69	65.9	1	28.4
216.882	18.44	2.23	41.05	5.04	5.48	27.63	67.3	1	26.7
217.281	17.48	2.60	45.42	5.34	5.79	30.91	68.1	1	29.9
217.680	24.87	3.15	78.24	7.01	7.51	52.61	67.2	1	27.8
218.079	21.72	3.28	71.33	6.69	7.14	47.75	66.9	1	31.0
218.478	25.35	3.25	82.46	7.19	7.68	55.27	67.0	1	27.3
218.877	27.69	3.23	89.49	7.50	8.01	60.13	67.2	1	26.7
219.276	25.05	3.23	80.84	7.13	7.64	54.46	67.4	1	29.6
219.675	25.61	3.21	82.25	7.16	7.68	54.99	66.9	1	27.1
220.074	19.93	3.23	64.36	6.34	6.79	43.10	67.0	1	31.0
220.473	27.42	3.17	86.86	7.41	7.88	58.42	67.3	1	26.8
220.872	25.81	3.17	81.75	7.18	7.68	55.19	67.5	1	27.7
221.271	20.21	3.19	64.39	6.35	6.81	43.19	67.1	1	30.7
221.670	25.23	3.15	79.43	7.03	7.54	52.99	66.7	1	27.3
222.069	28.12	3.10	87.11	7.42	7.95	59.00	67.7	1	26.2
222.468	22.51	3.13	70.43	6.66	7.14	47.50	67.5	1	29.7
222.867	29.58	3.02	89.35	7.50	8.02	60.22	67.4	1	25.0
223.266	30.02	3.01	90.27	7.56	8.08	61.08	67.7	1	26.5
223.665	24.22	3.10	75.12	6.84	7.38	50.49	67.2	1	28.7
224.064	30.37	2.90	88.03	7.45	8.00	59.54	67.6	1	24.1
224.463	28.54	3.03	86.52	7.38	7.88	58.09	67.1	1	25.9
224.862	27.83	2.97	82.70	7.19	7.74	55.65	67.3	1	27.9
225.261	29.95	2.91	87.29	7.38	7.95	58.71	67.3	1	24.1
225.660	31.59	2.87	90.63	7.58	8.14	61.72	68.1	1	24.1
226.059	31.67	2.85	90.15	7.58	8.13	61.58	68.3	1	24.1
226.458	31.67	2.85	90.35	7.53	8.12	61.09	67.6	1	24.1
226.857	31.57	2.84	89.74	7.57	8.10	61.27	68.3	1	24.1
227.256	31.66	2.84	90.07	7.52	8.08	60.73	67.4	1	24.1
227.655	31.39	2.85	89.34	7.52	8.06	60.56	67.8	1	24.1
228.054	31.47	2.84	89.31	7.51	8.06	60.59	67.8	1	24.1
228.453	31.43	2.84	89.16	7.51	8.04	60.39	67.7	1	24.1
228.852	31.30	2.83	88.55	7.49	8.03	60.12	67.9	1	24.1
229.251	31.30	2.84	88.75	7.47	8.05	60.12	67.7	1	24.1
229.650	31.17	2.83	88.11	7.46	8.03	59.85	67.9	1	24.1
230.049	31.28	2.83	88.49	7.45	8.03	59.83	67.6	1	24.1
230.448	31.08	2.82	87.69	7.41	7.98	59.19	67.5	1	24.1
230.847	31.21	2.82	87.90	7.44	7.98	59.33	67.5	1	24.1
231.246	31.22	2.81	87.70	7.43	7.98	59.32	67.6	1	24.1
231.645	31.17	2.82	87.99	7.44	7.98	59.36	67.5	1	24.1
232.044	31.15	2.81	87.52	7.43	7.98	59.31	67.8	1	24.1
232.443	31.18	2.80	87.42	7.43	7.93	58.95	67.4	1	24.1
232.842	31.14	2.81	87.63	7.42	7.95	58.97	67.3	1	24.1
233.241	31.04	2.81	87.13	7.42	7.94	58.97	67.7	1	24.1
233.640	31.15	2.81	87.47	7.39	7.94	58.70	67.1	1	24.1
234.039	31.08	2.80	87.09	7.40	7.91	58.55	67.2	1	24.1
234.438	31.02	2.79	86.63	7.40	7.93	58.66	67.7	1	24.1
234.837	31.03	2.79	86.71	7.38	7.91	58.41	67.4	1	24.1
235.236	31.06	2.79	86.74	7.42	7.90	58.57	67.5	1	24.1
235.635	30.95	2.78	86.17	7.40	7.93	58.67	68.1	1	24.1
236.034	30.96	2.79	86.32	7.37	7.91	58.31	67.5	1	24.1
236.433	31.06	2.81	87.20	7.41	7.90	58.51	67.1	1	24.1
236.832	31.00	2.80	86.75	7.37	7.91	58.34	67.2	1	24.1
237.231	30.93	2.80	86.47	7.40	7.91	58.51	67.7	1	24.1
237.630	30.96	2.81	86.84	7.40	7.90	58.41	67.3	1	24.1
238.029	31.18	2.81	87.69	7.39	7.90	58.40	66.6	1	24.1
238.428	30.96	2.79	86.24	7.38	7.90	58.34	67.6	1	24.1
238.827	30.95	2.78	86.20	7.38	7.91	58.42	67.8	1	24.1
239.226	31.01	2.79	86.57	7.38	7.88	58.16	67.2	1	24.1
239.625	31.11	2.78	86.53	7.39	7.90	58.32	67.4	1	24.1
240.024	30.80	2.80	86.11	7.38	7.88	58.11	67.5	1	24.1
240.423	31.08	2.79	86.72	7.41	7.93	58.77	67.8	1	24.1
240.822	31.02	2.79	86.66	7.38	7.88	58.15	67.1	1	24.1
241.221	31.04	2.80	86.83	7.37	7.90	58.25	67.1	1	24.1
241.620	31.07	2.79	86.79	7.39	7.91	58.44	67.3	1	24.1
242.019	31.02	2.80	86.81	7.40	7.88	58.32	67.2	1	24.1
242.418	31.11	2.79	86.74	7.41	7.90	58.55	67.5	1	24.1
242.817	31.03	2.79	86.49	7.39	7.93	58.62	67.8	1	24.1
243.216	31.08	2.79	86.76	7.42	7.91	58.66	67.6	1	24.1
243.615	31.00	2.80	86.78	7.40	7.89	58.42	67.3	1	24.1
244.014	30.98	2.80	86.64	7.41	7.89	58.53	67.6	1	24.1
244.413	31.11	2.79	86.74	7.41	7.90	58.51	67.5	1	24.1
244.812	31.17	2.79	86.86	7.41	7.92	58.64	67.5	1	24.1
245.211	31.12	2.79	86.94	7.39	7.88	58.24	67.0	1	24.1
245.610	31.07	2.80	86.85	7.42	7.91	58.68	67.6	1	24.1
246.009	31.11	2.78	86.58	7.44	7.89	58.73	67.8	1	24.1
246.408	31.19	2.79	87.04	7.40	7.94	58.75	67.5	1	24.1
246.807	31.11	2.79	86.82	7.40	7.94	58.80	67.7	1	24.1
247.206	31.16	2.78	86.69	7.40	7.93	58.74	67.8	1	24.1
247.605	31.04	2.79	86.71	7.42	7.93	58.82	67.8	1	24.1
248.004	31.19	2.78	86.87	7.42	7.92	58.84	67.7	1	24.1
248.403	31.24	2.79	87.10	7.42	7.92	58.71	67.4	1	24.1
248.802	31.07	2.79	86.66	7.44	7.93	59.00	68.1	1	24.1
249.201	31.07	2.79	86.82	7.43	7.94	59.02	68.0	1	24.1
249.600	31.12	2.78	86.53	7.42	7.92	58.81	68.0	1	24.1
249.999	31.14	2.78	86.70	7.43	7.95	59.07	68.1	1	24.1
250.398	31.10	2.79	86.91	7.44	7.94	59.06	68.0	1	24.1
250.797	31.14	2.79	86.84	7.44	7.93	58.99	67.9	1	24.1
251.196	31.16	2.80	87.20	7.43	7.93	58.99	67.7	1	24.1
251.595	31.17	2.79	87.10	7.42	7.92	58.81	67.5	1	24.1
251.994	31.21	2.78	86.88	7.41	7.92	58.71	67.6	1	24.1
252.393	31.25	2.79	87.21	7.42	7.91	58.67	67.3	1	24.1
252.792	31.14	2.79	87.03	7.41	7.91	58.59	67.3	1	24.1
253.191	31.09	2.78	86.55	7.42	7.90	58.61	67.7	1	24.1
253.590	31.10	2.79	86.81	7.39	7.91	58.47	67.4	1	24.1
253.989	31.08	2.79	86.62	7.41	7.94	58.82	67.9	1	24.1
254.388	31.11	2.77	86.32	7.41	7.92	58.64	67.9	1	24.1
254.787	31.00	2.78	86.29	7.38	7.91	58.34	67.6	1	24.1
255.186	31.04	2.78	86.14	7.39	7.90	58.37	67.8	1	24.1
255.585	30.98	2.77	85.83	7.36	7.92	58.29	67.9	1	24.1
255.984	30.92	2.77	85.66	7.37	7.91	58.32	68.1	1	24.1
256.383	31.03	2.78	86.20	7.36	7.90	58.08	67.4	1	24.1
256.782	30.94	2.77	85.80	7.35	7.91	58.15	67.8	1	24.1
257.181	30.83	2.77	85.51	7.36	7.87	57.92	67.7	1	24.1
257.580	17.12	2.89	49.45	5.51	5.97	32.89	66.5	1	32.6
257.979	20.32	2.88	58.54	6.01	6.48	38.96	66.5	1	36.0
258.378	25.69	2.59	66.42	6.18	6.69	41.38	62.3	1	21.7
258.777	33.95	2.36	80.22	7.12	7.64	54.39	67.8	1	21.7
259.176	31.63	2.68	84.81	7.28	7.86	57.20	67.4	1	23.8
259.575	18.58	2.87	53.26	5.76	6.24	35.92	67.4	1	32.3
259.974	27.22	2.76	75.17	6.79	7.28	49.39	65.7	1	23.8
260.373	32.94	2.51	82.66	7.24	7.79	56.43	68.3	1	22.3
260.772	24.98	2.81	70.13	6.63	7.11	47.16	67.2	1	31.8
261.171	23.72	2.83	67.13	6.45	6.95	44.83	66.8	1	25.3
261.570	23.85	2.83	67.39	6.52	7.01	45.71	67.8	1	27.4
261.969	30.85	2.68	82.60	7.25	7.81	56.62	68.5	1	23.5
262.368	25.87	2.75	71.07	6.67	7.15	47.68	67.1	1	23.8
262.767	30.78	2.69	82.73	7.25	7.77	56.27	68.0	1	23.8
263.166	20.16	2.80	56.52	5.94	6.41	38.10	67.4	1	29.8
263.565	22.35	2.78	62.19	6.25	6.75	42.18	67.8	1	23.8
263.964	30.70	2.67	81.89	7.22	7.73	55.83	68.2	1	23.8
264.363	24.13	2.78	66.96	6.49	6.99	45.34	67.7	1	27.5
264.762	20.41	2.81	57.29	6.00	6.48	38.83	67.8	1	28.8
265.161	28.26	2.72	76.95	6.99	7.51	52.50	68.2	1	25.7
265.560	24.97	2.77	69.20	6.58	7.10	46.68	67.5	1	26.6
265.959	23.86	2.77	66.11	6.47	6.96	45.04	68.1	1	26.9
266.358	29.69	2.70	80.22	7.10	7.64	54.24	67.6	1	23.8
266.757	28.84	2.72	78.41	7.01	7.55	52.94	67.5	1	25.1
267.156	24.58	2.76	67.81	6.52	7.02	45.79	67.5	1	26.8
267.555	27.71	2.73	75.59	6.92	7.46	51.62	68.3	1	25.0
267.954	28.27	2.71	76.51	6.94	7.45	51.74	67.6	1	23.9
268.353	27.06	2.72	73.56	6.82	7.37	50.32	68.4	1	25.8
268.752	30.26	2.64	79.87	7.13	7.63	54.40	68.1	1	23.7
269.151	28.64	2.70	77.34	7.03	7.53	52.90	68.4	1	24.1
269.550	28.64	2.70	77.34	7.01	7.52	52.72	68.2	1	24.9
269.949	30.44	2.65	80.59	7.16	7.68	54.97	68.2	1	23.8
270.348	30.72	2.63	80.86	7.16	7.70	55.12	68.2	1	23.8
270.747	30.74	2.63	80.81	7.16	7.70	55.08	68.2	1	23.8
271.146	30.55	2.64	80.74	7.17	7.69	55.10	68.2	1	23.8
271.545	30.69	2.63	80.70	7.16	7.70	55.14	68.3	1	23.8
271.944	30.54	2.63	80.43	7.18	7.68	55.08	68.5	1	23.8
272.343	30.61	2.63	80.47	7.15	7.71	55.15	68.5	1	23.8
272.742	30.60	2.62	80.23	7.16	7.66	54.86	68.4	1	23.8
273.141	30.58	2.63	80.39	7.15	7.65	54.72	68.1	1	23.8
273.540	30.64	2.61	80.10	7.18	7.67	55.08	68.8	1	23.8
273.939	30.64	2.63	80.47	7.16	7.64	54.70	68.0	1	23.8
274.338	30.57	2.64	80.59	7.18	7.67	55.03	68.3	1	23.8
274.737	30.70	2.64	81.00	7.17	7.67	54.98	67.9	1	23.8
275.136	30.66	2.63	80.79	7.18	7.72	55.39	68.6	1	23.8
275.535	30.71	2.63	80.69	7.16	7.67	54.90	68.0	1	23.8
275.934	30.64	2.64	80.83	7.16	7.67	54.90	67.9	1	23.8
276.333	30.76	2.64	81.12	7.17	7.70	55.25	68.1	1	23.8
276.732	30.83	2.64	81.34	7.19	7.70	55.40	68.1	1	23.8
277.131	30.79	2.64	81.27	7.16	7.71	55.25	68.0	1	23.8
277.530	30.77	2.65	81.62	7.19	7.70	55.40	67.9	1	23.8
277.929	30.86	2.64	81.45	7.17	7.70	55.24	67.8	1	23.8
278.328	30.80	2.63	81.06	7.21	7.70	55.54	68.5	1	23.8
278.727	30.81	2.64	81.30	7.18	7.71	55.38	68.1	1	23.8
279.126	30.88	2.65	81.74	7.23	7.75	56.02	68.5	1	23.8
279.525	30.85	2.64	81.55	7.19	7.77	55.85	68.5	1	23.8
279.924	30.86	2.65	81.72	7.21	7.76	55.90	68.4	1	23.8
280.323	30.97	2.65	81.94	7.19	7.75	55.71	68.0	1	23.8
280.722	30.92	2.66	82.38	7.22	7.74	55.88	67.8	1	23.8
281.121	30.94	2.65	82.14	7.22	7.73	55.84	68.0	1	23.8
281.520	30.99	2.66	82.29	7.22	7.77	56.15	68.2	1	23.8
281.919	30.89	2.65	81.94	7.25	7.75	56.15	68.5	1	23.8
282.318	31.04	2.66	82.41	7.23	7.79	56.35	68.4	1	23.8
282.717	30.99	2.66	82.29	7.28	7.75	56.38	68.5	1	23.8
283.116	30.98	2.65	82.13	7.24	7.79	56.35	68.6	1	23.8
283.515	31.06	2.66	82.55	7.23	7.75	56.05	67.9	1	23.8
283.914	31.06	2.66	82.69	7.24	7.81	56.52	68.3	1	23.8
284.313	31.06	2.67	83.03	7.27	7.77	56.44	68.0	1	23.8
284.712	31.15	2.67	83.13	7.25	7.79	56.44	67.9	1	23.8
285.111	31.01	2.67	82.92	7.25	7.80	56.53	68.2	1	23.8
285.510	30.98	2.67	82.80	7.25	7.79	56.52	68.3	1	23.8
285.909	30.98	2.68	83.05	7.27	7.79	56.66	68.2	1	23.8
286.308	31.01	2.67	82.94	7.27	7.77	56.43	68.0	1	23.8
286.707	26.88	2.30	61.87	6.27	6.77	42.43	68.6	1	23.8
287.106	15.84	2.62	41.58	5.05	5.50	27.79	66.8	1	28.8
287.505	14.43	2.54	36.70	4.75	5.18	24.62	67.1	1	33.7
287.904	16.89	1.99	33.61	4.53	4.96	22.47	66.9	1	25.5
288.303	11.48	2.54	29.20	4.18	4.65	19.43	66.5	1	35.4
288.702	14.00	2.74	38.42	4.89	5.35	26.16	68.1	1	32.5
289.101	17.33	2.11	36.59	4.71	5.17	24.35	66.5	1	25.5
289.500	12.29	2.72	33.46	4.46	4.90	21.86	65.3	1	35.8
289.899	16.67	2.23	37.14	4.74	5.21	24.69	66.5	1	35.7
15.573	0.00	0.00	0.00	0.33	0.44	0.15	0.0	1	27.1
15.967	0.10	0.00	0.00	0.37	0.45	0.17	0.0	1	36.5
16.361	0.12	0.00	0.00	0.50	0.47	0.24	0.0	1	20.8
16.755	0.16	0.00	0.00	0.51	0.44	0.22	0.0	1	29.5
17.148	0.04	0.00	0.00	0.51	0.44	0.23	0.0	1	25.8
17.542	0.01	0.00	0.00	0.52	0.43	0.22	0.0	1	23.4
17.936	0.28	0.00	0.00	0.51	0.45	0.23	0.0	1	32.9
18.330	0.15	0.00	0.00	0.53	0.44	0.23	0.0	1	23.4
18.724	0.17	0.00	0.00	0.58	0.45	0.26	0.0	1	24.1
38.349	0.00	0.02	0.00	0.25	0.47	0.11	0.0	1	27.1
38.743	0.16	0.00	0.00	0.37	0.46	0.17	0.0	1	36.5
39.137	0.16	0.00	0.00	0.47	0.48	0.22	0.0	1	20.8
39.531	0.14	0.00	0.00	0.47	0.47	0.22	0.0	1	25.3
39.925	0.21	0.00	0.00	0.49	0.44	0.21	0.0	1	32.9
40.318	0.12	0.00	0.00	0.53	0.47	0.25	0.0	1	24.4
40.712	0.22	0.00	0.00	0.53	0.46	0.25	0.0	1	29.5
41.106	0.23	0.00	0.00	0.54	0.46	0.25	0.0	1	33.0
41.500	0.24	0.01	0.00	0.57	0.45	0.26	0.0	1	24.9
41.894	0.17	0.00	0.00	0.55	0.47	0.26	0.0	1	29.5
42.288	0.18	0.00	0.00	0.59	0.45	0.26	0.0	1	33.0
42.682	0.09	0.00	0.00	0.60	0.46	0.28	0.0	1	28.2
43.076	0.21	0.00	0.00	0.59	0.45	0.27	0.0	1	29.5
43.470	0.22	0.00	0.00	0.61	0.48	0.29	0.0	1	30.7
43.863	0.09	0.01	0.00	0.63	0.43	0.27	0.0	1	29.5
44.257	0.17	0.00	0.00	0.63	0.48	0.30	0.0	1	33.0
44.651	0.15	0.00	0.00	0.63	0.46	0.29	0.0	1	32.9
45.045	0.29	0.00	0.00	0.68	0.45	0.31	0.0	1	32.7
45.438	0.03	0.00	0.00	0.65	0.45	0.30	0.0	1	33.0
45.832	0.04	0.00	0.00	0.67	0.46	0.31	0.0	1	31.1
46.226	0.10	0.01	0.00	0.68	0.48	0.33	0.0	1	29.2
46.620	0.12	0.00	0.00	0.67	0.45	0.30	0.0	1	31.5
47.013	0.18	0.00	0.00	0.66	0.46	0.31	0.0	1	31.3
47.407	0.19	0.01	0.00	0.66	0.48	0.32	0.0	1	30.6
47.801	0.21	0.00	0.00	0.65	0.47	0.30	0.0	1	27.7
48.195	0.34	0.00	0.00	0.64	0.45	0.29	0.0	1	31.5
48.588	0.16	0.01	0.00	0.67	0.45	0.30	0.0	1	30.8
48.982	0.03	0.00	0.00	0.65	0.46	0.30	0.0	1	28.9
49.376	0.25	0.00	0.00	0.65	0.43	0.28	0.0	1	31.5
49.770	0.26	0.00	0.00	0.65	0.46	0.30	0.0	1	30.7
50.164	0.12	0.00	0.00	0.64	0.45	0.29	0.0	1	29.7
50.558	0.23	0.00	0.00	0.68	0.47	0.32	0.0	1	30.9
50.952	0.17	0.01	0.00	0.65	0.48	0.31	0.0	1	30.7
51.346	0.19	0.00	0.00	0.65	0.44	0.29	0.0	1	30.7
51.740	0.08	0.00	0.00	0.66	0.47	0.31	0.0	1	30.7
52.134	0.00	0.00	0.00	0.64	0.46	0.29	0.0	1	30.7
52.528	0.17	0.00	0.00	0.64	0.46	0.29	0.0	1	30.7
52.922	0.25	0.01	0.00	0.66	0.44	0.29	0.0	1	30.7
53.316	0.30	0.00	0.00	0.65	0.48	0.31	0.0	1	30.7
53.710	0.23	0.00	0.00	0.64	0.44	0.28	0.0	1	30.7
54.104	0.15	0.01	0.00	0.67	0.46	0.30	0.0	1	30.7
54.498	0.29	0.00	0.00	0.65	0.45	0.29	0.0	1	30.7
54.892	0.14	0.00	0.00	0.65	0.47	0.31	0.0	1	30.7
55.285	0.23	0.00	0.00	0.64	0.45	0.29	0.0	1	30.7
55.679	0.22	0.01	0.00	0.68	0.46	0.31	0.0	1	30.7
56.073	0.18	0.00	0.00	0.65	0.44	0.29	0.0	1	30.7
56.467	0.10	0.00	0.00	0.63	0.46	0.29	0.0	1	30.7
56.861	0.26	0.00	0.00	0.67	0.43	0.29	0.0	1	30.7
57.255	0.18	0.00	0.00	0.67	0.45	0.30	0.0	1	30.7
68.318	0.06	0.00	0.00	0.45	0.48	0.22	0.0	1	27.1
68.711	0.15	0.00	0.00	0.51	0.54	0.28	0.0	1	36.5
69.105	0.01	0.00	0.00	0.53	0.52	0.27	0.0	1	29.5
69.498	0.12	0.00	0.00	0.53	0.52	0.27	0.0	1	30.7
115.162	0.00	0.00	0.00	0.36	0.00	0.00	0.0	1	15.0
115.509	0.00	0.00	0.00	0.43	0.00	0.00	0.0	1	37.5
115.856	0.00	0.00	0.00	0.47	0.00	0.00	0.0	1	35.0
116.203	0.00	0.00	0.00	0.52	0.00	0.00	0.0	1	29.5
116.550	0.07	0.00	0.00	0.61	0.00	0.00	0.0	1	35.0
116.897	0.00	0.00	0.00	0.62	0.00	0.00	0.0	1	35.0
117.244	0.00	0.00	0.00	0.65	0.00	0.00	0.0	1	35.0
117.591	0.00	0.00	0.00	0.73	0.00	0.00	0.0	1	35.0
117.938	0.00	0.00	0.00	0.75	0.00	0.00	0.0	1	35.0
118.285	0.07	0.00	0.00	0.76	0.00	0.00	0.0	1	35.0
118.632	0.00	0.00	0.00	0.75	0.00	0.00	0.0	1	35.0
118.979	0.00	0.00	0.00	0.77	0.00	0.00	0.0	1	35.0
119.326	0.00	0.00	0.00	0.79	0.00	0.00	0.0	1	35.0
119.673	0.00	0.00	0.00	0.80	0.00	0.00	0.0	1	35.0
120.020	0.00	0.00	0.00	0.77	0.00	0.00	0.0	1	35.0
120.367	0.07	0.00	0.00	0.82	0.00	0.00	0.0	1	35.0
120.714	0.16	0.00	0.00	0.81	0.00	0.00	0.0	1	35.0
121.061	0.00	0.00	0.00	0.82	0.00	0.00	0.0	1	35.0
121.408	0.04	0.00	0.00	0.83	0.00	0.00	0.0	1	35.0
121.755	0.03	0.00	0.00	0.82	0.00	0.00	0.0	1	35.0
122.102	0.15	0.00	0.00	0.80	0.00	0.00	0.0	1	35.0
122.449	0.30	0.00	0.00	0.81	0.00	0.00	0.0	1	35.0
122.796	0.27	0.00	0.00	0.82	0.00	0.00	0.0	1	35.0
123.143	0.00	0.00	0.00	0.80	0.00	0.00	0.0	1	35.0
123.490	0.03	0.00	0.00	0.82	0.00	0.00	0.0	1	35.0
123.837	0.09	0.00	0.00	0.84	0.00	0.00	0.0	1	35.0
124.184	0.15	0.00	0.00	0.81	0.00	0.00	0.0	1	35.0
124.531	0.03	0.00	0.00	0.81	0.00	0.00	0.0	1	35.0
124.878	0.00	0.00	0.00	0.83	0.00	0.00	0.0	1	35.0
57.196	0.00	0.00	0.00	0.41	0.00	0.00	0.0	1	20.0
57.299	0.00	0.00	0.00	0.42	0.00	0.00	0.0	1	47.5
57.443	0.00	0.00	0.00	0.45	0.00	0.00	0.0	1	42.5
57.503	0.00	0.00	0.00	0.46	0.00	0.00	0.0	1	40.0
57.606	0.00	0.00	0.00	0.48	0.00	0.00	0.0	1	25.0
57.750	0.00	0.00	0.00	0.52	0.00	0.00	0.0	1	10.0
57.810	0.00	0.00	0.00	0.51	0.00	0.00	0.0	1	25.0
57.913	0.00	0.00	0.00	0.51	0.00	0.00	0.0	1	35.0
58.057	0.17	0.00	0.00	0.54	0.00	0.00	0.0	1	39.0
58.117	0.04	0.00	0.00	0.54	0.00	0.00	0.0	1	34.0
58.220	0.13	0.00	0.00	0.54	0.00	0.00	0.0	1	32.0
58.364	0.09	0.00	0.00	0.58	0.00	0.00	0.0	1	35.0
58.424	0.09	0.00	0.00	0.59	0.00	0.00	0.0	1	35.0
58.527	0.10	0.00	0.00	0.61	0.00	0.00	0.0	1	35.0
58.671	0.06	0.00	0.00	0.61	0.00	0.00	0.0	1	35.0
58.731	0.14	0.00	0.00	0.62	0.00	0.00	0.0	1	35.0
58.834	0.26	0.00	0.00	0.62	0.00	0.00	0.0	1	35.0
58.978	0.13	0.00	0.00	0.67	0.02	0.01	0.0	1	35.0
59.038	0.05	0.00	0.00	0.66	0.00	0.00	0.0	1	35.0
59.141	0.01	0.00	0.00	0.69	0.00	0.00	0.0	1	35.0
59.285	0.04	0.00	0.00	0.66	0.00	0.00	0.0	1	35.0
59.345	0.03	0.00	0.00	0.66	0.00	0.00	0.0	1	35.0
59.448	0.25	0.00	0.00	0.70	0.00	0.00	0.0	1	35.0
59.592	0.09	0.00	0.00	0.72	0.00	0.00	0.0	1	35.0
59.652	0.24	0.00	0.00	0.72	0.00	0.00	0.0	1	35.0
59.755	0.21	0.00	0.00	0.73	0.00	0.00	0.0	1	35.0
59.899	0.04	0.00	0.00	0.74	0.00	0.00	0.0	1	35.0
59.959	0.00	0.00	0.00	0.74	0.00	0.00	0.0	1	35.0
60.062	0.00	0.00	0.00	0.73	0.00	0.00	0.0	1	35.0
60.206	0.18	0.00	0.00	0.73	0.00	0.00	0.0	1	35.0
60.266	0.17	0.00	0.00	0.74	0.00	0.00	0.0	1	35.0
60.369	0.18	0.00	0.00	0.76	0.00	0.00	0.0	1	35.0
60.513	0.24	0.00	0.00	0.75	0.00	0.00	0.0	1	35.0
60.573	0.15	0.00	0.00	0.75	0.00	0.00	0.0	1	35.0
60.676	0.14	0.00	0.00	0.76	0.00	0.00	0.0	1	35.0
60.820	0.12	0.00	0.00	0.76	0.00	0.00	0.0	1	35.0
60.880	0.18	0.00	0.00	0.75	0.00	0.00	0.0	1	35.0
60.983	0.15	0.00	0.00	0.76	0.00	0.00	0.0	1	35.0
61.127	0.30	0.00	0.00	0.77	0.00	0.00	0.0	1	35.0
61.187	0.20	0.00	0.00	0.79	0.00	0.00	0.0	1	35.0
61.290	0.16	0.00	0.00	0.79	0.00	0.00	0.0	1	35.0
61.434	0.24	0.00	0.00	0.78	0.00	0.00	0.0	1	35.0
61.494	0.16	0.00	0.00	0.80	0.00	0.00	0.0	1	35.0
61.597	0.18	0.00	0.00	0.79	0.00	0.00	0.0	1	35.0
61.741	0.24	0.00	0.00	0.78	0.00	0.00	0.0	1	35.0
61.801	0.24	0.00	0.00	0.78	0.00	0.00	0.0	1	35.0
61.904	0.11	0.00	0.00	0.79	0.00	0.00	0.0	1	35.0
62.048	0.12	0.00	0.00	0.78	0.00	0.00	0.0	1	35.0
62.108	0.22	0.00	0.00	0.79	0.00	0.00	0.0	1	35.0
62.211	0.12	0.00	0.00	0.81	0.00	0.00	0.0	1	35.0
62.355	0.19	0.00	0.00	0.83	0.00	0.00	0.0	1	35.0
62.415	0.16	0.00	0.00	0.82	0.00	0.00	0.0	1	35.0
62.518	0.15	0.00	0.00	0.83	0.00	0.00	0.0	1	35.0
62.662	0.17	0.00	0.00	0.83	0.00	0.00	0.0	1	35.0
62.722	0.15	0.00	0.00	0.82	0.00	0.00	0.0	1	35.0
62.825	0.14	0.00	0.00	0.81	0.00	0.00	0.0	1	35.0
62.969	0.26	0.00	0.00	0.80	0.00	0.00	0.0	1	35.0
63.029	0.30	0.00	0.00	0.81	0.00	0.00	0.0	1	35.0
63.132	0.11	0.00	0.00	0.81	0.00	0.00	0.0	1	35.0
63.276	0.27	0.00	0.00	0.82	0.00	0.00	0.0	1	35.0
63.336	0.22	0.00	0.00	0.80	0.00	0.00	0.0	1	35.0
63.439	0.17	0.00	0.00	0.83	0.00	0.00	0.0	1	35.0
63.583	0.25	0.00	0.00	0.84	0.00	0.00	0.0	1	35.0
63.643	0.23	0.00	0.00	0.82	0.00	0.00	0.0	1	35.0
63.746	0.15	0.00	0.00	0.81	0.00	0.00	0.0	1	35.0
63.890	0.15	0.00	0.00	0.82	0.00	0.00	0.0	1	35.0
63.950	0.00	0.00	0.00	0.81	0.00	0.00	0.0	1	35.0
64.053	0.12	0.00	0.00	0.81	0.00	0.00	0.0	1	35.0
64.197	0.19	0.00	0.00	0.80	0.00	0.00	0.0	1	35.0
64.257	0.19	0.00	0.00	0.82	0.00	0.00	0.0	1	35.0
64.360	0.17	0.00	0.00	0.82	0.00	0.00	0.0	1	35.0
64.504	0.10	0.00	0.00	0.83	0.00	0.00	0.0	1	35.0
64.564	0.10	0.00	0.00	0.81	0.00	0.00	0.0	1	35.0
64.667	0.13	0.00	0.00	0.80	0.00	0.00	0.0	1	35.0
64.811	0.14	0.00	0.00	0.82	0.00	0.00	0.0	1	35.0
64.871	0.13	0.00	0.00	0.83	0.00	0.00	0.0	1	35.0
64.974	0.16	0.00	0.00	0.81	0.00	0.00	0.0	1	35.0
65.118	0.07	0.00	0.00	0.82	0.00	0.00	0.0	1	35.0
65.178	0.09	0.00	0.00	0.79	0.00	0.00	0.0	1	35.0
65.281	0.13	0.00	0.00	0.82	0.00	0.00	0.0	1	35.0
65.425	0.21	0.00	0.00	0.77	0.00	0.00	0.0	1	35.0
65.485	0.21	0.00	0.00	0.81	0.00	0.00	0.0	1	35.0
65.588	0.18	0.00	0.00	0.81	0.00	0.00	0.0	1	35.0
65.732	0.07	0.00	0.00	0.81	0.00	0.00	0.0	1	35.0
65.792	0.14	0.00	0.00	0.81	0.00	0.00	0.0	1	35.0
65.895	0.13	0.00	0.00	0.80	0.00	0.00	0.0	1	35.0
66.039	0.20	0.00	0.00	0.81	0.00	0.00	0.0	1	35.0
66.099	0.16	0.00	0.00	0.80	0.00	0.00	0.0	1	35.0
66.202	0.13	0.00	0.00	0.83	0.00	0.00	0.0	1	35.0
66.346	0.27	0.00	0.00	0.81	0.00	0.00	0.0	1	35.0
66.406	0.18	0.00	0.00	0.82	0.00	0.00	0.0	1	35.0
66.509	0.21	0.00	0.00	0.81	0.00	0.00	0.0	1	35.0
66.653	0.08	0.00	0.00	0.83	0.00	0.00	0.0	1	35.0
66.713	0.07	0.00	0.00	0.82	0.00	0.00	0.0	1	35.0
66.816	0.04	0.00	0.00	0.81	0.00	0.00	0.0	1	35.0
66.960	0.16	0.00	0.00	0.83	0.00	0.00	0.0	1	35.0
67.020	0.12	0.00	0.00	0.81	0.00	0.00	0.0	1	35.0
67.123	0.15	0.00	0.00	0.82	0.00	0.00	0.0	1	35.0
67.267	0.12	0.00	0.00	0.86	0.00	0.00	0.0	1	35.0
67.327	0.20	0.00	0.00	0.85	0.00	0.00	0.0	1	35.0
67.430	0.18	0.00	0.00	0.83	0.00	0.00	0.0	1	35.0
67.574	0.11	0.00	0.00	0.83	0.00	0.00	0.0	1	35.0
67.634	0.09	0.00	0.00	0.82	0.00	0.00	0.0	1	35.0
67.737	0.12	0.00	0.00	0.83	0.00	0.00	0.0	1	35.0
67.881	0.06	0.00	0.00	0.81	0.00	0.00	0.0	1	35.0
67.941	0.08	0.00	0.00	0.81	0.00	0.00	0.0	1	35.0
68.044	0.17	0.00	0.00	0.82	0.00	0.00	0.0	1	35.0
68.188	0.03	0.00	0.00	0.84	0.00	0.00	0.0	1	35.0
68.248	0.10	0.00	0.00	0.83	0.00	0.00	0.0	1	35.0
68.351	0.11	0.00	0.00	0.82	0.00	0.00	0.0	1	35.0
68.495	0.23	0.00	0.00	0.84	0.00	0.00	0.0	1	35.0
68.555	0.13	0.00	0.00	0.83	0.00	0.00	0.0	1	35.0
68.658	0.14	0.00	0.00	0.80	0.00	0.00	0.0	1	35.0
68.802	0.17	0.00	0.00	0.81	0.00	0.00	0.0	1	35.0
68.862	0.12	0.00	0.00	0.81	0.00	0.00	0.0	1	35.0
68.965	0.14	0.00	0.00	0.83	0.00	0.00	0.0	1	35.0
69.109	0.11	0.00	0.00	0.84	0.00	0.00	0.0	1	35.0
69.169	0.00	0.00	0.00	0.83	0.00	0.00	0.0	1	35.0
69.272	0.11	0.00	0.00	0.82	0.00	0.00	0.0	1	35.0
69.416	0.04	0.00	0.00	0.81	0.00	0.00	0.0	1	35.0
69.476	0.00	0.00	0.00	0.80	0.00	0.00	0.0	1	35.0
69.579	0.22	0.00	0.00	0.82	0.00	0.00	0.0	1	35.0
69.723	0.22	0.00	0.00	0.80	0.00	0.00	0.0	1	35.0
69.783	0.28	0.00	0.00	0.84	0.00	0.00	0.0	1	35.0
69.886	0.17	0.00	0.00	0.83	0.00	0.00	0.0	1	35.0
70.030	0.33	0.00	0.00	0.81	0.00	0.00	0.0	1	35.0
70.090	0.23	0.00	0.00	0.80	0.00	0.00	0.0	1	35.0
70.193	0.30	0.00	0.00	0.83	0.00	0.00	0.0	1	35.0
711.209	0.00	0.00	0.00	0.48	0.00	0.00	0.0	1	42.5
711.353	0.00	0.00	0.00	0.48	0.00	0.00	0.0	1	47.5
711.413	0.00	0.00	0.00	0.48	0.00	0.00	0.0	1	40.0
711.516	0.00	0.00	0.00	0.49	0.00	0.00	0.0	1	25.0
711.660	0.00	0.00	0.00	0.52	0.00	0.00	0.0	1	10.0
711.720	0.00	0.00	0.00	0.54	0.00	0.00	0.0	1	20.0
711.823	0.00	0.00	0.00	0.52	0.00	0.00	0.0	1	35.0
711.967	0.05	0.00	0.00	0.52	0.01	0.00	0.0	1	39.0
712.027	0.01	0.00	0.00	0.54	0.00	0.00	0.0	1	39.0
712.130	0.02	0.00	0.00	0.61	0.00	0.00	0.0	1	27.0
712.274	0.03	0.00	0.00	0.60	0.00	0.00	0.0	1	35.0
712.334	0.00	0.00	0.00	0.59	0.00	0.00	0.0	1	35.0
712.437	0.00	0.00	0.00	0.60	0.00	0.00	0.0	1	35.0
712.581	0.00	0.00	0.00	0.63	0.00	0.00	0.0	1	35.0
712.641	0.04	0.00	0.00	0.66	0.00	0.00	0.0	1	35.0
712.744	0.04	0.00	0.00	0.65	0.00	0.00	0.0	1	35.0
712.888	0.02	0.00	0.00	0.68	0.00	0.00	0.0	1	35.0
712.948	0.04	0.00	0.00	0.69	0.00	0.00	0.0	1	35.0
713.051	0.08	0.00	0.00	0.69	0.00	0.00	0.0	1	35.0
713.195	0.16	0.00	0.00	0.69	0.00	0.00	0.0	1	35.0
713.255	0.09	0.00	0.00	0.70	0.00	0.00	0.0	1	35.0
713.358	0.00	0.00	0.00	0.72	0.00	0.00	0.0	1	35.0
713.502	0.00	0.00	0.00	0.74	0.00	0.00	0.0	1	35.0
713.562	0.00	0.00	0.00	0.73	0.00	0.00	0.0	1	35.0
713.665	0.05	0.00	0.00	0.74	0.00	0.00	0.0	1	35.0
713.809	0.32	0.00	0.00	0.71	0.00	0.00	0.0	1	35.0
713.869	0.18	0.00	0.00	0.73	0.00	0.00	0.0	1	35.0
713.972	0.14	0.00	0.00	0.76	0.00	0.00	0.0	1	35.0
714.116	0.22	0.00	0.00	0.74	0.00	0.00	0.0	1	35.0
714.176	0.23	0.00	0.00	0.77	0.00	0.00	0.0	1	35.0
714.279	0.12	0.00	0.00	0.79	0.00	0.00	0.0	1	35.0
714.423	0.05	0.00	0.00	0.76	0.00	0.00	0.0	1	35.0
714.483	0.11	0.00	0.00	0.78	0.00	0.00	0.0	1	35.0
714.586	0.00	0.00	0.00	0.78	0.00	0.00	0.0	1	35.0
714.730	0.09	0.00	0.00	0.79	0.00	0.00	0.0	1	35.0
714.790	0.13	0.00	0.00	0.80	0.00	0.00	0.0	1	35.0
714.893	0.07	0.00	0.00	0.80	0.00	0.00	0.0	1	35.0
715.037	0.15	0.00	0.00	0.84	0.00	0.00	0.0	1	35.0
715.097	0.11	0.00	0.00	0.83	0.00	0.00	0.0	1	35.0
715.200	0.08	0.00	0.00	0.78	0.00	0.00	0.0	1	35.0
715.344	0.15	0.00	0.00	0.79	0.00	0.00	0.0	1	35.0
715.404	0.09	0.00	0.00	0.78	0.00	0.00	0.0	1	35.0
715.507	0.00	0.00	0.00	0.77	0.00	0.00	0.0	1	35.0
715.651	0.08	0.00	0.00	0.80	0.01	0.01	0.0	1	35.0
715.711	0.10	0.00	0.00	0.82	0.00	0.00	0.0	1	35.0
715.814	0.17	0.00	0.00	0.81	0.00	0.00	0.0	1	35.0
715.958	0.00	0.00	0.00	0.80	0.00	0.00	0.0	1	35.0
716.018	0.00	0.00	0.00	0.82	0.00	0.00	0.0	1	35.0
716.121	0.06	0.00	0.00	0.80	0.00	0.00	0.0	1	35.0
716.265	0.11	0.00	0.00	0.80	0.00	0.00	0.0	1	35.0
716.325	0.10	0.00	0.00	0.82	0.00	0.00	0.0	1	35.0
716.428	0.14	0.00	0.00	0.80	0.00	0.00	0.0	1	35.0
716.572	0.18	0.00	0.00	0.80	0.00	0.00	0.0	1	35.0
716.632	0.12	0.00	0.00	0.81	0.00	0.00	0.0	1	35.0
716.735	0.10	0.00	0.00	0.81	0.00	0.00	0.0	1	35.0
716.879	0.00	0.00	0.00	0.83	0.00	0.00	0.0	1	35.0
716.939	0.11	0.00	0.00	0.86	0.00	0.00	0.0	1	35.0
717.042	0.00	0.00	0.00	0.84	0.00	0.00	0.0	1	35.0
717.186	0.00	0.00	0.00	0.81	0.00	0.00	0.0	1	35.0
717.246	0.00	0.00	0.00	0.80	0.00	0.00	0.0	1	35.0
717.349	0.22	0.00	0.00	0.82	0.00	0.00	0.0	1	35.0
717.493	0.08	0.00	0.00	0.81	0.00	0.00	0.0	1	35.0
717.553	0.08	0.00	0.00	0.83	0.00	0.00	0.0	1	35.0
717.656	0.07	0.00	0.00	0.81	0.00	0.00	0.0	1	35.0
717.800	0.11	0.00	0.00	0.82	0.00	0.00	0.0	1	35.0
717.860	0.00	0.00	0.00	0.83	0.00	0.00	0.0	1	35.0
717.963	0.02	0.00	0.00	0.84	0.00	0.00	0.0	1	35.0
718.107	0.07	0.00	0.00	0.78	0.00	0.00	0.0	1	35.0
718.167	0.03	0.00	0.00	0.79	0.00	0.00	0.0	1	35.0
718.270	0.08	0.00	0.00	0.81	0.00	0.00	0.0	1	35.0
718.414	0.17	0.00	0.00	0.83	0.00	0.00	0.0	1	35.0
718.474	0.11	0.00	0.00	0.81	0.00	0.00	0.0	1	35.0
718.577	0.12	0.00	0.00	0.80	0.00	0.00	0.0	1	35.0
718.721	0.15	0.00	0.00	0.80	0.00	0.00	0.0	1	35.0
718.781	0.10	0.00	0.00	0.79	0.00	0.00	0.0	1	35.0
718.884	0.09	0.00	0.00	0.80	0.00	0.00	0.0	1	35.0
719.028	0.03	0.00	0.00	0.79	0.00	0.00	0.0	1	35.0
719.088	0.00	0.00	0.00	0.80	0.00	0.00	0.0	1	35.0
719.191	0.08	0.00	0.00	0.80	0.00	0.00	0.0	1	35.0
719.335	0.15	0.00	0.00	0.81	0.00	0.00	0.0	1	35.0
719.395	0.05	0.00	0.00	0.81	0.00	0.00	0.0	1	35.0
719.498	0.02	0.00	0.00	0.83	0.00	0.00	0.0	1	35.0
719.642	0.04	0.00	0.00	0.80	0.00	0.00	0.0	1	35.0
719.702	0.11	0.00	0.00	0.80	0.00	0.00	0.0	1	35.0
719.805	0.25	0.00	0.00	0.82	0.00	0.00	0.0	1	35.0
719.949	0.23	0.00	0.00	0.83	0.00	0.00	0.0	1	35.0
720.009	0.13	0.00	0.00	0.85	0.00	0.00	0.0	1	35.0
720.112	0.02	0.00	0.00	0.84	0.00	0.00	0.0	1	35.0
720.256	0.14	0.00	0.00	0.85	0.00	0.00	0.0	1	35.0
720.316	0.15	0.00	0.00	0.85	0.00	0.00	0.0	1	35.0
720.419	0.14	0.00	0.00	0.83	0.00	0.00	0.0	1	35.0
720.563	0.00	0.00	0.00	0.82	0.00	0.00	0.0	1	35.0
720.623	0.06	0.00	0.00	0.82	0.00	0.00	0.0	1	35.0
720.726	0.08	0.00	0.00	0.84	0.00	0.00	0.0	1	35.0
720.870	0.00	0.00	0.00	0.82	0.00	0.00	0.0	1	35.0
720.930	0.01	0.00	0.00	0.81	0.00	0.00	0.0	1	35.0
721.033	0.06	0.00	0.00	0.80	0.00	0.00	0.0	1	35.0
721.177	0.10	0.00	0.00	0.82	0.00	0.00	0.0	1	35.0
721.237	0.20	0.00	0.00	0.83	0.00	0.00	0.0	1	35.0
721.340	0.17	0.00	0.00	0.82	0.00	0.00	0.0	1	35.0
721.484	0.34	0.00	0.00	0.86	0.00	0.00	0.0	1	35.0
721.544	0.17	0.00	0.00	0.82	0.00	0.00	0.0	1	35.0
721.647	0.07	0.00	0.00	0.82	0.00	0.00	0.0	1	35.0
721.791	0.08	0.00	0.00	0.81	0.00	0.00	0.0	1	35.0
721.851	0.00	0.00	0.00	0.82	0.00	0.00	0.0	1	35.0
721.954	0.03	0.00	0.00	0.81	0.00	0.00	0.0	1	35.0
722.098	0.08	0.00	0.00	0.80	0.00	0.00	0.0	1	35.0
722.158	0.07	0.00	0.00	0.83	0.00	0.00	0.0	1	35.0
722.261	0.19	0.00	0.00	0.82	0.00	0.00	0.0	1	35.0
722.405	0.10	0.00	0.00	0.83	0.00	0.00	0.0	1	35.0
722.465	0.07	0.00	0.00	0.83	0.00	0.00	0.0	1	35.0
722.568	0.09	0.00	0.00	0.85	0.00	0.00	0.0	1	35.0
722.712	0.00	0.00	0.00	0.85	0.00	0.00	0.0	1	35.0
722.772	0.00	0.00	0.00	0.83	0.00	0.00	0.0	1	35.0
722.875	0.01	0.00	0.00	0.83	0.00	0.00	0.0	1	35.0
723.019	0.00	0.00	0.00	0.85	0.00	0.00	0.0	1	35.0
723.079	0.04	0.00	0.00	0.85	0.00	0.00	0.0	1	35.0
723.182	0.00	0.00	0.00	0.83	0.00	0.00	0.0	1	35.0
723.326	0.00	0.00	0.00	0.81	0.00	0.00	0.0	1	35.0
723.386	0.01	0.00	0.00	0.83	0.00	0.00	0.0	1	35.0
723.489	0.00	0.00	0.00	0.84	0.00	0.00	0.0	1	35.0
723.633	0.00	0.00	0.00	0.81	0.00	0.00	0.0	1	35.0
723.693	0.02	0.00	0.00	0.84	0.00	0.00	0.0	1	35.0
723.796	0.01	0.00	0.00	0.83	0.00	0.00	0.0	1	35.0
723.940	0.08	0.00	0.00	0.81	0.00	0.00	0.0	1	35.0
724.000	0.14	0.00	0.00	0.81	0.00	0.00	0.0	1	35.0
724.103	0.16	0.00	0.00	0.80	0.00	0.00	0.0	1	35.0
724.247	0.09	0.00	0.00	0.82	0.00	0.00	0.0	1	35.0
724.307	0.00	0.00	0.00	0.83	0.00	0.00	0.0	1	35.0
724.410	0.01	0.00	0.00	0.82	0.00	0.00	0.0	1	35.0
724.554	0.07	0.00	0.00	0.85	0.00	0.00	0.0	1	35.0
724.614	0.09	0.00	0.00	0.86	0.00	0.00	0.0	1	35.0
724.717	0.08	0.00	0.00	0.82	0.00	0.00	0.0	1	35.0
724.861	0.00	0.00	0.00	0.83	0.00	0.00	0.0	1	35.0
724.921	0.02	0.00	0.00	0.81	0.00	0.00	0.0	1	35.0
725.024	0.00	0.00	0.00	0.83	0.00	0.00	0.0	1	35.0
725.168	0.24	0.00	0.00	0.82	0.00	0.00	0.0	1	35.0
725.228	0.11	0.00	0.00	0.81	0.00	0.00	0.0	1	35.0
725.331	0.10	0.00	0.00	0.83	0.00	0.00	0.0	1	35.0
725.475	0.14	0.00	0.00	0.81	0.00	0.00	0.0	1	35.0
725.535	0.00	0.00	0.00	0.82	0.00	0.00	0.0	1	35.0
725.638	0.01	0.00	0.00	0.83	0.00	0.00	0.0	1	35.0
725.782	0.06	0.00	0.00	0.84	0.00	0.00	0.0	1	35.0
725.842	0.22	0.00	0.00	0.82	0.00	0.00	0.0	1	35.0
725.945	0.06	0.00	0.00	0.80	0.00	0.00	0.0	1	35.0
726.089	0.11	0.00	0.00	0.85	0.00	0.00	0.0	1	35.0
726.149	0.00	0.00	0.00	0.83	0.00	0.00	0.0	1	35.0
726.252	0.02	0.00	0.00	0.82	0.00	0.00	0.0	1	35.0
726.396	0.12	0.00	0.00	0.83	0.00	0.00	0.0	1	35.0
726.456	0.12	0.00	0.00	0.82	0.00	0.00	0.0	1	35.0
726.559	0.07	0.00	0.00	0.79	0.00	0.00	0.0	1	35.0
726.703	0.03	0.00	0.00	0.84	0.00	0.00	0.0	1	35.0
726.763	0.04	0.00	0.00	0.83	0.00	0.00	0.0	1	35.0
726.866	0.01	0.00	0.00	0.82	0.00	0.00	0.0	1	35.0
727.010	0.00	0.00	0.00	0.84	0.00	0.00	0.0	1	35.0
727.070	0.06	0.00	0.00	0.84	0.00	0.00	0.0	1	35.0
727.173	0.15	0.00	0.00	0.82	0.00	0.00	0.0	1	35.0
727.317	0.10	0.00	0.00	0.80	0.00	0.00	0.0	1	35.0
727.377	0.11	0.00	0.00	0.79	0.00	0.00	0.0	1	35.0
727.480	0.00	0.00	0.00	0.81	0.00	0.00	0.0	1	35.0
727.624	0.00	0.00	0.00	0.83	0.00	0.00	0.0	1	35.0
727.684	0.00	0.00	0.00	0.86	0.00	0.00	0.0	1	35.0
727.787	0.07	0.00	0.00	0.83	0.00	0.00	0.0	1	35.0
727.931	0.07	0.00	0.00	0.84	0.00	0.00	0.0	1	35.0
727.991	0.07	0.00	0.00	0.84	0.00	0.00	0.0	1	35.0
728.094	0.10	0.00	0.00	0.81	0.00	0.00	0.0	1	35.0
728.238	0.16	0.00	0.00	0.83	0.00	0.00	0.0	1	35.0
728.298	0.08	0.00	0.00	0.84	0.00	0.00	0.0	1	35.0
728.401	0.03	0.00	0.00	0.83	0.00	0.00	0.0	1	35.0
728.545	0.12	0.00	0.00	0.84	0.00	0.00	0.0	1	35.0
728.605	0.12	0.00	0.00	0.82	0.00	0.00	0.0	1	35.0
728.708	0.17	0.00	0.00	0.84	0.00	0.00	0.0	1	35.0
728.852	0.00	0.00	0.00	0.82	0.00	0.00	0.0	1	35.0
728.912	0.01	0.00	0.00	0.82	0.00	0.00	0.0	1	35.0
729.015	0.00	0.00	0.00	0.81	0.00	0.00	0.0	1	35.0
729.159	0.07	0.00	0.00	0.82	0.00	0.00	0.0	1	35.0
729.219	0.00	0.00	0.00	0.87	0.00	0.00	0.0	1	35.0
729.322	0.00	0.00	0.00	0.84	0.00	0.00	0.0	1	35.0
729.466	0.09	0.00	0.00	0.80	0.00	0.00	0.0	1	35.0
729.526	0.04	0.00	0.00	0.80	0.00	0.00	0.0	1	35.0
729.629	0.00	0.00	0.00	0.82	0.00	0.00	0.0	1	35.0
729.773	0.11	0.00	0.00	0.82	0.00	0.00	0.0	1	35.0
729.833	0.06	0.00	0.00	0.87	0.00	0.00	0.0	1	35.0
729.936	0.03	0.00	0.00	0.84	0.00	0.00	0.0	1	35.0
730.080	0.12	0.00	0.00	0.82	0.00	0.00	0.0	1	35.0
730.140	0.01	0.00	0.00	0.79	0.00	0.00	0.0	1	35.0
730.243	0.09	0.00	0.00	0.80	0.00	0.00	0.0	1	35.0
730.387	0.12	0.00	0.00	0.83	0.00	0.00	0.0	1	35.0
730.447	0.04	0.00	0.00	0.84	0.00	0.00	0.0	1	35.0
730.550	0.08	0.00	0.00	0.82	0.00	0.00	0.0	1	35.0
730.694	0.20	0.00	0.00	0.81	0.00	0.00	0.0	1	35.0
730.754	0.25	0.00	0.00	0.81	0.00	0.00	0.0	1	35.0
730.857	0.15	0.00	0.00	0.81	0.00	0.00	0.0	1	35.0
731.001	0.08	0.00	0.00	0.85	0.00	0.00	0.0	1	35.0
731.061	0.01	0.00	0.00	0.84	0.00	0.00	0.0	1	35.0
731.164	0.05	0.00	0.00	0.84	0.00	0.00	0.0	1	35.0
731.308	0.10	0.00	0.00	0.83	0.00	0.00	0.0	1	35.0
731.368	0.17	0.00	0.00	0.82	0.00	0.00	0.0	1	35.0
731.471	0.11	0.00	0.00	0.83	0.00	0.00	0.0	1	35.0
731.615	0.17	0.00	0.00	0.80	0.00	0.00	0.0	1	35.0
731.675	0.07	0.00	0.00	0.80	0.00	0.00	0.0	1	35.0
731.778	0.04	0.00	0.00	0.84	0.00	0.00	0.0	1	35.0
731.922	0.18	0.00	0.00	0.81	0.00	0.00	0.0	1	35.0
731.982	0.10	0.00	0.00	0.81	0.00	0.00	0.0	1	35.0
732.085	0.00	0.00	0.00	0.81	0.00	0.00	0.0	1	35.0
732.229	0.02	0.00	0.00	0.81	0.00	0.00	0.0	1	35.0
732.289	0.04	0.00	0.00	0.82	0.00	0.00	0.0	1	35.0
732.392	0.08	0.00	0.00	0.82	0.00	0.00	0.0	1	35.0
732.536	0.14	0.00	0.00	0.82	0.00	0.00	0.0	1	35.0
732.596	0.08	0.00	0.00	0.82	0.00	0.00	0.0	1	35.0
732.699	0.09	0.00	0.00	0.83	0.00	0.00	0.0	1	35.0
732.843	0.04	0.00	0.00	0.82	0.00	0.00	0.0	1	35.0
732.903	0.12	0.00	0.00	0.80	0.00	0.00	0.0	1	35.0
733.006	0.02	0.00	0.00	0.81	0.00	0.00	0.0	1	35.0
733.150	0.09	0.00	0.00	0.79	0.00	0.00	0.0	1	35.0
733.210	0.15	0.00	0.00	0.79	0.00	0.00	0.0	1	35.0
733.313	0.11	0.00	0.00	0.80	0.00	0.00	0.0	1	35.0
733.457	0.19	0.00	0.00	0.77	0.00	0.00	0.0	1	35.0
733.517	0.15	0.00	0.00	0.79	0.00	0.00	0.0	1	35.0
733.620	0.06	0.00	0.00	0.80	0.00	0.00	0.0	1	35.0
733.764	0.04	0.00	0.00	0.85	0.00	0.00	0.0	1	35.0
733.824	0.00	0.00	0.00	0.84	0.00	0.00	0.0	1	35.0
733.927	0.02	0.00	0.00	0.83	0.00	0.00	0.0	1	35.0
734.071	0.08	0.00	0.00	0.82	0.00	0.00	0.0	1	35.0
734.131	0.12	0.00	0.00	0.82	0.00	0.00	0.0	1	35.0
734.234	0.11	0.00	0.00	0.81	0.00	0.00	0.0	1	35.0
734.378	0.14	0.00	0.00	0.81	0.00	0.00	0.0	1	35.0
734.438	0.12	0.00	0.00	0.80	0.00	0.00	0.0	1	35.0
734.541	0.23	0.00	0.00	0.81	0.00	0.00	0.0	1	35.0
734.685	0.14	0.00	0.00	0.82	0.00	0.00	0.0	1	35.0
734.745	0.08	0.00	0.00	0.82	0.00	0.00	0.0	1	35.0
734.848	0.07	0.00	0.00	0.82	0.00	0.00	0.0	1	35.0
734.992	0.04	0.00	0.00	0.82	0.00	0.00	0.0	1	35.0
735.052	0.08	0.00	0.00	0.82	0.00	0.00	0.0	1	35.0
735.155	0.07	0.00	0.00	0.83	0.00	0.00	0.0	1	35.0
735.299	0.00	0.00	0.00	0.80	0.00	0.00	0.0	1	35.0
735.359	0.11	0.00	0.00	0.81	0.00	0.00	0.0	1	35.0
735.462	0.12	0.00	0.00	0.82	0.00	0.00	0.0	1	35.0
735.606	0.10	0.00	0.00	0.82	0.00	0.00	0.0	1	35.0
735.666	0.06	0.00	0.00	0.82	0.00	0.00	0.0	1	35.0
735.769	0.00	0.00	0.00	0.82	0.00	0.00	0.0	1	35.0
735.913	0.06	0.00	0.00	0.80	0.00	0.00	0.0	1	35.0
735.973	0.05	0.00	0.00	0.82	0.00	0.00	0.0	1	35.0
736.076	0.03	0.00	0.00	0.82	0.00	0.00	0.0	1	35.0
736.220	0.06	0.00	0.00	0.83	0.00	0.00	0.0	1	35.0
736.280	0.14	0.00	0.00	0.81	0.00	0.00	0.0	1	35.0
736.383	0.00	0.00	0.00	0.80	0.00	0.00	0.0	1	35.0
736.527	0.07	0.00	0.00	0.83	0.00	0.00	0.0	1	35.0
736.587	0.08	0.00	0.00	0.83	0.00	0.00	0.0	1	35.0
736.690	0.07	0.00	0.00	0.81	0.00	0.00	0.0	1	35.0
736.834	0.00	0.00	0.00	0.82	0.00	0.00	0.0	1	35.0
736.894	0.00	0.00	0.00	0.81	0.00	0.00	0.0	1	35.0
736.997	0.06	0.00	0.00	0.81	0.00	0.00	0.0	1	35.0
737.141	0.13	0.00	0.00	0.81	0.00	0.00	0.0	1	35.0
737.201	0.14	0.00	0.00	0.81	0.00	0.00	0.0	1	35.0
737.304	0.10	0.00	0.00	0.82	0.00	0.00	0.0	1	35.0
737.448	0.15	0.00	0.00	0.82	0.00	0.00	0.0	1	35.0
737.508	0.08	0.00	0.00	0.83	0.00	0.00	0.0	1	35.0
737.611	0.09	0.00	0.00	0.83	0.00	0.00	0.0	1	35.0
737.755	0.00	0.00	0.00	0.83	0.00	0.00	0.0	1	35.0
737.815	0.03	0.00	0.00	0.82	0.00	0.00	0.0	1	35.0
737.918	0.00	0.00	0.00	0.80	0.00	0.00	0.0	1	35.0
738.062	0.18	0.00	0.00	0.81	0.00	0.00	0.0	1	35.0
738.122	0.13	0.00	0.00	0.81	0.00	0.00	0.0	1	35.0
738.225	0.11	0.00	0.00	0.83	0.00	0.00	0.0	1	35.0
738.369	0.00	0.00	0.00	0.82	0.00	0.00	0.0	1	35.0
738.429	0.00	0.00	0.00	0.82	0.00	0.00	0.0	1	35.0
738.532	0.07	0.00	0.00	0.80	0.00	0.00	0.0	1	35.0
738.676	0.17	0.00	0.00	0.84	0.00	0.00	0.0	1	35.0
738.736	0.06	0.00	0.00	0.83	0.00	0.00	0.0	1	35.0
738.839	0.12	0.00	0.00	0.82	0.00	0.00	0.0	1	35.0
738.983	0.12	0.00	0.00	0.82	0.00	0.00	0.0	1	35.0
739.043	0.07	0.00	0.00	0.82	0.00	0.00	0.0	1	35.0
739.146	0.04	0.00	0.00	0.81	0.00	0.00	0.0	1	35.0
739.290	0.01	0.00	0.00	0.79	0.00	0.00	0.0	1	35.0
739.350	0.08	0.00	0.00	0.81	0.00	0.00	0.0	1	35.0
739.453	0.10	0.00	0.00	0.81	0.00	0.00	0.0	1	35.0
739.597	0.23	0.00	0.00	0.82	0.00	0.00	0.0	1	35.0
739.657	0.14	0.00	0.00	0.84	0.00	0.00	0.0	1	35.0
739.760	0.08	0.00	0.00	0.85	0.00	0.00	0.0	1	35.0
739.904	0.03	0.00	0.00	0.83	0.00	0.00	0.0	1	35.0
739.964	0.02	0.00	0.00	0.81	0.00	0.00	0.0	1	35.0
740.067	0.12	0.00	0.00	0.81	0.00	0.00	0.0	1	35.0
740.211	0.00	0.00	0.00	0.81	0.00	0.00	0.0	1	35.0
740.271	0.07	0.00	0.00	0.82	0.00	0.00	0.0	1	35.0
740.374	0.11	0.00	0.00	0.82	0.00	0.00	0.0	1	35.0
740.518	0.17	0.00	0.00	0.82	0.00	0.00	0.0	1	35.0
740.578	0.18	0.00	0.00	0.83	0.00	0.00	0.0	1	35.0
740.681	0.11	0.00	0.00	0.85	0.00	0.00	0.0	1	35.0
740.825	0.03	0.00	0.00	0.81	0.00	0.00	0.0	1	35.0
740.885	0.00	0.00	0.00	0.82	0.00	0.00	0.0	1	35.0
740.988	0.00	0.00	0.00	0.82	0.00	0.00	0.0	1	35.0
741.132	0.05	0.00	0.00	0.82	0.00	0.00	0.0	1	35.0
741.192	0.05	0.00	0.00	0.81	0.00	0.00	0.0	1	35.0
741.295	0.02	0.00	0.00	0.79	0.00	0.00	0.0	1	35.0
741.439	0.00	0.00	0.00	0.81	0.00	0.00	0.0	1	35.0
741.499	0.00	0.00	0.00	0.82	0.00	0.00	0.0	1	35.0
741.602	0.00	0.00	0.00	0.82	0.00	0.00	0.0	1	35.0
741.746	0.04	0.00	0.00	0.83	0.00	0.00	0.0	1	35.0
741.806	0.20	0.00	0.00	0.84	0.00	0.00	0.0	1	35.0
741.909	0.08	0.00	0.00	0.84	0.00	0.00	0.0	1	35.0
742.053	0.13	0.00	0.00	0.86	0.00	0.00	0.0	1	35.0
742.113	0.11	0.00	0.00	0.84	0.00	0.00	0.0	1	35.0
742.216	0.11	0.00	0.00	0.84	0.00	0.00	0.0	1	35.0
742.360	0.04	0.00	0.00	0.82	0.00	0.00	0.0	1	35.0
742.420	0.00	0.00	0.00	0.86	0.00	0.00	0.0	1	35.0
742.523	0.10	0.00	0.00	0.80	0.00	0.00	0.0	1	35.0
742.667	0.20	0.00	0.00	0.80	0.00	0.00	0.0	1	35.0
742.727	0.13	0.00	0.00	0.80	0.00	0.00	0.0	1	35.0
742.830	0.14	0.00	0.00	0.81	0.00	0.00	0.0	1	35.0
742.974	0.08	0.00	0.00	0.81	0.00	0.00	0.0	1	35.0
743.034	0.06	0.00	0.00	0.82	0.00	0.00	0.0	1	35.0
743.137	0.16	0.00	0.00	0.81	0.00	0.00	0.0	1	35.0
743.281	0.16	0.00	0.00	0.82	0.00	0.00	0.0	1	35.0
743.341	0.15	0.00	0.00	0.82	0.00	0.00	0.0	1	35.0
743.444	0.03	0.00	0.00	0.82	0.00	0.00	0.0	1	35.0
743.588	0.23	0.00	0.00	0.82	0.00	0.00	0.0	1	35.0
743.648	0.22	0.00	0.00	0.82	0.00	0.00	0.0	1	35.0
743.751	0.14	0.00	0.00	0.82	0.00	0.00	0.0	1	35.0
743.895	0.00	0.00	0.00	0.85	0.00	0.00	0.0	1	35.0
743.955	0.07	0.00	0.00	0.83	0.00	0.00	0.0	1	35.0
744.058	0.06	0.00	0.00	0.81	0.00	0.00	0.0	1	35.0
744.202	0.07	0.00	0.00	0.84	0.00	0.00	0.0	1	35.0
744.262	0.24	0.00	0.00	0.84	0.00	0.00	0.0	1	35.0
744.365	0.09	0.00	0.00	0.85	0.00	0.00	0.0	1	35.0
744.509	0.06	0.00	0.00	0.82	0.00	0.00	0.0	1	35.0
744.569	0.12	0.00	0.00	0.83	0.00	0.00	0.0	1	35.0
744.672	0.05	0.00	0.00	0.81	0.00	0.00	0.0	1	35.0
744.816	0.05	0.00	0.00	0.83	0.00	0.00	0.0	1	35.0
744.876	0.06	0.00	0.00	0.83	0.00	0.00	0.0	1	35.0
744.979	0.11	0.00	0.00	0.82	0.00	0.00	0.0	1	35.0
745.123	0.07	0.00	0.00	0.83	0.00	0.00	0.0	1	35.0
745.183	0.08	0.00	0.00	0.82	0.00	0.00	0.0	1	35.0
745.286	0.09	0.00	0.00	0.85	0.00	0.00	0.0	1	35.0
745.430	0.08	0.00	0.00	0.83	0.00	0.00	0.0	1	35.0
745.490	0.01	0.00	0.00	0.83	0.00	0.00	0.0	1	35.0
745.593	0.03	0.00	0.00	0.84	0.00	0.00	0.0	1	35.0
745.737	0.10	0.00	0.00	0.85	0.00	0.00	0.0	1	35.0
745.797	0.12	0.00	0.00	0.84	0.00	0.00	0.0	1	35.0
745.900	0.07	0.00	0.00	0.82	0.00	0.00	0.0	1	35.0
746.044	0.06	0.00	0.00	0.82	0.00	0.00	0.0	1	35.0
746.104	0.00	0.00	0.00	0.81	0.00	0.00	0.0	1	35.0
746.207	0.08	0.00	0.00	0.82	0.00	0.00	0.0	1	35.0
746.351	0.09	0.00	0.00	0.81	0.00	0.00	0.0	1	35.0
746.411	0.16	0.00	0.00	0.80	0.00	0.00	0.0	1	35.0
746.514	0.03	0.00	0.00	0.82	0.00	0.00	0.0	1	35.0
746.658	0.16	0.00	0.00	0.82	0.00	0.00	0.0	1	35.0
746.718	0.08	0.00	0.00	0.81	0.00	0.00	0.0	1	35.0
746.821	0.13	0.00	0.00	0.82	0.00	0.00	0.0	1	35.0
746.965	0.11	0.00	0.00	0.83	0.00	0.00	0.0	1	35.0
747.025	0.07	0.00	0.00	0.83	0.00	0.00	0.0	1	35.0
747.128	0.03	0.00	0.00	0.84	0.00	0.00	0.0	1	35.0
747.272	0.17	0.00	0.00	0.78	0.00	0.00	0.0	1	35.0
747.332	0.12	0.00	0.00	0.80	0.00	0.00	0.0	1	35.0
747.435	0.10	0.00	0.00	0.79	0.00	0.00	0.0	1	35.0
747.579	0.01	0.00	0.00	0.83	0.00	0.00	0.0	1	35.0
747.639	0.06	0.00	0.00	0.83	0.00	0.00	0.0	1	35.0
747.742	0.06	0.00	0.00	0.83	0.00	0.00	0.0	1	35.0
747.886	0.03	0.00	0.00	0.86	0.00	0.00	0.0	1	35.0
747.946	0.07	0.00	0.00	0.84	0.00	0.00	0.0	1	35.0
748.049	0.13	0.00	0.00	0.86	0.00	0.00	0.0	1	35.0
748.193	0.00	0.00	0.00	0.85	0.00	0.00	0.0	1	35.0
748.253	0.00	0.00	0.00	0.83	0.00	0.00	0.0	1	35.0
748.356	0.04	0.00	0.00	0.83	0.00	0.00	0.0	1	35.0
748.500	0.22	0.00	0.00	0.82	0.00	0.00	0.0	1	35.0
748.560	0.06	0.00	0.00	0.83	0.00	0.00	0.0	1	35.0
748.663	0.06	0.00	0.00	0.82	0.00	0.00	0.0	1	35.0
748.807	0.00	0.00	0.00	0.78	0.00	0.00	0.0	1	35.0
748.867	0.03	0.00	0.00	0.79	0.00	0.00	0.0	1	35.0
748.970	0.04	0.00	0.00	0.82	0.00	0.00	0.0	1	35.0
749.114	0.03	0.00	0.00	0.82	0.00	0.00	0.0	1	35.0
749.174	0.07	0.00	0.00	0.85	0.00	0.00	0.0	1	35.0
749.277	0.12	0.00	0.00	0.83	0.00	0.00	0.0	1	35.0
749.421	0.12	0.00	0.00	0.85	0.00	0.00	0.0	1	35.0
749.481	0.06	0.00	0.00	0.80	0.00	0.00	0.0	1	35.0
749.584	0.11	0.00	0.00	0.80	0.00	0.00	0.0	1	35.0
749.728	0.00	0.00	0.00	0.82	0.00	0.00	0.0	1	35.0
749.788	0.00	0.00	0.00	0.84	0.00	0.00	0.0	1	35.0
749.891	0.00	0.00	0.00	0.84	0.00	0.00	0.0	1	35.0
750.035	0.13	0.00	0.00	0.80	0.00	0.00	0.0	1	35.0
750.095	0.08	0.00	0.00	0.80	0.00	0.00	0.0	1	35.0
750.198	0.11	0.00	0.00	0.81	0.00	0.00	0.0	1	35.0
750.342	0.09	0.00	0.00	0.82	0.00	0.00	0.0	1	35.0
750.402	0.06	0.00	0.00	0.82	0.00	0.00	0.0	1	35.0
750.505	0.20	0.00	0.00	0.81	0.00	0.00	0.0	1	35.0
750.649	0.22	0.00	0.00	0.80	0.00	0.00	0.0	1	35.0
750.709	0.19	0.00	0.00	0.81	0.00	0.00	0.0	1	35.0
750.812	0.05	0.00	0.00	0.79	0.00	0.00	0.0	1	35.0
750.956	0.07	0.00	0.00	0.79	0.00	0.00	0.0	1	35.0
751.016	0.12	0.00	0.00	0.81	0.00	0.00	0.0	1	35.0
751.119	0.03	0.00	0.00	0.82	0.00	0.00	0.0	1	35.0
751.263	0.01	0.00	0.00	0.83	0.00	0.00	0.0	1	35.0
751.323	0.00	0.00	0.00	0.82	0.00	0.00	0.0	1	35.0
751.426	0.06	0.00	0.00	0.84	0.00	0.00	0.0	1	35.0
751.570	0.10	0.00	0.00	0.82	0.00	0.00	0.0	1	35.0
751.630	0.07	0.00	0.00	0.83	0.00	0.00	0.0	1	35.0
751.733	0.02	0.00	0.00	0.83	0.00	0.00	0.0	1	35.0
751.877	0.00	0.00	0.00	0.82	0.00	0.00	0.0	1	35.0
751.937	0.00	0.00	0.00	0.81	0.00	0.00	0.0	1	35.0
752.040	0.18	0.00	0.00	0.82	0.00	0.00	0.0	1	35.0
752.184	0.11	0.00	0.00	0.80	0.00	0.00	0.0	1	35.0
752.244	0.07	0.00	0.00	0.81	0.00	0.00	0.0	1	35.0
752.347	0.06	0.00	0.00	0.81	0.00	0.00	0.0	1	35.0
752.491	0.06	0.00	0.00	0.82	0.00	0.00	0.0	1	35.0
752.551	0.16	0.00	0.00	0.80	0.00	0.00	0.0	1	35.0
752.654	0.16	0.00	0.00	0.80	0.00	0.00	0.0	1	35.0
752.798	0.06	0.00	0.00	0.81	0.00	0.00	0.0	1	35.0
752.858	0.01	0.00	0.00	0.81	0.00	0.00	0.0	1	35.0
752.961	0.11	0.00	0.00	0.79	0.00	0.00	0.0	1	35.0
753.105	0.00	0.00	0.00	0.86	0.00	0.00	0.0	1	35.0
753.165	0.13	0.00	0.00	0.84	0.00	0.00	0.0	1	35.0
753.268	0.08	0.00	0.00	0.84	0.00	0.00	0.0	1	35.0
753.412	0.20	0.00	0.00	0.83	0.00	0.00	0.0	1	35.0
753.472	0.14	0.00	0.00	0.84	0.00	0.00	0.0	1	35.0
753.575	0.11	0.00	0.00	0.84	0.00	0.00	0.0	1	35.0
753.719	0.10	0.00	0.00	0.80	0.00	0.00	0.0	1	35.0
753.779	0.05	0.00	0.00	0.82	0.00	0.00	0.0	1	35.0
753.882	0.05	0.00	0.00	0.81	0.00	0.00	0.0	1	35.0
754.026	0.06	0.00	0.00	0.82	0.00	0.00	0.0	1	35.0
754.086	0.06	0.00	0.00	0.86	0.00	0.00	0.0	1	35.0
754.189	0.12	0.00	0.00	0.83	0.00	0.00	0.0	1	35.0
754.333	0.06	0.00	0.00	0.82	0.00	0.00	0.0	1	35.0
754.393	0.11	0.00	0.00	0.81	0.00	0.00	0.0	1	35.0
754.496	0.11	0.00	0.00	0.84	0.00	0.00	0.0	1	35.0
754.640	0.08	0.00	0.00	0.82	0.00	0.00	0.0	1	35.0
754.700	0.12	0.00	0.00	0.82	0.00	0.00	0.0	1	35.0
754.803	0.10	0.00	0.00	0.83	0.00	0.00	0.0	1	35.0
754.947	0.28	0.00	0.00	0.83	0.00	0.00	0.0	1	35.0
755.007	0.23	0.00	0.00	0.83	0.00	0.00	0.0	1	35.0
755.110	0.13	0.00	0.00	0.84	0.00	0.00	0.0	1	35.0
755.254	0.23	0.00	0.00	0.82	0.00	0.00	0.0	1	35.0
755.314	0.08	0.00	0.00	0.81	0.00	0.00	0.0	1	35.0
755.417	0.06	0.00	0.00	0.82	0.00	0.00	0.0	1	35.0
755.561	0.14	0.00	0.00	0.83	0.00	0.00	0.0	1	35.0
755.621	0.11	0.00	0.00	0.81	0.00	0.00	0.0	1	35.0
755.724	0.09	0.00	0.00	0.82	0.00	0.00	0.0	1	35.0
755.868	0.01	0.00	0.00	0.82	0.00	0.00	0.0	1	35.0
755.928	0.04	0.00	0.00	0.81	0.00	0.00	0.0	1	35.0
756.031	0.02	0.00	0.00	0.83	0.00	0.00	0.0	1	35.0
756.175	0.10	0.00	0.00	0.84	0.00	0.00	0.0	1	35.0
756.235	0.10	0.00	0.00	0.83	0.00	0.00	0.0	1	35.0
756.338	0.00	0.00	0.00	0.83	0.00	0.00	0.0	1	35.0
756.482	0.06	0.00	0.00	0.80	0.00	0.00	0.0	1	35.0
756.542	0.04	0.00	0.00	0.84	0.00	0.00	0.0	1	35.0
756.645	0.00	0.00	0.00	0.81	0.00	0.00	0.0	1	35.0
756.789	0.00	0.00	0.00	0.82	0.00	0.00	0.0	1	35.0
756.849	0.01	0.00	0.00	0.81	0.00	0.00	0.0	1	35.0
756.952	0.00	0.00	0.00	0.82	0.00	0.00	0.0	1	35.0
757.096	0.08	0.00	0.00	0.82	0.00	0.00	0.0	1	35.0
757.156	0.10	0.00	0.00	0.83	0.00	0.00	0.0	1	35.0
757.259	0.12	0.00	0.00	0.84	0.00	0.00	0.0	1	35.0
757.403	0.19	0.00	0.00	0.83	0.00	0.00	0.0	1	35.0
757.463	0.26	0.00	0.00	0.84	0.00	0.00	0.0	1	35.0
757.566	0.07	0.00	0.00	0.83	0.00	0.00	0.0	1	35.0
757.710	0.05	0.00	0.00	0.83	0.00	0.00	0.0	1	35.0
757.770	0.03	0.00	0.00	0.82	0.00	0.00	0.0	1	35.0
757.873	0.08	0.00	0.00	0.80	0.00	0.00	0.0	1	35.0
758.017	0.18	0.00	0.00	0.81	0.00	0.00	0.0	1	35.0
758.077	0.08	0.00	0.00	0.82	0.00	0.00	0.0	1	35.0
758.180	0.08	0.00	0.00	0.83	0.00	0.00	0.0	1	35.0
758.324	0.08	0.00	0.00	0.82	0.00	0.00	0.0	1	35.0
758.384	0.10	0.00	0.00	0.81	0.00	0.00	0.0	1	35.0
758.487	0.06	0.00	0.00	0.83	0.00	0.00	0.0	1	35.0
758.631	0.05	0.00	0.00	0.80	0.00	0.00	0.0	1	35.0
758.691	0.07	0.00	0.00	0.79	0.00	0.00	0.0	1	35.0
758.794	0.00	0.00	0.00	0.82	0.00	0.00	0.0	1	35.0
758.938	0.03	0.00	0.00	0.81	0.00	0.00	0.0	1	35.0
758.998	0.05	0.00	0.00	0.82	0.00	0.00	0.0	1	35.0
759.101	0.00	0.00	0.00	0.81	0.00	0.00	0.0	1	35.0
759.245	0.03	0.00	0.00	0.81	0.00	0.00	0.0	1	35.0
759.305	0.10	0.00	0.00	0.82	0.00	0.00	0.0	1	35.0
759.408	0.09	0.00	0.00	0.80	0.00	0.00	0.0	1	35.0
759.552	0.10	0.00	0.00	0.81	0.00	0.00	0.0	1	35.0
759.612	0.12	0.00	0.00	0.82	0.00	0.00	0.0	1	35.0
759.715	0.06	0.00	0.00	0.82	0.00	0.00	0.0	1	35.0
759.859	0.14	0.00	0.00	0.83	0.00	0.00	0.0	1	35.0
759.919	0.15	0.00	0.00	0.85	0.00	0.00	0.0	1	35.0
760.022	0.14	0.00	0.00	0.81	0.00	0.00	0.0	1	35.0
760.166	0.04	0.00	0.00	0.82	0.00	0.00	0.0	1	35.0
760.226	0.06	0.00	0.00	0.81	0.00	0.00	0.0	1	35.0
760.329	0.24	0.00	0.00	0.81	0.00	0.00	0.0	1	35.0
760.473	0.16	0.00	0.00	0.84	0.00	0.00	0.0	1	35.0
760.533	0.08	0.00	0.00	0.83	0.00	0.00	0.0	1	35.0
760.636	0.24	0.00	0.00	0.81	0.00	0.00	0.0	1	35.0
760.780	0.01	0.00	0.00	0.82	0.00	0.00	0.0	1	35.0
760.840	0.08	0.00	0.00	0.83	0.00	0.00	0.0	1	35.0
760.943	0.17	0.00	0.00	0.83	0.00	0.00	0.0	1	35.0
761.087	0.00	0.00	0.00	0.82	0.00	0.00	0.0	1	35.0
761.147	0.04	0.00	0.00	0.84	0.00	0.00	0.0	1	35.0
761.250	0.08	0.00	0.00	0.82	0.00	0.00	0.0	1	35.0
761.394	0.06	0.00	0.00	0.83	0.01	0.01	0.0	1	35.0
761.454	0.19	0.00	0.00	0.81	0.00	0.00	0.0	1	35.0
761.557	0.19	0.00	0.00	0.82	0.00	0.00	0.0	1	35.0
761.701	0.08	0.00	0.00	0.81	0.00	0.00	0.0	1	35.0
761.761	0.08	0.00	0.00	0.82	0.00	0.00	0.0	1	35.0
761.864	0.12	0.00	0.00	0.82	0.00	0.00	0.0	1	35.0
762.008	0.07	0.00	0.00	0.81	0.00	0.00	0.0	1	35.0
762.068	0.02	0.00	0.00	0.82	0.00	0.00	0.0	1	35.0
762.171	0.05	0.00	0.00	0.80	0.00	0.00	0.0	1	35.0
762.315	0.05	0.00	0.00	0.82	0.00	0.00	0.0	1	35.0
762.375	0.07	0.00	0.00	0.82	0.00	0.00	0.0	1	35.0
762.478	0.04	0.00	0.00	0.83	0.00	0.00	0.0	1	35.0
762.622	0.11	0.00	0.00	0.83	0.00	0.00	0.0	1	35.0
762.682	0.21	0.00	0.00	0.82	0.00	0.00	0.0	1	35.0
762.785	0.07	0.00	0.00	0.80	0.00	0.00	0.0	1	35.0
762.929	0.03	0.00	0.00	0.81	0.00	0.00	0.0	1	35.0
762.989	0.03	0.00	0.00	0.82	0.00	0.00	0.0	1	35.0
763.092	0.00	0.00	0.00	0.83	0.00	0.00	0.0	1	35.0
763.236	0.00	0.00	0.00	0.82	0.00	0.00	0.0	1	35.0
763.296	0.00	0.00	0.00	0.81	0.00	0.00	0.0	1	35.0
763.399	0.11	0.00	0.00	0.83	0.00	0.00	0.0	1	35.0
763.543	0.05	0.00	0.00	0.83	0.00	0.00	0.0	1	35.0
763.603	0.13	0.00	0.00	0.82	0.00	0.00	0.0	1	35.0
763.706	0.07	0.00	0.00	0.82	0.00	0.00	0.0	1	35.0
763.850	0.07	0.00	0.00	0.82	0.00	0.00	0.0	1	35.0
763.910	0.10	0.00	0.00	0.81	0.00	0.00	0.0	1	35.0
764.013	0.06	0.00	0.00	0.82	0.00	0.00	0.0	1	35.0
764.157	0.14	0.00	0.00	0.82	0.00	0.00	0.0	1	35.0
764.217	0.14	0.00	0.00	0.82	0.00	0.00	0.0	1	35.0
764.320	0.03	0.00	0.00	0.82	0.00	0.00	0.0	1	35.0
764.464	0.08	0.00	0.00	0.81	0.00	0.00	0.0	1	35.0
764.524	0.06	0.00	0.00	0.81	0.00	0.00	0.0	1	35.0
764.627	0.06	0.00	0.00	0.82	0.00	0.00	0.0	1	35.0
764.771	0.00	0.00	0.00	0.83	0.00	0.00	0.0	1	35.0
764.831	0.01	0.00	0.00	0.83	0.00	0.00	0.0	1	35.0
764.934	0.01	0.00	0.00	0.80	0.00	0.00	0.0	1	35.0
765.078	0.16	0.00	0.00	0.83	0.00	0.00	0.0	1	35.0
765.138	0.14	0.00	0.00	0.82	0.00	0.00	0.0	1	35.0
765.241	0.03	0.00	0.00	0.83	0.00	0.00	0.0	1	35.0
765.385	0.07	0.00	0.00	0.82	0.00	0.00	0.0	1	35.0
765.445	0.15	0.00	0.00	0.82	0.00	0.00	0.0	1	35.0
765.548	0.00	0.00	0.00	0.82	0.00	0.00	0.0	1	35.0
765.692	0.05	0.00	0.00	0.85	0.00	0.00	0.0	1	35.0
765.752	0.00	0.00	0.00	0.83	0.00	0.00	0.0	1	35.0
765.855	0.10	0.00	0.00	0.82	0.00	0.00	0.0	1	35.0
765.999	0.20	0.00	0.00	0.82	0.00	0.00	0.0	1	35.0
766.059	0.14	0.00	0.00	0.83	0.00	0.00	0.0	1	35.0
766.162	0.06	0.00	0.00	0.81	0.00	0.00	0.0	1	35.0
766.306	0.12	0.00	0.00	0.83	0.00	0.00	0.0	1	35.0
766.366	0.08	0.00	0.00	0.84	0.00	0.00	0.0	1	35.0
766.469	0.08	0.00	0.00	0.84	0.00	0.00	0.0	1	35.0
766.613	0.15	0.00	0.00	0.82	0.00	0.00	0.0	1	35.0
766.673	0.14	0.00	0.00	0.83	0.00	0.00	0.0	1	35.0
766.776	0.15	0.00	0.00	0.83	0.00	0.00	0.0	1	35.0
766.920	0.05	0.00	0.00	0.81	0.00	0.00	0.0	1	35.0
766.980	0.01	0.00	0.00	0.82	0.00	0.00	0.0	1	35.0
767.083	0.20	0.00	0.00	0.81	0.00	0.00	0.0	1	35.0
767.227	0.13	0.00	0.00	0.82	0.00	0.00	0.0	1	35.0
767.287	0.13	0.00	0.00	0.86	0.00	0.00	0.0	1	35.0
767.390	0.11	0.00	0.00	0.84	0.00	0.00	0.0	1	35.0
767.534	0.12	0.00	0.00	0.85	0.00	0.00	0.0	1	35.0
767.594	0.22	0.00	0.00	0.83	0.00	0.00	0.0	1	35.0
767.697	0.17	0.00	0.00	0.81	0.00	0.00	0.0	1	35.0
767.841	0.07	0.00	0.00	0.81	0.00	0.00	0.0	1	35.0
767.901	0.03	0.00	0.00	0.81	0.00	0.00	0.0	1	35.0
768.004	0.18	0.00	0.00	0.82	0.00	0.00	0.0	1	35.0
768.148	0.17	0.00	0.00	0.84	0.00	0.00	0.0	1	35.0
768.208	0.30	0.00	0.00	0.84	0.00	0.00	0.0	1	35.0
768.311	0.20	0.00	0.00	0.82	0.00	0.00	0.0	1	35.0
768.455	0.00	0.00	0.00	0.81	0.00	0.00	0.0	1	35.0
768.515	0.01	0.00	0.00	0.80	0.00	0.00	0.0	1	35.0
768.618	0.07	0.00	0.00	0.79	0.00	0.00	0.0	1	35.0
768.762	0.03	0.00	0.00	0.83	0.00	0.00	0.0	1	35.0
768.822	0.06	0.00	0.00	0.82	0.00	0.00	0.0	1	35.0
768.925	0.13	0.00	0.00	0.83	0.00	0.00	0.0	1	35.0
769.069	0.18	0.00	0.00	0.82	0.00	0.00	0.0	1	35.0
769.129	0.11	0.00	0.00	0.83	0.00	0.00	0.0	1	35.0
769.232	0.14	0.00	0.00	0.85	0.00	0.00	0.0	1	35.0
769.376	0.08	0.00	0.00	0.85	0.00	0.00	0.0	1	35.0
769.436	0.20	0.00	0.00	0.83	0.00	0.00	0.0	1	35.0
769.539	0.13	0.00	0.00	0.82	0.00	0.00	0.0	1	35.0
769.683	0.07	0.00	0.00	0.83	0.00	0.00	0.0	1	35.0
769.743	0.05	0.00	0.00	0.82	0.00	0.00	0.0	1	35.0
769.846	0.14	0.00	0.00	0.82	0.00	0.00	0.0	1	35.0
769.990	0.23	0.00	0.00	0.82	0.00	0.00	0.0	1	35.0
770.050	0.15	0.00	0.00	0.84	0.00	0.00	0.0	1	35.0
770.153	0.14	0.00	0.00	0.82	0.00	0.00	0.0	1	35.0
770.297	0.07	0.00	0.00	0.84	0.00	0.00	0.0	1	35.0
770.357	0.00	0.00	0.00	0.85	0.00	0.00	0.0	1	35.0
770.460	0.06	0.00	0.00	0.85	0.00	0.00	0.0	1	35.0
770.604	0.09	0.00	0.00	0.82	0.00	0.00	0.0	1	35.0
770.664	0.00	0.00	0.00	0.83	0.00	0.00	0.0	1	35.0
770.767	0.00	0.00	0.00	0.83	0.00	0.00	0.0	1	35.0
770.911	0.01	0.00	0.00	0.83	0.00	0.00	0.0	1	35.0
770.971	0.08	0.00	0.00	0.84	0.00	0.00	0.0	1	35.0
771.074	0.10	0.00	0.00	0.83	0.00	0.00	0.0	1	35.0
771.218	0.10	0.00	0.00	0.83	0.00	0.00	0.0	1	35.0
771.278	0.09	0.00	0.00	0.83	0.00	0.00	0.0	1	35.0
771.381	0.11	0.00	0.00	0.82	0.00	0.00	0.0	1	35.0
771.525	0.05	0.00	0.00	0.84	0.00	0.00	0.0	1	35.0
771.585	0.08	0.00	0.00	0.82	0.00	0.00	0.0	1	35.0
771.688	0.14	0.00	0.00	0.83	0.00	0.00	0.0	1	35.0
771.832	0.16	0.00	0.00	0.82	0.00	0.00	0.0	1	35.0
771.892	0.11	0.00	0.00	0.85	0.00	0.00	0.0	1	35.0
771.995	0.11	0.00	0.00	0.83	0.00	0.00	0.0	1	35.0
772.139	0.00	0.00	0.00	0.83	0.00	0.00	0.0	1	35.0
772.199	0.11	0.00	0.00	0.82	0.00	0.00	0.0	1	35.0
772.302	0.13	0.00	0.00	0.82	0.00	0.00	0.0	1	35.0
772.446	0.24	0.00	0.00	0.85	0.00	0.00	0.0	1	35.0
772.506	0.23	0.00	0.00	0.87	0.00	0.00	0.0	1	35.0
772.609	0.12	0.00	0.00	0.83	0.00	0.00	0.0	1	35.0
772.753	0.06	0.00	0.00	0.83	0.00	0.00	0.0	1	35.0
772.813	0.03	0.00	0.00	0.83	0.00	0.00	0.0	1	35.0
772.916	0.07	0.00	0.00	0.83	0.00	0.00	0.0	1	35.0
773.060	0.14	0.00	0.00	0.83	0.00	0.00	0.0	1	35.0
773.120	0.11	0.00	0.00	0.82	0.00	0.00	0.0	1	35.0
773.223	0.11	0.00	0.00	0.81	0.00	0.00	0.0	1	35.0
773.367	0.09	0.00	0.00	0.83	0.00	0.00	0.0	1	35.0
773.427	0.12	0.00	0.00	0.84	0.00	0.00	0.0	1	35.0
773.530	0.13	0.00	0.00	0.86	0.00	0.00	0.0	1	35.0
773.674	0.17	0.00	0.00	0.82	0.00	0.00	0.0	1	35.0
773.734	0.26	0.00	0.00	0.82	0.00	0.00	0.0	1	35.0
773.837	0.05	0.00	0.00	0.83	0.00	0.00	0.0	1	35.0
773.981	0.16	0.00	0.00	0.86	0.00	0.00	0.0	1	35.0
774.041	0.09	0.00	0.00	0.83	0.00	0.00	0.0	1	35.0
774.144	0.11	0.00	0.00	0.82	0.00	0.00	0.0	1	35.0
774.288	0.16	0.00	0.00	0.85	0.00	0.00	0.0	1	35.0
774.348	0.02	0.00	0.00	0.82	0.00	0.00	0.0	1	35.0
774.451	0.07	0.00	0.00	0.82	0.00	0.00	0.0	1	35.0
774.595	0.18	0.00	0.00	0.82	0.00	0.00	0.0	1	35.0
774.655	0.18	0.00	0.00	0.82	0.00	0.00	0.0	1	35.0
774.758	0.09	0.00	0.00	0.80	0.00	0.00	0.0	1	35.0
774.902	0.00	0.00	0.00	0.82	0.00	0.00	0.0	1	35.0
774.962	0.06	0.00	0.00	0.87	0.00	0.00	0.0	1	35.0
775.065	0.09	0.00	0.00	0.83	0.00	0.00	0.0	1	35.0
775.209	0.05	0.00	0.00	0.83	0.00	0.00	0.0	1	35.0
775.269	0.02	0.00	0.00	0.82	0.00	0.00	0.0	1	35.0
775.372	0.16	0.00	0.00	0.80	0.00	0.00	0.0	1	35.0
775.516	0.00	0.00	0.00	0.81	0.00	0.00	0.0	1	35.0
775.576	0.00	0.00	0.00	0.81	0.00	0.00	0.0	1	35.0
775.679	0.00	0.00	0.00	0.81	0.00	0.00	0.0	1	35.0
775.823	0.00	0.00	0.00	0.81	0.00	0.00	0.0	1	35.0
775.883	0.01	0.00	0.00	0.82	0.00	0.00	0.0	1	35.0
775.986	0.09	0.00	0.00	0.81	0.00	0.00	0.0	1	35.0
776.130	0.00	0.00	0.00	0.83	0.00	0.00	0.0	1	35.0
776.190	0.08	0.00	0.00	0.83	0.00	0.00	0.0	1	35.0
776.293	0.07	0.00	0.00	0.82	0.00	0.00	0.0	1	35.0
776.437	0.00	0.00	0.00	0.81	0.00	0.00	0.0	1	35.0
776.497	0.04	0.00	0.00	0.84	0.00	0.00	0.0	1	35.0
776.600	0.07	0.00	0.00	0.81	0.00	0.00	0.0	1	35.0
776.744	0.06	0.00	0.00	0.82	0.00	0.00	0.0	1	35.0
776.804	0.11	0.00	0.00	0.82	0.00	0.00	0.0	1	35.0
776.907	0.21	0.00	0.00	0.81	0.00	0.00	0.0	1	35.0
777.051	0.00	0.00	0.00	0.80	0.00	0.00	0.0	1	35.0
777.111	0.09	0.00	0.00	0.80	0.00	0.00	0.0	1	35.0
777.214	0.05	0.00	0.00	0.81	0.00	0.00	0.0	1	35.0
777.358	0.09	0.00	0.00	0.82	0.00	0.00	0.0	1	35.0
777.418	0.11	0.00	0.00	0.83	0.00	0.00	0.0	1	35.0
777.521	0.17	0.00	0.00	0.82	0.00	0.00	0.0	1	35.0
777.665	0.18	0.00	0.00	0.84	0.00	0.00	0.0	1	35.0
777.725	0.11	0.00	0.00	0.83	0.00	0.00	0.0	1	35.0
777.828	0.18	0.00	0.00	0.81	0.00	0.00	0.0	1	35.0
777.972	0.14	0.00	0.00	0.82	0.00	0.00	0.0	1	35.0
778.032	0.02	0.00	0.00	0.83	0.00	0.00	0.0	1	35.0
778.135	0.04	0.00	0.00	0.82	0.00	0.00	0.0	1	35.0
778.279	0.07	0.00	0.00	0.82	0.00	0.00	0.0	1	35.0
778.339	0.01	0.00	0.00	0.83	0.00	0.00	0.0	1	35.0
778.442	0.06	0.00	0.00	0.80	0.00	0.00	0.0	1	35.0
778.586	0.08	0.00	0.00	0.81	0.00	0.00	0.0	1	35.0
778.646	0.10	0.00	0.00	0.81	0.00	0.00	0.0	1	35.0
778.749	0.01	0.00	0.00	0.79	0.00	0.00	0.0	1	35.0
778.893	0.02	0.00	0.00	0.81	0.00	0.00	0.0	1	35.0
778.953	0.02	0.00	0.00	0.81	0.00	0.00	0.0	1	35.0
779.056	0.00	0.00	0.00	0.82	0.00	0.00	0.0	1	35.0
779.200	0.14	0.00	0.00	0.84	0.00	0.00	0.0	1	35.0
779.260	0.05	0.00	0.00	0.82	0.00	0.00	0.0	1	35.0
779.363	0.13	0.00	0.00	0.84	0.00	0.00	0.0	1	35.0
779.507	0.20	0.00	0.00	0.83	0.00	0.00	0.0	1	35.0
779.567	0.18	0.00	0.00	0.83	0.00	0.00	0.0	1	35.0
779.670	0.20	0.00	0.00	0.81	0.00	0.00	0.0	1	35.0
779.814	0.21	0.00	0.00	0.80	0.00	0.00	0.0	1	35.0
779.874	0.15	0.00	0.00	0.80	0.00	0.00	0.0	1	35.0
779.977	0.15	0.00	0.00	0.80	0.00	0.00	0.0	1	35.0
780.121	0.08	0.00	0.00	0.83	0.00	0.00	0.0	1	35.0
780.181	0.09	0.00	0.00	0.84	0.00	0.00	0.0	1	35.0
780.284	0.06	0.00	0.00	0.83	0.00	0.00	0.0	1	35.0
780.428	0.11	0.00	0.00	0.81	0.00	0.00	0.0	1	35.0
780.488	0.08	0.00	0.00	0.83	0.00	0.00	0.0	1	35.0
780.591	0.06	0.00	0.00	0.83	0.00	0.00	0.0	1	35.0
780.735	0.16	0.00	0.00	0.82	0.00	0.00	0.0	1	35.0
780.795	0.00	0.00	0.00	0.83	0.00	0.00	0.0	1	35.0
780.898	0.16	0.00	0.00	0.80	0.00	0.00	0.0	1	35.0
