619.731	32.24	1.88	60.48	5.51	6.07	33.46	55.3	2	15.0
620.130	22.54	3.14	70.79	6.46	7.04	45.44	64.2	2	35.0
620.529	7.41	4.48	33.17	4.20	4.70	19.74	59.5	2	55.0
620.927	2.17	4.54	9.83	1.88	2.29	4.32	43.9	2	75.0
621.323	0.87	4.53	3.93	0.59	0.95	0.57	14.4	2	94.5
621.719	29.82	3.85	114.81	8.25	8.94	73.82	64.3	2	27.9
622.119	30.49	4.14	126.13	8.86	9.59	85.02	67.4	2	44.5
622.519	18.71	3.85	71.98	4.93	5.45	26.89	37.4	2	29.7
622.918	36.03	1.68	60.53	5.41	6.00	32.42	53.6	2	26.6
623.317	18.23	3.89	71.02	5.10	5.64	28.77	40.5	2	75.2
623.716	34.49	1.42	48.98	4.62	5.15	23.80	48.6	2	15.0
624.115	27.12	3.87	105.00	7.88	8.53	67.27	64.1	2	35.0
624.515	7.47	4.43	33.13	4.20	4.72	19.85	59.9	2	55.0
624.913	2.21	4.46	9.87	1.87	2.26	4.21	42.6	2	75.0
625.309	0.54	4.46	2.43	0.54	0.91	0.49	20.4	2	95.0
625.705	25.91	4.30	111.50	8.19	8.84	72.37	64.9	2	29.9
626.105	28.60	4.09	116.93	8.49	9.19	78.05	66.7	2	32.4
626.505	21.23	3.19	67.79	4.64	5.16	23.98	35.4	2	67.9
626.904	9.41	4.05	38.11	3.53	4.00	14.12	37.0	2	10.0
627.302	32.80	3.07	100.60	7.64	8.30	63.45	63.1	2	25.5
627.702	32.65	1.81	59.01	5.15	5.71	29.41	49.8	2	15.5
628.101	26.16	3.91	102.32	7.79	8.40	65.41	63.9	2	35.5
628.501	6.97	4.40	30.68	4.09	4.60	18.83	61.4	2	55.5
628.899	1.95	4.44	8.67	1.80	2.17	3.91	45.1	2	75.5
629.295	0.77	4.44	3.44	0.55	0.90	0.50	14.5	2	95.0
629.691	24.05	4.34	104.29	7.89	8.57	67.58	64.8	2	31.6
630.091	27.10	4.25	115.11	8.46	9.17	77.57	67.4	2	31.4
630.491	30.77	3.96	121.97	8.76	9.43	82.65	67.8	2	26.7
630.891	34.89	2.79	97.27	7.72	8.39	64.75	66.6	2	26.2
631.290	30.67	3.59	110.09	8.17	8.84	72.19	65.6	2	23.7
631.690	32.37	3.75	121.53	8.70	9.41	81.80	67.3	2	26.5
632.090	32.69	3.73	121.84	8.75	9.43	82.48	67.7	2	26.5
632.490	32.63	3.73	121.63	8.77	9.47	83.02	68.3	2	26.5
632.890	32.56	3.74	121.75	8.76	9.45	82.71	67.9	2	26.5
633.290	32.69	3.75	122.64	8.79	9.45	83.09	67.7	2	26.5
633.690	32.84	3.75	123.20	8.76	9.48	83.02	67.4	2	26.5
634.090	32.74	3.75	122.84	8.81	9.50	83.64	68.1	2	26.5
634.490	32.87	3.75	123.22	8.78	9.48	83.24	67.6	2	26.5
634.890	32.95	3.76	123.93	8.80	9.50	83.59	67.4	2	26.5
635.290	32.85	3.76	123.66	8.80	9.52	83.75	67.7	2	26.5
635.690	32.86	3.76	123.63	8.83	9.53	84.16	68.1	2	26.5
636.090	32.79	3.77	123.66	8.82	9.52	83.94	67.9	2	26.5
636.490	32.89	3.76	123.77	8.83	9.54	84.22	68.0	2	26.5
636.890	32.99	3.78	124.60	8.84	9.55	84.48	67.8	2	26.5
637.290	32.96	3.78	124.68	8.83	9.59	84.63	67.9	2	26.5
637.690	33.13	3.79	125.42	8.85	9.56	84.59	67.4	2	26.5
638.090	32.97	3.79	124.84	8.85	9.58	84.82	67.9	2	26.5
638.490	32.92	3.79	124.91	8.87	9.57	84.92	68.0	2	26.5
638.890	32.99	3.79	125.01	8.88	9.61	85.34	68.3	2	26.5
639.290	33.14	3.80	125.93	8.90	9.59	85.40	67.8	2	26.5
639.690	33.09	3.80	125.66	8.87	9.61	85.20	67.8	2	26.5
640.090	33.25	3.81	126.72	8.89	9.62	85.56	67.5	2	26.5
640.490	33.24	3.81	126.74	8.88	9.64	85.64	67.6	2	26.5
640.890	33.26	3.81	126.69	8.92	9.64	85.99	67.9	2	26.5
641.290	33.23	3.82	126.84	8.91	9.64	85.91	67.7	2	26.5
641.690	33.19	3.82	126.85	8.93	9.66	86.25	68.0	2	26.5
642.090	33.24	3.83	127.15	8.91	9.66	86.02	67.7	2	26.5
642.490	33.41	3.81	127.31	8.93	9.66	86.27	67.8	2	26.5
642.890	33.19	3.83	127.27	8.94	9.70	86.78	68.2	2	26.5
643.290	33.34	3.84	127.90	8.94	9.69	86.61	67.7	2	26.5
643.690	33.34	3.83	127.73	8.91	9.69	86.36	67.6	2	26.5
644.090	33.39	3.83	127.74	8.97	9.65	86.56	67.8	2	26.5
644.490	33.33	3.83	127.50	8.93	9.70	86.67	68.0	2	26.5
644.890	33.55	3.83	128.60	8.97	9.70	86.99	67.6	2	26.5
645.290	33.42	3.78	126.41	8.92	9.63	85.89	67.9	2	26.3
645.690	33.69	3.78	127.30	8.94	9.64	86.11	67.6	2	26.3
646.090	33.74	3.78	127.57	8.90	9.64	85.84	67.3	2	26.3
646.490	33.72	3.78	127.34	8.94	9.67	86.40	67.8	2	26.3
646.890	33.78	3.78	127.64	8.95	9.67	86.49	67.8	2	26.3
647.290	33.64	3.79	127.47	8.91	9.68	86.30	67.7	2	26.3
647.690	33.71	3.78	127.42	8.95	9.67	86.50	67.9	2	26.3
648.090	33.78	3.79	128.07	8.93	9.70	86.57	67.6	2	26.3
648.490	33.69	3.78	127.33	8.93	9.68	86.40	67.9	2	26.3
648.890	33.73	3.77	127.23	8.93	9.66	86.31	67.8	2	26.3
649.290	33.85	3.79	128.21	8.93	9.70	86.56	67.5	2	26.3
649.690	33.81	3.79	128.00	8.96	9.68	86.74	67.8	2	26.3
650.090	33.81	3.79	128.01	8.96	9.70	86.89	67.9	2	26.3
650.490	33.80	3.80	128.36	8.96	9.67	86.68	67.5	2	26.3
650.890	33.84	3.79	128.34	8.97	9.70	87.00	67.8	2	26.3
651.290	33.82	3.77	127.67	8.96	9.68	86.79	68.0	2	26.3
651.690	33.85	3.79	128.17	8.96	9.68	86.75	67.7	2	26.3
652.090	33.77	3.78	127.60	8.95	9.71	86.85	68.1	2	26.3
652.490	33.88	3.79	128.31	8.97	9.68	86.75	67.6	2	26.3
652.890	33.90	3.80	128.67	8.96	9.71	87.00	67.6	2	26.3
653.290	33.82	3.78	127.80	8.98	9.68	86.90	68.0	2	26.3
653.690	34.03	3.75	127.54	8.93	9.66	86.21	67.6	2	26.1
654.090	33.99	3.75	127.37	8.95	9.66	86.44	67.9	2	26.1
654.490	33.93	3.75	127.09	8.94	9.66	86.34	67.9	2	26.1
654.890	34.16	3.75	128.10	8.92	9.63	85.94	67.1	2	26.1
655.290	33.93	3.75	127.23	8.94	9.65	86.25	67.8	2	26.1
655.690	33.85	3.75	127.07	8.96	9.65	86.40	68.0	2	26.1
656.090	33.98	3.75	127.43	8.93	9.66	86.27	67.7	2	26.1
656.490	33.91	3.76	127.36	8.93	9.68	86.44	67.9	2	26.1
656.890	34.17	3.72	127.03	8.92	9.61	85.73	67.5	2	25.9
657.290	34.16	3.69	125.97	8.89	9.62	85.52	67.9	2	25.9
657.690	34.21	3.68	125.86	8.89	9.59	85.23	67.7	2	25.9
658.090	34.22	3.69	126.29	8.90	9.60	85.42	67.6	2	25.9
658.490	34.24	3.68	126.05	8.87	9.58	84.98	67.4	2	25.9
658.890	34.18	3.69	126.14	8.87	9.60	85.15	67.5	2	25.9
659.290	34.24	3.69	126.35	8.89	9.61	85.50	67.7	2	25.9
659.690	34.17	3.69	126.21	8.92	9.59	85.55	67.8	2	25.9
660.090	34.27	3.68	126.16	8.90	9.61	85.53	67.8	2	25.9
660.490	34.04	3.68	125.42	8.88	9.61	85.28	68.0	2	25.9
660.890	34.14	3.68	125.79	8.88	9.61	85.30	67.8	2	25.9
661.290	34.27	3.68	126.07	8.91	9.60	85.48	67.8	2	25.9
661.690	34.20	3.69	126.28	8.87	9.61	85.22	67.5	2	25.9
662.090	34.31	3.69	126.58	8.88	9.60	85.24	67.3	2	25.9
662.490	34.35	3.69	126.62	8.89	9.61	85.41	67.5	2	25.9
662.890	34.23	3.68	126.09	8.90	9.61	85.48	67.8	2	25.9
663.290	34.16	3.69	125.93	8.89	9.62	85.45	67.9	2	25.9
663.690	34.20	3.68	125.97	8.90	9.61	85.52	67.9	2	25.9
664.090	34.34	3.68	126.50	8.92	9.61	85.67	67.7	2	25.9
664.490	34.19	3.69	126.20	8.90	9.61	85.49	67.7	2	25.9
664.890	34.21	3.68	126.03	8.91	9.61	85.58	67.9	2	25.9
665.290	34.40	3.69	127.03	8.92	9.60	85.61	67.4	2	25.9
665.690	34.35	3.70	127.10	8.92	9.67	86.22	67.8	2	25.9
666.090	34.32	3.70	126.98	8.91	9.63	85.79	67.6	2	25.9
666.490	34.31	3.69	126.67	8.92	9.65	86.08	68.0	2	25.9
666.890	34.26	3.69	126.49	8.93	9.66	86.30	68.2	2	25.9
667.290	34.39	3.70	127.31	8.90	9.65	85.86	67.4	2	25.9
667.690	34.30	3.70	126.89	8.94	9.67	86.37	68.1	2	25.9
668.090	34.29	3.71	127.35	8.92	9.67	86.25	67.7	2	25.9
668.490	34.28	3.71	127.33	8.91	9.64	85.98	67.5	2	25.9
668.890	34.27	3.72	127.44	8.92	9.65	86.07	67.5	2	25.9
669.290	34.26	3.72	127.36	8.90	9.67	86.11	67.6	2	25.9
669.690	34.33	3.72	127.53	8.92	9.67	86.27	67.6	2	25.9
670.090	34.33	3.72	127.56	8.91	9.71	86.49	67.8	2	25.9
670.490	34.36	3.71	127.46	8.94	9.67	86.47	67.8	2	25.9
670.890	34.49	3.72	128.20	8.92	9.70	86.51	67.5	2	25.9
671.290	34.32	3.71	127.41	8.93	9.67	86.29	67.7	2	25.9
671.690	34.31	3.72	127.55	8.92	9.66	86.18	67.6	2	25.9
672.090	34.40	3.73	128.20	8.93	9.69	86.53	67.5	2	25.9
672.490	34.19	3.72	127.04	8.94	9.67	86.44	68.0	2	25.9
672.890	34.34	3.72	127.62	8.94	9.68	86.57	67.8	2	25.9
673.290	34.21	3.72	127.39	8.94	9.70	86.69	68.1	2	25.9
673.690	34.37	3.71	127.51	8.95	9.68	86.61	67.9	2	25.9
674.090	34.27	3.71	127.26	8.92	9.69	86.43	67.9	2	25.9
674.490	34.29	3.71	127.37	8.94	9.69	86.57	68.0	2	25.9
674.890	34.47	3.72	128.19	8.93	9.69	86.48	67.5	2	25.9
675.290	34.37	3.72	127.93	8.95	9.64	86.29	67.4	2	25.9
675.690	34.35	3.72	127.69	8.97	9.69	86.94	68.1	2	25.9
676.090	34.36	3.71	127.44	8.96	9.68	86.76	68.1	2	25.9
676.490	34.29	3.72	127.42	8.93	9.69	86.53	67.9	2	25.9
676.890	34.49	3.72	128.13	8.95	9.69	86.79	67.7	2	25.9
677.290	34.38	3.72	127.83	8.95	9.69	86.70	67.8	2	25.9
677.690	34.32	3.72	127.73	8.92	9.70	86.53	67.8	2	25.9
678.090	34.45	3.72	128.10	8.95	9.69	86.72	67.7	2	25.9
678.490	34.43	3.73	128.44	8.95	9.68	86.65	67.5	2	25.9
678.890	34.35	3.72	127.77	8.94	9.68	86.61	67.8	2	25.9
679.290	34.46	3.72	128.07	8.96	9.68	86.77	67.7	2	25.9
679.690	34.52	3.73	128.61	8.96	9.69	86.84	67.5	2	25.9
680.090	34.52	3.73	128.62	8.98	9.71	87.22	67.8	2	25.9
680.490	34.61	3.72	128.82	8.97	9.68	86.82	67.4	2	25.9
680.890	34.48	3.73	128.56	8.96	9.73	87.22	67.8	2	25.9
681.290	34.44	3.73	128.50	8.97	9.69	86.90	67.6	2	25.9
681.690	34.56	3.71	128.32	8.97	9.69	86.96	67.8	2	25.9
682.090	34.44	3.73	128.40	8.96	9.68	86.67	67.5	2	25.9
682.490	34.42	3.73	128.40	8.97	9.72	87.17	67.9	2	25.9
682.890	34.56	3.72	128.40	8.96	9.71	86.99	67.8	2	25.9
683.290	34.48	3.73	128.48	8.96	9.69	86.81	67.6	2	25.7
683.690	34.55	3.68	127.09	8.94	9.65	86.29	67.9	2	25.7
684.090	34.80	3.64	126.51	8.89	9.61	85.45	67.5	2	25.5
684.490	34.71	3.62	125.51	8.84	9.62	85.11	67.8	2	25.5
684.890	34.61	3.61	124.99	8.90	9.60	85.48	68.4	2	25.5
685.290	34.92	3.61	126.13	8.88	9.61	85.28	67.6	2	25.5
685.690	34.69	3.61	125.24	8.89	9.59	85.31	68.1	2	25.5
686.090	34.84	3.61	125.81	8.87	9.61	85.22	67.7	2	25.5
686.490	34.96	3.62	126.43	8.87	9.61	85.23	67.4	2	25.5
686.890	34.78	3.62	125.86	8.88	9.60	85.24	67.7	2	25.5
687.290	34.73	3.62	125.90	8.87	9.62	85.31	67.8	2	25.5
687.690	34.84	3.63	126.33	8.88	9.60	85.26	67.5	2	25.5
688.090	34.78	3.62	125.95	8.88	9.63	85.50	67.9	2	25.5
688.490	34.87	3.62	126.25	8.90	9.58	85.26	67.5	2	25.5
688.890	34.82	3.62	126.10	8.90	9.60	85.45	67.8	2	25.5
689.290	34.82	3.63	126.26	8.87	9.62	85.37	67.6	2	25.5
689.690	34.66	3.63	125.83	8.90	9.60	85.41	67.9	2	25.5
690.090	34.87	3.61	126.04	8.91	9.60	85.49	67.8	2	25.5
690.490	34.82	3.62	126.04	8.88	9.62	85.40	67.8	2	25.5
690.890	34.85	3.62	126.09	8.90	9.62	85.61	67.9	2	25.5
691.290	34.79	3.62	126.01	8.88	9.61	85.31	67.7	2	25.5
691.690	34.83	3.63	126.30	8.89	9.60	85.28	67.5	2	25.5
692.090	34.88	3.62	126.27	8.90	9.62	85.62	67.8	2	25.5
692.490	34.80	3.62	125.94	8.93	9.60	85.73	68.1	2	25.5
692.890	34.85	3.62	126.27	8.91	9.61	85.61	67.8	2	25.5
693.290	34.81	3.63	126.54	8.91	9.62	85.76	67.8	2	25.5
693.690	34.82	3.62	126.16	8.90	9.63	85.71	67.9	2	25.5
694.090	34.83	3.63	126.43	8.92	9.62	85.73	67.8	2	25.5
694.490	34.88	3.63	126.47	8.90	9.68	86.12	68.1	2	25.5
694.890	34.80	3.63	126.44	8.92	9.68	86.28	68.2	2	25.5
695.290	34.81	3.63	126.23	8.93	9.62	85.84	68.0	2	25.5
695.690	34.86	3.63	126.42	8.91	9.62	85.76	67.8	2	25.5
696.090	34.87	3.62	126.25	8.92	9.63	85.91	68.0	2	25.5
696.490	34.91	3.63	126.69	8.90	9.64	85.85	67.8	2	25.5
696.890	34.85	3.62	126.23	8.92	9.62	85.81	68.0	2	25.5
697.290	34.86	3.63	126.46	8.92	9.64	85.96	68.0	2	25.5
697.690	34.80	3.62	126.02	8.91	9.62	85.69	68.0	2	25.5
698.090	34.79	3.62	125.97	8.90	9.62	85.62	68.0	2	25.5
698.490	34.84	3.63	126.38	8.88	9.65	85.66	67.8	2	25.5
698.890	34.91	3.63	126.57	8.91	9.63	85.82	67.8	2	25.5
699.290	34.88	3.63	126.59	8.89	9.65	85.84	67.8	2	25.5
699.690	34.80	3.63	126.28	8.89	9.63	85.69	67.9	2	25.5
700.090	34.87	3.63	126.57	8.92	9.66	86.14	68.1	2	25.5
700.490	34.86	3.63	126.41	8.93	9.67	86.32	68.3	2	25.5
700.890	34.82	3.62	126.13	8.90	9.63	85.64	67.9	2	25.5
701.290	34.79	3.63	126.15	8.90	9.65	85.92	68.1	2	25.5
701.690	34.91	3.62	126.47	8.91	9.65	85.93	67.9	2	25.5
702.090	34.80	3.63	126.19	8.91	9.63	85.80	68.0	2	25.5
702.490	34.80	3.62	126.13	8.90	9.66	85.92	68.1	2	25.5
702.890	34.77	3.63	126.04	8.87	9.63	85.36	67.7	2	25.5
703.290	35.02	3.59	125.73	8.84	9.58	84.61	67.3	2	25.1
703.690	34.98	3.51	122.66	8.75	9.51	83.22	67.8	2	25.1
704.090	34.83	3.52	122.67	8.76	9.50	83.17	67.8	2	25.1
704.490	34.92	3.51	122.43	8.74	9.48	82.77	67.6	2	25.1
704.890	34.94	3.51	122.59	8.74	9.48	82.90	67.6	2	25.1
705.290	34.85	3.50	122.09	8.75	9.49	83.06	68.0	2	25.1
705.690	34.77	3.52	122.24	8.72	9.48	82.72	67.7	2	25.1
706.090	34.87	3.50	121.99	8.76	9.47	82.89	67.9	2	25.1
706.490	34.90	3.49	121.81	8.74	9.45	82.53	67.8	2	25.1
706.890	34.84	3.49	121.45	8.73	9.47	82.65	68.1	2	25.1
707.290	34.97	3.46	120.93	8.72	9.44	82.28	68.0	2	24.9
707.690	34.91	3.44	119.93	8.68	9.40	81.62	68.1	2	24.9
708.090	34.89	3.43	119.71	8.66	9.40	81.35	68.0	2	24.9
708.490	35.02	3.43	120.03	8.68	9.38	81.49	67.9	2	24.9
708.890	34.93	3.42	119.49	8.67	9.41	81.52	68.2	2	24.9
709.290	34.83	3.41	118.85	8.68	9.40	81.55	68.6	2	24.9
709.690	34.96	3.42	119.71	8.67	9.37	81.25	67.9	2	24.9
710.090	34.86	3.42	119.28	8.66	9.38	81.25	68.1	2	24.9
710.490	34.92	3.41	118.96	8.65	9.36	80.97	68.1	2	24.7
710.890	34.99	3.38	118.33	8.61	9.32	80.19	67.8	2	24.7
711.290	35.09	3.37	118.28	8.59	9.28	79.71	67.4	2	24.7
711.690	34.89	3.37	117.72	8.61	9.30	79.98	67.9	2	24.7
712.090	34.95	3.37	117.70	8.61	9.33	80.27	68.2	2	24.7
712.490	34.77	3.38	117.40	8.59	9.29	79.74	67.9	2	24.7
712.890	34.90	3.37	117.55	8.60	9.29	79.86	67.9	2	24.7
713.290	34.94	3.37	117.74	8.57	9.26	79.38	67.4	2	24.7
713.690	34.81	3.37	117.26	8.56	9.31	79.72	68.0	2	24.7
714.090	34.84	3.36	117.00	8.58	9.30	79.83	68.2	2	24.7
714.490	34.90	3.37	117.62	8.57	9.27	79.46	67.6	2	24.7
714.890	34.81	3.36	116.91	8.57	9.30	79.73	68.2	2	24.7
715.290	34.71	3.37	116.82	8.56	9.28	79.51	68.1	2	24.7
715.690	34.90	3.37	117.58	8.57	9.31	79.76	67.8	2	24.7
716.090	34.81	3.36	116.84	8.58	9.31	79.86	68.4	2	24.7
716.490	34.84	3.35	116.76	8.54	9.30	79.41	68.0	2	24.7
716.890	34.74	3.35	116.24	8.55	9.27	79.26	68.2	2	24.7
717.290	34.84	3.35	116.56	8.53	9.25	78.91	67.7	2	24.7
717.690	34.86	3.35	116.75	8.54	9.25	78.95	67.6	2	24.7
718.090	34.77	3.35	116.61	8.53	9.26	78.94	67.7	2	24.7
718.490	34.70	3.35	116.28	8.55	9.26	79.19	68.1	2	24.7
718.890	34.71	3.35	116.39	8.54	9.26	79.08	67.9	2	24.7
719.290	34.65	3.35	116.06	8.57	9.22	79.01	68.1	2	24.7
719.690	34.73	3.35	116.33	8.54	9.23	78.79	67.7	2	24.7
720.090	34.65	3.34	115.67	8.51	9.24	78.62	68.0	2	24.7
720.490	34.78	3.36	117.02	8.54	9.22	78.70	67.3	2	24.7
720.890	34.48	3.35	115.54	8.54	9.23	78.79	68.2	2	24.7
721.290	34.63	3.35	115.90	8.53	9.20	78.48	67.7	2	24.7
721.690	34.68	3.36	116.37	8.51	9.25	78.71	67.6	2	24.7
722.090	34.67	3.35	116.01	8.50	9.21	78.31	67.5	2	24.7
722.490	34.42	3.34	115.02	8.50	9.19	78.04	67.8	2	24.7
722.890	34.57	3.33	115.25	8.52	9.21	78.43	68.1	2	24.7
723.290	34.45	3.34	114.95	8.49	9.20	78.13	68.0	2	24.7
723.690	34.59	3.33	115.32	8.51	9.21	78.33	67.9	2	24.7
724.090	34.66	3.33	115.35	8.50	9.20	78.18	67.8	2	24.7
724.490	34.57	3.33	115.20	8.53	9.20	78.41	68.1	2	24.7
724.890	34.55	3.33	115.18	8.52	9.24	78.79	68.4	2	24.7
725.290	34.50	3.33	114.93	8.50	9.20	78.23	68.1	2	24.7
725.690	34.53	3.34	115.18	8.49	9.22	78.29	68.0	2	24.7
726.090	34.52	3.35	115.48	8.48	9.23	78.27	67.8	2	24.7
726.490	34.62	3.34	115.53	8.49	9.23	78.33	67.8	2	24.7
726.890	34.52	3.34	115.29	8.49	9.23	78.38	68.0	2	24.7
727.290	34.75	3.36	116.61	8.50	9.22	78.40	67.2	2	24.7
727.690	34.66	3.34	115.75	8.52	9.25	78.79	68.1	2	24.7
728.090	34.56	3.33	115.11	8.52	9.22	78.54	68.2	2	24.7
728.490	34.62	3.32	115.11	8.51	9.22	78.49	68.2	2	24.7
728.890	34.63	3.34	115.80	8.51	9.21	78.41	67.7	2	24.7
729.290	34.61	3.34	115.74	8.50	9.24	78.54	67.9	2	24.7
729.690	34.74	3.28	114.12	8.47	9.16	77.55	68.0	2	24.5
730.090	34.72	3.28	113.86	8.43	9.18	77.39	68.0	2	24.5
730.490	34.74	3.27	113.71	8.44	9.16	77.28	68.0	2	24.5
730.890	34.74	3.27	113.75	8.44	9.15	77.20	67.9	2	24.5
731.290	34.88	3.28	114.41	8.46	9.17	77.58	67.8	2	24.5
731.690	34.80	3.28	114.22	8.43	9.17	77.32	67.7	2	24.5
732.090	34.76	3.28	114.14	8.44	9.21	77.76	68.1	2	24.5
732.490	34.57	3.29	113.86	8.45	9.19	77.60	68.2	2	24.5
732.890	34.84	3.29	114.67	8.45	9.19	77.61	67.7	2	24.5
733.290	34.78	3.29	114.44	8.43	9.17	77.29	67.5	2	24.5
733.690	34.69	3.28	113.84	8.42	9.20	77.45	68.0	2	24.5
734.090	34.69	3.28	113.79	8.48	9.20	78.03	68.6	2	24.5
734.490	34.71	3.29	114.32	8.45	9.19	77.59	67.9	2	24.5
734.890	34.63	3.28	113.74	8.44	9.18	77.48	68.1	2	24.5
735.290	34.57	3.28	113.53	8.43	9.17	77.26	68.0	2	24.5
735.690	34.62	3.28	113.53	8.44	9.18	77.54	68.3	2	24.5
736.090	34.62	3.28	113.38	8.45	9.16	77.40	68.3	2	24.5
736.490	34.71	3.28	113.99	8.44	9.17	77.44	67.9	2	24.5
736.890	34.83	3.29	114.49	8.43	9.17	77.32	67.5	2	24.5
737.290	34.67	3.29	113.91	8.45	9.16	77.39	67.9	2	24.5
737.690	34.80	3.28	114.24	8.42	9.16	77.05	67.4	2	24.5
738.090	34.60	3.28	113.59	8.42	9.14	76.95	67.7	2	24.5
738.490	34.63	3.28	113.43	8.42	9.16	77.17	68.0	2	24.5
738.890	34.61	3.28	113.56	8.44	9.14	77.12	67.9	2	24.5
739.290	34.76	3.28	113.87	8.44	9.15	77.15	67.8	2	24.5
739.690	34.53	3.27	113.05	8.43	9.16	77.22	68.3	2	24.5
740.090	34.50	3.28	113.30	8.43	9.14	77.09	68.0	2	24.5
740.490	34.62	3.28	113.48	8.42	9.16	77.12	68.0	2	24.5
740.890	34.44	3.28	112.91	8.41	9.14	76.88	68.1	2	24.5
741.290	34.52	3.28	113.06	8.39	9.12	76.56	67.7	2	24.5
741.690	34.58	3.26	112.73	8.41	9.12	76.71	68.0	2	24.5
742.090	34.52	3.26	112.36	8.39	9.09	76.33	67.9	2	24.5
742.490	34.58	3.25	112.37	8.41	9.12	76.70	68.3	2	24.5
742.890	34.66	3.25	112.78	8.39	9.12	76.55	67.9	2	24.5
743.290	34.47	3.27	112.69	8.41	9.12	76.69	68.1	2	24.5
743.690	34.59	3.25	112.40	8.38	9.10	76.27	67.9	2	24.5
744.090	34.49	3.25	112.23	8.41	9.14	76.82	68.5	2	24.5
744.490	34.46	3.26	112.20	8.39	9.10	76.37	68.1	2	24.5
744.890	34.47	3.26	112.50	8.40	9.13	76.69	68.2	2	24.5
745.290	34.58	3.26	112.81	8.38	9.12	76.40	67.7	2	24.5
745.690	34.57	3.25	112.28	8.40	9.15	76.89	68.5	2	24.5
746.090	34.63	3.26	112.97	8.41	9.15	76.87	68.0	2	24.5
746.490	34.55	3.26	112.60	8.42	9.14	76.94	68.3	2	24.5
746.890	34.63	3.26	113.03	8.42	9.11	76.74	67.9	2	24.5
747.290	34.55	3.27	113.01	8.42	9.13	76.85	68.0	2	24.5
747.690	34.65	3.27	113.41	8.43	9.14	77.03	67.9	2	24.5
748.090	34.63	3.27	113.28	8.38	9.15	76.64	67.7	2	24.5
748.490	34.61	3.27	113.23	8.41	9.14	76.88	67.9	2	24.5
748.890	34.75	3.27	113.68	8.42	9.17	77.19	67.9	2	24.5
749.290	34.66	3.27	113.30	8.41	9.16	77.10	68.0	2	24.5
749.690	34.70	3.28	113.73	8.42	9.14	76.99	67.7	2	24.5
750.090	34.68	3.27	113.41	8.41	9.15	76.88	67.8	2	24.5
750.490	34.54	3.27	113.10	8.44	9.12	76.98	68.1	2	24.5
750.890	34.71	3.28	113.79	8.41	9.14	76.92	67.6	2	24.5
751.290	34.66	3.27	113.34	8.42	9.15	76.98	67.9	2	24.5
751.690	34.54	3.28	113.33	8.41	9.14	76.91	67.9	2	24.5
752.090	34.64	3.27	113.35	8.42	9.17	77.27	68.2	2	24.5
752.490	34.72	3.28	113.91	8.41	9.17	77.09	67.7	2	24.5
752.890	34.75	3.28	114.06	8.44	9.15	77.19	67.7	2	24.5
753.290	34.72	3.24	112.59	8.42	9.12	76.81	68.2	2	24.3
753.690	34.80	3.23	112.52	8.43	9.11	76.73	68.2	2	24.3
754.090	34.72	3.23	112.09	8.42	9.14	76.94	68.6	2	24.3
754.490	34.79	3.23	112.49	8.41	9.09	76.44	68.0	2	24.3
754.890	34.80	3.24	112.79	8.41	9.11	76.62	67.9	2	24.3
755.290	34.75	3.23	112.35	8.41	9.13	76.84	68.4	2	24.3
755.690	34.85	3.23	112.66	8.42	9.12	76.79	68.2	2	24.3
756.090	34.72	3.23	112.27	8.43	9.13	76.97	68.6	2	24.3
756.490	34.84	3.23	112.64	8.44	9.13	77.03	68.4	2	24.3
756.890	34.94	3.25	113.48	8.42	9.11	76.69	67.6	2	24.3
757.290	34.84	3.24	112.97	8.42	9.15	77.03	68.2	2	24.3
757.690	34.74	3.25	112.93	8.41	9.12	76.68	67.9	2	24.3
758.090	35.01	3.24	113.32	8.45	9.13	77.17	68.1	2	24.3
758.490	34.73	3.24	112.62	8.43	9.13	76.99	68.4	2	24.3
758.890	35.01	3.24	113.40	8.44	9.12	76.96	67.9	2	24.3
759.290	34.83	3.25	113.05	8.45	9.13	77.17	68.3	2	24.3
759.690	34.85	3.25	113.36	8.43	9.14	77.04	68.0	2	24.3
760.090	34.74	3.25	112.98	8.40	9.12	76.66	67.9	2	24.3
760.490	34.91	3.25	113.47	8.43	9.12	76.87	67.7	2	24.3
760.890	34.96	3.25	113.76	8.41	9.12	76.69	67.4	2	24.3
761.290	34.88	3.24	113.02	8.39	9.11	76.44	67.6	2	24.3
761.690	34.86	3.24	113.06	8.42	9.11	76.68	67.8	2	24.3
762.090	34.96	3.25	113.54	8.39	9.13	76.61	67.5	2	24.3
762.490	34.78	3.24	112.75	8.39	9.10	76.36	67.7	2	24.3
762.890	34.81	3.24	112.85	8.41	9.14	76.87	68.1	2	24.3
763.290	34.89	3.23	112.82	8.41	9.10	76.59	67.9	2	24.3
763.690	34.77	3.24	112.72	8.43	9.16	77.22	68.5	2	24.3
764.090	34.83	3.25	113.04	8.39	9.14	76.69	67.8	2	24.3
764.490	34.81	3.25	113.10	8.40	9.15	76.85	67.9	2	24.3
764.890	34.86	3.25	113.27	8.39	9.13	76.54	67.6	2	24.3
765.290	34.82	3.24	112.81	8.39	9.13	76.55	67.9	2	24.3
765.690	34.86	3.24	112.99	8.37	9.13	76.46	67.7	2	24.3
766.090	34.77	3.25	113.09	8.41	9.13	76.73	67.8	2	24.3
766.490	34.73	3.23	112.26	8.37	9.11	76.21	67.9	2	24.3
766.890	34.67	3.24	112.41	8.40	9.12	76.57	68.1	2	24.3
767.290	34.65	3.23	111.74	8.37	9.10	76.15	68.2	2	24.3
767.690	34.77	3.23	112.21	8.36	9.14	76.41	68.1	2	24.3
768.090	34.77	3.23	112.23	8.38	9.10	76.23	67.9	2	24.3
768.490	34.53	3.23	111.40	8.38	9.08	76.08	68.3	2	24.3
768.890	34.53	3.22	111.06	8.36	9.06	75.75	68.2	2	24.3
769.290	34.57	3.22	111.42	8.34	9.04	75.43	67.7	2	24.3
769.690	34.66	3.22	111.74	8.36	9.07	75.88	67.9	2	24.3
770.090	34.50	3.22	111.15	8.33	9.06	75.46	67.9	2	24.3
770.490	34.42	3.22	110.98	8.34	9.06	75.55	68.1	2	24.3
770.890	34.42	3.22	110.76	8.32	9.05	75.28	68.0	2	24.3
771.290	34.48	3.21	110.80	8.30	9.04	74.99	67.7	2	24.3
771.690	34.46	3.21	110.65	8.35	9.04	75.49	68.2	2	24.3
772.090	34.41	3.22	110.64	8.33	9.03	75.20	68.0	2	24.3
772.490	34.45	3.19	109.92	8.30	9.02	74.88	68.1	2	24.3
772.890	34.49	3.20	110.40	8.31	9.02	74.98	67.9	2	24.3
773.290	34.45	3.21	110.43	8.31	8.99	74.75	67.7	2	24.3
773.690	34.42	3.21	110.33	8.32	9.00	74.94	67.9	2	24.3
774.090	34.43	3.21	110.35	8.30	9.01	74.84	67.8	2	24.3
774.490	34.39	3.20	110.09	8.31	9.01	74.87	68.0	2	24.3
774.890	34.30	3.20	109.64	8.28	9.02	74.75	68.2	2	24.3
775.290	34.42	3.19	109.75	8.32	9.02	75.04	68.4	2	24.3
775.690	34.39	3.18	109.54	8.31	9.02	75.02	68.5	2	24.3
776.090	34.42	3.19	109.93	8.32	9.00	74.92	68.2	2	24.3
776.490	34.13	3.19	108.91	8.29	9.03	74.78	68.7	2	24.3
776.890	34.39	3.19	109.81	8.33	9.01	75.08	68.4	2	24.3
777.290	34.48	3.19	110.01	8.32	8.99	74.82	68.0	2	24.3
777.690	34.44	3.20	110.23	8.31	9.03	75.01	68.0	2	24.3
778.090	34.52	3.20	110.36	8.30	9.02	74.84	67.8	2	24.3
778.490	34.41	3.19	109.70	8.29	9.01	74.72	68.1	2	24.3
778.890	34.52	3.20	110.44	8.31	8.99	74.69	67.6	2	24.3
779.290	34.38	3.20	110.14	8.28	8.97	74.29	67.5	2	24.3
779.690	34.41	3.19	109.80	8.30	9.00	74.72	68.0	2	24.3
780.090	34.42	3.18	109.59	8.28	8.99	74.47	67.9	2	24.3
780.490	34.41	3.21	110.30	8.29	9.02	74.80	67.8	2	24.3
780.890	34.46	3.20	110.24	8.30	8.99	74.63	67.7	2	24.3
781.290	34.48	3.21	110.75	8.28	9.03	74.78	67.5	2	24.3
781.690	34.43	3.21	110.37	8.33	9.01	75.09	68.0	2	24.3
782.090	34.40	3.20	110.10	8.31	9.01	74.87	68.0	2	24.3
782.490	34.39	3.21	110.35	8.33	9.01	75.01	68.0	2	24.3
782.890	34.52	3.21	110.65	8.32	9.00	74.89	67.7	2	24.3
783.290	34.47	3.21	110.79	8.34	9.01	75.12	67.8	2	24.3
783.690	34.53	3.20	110.39	8.31	9.02	74.91	67.9	2	24.3
784.090	34.45	3.21	110.55	8.32	9.02	75.05	67.9	2	24.3
784.490	34.57	3.21	110.96	8.32	9.05	75.30	67.9	2	24.3
784.890	34.50	3.21	110.69	8.32	9.04	75.17	67.9	2	24.3
785.290	34.50	3.21	110.86	8.33	9.05	75.34	68.0	2	24.3
785.690	34.58	3.21	110.96	8.34	9.04	75.45	68.0	2	24.3
786.090	34.69	3.19	110.81	8.37	9.02	75.49	68.1	2	24.3
786.490	34.51	3.20	110.54	8.35	9.03	75.41	68.2	2	24.3
786.890	34.53	3.21	110.84	8.33	9.04	75.32	68.0	2	24.3
787.290	34.51	3.21	110.81	8.37	9.04	75.60	68.2	2	24.3
787.690	34.49	3.21	110.74	8.35	9.05	75.56	68.2	2	24.3
788.090	34.60	3.22	111.28	8.34	9.05	75.45	67.8	2	24.3
788.490	34.60	3.21	111.09	8.37	9.04	75.66	68.1	2	24.3
788.890	34.59	3.21	110.98	8.36	9.04	75.62	68.1	2	24.3
789.290	34.62	3.21	111.16	8.36	9.05	75.66	68.1	2	24.3
789.690	34.71	3.22	111.84	8.38	9.03	75.62	67.6	2	24.3
790.090	34.71	3.21	111.35	8.36	9.07	75.75	68.0	2	24.3
790.490	34.69	3.21	111.26	8.37	9.06	75.84	68.2	2	24.3
790.890	34.72	3.21	111.55	8.40	9.07	76.13	68.3	2	24.3
791.290	34.58	3.23	111.65	8.38	9.08	76.10	68.2	2	24.3
791.690	34.78	3.21	111.69	8.38	9.08	76.13	68.2	2	24.3
792.090	34.69	3.22	111.81	8.36	9.09	76.01	68.0	2	24.3
792.490	34.69	3.23	111.98	8.39	9.11	76.41	68.2	2	24.3
792.890	34.80	3.23	112.32	8.38	9.11	76.33	68.0	2	24.3
793.290	34.75	3.23	112.18	8.39	9.11	76.36	68.1	2	24.3
793.690	34.82	3.23	112.57	8.38	9.08	76.15	67.6	2	24.3
794.090	34.75	3.23	112.40	8.37	9.10	76.17	67.8	2	24.3
794.490	34.75	3.23	112.29	8.38	9.11	76.36	68.0	2	24.3
794.890	34.77	3.23	112.23	8.41	9.13	76.76	68.4	2	24.3
795.290	34.78	3.23	112.47	8.40	9.11	76.47	68.0	2	24.3
795.690	34.80	3.23	112.45	8.37	9.12	76.37	67.9	2	24.3
796.090	34.84	3.24	112.99	8.38	9.12	76.45	67.7	2	24.3
796.490	34.87	3.24	112.97	8.41	9.11	76.55	67.8	2	24.3
796.890	34.77	3.24	112.67	8.40	9.16	76.94	68.3	2	24.3
797.290	34.79	3.23	112.45	8.37	9.12	76.38	67.9	2	24.3
797.690	34.82	3.23	112.33	8.38	9.14	76.58	68.2	2	24.3
798.090	34.82	3.24	112.70	8.42	9.16	77.13	68.4	2	24.3
798.490	34.81	3.24	112.69	8.40	9.15	76.83	68.2	2	24.3
798.890	34.68	3.24	112.46	8.42	9.13	76.81	68.3	2	24.3
799.290	34.80	3.24	112.62	8.40	9.15	76.87	68.3	2	24.3
799.690	34.87	3.24	113.06	8.41	9.15	76.98	68.1	2	24.3
800.090	34.77	3.24	112.53	8.41	9.14	76.86	68.3	2	24.3
800.490	34.77	3.24	112.71	8.39	9.15	76.79	68.1	2	24.3
800.890	34.82	3.25	113.07	8.39	9.14	76.70	67.8	2	24.3
801.290	34.76	3.25	112.94	8.41	9.16	77.03	68.2	2	24.3
801.690	34.81	3.24	112.95	8.43	9.15	77.20	68.3	2	24.3
802.090	34.92	3.24	113.20	8.44	9.17	77.37	68.3	2	24.3
802.490	34.77	3.23	112.45	8.44	9.14	77.11	68.6	2	24.3
802.890	34.86	3.24	112.80	8.42	9.13	76.82	68.1	2	24.3
803.290	34.87	3.24	113.03	8.42	9.18	77.26	68.4	2	24.3
803.690	34.81	3.24	112.75	8.46	9.16	77.50	68.7	2	24.3
804.090	34.99	3.24	113.38	8.41	9.18	77.21	68.1	2	24.3
804.490	34.95	3.24	113.19	8.44	9.15	77.27	68.3	2	24.3
804.890	34.88	3.24	112.98	8.46	9.17	77.55	68.6	2	24.3
805.290	34.95	3.24	113.36	8.45	9.16	77.37	68.2	2	24.3
805.690	34.92	3.24	113.17	8.47	9.16	77.58	68.5	2	24.3
806.090	34.99	3.25	113.74	8.45	9.15	77.32	68.0	2	24.3
806.490	34.99	3.26	113.98	8.44	9.15	77.26	67.8	2	24.3
806.890	35.08	3.25	113.90	8.46	9.18	77.65	68.2	2	24.3
807.290	35.12	3.25	114.20	8.49	9.17	77.85	68.2	2	24.3
807.690	34.92	3.26	113.84	8.48	9.15	77.57	68.1	2	24.3
808.090	35.00	3.25	113.76	8.46	9.18	77.70	68.3	2	24.3
808.490	34.99	3.25	113.88	8.47	9.18	77.74	68.3	2	24.3
808.890	35.08	3.26	114.36	8.48	9.20	78.04	68.2	2	24.3
809.290	35.02	3.26	114.24	8.48	9.20	78.05	68.3	2	24.3
809.690	35.13	3.25	114.35	8.48	9.21	78.08	68.3	2	24.3
810.090	35.13	3.25	114.33	8.50	9.17	77.91	68.1	2	24.3
810.490	35.19	3.26	114.81	8.50	9.18	78.10	68.0	2	24.3
810.890	35.27	3.26	115.00	8.49	9.21	78.24	68.0	2	24.3
811.290	35.15	3.27	114.80	8.51	9.24	78.68	68.5	2	24.3
811.690	35.11	3.26	114.59	8.50	9.24	78.53	68.5	2	24.3
812.090	35.15	3.26	114.67	8.51	9.23	78.60	68.5	2	24.3
812.490	35.42	3.27	115.98	8.51	9.23	78.50	67.7	2	24.3
812.890	35.43	3.27	115.94	8.55	9.20	78.68	67.9	2	24.3
813.290	35.36	3.27	115.76	8.51	9.24	78.58	67.9	2	24.3
813.690	35.30	3.27	115.47	8.52	9.25	78.77	68.2	2	24.3
814.090	35.44	3.28	116.12	8.54	9.26	79.05	68.1	2	24.3
814.490	35.19	3.28	115.46	8.53	9.26	78.97	68.4	2	24.3
814.890	35.47	3.28	116.36	8.56	9.26	79.25	68.1	2	24.3
815.290	35.38	3.28	116.02	8.55	9.27	79.22	68.3	2	24.3
815.690	35.40	3.28	116.29	8.56	9.26	79.29	68.2	2	24.3
816.090	35.39	3.29	116.32	8.56	9.28	79.41	68.3	2	24.3
816.490	35.51	3.28	116.36	8.56	9.27	79.33	68.2	2	24.3
816.890	35.50	3.29	116.79	8.55	9.30	79.53	68.1	2	24.3
817.290	35.46	3.28	116.45	8.57	9.29	79.62	68.4	2	24.3
817.690	35.47	3.29	116.67	8.58	9.30	79.81	68.4	2	24.3
818.090	35.58	3.31	117.76	8.57	9.31	79.85	67.8	2	24.3
818.490	35.42	3.29	116.64	8.58	9.28	79.54	68.2	2	24.3
818.890	35.56	3.29	117.07	8.58	9.28	79.59	68.0	2	24.3
819.290	35.54	3.29	117.02	8.59	9.30	79.81	68.2	2	24.3
819.690	35.59	3.29	117.08	8.60	9.31	80.02	68.3	2	24.3
820.090	35.63	3.29	117.36	8.59	9.30	79.88	68.1	2	24.3
820.490	35.56	3.29	117.11	8.59	9.31	79.99	68.3	2	24.3
820.890	35.61	3.30	117.43	8.60	9.32	80.22	68.3	2	24.3
821.290	35.67	3.30	117.62	8.60	9.29	79.97	68.0	2	24.3
821.690	35.66	3.30	117.61	8.61	9.34	80.36	68.3	2	24.3
822.090	35.77	3.30	117.95	8.62	9.32	80.33	68.1	2	24.3
822.490	35.63	3.30	117.57	8.60	9.32	80.11	68.1	2	24.3
822.890	35.66	3.31	118.15	8.62	9.35	80.66	68.3	2	24.3
823.290	35.66	3.31	117.88	8.62	9.33	80.40	68.2	2	24.3
823.690	35.71	3.31	118.08	8.60	9.35	80.40	68.1	2	24.3
824.090	35.73	3.31	118.30	8.63	9.31	80.33	67.9	2	24.3
824.490	35.74	3.31	118.47	8.63	9.33	80.50	68.0	2	24.3
824.890	35.69	3.32	118.40	8.63	9.32	80.40	67.9	2	24.3
825.290	35.85	3.31	118.85	8.64	9.34	80.70	67.9	2	24.3
825.690	35.70	3.32	118.63	8.62	9.36	80.70	68.0	2	24.3
826.090	35.71	3.33	118.84	8.63	9.37	80.85	68.0	2	24.3
826.490	35.62	3.31	117.81	8.59	9.35	80.30	68.2	2	24.3
826.890	35.82	3.32	118.80	8.62	9.36	80.68	67.9	2	24.3
827.290	35.59	3.31	117.89	8.60	9.34	80.33	68.1	2	24.3
827.690	35.79	3.32	118.70	8.62	9.34	80.48	67.8	2	24.3
828.090	35.70	3.33	118.71	8.59	9.35	80.28	67.6	2	24.3
828.490	35.68	3.32	118.55	8.62	9.37	80.70	68.1	2	24.3
828.890	35.67	3.33	118.64	8.61	9.35	80.52	67.9	2	24.3
829.290	35.79	3.33	119.07	8.63	9.36	80.79	67.9	2	24.3
829.690	35.76	3.34	119.25	8.63	9.38	80.99	67.9	2	24.3
830.090	35.72	3.33	118.96	8.63	9.38	80.92	68.0	2	24.3
830.490	35.77	3.34	119.33	8.61	9.37	80.71	67.6	2	24.3
830.890	35.73	3.33	119.15	8.64	9.38	81.10	68.1	2	24.3
831.290	35.76	3.33	118.94	8.64	9.37	80.97	68.1	2	24.3
831.690	35.59	3.32	118.17	8.65	9.36	81.00	68.5	2	24.3
832.090	35.83	3.32	118.97	8.62	9.35	80.65	67.8	2	24.3
832.490	35.70	3.32	118.68	8.63	9.37	80.88	68.2	2	24.3
832.890	35.78	3.32	118.69	8.62	9.37	80.72	68.0	2	24.3
833.290	35.68	3.32	118.47	8.63	9.36	80.73	68.1	2	24.3
833.690	35.57	3.31	117.68	8.63	9.36	80.76	68.6	2	24.3
834.090	35.71	3.33	118.79	8.64	9.40	81.23	68.4	2	24.3
834.490	35.67	3.33	118.69	8.62	9.39	81.00	68.2	2	24.3
834.890	35.77	3.33	119.01	8.66	9.37	81.15	68.2	2	24.3
835.290	35.71	3.33	118.73	8.62	9.36	80.70	68.0	2	24.3
835.690	35.74	3.32	118.66	8.63	9.37	80.78	68.1	2	24.3
836.090	35.82	3.32	118.83	8.64	9.37	80.92	68.1	2	24.3
836.490	35.77	3.33	118.96	8.61	9.35	80.57	67.7	2	24.3
836.890	35.79	3.33	119.06	8.60	9.37	80.52	67.6	2	24.3
837.290	35.91	3.32	119.11	8.61	9.38	80.75	67.8	2	24.3
837.690	35.74	3.32	118.53	8.63	9.38	80.98	68.3	2	24.3
838.090	35.75	3.34	119.32	8.63	9.35	80.62	67.6	2	24.3
838.490	35.62	3.32	118.19	8.63	9.37	80.88	68.4	2	24.3
838.890	35.62	3.32	118.42	8.63	9.36	80.74	68.2	2	24.3
839.290	35.76	3.32	118.74	8.61	9.34	80.48	67.8	2	24.3
839.690	35.72	3.32	118.65	8.62	9.36	80.63	68.0	2	24.3
840.090	35.80	3.32	118.93	8.64	9.36	80.88	68.0	2	24.3
840.490	35.78	3.32	118.76	8.63	9.34	80.59	67.9	2	24.3
840.890	35.76	3.32	118.81	8.63	9.35	80.72	67.9	2	24.3
841.290	35.81	3.32	118.84	8.65	9.36	80.96	68.1	2	24.3
841.690	35.67	3.32	118.54	8.63	9.36	80.81	68.2	2	24.3
842.090	35.77	3.32	118.75	8.63	9.34	80.56	67.8	2	24.3
842.490	35.69	3.32	118.45	8.64	9.36	80.82	68.2	2	24.3
842.890	35.74	3.32	118.49	8.61	9.34	80.40	67.9	2	24.3
843.290	35.68	3.32	118.34	8.60	9.36	80.51	68.0	2	24.3
843.690	35.74	3.32	118.52	8.64	9.37	80.95	68.3	2	24.3
844.090	35.82	3.31	118.64	8.59	9.35	80.34	67.7	2	24.3
844.490	35.90	3.33	119.43	8.61	9.37	80.65	67.5	2	24.3
844.890	35.81	3.24	116.14	8.57	9.30	79.70	68.6	2	24.1
845.290	35.88	3.25	116.49	8.55	9.26	79.21	68.0	2	24.1
845.690	35.81	3.25	116.49	8.55	9.27	79.31	68.1	2	24.1
846.090	35.84	3.25	116.33	8.56	9.25	79.14	68.0	2	24.1
846.490	35.73	3.25	115.94	8.54	9.26	79.14	68.3	2	24.1
846.890	35.86	3.25	116.53	8.52	9.25	78.78	67.6	2	24.1
847.290	35.74	3.25	116.14	8.56	9.29	79.48	68.4	2	24.1
847.690	35.94	3.24	116.57	8.54	9.25	78.94	67.7	2	24.1
848.090	35.76	3.25	116.06	8.53	9.25	78.85	67.9	2	24.1
848.490	35.67	3.25	116.06	8.53	9.24	78.82	67.9	2	24.1
848.890	35.87	3.24	116.19	8.55	9.26	79.18	68.2	2	24.1
849.290	35.83	3.24	115.93	8.53	9.25	78.96	68.1	2	24.1
849.690	35.97	3.23	116.24	8.53	9.25	78.91	67.9	2	24.1
850.090	35.83	3.24	116.16	8.51	9.25	78.74	67.8	2	24.1
850.490	35.76	3.24	115.77	8.53	9.26	79.02	68.3	2	24.1
850.890	35.72	3.25	115.92	8.54	9.24	78.87	68.0	2	24.1
851.290	35.84	3.24	116.11	8.53	9.23	78.79	67.9	2	24.1
851.690	35.72	3.24	115.83	8.53	9.23	78.69	67.9	2	24.1
852.090	35.79	3.24	115.96	8.52	9.25	78.85	68.0	2	24.1
852.490	35.76	3.24	115.89	8.53	9.25	78.85	68.0	2	24.1
852.890	35.85	3.23	115.78	8.51	9.23	78.49	67.8	2	24.1
853.290	35.79	3.23	115.54	8.54	9.23	78.80	68.2	2	24.1
853.690	35.69	3.25	115.84	8.52	9.23	78.68	67.9	2	24.1
854.090	35.78	3.24	116.06	8.53	9.24	78.84	67.9	2	24.1
854.490	35.82	3.24	116.21	8.52	9.24	78.72	67.7	2	24.1
854.890	35.70	3.24	115.80	8.54	9.26	79.11	68.3	2	24.1
855.290	35.83	3.24	115.95	8.56	9.26	79.21	68.3	2	24.1
855.690	35.89	3.24	116.30	8.56	9.26	79.25	68.1	2	24.1
856.090	35.79	3.25	116.17	8.52	9.23	78.62	67.7	2	24.1
856.490	35.84	3.25	116.31	8.54	9.28	79.20	68.1	2	24.1
856.890	35.97	3.25	116.79	8.53	9.27	79.10	67.7	2	24.1
857.290	35.72	3.25	116.19	8.53	9.25	78.86	67.9	2	24.1
857.690	35.81	3.25	116.27	8.57	9.28	79.46	68.3	2	24.1
858.090	35.82	3.26	116.73	8.56	9.25	79.21	67.9	2	24.1
858.490	35.92	3.25	116.73	8.53	9.28	79.16	67.8	2	24.1
858.890	35.88	3.25	116.68	8.53	9.26	79.01	67.7	2	24.1
859.290	35.83	3.25	116.38	8.54	9.27	79.14	68.0	2	24.1
859.690	35.70	3.23	115.44	8.52	9.28	79.08	68.5	2	24.1
860.090	35.77	3.24	115.97	8.52	9.26	78.88	68.0	2	24.1
860.490	35.72	3.24	115.80	8.52	9.28	79.04	68.3	2	24.1
860.890	35.73	3.24	115.80	8.52	9.25	78.85	68.1	2	24.1
861.290	35.73	3.25	116.19	8.52	9.27	79.05	68.0	2	24.1
861.690	35.73	3.24	115.85	8.52	9.27	78.93	68.1	2	24.1
862.090	35.60	3.24	115.34	8.51	9.26	78.80	68.3	2	24.1
862.490	35.76	3.24	115.91	8.52	9.24	78.70	67.9	2	24.1
862.890	35.61	3.24	115.32	8.51	9.28	78.99	68.5	2	24.1
863.290	35.67	3.24	115.52	8.52	9.24	78.78	68.2	2	24.1
863.690	35.64	3.23	115.21	8.49	9.25	78.55	68.2	2	24.1
864.090	35.78	3.24	115.80	8.51	9.21	78.42	67.7	2	24.1
864.490	35.61	3.24	115.23	8.50	9.26	78.73	68.3	2	24.1
864.890	35.68	3.25	116.11	8.52	9.25	78.78	67.8	2	24.1
865.290	35.60	3.23	115.12	8.52	9.23	78.66	68.3	2	24.1
865.690	35.58	3.23	114.99	8.54	9.22	78.66	68.4	2	24.1
866.090	35.73	3.23	115.56	8.53	9.27	79.05	68.4	2	24.1
866.490	35.70	3.24	115.65	8.52	9.22	78.57	67.9	2	24.1
866.890	35.58	3.24	115.29	8.53	9.24	78.82	68.4	2	24.1
867.290	35.60	3.24	115.17	8.54	9.24	78.89	68.5	2	24.1
867.690	35.67	3.23	115.25	8.56	9.27	79.32	68.8	2	24.1
868.090	35.65	3.24	115.54	8.52	9.22	78.59	68.0	2	24.1
868.490	35.48	3.24	115.03	8.52	9.23	78.65	68.4	2	24.1
868.890	35.76	3.23	115.46	8.50	9.21	78.28	67.8	2	24.1
869.290	35.64	3.23	114.98	8.50	9.22	78.39	68.2	2	24.1
869.690	35.63	3.23	115.02	8.48	9.23	78.29	68.1	2	24.1
870.090	35.61	3.23	114.95	8.50	9.22	78.43	68.2	2	24.1
870.490	35.64	3.23	115.12	8.50	9.23	78.46	68.2	2	24.1
870.890	35.61	3.22	114.81	8.49	9.21	78.19	68.1	2	24.1
871.290	35.45	3.23	114.55	8.52	9.23	78.69	68.7	2	24.1
871.690	35.53	3.23	114.63	8.50	9.22	78.35	68.4	2	24.1
872.090	35.52	3.23	114.59	8.50	9.20	78.21	68.3	2	24.1
872.490	35.56	3.22	114.60	8.51	9.23	78.61	68.6	2	24.1
872.890	35.55	3.22	114.57	8.50	9.22	78.40	68.4	2	24.1
873.290	35.58	3.22	114.60	8.48	9.21	78.05	68.1	2	24.1
873.690	35.52	3.21	114.12	8.50	9.18	78.04	68.4	2	24.1
874.090	35.47	3.22	114.19	8.47	9.22	78.12	68.4	2	24.1
874.490	35.59	3.23	114.82	8.50	9.19	78.04	68.0	2	24.1
874.890	35.55	3.21	114.03	8.51	9.21	78.36	68.7	2	24.1
875.290	35.55	3.22	114.51	8.48	9.21	78.14	68.2	2	24.1
875.690	35.54	3.22	114.36	8.45	9.19	77.65	67.9	2	24.1
876.090	35.40	3.21	113.64	8.46	9.19	77.73	68.4	2	24.1
876.490	35.53	3.21	114.08	8.45	9.18	77.58	68.0	2	24.1
876.890	35.51	3.15	111.79	8.38	9.13	76.55	68.5	2	23.9
877.290	35.63	3.15	112.36	8.40	9.10	76.45	68.0	2	23.9
877.690	35.47	3.15	111.82	8.36	9.09	76.03	68.0	2	23.9
878.090	35.70	3.14	112.27	8.39	9.09	76.25	67.9	2	23.9
878.490	35.46	3.13	111.09	8.35	9.10	76.00	68.4	2	23.9
878.890	35.56	3.14	111.80	8.37	9.08	75.98	68.0	2	23.9
879.290	35.55	3.13	111.34	8.36	9.09	75.93	68.2	2	23.9
879.690	35.50	3.14	111.54	8.36	9.07	75.85	68.0	2	23.9
880.090	35.51	3.14	111.50	8.40	9.09	76.31	68.4	2	23.9
880.490	35.55	3.14	111.81	8.37	9.07	75.89	67.9	2	23.9
880.890	35.35	3.14	111.15	8.37	9.07	75.88	68.3	2	23.9
881.290	35.46	3.13	111.02	8.34	9.05	75.51	68.0	2	23.9
881.690	35.41	3.14	111.15	8.37	9.05	75.76	68.2	2	23.9
882.090	35.48	3.13	111.00	8.36	9.04	75.56	68.1	2	23.9
882.490	35.43	3.13	110.95	8.36	9.05	75.62	68.2	2	23.9
882.890	35.41	3.12	110.62	8.33	9.06	75.41	68.2	2	23.9
883.290	35.39	3.13	110.84	8.33	9.07	75.59	68.2	2	23.9
883.690	35.43	3.11	110.30	8.31	9.03	75.08	68.1	2	23.9
884.090	35.37	3.13	110.78	8.34	9.05	75.49	68.1	2	23.9
884.490	35.31	3.13	110.55	8.34	9.02	75.20	68.0	2	23.9
884.890	35.18	3.12	109.85	8.32	9.05	75.30	68.6	2	23.9
885.290	35.25	3.14	110.54	8.31	9.02	74.97	67.8	2	23.9
885.690	35.40	3.12	110.51	8.34	9.02	75.19	68.0	2	23.9
886.090	35.20	3.12	109.86	8.31	9.03	75.08	68.3	2	23.9
886.490	35.14	3.12	109.51	8.30	9.03	74.92	68.4	2	23.9
886.890	35.18	3.12	109.93	8.33	9.02	75.13	68.3	2	23.9
887.290	35.07	3.13	109.71	8.30	9.02	74.85	68.2	2	23.9
887.690	35.05	3.12	109.26	8.30	9.00	74.76	68.4	2	23.9
888.090	35.05	3.12	109.31	8.28	9.00	74.44	68.1	2	23.9
888.490	35.02	3.11	109.09	8.27	9.00	74.43	68.2	2	23.9
888.890	34.95	3.12	108.91	8.28	8.98	74.41	68.3	2	23.9
889.290	35.13	3.11	109.34	8.28	8.99	74.48	68.1	2	23.9
889.690	34.93	3.11	108.49	8.27	8.98	74.28	68.5	2	23.9
890.090	34.97	3.11	108.61	8.26	8.98	74.25	68.4	2	23.9
890.490	34.93	3.10	108.19	8.27	8.96	74.05	68.4	2	23.9
890.890	34.91	3.10	108.35	8.26	8.97	74.13	68.4	2	23.9
891.290	34.94	3.10	108.18	8.24	8.97	73.83	68.3	2	23.9
891.690	34.88	3.10	108.13	8.26	8.95	73.89	68.3	2	23.9
892.090	34.81	3.10	107.86	8.21	8.92	73.23	67.9	2	23.9
892.490	34.87	3.08	107.52	8.20	8.94	73.33	68.2	2	23.9
892.890	34.87	3.10	108.19	8.19	8.94	73.25	67.7	2	23.9
893.290	34.78	3.08	107.23	8.18	8.92	72.94	68.0	2	23.9
893.690	34.78	3.08	107.05	8.18	8.91	72.84	68.0	2	23.9
894.090	34.76	3.08	107.03	8.17	8.90	72.72	67.9	2	23.9
894.490	34.69	3.08	106.93	8.15	8.88	72.38	67.7	2	23.9
894.890	34.64	3.07	106.42	8.14	8.86	72.11	67.8	2	23.9
895.290	34.58	3.06	105.70	8.14	8.88	72.30	68.4	2	23.9
895.690	34.56	3.06	105.81	8.13	8.85	71.92	68.0	2	23.9
896.090	34.58	3.05	105.57	8.14	8.86	72.10	68.3	2	23.9
896.490	34.51	3.05	105.36	8.15	8.86	72.26	68.6	2	23.9
896.890	34.56	3.06	105.69	8.12	8.86	71.94	68.1	2	23.9
897.290	34.29	3.06	104.93	8.13	8.85	71.94	68.6	2	23.9
897.690	34.44	3.05	105.10	8.09	8.85	71.61	68.1	2	23.9
898.090	34.41	3.04	104.53	8.07	8.82	71.13	68.0	2	23.9
898.490	34.42	3.04	104.49	8.07	8.79	70.94	67.9	2	23.9
898.890	34.27	3.03	103.89	8.04	8.77	70.48	67.8	2	23.9
899.290	34.35	3.03	104.23	8.08	8.76	70.71	67.8	2	23.9
899.690	34.19	3.04	103.95	8.06	8.78	70.73	68.0	2	23.9
900.090	34.10	3.00	102.46	8.03	8.73	70.09	68.4	2	23.9
900.490	34.06	3.01	102.52	8.02	8.72	69.96	68.2	2	23.9
900.890	34.05	3.01	102.58	8.04	8.69	69.84	68.1	2	23.9
901.290	33.95	2.99	101.51	8.03	8.72	69.97	68.9	2	23.9
901.690	33.94	3.01	102.06	8.00	8.67	69.35	67.9	2	23.9
902.090	33.99	2.99	101.80	7.99	8.69	69.47	68.2	2	23.9
902.490	33.91	2.98	101.12	7.96	8.68	69.15	68.4	2	23.9
902.890	33.81	2.98	100.86	7.96	8.63	68.73	68.1	2	23.9
903.290	33.74	2.99	100.84	7.94	8.64	68.67	68.1	2	23.9
903.690	33.70	2.98	100.50	7.95	8.61	68.44	68.1	2	23.9
904.090	33.77	2.97	100.44	7.95	8.61	68.47	68.2	2	23.9
904.490	33.57	2.98	99.98	7.91	8.62	68.18	68.2	2	23.9
904.889	33.69	2.95	99.49	7.89	8.58	67.69	68.0	2	23.9
905.288	33.56	2.95	99.10	7.86	8.55	67.26	67.9	2	23.9
905.687	33.46	2.95	98.62	7.89	8.59	67.74	68.7	2	23.9
906.086	33.50	2.94	98.61	7.86	8.56	67.32	68.3	2	23.9
906.485	33.40	2.94	98.21	7.85	8.56	67.18	68.4	2	23.9
906.884	33.36	2.94	98.18	7.82	8.51	66.53	67.8	2	23.9
907.283	33.30	2.92	97.36	7.81	8.54	66.70	68.5	2	23.9
907.682	33.19	2.93	97.10	7.80	8.48	66.20	68.2	2	23.9
908.081	33.20	2.92	97.04	7.83	8.49	66.45	68.5	2	23.9
908.480	33.13	2.92	96.60	7.79	8.45	65.77	68.1	2	23.9
908.879	33.12	2.91	96.49	7.78	8.46	65.83	68.2	2	23.9
909.278	33.06	2.92	96.48	7.77	8.43	65.50	67.9	2	23.9
909.677	32.88	2.91	95.67	7.73	8.44	65.27	68.2	2	23.9
910.076	32.92	2.90	95.41	7.75	8.42	65.27	68.4	2	23.9
910.475	32.85	2.89	94.95	7.71	8.39	64.69	68.1	2	23.9
910.874	32.80	2.89	94.85	7.71	8.38	64.62	68.1	2	23.9
911.273	32.78	2.89	94.70	7.70	8.37	64.44	68.0	2	23.9
911.672	32.72	2.87	94.01	7.73	8.37	64.75	68.9	2	23.9
912.071	32.75	2.88	94.21	7.67	8.36	64.18	68.1	2	23.9
912.470	32.57	2.87	93.43	7.66	8.38	64.20	68.7	2	23.9
912.869	32.65	2.87	93.67	7.67	8.33	63.87	68.2	2	23.9
913.268	32.60	2.85	93.01	7.66	8.36	64.06	68.9	2	23.9
913.667	32.52	2.86	93.16	7.68	8.30	63.75	68.4	2	23.9
914.066	32.44	2.85	92.38	7.65	8.31	63.58	68.8	2	23.9
914.465	32.45	2.85	92.54	7.63	8.28	63.21	68.3	2	23.9
914.864	32.40	2.84	91.99	7.63	8.25	62.95	68.4	2	23.9
915.263	32.37	2.85	92.16	7.60	8.27	62.87	68.2	2	23.9
915.662	32.37	2.85	92.36	7.61	8.27	63.00	68.2	2	23.9
916.061	32.32	2.85	92.24	7.62	8.26	62.95	68.2	2	23.9
916.460	32.33	2.85	92.14	7.63	8.28	63.13	68.5	2	23.9
916.859	32.32	2.85	92.00	7.64	8.28	63.24	68.7	2	23.9
917.258	32.27	2.84	91.58	7.60	8.28	62.95	68.7	2	23.9
917.657	32.14	2.83	91.11	7.61	8.29	63.01	69.2	2	23.9
918.056	32.36	2.84	91.96	7.59	8.27	62.80	68.3	2	23.9
918.455	32.24	2.84	91.44	7.58	8.29	62.91	68.8	2	23.9
918.854	32.32	2.83	91.57	7.59	8.27	62.75	68.5	2	23.9
919.253	32.05	2.85	91.36	7.59	8.28	62.81	68.7	2	23.9
919.652	32.31	2.85	92.01	7.60	8.27	62.85	68.3	2	23.9
920.051	32.16	2.84	91.48	7.59	8.29	62.90	68.8	2	23.9
920.450	32.25	2.85	91.81	7.60	8.29	63.02	68.6	2	23.9
920.849	32.26	2.86	92.19	7.61	8.29	63.10	68.4	2	23.9
921.248	32.13	2.86	91.80	7.62	8.28	63.12	68.8	2	23.9
921.647	32.18	2.83	91.09	7.58	8.30	62.92	69.1	2	23.9
922.046	32.31	2.86	92.35	7.60	8.28	62.88	68.1	2	23.9
922.445	32.25	2.86	92.10	7.59	8.26	62.64	68.0	2	23.9
922.844	32.21	2.85	91.83	7.57	8.31	62.95	68.5	2	23.9
923.243	32.20	2.85	91.85	7.58	8.27	62.70	68.3	2	23.9
923.642	32.31	2.85	92.23	7.58	8.29	62.85	68.1	2	23.9
924.041	32.28	2.85	91.88	7.58	8.28	62.74	68.3	2	23.9
924.440	32.30	2.85	91.93	7.57	8.27	62.64	68.1	2	23.9
924.839	32.27	2.85	91.95	7.58	8.28	62.74	68.2	2	23.9
925.238	32.39	2.84	92.07	7.60	8.29	63.03	68.5	2	23.9
925.637	32.35	2.85	92.15	7.58	8.31	63.01	68.4	2	23.9
926.036	32.26	2.85	91.90	7.59	8.32	63.09	68.6	2	23.9
926.435	32.35	2.86	92.43	7.59	8.27	62.79	67.9	2	23.9
926.834	32.30	2.86	92.44	7.61	8.30	63.20	68.4	2	23.9
927.233	32.35	2.86	92.63	7.60	8.31	63.16	68.2	2	23.9
927.632	32.28	2.86	92.31	7.60	8.32	63.25	68.5	2	23.9
928.031	32.22	2.86	92.15	7.58	8.29	62.87	68.2	2	23.9
928.430	32.24	2.87	92.43	7.63	8.29	63.23	68.4	2	23.9
928.829	32.45	2.86	92.87	7.63	8.28	63.19	68.0	2	23.9
929.228	32.26	2.85	92.06	7.63	8.30	63.29	68.7	2	23.9
929.627	32.30	2.87	92.60	7.61	8.31	63.18	68.2	2	23.9
930.026	32.23	2.86	92.09	7.63	8.33	63.56	69.0	2	23.9
930.425	32.30	2.86	92.27	7.62	8.29	63.16	68.4	2	23.9
930.824	32.41	2.86	92.67	7.63	8.31	63.42	68.4	2	23.9
931.223	32.38	2.86	92.61	7.63	8.33	63.51	68.6	2	23.9
931.622	32.32	2.86	92.28	7.65	8.31	63.53	68.9	2	23.9
932.021	32.29	2.86	92.45	7.64	8.31	63.51	68.7	2	23.9
932.420	32.45	2.86	92.92	7.63	8.32	63.53	68.4	2	23.9
932.819	32.24	2.86	92.30	7.63	8.30	63.30	68.6	2	23.9
933.218	32.36	2.87	92.83	7.64	8.31	63.49	68.4	2	23.9
933.617	32.49	2.86	92.86	7.65	8.31	63.58	68.5	2	23.9
934.016	32.67	2.86	93.55	7.65	8.33	63.73	68.1	2	23.9
934.415	32.55	2.87	93.45	7.64	8.32	63.57	68.0	2	23.9
934.814	32.33	2.87	92.91	7.65	8.32	63.60	68.5	2	23.9
935.213	32.41	2.88	93.30	7.67	8.32	63.80	68.4	2	23.9
935.612	32.45	2.87	93.29	7.64	8.32	63.57	68.1	2	23.9
936.011	32.55	2.87	93.49	7.66	8.32	63.70	68.1	2	23.9
936.410	32.46	2.87	93.13	7.63	8.32	63.51	68.2	2	23.9
936.809	32.62	2.87	93.54	7.66	8.34	63.89	68.3	2	23.9
937.208	32.43	2.87	92.98	7.66	8.34	63.87	68.7	2	23.9
937.607	32.50	2.86	92.95	7.67	8.34	63.93	68.8	2	23.9
938.006	32.57	2.87	93.58	7.67	8.31	63.69	68.1	2	23.9
938.405	32.51	2.86	93.10	7.67	8.33	63.91	68.7	2	23.9
938.804	32.44	2.86	92.80	7.65	8.36	63.95	68.9	2	23.9
939.203	32.47	2.87	93.27	7.68	8.33	63.91	68.5	2	23.9
939.602	32.53	2.87	93.35	7.65	8.32	63.61	68.1	2	23.9
940.001	32.53	2.86	93.12	7.65	8.32	63.67	68.4	2	23.9
940.400	32.56	2.87	93.36	7.65	8.32	63.67	68.2	2	23.9
940.799	32.53	2.87	93.50	7.67	8.31	63.69	68.1	2	23.9
941.198	32.50	2.87	93.31	7.66	8.33	63.83	68.4	2	23.9
941.597	32.46	2.86	92.80	7.68	8.33	63.97	68.9	2	23.9
941.996	32.40	2.87	92.93	7.64	8.32	63.57	68.4	2	23.9
942.395	32.68	2.88	93.98	7.66	8.31	63.68	67.8	2	23.9
942.794	32.59	2.86	93.17	7.63	8.31	63.43	68.1	2	23.9
943.193	32.59	2.87	93.38	7.66	8.32	63.74	68.3	2	23.9
943.592	32.39	2.87	92.88	7.65	8.29	63.44	68.3	2	23.9
943.991	32.63	2.85	93.14	7.65	8.30	63.49	68.2	2	23.9
944.390	32.47	2.87	93.13	7.65	8.29	63.40	68.1	2	23.9
944.789	32.55	2.87	93.47	7.66	8.33	63.86	68.3	2	23.9
945.188	32.43	2.86	92.73	7.68	8.31	63.84	68.8	2	23.9
945.587	32.43	2.86	92.68	7.69	8.32	63.95	69.0	2	23.9
945.986	32.58	2.86	93.20	7.69	8.29	63.80	68.5	2	23.9
946.385	32.29	2.86	92.49	7.65	8.35	63.86	69.0	2	23.9
946.784	32.43	2.85	92.28	7.64	8.31	63.49	68.8	2	23.9
947.183	32.57	2.87	93.42	7.64	8.33	63.63	68.1	2	23.9
947.582	32.49	2.86	92.89	7.66	8.29	63.48	68.3	2	23.9
947.981	32.41	2.86	92.60	7.65	8.32	63.64	68.7	2	23.9
948.380	32.59	2.86	93.37	7.67	8.31	63.70	68.2	2	23.9
948.779	32.67	2.87	93.69	7.65	8.34	63.81	68.1	2	23.9
949.178	32.50	2.87	93.16	7.70	8.33	64.12	68.8	2	23.9
949.577	32.26	2.88	92.88	7.67	8.32	63.82	68.7	2	23.9
949.976	32.58	2.87	93.64	7.68	8.34	64.05	68.4	2	23.9
950.375	32.42	2.87	93.06	7.64	8.34	63.73	68.5	2	23.9
950.774	32.54	2.87	93.41	7.69	8.35	64.20	68.7	2	23.9
951.173	32.50	2.87	93.38	7.65	8.36	63.92	68.4	2	23.9
951.572	32.56	2.87	93.44	7.68	8.35	64.11	68.6	2	23.9
951.971	32.46	2.87	93.25	7.67	8.38	64.25	68.9	2	23.9
952.370	32.46	2.88	93.48	7.68	8.34	64.12	68.6	2	23.9
952.769	32.62	2.88	94.09	7.67	8.35	64.00	68.0	2	23.9
953.168	32.70	2.88	94.20	7.68	8.40	64.48	68.5	2	23.9
953.567	32.70	2.89	94.60	7.67	8.37	64.26	67.9	2	23.9
953.966	32.57	2.89	94.11	7.68	8.37	64.31	68.3	2	23.9
954.365	32.66	2.89	94.49	7.65	8.37	64.03	67.8	2	23.9
954.764	32.57	2.89	94.06	7.68	8.37	64.30	68.4	2	23.9
955.163	32.52	2.89	93.94	7.67	8.39	64.39	68.5	2	23.9
955.562	32.68	2.89	94.54	7.66	8.38	64.20	67.9	2	23.9
955.961	32.73	2.89	94.56	7.68	8.40	64.49	68.2	2	23.9
956.360	32.64	2.90	94.52	7.70	8.42	64.77	68.5	2	23.9
956.759	32.65	2.89	94.36	7.67	8.41	64.54	68.4	2	23.9
957.158	32.64	2.89	94.40	7.70	8.40	64.64	68.5	2	23.9
957.557	32.68	2.90	94.85	7.69	8.41	64.67	68.2	2	23.9
957.956	32.80	2.90	95.27	7.70	8.45	65.07	68.3	2	23.9
958.355	32.71	2.89	94.68	7.71	8.41	64.83	68.5	2	23.9
958.754	32.66	2.90	94.74	7.69	8.41	64.69	68.3	2	23.9
959.153	32.75	2.90	95.02	7.68	8.40	64.52	67.9	2	23.9
959.552	32.92	2.91	95.73	7.72	8.41	64.88	67.8	2	23.9
959.951	32.71	2.90	94.95	7.71	8.41	64.90	68.3	2	23.9
960.350	32.82	2.90	95.32	7.70	8.42	64.87	68.1	2	23.9
960.749	32.72	2.91	95.35	7.73	8.42	65.05	68.2	2	23.9
961.148	32.89	2.91	95.65	7.73	8.42	65.10	68.1	2	23.9
961.547	32.85	2.90	95.20	7.71	8.44	65.04	68.3	2	23.9
961.946	32.80	2.91	95.33	7.73	8.44	65.24	68.4	2	23.9
962.345	32.96	2.90	95.68	7.73	8.43	65.22	68.2	2	23.9
962.744	32.78	2.90	95.15	7.73	8.43	65.12	68.4	2	23.9
963.143	32.78	2.91	95.43	7.72	8.45	65.26	68.4	2	23.9
963.542	32.88	2.92	95.99	7.72	8.45	65.31	68.0	2	23.9
963.941	32.92	2.90	95.58	7.76	8.44	65.45	68.5	2	23.9
964.340	32.81	2.91	95.52	7.74	8.41	65.13	68.2	2	23.9
964.739	32.88	2.92	96.04	7.74	8.40	65.04	67.7	2	23.9
965.138	33.02	2.93	96.61	7.75	8.41	65.14	67.4	2	23.9
965.537	32.87	2.91	95.63	7.76	8.44	65.49	68.5	2	23.9
965.936	32.95	2.91	95.80	7.75	8.46	65.51	68.4	2	23.9
966.335	33.00	2.92	96.25	7.79	8.44	65.74	68.3	2	23.9
966.734	32.99	2.91	96.17	7.77	8.46	65.74	68.4	2	23.9
967.133	32.97	2.92	96.22	7.77	8.46	65.77	68.4	2	23.9
967.532	32.92	2.91	95.64	7.76	8.46	65.68	68.7	2	23.9
967.931	33.08	2.91	96.42	7.77	8.48	65.92	68.4	2	23.9
968.330	33.07	2.92	96.72	7.75	8.46	65.61	67.8	2	23.9
968.729	33.15	2.92	96.95	7.80	8.47	66.07	68.1	2	23.9
969.128	33.06	2.92	96.69	7.77	8.45	65.71	68.0	2	23.9
969.527	33.01	2.91	95.99	7.79	8.46	65.91	68.7	2	23.9
969.926	33.16	2.92	96.78	7.78	8.46	65.80	68.0	2	23.9
970.325	33.17	2.92	96.78	7.81	8.48	66.18	68.4	2	23.9
970.724	33.19	2.92	96.87	7.80	8.49	66.17	68.3	2	23.9
971.123	33.25	2.92	97.14	7.81	8.47	66.15	68.1	2	23.9
971.522	33.23	2.92	96.94	7.77	8.48	65.90	68.0	2	23.9
971.921	33.10	2.93	96.85	7.80	8.48	66.15	68.3	2	23.9
972.320	33.11	2.92	96.73	7.81	8.48	66.25	68.5	2	23.9
972.719	33.08	2.92	96.60	7.82	8.47	66.26	68.6	2	23.9
973.118	33.22	2.92	97.00	7.80	8.49	66.17	68.2	2	23.9
973.517	33.21	2.93	97.23	7.81	8.50	66.36	68.2	2	23.9
973.916	33.17	2.92	97.00	7.80	8.49	66.21	68.3	2	23.9
974.315	33.17	2.93	97.04	7.81	8.51	66.41	68.4	2	23.9
974.714	33.20	2.92	96.95	7.83	8.48	66.40	68.5	2	23.9
975.113	33.15	2.93	97.07	7.82	8.51	66.55	68.6	2	23.9
975.512	33.26	2.94	97.71	7.82	8.48	66.28	67.8	2	23.9
975.911	33.21	2.93	97.30	7.81	8.48	66.26	68.1	2	23.9
976.310	33.31	2.93	97.59	7.82	8.51	66.58	68.2	2	23.9
976.709	33.20	2.92	97.02	7.82	8.48	66.30	68.3	2	23.9
977.108	33.35	2.93	97.87	7.79	8.50	66.27	67.7	2	23.9
977.507	33.19	2.93	97.27	7.82	8.51	66.55	68.4	2	23.9
977.906	33.31	2.94	97.87	7.83	8.50	66.52	68.0	2	23.9
978.305	33.31	2.93	97.70	7.83	8.48	66.40	68.0	2	23.9
978.704	33.37	2.94	98.01	7.86	8.49	66.73	68.1	2	23.9
979.103	32.99	2.93	96.70	7.82	8.50	66.47	68.7	2	23.9
979.502	33.39	2.93	97.85	7.84	8.48	66.47	67.9	2	23.9
979.901	33.24	2.93	97.44	7.82	8.50	66.52	68.3	2	23.9
980.300	33.22	2.93	97.30	7.84	8.50	66.60	68.4	2	23.9
980.699	33.20	2.93	97.19	7.84	8.53	66.87	68.8	2	23.9
981.098	33.30	2.93	97.66	7.86	8.51	66.89	68.5	2	23.9
981.497	33.29	2.94	97.83	7.85	8.51	66.83	68.3	2	23.9
981.896	33.25	2.93	97.56	7.87	8.54	67.20	68.9	2	23.9
982.295	33.22	2.94	97.57	7.85	8.52	66.88	68.5	2	23.9
982.694	33.24	2.94	97.76	7.86	8.52	66.95	68.5	2	23.9
983.093	33.16	2.92	96.81	7.83	8.51	66.61	68.8	2	23.9
983.492	33.25	2.94	97.61	7.82	8.53	66.71	68.3	2	23.9
983.891	33.17	2.93	97.17	7.80	8.51	66.34	68.3	2	23.9
984.290	33.25	2.95	98.03	7.82	8.54	66.78	68.1	2	23.9
984.689	33.27	2.94	97.84	7.80	8.50	66.29	67.7	2	23.9
985.088	33.25	2.95	97.98	7.83	8.55	66.89	68.3	2	23.9
985.487	33.20	2.94	97.46	7.81	8.53	66.64	68.4	2	23.9
985.886	33.21	2.93	97.41	7.82	8.53	66.73	68.5	2	23.9
986.285	33.27	2.95	98.15	7.83	8.50	66.56	67.8	2	23.9
986.684	33.21	2.93	97.45	7.83	8.52	66.65	68.4	2	23.9
987.083	33.13	2.93	97.16	7.81	8.50	66.38	68.3	2	23.9
987.482	33.06	2.93	96.75	7.82	8.51	66.57	68.8	2	23.9
987.881	33.08	2.92	96.75	7.80	8.52	66.45	68.7	2	23.9
988.280	33.16	2.93	97.17	7.79	8.52	66.40	68.3	2	23.9
988.679	33.05	2.92	96.66	7.82	8.50	66.50	68.8	2	23.9
989.078	33.16	2.92	96.79	7.81	8.48	66.25	68.4	2	23.9
989.477	33.14	2.92	96.66	7.81	8.48	66.24	68.5	2	23.9
989.876	33.12	2.93	97.01	7.82	8.48	66.26	68.3	2	23.9
990.275	33.05	2.93	96.73	7.80	8.49	66.19	68.4	2	23.9
990.674	33.04	2.93	96.81	7.76	8.48	65.82	68.0	2	23.9
991.073	33.10	2.93	97.00	7.81	8.49	66.36	68.4	2	23.9
991.472	32.96	2.93	96.42	7.78	8.49	66.04	68.5	2	23.9
991.871	33.02	2.92	96.56	7.79	8.46	65.86	68.2	2	23.9
992.270	33.01	2.92	96.42	7.79	8.46	65.86	68.3	2	23.9
992.669	33.15	2.92	96.79	7.80	8.48	66.10	68.3	2	23.9
993.068	32.94	2.93	96.40	7.79	8.48	66.05	68.5	2	23.9
993.467	33.10	2.92	96.73	7.81	8.45	65.92	68.1	2	23.9
993.866	32.97	2.92	96.21	7.78	8.46	65.82	68.4	2	23.9
994.265	33.24	2.91	96.65	7.79	8.45	65.84	68.1	2	23.9
994.664	32.99	2.92	96.43	7.78	8.46	65.86	68.3	2	23.9
995.063	32.97	2.92	96.29	7.78	8.46	65.75	68.3	2	23.9
995.462	33.02	2.92	96.25	7.80	8.46	66.00	68.6	2	23.9
995.861	33.08	2.91	96.36	7.79	8.46	65.98	68.5	2	23.9
996.260	33.10	2.92	96.67	7.76	8.47	65.80	68.1	2	23.9
996.659	33.33	2.92	97.31	7.80	8.48	66.12	67.9	2	23.9
997.058	33.08	2.93	96.79	7.78	8.50	66.09	68.3	2	23.9
997.457	33.21	2.93	97.19	7.77	8.47	65.86	67.8	2	23.9
997.856	33.21	2.92	96.97	7.78	8.48	65.97	68.0	2	23.9
998.255	33.03	2.92	96.49	7.80	8.49	66.22	68.6	2	23.9
998.654	33.14	2.92	96.63	7.81	8.47	66.15	68.5	2	23.9
999.053	33.04	2.92	96.35	7.78	8.48	66.01	68.5	2	23.9
999.452	33.19	2.91	96.62	7.78	8.45	65.69	68.0	2	23.9
999.851	33.20	2.91	96.73	7.79	8.48	66.10	68.3	2	23.9
1000.250	33.09	2.91	96.36	7.77	8.49	65.95	68.4	2	23.9
1000.650	33.10	2.91	96.28	7.78	8.46	65.84	68.4	2	23.9
1001.050	33.02	2.91	96.14	7.75	8.47	65.67	68.3	2	23.9
1001.450	32.89	2.92	95.97	7.77	8.44	65.58	68.3	2	23.9
1001.850	33.07	2.92	96.41	7.78	8.46	65.80	68.2	2	23.9
1002.250	32.96	2.91	95.99	7.77	8.46	65.78	68.5	2	23.9
1002.650	33.02	2.92	96.40	7.78	8.43	65.61	68.1	2	23.9
1003.050	33.13	2.88	95.32	7.76	8.45	65.59	68.8	2	23.7
1003.450	33.16	2.88	95.36	7.73	8.41	64.98	68.1	2	23.7
1003.850	33.04	2.87	94.93	7.73	8.44	65.28	68.8	2	23.7
1004.250	33.08	2.88	95.16	7.74	8.43	65.25	68.6	2	23.7
1004.650	33.25	2.88	95.74	7.73	8.46	65.39	68.3	2	23.7
1005.050	33.19	2.87	95.14	7.74	8.43	65.27	68.6	2	23.7
1005.450	33.18	2.86	95.03	7.74	8.44	65.32	68.7	2	23.7
1005.850	33.19	2.88	95.45	7.78	8.41	65.41	68.5	2	23.7
1006.250	33.27	2.87	95.59	7.77	8.42	65.42	68.4	2	23.7
1006.650	33.18	2.89	95.79	7.74	8.42	65.14	68.0	2	23.7
1007.050	33.09	2.88	95.14	7.75	8.41	65.16	68.5	2	23.7
1007.450	33.10	2.87	95.16	7.72	8.41	64.92	68.2	2	23.7
1007.850	33.08	2.87	94.82	7.74	8.41	65.07	68.6	2	23.7
1008.250	33.22	2.87	95.47	7.75	8.39	64.99	68.1	2	23.7
1008.650	32.91	2.88	94.80	7.74	8.44	65.30	68.9	2	23.7
1009.050	33.05	2.87	94.81	7.74	8.43	65.19	68.8	2	23.7
1009.450	33.15	2.88	95.63	7.73	8.41	65.02	68.0	2	23.7
1009.850	33.17	2.87	95.20	7.76	8.40	65.17	68.5	2	23.7
1010.250	33.12	2.88	95.23	7.74	8.42	65.16	68.4	2	23.7
1010.650	33.19	2.88	95.43	7.75	8.44	65.46	68.6	2	23.7
1011.050	32.92	2.87	94.48	7.74	8.43	65.29	69.1	2	23.7
1011.450	33.12	2.87	95.17	7.78	8.42	65.51	68.8	2	23.7
1011.850	32.92	2.87	94.58	7.74	8.41	65.12	68.9	2	23.7
1012.250	33.18	2.87	95.32	7.75	8.43	65.35	68.6	2	23.7
1012.650	33.21	2.89	95.87	7.74	8.43	65.26	68.1	2	23.7
1013.050	33.33	2.87	95.76	7.76	8.44	65.53	68.4	2	23.7
1013.450	33.16	2.88	95.39	7.75	8.42	65.25	68.4	2	23.7
1013.850	33.30	2.88	95.92	7.75	8.44	65.47	68.3	2	23.7
1014.250	33.32	2.89	96.35	7.75	8.46	65.54	68.0	2	23.7
1014.650	33.21	2.88	95.58	7.75	8.49	65.77	68.8	2	23.7
1015.050	33.19	2.89	95.97	7.79	8.46	65.90	68.7	2	23.7
1015.450	33.30	2.90	96.70	7.78	8.49	66.01	68.3	2	23.7
1015.850	33.34	2.90	96.76	7.78	8.49	66.09	68.3	2	23.7
1016.250	33.40	2.90	96.89	7.78	8.48	65.95	68.1	2	23.7
1016.650	33.38	2.90	96.92	7.78	8.51	66.19	68.3	2	23.7
1017.050	33.44	2.91	97.36	7.81	8.51	66.51	68.3	2	23.7
1017.450	33.43	2.92	97.60	7.79	8.51	66.31	67.9	2	23.7
1017.850	33.55	2.92	97.81	7.82	8.54	66.82	68.3	2	23.7
1018.250	33.51	2.91	97.68	7.82	8.53	66.75	68.3	2	23.7
1018.650	33.48	2.93	98.01	7.85	8.55	67.05	68.4	2	23.7
1019.050	33.48	2.93	97.94	7.85	8.54	67.04	68.5	2	23.7
1019.450	33.70	2.93	98.81	7.90	8.56	67.61	68.4	2	23.7
1019.850	33.69	2.93	98.67	7.87	8.57	67.42	68.3	2	23.7
1020.250	33.77	2.93	98.99	7.86	8.58	67.47	68.2	2	23.7
1020.650	33.67	2.93	98.71	7.87	8.59	67.63	68.5	2	23.7
1021.050	33.80	2.94	99.35	7.90	8.62	68.06	68.5	2	23.7
1021.450	33.94	2.94	99.83	7.90	8.61	67.99	68.1	2	23.7
1021.850	33.86	2.95	99.99	7.91	8.60	67.98	68.0	2	23.7
1022.250	33.89	2.93	99.29	7.90	8.58	67.79	68.3	2	23.5
1022.650	34.14	2.90	98.96	7.88	8.57	67.52	68.2	2	23.5
1023.050	34.16	2.91	99.47	7.89	8.56	67.52	67.9	2	23.5
1023.450	34.20	2.92	99.73	7.90	8.58	67.72	67.9	2	23.5
1023.850	34.22	2.91	99.45	7.90	8.58	67.80	68.2	2	23.5
1024.250	34.27	2.92	100.09	7.90	8.59	67.90	67.8	2	23.5
1024.651	34.31	2.90	99.64	7.94	8.58	68.16	68.4	2	23.5
1025.051	34.27	2.92	100.06	7.90	8.61	67.97	67.9	2	23.5
1025.452	34.39	2.91	99.97	7.95	8.61	68.42	68.4	2	23.5
1025.852	34.47	2.91	100.46	7.94	8.61	68.39	68.1	2	23.5
1026.253	34.42	2.91	100.28	7.95	8.63	68.61	68.4	2	23.5
1026.654	34.41	2.92	100.47	7.95	8.61	68.49	68.2	2	23.5
1027.055	34.48	2.93	100.86	7.99	8.63	68.98	68.4	2	23.5
1027.456	34.52	2.92	100.66	7.97	8.65	68.87	68.4	2	23.5
1027.857	34.52	2.93	101.18	7.99	8.67	69.28	68.5	2	23.5
1028.258	34.68	2.92	101.35	7.99	8.66	69.20	68.3	2	23.5
1028.659	34.52	2.94	101.51	7.99	8.67	69.28	68.2	2	23.5
1029.060	34.61	2.93	101.48	7.98	8.69	69.37	68.4	2	23.5
1029.461	34.67	2.94	101.94	7.98	8.67	69.17	67.9	2	23.5
1029.862	34.65	2.94	101.85	8.00	8.67	69.31	68.0	2	23.5
1030.263	34.71	2.95	102.50	8.00	8.69	69.51	67.8	2	23.5
1030.664	34.72	2.96	102.64	7.99	8.68	69.35	67.6	2	23.5
1031.065	34.78	2.94	102.24	7.98	8.68	69.21	67.7	2	23.5
1031.466	34.77	2.96	102.86	8.00	8.69	69.58	67.6	2	23.5
1031.867	34.85	2.95	102.84	8.01	8.71	69.77	67.8	2	23.5
1032.268	34.80	2.95	102.59	8.00	8.68	69.43	67.7	2	23.5
1032.669	34.61	2.95	102.02	8.03	8.73	70.08	68.7	2	23.5
1033.070	34.80	2.96	103.08	8.03	8.71	69.91	67.8	2	23.5
1033.471	34.78	2.95	102.50	8.01	8.71	69.81	68.1	2	23.5
1033.872	34.78	2.96	102.94	8.02	8.73	70.03	68.0	2	23.5
1034.273	34.87	2.95	102.87	8.02	8.73	69.98	68.0	2	23.5
1034.674	34.79	2.96	102.83	8.02	8.75	70.15	68.2	2	23.5
1035.075	34.83	2.96	103.00	8.05	8.73	70.22	68.2	2	23.5
1035.476	34.94	2.95	103.11	8.04	8.74	70.30	68.2	2	23.5
1035.877	35.04	2.96	103.71	8.04	8.73	70.22	67.7	2	23.5
1036.278	34.97	2.96	103.61	8.07	8.72	70.39	67.9	2	23.5
1036.679	34.92	2.96	103.51	8.06	8.75	70.52	68.1	2	23.5
1037.080	34.87	2.96	103.17	8.08	8.74	70.61	68.4	2	23.5
1037.481	34.99	2.97	103.88	8.06	8.77	70.74	68.1	2	23.5
1037.882	34.92	2.97	103.85	8.06	8.78	70.77	68.1	2	23.5
1038.283	34.90	2.98	103.83	8.08	8.78	70.90	68.3	2	23.5
1038.684	35.15	2.96	104.16	8.08	8.76	70.81	68.0	2	23.5
1039.085	34.99	2.98	104.28	8.10	8.76	70.96	68.0	2	23.5
1039.486	35.02	2.97	103.87	8.11	8.78	71.24	68.6	2	23.5
1039.887	35.16	2.96	104.21	8.12	8.78	71.33	68.4	2	23.5
1040.288	35.21	2.97	104.50	8.09	8.76	70.88	67.8	2	23.5
1040.689	35.12	2.98	104.54	8.12	8.79	71.38	68.3	2	23.5
1041.090	35.12	2.98	104.59	8.12	8.81	71.52	68.4	2	23.5
1041.491	35.08	2.98	104.46	8.12	8.81	71.48	68.4	2	23.5
1041.892	35.16	2.98	104.83	8.10	8.80	71.24	68.0	2	23.5
1042.293	35.16	2.98	104.74	8.11	8.77	71.17	67.9	2	23.5
1042.694	35.12	2.98	104.80	8.11	8.81	71.52	68.2	2	23.5
1043.095	35.19	2.98	104.84	8.14	8.83	71.92	68.6	2	23.5
1043.496	35.20	2.99	105.41	8.13	8.83	71.75	68.1	2	23.5
1043.897	35.23	2.99	105.48	8.12	8.83	71.68	68.0	2	23.5
1044.298	35.13	2.99	105.01	8.13	8.83	71.77	68.3	2	23.5
1044.699	35.06	2.99	104.68	8.12	8.83	71.68	68.5	2	23.5
1045.100	35.31	2.99	105.40	8.15	8.83	72.02	68.3	2	23.5
1045.501	35.15	3.00	105.33	8.13	8.82	71.74	68.1	2	23.5
1045.902	35.25	2.99	105.32	8.15	8.85	72.11	68.5	2	23.5
1046.303	35.22	3.00	105.55	8.12	8.85	71.82	68.0	2	23.5
1046.704	35.09	2.99	105.07	8.16	8.83	72.00	68.5	2	23.5
1047.105	35.17	3.00	105.42	8.13	8.85	71.99	68.3	2	23.5
1047.506	35.21	3.01	105.88	8.13	8.85	71.93	67.9	2	23.5
1047.907	35.21	3.00	105.75	8.12	8.86	71.96	68.0	2	23.5
1048.308	35.21	3.01	106.11	8.15	8.86	72.18	68.0	2	23.5
1048.709	35.30	3.00	105.97	8.13	8.84	71.92	67.9	2	23.5
1049.110	35.27	3.00	105.70	8.16	8.85	72.27	68.4	2	23.5
1049.511	35.28	3.00	105.84	8.13	8.85	71.89	67.9	2	23.5
1049.912	35.16	2.99	104.98	8.13	8.85	71.97	68.6	2	23.5
1050.313	35.26	3.00	105.63	8.13	8.87	72.15	68.3	2	23.5
1050.714	35.30	3.00	105.79	8.15	8.85	72.15	68.2	2	23.5
1051.115	35.41	3.00	106.10	8.16	8.85	72.18	68.0	2	23.5
1051.516	35.39	2.99	105.74	8.13	8.87	72.14	68.2	2	23.5
1051.917	35.58	3.01	107.17	8.16	8.87	72.34	67.5	2	23.5
1052.318	35.26	3.02	106.49	8.17	8.86	72.45	68.0	2	23.5
1052.719	35.36	3.00	106.10	8.16	8.88	72.44	68.3	2	23.5
1053.120	35.43	3.01	106.60	8.16	8.87	72.34	67.9	2	23.5
1053.521	35.42	3.01	106.47	8.17	8.87	72.46	68.1	2	23.5
1053.922	35.45	3.00	106.38	8.16	8.87	72.38	68.0	2	23.5
1054.323	35.43	3.01	106.55	8.15	8.87	72.34	67.9	2	23.5
1054.724	35.57	3.01	107.00	8.20	8.88	72.82	68.1	2	23.5
1055.125	35.54	3.00	106.55	8.19	8.89	72.79	68.3	2	23.5
1055.526	35.41	3.01	106.57	8.17	8.90	72.65	68.2	2	23.5
1055.927	35.45	3.01	106.78	8.16	8.91	72.70	68.1	2	23.5
1056.328	35.49	3.01	106.67	8.18	8.91	72.85	68.3	2	23.5
1056.729	35.40	3.02	106.75	8.18	8.92	72.91	68.3	2	23.5
1057.130	35.47	3.01	106.85	8.19	8.88	72.72	68.1	2	23.5
1057.531	35.52	3.01	106.86	8.18	8.87	72.54	67.9	2	23.5
1057.932	35.35	3.01	106.26	8.17	8.91	72.79	68.5	2	23.5
1058.333	35.52	3.00	106.53	8.19	8.88	72.68	68.2	2	23.5
1058.734	35.42	3.01	106.71	8.19	8.93	73.11	68.5	2	23.5
1059.135	35.58	3.00	106.78	8.20	8.91	73.07	68.4	2	23.5
1059.536	35.57	3.01	107.12	8.18	8.89	72.76	67.9	2	23.5
1059.937	35.43	3.02	107.06	8.18	8.92	73.00	68.2	2	23.5
1060.338	35.54	3.00	106.75	8.21	8.90	73.12	68.5	2	23.5
1060.739	35.60	3.01	107.08	8.22	8.89	72.99	68.2	2	23.5
1061.140	35.53	3.01	106.91	8.21	8.89	72.99	68.3	2	23.5
1061.541	35.57	3.01	106.96	8.21	8.89	72.96	68.2	2	23.5
1061.942	35.46	3.01	106.58	8.22	8.91	73.25	68.7	2	23.5
1062.343	35.58	3.02	107.40	8.20	8.89	72.92	67.9	2	23.5
1062.744	35.45	3.01	106.70	8.23	8.92	73.43	68.8	2	23.5
1063.145	35.57	3.02	107.57	8.22	8.91	73.27	68.1	2	23.5
1063.546	35.51	3.00	106.62	8.22	8.93	73.34	68.8	2	23.5
1063.947	35.64	3.01	107.13	8.21	8.90	73.04	68.2	2	23.5
1064.348	35.77	3.01	107.79	8.20	8.93	73.24	67.9	2	23.5
1064.749	35.44	3.01	106.85	8.23	8.91	73.32	68.6	2	23.5
1065.150	35.65	3.02	107.68	8.25	8.91	73.50	68.3	2	23.5
1065.551	35.55	3.02	107.50	8.22	8.95	73.58	68.4	2	23.5
1065.952	35.57	3.02	107.29	8.22	8.92	73.30	68.3	2	23.5
1066.353	35.54	3.02	107.49	8.27	8.93	73.79	68.6	2	23.5
1066.754	35.56	3.01	107.17	8.19	8.94	73.28	68.4	2	23.5
1067.155	35.59	3.02	107.35	8.22	8.93	73.42	68.4	2	23.5
1067.556	35.65	3.02	107.53	8.21	8.92	73.19	68.1	2	23.5
1067.957	35.72	3.00	107.23	8.22	8.92	73.34	68.4	2	23.5
1068.358	35.53	3.01	107.03	8.22	8.88	73.06	68.3	2	23.5
1068.759	35.66	3.02	107.79	8.23	8.95	73.59	68.3	2	23.5
1069.160	35.58	3.02	107.31	8.20	8.90	73.04	68.1	2	23.5
1069.561	35.62	3.01	107.31	8.23	8.91	73.40	68.4	2	23.5
1069.962	35.61	3.01	107.10	8.20	8.92	73.13	68.3	2	23.5
1070.363	35.56	3.01	106.94	8.22	8.90	73.09	68.3	2	23.5
1070.764	35.72	3.02	107.85	8.22	8.88	72.99	67.7	2	23.5
1071.165	35.52	3.01	106.77	8.19	8.91	72.92	68.3	2	23.5
1071.566	35.61	3.01	107.25	8.19	8.91	72.99	68.1	2	23.5
1071.967	35.47	3.02	106.94	8.20	8.92	73.14	68.4	2	23.5
1072.368	35.56	3.01	107.13	8.20	8.90	72.93	68.1	2	23.5
1072.769	35.52	3.00	106.67	8.20	8.90	72.96	68.4	2	23.5
1073.170	35.55	3.00	106.66	8.19	8.88	72.75	68.2	2	23.5
1073.571	35.51	3.01	106.97	8.19	8.92	73.07	68.3	2	23.5
1073.972	35.58	3.00	106.84	8.20	8.88	72.80	68.1	2	23.5
1074.373	35.46	2.99	106.16	8.20	8.90	72.93	68.7	2	23.5
1074.774	35.55	3.00	106.69	8.19	8.89	72.82	68.3	2	23.5
1075.175	35.56	3.00	106.85	8.20	8.86	72.67	68.0	2	23.5
1075.576	35.41	3.02	106.81	8.18	8.92	73.01	68.3	2	23.5
1075.977	35.47	3.02	107.05	8.21	8.92	73.24	68.4	2	23.5
1076.378	35.52	3.00	106.40	8.20	8.92	73.12	68.7	2	23.5
1076.779	35.44	3.00	106.32	8.21	8.94	73.38	69.0	2	23.5
1077.180	35.61	3.00	106.93	8.22	8.91	73.23	68.5	2	23.5
1077.581	35.53	3.02	107.17	8.19	8.92	73.10	68.2	2	23.5
1077.982	35.51	3.02	107.39	8.19	8.89	72.76	67.8	2	23.5
1078.383	35.48	3.01	106.66	8.21	8.93	73.32	68.7	2	23.5
1078.784	35.59	3.02	107.37	8.20	8.91	73.02	68.0	2	23.5
1079.185	35.48	3.01	106.87	8.19	8.94	73.28	68.6	2	23.5
1079.586	35.49	3.02	107.33	8.20	8.92	73.16	68.2	2	23.5
1079.987	35.50	3.02	107.23	8.20	8.95	73.41	68.5	2	23.5
1080.388	35.63	3.02	107.65	8.21	8.93	73.33	68.1	2	23.5
1080.789	35.52	3.02	107.28	8.21	8.90	73.05	68.1	2	23.5
1081.190	35.54	3.02	107.28	8.19	8.92	73.02	68.1	2	23.5
1081.591	35.58	3.03	107.67	8.18	8.92	72.97	67.8	2	23.5
1081.992	35.50	3.01	106.90	8.22	8.93	73.34	68.6	2	23.5
1082.393	35.62	3.02	107.57	8.20	8.91	73.07	67.9	2	23.5
1082.794	35.65	3.02	107.66	8.21	8.90	73.05	67.8	2	23.5
1083.195	35.47	3.02	107.07	8.24	8.91	73.40	68.6	2	23.5
1083.596	35.53	3.01	107.03	8.21	8.91	73.16	68.4	2	23.5
1083.997	35.51	3.03	107.44	8.23	8.93	73.49	68.4	2	23.5
1084.398	35.55	3.02	107.36	8.20	8.93	73.31	68.3	2	23.5
1084.799	35.53	3.03	107.66	8.24	8.95	73.80	68.6	2	23.5
1085.200	35.64	3.02	107.54	8.23	8.92	73.35	68.2	2	23.5
1085.601	35.63	3.02	107.68	8.24	8.93	73.57	68.3	2	23.5
1086.002	35.57	3.01	107.24	8.23	8.95	73.68	68.7	2	23.5
1086.403	35.70	3.02	107.89	8.22	8.91	73.28	67.9	2	23.5
1086.804	35.70	3.01	107.47	8.21	8.92	73.26	68.2	2	23.5
1087.205	35.60	3.02	107.53	8.26	8.90	73.58	68.4	2	23.5
1087.606	35.69	3.03	108.17	8.24	8.94	73.65	68.1	2	23.5
1088.007	35.71	3.04	108.40	8.21	8.94	73.41	67.7	2	23.5
1088.408	35.72	3.03	108.20	8.26	8.92	73.69	68.1	2	23.5
1088.809	35.73	3.04	108.51	8.23	8.93	73.45	67.7	2	23.5
1089.210	35.73	3.03	108.32	8.24	8.93	73.55	67.9	2	23.5
1089.611	35.75	3.03	108.43	8.24	8.95	73.70	68.0	2	23.5
1090.012	35.75	3.03	108.23	8.25	8.95	73.82	68.2	2	23.5
1090.413	35.76	3.03	108.40	8.25	8.92	73.58	67.9	2	23.5
1090.814	35.59	3.02	107.50	8.24	8.94	73.71	68.6	2	23.5
1091.215	35.76	3.04	108.61	8.27	8.95	74.01	68.1	2	23.5
1091.616	35.69	3.03	108.29	8.26	8.97	74.08	68.4	2	23.5
1092.017	35.80	3.04	108.70	8.25	8.95	73.81	67.9	2	23.5
1092.418	35.79	3.04	108.65	8.26	8.96	74.02	68.1	2	23.5
1092.819	35.80	3.03	108.30	8.26	8.95	73.92	68.3	2	23.5
1093.220	35.64	3.03	108.11	8.27	8.97	74.17	68.6	2	23.5
1093.621	35.78	3.03	108.28	8.24	8.97	73.91	68.3	2	23.5
1094.022	35.73	3.03	108.31	8.25	8.98	74.07	68.4	2	23.5
1094.423	35.70	3.04	108.52	8.27	8.93	73.86	68.1	2	23.5
1094.824	35.85	3.00	107.54	8.21	8.89	72.99	67.9	2	23.3
1095.225	35.94	3.00	107.73	8.22	8.89	73.04	67.8	2	23.3
1095.626	35.87	2.99	107.34	8.20	8.90	72.94	67.9	2	23.3
1096.027	35.92	3.00	107.62	8.20	8.88	72.86	67.7	2	23.3
1096.428	35.85	3.01	107.81	8.21	8.90	73.13	67.8	2	23.3
1096.829	35.80	3.00	107.32	8.21	8.91	73.08	68.1	2	23.3
1097.230	35.69	3.00	107.21	8.20	8.92	73.12	68.2	2	23.3
1097.631	35.76	3.00	107.39	8.22	8.90	73.10	68.1	2	23.3
1098.032	35.93	3.00	107.70	8.20	8.89	72.95	67.7	2	23.3
1098.433	35.93	3.00	107.83	8.19	8.88	72.76	67.5	2	23.3
1098.834	35.82	2.99	106.99	8.21	8.92	73.21	68.4	2	23.3
1099.235	35.93	2.99	107.38	8.21	8.91	73.16	68.1	2	23.3
1099.636	35.87	2.99	107.26	8.21	8.91	73.21	68.3	2	23.3
1100.037	36.00	3.00	107.96	8.20	8.91	73.08	67.7	2	23.3
1100.438	35.82	2.98	106.88	8.20	8.91	73.11	68.4	2	23.3
1100.839	35.74	3.00	107.16	8.23	8.91	73.30	68.4	2	23.3
1101.240	35.90	2.98	106.84	8.20	8.90	73.00	68.3	2	23.3
1101.641	35.87	2.98	106.92	8.21	8.89	73.00	68.3	2	23.3
1102.042	35.81	2.99	107.01	8.19	8.88	72.69	67.9	2	23.3
1102.443	35.82	2.99	107.12	8.20	8.90	72.96	68.1	2	23.3
1102.844	35.68	2.98	106.15	8.20	8.88	72.87	68.6	2	23.3
1103.245	35.82	2.98	106.81	8.19	8.90	72.89	68.2	2	23.3
1103.646	35.78	2.97	106.38	8.17	8.88	72.50	68.2	2	23.3
1104.047	35.71	2.98	106.46	8.17	8.89	72.70	68.3	2	23.3
1104.448	35.68	2.98	106.38	8.18	8.88	72.62	68.3	2	23.3
1104.849	35.68	2.97	106.07	8.19	8.86	72.63	68.5	2	23.3
1105.250	35.92	2.98	106.97	8.20	8.86	72.63	67.9	2	23.3
1105.651	35.60	2.98	106.13	8.17	8.87	72.42	68.2	2	23.3
1106.052	35.58	2.97	105.70	8.15	8.86	72.15	68.3	2	23.3
1106.453	35.61	2.97	105.84	8.17	8.86	72.31	68.3	2	23.3
1106.854	35.66	2.96	105.59	8.14	8.85	72.05	68.2	2	23.3
1107.255	35.73	2.96	105.82	8.12	8.84	71.78	67.8	2	23.3
1107.656	35.49	2.96	105.10	8.14	8.84	71.95	68.5	2	23.3
1108.057	35.54	2.97	105.44	8.11	8.81	71.42	67.7	2	23.3
1108.458	35.51	2.96	105.18	8.11	8.80	71.32	67.8	2	23.3
1108.859	35.41	2.96	104.72	8.14	8.83	71.81	68.6	2	23.3
1109.260	35.35	2.95	104.43	8.10	8.77	71.05	68.0	2	23.3
1109.661	35.20	2.96	104.18	8.08	8.78	70.95	68.1	2	23.3
1110.062	35.29	2.95	104.25	8.07	8.78	70.87	68.0	2	23.3
1110.463	35.17	2.95	103.67	8.06	8.80	70.98	68.5	2	23.3
1110.864	35.18	2.95	103.64	8.05	8.75	70.44	68.0	2	23.3
1111.265	35.04	2.95	103.26	8.08	8.76	70.81	68.6	2	23.3
1111.666	34.96	2.95	103.01	8.03	8.78	70.51	68.5	2	23.3
1112.067	34.98	2.93	102.43	8.03	8.76	70.36	68.7	2	23.3
1112.468	34.82	2.93	102.10	8.00	8.73	69.89	68.5	2	23.3
1112.869	34.89	2.93	102.14	8.04	8.71	70.07	68.6	2	23.3
1113.270	34.74	2.93	101.79	8.00	8.66	69.30	68.1	2	23.3
1113.671	34.77	2.92	101.38	8.00	8.70	69.57	68.6	2	23.3
1114.072	34.81	2.92	101.76	7.98	8.67	69.14	67.9	2	23.3
1114.473	34.69	2.92	101.37	7.97	8.67	69.16	68.2	2	23.3
1114.874	34.66	2.91	100.74	7.95	8.64	68.62	68.1	2	23.3
1115.275	34.50	2.91	100.29	7.95	8.68	69.05	68.8	2	23.3
1115.676	34.59	2.89	100.12	7.94	8.66	68.70	68.6	2	23.3
1116.077	34.54	2.90	100.09	7.92	8.64	68.42	68.4	2	23.3
1116.478	34.62	2.89	100.22	7.94	8.62	68.40	68.3	2	23.3
1116.879	34.53	2.89	99.62	7.89	8.59	67.77	68.0	2	23.3
1117.279	34.55	2.89	99.68	7.93	8.59	68.17	68.4	2	23.3
1117.679	34.41	2.88	99.11	7.89	8.57	67.67	68.3	2	23.3
1118.079	34.46	2.88	99.31	7.91	8.59	67.95	68.4	2	23.3
1118.479	34.34	2.87	98.72	7.88	8.59	67.67	68.5	2	23.3
1118.879	34.29	2.89	98.99	7.88	8.57	67.52	68.2	2	23.3
1119.279	34.20	2.88	98.40	7.85	8.56	67.15	68.2	2	23.3
1119.679	34.34	2.86	98.30	7.87	8.57	67.42	68.6	2	23.3
1120.079	34.30	2.86	98.09	7.82	8.55	66.90	68.2	2	23.3
1120.479	34.29	2.86	98.03	7.82	8.54	66.82	68.2	2	23.3
1120.879	34.24	2.85	97.65	7.87	8.52	67.06	68.7	2	23.3
1121.279	34.17	2.85	97.37	7.82	8.52	66.61	68.4	2	23.3
1121.679	34.13	2.86	97.57	7.81	8.52	66.57	68.2	2	23.3
1122.079	34.07	2.85	97.12	7.81	8.54	66.68	68.7	2	23.3
1122.479	34.13	2.85	97.12	7.80	8.48	66.20	68.2	2	23.3
1122.879	33.97	2.86	97.10	7.82	8.51	66.54	68.5	2	23.3
1123.279	34.09	2.85	97.13	7.78	8.46	65.84	67.8	2	23.3
1123.679	34.04	2.84	96.77	7.79	8.50	66.19	68.4	2	23.3
1124.079	34.05	2.84	96.67	7.79	8.49	66.09	68.4	2	23.3
1124.479	34.16	2.84	97.01	7.78	8.49	66.03	68.1	2	23.3
1124.879	34.08	2.84	96.69	7.80	8.51	66.35	68.6	2	23.3
1125.279	34.01	2.83	96.14	7.79	8.49	66.14	68.8	2	23.3
1125.679	34.14	2.83	96.46	7.79	8.47	65.99	68.4	2	23.3
1126.079	34.02	2.83	96.33	7.80	8.49	66.21	68.7	2	23.3
1126.479	33.95	2.83	96.15	7.81	8.48	66.24	68.9	2	23.3
1126.879	33.90	2.84	96.16	7.81	8.46	66.08	68.7	2	23.3
1127.279	33.88	2.84	96.08	7.80	8.50	66.30	69.0	2	23.3
1127.679	34.04	2.84	96.59	7.83	8.50	66.49	68.8	2	23.3
1128.079	34.04	2.84	96.75	7.79	8.50	66.19	68.4	2	23.3
1128.479	34.05	2.84	96.54	7.81	8.49	66.32	68.7	2	23.3
1128.879	34.10	2.84	96.91	7.84	8.48	66.46	68.6	2	23.3
1129.279	33.99	2.84	96.41	7.82	8.51	66.51	69.0	2	23.3
1129.679	34.20	2.84	97.10	7.82	8.50	66.41	68.4	2	23.3
1130.079	34.06	2.84	96.85	7.81	8.48	66.23	68.4	2	23.3
1130.479	34.23	2.85	97.39	7.84	8.47	66.37	68.1	2	23.3
1130.879	34.04	2.84	96.77	7.83	8.51	66.57	68.8	2	23.3
1131.279	34.14	2.85	97.37	7.86	8.50	66.81	68.6	2	23.3
1131.679	34.27	2.84	97.44	7.86	8.51	66.90	68.7	2	23.3
1132.079	34.10	2.85	97.20	7.86	8.49	66.74	68.7	2	23.3
1132.479	33.94	2.85	96.82	7.84	8.50	66.64	68.8	2	23.3
1132.879	34.43	2.85	98.10	7.83	8.51	66.63	67.9	2	23.3
1133.279	34.29	2.85	97.61	7.84	8.53	66.84	68.5	2	23.3
1133.679	34.23	2.85	97.63	7.85	8.50	66.69	68.3	2	23.3
1134.079	34.29	2.86	98.09	7.86	8.51	66.85	68.2	2	23.3
1134.479	34.19	2.86	97.73	7.88	8.52	67.16	68.7	2	23.3
1134.879	34.31	2.86	98.06	7.85	8.52	66.83	68.2	2	23.3
1135.279	34.34	2.86	98.23	7.87	8.57	67.48	68.7	2	23.3
1135.679	34.28	2.86	98.08	7.88	8.53	67.25	68.6	2	23.3
1136.079	34.30	2.87	98.36	7.91	8.55	67.59	68.7	2	23.1
1136.479	34.47	2.81	96.92	7.82	8.53	66.72	68.8	2	23.1
1136.879	34.62	2.81	97.22	7.85	8.51	66.80	68.7	2	23.1
1137.279	34.54	2.81	97.17	7.82	8.52	66.63	68.6	2	23.1
1137.679	34.73	2.80	97.31	7.81	8.53	66.62	68.5	2	23.1
1138.079	34.67	2.81	97.58	7.83	8.51	66.67	68.3	2	23.1
1138.479	34.73	2.82	97.76	7.85	8.54	66.99	68.5	2	23.1
1138.879	34.65	2.82	97.68	7.82	8.50	66.47	68.0	2	23.1
1139.279	34.70	2.81	97.67	7.88	8.53	67.20	68.8	2	23.1
1139.679	34.59	2.83	97.79	7.84	8.55	66.96	68.5	2	23.1
1140.079	34.62	2.82	97.76	7.88	8.55	67.36	68.9	2	23.1
1140.479	34.77	2.82	98.20	7.84	8.56	67.15	68.4	2	23.1
1140.879	34.52	2.83	97.79	7.87	8.55	67.23	68.8	2	23.1
1141.279	34.65	2.84	98.37	7.85	8.58	67.30	68.4	2	23.1
1141.679	34.73	2.84	98.50	7.85	8.55	67.15	68.2	2	23.1
1142.079	34.89	2.83	98.88	7.85	8.56	67.14	67.9	2	23.1
1142.479	34.76	2.85	98.94	7.89	8.57	67.58	68.3	2	23.1
1142.879	34.83	2.84	98.96	7.89	8.57	67.63	68.3	2	23.1
1143.279	34.83	2.85	99.37	7.87	8.58	67.56	68.0	2	23.1
1143.679	34.80	2.84	98.94	7.89	8.58	67.64	68.4	2	23.1
1144.079	34.56	2.84	98.09	7.89	8.58	67.77	69.1	2	23.1
1144.479	34.83	2.84	98.86	7.87	8.57	67.46	68.2	2	23.1
1144.879	34.84	2.85	99.14	7.89	8.61	67.91	68.5	2	23.1
1145.279	34.81	2.84	98.72	7.89	8.60	67.88	68.8	2	23.1
1145.679	34.89	2.85	99.34	7.88	8.60	67.82	68.3	2	23.1
1146.079	34.89	2.85	99.54	7.89	8.61	67.94	68.3	2	23.1
1146.479	34.87	2.85	99.34	7.87	8.57	67.49	67.9	2	23.1
1146.879	34.86	2.84	98.97	7.93	8.58	68.00	68.7	2	23.1
1147.279	34.91	2.86	99.82	7.89	8.60	67.87	68.0	2	23.1
1147.679	34.86	2.85	99.36	7.91	8.60	68.06	68.5	2	23.1
1148.079	34.86	2.85	99.51	7.89	8.60	67.83	68.2	2	23.1
1148.479	34.81	2.86	99.57	7.92	8.59	68.03	68.3	2	23.1
1148.879	34.90	2.86	99.67	7.93	8.62	68.32	68.6	2	23.1
1149.279	34.86	2.86	99.78	7.94	8.63	68.52	68.7	2	23.1
1149.679	35.04	2.87	100.44	7.92	8.59	68.11	67.8	2	23.1
1150.080	34.90	2.85	99.56	7.92	8.61	68.22	68.5	2	23.1
1150.480	34.91	2.84	99.02	7.91	8.65	68.37	69.0	2	23.1
1150.880	34.88	2.86	99.61	7.93	8.60	68.21	68.5	2	23.1
1151.280	34.98	2.86	99.95	7.95	8.64	68.66	68.7	2	23.1
1151.680	35.05	2.87	100.54	7.95	8.62	68.47	68.1	2	23.1
1152.081	35.09	2.86	100.44	7.92	8.64	68.41	68.1	2	23.1
1152.482	34.98	2.87	100.37	7.96	8.65	68.86	68.6	2	23.1
1152.883	34.86	2.86	99.85	7.90	8.64	68.27	68.4	2	23.1
1153.283	35.04	2.86	100.37	7.93	8.62	68.36	68.1	2	23.1
1153.684	35.01	2.87	100.40	7.93	8.64	68.47	68.2	2	23.1
1154.085	35.09	2.87	100.65	7.95	8.62	68.51	68.1	2	23.1
1154.486	35.09	2.86	100.24	7.93	8.64	68.49	68.3	2	23.1
1154.887	35.01	2.88	100.67	7.96	8.68	69.07	68.6	2	23.1
1155.288	35.15	2.87	100.80	7.95	8.65	68.70	68.2	2	23.1
1155.689	35.00	2.86	100.20	7.93	8.65	68.61	68.5	2	23.1
1156.090	35.04	2.86	100.37	7.97	8.62	68.64	68.4	2	23.1
1156.491	35.03	2.87	100.44	7.96	8.65	68.83	68.5	2	23.1
1156.892	35.04	2.87	100.55	7.94	8.65	68.68	68.3	2	23.1
1157.293	34.89	2.88	100.52	7.95	8.64	68.68	68.3	2	23.1
1157.694	35.18	2.88	101.15	7.96	8.65	68.83	68.0	2	23.1
1158.095	35.08	2.88	100.94	7.96	8.63	68.66	68.0	2	23.1
1158.496	35.12	2.88	101.02	7.95	8.64	68.74	68.0	2	23.1
1158.897	35.17	2.86	100.73	7.97	8.65	68.88	68.4	2	23.1
1159.298	35.10	2.88	101.23	7.95	8.64	68.73	67.9	2	23.1
1159.699	35.24	2.88	101.38	7.98	8.66	69.15	68.2	2	23.1
1160.100	35.10	2.88	100.93	8.00	8.64	69.10	68.5	2	23.1
1160.501	35.16	2.87	101.02	7.98	8.67	69.20	68.5	2	23.1
1160.902	35.13	2.87	100.70	7.97	8.64	68.82	68.3	2	23.1
1161.303	35.03	2.87	100.62	7.99	8.67	69.28	68.9	2	23.1
1161.704	35.18	2.87	100.92	7.95	8.67	68.99	68.4	2	23.1
1162.105	35.21	2.87	101.05	7.96	8.67	69.09	68.4	2	23.1
1162.506	35.22	2.87	100.99	7.99	8.67	69.29	68.6	2	23.1
1162.907	35.18	2.86	100.77	7.98	8.68	69.22	68.7	2	23.1
1163.308	35.24	2.87	101.31	7.98	8.65	69.08	68.2	2	23.1
1163.709	35.08	2.88	101.09	8.00	8.67	69.39	68.6	2	23.1
1164.110	35.19	2.87	101.10	7.99	8.66	69.13	68.4	2	23.1
1164.511	35.27	2.88	101.53	8.00	8.67	69.34	68.3	2	23.1
1164.912	35.11	2.88	101.04	7.99	8.65	69.13	68.4	2	23.1
1165.313	35.23	2.89	101.86	8.00	8.69	69.46	68.2	2	23.1
1165.714	35.28	2.87	101.25	7.98	8.66	69.13	68.3	2	23.1
1166.115	35.36	2.88	101.91	8.01	8.65	69.26	68.0	2	23.1
1166.516	35.19	2.87	101.11	8.00	8.68	69.39	68.6	2	23.1
1166.917	35.19	2.88	101.31	7.98	8.70	69.38	68.5	2	23.1
1167.318	35.27	2.88	101.67	7.99	8.70	69.49	68.4	2	23.1
1167.719	35.16	2.88	101.43	8.00	8.71	69.62	68.6	2	23.1
1168.120	35.15	2.88	101.39	7.99	8.68	69.39	68.4	2	23.1
1168.521	35.27	2.90	102.15	8.01	8.67	69.38	67.9	2	23.1
1168.922	35.26	2.89	102.04	8.01	8.68	69.56	68.2	2	23.1
1169.323	35.32	2.89	101.95	8.02	8.70	69.72	68.4	2	23.1
1169.724	35.33	2.89	102.24	7.99	8.68	69.34	67.8	2	23.1
1170.125	35.45	2.88	102.06	8.00	8.70	69.60	68.2	2	23.1
1170.526	35.41	2.88	101.90	8.02	8.69	69.72	68.4	2	23.1
1170.927	35.24	2.87	101.17	7.99	8.71	69.57	68.8	2	23.1
1171.328	35.58	2.88	102.41	8.02	8.72	69.95	68.3	2	23.1
1171.729	35.43	2.89	102.38	8.02	8.73	70.06	68.4	2	23.1
1172.130	35.39	2.90	102.52	8.03	8.72	70.03	68.3	2	23.1
1172.531	35.29	2.90	102.22	8.05	8.69	69.96	68.4	2	23.1
1172.932	35.43	2.89	102.50	8.03	8.71	69.90	68.2	2	23.1
1173.333	35.50	2.90	102.80	8.02	8.72	69.95	68.0	2	23.1
1173.734	35.30	2.90	102.31	8.02	8.72	69.87	68.3	2	23.1
1174.135	35.45	2.89	102.59	8.03	8.72	70.05	68.3	2	23.1
1174.536	35.52	2.91	103.39	8.02	8.74	70.15	67.8	2	23.1
1174.937	35.40	2.90	102.57	8.00	8.74	69.87	68.1	2	23.1
1175.338	35.35	2.89	102.33	7.99	8.74	69.77	68.2	2	23.1
1175.739	35.38	2.90	102.50	8.00	8.74	69.89	68.2	2	23.1
1176.140	35.42	2.90	102.62	8.03	8.72	70.10	68.3	2	23.1
1176.541	35.42	2.91	102.90	8.03	8.73	70.17	68.2	2	23.1
1176.942	35.45	2.91	103.12	8.03	8.71	69.94	67.8	2	23.1
1177.343	35.51	2.90	102.86	7.98	8.72	69.65	67.7	2	23.1
1177.744	35.48	2.89	102.69	8.02	8.73	70.01	68.2	2	23.1
1178.145	35.48	2.90	102.98	8.02	8.70	69.73	67.7	2	23.1
1178.546	35.34	2.89	102.08	8.03	8.76	70.29	68.9	2	23.1
1178.947	35.44	2.91	103.08	8.03	8.73	70.07	68.0	2	23.1
1179.348	35.64	2.90	103.33	8.02	8.75	70.16	67.9	2	23.1
1179.749	35.52	2.90	103.09	8.03	8.73	70.14	68.0	2	23.1
1180.150	35.53	2.90	102.92	8.02	8.76	70.20	68.2	2	23.1
1180.551	35.48	2.90	102.92	8.01	8.72	69.83	67.9	2	23.1
1180.952	35.48	2.90	102.91	8.03	8.74	70.20	68.2	2	23.1
1181.353	35.64	2.92	103.90	8.04	8.74	70.25	67.6	2	23.1
1181.754	35.40	2.90	102.80	8.06	8.72	70.31	68.4	2	23.1
1182.155	35.53	2.91	103.34	8.05	8.75	70.38	68.1	2	23.1
1182.556	35.60	2.91	103.51	8.06	8.79	70.79	68.4	2	23.1
1182.957	35.65	2.91	103.56	8.05	8.74	70.31	67.9	2	23.1
1183.358	35.59	2.91	103.39	8.07	8.73	70.44	68.1	2	23.1
1183.759	35.57	2.91	103.66	8.07	8.76	70.70	68.2	2	23.1
1184.160	35.54	2.91	103.33	8.07	8.78	70.85	68.6	2	23.1
1184.561	35.78	2.91	103.99	8.07	8.77	70.75	68.0	2	23.1
1184.962	35.60	2.92	103.79	8.07	8.77	70.75	68.2	2	23.1
1185.363	35.71	2.92	104.26	8.07	8.80	71.06	68.2	2	23.1
1185.764	35.76	2.93	104.68	8.09	8.79	71.11	67.9	2	23.1
1186.165	35.79	2.93	104.93	8.10	8.77	71.01	67.7	2	23.1
1186.566	35.67	2.92	104.07	8.10	8.79	71.20	68.4	2	23.1
1186.967	35.78	2.93	104.84	8.12	8.79	71.39	68.1	2	23.1
1187.368	35.66	2.93	104.59	8.13	8.79	71.45	68.3	2	23.1
1187.769	35.81	2.92	104.72	8.10	8.79	71.17	68.0	2	23.1
1188.170	35.92	2.93	105.21	8.10	8.83	71.54	68.0	2	23.1
1188.571	35.98	2.93	105.30	8.14	8.82	71.85	68.2	2	23.1
1188.972	35.87	2.93	105.06	8.12	8.82	71.61	68.2	2	23.1
1189.373	35.89	2.93	105.17	8.14	8.81	71.73	68.2	2	23.1
1189.774	36.00	2.93	105.34	8.12	8.81	71.55	67.9	2	23.1
1190.175	35.91	2.94	105.49	8.14	8.83	71.89	68.1	2	23.1
1190.576	35.98	2.93	105.42	8.15	8.85	72.09	68.4	2	23.1
1190.977	35.96	2.94	105.88	8.15	8.84	72.09	68.1	2	23.1
1191.378	36.05	2.94	106.09	8.15	8.84	72.02	67.9	2	23.1
1191.779	36.10	2.95	106.45	8.16	8.87	72.32	67.9	2	23.1
1192.180	35.98	2.93	105.60	8.14	8.87	72.19	68.4	2	23.1
1192.581	35.98	2.96	106.45	8.16	8.85	72.23	67.9	2	23.1
1192.982	36.10	2.95	106.50	8.15	8.85	72.12	67.7	2	23.1
1193.383	36.04	2.95	106.38	8.16	8.87	72.34	68.0	2	23.1
1193.784	36.21	2.94	106.45	8.15	8.84	72.08	67.7	2	23.1
1194.185	36.21	2.95	106.94	8.15	8.86	72.20	67.5	2	23.1
1194.586	36.13	2.95	106.56	8.17	8.87	72.47	68.0	2	23.1
1194.987	36.04	2.96	106.82	8.17	8.90	72.67	68.0	2	23.1
1195.388	36.23	2.96	107.22	8.17	8.88	72.56	67.7	2	23.1
1195.789	36.22	2.96	107.16	8.20	8.90	72.99	68.1	2	23.1
1196.190	36.15	2.95	106.70	8.17	8.88	72.57	68.0	2	23.1
1196.591	36.27	2.96	107.27	8.19	8.89	72.81	67.9	2	23.1
1196.992	36.24	2.95	106.96	8.19	8.87	72.69	68.0	2	23.1
1197.393	36.26	2.95	107.05	8.18	8.91	72.90	68.1	2	23.1
1197.794	36.33	2.95	107.34	8.17	8.90	72.75	67.8	2	23.1
1198.195	36.22	2.96	107.18	8.20	8.92	73.15	68.2	2	23.1
1198.596	36.18	2.96	107.12	8.20	8.87	72.67	67.8	2	23.1
1198.997	36.14	2.95	106.78	8.22	8.92	73.28	68.6	2	23.1
1199.398	36.16	2.96	107.05	8.23	8.90	73.25	68.4	2	23.1
1199.799	36.16	2.97	107.50	8.21	8.90	73.14	68.0	2	23.1
1200.200	36.19	2.96	107.20	8.24	8.94	73.60	68.7	2	23.1
1200.601	36.28	2.96	107.29	8.21	8.92	73.28	68.3	2	23.1
1201.002	36.29	2.96	107.33	8.19	8.93	73.20	68.2	2	23.1
1201.403	36.14	2.95	106.74	8.21	8.92	73.30	68.7	2	23.1
1201.804	36.30	2.97	107.75	8.25	8.94	73.77	68.5	2	23.1
1202.205	36.37	2.97	108.03	8.20	8.94	73.31	67.9	2	23.1
1202.606	36.35	2.98	108.27	8.21	8.90	73.08	67.5	2	23.1
1203.007	36.29	2.97	107.80	8.22	8.92	73.30	68.0	2	23.1
1203.408	36.27	2.97	107.58	8.24	8.91	73.46	68.3	2	23.1
1203.809	36.34	2.97	107.77	8.22	8.93	73.42	68.1	2	23.1
1204.210	36.23	2.97	107.72	8.24	8.94	73.65	68.4	2	23.1
1204.611	36.39	2.98	108.36	8.20	8.95	73.39	67.7	2	23.1
1205.012	36.45	2.97	108.39	8.25	8.94	73.68	68.0	2	23.1
1205.413	36.14	2.97	107.23	8.22	8.95	73.64	68.7	2	23.1
1205.814	36.35	2.98	108.33	8.23	8.94	73.64	68.0	2	23.1
1206.215	36.27	2.97	107.86	8.21	8.96	73.57	68.2	2	23.1
1206.616	36.38	2.98	108.56	8.23	8.94	73.58	67.8	2	22.9
1207.017	36.45	2.93	106.83	8.18	8.88	72.63	68.0	2	22.9
1207.418	36.36	2.94	106.80	8.19	8.90	72.90	68.3	2	22.9
1207.819	36.32	2.93	106.47	8.16	8.89	72.47	68.1	2	22.9
1208.220	36.33	2.94	106.69	8.19	8.92	73.08	68.5	2	22.9
1208.621	36.48	2.94	107.30	8.17	8.90	72.71	67.8	2	22.9
1209.022	36.42	2.93	106.77	8.17	8.92	72.87	68.2	2	22.9
1209.423	36.53	2.93	107.02	8.16	8.92	72.84	68.1	2	22.9
1209.824	36.46	2.93	106.83	8.18	8.93	73.06	68.4	2	22.9
1210.225	36.46	2.92	106.36	8.15	8.91	72.63	68.3	2	22.9
1210.626	36.62	2.92	106.94	8.20	8.89	72.91	68.2	2	22.9
1211.027	36.42	2.92	106.49	8.16	8.88	72.49	68.1	2	22.9
1211.428	36.35	2.93	106.34	8.17	8.91	72.82	68.5	2	22.9
1211.829	36.49	2.92	106.61	8.16	8.89	72.61	68.1	2	22.9
1212.230	36.39	2.93	106.63	8.21	8.86	72.78	68.3	2	22.9
1212.631	36.49	2.93	106.76	8.18	8.90	72.79	68.2	2	22.9
1213.032	36.31	2.92	106.06	8.19	8.89	72.81	68.6	2	22.9
1213.433	36.43	2.93	106.63	8.16	8.88	72.49	68.0	2	22.9
1213.834	36.43	2.92	106.41	8.17	8.90	72.74	68.4	2	22.9
1214.235	36.47	2.94	107.12	8.19	8.91	72.95	68.1	2	22.9
1214.636	36.37	2.92	106.05	8.16	8.89	72.54	68.4	2	22.9
1215.037	36.49	2.94	107.26	8.17	8.88	72.52	67.6	2	22.9
1215.438	36.33	2.92	106.17	8.17	8.86	72.44	68.2	2	22.9
1215.839	36.50	2.91	106.35	8.18	8.89	72.71	68.4	2	22.9
1216.240	36.51	2.92	106.44	8.17	8.89	72.67	68.3	2	22.9
1216.641	36.53	2.92	106.66	8.16	8.88	72.48	68.0	2	22.9
1217.042	36.22	2.93	105.95	8.16	8.89	72.47	68.4	2	22.9
1217.443	36.37	2.92	106.29	8.17	8.89	72.63	68.3	2	22.9
1217.844	36.39	2.91	105.90	8.15	8.90	72.50	68.5	2	22.9
1218.245	36.47	2.93	106.68	8.19	8.89	72.83	68.3	2	22.9
1218.646	36.16	2.92	105.71	8.18	8.90	72.76	68.8	2	22.9
1219.047	36.39	2.92	106.42	8.17	8.88	72.53	68.2	2	22.9
1219.448	36.48	2.92	106.51	8.17	8.88	72.57	68.1	2	22.9
1219.849	36.35	2.93	106.42	8.17	8.88	72.58	68.2	2	22.9
1220.250	36.44	2.93	106.70	8.18	8.85	72.41	67.9	2	22.9
1220.651	36.30	2.93	106.32	8.18	8.88	72.66	68.3	2	22.9
1221.052	36.32	2.93	106.37	8.19	8.88	72.70	68.3	2	22.9
1221.453	36.53	2.92	106.76	8.18	8.89	72.68	68.1	2	22.9
1221.854	36.31	2.92	106.18	8.16	8.86	72.32	68.1	2	22.9
1222.255	36.54	2.93	107.03	8.20	8.88	72.85	68.1	2	22.9
1222.656	36.34	2.92	106.14	8.16	8.87	72.39	68.2	2	22.9
1223.057	36.34	2.92	106.22	8.17	8.88	72.54	68.3	2	22.9
1223.458	36.38	2.92	106.19	8.17	8.86	72.42	68.2	2	22.9
1223.859	36.36	2.94	106.80	8.19	8.86	72.54	67.9	2	22.9
1224.260	36.38	2.93	106.68	8.14	8.86	72.18	67.7	2	22.9
1224.661	36.39	2.93	106.66	8.19	8.84	72.42	67.9	2	22.9
1225.062	36.47	2.93	106.82	8.17	8.85	72.32	67.7	2	22.9
1225.463	36.32	2.93	106.58	8.16	8.87	72.39	67.9	2	22.9
1225.864	36.32	2.92	106.01	8.15	8.85	72.18	68.1	2	22.9
1226.265	36.27	2.92	105.98	8.17	8.87	72.50	68.4	2	22.9
1226.666	36.42	2.91	105.84	8.15	8.88	72.35	68.4	2	22.9
1227.067	36.44	2.92	106.27	8.17	8.86	72.42	68.2	2	22.9
1227.468	36.48	2.92	106.65	8.15	8.86	72.19	67.7	2	22.9
1227.869	36.28	2.91	105.58	8.17	8.87	72.46	68.6	2	22.9
1228.270	36.39	2.91	106.00	8.17	8.85	72.30	68.2	2	22.9
1228.671	36.31	2.91	105.68	8.16	8.86	72.28	68.4	2	22.9
1229.072	36.34	2.91	105.89	8.15	8.84	72.07	68.1	2	22.9
1229.473	36.35	2.92	106.10	8.15	8.84	72.07	67.9	2	22.9
1229.874	36.35	2.92	106.22	8.15	8.85	72.06	67.8	2	22.9
1230.275	36.26	2.92	105.94	8.14	8.86	72.14	68.1	2	22.9
1230.676	36.33	2.93	106.33	8.17	8.84	72.21	67.9	2	22.9
1231.077	36.35	2.92	106.13	8.17	8.82	72.10	67.9	2	22.9
1231.478	36.17	2.91	105.42	8.15	8.85	72.10	68.4	2	22.9
1231.879	36.28	2.91	105.67	8.15	8.82	71.89	68.0	2	22.9
1232.280	36.27	2.91	105.62	8.17	8.86	72.41	68.6	2	22.9
1232.681	36.28	2.92	105.80	8.17	8.86	72.39	68.4	2	22.9
1233.082	36.29	2.93	106.35	8.16	8.84	72.11	67.8	2	22.9
1233.483	36.16	2.92	105.45	8.16	8.87	72.38	68.6	2	22.9
1233.884	36.34	2.92	106.14	8.15	8.87	72.27	68.1	2	22.9
1234.285	36.31	2.93	106.29	8.16	8.86	72.32	68.0	2	22.9
1234.686	36.21	2.92	105.84	8.15	8.85	72.06	68.1	2	22.9
1235.087	36.38	2.93	106.41	8.16	8.87	72.35	68.0	2	22.9
1235.488	36.25	2.93	106.33	8.15	8.85	72.19	67.9	2	22.9
1235.889	36.23	2.93	106.02	8.14	8.86	72.16	68.1	2	22.9
1236.290	36.35	2.93	106.42	8.15	8.85	72.14	67.8	2	22.9
1236.691	36.30	2.94	106.66	8.17	8.88	72.52	68.0	2	22.9
1237.092	36.33	2.93	106.28	8.15	8.86	72.15	67.9	2	22.9
1237.493	36.40	2.94	106.95	8.17	8.86	72.42	67.7	2	22.9
1237.894	36.26	2.92	105.89	8.15	8.87	72.25	68.2	2	22.9
1238.295	36.14	2.93	105.82	8.14	8.87	72.23	68.3	2	22.9
1238.696	36.22	2.93	105.99	8.14	8.84	71.92	67.8	2	22.9
1239.097	36.16	2.92	105.75	8.15	8.87	72.35	68.4	2	22.9
1239.498	36.22	2.94	106.37	8.15	8.84	72.02	67.7	2	22.9
1239.899	36.15	2.93	106.03	8.13	8.88	72.13	68.0	2	22.9
1240.300	36.27	2.93	106.41	8.16	8.88	72.47	68.1	2	22.9
1240.701	36.27	2.92	105.99	8.15	8.85	72.10	68.0	2	22.9
1241.102	36.27	2.93	106.36	8.15	8.86	72.20	67.9	2	22.9
1241.503	36.19	2.93	105.89	8.14	8.86	72.11	68.1	2	22.9
1241.904	36.35	2.93	106.39	8.16	8.86	72.37	68.0	2	22.9
1242.305	36.41	2.93	106.58	8.14	8.84	71.97	67.5	2	22.9
1242.706	36.34	2.93	106.34	8.12	8.86	71.97	67.7	2	22.9
1243.107	36.17	2.92	105.50	8.12	8.83	71.76	68.0	2	22.9
1243.508	36.19	2.92	105.74	8.16	8.86	72.31	68.4	2	22.9
1243.909	36.10	2.93	105.72	8.15	8.85	72.10	68.2	2	22.9
1244.310	36.27	2.93	106.33	8.16	8.86	72.35	68.0	2	22.9
1244.711	36.28	2.93	106.12	8.16	8.86	72.28	68.1	2	22.9
1245.112	36.18	2.93	106.06	8.13	8.85	71.96	67.8	2	22.9
1245.513	36.29	2.92	105.97	8.17	8.84	72.24	68.2	2	22.9
1245.914	36.43	2.92	106.31	8.15	8.89	72.48	68.2	2	22.9
1246.315	36.20	2.93	106.02	8.18	8.86	72.53	68.4	2	22.9
1246.716	36.31	2.94	106.68	8.16	8.88	72.43	67.9	2	22.9
1247.117	36.30	2.93	106.29	8.16	8.86	72.30	68.0	2	22.9
1247.518	36.32	2.92	106.05	8.16	8.89	72.51	68.4	2	22.9
1247.919	36.14	2.93	105.92	8.18	8.86	72.45	68.4	2	22.9
1248.320	36.31	2.93	106.48	8.17	8.88	72.60	68.2	2	22.9
1248.721	36.30	2.93	106.38	8.15	8.87	72.31	68.0	2	22.9
1249.122	36.36	2.93	106.62	8.14	8.85	72.06	67.6	2	22.9
1249.523	36.31	2.93	106.44	8.15	8.88	72.34	68.0	2	22.9
1249.924	36.53	2.92	106.84	8.16	8.84	72.15	67.5	2	22.9
1250.325	36.47	2.93	106.93	8.18	8.85	72.41	67.7	2	22.9
1250.726	36.31	2.93	106.54	8.18	8.87	72.54	68.1	2	22.9
1251.127	36.41	2.94	107.12	8.16	8.87	72.32	67.5	2	22.9
1251.528	36.23	2.93	106.08	8.16	8.87	72.41	68.3	2	22.9
1251.929	36.29	2.93	106.44	8.16	8.88	72.42	68.0	2	22.9
1252.330	36.31	2.93	106.41	8.17	8.86	72.39	68.0	2	22.9
1252.731	36.41	2.92	106.42	8.16	8.85	72.24	67.9	2	22.9
1253.132	36.29	2.92	105.96	8.17	8.87	72.52	68.4	2	22.9
1253.533	36.18	2.93	105.93	8.14	8.86	72.12	68.1	2	22.9
1253.934	36.43	2.93	106.74	8.16	8.86	72.24	67.7	2	22.9
1254.335	36.51	2.92	106.71	8.16	8.87	72.42	67.9	2	22.9
1254.736	36.47	2.93	106.72	8.18	8.85	72.41	67.9	2	22.9
1255.137	36.36	2.93	106.56	8.17	8.83	72.14	67.7	2	22.9
1255.538	36.20	2.92	105.78	8.17	8.86	72.41	68.5	2	22.9
1255.939	36.24	2.92	105.95	8.15	8.86	72.17	68.1	2	22.9
1256.340	36.26	2.93	106.13	8.18	8.87	72.54	68.3	2	22.9
1256.741	36.54	2.92	106.79	8.22	8.88	72.96	68.3	2	22.9
1257.142	36.36	2.93	106.60	8.20	8.87	72.74	68.2	2	22.9
1257.543	36.39	2.93	106.60	8.17	8.85	72.32	67.8	2	22.9
1257.944	36.32	2.92	106.10	8.16	8.87	72.38	68.2	2	22.9
1258.345	36.50	2.92	106.62	8.16	8.87	72.44	67.9	2	22.9
1258.746	36.44	2.92	106.30	8.15	8.86	72.26	68.0	2	22.9
1259.147	36.35	2.91	105.83	8.20	8.88	72.80	68.8	2	22.9
1259.548	36.38	2.93	106.55	8.17	8.87	72.48	68.0	2	22.9
1259.949	36.40	2.92	106.41	8.18	8.90	72.78	68.4	2	22.9
1260.350	36.22	2.93	106.06	8.18	8.88	72.68	68.5	2	22.9
1260.751	36.44	2.93	106.70	8.15	8.87	72.27	67.7	2	22.9
1261.152	36.32	2.93	106.27	8.16	8.86	72.33	68.1	2	22.9
1261.553	36.30	2.92	105.81	8.18	8.86	72.47	68.5	2	22.9
1261.954	36.26	2.92	105.92	8.16	8.85	72.16	68.1	2	22.9
1262.355	36.33	2.92	105.97	8.13	8.85	71.99	67.9	2	22.9
1262.756	36.19	2.90	105.07	8.13	8.84	71.87	68.4	2	22.7
1263.157	36.46	2.85	103.78	8.06	8.77	70.69	68.1	2	22.7
1263.558	36.21	2.84	103.01	8.07	8.78	70.88	68.8	2	22.7
1263.959	36.31	2.86	103.91	8.04	8.78	70.62	68.0	2	22.7
1264.360	36.33	2.85	103.65	8.07	8.74	70.51	68.0	2	22.7
1264.761	36.42	2.86	104.08	8.07	8.77	70.84	68.1	2	22.7
1265.162	36.24	2.85	103.37	8.05	8.77	70.63	68.3	2	22.7
1265.563	36.34	2.85	103.63	8.04	8.75	70.40	67.9	2	22.7
1265.964	36.23	2.85	103.28	8.06	8.77	70.69	68.4	2	22.7
1266.365	36.36	2.84	103.27	8.05	8.76	70.49	68.3	2	22.7
1266.766	36.30	2.86	103.72	8.04	8.78	70.62	68.1	2	22.7
1267.167	36.39	2.86	104.14	8.03	8.77	70.39	67.6	2	22.7
1267.568	36.27	2.87	104.19	8.04	8.81	70.82	68.0	2	22.7
1267.969	36.26	2.86	103.62	8.03	8.79	70.56	68.1	2	22.7
1268.370	36.20	2.85	103.18	8.04	8.77	70.55	68.4	2	22.7
1268.771	36.19	2.85	103.31	8.07	8.78	70.86	68.6	2	22.7
1269.172	36.29	2.85	103.52	8.01	8.78	70.30	67.9	2	22.7
1269.573	36.14	2.86	103.25	8.02	8.78	70.47	68.3	2	22.7
1269.974	36.27	2.84	103.07	8.03	8.74	70.16	68.1	2	22.7
1270.375	36.22	2.84	102.95	8.03	8.80	70.70	68.7	2	22.7
1270.776	36.23	2.85	103.17	8.02	8.77	70.30	68.1	2	22.7
1271.177	36.09	2.85	102.95	8.01	8.78	70.36	68.3	2	22.7
1271.578	36.32	2.85	103.51	8.03	8.76	70.33	67.9	2	22.7
1271.979	36.25	2.86	103.67	8.05	8.74	70.36	67.9	2	22.7
1272.380	36.10	2.85	103.04	8.03	8.73	70.15	68.1	2	22.7
1272.781	36.04	2.84	102.31	8.03	8.73	70.08	68.5	2	22.7
1273.182	36.12	2.85	102.78	8.02	8.71	69.91	68.0	2	22.7
1273.583	36.10	2.85	102.74	8.03	8.73	70.12	68.2	2	22.7
1273.984	36.11	2.85	102.92	8.01	8.75	70.08	68.1	2	22.7
1274.385	36.08	2.84	102.61	8.00	8.71	69.70	67.9	2	22.7
1274.786	36.22	2.83	102.48	8.02	8.71	69.80	68.1	2	22.7
1275.187	35.98	2.84	102.04	8.00	8.75	69.97	68.6	2	22.7
1275.588	35.99	2.83	101.81	7.99	8.71	69.61	68.4	2	22.7
1275.989	35.99	2.84	102.09	8.01	8.72	69.80	68.4	2	22.7
1276.390	35.95	2.83	101.66	8.00	8.70	69.58	68.4	2	22.7
1276.791	36.02	2.84	102.13	8.00	8.73	69.76	68.3	2	22.7
1277.192	36.13	2.83	102.41	7.99	8.71	69.65	68.0	2	22.7
1277.593	35.99	2.84	102.06	8.00	8.69	69.55	68.1	2	22.7
1277.994	35.99	2.83	101.90	7.98	8.70	69.43	68.1	2	22.7
1278.395	36.00	2.82	101.60	8.00	8.68	69.43	68.3	2	22.7
1278.796	35.98	2.83	101.81	8.00	8.66	69.27	68.0	2	22.7
1279.197	36.07	2.83	102.11	7.96	8.70	69.29	67.9	2	22.7
1279.598	36.06	2.83	102.20	7.98	8.68	69.24	67.7	2	22.7
1279.999	35.99	2.83	101.78	7.98	8.69	69.40	68.2	2	22.7
1280.400	36.07	2.82	101.75	8.00	8.68	69.40	68.2	2	22.7
1280.801	36.04	2.82	101.79	7.96	8.69	69.18	68.0	2	22.7
1281.202	35.89	2.82	101.29	8.00	8.71	69.76	68.9	2	22.7
1281.603	35.95	2.83	101.87	7.99	8.68	69.34	68.1	2	22.7
1282.004	35.90	2.82	101.33	7.98	8.67	69.23	68.3	2	22.7
1282.405	35.94	2.82	101.24	7.97	8.66	69.06	68.2	2	22.7
1282.806	35.99	2.83	101.70	7.97	8.70	69.32	68.2	2	22.7
1283.207	35.82	2.82	100.87	7.99	8.67	69.29	68.7	2	22.7
1283.608	36.02	2.82	101.48	7.97	8.66	69.00	68.0	2	22.7
1284.009	35.94	2.82	101.48	7.96	8.65	68.89	67.9	2	22.7
1284.410	35.93	2.82	101.28	7.97	8.65	68.91	68.0	2	22.7
1284.811	35.94	2.82	101.51	7.93	8.62	68.36	67.3	2	22.7
1285.212	35.87	2.82	101.31	7.95	8.66	68.81	67.9	2	22.7
1285.613	35.76	2.82	100.97	7.95	8.64	68.70	68.0	2	22.7
1286.014	35.79	2.81	100.44	7.95	8.65	68.76	68.5	2	22.7
1286.415	35.83	2.81	100.82	7.92	8.67	68.64	68.1	2	22.7
1286.816	35.94	2.81	100.95	7.94	8.63	68.56	67.9	2	22.7
1287.217	35.90	2.80	100.55	7.93	8.65	68.53	68.2	2	22.7
1287.618	35.66	2.82	100.56	7.95	8.67	68.86	68.5	2	22.7
1288.019	35.74	2.82	100.64	7.94	8.59	68.18	67.7	2	22.7
1288.420	35.71	2.80	100.01	7.94	8.64	68.60	68.6	2	22.7
1288.821	35.79	2.81	100.73	7.92	8.61	68.23	67.7	2	22.7
1289.222	35.78	2.80	100.31	7.92	8.64	68.42	68.2	2	22.7
1289.623	35.79	2.82	100.87	7.92	8.62	68.27	67.7	2	22.7
1290.024	35.71	2.81	100.25	7.91	8.60	68.01	67.8	2	22.7
1290.425	35.64	2.81	100.21	7.96	8.60	68.46	68.3	2	22.7
1290.826	35.62	2.80	99.72	7.93	8.68	68.77	69.0	2	22.7
1291.226	35.56	2.80	99.47	7.92	8.62	68.23	68.6	2	22.7
1291.626	35.51	2.79	99.16	7.89	8.59	67.85	68.4	2	22.7
1292.026	35.71	2.79	99.48	7.93	8.58	68.01	68.4	2	22.7
1292.426	35.65	2.79	99.44	7.91	8.58	67.90	68.3	2	22.7
1292.826	35.66	2.79	99.67	7.93	8.58	68.10	68.3	2	22.7
1293.226	35.59	2.79	99.41	7.93	8.58	68.00	68.4	2	22.7
1293.626	35.55	2.80	99.54	7.92	8.55	67.74	68.0	2	22.7
1294.026	35.63	2.79	99.52	7.90	8.57	67.64	68.0	2	22.7
1294.426	35.57	2.80	99.49	7.85	8.55	67.17	67.5	2	22.7
1294.826	35.45	2.80	99.10	7.90	8.59	67.80	68.4	2	22.7
1295.226	35.63	2.80	99.61	7.90	8.56	67.63	67.9	2	22.7
1295.626	35.46	2.79	99.00	7.88	8.58	67.61	68.3	2	22.7
1296.026	35.50	2.79	99.13	7.87	8.61	67.82	68.4	2	22.7
1296.426	35.45	2.78	98.43	7.84	8.53	66.91	68.0	2	22.7
1296.826	35.50	2.77	98.44	7.90	8.57	67.69	68.8	2	22.7
1297.226	35.44	2.79	98.70	7.86	8.58	67.44	68.3	2	22.7
1297.626	35.53	2.78	98.92	7.90	8.53	67.39	68.1	2	22.7
1298.026	35.45	2.79	99.04	7.87	8.58	67.52	68.2	2	22.7
1298.426	35.47	2.80	99.49	7.87	8.59	67.65	68.0	2	22.7
1298.826	35.46	2.81	99.54	7.88	8.57	67.50	67.8	2	22.7
1299.226	35.56	2.79	99.16	7.88	8.60	67.80	68.4	2	22.7
1299.626	35.43	2.79	98.97	7.86	8.55	67.18	67.9	2	22.7
1300.026	35.27	2.79	98.50	7.90	8.60	67.93	69.0	2	22.7
1300.426	35.39	2.79	98.89	7.86	8.54	67.13	67.9	2	22.7
1300.826	35.46	2.80	99.25	7.87	8.58	67.57	68.1	2	22.7
1301.226	35.51	2.80	99.41	7.85	8.54	67.08	67.5	2	22.7
1301.626	35.38	2.79	98.85	7.84	8.54	67.00	67.8	2	22.7
1302.026	35.31	2.79	98.58	7.83	8.56	67.04	68.0	2	22.7
1302.426	35.45	2.79	98.91	7.84	8.54	67.00	67.7	2	22.7
1302.826	35.34	2.79	98.65	7.82	8.56	66.93	67.8	2	22.7
1303.226	35.25	2.78	98.11	7.84	8.56	67.09	68.4	2	22.7
1303.626	35.44	2.78	98.56	7.83	8.55	66.95	67.9	2	22.7
1304.026	35.28	2.78	98.17	7.79	8.54	66.60	67.8	2	22.7
1304.426	35.36	2.79	98.72	7.83	8.54	66.83	67.7	2	22.7
1304.826	35.36	2.76	97.76	7.83	8.53	66.74	68.3	2	22.7
1305.226	35.12	2.77	97.36	7.82	8.53	66.71	68.5	2	22.7
1305.626	35.24	2.77	97.44	7.80	8.51	66.41	68.2	2	22.7
1306.026	35.14	2.77	97.27	7.81	8.53	66.58	68.5	2	22.7
1306.426	35.11	2.77	97.18	7.80	8.52	66.41	68.3	2	22.7
1306.826	35.16	2.77	97.35	7.81	8.51	66.51	68.3	2	22.7
1307.226	35.09	2.76	96.74	7.79	8.51	66.28	68.5	2	22.7
1307.626	35.00	2.76	96.56	7.78	8.52	66.29	68.7	2	22.7
1308.026	35.11	2.76	97.06	7.77	8.49	66.00	68.0	2	22.7
1308.426	35.03	2.75	96.44	7.76	8.52	66.11	68.6	2	22.7
1308.826	35.02	2.76	96.52	7.80	8.50	66.30	68.7	2	22.7
1309.226	35.03	2.76	96.69	7.78	8.48	65.96	68.2	2	22.7
1309.626	34.99	2.76	96.52	7.79	8.45	65.81	68.2	2	22.7
1310.026	34.99	2.75	96.17	7.78	8.45	65.71	68.3	2	22.7
1310.426	35.00	2.75	96.33	7.78	8.47	65.85	68.4	2	22.7
1310.826	34.93	2.76	96.55	7.75	8.46	65.61	68.0	2	22.7
1311.226	34.88	2.74	95.72	7.73	8.45	65.31	68.2	2	22.7
1311.626	35.03	2.75	96.37	7.75	8.44	65.40	67.9	2	22.7
1312.026	34.76	2.74	95.10	7.75	8.43	65.34	68.7	2	22.7
1312.426	34.92	2.75	96.13	7.74	8.43	65.27	67.9	2	22.7
1312.826	34.94	2.74	95.64	7.77	8.43	65.48	68.5	2	22.7
1313.226	34.96	2.75	96.01	7.73	8.43	65.15	67.9	2	22.7
1313.626	35.04	2.73	95.63	7.73	8.42	65.08	68.1	2	22.7
1314.026	34.86	2.73	95.30	7.76	8.43	65.37	68.6	2	22.7
1314.426	34.89	2.75	95.79	7.72	8.44	65.14	68.0	2	22.7
1314.826	34.86	2.75	95.97	7.75	8.45	65.49	68.2	2	22.7
1315.226	35.03	2.73	95.76	7.71	8.44	65.04	67.9	2	22.7
1315.626	34.93	2.75	95.94	7.72	8.43	65.05	67.8	2	22.7
1316.026	34.84	2.75	95.89	7.72	8.42	65.04	67.8	2	22.7
1316.426	34.72	2.74	95.16	7.71	8.46	65.24	68.6	2	22.7
1316.826	34.77	2.74	95.29	7.71	8.42	64.95	68.2	2	22.7
1317.226	34.81	2.73	95.15	7.72	8.47	65.40	68.7	2	22.7
1317.626	34.86	2.74	95.36	7.72	8.41	64.97	68.1	2	22.7
1318.026	34.85	2.73	95.13	7.71	8.43	65.04	68.4	2	22.7
1318.426	34.74	2.74	95.25	7.71	8.43	65.03	68.3	2	22.7
1318.826	34.68	2.73	94.51	7.72	8.41	64.93	68.7	2	22.7
1319.226	34.65	2.71	94.05	7.72	8.40	64.90	69.0	2	22.7
1319.626	34.68	2.73	94.51	7.75	8.38	64.98	68.8	2	22.7
1320.026	34.73	2.72	94.56	7.69	8.39	64.49	68.2	2	22.7
1320.426	34.70	2.73	94.75	7.70	8.36	64.39	68.0	2	22.7
1320.826	34.68	2.73	94.73	7.70	8.36	64.37	67.9	2	22.7
1321.226	34.77	2.72	94.46	7.67	8.35	64.10	67.9	2	22.7
1321.626	34.63	2.71	93.83	7.65	8.36	63.98	68.2	2	22.7
1322.026	34.50	2.72	93.84	7.68	8.36	64.20	68.4	2	22.7
1322.426	34.68	2.70	93.56	7.65	8.34	63.80	68.2	2	22.7
1322.826	34.60	2.71	93.84	7.64	8.34	63.70	67.9	2	22.7
1323.226	34.45	2.71	93.32	7.63	8.36	63.82	68.4	2	22.7
1323.626	34.39	2.70	93.00	7.68	8.34	64.04	68.9	2	22.7
1324.026	34.58	2.70	93.27	7.64	8.33	63.62	68.2	2	22.7
1324.426	34.40	2.70	92.91	7.63	8.30	63.29	68.1	2	22.7
1324.826	34.41	2.70	92.89	7.62	8.31	63.35	68.2	2	22.7
1325.226	34.22	2.69	92.21	7.61	8.30	63.21	68.5	2	22.7
1325.626	34.22	2.68	91.83	7.60	8.29	62.96	68.6	2	22.7
1326.026	34.25	2.69	92.26	7.60	8.28	62.94	68.2	2	22.7
1326.426	34.22	2.70	92.24	7.61	8.26	62.88	68.2	2	22.7
1326.826	34.29	2.68	91.90	7.59	8.28	62.89	68.4	2	22.7
1327.226	34.22	2.69	92.00	7.63	8.26	63.07	68.6	2	22.7
1327.626	34.26	2.69	92.01	7.59	8.28	62.85	68.3	2	22.7
1328.026	34.23	2.69	91.92	7.58	8.26	62.60	68.1	2	22.7
1328.426	34.19	2.69	91.84	7.59	8.28	62.79	68.4	2	22.7
1328.826	34.16	2.69	91.84	7.58	8.29	62.85	68.4	2	22.7
1329.226	34.20	2.70	92.23	7.56	8.27	62.52	67.8	2	22.7
1329.626	34.05	2.69	91.44	7.57	8.28	62.75	68.6	2	22.7
1330.026	34.17	2.68	91.50	7.58	8.30	62.98	68.8	2	22.7
1330.426	34.27	2.70	92.49	7.61	8.32	63.26	68.4	2	22.7
1330.826	34.22	2.69	92.00	7.59	8.30	63.03	68.5	2	22.7
1331.226	33.99	2.75	93.39	7.65	8.37	64.01	68.5	2	22.9
1331.626	34.04	2.73	92.82	7.61	8.33	63.41	68.3	2	22.7
1332.026	34.28	2.71	92.94	7.64	8.32	63.56	68.4	2	22.7
1332.426	34.40	2.70	92.88	7.61	8.35	63.59	68.5	2	22.7
1332.826	34.35	2.71	93.23	7.64	8.34	63.73	68.4	2	22.7
1333.226	34.34	2.72	93.24	7.61	8.35	63.52	68.1	2	22.7
1333.626	34.54	2.71	93.63	7.65	8.35	63.87	68.2	2	22.7
1334.026	34.51	2.72	93.88	7.63	8.34	63.68	67.8	2	22.7
1334.426	34.53	2.72	94.03	7.68	8.35	64.05	68.1	2	22.7
1334.826	34.73	2.72	94.61	7.66	8.39	64.28	67.9	2	22.7
1335.226	34.66	2.72	94.44	7.67	8.37	64.22	68.0	2	22.7
1335.626	34.84	2.73	95.02	7.68	8.40	64.51	67.9	2	22.7
1336.026	34.72	2.73	94.88	7.72	8.42	65.03	68.5	2	22.7
1336.426	34.72	2.74	95.18	7.69	8.45	65.01	68.3	2	22.7
1336.826	34.93	2.73	95.39	7.71	8.45	65.16	68.3	2	22.7
1337.226	34.83	2.76	95.98	7.72	8.47	65.40	68.1	2	22.7
1337.626	34.90	2.75	96.04	7.80	8.49	66.18	68.9	2	22.7
1338.026	35.05	2.77	96.93	7.75	8.44	65.44	67.5	2	22.7
1338.426	35.10	2.76	96.79	7.79	8.48	66.10	68.3	2	22.7
1338.826	35.17	2.75	96.81	7.78	8.49	66.04	68.2	2	22.7
1339.226	35.10	2.76	96.97	7.81	8.52	66.52	68.6	2	22.7
1339.626	35.19	2.78	97.77	7.83	8.53	66.85	68.4	2	22.7
1340.026	35.12	2.77	97.27	7.80	8.55	66.75	68.6	2	22.7
1340.426	35.27	2.78	98.15	7.83	8.54	66.89	68.1	2	22.7
1340.826	35.46	2.78	98.46	7.86	8.56	67.25	68.3	2	22.7
1341.226	35.51	2.80	99.32	7.89	8.56	67.54	68.0	2	22.7
1341.626	35.34	2.77	97.97	7.87	8.58	67.50	68.9	2	22.7
1342.026	35.54	2.79	99.03	7.87	8.58	67.53	68.2	2	22.7
1342.426	35.65	2.80	99.64	7.92	8.60	68.10	68.3	2	22.7
1342.826	35.71	2.79	99.68	7.89	8.60	67.93	68.1	2	22.7
1343.226	35.59	2.80	99.76	7.92	8.61	68.25	68.4	2	22.7
1343.626	35.77	2.79	99.69	7.92	8.58	67.98	68.2	2	22.7
1344.026	35.61	2.80	99.70	7.91	8.61	68.07	68.3	2	22.7
1344.426	35.70	2.81	100.31	7.93	8.61	68.25	68.0	2	22.7
1344.827	35.70	2.82	100.70	7.93	8.61	68.29	67.8	2	22.7
1345.228	35.67	2.81	100.15	7.92	8.65	68.49	68.4	2	22.7
1345.629	35.61	2.81	100.09	7.94	8.63	68.52	68.5	2	22.7
1346.030	35.76	2.81	100.46	7.96	8.63	68.74	68.4	2	22.7
1346.431	35.76	2.82	100.76	7.94	8.64	68.62	68.1	2	22.7
1346.832	35.82	2.81	100.69	7.96	8.65	68.85	68.4	2	22.7
1347.233	35.93	2.81	100.96	7.95	8.63	68.63	68.0	2	22.7
1347.634	35.88	2.82	101.15	7.97	8.63	68.81	68.0	2	22.7
1348.035	35.91	2.82	101.09	7.94	8.65	68.70	68.0	2	22.7
1348.436	35.90	2.82	101.25	7.98	8.65	68.98	68.1	2	22.7
1348.837	35.79	2.82	101.04	7.97	8.63	68.76	68.1	2	22.7
1349.238	36.06	2.82	101.53	8.00	8.66	69.24	68.2	2	22.7
1349.639	36.07	2.83	102.08	7.98	8.65	69.02	67.6	2	22.7
1350.040	35.86	2.82	101.30	7.97	8.69	69.20	68.3	2	22.7
1350.441	35.96	2.82	101.40	7.97	8.65	68.91	68.0	2	22.7
1350.842	36.04	2.82	101.79	7.98	8.65	69.02	67.8	2	22.7
1351.243	36.02	2.83	101.91	7.97	8.66	69.02	67.7	2	22.7
1351.644	36.11	2.82	101.94	7.98	8.65	68.97	67.7	2	22.7
1352.045	35.98	2.82	101.52	7.97	8.64	68.88	67.8	2	22.7
1352.446	36.08	2.82	101.68	7.98	8.65	69.04	67.9	2	22.7
1352.847	35.99	2.82	101.56	7.97	8.67	69.07	68.0	2	22.7
1353.248	36.10	2.82	101.92	7.97	8.69	69.21	67.9	2	22.7
1353.649	36.03	2.84	102.18	7.98	8.69	69.34	67.9	2	22.7
1354.050	36.06	2.83	102.04	7.95	8.67	68.99	67.6	2	22.7
1354.451	36.13	2.82	102.01	7.99	8.69	69.40	68.0	2	22.7
1354.852	36.03	2.82	101.68	8.00	8.67	69.41	68.3	2	22.7
1355.253	36.10	2.82	101.90	7.99	8.66	69.18	67.9	2	22.7
1355.654	35.99	2.83	101.84	7.97	8.69	69.25	68.0	2	22.7
1356.055	35.98	2.83	101.73	7.98	8.70	69.39	68.2	2	22.7
1356.456	36.02	2.82	101.74	7.99	8.68	69.37	68.2	2	22.7
1356.857	36.07	2.81	101.51	7.99	8.68	69.29	68.3	2	22.7
1357.258	35.98	2.82	101.48	7.97	8.68	69.16	68.1	2	22.7
1357.659	36.04	2.81	101.42	7.99	8.68	69.41	68.4	2	22.7
1358.060	35.99	2.81	101.12	7.99	8.69	69.41	68.6	2	22.7
1358.461	35.92	2.83	101.59	7.98	8.70	69.41	68.3	2	22.7
1358.862	35.94	2.83	101.56	8.00	8.67	69.30	68.2	2	22.7
1359.263	36.06	2.83	102.00	7.99	8.67	69.25	67.9	2	22.7
1359.664	35.99	2.82	101.63	8.00	8.65	69.24	68.1	2	22.7
1360.065	36.05	2.83	102.14	8.01	8.68	69.54	68.1	2	22.7
1360.466	36.10	2.83	102.26	8.02	8.69	69.65	68.1	2	22.7
1360.867	36.15	2.82	101.87	7.98	8.68	69.29	68.0	2	22.7
1361.268	36.22	2.82	102.03	7.99	8.69	69.42	68.0	2	22.7
1361.669	35.99	2.83	102.01	8.02	8.70	69.81	68.4	2	22.7
1362.070	36.04	2.83	101.86	7.98	8.71	69.52	68.3	2	22.7
1362.471	36.10	2.84	102.52	8.01	8.71	69.77	68.1	2	22.7
1362.872	36.12	2.83	102.22	7.98	8.70	69.41	67.9	2	22.7
1363.273	36.11	2.84	102.40	8.00	8.68	69.48	67.9	2	22.7
1363.674	35.99	2.83	101.94	7.99	8.72	69.60	68.3	2	22.7
1364.075	36.04	2.83	101.96	8.01	8.72	69.84	68.5	2	22.7
1364.476	36.05	2.84	102.31	8.00	8.72	69.72	68.1	2	22.7
1364.877	36.01	2.83	101.98	8.00	8.72	69.82	68.5	2	22.7
1365.278	36.04	2.83	101.86	8.00	8.69	69.56	68.3	2	22.7
1365.679	35.99	2.84	102.19	8.02	8.73	70.04	68.5	2	22.7
1366.080	36.00	2.83	101.87	7.99	8.71	69.58	68.3	2	22.7
1366.481	36.04	2.83	102.04	8.01	8.70	69.71	68.3	2	22.7
1366.882	35.88	2.83	101.61	7.99	8.74	69.79	68.7	2	22.7
1367.283	36.04	2.84	102.47	7.99	8.71	69.53	67.9	2	22.7
1367.684	36.02	2.83	102.02	7.98	8.69	69.34	68.0	2	22.7
1368.085	36.05	2.84	102.26	8.00	8.70	69.65	68.1	2	22.7
1368.486	36.07	2.83	102.02	7.96	8.70	69.21	67.8	2	22.7
1368.887	36.00	2.84	102.15	7.97	8.70	69.33	67.9	2	22.7
1369.288	36.02	2.84	102.26	8.02	8.68	69.66	68.1	2	22.7
1369.689	36.09	2.84	102.37	8.01	8.71	69.75	68.1	2	22.7
1370.090	36.05	2.83	101.90	7.99	8.70	69.47	68.2	2	22.7
1370.491	36.10	2.83	102.22	7.99	8.71	69.56	68.0	2	22.7
1370.892	36.08	2.83	102.11	7.97	8.66	69.03	67.6	2	22.7
1371.293	35.94	2.83	101.72	7.98	8.70	69.41	68.2	2	22.7
1371.694	36.05	2.83	101.95	7.97	8.70	69.29	68.0	2	22.7
1372.095	36.06	2.82	101.81	7.99	8.64	69.07	67.8	2	22.7
1372.496	36.30	2.83	102.56	7.97	8.70	69.31	67.6	2	22.7
1372.897	36.07	2.82	101.78	7.99	8.65	69.08	67.9	2	22.7
1373.298	35.84	2.82	101.22	8.00	8.67	69.39	68.6	2	22.7
1373.699	35.99	2.82	101.44	7.98	8.66	69.13	68.1	2	22.7
1374.100	36.04	2.84	102.30	7.99	8.65	69.11	67.6	2	22.7
1374.501	35.92	2.81	100.91	7.99	8.67	69.28	68.7	2	22.7
1374.902	35.98	2.82	101.61	7.98	8.66	69.05	68.0	2	22.7
1375.303	35.89	2.82	101.24	7.99	8.69	69.41	68.6	2	22.7
1375.704	35.98	2.82	101.41	7.99	8.67	69.27	68.3	2	22.7
1376.105	35.94	2.82	101.36	7.96	8.68	69.15	68.2	2	22.7
1376.506	35.99	2.82	101.65	7.98	8.67	69.17	68.1	2	22.7
1376.907	35.90	2.82	101.22	7.97	8.67	69.07	68.2	2	22.7
1377.308	35.96	2.82	101.26	7.98	8.64	68.95	68.1	2	22.7
1377.709	35.88	2.81	100.76	7.97	8.66	69.01	68.5	2	22.7
1378.110	35.88	2.82	101.33	7.97	8.63	68.73	67.8	2	22.7
1378.511	35.97	2.81	101.19	7.95	8.64	68.72	67.9	2	22.7
1378.912	35.87	2.82	101.23	7.98	8.64	68.97	68.1	2	22.7
1379.313	35.93	2.82	101.44	8.00	8.64	69.12	68.1	2	22.7
1379.714	35.89	2.82	101.33	7.97	8.63	68.82	67.9	2	22.7
1380.115	35.80	2.81	100.61	7.96	8.62	68.61	68.2	2	22.7
1380.516	35.88	2.81	100.99	7.99	8.65	69.04	68.4	2	22.7
1380.917	35.83	2.82	100.97	7.95	8.64	68.73	68.1	2	22.7
1381.318	35.96	2.81	101.16	7.97	8.64	68.86	68.1	2	22.7
1381.719	35.91	2.81	101.09	7.95	8.62	68.56	67.8	2	22.7
1382.120	35.95	2.82	101.26	7.99	8.63	68.98	68.1	2	22.7
1382.521	35.88	2.82	101.00	7.95	8.61	68.45	67.8	2	22.7
1382.922	36.01	2.81	101.19	7.98	8.61	68.70	67.9	2	22.7
1383.323	35.89	2.81	100.94	7.96	8.62	68.56	67.9	2	22.7
1383.724	35.76	2.81	100.61	7.96	8.62	68.64	68.2	2	22.7
1384.125	35.82	2.81	100.68	7.92	8.62	68.31	67.8	2	22.7
1384.526	35.83	2.81	100.69	7.96	8.62	68.59	68.1	2	22.7
1384.927	35.78	2.81	100.39	7.94	8.63	68.51	68.2	2	22.7
1385.328	35.89	2.81	100.72	7.96	8.65	68.85	68.4	2	22.7
1385.729	35.85	2.81	100.85	7.92	8.62	68.26	67.7	2	22.7
1386.130	35.94	2.80	100.59	7.93	8.63	68.48	68.1	2	22.7
1386.531	35.79	2.81	100.70	7.94	8.59	68.21	67.7	2	22.7
1386.932	35.76	2.80	100.25	7.95	8.60	68.39	68.2	2	22.7
1387.333	35.76	2.81	100.54	7.90	8.59	67.88	67.5	2	22.7
1387.734	35.68	2.80	99.81	7.92	8.61	68.20	68.3	2	22.7
1388.134	35.89	2.79	100.21	7.90	8.59	67.79	67.7	2	22.7
1388.535	35.82	2.79	99.88	7.93	8.59	68.10	68.2	2	22.7
151.895	39.32	0.64	25.00	3.86	4.46	17.21	68.8	2	13.5
152.293	28.00	3.44	96.43	7.54	8.27	62.33	64.6	2	33.5
152.692	7.59	3.99	30.27	4.00	4.61	18.44	60.9	2	53.5
153.090	2.13	4.01	8.55	1.76	2.25	3.95	46.2	2	73.5
153.486	0.77	4.02	3.09	0.56	0.98	0.55	17.9	2	93.0
153.882	24.89	3.92	97.47	7.60	8.37	63.62	65.3	2	30.6
154.281	29.64	2.87	84.92	6.50	7.23	47.01	55.4	2	29.5
154.680	19.84	3.90	77.40	6.63	7.34	48.63	62.8	2	28.9
155.079	12.53	3.96	49.65	5.14	5.76	29.62	59.6	2	34.7
155.478	33.50	2.06	68.85	5.72	6.37	36.45	52.9	2	11.0
155.877	29.52	3.59	106.11	8.00	8.82	70.59	66.5	2	29.2
156.277	31.98	3.45	110.43	8.26	9.03	74.62	67.6	2	23.2
156.677	33.85	3.30	111.85	8.38	9.16	76.76	68.6	2	27.2
157.077	32.58	3.51	114.53	8.45	9.24	78.07	68.2	2	24.7
157.477	32.15	3.55	114.11	8.45	9.21	77.83	68.2	2	27.2
157.877	33.43	3.41	114.01	8.45	9.26	78.22	68.6	2	25.2
158.277	31.11	3.70	114.96	8.49	9.28	78.82	68.6	2	25.7
158.677	31.38	3.67	115.13	8.46	9.29	78.60	68.3	2	27.7
159.077	32.48	3.55	115.31	8.49	9.34	79.25	68.7	2	25.2
159.477	32.71	3.51	114.90	8.50	9.30	78.99	68.7	2	25.7
159.877	33.22	3.42	113.72	8.43	9.25	78.01	68.6	2	24.7
160.277	30.56	3.72	113.58	8.41	9.22	77.55	68.3	2	27.7
160.677	32.35	3.54	114.37	8.46	9.27	78.44	68.6	2	27.7
161.077	31.29	3.67	114.80	8.49	9.27	78.69	68.5	2	27.7
161.477	33.14	3.45	114.38	8.46	9.26	78.34	68.5	2	26.7
161.877	33.23	3.44	114.47	8.47	9.28	78.65	68.7	2	25.2
162.277	32.07	3.58	114.74	8.46	9.27	78.42	68.3	2	27.2
162.677	31.76	3.62	115.02	8.49	9.34	79.30	68.9	2	27.2
163.077	32.28	3.57	115.29	8.48	9.28	78.68	68.2	2	25.7
163.477	31.94	3.57	114.03	8.45	9.26	78.27	68.6	2	25.2
163.877	31.61	3.60	113.86	8.44	9.26	78.14	68.6	2	27.7
164.277	31.37	3.65	114.55	8.45	9.26	78.27	68.3	2	27.2
164.677	33.08	3.46	114.39	8.47	9.27	78.53	68.7	2	26.2
165.077	31.98	3.59	114.86	8.51	9.33	79.41	69.1	2	27.2
165.477	32.73	3.50	114.71	8.47	9.27	78.45	68.4	2	25.7
165.877	33.14	3.47	114.93	8.45	9.27	78.31	68.1	2	24.7
166.277	32.60	3.54	115.26	8.51	9.29	79.02	68.6	2	25.2
166.677	31.23	3.66	114.24	8.45	9.29	78.56	68.8	2	27.7
167.077	33.14	3.45	114.39	8.46	9.28	78.53	68.6	2	25.7
167.477	32.73	3.52	115.31	8.47	9.31	78.87	68.4	2	25.7
167.877	32.39	3.57	115.55	8.50	9.31	79.06	68.4	2	26.2
168.277	32.89	3.51	115.31	8.50	9.31	79.11	68.6	2	25.2
168.677	32.85	3.49	114.57	8.48	9.31	78.92	68.9	2	25.7
169.077	32.48	3.55	115.41	8.50	9.29	79.01	68.5	2	25.7
169.477	31.26	3.68	114.94	8.47	9.30	78.82	68.6	2	27.7
169.877	33.10	3.47	114.95	8.46	9.25	78.24	68.1	2	25.2
170.277	32.22	3.55	114.26	8.50	9.32	79.21	69.3	2	25.7
170.677	32.01	3.31	105.98	8.14	8.93	72.67	68.6	2	24.7
171.077	32.33	2.96	95.72	7.76	8.56	66.38	69.3	2	24.2
171.476	33.77	2.81	94.77	7.70	8.45	65.05	68.6	2	24.2
171.875	31.73	3.00	95.06	7.71	8.49	65.41	68.8	2	25.7
172.274	34.13	2.82	96.20	7.72	8.48	65.46	68.1	2	22.2
172.673	32.35	2.92	94.33	7.68	8.45	64.96	68.9	2	24.2
173.072	32.12	2.71	87.01	7.38	8.13	60.03	69.0	2	23.7
173.471	32.54	2.59	84.13	7.22	7.98	57.67	68.5	2	22.2
173.870	32.67	2.47	80.60	7.10	7.82	55.52	68.9	2	22.7
174.269	32.28	2.48	79.91	7.05	7.79	54.90	68.7	2	22.7
174.668	31.77	2.46	78.09	6.99	7.72	53.98	69.1	2	21.2
175.067	31.27	2.46	76.89	6.94	7.68	53.27	69.3	2	22.7
175.466	32.81	2.32	76.07	6.92	7.59	52.50	69.0	2	22.2
175.865	36.48	1.36	49.51	5.32	5.97	31.78	64.2	2	16.5
176.264	19.64	3.10	60.96	5.95	6.59	39.17	64.3	2	36.5
176.663	6.00	3.97	23.81	3.51	4.07	14.27	59.9	2	56.5
177.061	1.71	4.02	6.86	1.54	2.00	3.09	45.0	2	76.5
177.457	3.60	3.73	13.44	0.69	1.14	0.79	5.9	2	10.0
177.853	37.72	0.67	25.23	3.40	3.99	13.56	53.7	2	10.1
178.252	28.47	2.00	56.82	5.11	5.76	29.45	51.8	2	10.1
178.651	37.75	0.95	35.94	4.43	5.06	22.43	62.4	2	10.0
179.050	38.11	0.94	35.88	4.50	5.15	23.18	64.6	2	10.0
179.449	39.06	0.56	21.69	3.55	4.12	14.62	67.4	2	10.0
179.848	38.38	0.89	34.33	4.46	5.09	22.68	66.1	2	17.0
180.247	19.47	3.16	61.53	5.92	6.55	38.83	63.1	2	37.0
180.646	5.95	3.98	23.70	3.54	4.10	14.54	61.3	2	56.5
181.044	1.72	4.04	6.93	1.53	1.97	3.03	43.7	2	76.5
181.440	1.61	4.02	6.48	0.87	1.31	1.15	17.7	2	36.5
181.836	14.05	3.92	55.05	5.71	6.39	36.44	66.2	2	37.5
182.235	12.54	3.98	49.90	5.34	5.99	31.98	64.1	2	37.0
182.634	16.55	3.45	57.13	5.93	6.64	39.36	68.9	2	31.2
183.033	11.51	3.83	44.09	4.77	5.36	25.57	58.0	2	58.2
183.432	11.63	4.01	46.61	5.15	5.74	29.54	63.4	2	36.0
183.831	30.64	1.89	57.77	4.86	5.47	26.56	46.0	2	17.0
184.230	22.77	3.73	85.02	7.05	7.72	54.42	64.0	2	37.0
184.629	5.92	4.02	23.80	3.54	4.08	14.44	60.7	2	57.0
185.027	1.69	4.05	6.83	1.50	1.96	2.95	43.2	2	77.0
185.423	2.57	4.05	10.40	1.03	1.44	1.48	14.3	2	30.0
185.820	25.83	3.90	100.81	7.82	8.56	66.99	66.4	2	27.6
186.220	32.24	3.42	110.34	8.27	9.02	74.61	67.6	2	27.6
186.620	26.20	3.32	86.99	7.00	7.57	52.99	60.9	2	33.4
187.019	31.80	3.64	115.60	8.49	9.17	77.84	67.3	2	25.0
187.419	31.60	3.54	111.80	8.18	8.84	72.28	64.6	2	26.0
187.819	29.49	3.71	109.43	8.22	8.84	72.65	66.4	2	29.4
188.219	34.00	3.31	112.52	8.39	9.04	75.90	67.5	2	24.9
188.619	31.34	3.71	116.36	8.51	9.18	78.11	67.1	2	24.9
189.019	30.88	3.78	116.85	8.53	9.22	78.64	67.3	2	27.9
189.419	32.72	3.61	118.22	8.61	9.28	79.91	67.6	2	27.4
189.819	33.00	3.57	117.91	8.60	9.28	79.79	67.7	2	25.4
190.219	31.30	3.77	118.10	8.59	9.28	79.73	67.5	2	25.9
190.619	30.91	3.82	118.14	8.55	9.26	79.15	67.0	2	27.9
191.019	32.35	3.66	118.56	8.61	9.29	80.02	67.5	2	24.9
191.419	31.47	3.75	117.93	8.61	9.31	80.13	67.9	2	25.9
191.819	31.65	3.73	118.03	8.59	9.25	79.46	67.3	2	27.9
192.219	31.85	3.72	118.49	8.58	9.29	79.71	67.3	2	27.9
192.619	32.07	3.71	118.93	8.63	9.28	80.15	67.4	2	27.9
193.019	33.34	3.52	117.25	8.56	9.26	79.27	67.6	2	26.4
193.419	31.15	3.80	118.29	8.58	9.25	79.31	67.0	2	25.4
193.819	31.38	3.76	117.92	8.59	9.26	79.56	67.5	2	27.9
194.219	33.37	3.52	117.31	8.55	9.24	79.04	67.4	2	25.4
194.619	31.99	3.66	117.15	8.55	9.27	79.19	67.6	2	25.4
195.019	31.05	3.78	117.33	8.55	9.27	79.26	67.6	2	27.9
195.419	33.53	3.46	116.00	8.51	9.21	78.35	67.5	2	24.9
195.819	31.96	3.63	116.01	8.50	9.20	78.17	67.4	2	25.4
196.219	31.94	3.67	117.06	8.53	9.22	78.68	67.2	2	24.9
196.619	32.25	3.64	117.51	8.54	9.22	78.75	67.0	2	25.9
197.019	33.14	3.49	115.74	8.53	9.20	78.49	67.8	2	24.9
197.419	33.09	3.51	116.30	8.51	9.20	78.30	67.3	2	25.4
197.819	32.05	3.66	117.29	8.53	9.27	79.05	67.4	2	26.4
198.219	32.43	3.59	116.52	8.53	9.24	78.78	67.6	2	27.4
198.619	33.00	3.48	114.97	8.50	9.20	78.19	68.0	2	24.9
199.019	31.78	3.67	116.52	8.52	9.24	78.71	67.6	2	27.4
199.419	31.96	3.64	116.42	8.50	9.23	78.46	67.4	2	25.4
199.819	32.78	3.53	115.80	8.49	9.21	78.23	67.6	2	26.4
200.219	31.88	3.65	116.27	8.51	9.19	78.23	67.3	2	25.4
200.619	33.29	3.44	114.38	8.46	9.15	77.43	67.7	2	24.9
201.019	31.06	3.67	114.09	8.41	9.12	76.73	67.3	2	24.9
201.419	31.96	3.59	114.66	8.42	9.13	76.83	67.0	2	25.4
201.819	31.91	3.61	115.14	8.46	9.15	77.40	67.2	2	26.9
202.219	31.56	3.60	113.64	8.44	9.16	77.32	68.0	2	27.4
202.619	33.07	3.42	113.06	8.37	9.10	76.17	67.4	2	24.9
203.019	32.60	3.48	113.41	8.39	9.11	76.45	67.4	2	24.4
203.419	31.55	3.59	113.16	8.42	9.12	76.80	67.9	2	25.4
203.819	32.27	3.48	112.33	8.37	9.08	76.02	67.7	2	26.9
204.219	33.07	3.40	112.38	8.37	9.04	75.72	67.4	2	25.4
204.619	32.46	3.46	112.47	8.38	9.05	75.90	67.5	2	25.4
205.019	32.48	3.45	111.88	8.37	9.02	75.55	67.5	2	25.4
19.118	0.00	0.00	0.00	0.54	0.47	0.26	0.0	2	17.5
19.512	0.19	0.00	0.00	0.54	0.47	0.25	0.0	2	37.0
19.906	0.03	0.00	0.00	0.57	0.45	0.26	0.0	2	56.5
20.300	0.13	0.00	0.00	0.56	0.46	0.26	0.0	2	76.5
20.693	0.00	0.00	0.00	0.61	0.44	0.27	0.0	2	37.5
21.087	0.01	0.00	0.00	0.64	0.47	0.31	0.0	2	38.0
21.480	0.00	0.00	0.00	0.66	0.44	0.29	0.0	2	49.4
21.873	0.00	0.00	0.00	0.66	0.44	0.29	0.0	2	10.0
22.267	0.00	0.00	0.00	0.62	0.43	0.27	0.0	2	39.8
22.660	0.00	0.00	0.00	0.60	0.42	0.25	0.0	2	30.9
23.053	0.19	0.00	0.00	0.59	0.43	0.26	0.0	2	0.0
23.445	0.03	0.00	0.00	0.58	0.47	0.28	0.0	2	0.0
23.837	0.11	0.00	0.00	0.56	0.44	0.25	0.0	2	0.0
70.211	0.09	0.00	0.00	0.60	0.49	0.30	0.0	2	20.0
70.605	0.06	0.00	0.00	0.60	0.50	0.30	0.0	2	39.5
70.998	0.00	0.00	0.00	0.59	0.52	0.30	0.0	2	59.5
71.392	0.13	0.00	0.00	0.60	0.54	0.33	0.0	2	79.0
678.504	0.00	0.00	0.00	0.37	0.00	0.00	0.0	2	12.5
678.564	0.00	0.00	0.00	0.37	0.00	0.00	0.0	2	15.5
678.667	0.00	0.00	0.00	0.36	0.00	0.00	0.0	2	20.5
678.811	0.00	0.00	0.00	0.37	0.00	0.00	0.0	2	28.0
678.871	0.00	0.00	0.00	0.38	0.00	0.00	0.0	2	31.0
678.974	0.05	0.00	0.00	0.41	0.00	0.00	0.0	2	36.0
679.118	0.00	0.00	0.00	0.48	0.00	0.00	0.0	2	43.5
679.178	0.00	0.00	0.00	0.50	0.00	0.00	0.0	2	46.5
679.281	0.00	0.00	0.00	0.51	0.00	0.00	0.0	2	51.5
679.425	0.00	0.00	0.00	0.50	0.00	0.00	0.0	2	58.5
679.485	0.00	0.00	0.00	0.50	0.00	0.00	0.0	2	61.5
679.588	0.10	0.00	0.00	0.52	0.00	0.00	0.0	2	67.0
679.732	0.03	0.00	0.00	0.53	0.00	0.00	0.0	2	74.0
679.792	0.04	0.00	0.00	0.53	0.00	0.00	0.0	2	77.0
679.895	0.02	0.00	0.00	0.59	0.00	0.00	0.0	2	82.0
680.039	0.00	0.00	0.00	0.59	0.00	0.00	0.0	2	89.5
680.099	0.00	0.00	0.00	0.57	0.00	0.00	0.0	2	92.5
680.202	0.00	0.00	0.00	0.59	0.00	0.00	0.0	2	10.0
680.346	0.00	0.00	0.00	0.57	0.00	0.00	0.0	2	10.0
680.406	0.00	0.00	0.00	0.58	0.00	0.00	0.0	2	11.9
680.509	0.00	0.00	0.00	0.57	0.00	0.00	0.0	2	10.9
680.653	0.00	0.00	0.00	0.59	0.00	0.00	0.0	2	10.0
680.713	0.00	0.00	0.00	0.58	0.00	0.00	0.0	2	10.0
680.816	0.00	0.00	0.00	0.56	0.00	0.00	0.0	2	10.0
680.960	0.00	0.00	0.00	0.53	0.00	0.00	0.0	2	10.0
681.020	0.00	0.00	0.00	0.53	0.00	0.00	0.0	2	10.0
681.123	0.00	0.00	0.00	0.54	0.00	0.00	0.0	2	10.0
681.267	0.00	0.00	0.00	0.54	0.00	0.00	0.0	2	10.0
681.327	0.00	0.00	0.00	0.52	0.00	0.00	0.0	2	10.0
681.430	0.00	0.00	0.00	0.55	0.00	0.00	0.0	2	10.0
681.574	0.00	0.00	0.00	0.56	0.00	0.00	0.0	2	10.0
681.634	0.00	0.00	0.00	0.55	0.00	0.00	0.0	2	15.0
681.737	0.00	0.00	0.00	0.53	0.00	0.00	0.0	2	10.0
681.881	0.00	0.00	0.00	0.52	0.00	0.00	0.0	2	10.0
681.941	0.00	0.00	0.00	0.54	0.00	0.00	0.0	2	10.0
682.044	0.00	0.00	0.00	0.54	0.00	0.00	0.0	2	10.0
682.188	0.00	0.00	0.00	0.52	0.00	0.00	0.0	2	10.0
682.248	0.00	0.00	0.00	0.51	0.00	0.00	0.0	2	10.0
682.351	0.00	0.00	0.00	0.52	0.00	0.00	0.0	2	10.0
682.495	0.00	0.00	0.00	0.51	0.00	0.00	0.0	2	0.0
682.555	0.00	0.00	0.00	0.50	0.00	0.00	0.0	2	0.0
682.658	0.00	0.00	0.00	0.49	0.00	0.00	0.0	2	0.0
682.802	0.00	0.00	0.00	0.49	0.00	0.00	0.0	2	0.0
682.862	0.00	0.00	0.00	0.50	0.00	0.00	0.0	2	0.0
682.965	0.00	0.00	0.00	0.50	0.00	0.00	0.0	2	0.0
683.109	0.00	0.00	0.00	0.47	0.00	0.00	0.0	2	0.0
683.169	0.00	0.00	0.00	0.48	0.00	0.00	0.0	2	0.0
683.272	0.00	0.00	0.00	0.46	0.00	0.00	0.0	2	0.0
683.416	0.00	0.00	0.00	0.46	0.00	0.00	0.0	2	0.0
683.476	0.00	0.00	0.00	0.46	0.00	0.00	0.0	2	0.0
683.579	0.00	0.00	0.00	0.46	0.00	0.00	0.0	2	0.0
683.723	0.00	0.00	0.00	0.45	0.00	0.00	0.0	2	0.0
683.783	0.00	0.00	0.00	0.45	0.00	0.00	0.0	2	0.0
683.886	0.00	0.00	0.00	0.45	0.00	0.00	0.0	2	0.0
684.030	0.00	0.00	0.00	0.45	0.00	0.00	0.0	2	0.0
684.090	0.00	0.00	0.00	0.45	0.00	0.00	0.0	2	0.0
684.193	0.00	0.00	0.00	0.44	0.00	0.00	0.0	2	0.0
684.337	0.00	0.00	0.00	0.43	0.00	0.00	0.0	2	0.0
684.397	0.00	0.00	0.00	0.44	0.00	0.00	0.0	2	0.0
684.500	0.00	0.00	0.00	0.43	0.00	0.00	0.0	2	0.0
684.644	0.00	0.00	0.00	0.42	0.00	0.00	0.0	2	0.0
684.704	0.00	0.00	0.00	0.42	0.00	0.00	0.0	2	0.0
684.807	0.00	0.00	0.00	0.40	0.00	0.00	0.0	2	0.0
684.951	0.00	0.00	0.00	0.42	0.00	0.00	0.0	2	0.0
685.011	0.00	0.00	0.00	0.41	0.00	0.00	0.0	2	0.0
685.114	0.00	0.00	0.00	0.41	0.00	0.00	0.0	2	0.0
685.258	0.00	0.00	0.00	0.40	0.00	0.00	0.0	2	0.0
685.318	0.00	0.00	0.00	0.39	0.00	0.00	0.0	2	0.0
685.421	0.00	0.00	0.00	0.40	0.00	0.00	0.0	2	0.0
685.565	0.00	0.00	0.00	0.41	0.00	0.00	0.0	2	0.0
685.625	0.00	0.00	0.00	0.39	0.00	0.00	0.0	2	0.0
685.728	0.00	0.00	0.00	0.40	0.00	0.00	0.0	2	0.0
685.872	0.00	0.00	0.00	0.38	0.00	0.00	0.0	2	0.0
685.932	0.00	0.00	0.00	0.38	0.00	0.00	0.0	2	0.0
686.035	0.00	0.00	0.00	0.38	0.00	0.00	0.0	2	0.0
686.179	0.00	0.00	0.00	0.37	0.00	0.00	0.0	2	0.0
686.239	0.00	0.00	0.00	0.37	0.00	0.00	0.0	2	0.0
686.342	0.00	0.00	0.00	0.38	0.00	0.00	0.0	2	0.0
686.486	0.00	0.00	0.00	0.38	0.00	0.00	0.0	2	0.0
686.546	0.00	0.00	0.00	0.37	0.00	0.00	0.0	2	0.0
686.649	0.00	0.00	0.00	0.37	0.00	0.00	0.0	2	0.0
686.793	0.00	0.00	0.00	0.39	0.00	0.00	0.0	2	0.0
686.853	0.00	0.00	0.00	0.36	0.00	0.00	0.0	2	0.0
686.956	0.00	0.00	0.00	0.37	0.00	0.00	0.0	2	0.0
687.100	0.00	0.00	0.00	0.38	0.00	0.00	0.0	2	0.0
687.160	0.00	0.00	0.00	0.38	0.00	0.00	0.0	2	0.0
687.263	0.00	0.00	0.00	0.36	0.01	0.00	0.0	2	0.0
687.407	0.00	0.00	0.00	0.34	0.00	0.00	0.0	2	0.0
687.467	0.00	0.00	0.00	0.35	0.00	0.00	0.0	2	0.0
687.570	0.00	0.00	0.00	0.34	0.00	0.00	0.0	2	0.0
687.714	0.00	0.00	0.00	0.35	0.00	0.00	0.0	2	0.0
687.774	0.00	0.00	0.00	0.33	0.00	0.00	0.0	2	0.0
687.877	0.00	0.00	0.00	0.33	0.00	0.00	0.0	2	0.0
688.021	0.00	0.00	0.00	0.34	0.00	0.00	0.0	2	0.0
688.081	0.00	0.00	0.00	0.35	0.00	0.00	0.0	2	0.0
688.184	0.00	0.00	0.00	0.32	0.00	0.00	0.0	2	0.0
688.328	0.00	0.00	0.00	0.31	0.00	0.00	0.0	2	0.0
688.388	0.00	0.00	0.00	0.31	0.00	0.00	0.0	2	0.0
688.491	0.00	0.00	0.00	0.33	0.00	0.00	0.0	2	0.0
688.635	0.00	0.00	0.00	0.31	0.00	0.00	0.0	2	0.0
688.695	0.00	0.00	0.00	0.31	0.00	0.00	0.0	2	0.0
688.798	0.00	0.00	0.00	0.30	0.00	0.00	0.0	2	0.0
688.942	0.00	0.00	0.00	0.30	0.00	0.00	0.0	2	0.0
689.002	0.00	0.00	0.00	0.31	0.00	0.00	0.0	2	0.0
689.105	0.00	0.00	0.00	0.29	0.00	0.00	0.0	2	0.0
689.249	0.00	0.00	0.00	0.30	0.00	0.00	0.0	2	0.0
689.309	0.00	0.00	0.00	0.30	0.00	0.00	0.0	2	0.0
689.412	0.00	0.00	0.00	0.31	0.00	0.00	0.0	2	0.0
689.556	0.00	0.00	0.00	0.29	0.00	0.00	0.0	2	0.0
689.616	0.00	0.00	0.00	0.30	0.00	0.00	0.0	2	0.0
689.719	0.00	0.00	0.00	0.31	0.00	0.00	0.0	2	0.0
689.863	0.00	0.00	0.00	0.29	0.00	0.00	0.0	2	0.0
689.923	0.00	0.00	0.00	0.28	0.00	0.00	0.0	2	0.0
690.026	0.00	0.00	0.00	0.29	0.00	0.00	0.0	2	0.0
690.170	0.00	0.00	0.00	0.29	0.00	0.00	0.0	2	0.0
690.230	0.00	0.00	0.00	0.28	0.00	0.00	0.0	2	0.0
690.333	0.00	0.00	0.00	0.29	0.00	0.00	0.0	2	0.0
690.477	0.00	0.00	0.00	0.31	0.00	0.00	0.0	2	0.0
690.537	0.00	0.00	0.00	0.30	0.00	0.00	0.0	2	0.0
690.640	0.00	0.00	0.00	0.27	0.00	0.00	0.0	2	0.0
690.784	0.00	0.00	0.00	0.26	0.00	0.00	0.0	2	0.0
690.844	0.00	0.00	0.00	0.26	0.00	0.00	0.0	2	0.0
690.947	0.00	0.00	0.00	0.26	0.00	0.00	0.0	2	0.0
691.091	0.00	0.00	0.00	0.27	0.00	0.00	0.0	2	0.0
691.151	0.00	0.00	0.00	0.28	0.00	0.00	0.0	2	0.0
691.254	0.00	0.00	0.00	0.29	0.00	0.00	0.0	2	0.0
691.398	0.00	0.00	0.00	0.30	0.00	0.00	0.0	2	0.0
691.458	0.00	0.00	0.00	0.28	0.00	0.00	0.0	2	0.0
691.561	0.00	0.00	0.00	0.26	0.00	0.00	0.0	2	0.0
691.705	0.00	0.00	0.00	0.27	0.00	0.00	0.0	2	0.0
691.765	0.00	0.00	0.00	0.27	0.00	0.00	0.0	2	0.0
691.868	0.00	0.00	0.00	0.25	0.00	0.00	0.0	2	0.0
692.012	0.00	0.00	0.00	0.27	0.00	0.00	0.0	2	0.0
692.072	0.00	0.00	0.00	0.27	0.00	0.00	0.0	2	0.0
692.175	0.00	0.00	0.00	0.26	0.00	0.00	0.0	2	0.0
692.319	0.00	0.00	0.00	0.23	0.00	0.00	0.0	2	0.0
692.379	0.00	0.00	0.00	0.23	0.00	0.00	0.0	2	0.0
692.482	0.00	0.00	0.00	0.24	0.00	0.00	0.0	2	0.0
692.626	0.00	0.00	0.00	0.26	0.00	0.00	0.0	2	0.0
692.686	0.00	0.00	0.00	0.25	0.00	0.00	0.0	2	0.0
692.789	0.00	0.00	0.00	0.26	0.00	0.00	0.0	2	0.0
692.933	0.00	0.00	0.00	0.26	0.00	0.00	0.0	2	0.0
692.993	0.00	0.00	0.00	0.25	0.00	0.00	0.0	2	0.0
693.096	0.00	0.00	0.00	0.24	0.00	0.00	0.0	2	0.0
693.240	0.00	0.00	0.00	0.23	0.00	0.00	0.0	2	0.0
693.300	0.00	0.00	0.00	0.24	0.00	0.00	0.0	2	0.0
693.403	0.00	0.00	0.00	0.23	0.00	0.00	0.0	2	0.0
693.547	0.00	0.00	0.00	0.23	0.00	0.00	0.0	2	0.0
693.607	0.00	0.00	0.00	0.21	0.00	0.00	0.0	2	0.0
693.710	0.00	0.00	0.00	0.21	0.00	0.00	0.0	2	0.0
693.854	0.00	0.00	0.00	0.24	0.00	0.00	0.0	2	0.0
693.914	0.00	0.00	0.00	0.22	0.00	0.00	0.0	2	0.0
694.017	0.00	0.00	0.00	0.21	0.00	0.00	0.0	2	0.0
694.161	0.00	0.00	0.00	0.19	0.00	0.00	0.0	2	0.0
694.221	0.00	0.00	0.00	0.20	0.00	0.00	0.0	2	0.0
694.324	0.00	0.00	0.00	0.22	0.00	0.00	0.0	2	0.0
694.468	0.00	0.00	0.00	0.23	0.00	0.00	0.0	2	0.0
694.528	0.00	0.00	0.00	0.21	0.00	0.00	0.0	2	0.0
694.631	0.00	0.00	0.00	0.22	0.00	0.00	0.0	2	0.0
694.775	0.00	0.00	0.00	0.22	0.00	0.00	0.0	2	0.0
694.835	0.00	0.00	0.00	0.21	0.00	0.00	0.0	2	0.0
694.938	0.00	0.00	0.00	0.19	0.00	0.00	0.0	2	0.0
695.082	0.00	0.00	0.00	0.18	0.00	0.00	0.0	2	0.0
695.142	0.00	0.00	0.00	0.20	0.00	0.00	0.0	2	0.0
695.245	0.00	0.00	0.00	0.22	0.00	0.00	0.0	2	0.0
695.389	0.00	0.00	0.00	0.20	0.00	0.00	0.0	2	0.0
695.449	0.00	0.00	0.00	0.19	0.00	0.00	0.0	2	0.0
695.552	0.00	0.00	0.00	0.21	0.00	0.00	0.0	2	0.0
695.696	0.00	0.00	0.00	0.18	0.00	0.00	0.0	2	0.0
695.756	0.00	0.00	0.00	0.20	0.00	0.00	0.0	2	0.0
695.859	0.00	0.00	0.00	0.19	0.00	0.00	0.0	2	0.0
696.003	0.00	0.00	0.00	0.20	0.00	0.00	0.0	2	0.0
696.063	0.00	0.00	0.00	0.21	0.00	0.00	0.0	2	0.0
696.166	0.00	0.00	0.00	0.20	0.00	0.00	0.0	2	0.0
696.310	0.00	0.00	0.00	0.19	0.00	0.00	0.0	2	0.0
696.370	0.00	0.00	0.00	0.20	0.00	0.00	0.0	2	0.0
696.473	0.00	0.00	0.00	0.19	0.00	0.00	0.0	2	0.0
696.617	0.00	0.00	0.00	0.17	0.00	0.00	0.0	2	0.0
696.677	0.00	0.00	0.00	0.19	0.00	0.00	0.0	2	0.0
696.780	0.00	0.00	0.00	0.20	0.00	0.00	0.0	2	0.0
696.924	0.00	0.00	0.00	0.18	0.00	0.00	0.0	2	0.0
696.984	0.00	0.00	0.00	0.19	0.00	0.00	0.0	2	0.0
697.087	0.00	0.00	0.00	0.19	0.00	0.00	0.0	2	0.0
697.231	0.00	0.00	0.00	0.18	0.00	0.00	0.0	2	0.0
697.291	0.00	0.00	0.00	0.18	0.00	0.00	0.0	2	0.0
697.394	0.00	0.00	0.00	0.18	0.00	0.00	0.0	2	0.0
697.538	0.00	0.00	0.00	0.17	0.00	0.00	0.0	2	0.0
697.598	0.00	0.00	0.00	0.18	0.00	0.00	0.0	2	0.0
697.701	0.00	0.00	0.00	0.19	0.00	0.00	0.0	2	0.0
697.845	0.00	0.00	0.00	0.18	0.00	0.00	0.0	2	0.0
697.905	0.00	0.00	0.00	0.17	0.00	0.00	0.0	2	0.0
698.008	0.00	0.00	0.00	0.19	0.00	0.00	0.0	2	0.0
698.152	0.00	0.00	0.00	0.16	0.00	0.00	0.0	2	0.0
698.212	0.00	0.00	0.00	0.18	0.00	0.00	0.0	2	0.0
698.315	0.00	0.00	0.00	0.18	0.00	0.00	0.0	2	0.0
698.459	0.00	0.00	0.00	0.14	0.00	0.00	0.0	2	0.0
698.519	0.00	0.00	0.00	0.19	0.00	0.00	0.0	2	0.0
698.622	0.00	0.00	0.00	0.17	0.00	0.00	0.0	2	0.0
698.766	0.00	0.00	0.00	0.18	0.00	0.00	0.0	2	0.0
698.826	0.00	0.00	0.00	0.19	0.00	0.00	0.0	2	0.0
698.929	0.00	0.00	0.00	0.19	0.00	0.00	0.0	2	0.0
699.073	0.00	0.00	0.00	0.16	0.00	0.00	0.0	2	0.0
699.133	0.00	0.00	0.00	0.16	0.00	0.00	0.0	2	0.0
699.236	0.00	0.00	0.00	0.14	0.00	0.00	0.0	2	0.0
699.380	0.00	0.00	0.00	0.17	0.00	0.00	0.0	2	0.0
699.440	0.00	0.00	0.00	0.16	0.00	0.00	0.0	2	0.0
699.543	0.00	0.00	0.00	0.18	0.00	0.00	0.0	2	0.0
699.687	0.00	0.00	0.00	0.15	0.00	0.00	0.0	2	0.0
699.747	0.00	0.00	0.00	0.16	0.00	0.00	0.0	2	0.0
699.850	0.00	0.00	0.00	0.14	0.00	0.00	0.0	2	0.0
699.994	0.00	0.00	0.00	0.17	0.00	0.00	0.0	2	0.0
700.054	0.00	0.00	0.00	0.17	0.00	0.00	0.0	2	0.0
700.157	0.00	0.00	0.00	0.16	0.00	0.00	0.0	2	0.0
700.301	0.00	0.00	0.00	0.17	0.00	0.00	0.0	2	0.0
700.361	0.00	0.00	0.00	0.17	0.00	0.00	0.0	2	0.0
700.464	0.00	0.00	0.00	0.17	0.00	0.00	0.0	2	0.0
700.608	0.00	0.00	0.00	0.15	0.00	0.00	0.0	2	0.0
700.668	0.00	0.00	0.00	0.16	0.00	0.00	0.0	2	0.0
700.771	0.00	0.00	0.00	0.15	0.00	0.00	0.0	2	0.0
700.915	0.00	0.00	0.00	0.15	0.00	0.00	0.0	2	0.0
700.975	0.00	0.00	0.00	0.17	0.00	0.00	0.0	2	0.0
701.078	0.00	0.00	0.00	0.14	0.00	0.00	0.0	2	0.0
701.222	0.00	0.00	0.00	0.18	0.00	0.00	0.0	2	0.0
701.282	0.00	0.00	0.00	0.16	0.00	0.00	0.0	2	0.0
701.385	0.00	0.00	0.00	0.16	0.00	0.00	0.0	2	0.0
701.529	0.00	0.00	0.00	0.15	0.00	0.00	0.0	2	0.0
701.589	0.00	0.00	0.00	0.16	0.00	0.00	0.0	2	0.0
701.692	0.00	0.00	0.00	0.16	0.00	0.00	0.0	2	0.0
701.836	0.00	0.00	0.00	0.15	0.00	0.00	0.0	2	0.0
701.896	0.00	0.00	0.00	0.15	0.00	0.00	0.0	2	0.0
