16.961	0.00	0.00	0.00	0.07	0.00	0.00	0.0	0	0.0
17.308	0.00	0.00	0.00	0.09	0.00	0.00	0.0	0	0.0
17.655	0.00	0.00	0.00	0.11	0.00	0.00	0.0	0	0.0
18.002	0.00	0.00	0.00	0.11	0.00	0.00	0.0	0	0.0
18.349	0.00	0.00	0.00	0.10	0.00	0.00	0.0	0	0.0
18.696	0.00	0.00	0.00	0.10	0.00	0.00	0.0	0	0.0
19.043	0.00	0.00	0.00	0.09	0.00	0.00	0.0	0	0.0
19.390	0.00	0.00	0.00	0.10	0.00	0.00	0.0	0	0.0
19.737	0.00	0.00	0.00	0.11	0.00	0.00	0.0	0	0.0
20.084	0.00	0.00	0.00	0.10	0.00	0.00	0.0	0	0.0
20.431	0.00	0.00	0.00	0.08	0.00	0.00	0.0	0	0.0
20.778	0.00	0.00	0.00	0.08	0.00	0.00	0.0	0	0.0
21.125	0.00	0.00	0.00	0.10	0.00	0.00	0.0	5	0.5
21.472	0.00	0.00	0.00	0.18	0.00	0.00	0.0	5	1.0
21.819	0.00	0.00	0.00	0.39	0.00	0.00	0.0	5	1.5
22.166	0.00	0.00	0.00	0.44	0.00	0.00	0.0	5	2.0
22.513	0.00	0.00	0.00	0.44	0.00	0.00	0.0	5	2.5
22.860	0.00	0.00	0.00	0.47	0.00	0.00	0.0	5	3.0
23.207	0.00	0.00	0.00	0.45	0.00	0.00	0.0	5	3.5
23.554	0.00	0.00	0.00	0.46	0.00	0.00	0.0	5	4.0
23.901	0.00	0.00	0.00	0.45	0.00	0.00	0.0	5	4.5
24.248	0.00	0.00	0.00	0.48	0.00	0.00	0.0	5	5.0
24.595	0.00	0.00	0.00	0.44	0.00	0.00	0.0	5	6.0
24.942	0.00	0.00	0.00	0.41	0.00	0.00	0.0	5	6.5
25.289	0.00	0.00	0.00	0.43	0.00	0.00	0.0	5	7.0
25.636	0.00	0.00	0.00	0.42	0.00	0.00	0.0	5	7.5
25.983	0.00	0.00	0.00	0.41	0.00	0.00	0.0	5	8.0
26.330	0.00	0.00	0.00	0.43	0.00	0.00	0.0	5	8.5
26.677	0.00	0.00	0.00	0.40	0.00	0.00	0.0	5	9.0
27.024	0.00	0.00	0.00	0.37	0.00	0.00	0.0	5	9.5
27.371	0.00	0.00	0.00	0.39	0.00	0.00	0.0	5	10.0
27.718	0.00	0.00	0.00	0.39	0.00	0.00	0.0	5	10.5
28.065	0.00	0.00	0.00	0.40	0.00	0.00	0.0	5	11.5
28.412	0.00	0.00	0.00	0.37	0.00	0.00	0.0	5	12.0
28.759	0.00	0.00	0.00	0.37	0.00	0.00	0.0	5	12.5
29.106	0.00	0.00	0.00	0.34	0.00	0.00	0.0	5	13.0
29.453	0.00	0.00	0.00	0.35	0.00	0.00	0.0	5	13.5
29.800	0.00	0.00	0.00	0.33	0.00	0.00	0.0	5	14.0
30.147	0.00	0.00	0.00	0.35	0.00	0.00	0.0	5	14.5
30.494	0.00	0.00	0.00	0.36	0.00	0.00	0.0	5	15.0
30.841	0.00	0.00	0.00	0.34	0.00	0.00	0.0	5	15.5
31.188	0.00	0.00	0.00	0.35	0.00	0.00	0.0	5	16.0
31.535	0.00	0.00	0.00	0.34	0.00	0.00	0.0	5	17.0
31.882	0.00	0.00	0.00	0.36	0.00	0.00	0.0	5	17.5
32.229	0.00	0.00	0.00	0.34	0.00	0.00	0.0	5	18.0
32.576	0.00	0.00	0.00	0.41	0.00	0.00	0.0	5	18.5
32.923	0.00	0.00	0.00	0.41	0.00	0.00	0.0	5	19.0
33.270	0.00	0.00	0.00	0.40	0.00	0.00	0.0	5	19.5
33.617	0.00	0.00	0.00	0.43	0.00	0.00	0.0	5	20.0
33.964	0.00	0.00	0.00	0.42	0.00	0.00	0.0	5	20.5
34.311	0.00	0.00	0.00	0.43	0.00	0.00	0.0	5	21.0
34.658	0.00	0.00	0.00	0.42	0.00	0.00	0.0	5	22.0
35.005	0.00	0.00	0.00	0.46	0.00	0.00	0.0	5	22.5
35.352	0.00	0.00	0.00	0.48	0.00	0.00	0.0	5	23.0
35.699	0.00	0.00	0.00	0.49	0.00	0.00	0.0	5	23.5
36.046	0.00	0.00	0.00	0.50	0.00	0.00	0.0	5	24.0
36.393	0.00	0.00	0.00	0.53	0.00	0.00	0.0	5	24.5
36.740	0.00	0.00	0.00	0.59	0.00	0.00	0.0	5	25.0
37.087	0.04	0.00	0.00	0.56	0.00	0.00	0.0	5	25.5
37.434	0.18	0.00	0.00	0.57	0.00	0.00	0.0	5	26.0
37.781	0.00	0.00	0.00	0.54	0.00	0.00	0.0	5	26.5
38.128	0.00	0.00	0.00	0.59	0.00	0.00	0.0	5	27.5
38.475	0.14	0.00	0.00	0.57	0.00	0.00	0.0	5	28.0
38.822	0.06	0.00	0.00	0.64	0.00	0.00	0.0	5	28.5
39.169	0.03	0.00	0.00	0.65	0.00	0.00	0.0	5	29.0
39.516	0.09	0.00	0.00	0.64	0.00	0.00	0.0	5	29.5
39.863	0.00	0.00	0.00	0.64	0.00	0.00	0.0	5	30.0
40.210	0.00	0.00	0.00	0.69	0.00	0.00	0.0	5	30.5
40.557	0.12	0.00	0.00	0.73	0.00	0.00	0.0	5	31.0
40.904	0.03	0.00	0.00	0.73	0.00	0.00	0.0	5	31.5
41.251	0.17	0.00	0.00	0.71	0.00	0.00	0.0	5	32.0
41.598	0.00	0.00	0.00	0.75	0.00	0.00	0.0	5	33.0
41.945	0.13	0.00	0.00	0.76	0.00	0.00	0.0	5	33.5
42.292	0.08	0.00	0.00	0.78	0.00	0.00	0.0	5	34.0
42.639	0.11	0.00	0.00	0.77	0.00	0.00	0.0	5	34.5
42.986	0.02	0.00	0.00	0.79	0.00	0.00	0.0	5	35.0
43.333	0.05	0.00	0.00	0.79	0.00	0.00	0.0	5	35.5
43.680	0.07	0.00	0.00	0.79	0.00	0.00	0.0	5	36.0
44.027	0.09	0.00	0.00	0.79	0.00	0.00	0.0	5	36.5
44.374	0.13	0.00	0.00	0.78	0.00	0.00	0.0	5	37.0
44.721	0.00	0.00	0.00	0.76	0.00	0.00	0.0	5	37.5
45.068	0.00	0.00	0.00	0.79	0.00	0.00	0.0	5	38.5
45.415	0.00	0.00	0.00	0.80	0.00	0.00	0.0	5	39.0
45.762	0.00	0.00	0.00	0.79	0.00	0.00	0.0	5	39.5
46.109	0.00	0.00	0.00	0.75	0.00	0.00	0.0	5	40.0
46.456	0.00	0.00	0.00	0.72	0.00	0.00	0.0	5	40.5
46.803	0.00	0.00	0.00	0.71	0.00	0.00	0.0	5	41.0
47.150	0.00	0.00	0.00	0.69	0.00	0.00	0.0	5	41.5
47.497	0.00	0.00	0.00	0.68	0.00	0.00	0.0	5	42.0
47.844	0.00	0.00	0.00	0.67	0.00	0.00	0.0	5	42.5
48.191	0.00	0.00	0.00	0.65	0.00	0.00	0.0	5	43.0
48.538	0.00	0.00	0.00	0.65	0.00	0.00	0.0	5	44.0
48.885	0.00	0.00	0.00	0.61	0.00	0.00	0.0	5	44.5
49.232	0.00	0.00	0.00	0.61	0.00	0.00	0.0	5	45.0
49.579	0.00	0.00	0.00	0.59	0.00	0.00	0.0	5	45.5
49.926	0.00	0.00	0.00	0.58	0.00	0.00	0.0	5	46.0
50.273	0.00	0.00	0.00	0.55	0.00	0.00	0.0	5	46.5
50.620	0.00	0.00	0.00	0.54	0.00	0.00	0.0	5	47.0
50.967	0.00	0.00	0.00	0.54	0.00	0.00	0.0	5	47.5
51.314	0.00	0.00	0.00	0.51	0.00	0.00	0.0	5	48.0
51.661	0.00	0.00	0.00	0.51	0.00	0.00	0.0	5	48.5
52.008	0.00	0.00	0.00	0.50	0.00	0.00	0.0	5	49.5
52.355	0.00	0.00	0.00	0.50	0.00	0.00	0.0	5	50.0
52.702	0.00	0.00	0.00	0.45	0.00	0.00	0.0	5	50.5
53.049	0.00	0.00	0.00	0.46	0.00	0.00	0.0	5	51.0
53.396	0.00	0.00	0.00	0.43	0.00	0.00	0.0	5	51.5
53.743	0.00	0.00	0.00	0.42	0.00	0.00	0.0	5	52.0
54.090	0.00	0.00	0.00	0.39	0.00	0.00	0.0	5	52.5
54.437	0.00	0.00	0.00	0.41	0.00	0.00	0.0	5	53.0
54.784	0.00	0.00	0.00	0.40	0.00	0.00	0.0	5	53.5
55.131	0.00	0.00	0.00	0.42	0.00	0.00	0.0	5	54.0
55.478	0.00	0.00	0.00	0.41	0.00	0.00	0.0	5	55.0
55.825	0.00	0.00	0.00	0.38	0.00	0.00	0.0	5	55.5
56.172	0.00	0.00	0.00	0.36	0.00	0.00	0.0	5	56.0
56.519	0.00	0.00	0.00	0.40	0.00	0.00	0.0	5	56.5
56.866	0.00	0.00	0.00	0.39	0.00	0.00	0.0	5	57.0
57.213	0.00	0.00	0.00	0.43	0.00	0.00	0.0	5	57.5
57.560	0.00	0.00	0.00	0.41	0.00	0.00	0.0	5	58.0
57.907	0.00	0.00	0.00	0.46	0.00	0.00	0.0	5	58.5
58.254	0.00	0.00	0.00	0.44	0.00	0.00	0.0	5	59.0
58.601	0.00	0.00	0.00	0.45	0.00	0.00	0.0	5	59.5
58.948	0.00	0.00	0.00	0.45	0.00	0.00	0.0	5	60.5
59.295	0.00	0.00	0.00	0.47	0.00	0.00	0.0	5	61.0
59.642	0.00	0.00	0.00	0.47	0.00	0.00	0.0	5	61.5
59.989	0.00	0.00	0.00	0.49	0.00	0.00	0.0	5	62.0
60.336	0.00	0.00	0.00	0.51	0.00	0.00	0.0	5	62.5
60.683	0.00	0.00	0.00	0.51	0.00	0.00	0.0	5	63.0
61.030	0.00	0.00	0.00	0.53	0.00	0.00	0.0	5	63.5
61.377	0.00	0.00	0.00	0.53	0.00	0.00	0.0	5	64.0
61.724	0.00	0.00	0.00	0.56	0.00	0.00	0.0	5	64.5
62.071	0.00	0.00	0.00	0.61	0.00	0.00	0.0	5	65.5
62.418	0.00	0.00	0.00	0.59	0.00	0.00	0.0	5	66.0
62.765	0.00	0.00	0.00	0.65	0.00	0.00	0.0	5	66.5
63.112	0.00	0.00	0.00	0.65	0.00	0.00	0.0	5	67.0
63.459	0.00	0.00	0.00	0.66	0.00	0.00	0.0	5	67.5
63.806	0.02	0.00	0.00	0.73	0.00	0.00	0.0	5	68.0
64.153	0.00	0.00	0.00	0.70	0.00	0.00	0.0	5	68.5
64.500	0.00	0.00	0.00	0.72	0.00	0.00	0.0	5	69.0
64.847	0.00	0.00	0.00	0.78	0.00	0.00	0.0	5	69.5
65.194	0.00	0.00	0.00	0.76	0.00	0.00	0.0	5	70.0
65.541	0.00	0.00	0.00	0.83	0.00	0.00	0.0	5	71.0
65.888	0.00	0.00	0.00	0.86	0.00	0.00	0.0	5	71.5
66.235	0.00	0.00	0.00	0.90	0.00	0.00	0.0	5	72.0
66.582	0.00	0.00	0.00	0.90	0.00	0.00	0.0	5	72.5
66.929	0.00	0.00	0.00	0.93	0.00	0.00	0.0	5	73.0
67.276	0.00	0.00	0.00	0.97	0.00	0.00	0.0	5	73.5
67.623	0.07	0.00	0.00	1.02	0.00	0.00	0.0	5	74.0
67.970	0.00	0.00	0.00	1.03	0.00	0.00	0.0	5	74.5
68.317	0.00	0.00	0.00	1.02	0.00	0.00	0.0	5	75.0
68.664	0.00	0.00	0.00	1.11	0.00	0.00	0.0	5	75.5
69.011	0.16	0.00	0.00	1.10	0.00	0.00	0.0	5	76.5
69.358	0.06	0.00	0.00	1.11	0.00	0.00	0.0	5	77.0
69.705	0.06	0.00	0.00	1.13	0.00	0.00	0.0	5	77.5
70.052	0.12	0.00	0.00	1.12	0.00	0.00	0.0	5	78.0
70.399	0.00	0.00	0.00	1.11	0.00	0.00	0.0	5	78.5
70.746	0.00	0.00	0.00	1.11	0.00	0.00	0.0	5	79.0
71.093	0.00	0.00	0.00	1.08	0.00	0.00	0.0	5	79.5
71.440	0.00	0.00	0.00	1.04	0.00	0.00	0.0	5	80.0
71.787	0.00	0.00	0.00	0.99	0.00	0.00	0.0	5	80.5
72.134	0.00	0.00	0.00	0.98	0.00	0.00	0.0	5	81.0
72.481	0.00	0.00	0.00	0.93	0.00	0.00	0.0	5	82.0
72.828	0.00	0.00	0.00	0.92	0.00	0.00	0.0	5	82.5
73.175	0.00	0.00	0.00	0.87	0.00	0.00	0.0	5	83.0
73.522	0.00	0.00	0.00	0.91	0.00	0.00	0.0	5	83.5
73.869	0.00	0.00	0.00	0.85	0.00	0.00	0.0	5	84.0
74.216	0.00	0.00	0.00	0.82	0.00	0.00	0.0	5	84.5
74.563	0.00	0.00	0.00	0.79	0.00	0.00	0.0	5	85.0
74.910	0.00	0.00	0.00	0.75	0.00	0.00	0.0	5	85.5
75.257	0.00	0.00	0.00	0.77	0.00	0.00	0.0	5	86.0
75.604	0.00	0.00	0.00	0.75	0.00	0.00	0.0	5	86.5
75.951	0.00	0.00	0.00	0.75	0.00	0.00	0.0	5	87.5
76.298	0.00	0.00	0.00	0.69	0.00	0.00	0.0	5	88.0
76.645	0.00	0.00	0.00	0.70	0.00	0.00	0.0	5	88.5
76.992	0.00	0.00	0.00	0.72	0.00	0.00	0.0	5	89.0
77.339	0.00	0.00	0.00	0.64	0.00	0.00	0.0	5	89.5
77.686	0.00	0.00	0.00	0.64	0.00	0.00	0.0	5	90.0
78.033	0.00	0.00	0.00	0.62	0.00	0.00	0.0	5	90.5
78.380	0.00	0.00	0.00	0.60	0.00	0.00	0.0	5	91.0
78.727	0.00	0.00	0.00	0.58	0.00	0.00	0.0	5	91.5
79.074	0.00	0.00	0.00	0.54	0.00	0.00	0.0	5	92.0
79.421	0.00	0.00	0.00	0.56	0.00	0.00	0.0	5	93.0
79.768	0.00	0.00	0.00	0.54	0.00	0.00	0.0	5	93.5
80.115	0.00	0.00	0.00	0.54	0.00	0.00	0.0	5	94.0
80.462	0.00	0.00	0.00	0.51	0.00	0.00	0.0	5	94.5
80.809	0.00	0.00	0.00	0.49	0.00	0.00	0.0	5	0.0
81.156	0.00	0.00	0.00	0.50	0.00	0.00	0.0	5	0.5
81.503	0.00	0.00	0.00	0.49	0.00	0.00	0.0	5	1.0
81.850	0.00	0.00	0.00	0.52	0.00	0.00	0.0	5	1.5
82.197	0.00	0.00	0.00	0.50	0.00	0.00	0.0	5	2.0
82.544	0.00	0.00	0.00	0.54	0.00	0.00	0.0	5	2.5
82.891	0.00	0.00	0.00	0.53	0.00	0.00	0.0	5	3.0
83.238	0.00	0.00	0.00	0.50	0.00	0.00	0.0	5	3.5
83.585	0.00	0.00	0.00	0.51	0.00	0.00	0.0	5	4.0
83.932	0.00	0.00	0.00	0.52	0.00	0.00	0.0	5	4.5
84.279	0.00	0.00	0.00	0.49	0.00	0.00	0.0	5	5.5
84.626	0.00	0.00	0.00	0.48	0.00	0.00	0.0	5	6.0
84.973	0.00	0.00	0.00	0.48	0.00	0.00	0.0	5	6.5
85.320	0.00	0.00	0.00	0.45	0.00	0.00	0.0	5	7.0
85.667	0.00	0.00	0.00	0.40	0.00	0.00	0.0	5	7.5
86.014	0.00	0.00	0.00	0.42	0.00	0.00	0.0	5	8.0
86.361	0.00	0.00	0.00	0.42	0.00	0.00	0.0	5	8.5
86.708	0.00	0.00	0.00	0.41	0.00	0.00	0.0	5	9.0
87.055	0.00	0.00	0.00	0.41	0.00	0.00	0.0	5	9.5
87.402	0.00	0.00	0.00	0.40	0.00	0.00	0.0	5	10.0
87.749	0.00	0.00	0.00	0.38	0.00	0.00	0.0	5	11.0
88.096	0.00	0.00	0.00	0.39	0.00	0.00	0.0	5	11.5
88.443	0.00	0.00	0.00	0.38	0.00	0.00	0.0	5	12.0
88.790	0.00	0.00	0.00	0.36	0.00	0.00	0.0	5	12.5
89.137	0.00	0.00	0.00	0.37	0.00	0.00	0.0	5	13.0
89.484	0.00	0.00	0.00	0.31	0.00	0.00	0.0	5	13.5
89.831	0.00	0.00	0.00	0.36	0.00	0.00	0.0	5	14.0
90.178	0.00	0.00	0.00	0.34	0.00	0.00	0.0	5	14.5
90.525	0.00	0.00	0.00	0.34	0.00	0.00	0.0	5	15.0
90.872	0.00	0.00	0.00	0.38	0.00	0.00	0.0	5	15.5
91.219	0.00	0.00	0.00	0.34	0.00	0.00	0.0	5	16.5
91.566	0.00	0.00	0.00	0.39	0.00	0.00	0.0	5	17.0
91.913	0.00	0.00	0.00	0.36	0.00	0.00	0.0	5	17.5
92.260	0.00	0.00	0.00	0.35	0.00	0.00	0.0	5	18.0
92.607	0.00	0.00	0.00	0.40	0.00	0.00	0.0	5	18.5
92.954	0.00	0.00	0.00	0.41	0.00	0.00	0.0	5	19.0
93.301	0.00	0.00	0.00	0.41	0.00	0.00	0.0	5	19.5
93.648	0.00	0.00	0.00	0.41	0.00	0.00	0.0	5	20.0
93.995	0.00	0.00	0.00	0.45	0.00	0.00	0.0	5	20.5
94.342	0.00	0.00	0.00	0.43	0.00	0.00	0.0	5	21.0
94.689	0.00	0.00	0.00	0.47	0.00	0.00	0.0	5	22.0
95.036	0.00	0.00	0.00	0.45	0.00	0.00	0.0	5	22.5
95.383	0.00	0.00	0.00	0.46	0.00	0.00	0.0	5	23.0
95.730	0.00	0.00	0.00	0.49	0.00	0.00	0.0	0	0.0
96.077	0.00	0.00	0.00	0.48	0.00	0.00	0.0	0	0.0
96.424	0.06	0.00	0.00	0.47	0.00	0.00	0.0	0	0.0
96.771	0.21	0.00	0.00	0.44	0.00	0.00	0.0	0	0.0
97.118	0.00	0.00	0.00	0.44	0.00	0.00	0.0	0	0.0
97.465	0.00	0.00	0.00	0.45	0.00	0.00	0.0	0	0.0
97.812	0.00	0.00	0.00	0.43	0.00	0.00	0.0	0	0.0
98.159	0.00	0.00	0.00	0.42	0.00	0.00	0.0	0	0.0
98.506	0.00	0.00	0.00	0.40	0.00	0.00	0.0	0	0.0
98.853	0.07	0.00	0.00	0.38	0.00	0.00	0.0	0	0.0
99.200	0.00	0.00	0.00	0.37	0.00	0.00	0.0	0	0.0
99.547	0.00	0.00	0.00	0.41	0.00	0.00	0.0	0	0.0
99.894	0.00	0.00	0.00	0.34	0.00	0.00	0.0	0	0.0
100.241	0.00	0.00	0.00	0.33	0.00	0.00	0.0	0	0.0
100.588	0.00	0.00	0.00	0.33	0.00	0.00	0.0	0	0.0
100.935	0.02	0.00	0.00	0.36	0.00	0.00	0.0	0	0.0
101.282	0.05	0.00	0.00	0.35	0.00	0.00	0.0	0	0.0
101.629	0.00	0.00	0.00	0.34	0.00	0.00	0.0	0	0.0
101.976	0.00	0.00	0.00	0.31	0.00	0.00	0.0	0	0.0
102.323	0.00	0.00	0.00	0.30	0.00	0.00	0.0	0	0.0
102.670	0.00	0.00	0.00	0.32	0.00	0.00	0.0	0	0.0
103.017	0.00	0.00	0.00	0.30	0.00	0.00	0.0	0	0.0
103.364	0.00	0.00	0.00	0.31	0.00	0.00	0.0	0	0.0
103.711	0.00	0.00	0.00	0.29	0.00	0.00	0.0	0	0.0
104.058	0.00	0.00	0.00	0.28	0.00	0.00	0.0	0	0.0
104.405	0.00	0.00	0.00	0.25	0.00	0.00	0.0	0	0.0
104.752	0.00	0.00	0.00	0.26	0.00	0.00	0.0	0	0.0
105.099	0.00	0.00	0.00	0.24	0.00	0.00	0.0	0	0.0
105.446	0.00	0.00	0.00	0.26	0.00	0.00	0.0	0	0.0
105.793	0.00	0.00	0.00	0.22	0.00	0.00	0.0	0	0.0
106.140	0.00	0.00	0.00	0.24	0.00	0.00	0.0	0	0.0
106.487	0.00	0.00	0.00	0.23	0.00	0.00	0.0	0	0.0
106.834	0.00	0.00	0.00	0.26	0.00	0.00	0.0	0	0.0
107.181	0.00	0.00	0.00	0.23	0.00	0.00	0.0	0	0.0
107.528	0.00	0.00	0.00	0.20	0.00	0.00	0.0	0	0.0
107.875	0.00	0.00	0.00	0.22	0.00	0.00	0.0	0	0.0
108.222	0.00	0.00	0.00	0.22	0.00	0.00	0.0	0	0.0
108.569	0.00	0.00	0.00	0.21	0.00	0.00	0.0	0	0.0
108.916	0.11	0.00	0.00	0.19	0.00	0.00	0.0	0	0.0
109.263	0.00	0.00	0.00	0.21	0.00	0.00	0.0	0	0.0
109.610	0.14	0.00	0.00	0.20	0.00	0.00	0.0	0	0.0
109.957	0.00	0.00	0.00	0.19	0.00	0.00	0.0	0	0.0
110.304	0.00	0.00	0.00	0.20	0.00	0.00	0.0	0	0.0
110.651	0.00	0.00	0.00	0.19	0.00	0.00	0.0	0	0.0
110.998	0.00	0.00	0.00	0.19	0.00	0.00	0.0	0	0.0
111.345	0.04	0.00	0.00	0.21	0.00	0.00	0.0	0	0.0
111.692	0.01	0.00	0.00	0.17	0.00	0.00	0.0	0	0.0
112.039	0.00	0.00	0.00	0.19	0.00	0.00	0.0	0	0.0
112.386	0.00	0.00	0.00	0.17	0.00	0.00	0.0	0	0.0
112.733	0.00	0.00	0.00	0.19	0.00	0.00	0.0	0	0.0
113.080	0.00	0.00	0.00	0.14	0.00	0.00	0.0	0	0.0
113.427	0.01	0.00	0.00	0.18	0.00	0.00	0.0	0	0.0
113.774	0.00	0.00	0.00	0.16	0.00	0.00	0.0	0	0.0
114.121	0.00	0.00	0.00	0.15	0.00	0.00	0.0	0	0.0
114.468	0.00	0.00	0.00	0.16	0.00	0.00	0.0	5	0.0
114.815	0.00	0.00	0.00	0.18	0.00	0.00	0.0	5	0.5
115.162	0.00	0.00	0.00	0.36	0.00	0.00	0.0	1	15.0
115.509	0.00	0.00	0.00	0.43	0.00	0.00	0.0	1	37.5
115.856	0.00	0.00	0.00	0.47	0.00	0.00	0.0	1	35.0
116.203	0.00	0.00	0.00	0.52	0.00	0.00	0.0	1	29.5
116.550	0.07	0.00	0.00	0.61	0.00	0.00	0.0	1	35.0
116.897	0.00	0.00	0.00	0.62	0.00	0.00	0.0	1	35.0
117.244	0.00	0.00	0.00	0.65	0.00	0.00	0.0	1	35.0
117.591	0.00	0.00	0.00	0.73	0.00	0.00	0.0	1	35.0
117.938	0.00	0.00	0.00	0.75	0.00	0.00	0.0	1	35.0
118.285	0.07	0.00	0.00	0.76	0.00	0.00	0.0	1	35.0
118.632	0.00	0.00	0.00	0.75	0.00	0.00	0.0	1	35.0
118.979	0.00	0.00	0.00	0.77	0.00	0.00	0.0	1	35.0
119.326	0.00	0.00	0.00	0.79	0.00	0.00	0.0	1	35.0
119.673	0.00	0.00	0.00	0.80	0.00	0.00	0.0	1	35.0
120.020	0.00	0.00	0.00	0.77	0.00	0.00	0.0	1	35.0
120.367	0.07	0.00	0.00	0.82	0.00	0.00	0.0	1	35.0
120.714	0.16	0.00	0.00	0.81	0.00	0.00	0.0	1	35.0
121.061	0.00	0.00	0.00	0.82	0.00	0.00	0.0	1	35.0
121.408	0.04	0.00	0.00	0.83	0.00	0.00	0.0	1	35.0
121.755	0.03	0.00	0.00	0.82	0.00	0.00	0.0	1	35.0
122.102	0.15	0.00	0.00	0.80	0.00	0.00	0.0	1	35.0
122.449	0.30	0.00	0.00	0.81	0.00	0.00	0.0	1	35.0
122.796	0.27	0.00	0.00	0.82	0.00	0.00	0.0	1	35.0
123.143	0.00	0.00	0.00	0.80	0.00	0.00	0.0	1	35.0
123.490	0.03	0.00	0.00	0.82	0.00	0.00	0.0	1	35.0
123.837	0.09	0.00	0.00	0.84	0.00	0.00	0.0	1	35.0
124.184	0.15	0.00	0.00	0.81	0.00	0.00	0.0	1	35.0
124.531	0.03	0.00	0.00	0.81	0.00	0.00	0.0	1	35.0
124.878	0.00	0.00	0.00	0.83	0.00	0.00	0.0	1	35.0
125.225	0.00	0.00	0.00	0.80	0.00	0.00	0.0	0	0.0
125.572	0.09	0.00	0.00	0.76	0.00	0.00	0.0	0	0.0
13.091	0.00	0.00	0.00	0.07	0.00	0.00	0.0	0	0.0
13.235	0.00	0.00	0.00	0.09	0.00	0.00	0.0	0	0.0
13.295	0.00	0.00	0.00	0.07	0.00	0.00	0.0	0	0.0
13.398	0.00	0.00	0.00	0.07	0.00	0.00	0.0	0	0.0
13.542	0.07	0.00	0.00	0.06	0.00	0.00	0.0	0	0.0
13.602	0.13	0.00	0.00	0.09	0.00	0.00	0.0	0	0.0
13.705	0.00	0.00	0.00	0.08	0.00	0.00	0.0	0	0.0
13.849	0.00	0.00	0.00	0.08	0.00	0.00	0.0	0	0.0
13.909	0.03	0.00	0.00	0.08	0.00	0.00	0.0	0	0.0
14.012	0.03	0.00	0.00	0.09	0.00	0.00	0.0	0	0.0
14.156	0.00	0.00	0.00	0.07	0.00	0.00	0.0	0	0.0
14.216	0.00	0.00	0.00	0.07	0.00	0.00	0.0	0	0.0
14.319	0.00	0.00	0.00	0.07	0.00	0.00	0.0	0	0.0
14.463	0.06	0.00	0.00	0.07	0.00	0.00	0.0	0	0.0
14.523	0.13	0.00	0.00	0.06	0.00	0.00	0.0	0	0.0
14.626	0.04	0.00	0.00	0.09	0.00	0.00	0.0	0	0.0
14.770	0.01	0.00	0.00	0.10	0.00	0.00	0.0	0	0.0
14.830	0.00	0.00	0.00	0.10	0.00	0.00	0.0	0	0.0
14.933	0.00	0.00	0.00	0.07	0.00	0.00	0.0	0	0.0
15.077	0.06	0.00	0.00	0.05	0.00	0.00	0.0	0	0.0
15.137	0.00	0.00	0.00	0.06	0.00	0.00	0.0	0	0.0
15.240	0.11	0.00	0.00	0.06	0.00	0.00	0.0	0	0.0
15.384	0.02	0.00	0.00	0.07	0.00	0.00	0.0	0	0.0
15.444	0.01	0.00	0.00	0.08	0.00	0.00	0.0	0	0.0
15.547	0.05	0.00	0.00	0.08	0.00	0.00	0.0	0	0.0
15.691	0.00	0.00	0.00	0.07	0.00	0.00	0.0	0	0.0
15.751	0.03	0.00	0.00	0.07	0.00	0.00	0.0	0	0.0
15.854	0.00	0.00	0.00	0.07	0.00	0.00	0.0	0	0.0
15.998	0.09	0.00	0.00	0.07	0.00	0.00	0.0	0	0.0
16.058	0.17	0.00	0.00	0.07	0.00	0.00	0.0	0	0.0
16.161	0.12	0.00	0.00	0.07	0.00	0.00	0.0	0	0.0
16.305	0.00	0.00	0.00	0.07	0.00	0.00	0.0	0	0.0
16.365	0.03	0.00	0.00	0.08	0.00	0.00	0.0	0	0.0
16.468	0.10	0.00	0.00	0.07	0.00	0.00	0.0	0	0.0
16.612	0.06	0.00	0.00	0.09	0.00	0.00	0.0	0	0.0
16.672	0.05	0.00	0.00	0.08	0.00	0.00	0.0	0	0.0
16.775	0.08	0.00	0.00	0.06	0.00	0.00	0.0	0	0.0
16.919	0.08	0.00	0.00	0.09	0.00	0.00	0.0	0	0.0
16.979	0.01	0.00	0.00	0.09	0.00	0.00	0.0	0	0.0
17.082	0.00	0.00	0.00	0.08	0.00	0.00	0.0	0	0.0
17.226	0.00	0.00	0.00	0.05	0.00	0.00	0.0	0	0.0
17.286	0.02	0.00	0.00	0.06	0.00	0.00	0.0	0	0.0
17.389	0.00	0.00	0.00	0.05	0.00	0.00	0.0	0	0.0
17.533	0.00	0.00	0.00	0.11	0.00	0.00	0.0	0	0.0
17.593	0.01	0.00	0.00	0.10	0.00	0.00	0.0	0	0.0
17.696	0.03	0.00	0.00	0.11	0.00	0.00	0.0	0	0.0
17.840	0.00	0.00	0.00	0.05	0.00	0.00	0.0	0	0.0
17.900	0.00	0.00	0.00	0.07	0.00	0.00	0.0	0	0.0
18.003	0.04	0.00	0.00	0.07	0.00	0.00	0.0	0	0.0
18.147	0.00	0.00	0.00	0.06	0.00	0.00	0.0	0	0.0
18.207	0.00	0.00	0.00	0.07	0.00	0.00	0.0	0	0.0
18.310	0.00	0.00	0.00	0.08	0.00	0.00	0.0	0	0.0
18.454	0.00	0.00	0.00	0.07	0.00	0.00	0.0	0	0.0
18.514	0.00	0.00	0.00	0.09	0.00	0.00	0.0	0	0.0
18.617	0.01	0.00	0.00	0.09	0.00	0.00	0.0	0	0.0
18.761	0.05	0.00	0.00	0.06	0.00	0.00	0.0	0	0.0
18.821	0.01	0.00	0.00	0.08	0.00	0.00	0.0	0	0.0
18.924	0.04	0.00	0.00	0.07	0.00	0.00	0.0	0	0.0
19.068	0.02	0.00	0.00	0.06	0.00	0.00	0.0	5	0.0
19.128	0.00	0.00	0.00	0.08	0.00	0.00	0.0	5	0.0
19.231	0.02	0.00	0.00	0.09	0.00	0.00	0.0	5	0.0
19.375	0.01	0.00	0.00	0.09	0.00	0.00	0.0	5	0.5
19.435	0.00	0.00	0.00	0.09	0.00	0.00	0.0	5	0.5
19.538	0.05	0.00	0.00	0.13	0.00	0.00	0.0	5	0.5
19.682	0.00	0.00	0.00	0.22	0.00	0.00	0.0	5	1.0
19.742	0.00	0.00	0.00	0.25	0.00	0.00	0.0	5	1.0
19.845	0.00	0.00	0.00	0.34	0.00	0.00	0.0	5	1.0
19.989	0.00	0.00	0.00	0.41	0.00	0.00	0.0	5	1.5
20.049	0.00	0.00	0.00	0.42	0.00	0.00	0.0	5	1.5
20.152	0.00	0.00	0.00	0.41	0.00	0.00	0.0	5	1.5
20.296	0.00	0.00	0.00	0.43	0.00	0.00	0.0	5	2.0
20.356	0.00	0.00	0.00	0.42	0.00	0.00	0.0	5	2.0
20.459	0.00	0.00	0.00	0.42	0.00	0.00	0.0	5	2.0
20.603	0.00	0.00	0.00	0.43	0.00	0.00	0.0	5	2.5
20.663	0.00	0.00	0.00	0.43	0.00	0.00	0.0	5	2.5
20.766	0.00	0.00	0.00	0.43	0.00	0.00	0.0	5	2.5
20.910	0.00	0.00	0.00	0.45	0.00	0.00	0.0	5	3.0
20.970	0.00	0.00	0.00	0.45	0.00	0.00	0.0	5	3.0
21.073	0.00	0.00	0.00	0.45	0.00	0.00	0.0	5	3.0
21.217	0.00	0.00	0.00	0.44	0.00	0.00	0.0	5	3.5
21.277	0.00	0.00	0.00	0.46	0.00	0.00	0.0	5	3.5
21.380	0.00	0.00	0.00	0.46	0.00	0.00	0.0	5	3.5
21.524	0.00	0.00	0.00	0.44	0.00	0.00	0.0	5	4.0
21.584	0.00	0.00	0.00	0.46	0.00	0.00	0.0	5	4.0
21.687	0.00	0.00	0.00	0.46	0.00	0.00	0.0	5	4.0
21.831	0.00	0.00	0.00	0.45	0.00	0.00	0.0	5	4.5
21.891	0.00	0.00	0.00	0.46	0.00	0.00	0.0	5	4.5
21.994	0.00	0.00	0.00	0.46	0.00	0.00	0.0	5	4.5
22.138	0.00	0.00	0.00	0.44	0.00	0.00	0.0	5	5.0
22.198	0.00	0.00	0.00	0.44	0.00	0.00	0.0	5	5.0
22.301	0.00	0.00	0.00	0.43	0.00	0.00	0.0	5	5.0
22.445	0.00	0.00	0.00	0.43	0.00	0.00	0.0	5	5.5
22.505	0.00	0.00	0.00	0.43	0.00	0.00	0.0	5	5.5
22.608	0.00	0.00	0.00	0.43	0.00	0.00	0.0	5	5.5
22.752	0.00	0.00	0.00	0.43	0.00	0.00	0.0	5	6.0
22.812	0.00	0.00	0.00	0.43	0.00	0.00	0.0	5	6.0
22.915	0.00	0.00	0.00	0.42	0.00	0.00	0.0	5	6.0
23.059	0.00	0.00	0.00	0.43	0.00	0.00	0.0	5	6.5
23.119	0.00	0.00	0.00	0.44	0.00	0.00	0.0	5	6.5
23.222	0.00	0.00	0.00	0.46	0.00	0.00	0.0	5	6.5
23.366	0.00	0.00	0.00	0.40	0.00	0.00	0.0	5	6.5
23.426	0.00	0.00	0.00	0.41	0.00	0.00	0.0	5	7.0
23.529	0.00	0.00	0.00	0.40	0.00	0.00	0.0	5	7.0
23.673	0.00	0.00	0.00	0.39	0.00	0.00	0.0	5	7.0
23.733	0.00	0.00	0.00	0.42	0.00	0.00	0.0	5	7.5
23.836	0.00	0.00	0.00	0.42	0.00	0.00	0.0	5	7.5
23.980	0.00	0.00	0.00	0.43	0.00	0.00	0.0	5	7.5
24.040	0.00	0.00	0.00	0.44	0.00	0.00	0.0	5	8.0
24.143	0.00	0.00	0.00	0.43	0.00	0.00	0.0	5	8.0
24.287	0.00	0.00	0.00	0.40	0.00	0.00	0.0	5	8.0
24.347	0.00	0.00	0.00	0.41	0.00	0.00	0.0	5	8.5
24.450	0.00	0.00	0.00	0.41	0.00	0.00	0.0	5	8.5
24.594	0.00	0.00	0.00	0.40	0.00	0.00	0.0	5	8.5
24.654	0.00	0.00	0.00	0.39	0.00	0.00	0.0	5	9.0
24.757	0.00	0.00	0.00	0.38	0.00	0.00	0.0	5	9.0
24.901	0.00	0.00	0.00	0.41	0.00	0.00	0.0	5	9.0
24.961	0.00	0.00	0.00	0.39	0.00	0.00	0.0	5	9.5
25.064	0.00	0.00	0.00	0.39	0.00	0.00	0.0	5	9.5
25.208	0.00	0.00	0.00	0.38	0.01	0.00	0.0	5	9.5
25.268	0.00	0.00	0.00	0.36	0.00	0.00	0.0	5	10.0
25.371	0.00	0.00	0.00	0.37	0.00	0.00	0.0	5	10.0
25.515	0.00	0.00	0.00	0.37	0.00	0.00	0.0	5	10.0
25.575	0.00	0.00	0.00	0.38	0.00	0.00	0.0	5	10.0
25.678	0.00	0.00	0.00	0.35	0.00	0.00	0.0	5	10.5
25.822	0.00	0.00	0.00	0.39	0.00	0.00	0.0	5	10.5
25.882	0.00	0.00	0.00	0.38	0.00	0.00	0.0	5	10.5
25.985	0.00	0.00	0.00	0.35	0.00	0.00	0.0	5	11.0
26.129	0.00	0.00	0.00	0.35	0.00	0.00	0.0	5	11.0
26.189	0.00	0.00	0.00	0.36	0.00	0.00	0.0	5	11.0
26.292	0.00	0.00	0.00	0.36	0.00	0.00	0.0	5	11.5
26.436	0.00	0.00	0.00	0.38	0.00	0.00	0.0	5	11.5
26.496	0.00	0.00	0.00	0.37	0.00	0.00	0.0	5	11.5
26.599	0.00	0.00	0.00	0.35	0.00	0.00	0.0	5	12.0
26.743	0.00	0.00	0.00	0.34	0.00	0.00	0.0	5	12.0
26.803	0.00	0.00	0.00	0.34	0.00	0.00	0.0	5	12.0
26.906	0.00	0.00	0.00	0.35	0.00	0.00	0.0	5	12.5
27.050	0.00	0.00	0.00	0.34	0.00	0.00	0.0	5	12.5
27.110	0.00	0.00	0.00	0.36	0.00	0.00	0.0	5	12.5
27.213	0.00	0.00	0.00	0.35	0.00	0.00	0.0	5	13.0
27.357	0.00	0.00	0.00	0.33	0.00	0.00	0.0	5	13.0
27.417	0.00	0.00	0.00	0.32	0.00	0.00	0.0	5	13.0
27.520	0.00	0.00	0.00	0.32	0.00	0.00	0.0	5	13.5
27.664	0.00	0.00	0.00	0.31	0.00	0.00	0.0	5	13.5
27.724	0.00	0.00	0.00	0.32	0.00	0.00	0.0	5	13.5
27.827	0.00	0.00	0.00	0.31	0.00	0.00	0.0	5	14.0
27.971	0.00	0.00	0.00	0.33	0.00	0.00	0.0	5	14.0
28.031	0.00	0.00	0.00	0.32	0.00	0.00	0.0	5	14.0
28.134	0.00	0.00	0.00	0.31	0.00	0.00	0.0	5	14.5
28.278	0.00	0.00	0.00	0.31	0.00	0.00	0.0	5	14.5
28.338	0.00	0.00	0.00	0.32	0.00	0.00	0.0	5	14.5
28.441	0.00	0.00	0.00	0.32	0.00	0.00	0.0	5	15.0
28.585	0.00	0.00	0.00	0.33	0.00	0.00	0.0	5	15.0
28.645	0.00	0.00	0.00	0.32	0.00	0.00	0.0	5	15.0
28.748	0.00	0.00	0.00	0.32	0.00	0.00	0.0	5	15.5
28.892	0.00	0.00	0.00	0.32	0.00	0.00	0.0	5	15.5
28.952	0.00	0.00	0.00	0.32	0.00	0.00	0.0	5	15.5
29.055	0.00	0.00	0.00	0.33	0.00	0.00	0.0	5	16.0
29.199	0.00	0.00	0.00	0.30	0.00	0.00	0.0	5	16.0
29.259	0.01	0.00	0.00	0.33	0.00	0.00	0.0	5	16.0
29.362	0.06	0.00	0.00	0.35	0.00	0.00	0.0	5	16.5
29.506	0.00	0.00	0.00	0.33	0.00	0.00	0.0	5	16.5
29.566	0.00	0.00	0.00	0.34	0.00	0.00	0.0	5	16.5
29.669	0.01	0.00	0.00	0.34	0.00	0.00	0.0	5	17.0
29.813	0.00	0.00	0.00	0.36	0.00	0.00	0.0	5	17.0
29.873	0.00	0.00	0.00	0.35	0.00	0.00	0.0	5	17.0
29.976	0.02	0.00	0.00	0.35	0.00	0.00	0.0	5	17.0
30.120	0.04	0.00	0.00	0.32	0.00	0.00	0.0	5	17.5
30.180	0.04	0.00	0.00	0.35	0.00	0.00	0.0	5	17.5
30.283	0.04	0.00	0.00	0.35	0.00	0.00	0.0	5	17.5
30.427	0.00	0.00	0.00	0.33	0.00	0.00	0.0	5	18.0
30.487	0.00	0.00	0.00	0.35	0.00	0.00	0.0	5	18.0
30.590	0.00	0.00	0.00	0.34	0.00	0.00	0.0	5	18.0
30.734	0.00	0.00	0.00	0.37	0.00	0.00	0.0	5	18.5
30.794	0.00	0.00	0.00	0.36	0.00	0.00	0.0	5	18.5
30.897	0.00	0.00	0.00	0.36	0.00	0.00	0.0	5	18.5
31.041	0.00	0.00	0.00	0.37	0.00	0.00	0.0	5	19.0
31.101	0.00	0.00	0.00	0.37	0.00	0.00	0.0	5	19.0
31.204	0.00	0.00	0.00	0.37	0.00	0.00	0.0	5	19.0
31.348	0.00	0.00	0.00	0.38	0.00	0.00	0.0	5	19.5
31.408	0.00	0.00	0.00	0.40	0.00	0.00	0.0	5	19.5
31.511	0.04	0.00	0.00	0.39	0.00	0.00	0.0	5	19.5
31.655	0.04	0.00	0.00	0.37	0.00	0.00	0.0	5	20.0
31.715	0.05	0.00	0.00	0.37	0.00	0.00	0.0	5	20.0
31.818	0.07	0.00	0.00	0.39	0.00	0.00	0.0	5	20.0
31.962	0.03	0.00	0.00	0.41	0.00	0.00	0.0	5	20.5
32.022	0.05	0.00	0.00	0.40	0.00	0.00	0.0	5	20.5
32.125	0.03	0.00	0.00	0.41	0.00	0.00	0.0	5	20.5
32.269	0.03	0.00	0.00	0.40	0.00	0.00	0.0	5	21.0
32.329	0.02	0.00	0.00	0.42	0.00	0.00	0.0	5	21.0
32.432	0.01	0.00	0.00	0.42	0.00	0.00	0.0	5	21.0
32.576	0.23	0.00	0.00	0.42	0.00	0.00	0.0	5	21.5
32.636	0.18	0.00	0.00	0.43	0.00	0.00	0.0	5	21.5
32.739	0.03	0.00	0.00	0.44	0.00	0.00	0.0	5	21.5
32.883	0.06	0.00	0.00	0.45	0.00	0.00	0.0	5	22.0
32.943	0.00	0.00	0.00	0.45	0.00	0.00	0.0	5	22.0
33.046	0.04	0.00	0.00	0.43	0.00	0.00	0.0	5	22.0
33.190	0.20	0.00	0.00	0.44	0.00	0.00	0.0	5	22.5
33.250	0.13	0.00	0.00	0.44	0.00	0.00	0.0	5	22.5
33.353	0.05	0.00	0.00	0.46	0.00	0.00	0.0	5	22.5
33.497	0.04	0.00	0.00	0.46	0.00	0.00	0.0	5	23.0
33.557	0.06	0.00	0.00	0.44	0.00	0.00	0.0	5	23.0
33.660	0.06	0.00	0.00	0.46	0.00	0.00	0.0	5	23.0
33.804	0.08	0.00	0.00	0.47	0.00	0.00	0.0	5	23.5
33.864	0.14	0.00	0.00	0.48	0.00	0.00	0.0	5	23.5
33.967	0.14	0.00	0.00	0.46	0.00	0.00	0.0	5	23.5
34.111	0.00	0.00	0.00	0.48	0.00	0.00	0.0	5	24.0
34.171	0.00	0.00	0.00	0.49	0.00	0.00	0.0	5	24.0
34.274	0.01	0.00	0.00	0.49	0.00	0.00	0.0	5	24.0
34.418	0.09	0.00	0.00	0.50	0.00	0.00	0.0	5	24.5
34.478	0.16	0.00	0.00	0.50	0.00	0.00	0.0	5	24.5
34.581	0.10	0.00	0.00	0.50	0.00	0.00	0.0	5	24.5
34.725	0.08	0.00	0.00	0.51	0.00	0.00	0.0	5	25.0
34.785	0.16	0.00	0.00	0.52	0.00	0.00	0.0	5	25.0
34.888	0.20	0.00	0.00	0.53	0.00	0.00	0.0	5	25.0
35.032	0.24	0.00	0.00	0.51	0.00	0.00	0.0	5	25.5
35.092	0.14	0.00	0.00	0.54	0.00	0.00	0.0	5	25.5
35.195	0.09	0.00	0.00	0.56	0.00	0.00	0.0	5	25.5
35.339	0.04	0.00	0.00	0.55	0.00	0.00	0.0	5	26.0
35.399	0.07	0.00	0.00	0.56	0.00	0.00	0.0	5	26.0
35.502	0.09	0.00	0.00	0.54	0.00	0.00	0.0	5	26.0
35.646	0.20	0.00	0.00	0.53	0.00	0.00	0.0	5	26.0
35.706	0.12	0.00	0.00	0.54	0.00	0.00	0.0	5	26.5
35.809	0.13	0.00	0.00	0.54	0.00	0.00	0.0	5	26.5
35.953	0.13	0.00	0.00	0.56	0.00	0.00	0.0	5	26.5
36.013	0.13	0.00	0.00	0.56	0.00	0.00	0.0	5	27.0
36.116	0.13	0.00	0.00	0.58	0.00	0.00	0.0	5	27.0
36.260	0.19	0.00	0.00	0.57	0.00	0.00	0.0	5	27.0
36.320	0.16	0.00	0.00	0.57	0.00	0.00	0.0	5	27.5
36.423	0.10	0.00	0.00	0.57	0.00	0.00	0.0	5	27.5
36.567	0.10	0.00	0.00	0.59	0.00	0.00	0.0	5	27.5
36.627	0.10	0.00	0.00	0.60	0.00	0.00	0.0	5	28.0
36.730	0.19	0.00	0.00	0.62	0.00	0.00	0.0	5	28.0
36.874	0.30	0.00	0.00	0.62	0.00	0.00	0.0	5	28.0
36.934	0.15	0.00	0.00	0.62	0.00	0.00	0.0	5	28.5
37.037	0.02	0.00	0.00	0.60	0.00	0.00	0.0	5	28.5
37.181	0.05	0.00	0.00	0.64	0.00	0.00	0.0	5	28.5
37.241	0.10	0.00	0.00	0.62	0.00	0.00	0.0	5	29.0
37.344	0.14	0.00	0.00	0.62	0.00	0.00	0.0	5	29.0
37.488	0.16	0.00	0.00	0.68	0.00	0.00	0.0	5	29.0
37.548	0.26	0.00	0.00	0.67	0.00	0.00	0.0	5	29.5
37.651	0.21	0.00	0.00	0.66	0.00	0.00	0.0	5	29.5
37.795	0.16	0.00	0.00	0.66	0.00	0.00	0.0	5	29.5
37.855	0.08	0.00	0.00	0.66	0.00	0.00	0.0	5	29.5
37.958	0.22	0.00	0.00	0.65	0.00	0.00	0.0	5	30.0
38.102	0.12	0.00	0.00	0.66	0.00	0.00	0.0	5	30.0
38.162	0.13	0.00	0.00	0.66	0.00	0.00	0.0	5	30.0
38.265	0.16	0.00	0.00	0.67	0.00	0.00	0.0	5	30.5
38.409	0.11	0.00	0.00	0.69	0.00	0.00	0.0	5	30.5
38.469	0.13	0.00	0.00	0.69	0.00	0.00	0.0	5	30.5
38.572	0.18	0.00	0.00	0.70	0.00	0.00	0.0	5	31.0
38.716	0.12	0.00	0.00	0.70	0.00	0.00	0.0	5	31.0
38.776	0.18	0.00	0.00	0.70	0.00	0.00	0.0	5	31.0
38.879	0.07	0.00	0.00	0.72	0.00	0.00	0.0	5	31.5
39.023	0.18	0.00	0.00	0.72	0.00	0.00	0.0	5	31.5
39.083	0.17	0.00	0.00	0.73	0.00	0.00	0.0	5	31.5
39.186	0.17	0.00	0.00	0.70	0.00	0.00	0.0	5	32.0
39.330	0.22	0.00	0.00	0.73	0.00	0.00	0.0	5	32.0
39.390	0.09	0.00	0.00	0.74	0.00	0.00	0.0	5	32.0
39.493	0.21	0.00	0.00	0.74	0.00	0.00	0.0	5	32.5
39.637	0.18	0.00	0.00	0.70	0.00	0.00	0.0	5	32.5
39.697	0.19	0.00	0.00	0.71	0.00	0.00	0.0	5	32.5
39.800	0.21	0.00	0.00	0.74	0.00	0.00	0.0	5	33.0
39.944	0.18	0.00	0.00	0.75	0.00	0.00	0.0	5	33.0
40.004	0.22	0.00	0.00	0.76	0.00	0.00	0.0	5	33.0
40.107	0.22	0.00	0.00	0.74	0.00	0.00	0.0	5	33.5
40.251	0.31	0.00	0.00	0.76	0.00	0.00	0.0	5	33.5
40.311	0.26	0.00	0.00	0.79	0.00	0.00	0.0	5	33.5
40.414	0.24	0.00	0.00	0.80	0.00	0.00	0.0	5	34.0
40.558	0.14	0.00	0.00	0.81	0.00	0.00	0.0	5	34.0
40.618	0.11	0.00	0.00	0.79	0.00	0.00	0.0	5	34.0
40.721	0.21	0.00	0.00	0.79	0.00	0.00	0.0	5	34.5
40.865	0.05	0.00	0.00	0.77	0.00	0.00	0.0	5	34.5
40.925	0.09	0.00	0.00	0.79	0.00	0.00	0.0	5	34.5
41.028	0.07	0.00	0.00	0.80	0.00	0.00	0.0	5	35.0
41.172	0.22	0.00	0.00	0.83	0.00	0.00	0.0	5	35.0
41.232	0.16	0.00	0.00	0.79	0.00	0.00	0.0	5	35.0
41.335	0.21	0.00	0.00	0.79	0.00	0.00	0.0	5	35.5
41.479	0.20	0.00	0.00	0.79	0.00	0.00	0.0	5	35.5
41.539	0.26	0.00	0.00	0.78	0.00	0.00	0.0	5	35.5
41.642	0.26	0.00	0.00	0.78	0.00	0.00	0.0	5	36.0
41.786	0.20	0.00	0.00	0.78	0.00	0.00	0.0	5	36.0
41.846	0.21	0.00	0.00	0.78	0.00	0.00	0.0	5	36.0
41.949	0.21	0.00	0.00	0.81	0.00	0.00	0.0	5	36.0
42.093	0.16	0.00	0.00	0.79	0.00	0.00	0.0	5	36.5
42.153	0.07	0.00	0.00	0.78	0.00	0.00	0.0	5	36.5
42.256	0.13	0.00	0.00	0.77	0.00	0.00	0.0	5	36.5
42.400	0.17	0.00	0.00	0.78	0.00	0.00	0.0	5	37.0
42.460	0.16	0.00	0.00	0.79	0.00	0.00	0.0	5	37.0
42.563	0.06	0.00	0.00	0.78	0.00	0.00	0.0	5	37.0
42.707	0.19	0.00	0.00	0.80	0.00	0.00	0.0	5	37.5
42.767	0.26	0.00	0.00	0.79	0.00	0.00	0.0	5	37.5
42.870	0.18	0.00	0.00	0.78	0.00	0.00	0.0	5	37.5
43.014	0.05	0.00	0.00	0.76	0.00	0.00	0.0	5	38.0
43.074	0.02	0.00	0.00	0.77	0.00	0.00	0.0	5	38.0
43.177	0.09	0.00	0.00	0.78	0.00	0.00	0.0	5	38.0
43.321	0.00	0.00	0.00	0.77	0.00	0.00	0.0	5	38.5
43.381	0.00	0.00	0.00	0.77	0.00	0.00	0.0	5	38.5
43.484	0.00	0.00	0.00	0.79	0.00	0.00	0.0	5	38.5
43.628	0.00	0.00	0.00	0.76	0.00	0.00	0.0	5	39.0
43.688	0.00	0.00	0.00	0.74	0.00	0.00	0.0	5	39.0
43.791	0.03	0.00	0.00	0.75	0.00	0.00	0.0	5	39.0
43.935	0.10	0.00	0.00	0.78	0.00	0.00	0.0	5	39.5
43.995	0.09	0.00	0.00	0.77	0.00	0.00	0.0	5	39.5
44.098	0.01	0.00	0.00	0.76	0.00	0.00	0.0	5	39.5
44.242	0.00	0.00	0.00	0.75	0.00	0.00	0.0	5	40.0
44.302	0.00	0.00	0.00	0.75	0.00	0.00	0.0	5	40.0
44.405	0.00	0.00	0.00	0.74	0.00	0.00	0.0	5	40.0
44.549	0.00	0.00	0.00	0.73	0.00	0.00	0.0	5	40.5
44.609	0.00	0.00	0.00	0.73	0.00	0.00	0.0	5	40.5
44.712	0.00	0.00	0.00	0.72	0.00	0.00	0.0	5	40.5
44.856	0.00	0.00	0.00	0.72	0.00	0.00	0.0	5	41.0
44.916	0.00	0.00	0.00	0.70	0.00	0.00	0.0	5	41.0
45.019	0.00	0.00	0.00	0.71	0.00	0.00	0.0	5	41.0
45.163	0.01	0.00	0.00	0.73	0.00	0.00	0.0	5	41.5
45.223	0.00	0.00	0.00	0.70	0.00	0.00	0.0	5	41.5
45.326	0.00	0.00	0.00	0.69	0.00	0.00	0.0	5	41.5
45.470	0.00	0.00	0.00	0.69	0.00	0.00	0.0	5	42.0
45.530	0.00	0.00	0.00	0.68	0.00	0.00	0.0	5	42.0
45.633	0.00	0.00	0.00	0.68	0.00	0.00	0.0	5	42.0
45.777	0.00	0.00	0.00	0.68	0.00	0.00	0.0	5	42.5
45.837	0.00	0.00	0.00	0.69	0.00	0.00	0.0	5	42.5
45.940	0.00	0.00	0.00	0.68	0.00	0.00	0.0	5	42.5
46.084	0.00	0.00	0.00	0.65	0.00	0.00	0.0	5	43.0
46.144	0.00	0.00	0.00	0.65	0.00	0.00	0.0	5	43.0
46.247	0.00	0.00	0.00	0.64	0.00	0.00	0.0	5	43.0
46.391	0.00	0.00	0.00	0.63	0.00	0.00	0.0	5	43.5
46.451	0.00	0.00	0.00	0.62	0.00	0.00	0.0	5	43.5
46.554	0.00	0.00	0.00	0.63	0.00	0.00	0.0	5	43.5
46.698	0.04	0.00	0.00	0.64	0.00	0.00	0.0	5	44.0
46.758	0.00	0.00	0.00	0.63	0.00	0.00	0.0	5	44.0
46.861	0.03	0.00	0.00	0.62	0.00	0.00	0.0	5	44.0
47.005	0.00	0.00	0.00	0.63	0.00	0.00	0.0	5	44.5
47.065	0.00	0.00	0.00	0.59	0.00	0.00	0.0	5	44.5
47.168	0.00	0.00	0.00	0.58	0.00	0.00	0.0	5	44.5
47.312	0.00	0.00	0.00	0.63	0.00	0.00	0.0	5	45.0
47.372	0.00	0.00	0.00	0.60	0.00	0.00	0.0	5	45.0
47.475	0.00	0.00	0.00	0.59	0.00	0.00	0.0	5	45.0
47.619	0.00	0.00	0.00	0.57	0.00	0.00	0.0	5	45.0
47.679	0.01	0.00	0.00	0.59	0.00	0.00	0.0	5	45.5
47.782	0.06	0.00	0.00	0.60	0.00	0.00	0.0	5	45.5
47.926	0.00	0.00	0.00	0.56	0.00	0.00	0.0	5	45.5
47.986	0.00	0.00	0.00	0.56	0.00	0.00	0.0	5	46.0
48.089	0.00	0.00	0.00	0.55	0.00	0.00	0.0	5	46.0
48.233	0.00	0.00	0.00	0.53	0.00	0.00	0.0	5	46.0
48.293	0.00	0.00	0.00	0.54	0.00	0.00	0.0	5	46.5
48.396	0.00	0.00	0.00	0.56	0.00	0.00	0.0	5	46.5
48.540	0.00	0.00	0.00	0.57	0.00	0.00	0.0	5	46.5
48.600	0.01	0.00	0.00	0.56	0.00	0.00	0.0	5	47.0
48.703	0.00	0.00	0.00	0.55	0.00	0.00	0.0	5	47.0
48.847	0.00	0.00	0.00	0.54	0.00	0.00	0.0	5	47.0
48.907	0.00	0.00	0.00	0.53	0.00	0.00	0.0	5	47.5
49.010	0.00	0.00	0.00	0.51	0.00	0.00	0.0	5	47.5
49.154	0.00	0.00	0.00	0.49	0.00	0.00	0.0	5	47.5
49.214	0.00	0.00	0.00	0.52	0.00	0.00	0.0	5	48.0
49.317	0.00	0.00	0.00	0.50	0.00	0.00	0.0	5	48.0
49.461	0.09	0.00	0.00	0.51	0.00	0.00	0.0	5	48.0
49.521	0.00	0.00	0.00	0.49	0.00	0.00	0.0	5	48.5
49.624	0.00	0.00	0.00	0.49	0.00	0.00	0.0	5	48.5
49.768	0.01	0.00	0.00	0.49	0.00	0.00	0.0	5	48.5
49.828	0.00	0.00	0.00	0.47	0.00	0.00	0.0	5	49.0
49.931	0.00	0.00	0.00	0.50	0.00	0.00	0.0	5	49.0
50.075	0.00	0.00	0.00	0.51	0.00	0.00	0.0	5	49.0
50.135	0.00	0.00	0.00	0.51	0.00	0.00	0.0	5	49.0
50.238	0.00	0.00	0.00	0.48	0.00	0.00	0.0	5	49.5
50.382	0.00	0.00	0.00	0.49	0.00	0.00	0.0	5	49.5
50.442	0.00	0.00	0.00	0.47	0.00	0.00	0.0	5	49.5
50.545	0.00	0.00	0.00	0.46	0.00	0.00	0.0	5	50.0
50.689	0.06	0.00	0.00	0.46	0.00	0.00	0.0	5	50.0
50.749	0.02	0.00	0.00	0.45	0.00	0.00	0.0	5	50.0
50.852	0.00	0.00	0.00	0.45	0.00	0.00	0.0	5	50.5
50.996	0.00	0.00	0.00	0.46	0.00	0.00	0.0	5	50.5
51.056	0.00	0.00	0.00	0.47	0.00	0.00	0.0	5	50.5
51.159	0.00	0.00	0.00	0.44	0.00	0.00	0.0	5	51.0
51.303	0.00	0.00	0.00	0.44	0.00	0.00	0.0	5	51.0
51.363	0.00	0.00	0.00	0.42	0.00	0.00	0.0	5	51.0
51.466	0.00	0.00	0.00	0.43	0.00	0.00	0.0	5	51.5
51.610	0.00	0.00	0.00	0.44	0.00	0.00	0.0	5	51.5
51.670	0.00	0.00	0.00	0.44	0.00	0.00	0.0	5	51.5
51.773	0.00	0.00	0.00	0.43	0.00	0.00	0.0	5	52.0
51.917	0.00	0.00	0.00	0.43	0.00	0.00	0.0	5	52.0
51.977	0.00	0.00	0.00	0.43	0.00	0.00	0.0	5	52.0
52.080	0.00	0.00	0.00	0.43	0.00	0.00	0.0	5	52.5
52.224	0.00	0.00	0.00	0.39	0.00	0.00	0.0	5	52.5
52.284	0.00	0.00	0.00	0.37	0.00	0.00	0.0	5	52.5
52.387	0.00	0.00	0.00	0.41	0.00	0.00	0.0	5	53.0
52.531	0.00	0.00	0.00	0.39	0.00	0.00	0.0	5	53.0
52.591	0.00	0.00	0.00	0.38	0.00	0.00	0.0	5	53.0
52.694	0.00	0.00	0.00	0.38	0.00	0.00	0.0	5	53.5
52.838	0.03	0.00	0.00	0.38	0.00	0.00	0.0	5	53.5
52.898	0.00	0.00	0.00	0.41	0.00	0.00	0.0	5	53.5
53.001	0.00	0.00	0.00	0.38	0.00	0.00	0.0	5	54.0
53.145	0.00	0.00	0.00	0.41	0.00	0.00	0.0	5	54.0
53.205	0.00	0.00	0.00	0.39	0.00	0.00	0.0	5	54.0
53.308	0.00	0.00	0.00	0.41	0.00	0.00	0.0	5	54.5
53.452	0.00	0.00	0.00	0.37	0.00	0.00	0.0	5	54.5
53.512	0.00	0.00	0.00	0.38	0.00	0.00	0.0	5	54.5
53.615	0.00	0.00	0.00	0.38	0.00	0.00	0.0	5	55.0
53.759	0.00	0.00	0.00	0.37	0.00	0.00	0.0	5	55.0
53.819	0.00	0.00	0.00	0.37	0.00	0.00	0.0	5	55.0
53.922	0.01	0.00	0.00	0.39	0.00	0.00	0.0	5	55.0
54.066	0.00	0.00	0.00	0.37	0.00	0.00	0.0	5	55.5
54.126	0.00	0.00	0.00	0.37	0.00	0.00	0.0	5	55.5
54.229	0.00	0.00	0.00	0.38	0.00	0.00	0.0	5	55.5
54.373	0.00	0.00	0.00	0.39	0.00	0.00	0.0	5	56.0
54.433	0.00	0.00	0.00	0.38	0.00	0.00	0.0	5	56.0
54.536	0.00	0.00	0.00	0.38	0.00	0.00	0.0	5	56.0
54.680	0.00	0.00	0.00	0.38	0.00	0.00	0.0	5	56.5
54.740	0.00	0.00	0.00	0.38	0.00	0.00	0.0	5	56.5
54.843	0.00	0.00	0.00	0.38	0.00	0.00	0.0	5	56.5
54.987	0.00	0.00	0.00	0.40	0.00	0.00	0.0	5	57.0
55.047	0.00	0.00	0.00	0.38	0.00	0.00	0.0	5	57.0
55.150	0.00	0.00	0.00	0.38	0.00	0.00	0.0	5	57.0
55.294	0.00	0.00	0.00	0.41	0.00	0.00	0.0	5	57.5
55.354	0.00	0.00	0.00	0.39	0.00	0.00	0.0	5	57.5
55.457	0.00	0.00	0.00	0.38	0.00	0.00	0.0	5	57.5
55.601	0.00	0.00	0.00	0.38	0.00	0.00	0.0	5	58.0
55.661	0.00	0.00	0.00	0.38	0.00	0.00	0.0	5	58.0
55.764	0.00	0.00	0.00	0.40	0.00	0.00	0.0	5	58.0
55.908	0.00	0.00	0.00	0.38	0.00	0.00	0.0	5	58.5
55.968	0.00	0.00	0.00	0.40	0.00	0.00	0.0	5	58.5
56.071	0.00	0.00	0.00	0.41	0.00	0.00	0.0	5	58.5
56.215	0.00	0.00	0.00	0.43	0.00	0.00	0.0	5	59.0
56.275	0.00	0.00	0.00	0.42	0.00	0.00	0.0	5	59.0
56.378	0.00	0.00	0.00	0.42	0.00	0.00	0.0	5	59.0
56.522	0.00	0.00	0.00	0.42	0.00	0.00	0.0	5	59.5
56.582	0.00	0.00	0.00	0.43	0.00	0.00	0.0	5	59.5
56.685	0.00	0.00	0.00	0.42	0.00	0.00	0.0	5	59.5
56.829	0.00	0.00	0.00	0.45	0.00	0.00	0.0	5	60.0
56.889	0.00	0.00	0.00	0.44	0.00	0.00	0.0	5	60.0
56.992	0.00	0.00	0.00	0.43	0.00	0.00	0.0	5	60.0
57.136	0.00	0.00	0.00	0.41	0.00	0.00	0.0	5	60.5
57.196	0.00	0.00	0.00	0.41	0.00	0.00	0.0	1	20.0
57.299	0.00	0.00	0.00	0.42	0.00	0.00	0.0	1	47.5
57.443	0.00	0.00	0.00	0.45	0.00	0.00	0.0	1	42.5
57.503	0.00	0.00	0.00	0.46	0.00	0.00	0.0	1	40.0
57.606	0.00	0.00	0.00	0.48	0.00	0.00	0.0	1	25.0
57.750	0.00	0.00	0.00	0.52	0.00	0.00	0.0	1	10.0
57.810	0.00	0.00	0.00	0.51	0.00	0.00	0.0	1	25.0
57.913	0.00	0.00	0.00	0.51	0.00	0.00	0.0	1	35.0
58.057	0.17	0.00	0.00	0.54	0.00	0.00	0.0	1	39.0
58.117	0.04	0.00	0.00	0.54	0.00	0.00	0.0	1	34.0
58.220	0.13	0.00	0.00	0.54	0.00	0.00	0.0	1	32.0
58.364	0.09	0.00	0.00	0.58	0.00	0.00	0.0	1	35.0
58.424	0.09	0.00	0.00	0.59	0.00	0.00	0.0	1	35.0
58.527	0.10	0.00	0.00	0.61	0.00	0.00	0.0	1	35.0
58.671	0.06	0.00	0.00	0.61	0.00	0.00	0.0	1	35.0
58.731	0.14	0.00	0.00	0.62	0.00	0.00	0.0	1	35.0
58.834	0.26	0.00	0.00	0.62	0.00	0.00	0.0	1	35.0
58.978	0.13	0.00	0.00	0.67	0.02	0.01	0.0	1	35.0
59.038	0.05	0.00	0.00	0.66	0.00	0.00	0.0	1	35.0
59.141	0.01	0.00	0.00	0.69	0.00	0.00	0.0	1	35.0
59.285	0.04	0.00	0.00	0.66	0.00	0.00	0.0	1	35.0
59.345	0.03	0.00	0.00	0.66	0.00	0.00	0.0	1	35.0
59.448	0.25	0.00	0.00	0.70	0.00	0.00	0.0	1	35.0
59.592	0.09	0.00	0.00	0.72	0.00	0.00	0.0	1	35.0
59.652	0.24	0.00	0.00	0.72	0.00	0.00	0.0	1	35.0
59.755	0.21	0.00	0.00	0.73	0.00	0.00	0.0	1	35.0
59.899	0.04	0.00	0.00	0.74	0.00	0.00	0.0	1	35.0
59.959	0.00	0.00	0.00	0.74	0.00	0.00	0.0	1	35.0
60.062	0.00	0.00	0.00	0.73	0.00	0.00	0.0	1	35.0
60.206	0.18	0.00	0.00	0.73	0.00	0.00	0.0	1	35.0
60.266	0.17	0.00	0.00	0.74	0.00	0.00	0.0	1	35.0
60.369	0.18	0.00	0.00	0.76	0.00	0.00	0.0	1	35.0
60.513	0.24	0.00	0.00	0.75	0.00	0.00	0.0	1	35.0
60.573	0.15	0.00	0.00	0.75	0.00	0.00	0.0	1	35.0
60.676	0.14	0.00	0.00	0.76	0.00	0.00	0.0	1	35.0
60.820	0.12	0.00	0.00	0.76	0.00	0.00	0.0	1	35.0
60.880	0.18	0.00	0.00	0.75	0.00	0.00	0.0	1	35.0
60.983	0.15	0.00	0.00	0.76	0.00	0.00	0.0	1	35.0
61.127	0.30	0.00	0.00	0.77	0.00	0.00	0.0	1	35.0
61.187	0.20	0.00	0.00	0.79	0.00	0.00	0.0	1	35.0
61.290	0.16	0.00	0.00	0.79	0.00	0.00	0.0	1	35.0
61.434	0.24	0.00	0.00	0.78	0.00	0.00	0.0	1	35.0
61.494	0.16	0.00	0.00	0.80	0.00	0.00	0.0	1	35.0
61.597	0.18	0.00	0.00	0.79	0.00	0.00	0.0	1	35.0
61.741	0.24	0.00	0.00	0.78	0.00	0.00	0.0	1	35.0
61.801	0.24	0.00	0.00	0.78	0.00	0.00	0.0	1	35.0
61.904	0.11	0.00	0.00	0.79	0.00	0.00	0.0	1	35.0
62.048	0.12	0.00	0.00	0.78	0.00	0.00	0.0	1	35.0
62.108	0.22	0.00	0.00	0.79	0.00	0.00	0.0	1	35.0
62.211	0.12	0.00	0.00	0.81	0.00	0.00	0.0	1	35.0
62.355	0.19	0.00	0.00	0.83	0.00	0.00	0.0	1	35.0
62.415	0.16	0.00	0.00	0.82	0.00	0.00	0.0	1	35.0
62.518	0.15	0.00	0.00	0.83	0.00	0.00	0.0	1	35.0
62.662	0.17	0.00	0.00	0.83	0.00	0.00	0.0	1	35.0
62.722	0.15	0.00	0.00	0.82	0.00	0.00	0.0	1	35.0
62.825	0.14	0.00	0.00	0.81	0.00	0.00	0.0	1	35.0
62.969	0.26	0.00	0.00	0.80	0.00	0.00	0.0	1	35.0
63.029	0.30	0.00	0.00	0.81	0.00	0.00	0.0	1	35.0
63.132	0.11	0.00	0.00	0.81	0.00	0.00	0.0	1	35.0
63.276	0.27	0.00	0.00	0.82	0.00	0.00	0.0	1	35.0
63.336	0.22	0.00	0.00	0.80	0.00	0.00	0.0	1	35.0
63.439	0.17	0.00	0.00	0.83	0.00	0.00	0.0	1	35.0
63.583	0.25	0.00	0.00	0.84	0.00	0.00	0.0	1	35.0
63.643	0.23	0.00	0.00	0.82	0.00	0.00	0.0	1	35.0
63.746	0.15	0.00	0.00	0.81	0.00	0.00	0.0	1	35.0
63.890	0.15	0.00	0.00	0.82	0.00	0.00	0.0	1	35.0
63.950	0.00	0.00	0.00	0.81	0.00	0.00	0.0	1	35.0
64.053	0.12	0.00	0.00	0.81	0.00	0.00	0.0	1	35.0
64.197	0.19	0.00	0.00	0.80	0.00	0.00	0.0	1	35.0
64.257	0.19	0.00	0.00	0.82	0.00	0.00	0.0	1	35.0
64.360	0.17	0.00	0.00	0.82	0.00	0.00	0.0	1	35.0
64.504	0.10	0.00	0.00	0.83	0.00	0.00	0.0	1	35.0
64.564	0.10	0.00	0.00	0.81	0.00	0.00	0.0	1	35.0
64.667	0.13	0.00	0.00	0.80	0.00	0.00	0.0	1	35.0
64.811	0.14	0.00	0.00	0.82	0.00	0.00	0.0	1	35.0
64.871	0.13	0.00	0.00	0.83	0.00	0.00	0.0	1	35.0
64.974	0.16	0.00	0.00	0.81	0.00	0.00	0.0	1	35.0
65.118	0.07	0.00	0.00	0.82	0.00	0.00	0.0	1	35.0
65.178	0.09	0.00	0.00	0.79	0.00	0.00	0.0	1	35.0
65.281	0.13	0.00	0.00	0.82	0.00	0.00	0.0	1	35.0
65.425	0.21	0.00	0.00	0.77	0.00	0.00	0.0	1	35.0
65.485	0.21	0.00	0.00	0.81	0.00	0.00	0.0	1	35.0
65.588	0.18	0.00	0.00	0.81	0.00	0.00	0.0	1	35.0
65.732	0.07	0.00	0.00	0.81	0.00	0.00	0.0	1	35.0
65.792	0.14	0.00	0.00	0.81	0.00	0.00	0.0	1	35.0
65.895	0.13	0.00	0.00	0.80	0.00	0.00	0.0	1	35.0
66.039	0.20	0.00	0.00	0.81	0.00	0.00	0.0	1	35.0
66.099	0.16	0.00	0.00	0.80	0.00	0.00	0.0	1	35.0
66.202	0.13	0.00	0.00	0.83	0.00	0.00	0.0	1	35.0
66.346	0.27	0.00	0.00	0.81	0.00	0.00	0.0	1	35.0
66.406	0.18	0.00	0.00	0.82	0.00	0.00	0.0	1	35.0
66.509	0.21	0.00	0.00	0.81	0.00	0.00	0.0	1	35.0
66.653	0.08	0.00	0.00	0.83	0.00	0.00	0.0	1	35.0
66.713	0.07	0.00	0.00	0.82	0.00	0.00	0.0	1	35.0
66.816	0.04	0.00	0.00	0.81	0.00	0.00	0.0	1	35.0
66.960	0.16	0.00	0.00	0.83	0.00	0.00	0.0	1	35.0
67.020	0.12	0.00	0.00	0.81	0.00	0.00	0.0	1	35.0
67.123	0.15	0.00	0.00	0.82	0.00	0.00	0.0	1	35.0
67.267	0.12	0.00	0.00	0.86	0.00	0.00	0.0	1	35.0
67.327	0.20	0.00	0.00	0.85	0.00	0.00	0.0	1	35.0
67.430	0.18	0.00	0.00	0.83	0.00	0.00	0.0	1	35.0
67.574	0.11	0.00	0.00	0.83	0.00	0.00	0.0	1	35.0
67.634	0.09	0.00	0.00	0.82	0.00	0.00	0.0	1	35.0
67.737	0.12	0.00	0.00	0.83	0.00	0.00	0.0	1	35.0
67.881	0.06	0.00	0.00	0.81	0.00	0.00	0.0	1	35.0
67.941	0.08	0.00	0.00	0.81	0.00	0.00	0.0	1	35.0
68.044	0.17	0.00	0.00	0.82	0.00	0.00	0.0	1	35.0
68.188	0.03	0.00	0.00	0.84	0.00	0.00	0.0	1	35.0
68.248	0.10	0.00	0.00	0.83	0.00	0.00	0.0	1	35.0
68.351	0.11	0.00	0.00	0.82	0.00	0.00	0.0	1	35.0
68.495	0.23	0.00	0.00	0.84	0.00	0.00	0.0	1	35.0
68.555	0.13	0.00	0.00	0.83	0.00	0.00	0.0	1	35.0
68.658	0.14	0.00	0.00	0.80	0.00	0.00	0.0	1	35.0
68.802	0.17	0.00	0.00	0.81	0.00	0.00	0.0	1	35.0
68.862	0.12	0.00	0.00	0.81	0.00	0.00	0.0	1	35.0
68.965	0.14	0.00	0.00	0.83	0.00	0.00	0.0	1	35.0
69.109	0.11	0.00	0.00	0.84	0.00	0.00	0.0	1	35.0
69.169	0.00	0.00	0.00	0.83	0.00	0.00	0.0	1	35.0
69.272	0.11	0.00	0.00	0.82	0.00	0.00	0.0	1	35.0
69.416	0.04	0.00	0.00	0.81	0.00	0.00	0.0	1	35.0
69.476	0.00	0.00	0.00	0.80	0.00	0.00	0.0	1	35.0
69.579	0.22	0.00	0.00	0.82	0.00	0.00	0.0	1	35.0
69.723	0.22	0.00	0.00	0.80	0.00	0.00	0.0	1	35.0
69.783	0.28	0.00	0.00	0.84	0.00	0.00	0.0	1	35.0
69.886	0.17	0.00	0.00	0.83	0.00	0.00	0.0	1	35.0
70.030	0.33	0.00	0.00	0.81	0.00	0.00	0.0	1	35.0
70.090	0.23	0.00	0.00	0.80	0.00	0.00	0.0	1	35.0
70.193	0.30	0.00	0.00	0.83	0.00	0.00	0.0	1	35.0
70.337	0.15	0.00	0.00	0.84	0.00	0.00	0.0	0	0.0
70.397	0.03	0.00	0.00	0.83	0.00	0.00	0.0	0	0.0
70.500	0.08	0.00	0.00	0.85	0.00	0.00	0.0	0	0.0
70.644	0.11	0.00	0.00	0.82	0.00	0.00	0.0	0	0.0
70.704	0.13	0.00	0.00	0.81	0.00	0.00	0.0	0	0.0
70.807	0.12	0.00	0.00	0.80	0.00	0.00	0.0	0	0.0
70.951	0.15	0.00	0.00	0.78	0.00	0.00	0.0	0	0.0
71.011	0.17	0.00	0.00	0.79	0.00	0.00	0.0	0	0.0
71.114	0.09	0.00	0.00	0.78	0.00	0.00	0.0	0	0.0
71.258	0.18	0.00	0.00	0.76	0.00	0.00	0.0	0	0.0
71.318	0.12	0.00	0.00	0.76	0.00	0.00	0.0	0	0.0
71.421	0.09	0.00	0.00	0.76	0.00	0.00	0.0	0	0.0
71.565	0.18	0.00	0.00	0.73	0.00	0.00	0.0	0	0.0
71.625	0.15	0.00	0.00	0.74	0.00	0.00	0.0	0	0.0
71.728	0.13	0.00	0.00	0.74	0.00	0.00	0.0	0	0.0
71.872	0.25	0.00	0.00	0.72	0.00	0.00	0.0	0	0.0
71.932	0.27	0.00	0.00	0.73	0.00	0.00	0.0	0	0.0
72.035	0.07	0.00	0.00	0.73	0.00	0.00	0.0	0	0.0
72.179	0.24	0.00	0.00	0.72	0.00	0.00	0.0	0	0.0
72.239	0.22	0.00	0.00	0.72	0.00	0.00	0.0	0	0.0
72.342	0.12	0.00	0.00	0.72	0.00	0.00	0.0	0	0.0
72.486	0.16	0.00	0.00	0.73	0.00	0.00	0.0	0	0.0
72.546	0.17	0.00	0.00	0.72	0.00	0.00	0.0	0	0.0
72.649	0.19	0.00	0.00	0.71	0.00	0.00	0.0	0	0.0
72.793	0.28	0.00	0.00	0.72	0.00	0.00	0.0	0	0.0
72.853	0.22	0.00	0.00	0.72	0.00	0.00	0.0	0	0.0
72.956	0.22	0.00	0.00	0.71	0.00	0.00	0.0	0	0.0
73.100	0.19	0.00	0.00	0.68	0.00	0.00	0.0	0	0.0
73.160	0.14	0.00	0.00	0.65	0.00	0.00	0.0	0	0.0
73.263	0.07	0.00	0.00	0.65	0.00	0.00	0.0	0	0.0
73.407	0.23	0.00	0.00	0.68	0.00	0.00	0.0	0	0.0
73.467	0.12	0.00	0.00	0.69	0.00	0.00	0.0	0	0.0
73.570	0.15	0.00	0.00	0.65	0.00	0.00	0.0	0	0.0
73.714	0.24	0.00	0.00	0.61	0.00	0.00	0.0	0	0.0
73.774	0.15	0.00	0.00	0.62	0.00	0.00	0.0	0	0.0
73.877	0.06	0.00	0.00	0.63	0.00	0.00	0.0	0	0.0
74.021	0.19	0.00	0.00	0.61	0.00	0.00	0.0	0	0.0
74.081	0.18	0.00	0.00	0.62	0.00	0.00	0.0	0	0.0
74.184	0.23	0.00	0.00	0.59	0.00	0.00	0.0	0	0.0
74.328	0.13	0.00	0.00	0.61	0.00	0.00	0.0	0	0.0
74.388	0.18	0.00	0.00	0.59	0.00	0.00	0.0	0	0.0
74.491	0.16	0.00	0.00	0.59	0.00	0.00	0.0	0	0.0
74.635	0.23	0.00	0.00	0.59	0.00	0.00	0.0	0	0.0
74.695	0.25	0.00	0.00	0.59	0.00	0.00	0.0	0	0.0
74.798	0.28	0.00	0.00	0.57	0.00	0.00	0.0	0	0.0
74.942	0.08	0.00	0.00	0.56	0.00	0.00	0.0	0	0.0
75.002	0.16	0.00	0.00	0.56	0.00	0.00	0.0	0	0.0
75.105	0.13	0.00	0.00	0.54	0.00	0.00	0.0	0	0.0
75.249	0.24	0.00	0.00	0.55	0.00	0.00	0.0	0	0.0
75.309	0.26	0.00	0.00	0.56	0.00	0.00	0.0	0	0.0
75.412	0.20	0.00	0.00	0.55	0.00	0.00	0.0	0	0.0
75.556	0.32	0.00	0.00	0.54	0.00	0.00	0.0	0	0.0
75.616	0.19	0.00	0.00	0.55	0.00	0.00	0.0	0	0.0
75.719	0.22	0.00	0.00	0.55	0.00	0.00	0.0	0	0.0
75.863	0.18	0.00	0.00	0.53	0.00	0.00	0.0	0	0.0
75.923	0.18	0.00	0.00	0.53	0.00	0.00	0.0	0	0.0
76.026	0.15	0.00	0.00	0.52	0.00	0.00	0.0	0	0.0
76.170	0.27	0.00	0.00	0.50	0.00	0.00	0.0	0	0.0
76.230	0.25	0.00	0.00	0.51	0.00	0.00	0.0	0	0.0
76.333	0.19	0.00	0.00	0.52	0.00	0.00	0.0	0	0.0
76.477	0.21	0.00	0.00	0.52	0.00	0.00	0.0	0	0.0
76.537	0.21	0.00	0.00	0.51	0.00	0.00	0.0	0	0.0
76.640	0.21	0.00	0.00	0.50	0.00	0.00	0.0	0	0.0
76.784	0.36	0.00	0.00	0.50	0.00	0.00	0.0	0	0.0
76.844	0.25	0.00	0.00	0.49	0.00	0.00	0.0	0	0.0
76.947	0.29	0.00	0.00	0.49	0.00	0.00	0.0	0	0.0
77.091	0.39	0.00	0.00	0.50	0.00	0.00	0.0	0	0.0
77.151	0.32	0.00	0.00	0.51	0.00	0.00	0.0	0	0.0
77.254	0.22	0.00	0.00	0.47	0.00	0.00	0.0	0	0.0
77.398	0.22	0.00	0.00	0.48	0.00	0.00	0.0	0	0.0
77.458	0.21	0.00	0.00	0.47	0.00	0.00	0.0	0	0.0
77.561	0.13	0.00	0.00	0.45	0.00	0.00	0.0	0	0.0
77.705	0.30	0.00	0.00	0.46	0.00	0.00	0.0	0	0.0
77.765	0.24	0.00	0.00	0.46	0.00	0.00	0.0	0	0.0
77.868	0.17	0.00	0.00	0.47	0.00	0.00	0.0	0	0.0
78.012	0.21	0.00	0.00	0.47	0.00	0.00	0.0	0	0.0
78.072	0.20	0.00	0.00	0.46	0.00	0.00	0.0	0	0.0
78.175	0.19	0.00	0.00	0.47	0.00	0.00	0.0	0	0.0
78.319	0.12	0.00	0.00	0.45	0.00	0.00	0.0	0	0.0
78.379	0.05	0.00	0.00	0.45	0.00	0.00	0.0	0	0.0
78.482	0.02	0.00	0.00	0.47	0.00	0.00	0.0	0	0.0
78.626	0.20	0.00	0.00	0.45	0.00	0.00	0.0	0	0.0
78.686	0.17	0.00	0.00	0.43	0.00	0.00	0.0	0	0.0
78.789	0.21	0.00	0.00	0.44	0.00	0.00	0.0	0	0.0
78.933	0.11	0.00	0.00	0.45	0.00	0.00	0.0	0	0.0
78.993	0.23	0.00	0.00	0.43	0.00	0.00	0.0	0	0.0
79.096	0.23	0.00	0.00	0.43	0.00	0.00	0.0	0	0.0
79.240	0.19	0.00	0.00	0.42	0.00	0.00	0.0	0	0.0
79.300	0.14	0.00	0.00	0.42	0.00	0.00	0.0	0	0.0
79.403	0.14	0.00	0.00	0.42	0.00	0.00	0.0	0	0.0
79.547	0.25	0.00	0.00	0.40	0.00	0.00	0.0	0	0.0
79.607	0.21	0.00	0.00	0.39	0.00	0.00	0.0	0	0.0
79.710	0.11	0.00	0.00	0.39	0.00	0.00	0.0	0	0.0
79.854	0.25	0.00	0.00	0.38	0.00	0.00	0.0	0	0.0
79.914	0.24	0.00	0.00	0.38	0.00	0.00	0.0	0	0.0
80.017	0.19	0.00	0.00	0.39	0.00	0.00	0.0	0	0.0
80.161	0.22	0.00	0.00	0.39	0.00	0.00	0.0	0	0.0
80.221	0.22	0.00	0.00	0.39	0.00	0.00	0.0	0	0.0
80.324	0.02	0.00	0.00	0.39	0.00	0.00	0.0	0	0.0
80.468	0.20	0.00	0.00	0.38	0.00	0.00	0.0	0	0.0
80.528	0.18	0.00	0.00	0.38	0.00	0.00	0.0	0	0.0
80.631	0.15	0.00	0.00	0.39	0.00	0.00	0.0	0	0.0
80.775	0.27	0.00	0.00	0.37	0.00	0.00	0.0	0	0.0
80.835	0.20	0.00	0.00	0.37	0.00	0.00	0.0	0	0.0
80.938	0.17	0.00	0.00	0.37	0.00	0.00	0.0	0	0.0
81.082	0.08	0.00	0.00	0.36	0.00	0.00	0.0	0	0.0
651.795	0.00	0.00	0.00	0.06	0.00	0.00	0.0	0	0.0
651.855	0.00	0.00	0.00	0.07	0.00	0.00	0.0	0	0.0
651.958	0.00	0.00	0.00	0.08	0.00	0.00	0.0	0	0.0
652.102	0.00	0.00	0.00	0.10	0.00	0.00	0.0	0	0.0
652.162	0.00	0.00	0.00	0.08	0.00	0.00	0.0	0	0.0
652.265	0.00	0.00	0.00	0.07	0.00	0.00	0.0	0	0.0
652.409	0.00	0.00	0.00	0.11	0.00	0.00	0.0	0	0.0
652.469	0.00	0.00	0.00	0.10	0.00	0.00	0.0	0	0.0
652.572	0.00	0.00	0.00	0.08	0.00	0.00	0.0	0	0.0
652.716	0.00	0.00	0.00	0.08	0.00	0.00	0.0	0	0.0
652.776	0.00	0.00	0.00	0.08	0.00	0.00	0.0	0	0.0
652.879	0.00	0.00	0.00	0.08	0.00	0.00	0.0	0	0.0
653.023	0.00	0.00	0.00	0.10	0.00	0.00	0.0	0	0.0
653.083	0.00	0.00	0.00	0.09	0.00	0.00	0.0	0	0.0
653.186	0.00	0.00	0.00	0.08	0.00	0.00	0.0	0	0.0
653.330	0.00	0.00	0.00	0.07	0.00	0.00	0.0	0	0.0
653.390	0.00	0.00	0.00	0.06	0.00	0.00	0.0	0	0.0
653.493	0.01	0.00	0.00	0.08	0.00	0.00	0.0	0	0.0
653.637	0.00	0.00	0.00	0.07	0.00	0.00	0.0	0	0.0
653.697	0.00	0.00	0.00	0.06	0.00	0.00	0.0	0	0.0
653.800	0.00	0.00	0.00	0.07	0.00	0.00	0.0	0	0.0
653.944	0.00	0.00	0.00	0.07	0.00	0.00	0.0	0	0.0
654.004	0.00	0.00	0.00	0.09	0.00	0.00	0.0	0	0.0
654.107	0.00	0.00	0.00	0.08	0.00	0.00	0.0	0	0.0
654.251	0.00	0.00	0.00	0.06	0.00	0.00	0.0	0	0.0
654.311	0.00	0.00	0.00	0.08	0.00	0.00	0.0	0	0.0
654.414	0.00	0.00	0.00	0.08	0.00	0.00	0.0	0	0.0
654.558	0.00	0.00	0.00	0.08	0.00	0.00	0.0	0	0.0
654.618	0.00	0.00	0.00	0.09	0.00	0.00	0.0	0	0.0
654.721	0.00	0.00	0.00	0.09	0.00	0.00	0.0	0	0.0
654.865	0.00	0.00	0.00	0.08	0.00	0.00	0.0	0	0.0
654.925	0.00	0.00	0.00	0.07	0.00	0.00	0.0	0	0.0
655.028	0.00	0.00	0.00	0.07	0.00	0.00	0.0	0	0.0
655.172	0.00	0.00	0.00	0.05	0.00	0.00	0.0	0	0.0
655.232	0.00	0.00	0.00	0.09	0.00	0.00	0.0	0	0.0
655.335	0.00	0.00	0.00	0.09	0.00	0.00	0.0	0	0.0
655.479	0.00	0.00	0.00	0.07	0.00	0.00	0.0	0	0.0
655.539	0.00	0.00	0.00	0.08	0.00	0.00	0.0	0	0.0
655.642	0.00	0.00	0.00	0.07	0.00	0.00	0.0	0	0.0
655.786	0.00	0.00	0.00	0.06	0.00	0.00	0.0	0	0.0
655.846	0.00	0.00	0.00	0.07	0.00	0.00	0.0	0	0.0
655.949	0.00	0.00	0.00	0.09	0.00	0.00	0.0	0	0.0
656.093	0.00	0.00	0.00	0.08	0.00	0.00	0.0	0	0.0
656.153	0.00	0.00	0.00	0.08	0.00	0.00	0.0	0	0.0
656.256	0.00	0.00	0.00	0.08	0.00	0.00	0.0	0	0.0
656.400	0.00	0.00	0.00	0.08	0.00	0.00	0.0	0	0.0
656.460	0.00	0.00	0.00	0.09	0.00	0.00	0.0	0	0.0
656.563	0.00	0.00	0.00	0.08	0.00	0.00	0.0	0	0.0
656.707	0.00	0.00	0.00	0.06	0.00	0.00	0.0	0	0.0
656.767	0.00	0.00	0.00	0.08	0.00	0.00	0.0	0	0.0
656.870	0.00	0.00	0.00	0.07	0.00	0.00	0.0	0	0.0
657.014	0.02	0.00	0.00	0.06	0.00	0.00	0.0	0	0.0
657.074	0.00	0.00	0.00	0.07	0.00	0.00	0.0	0	0.0
657.177	0.00	0.00	0.00	0.06	0.00	0.00	0.0	0	0.0
657.321	0.00	0.00	0.00	0.07	0.00	0.00	0.0	0	0.0
657.381	0.00	0.00	0.00	0.06	0.00	0.00	0.0	0	0.0
657.484	0.00	0.00	0.00	0.06	0.00	0.00	0.0	0	0.0
657.628	0.00	0.00	0.00	0.08	0.00	0.00	0.0	0	0.0
657.688	0.00	0.00	0.00	0.08	0.00	0.00	0.0	0	0.0
657.791	0.00	0.00	0.00	0.06	0.00	0.00	0.0	0	0.0
657.935	0.00	0.00	0.00	0.07	0.00	0.00	0.0	0	0.0
657.995	0.00	0.00	0.00	0.06	0.00	0.00	0.0	0	0.0
658.098	0.00	0.00	0.00	0.08	0.00	0.00	0.0	0	0.0
658.242	0.00	0.00	0.00	0.06	0.00	0.00	0.0	0	0.0
658.302	0.00	0.00	0.00	0.08	0.00	0.00	0.0	0	0.0
658.405	0.00	0.00	0.00	0.07	0.00	0.00	0.0	0	0.0
658.549	0.00	0.00	0.00	0.09	0.00	0.00	0.0	0	0.0
658.609	0.00	0.00	0.00	0.08	0.00	0.00	0.0	0	0.0
658.712	0.00	0.00	0.00	0.07	0.00	0.00	0.0	0	0.0
658.856	0.00	0.00	0.00	0.09	0.00	0.00	0.0	0	0.0
658.916	0.00	0.00	0.00	0.08	0.00	0.00	0.0	0	0.0
659.019	0.00	0.00	0.00	0.07	0.00	0.00	0.0	0	0.0
659.163	0.00	0.00	0.00	0.07	0.00	0.00	0.0	0	0.0
659.223	0.00	0.00	0.00	0.09	0.00	0.00	0.0	0	0.0
659.326	0.00	0.00	0.00	0.08	0.00	0.00	0.0	0	0.0
659.470	0.00	0.00	0.00	0.07	0.00	0.00	0.0	0	0.0
659.530	0.00	0.00	0.00	0.09	0.00	0.00	0.0	0	0.0
659.633	0.00	0.00	0.00	0.11	0.00	0.00	0.0	0	0.0
659.777	0.00	0.00	0.00	0.09	0.00	0.00	0.0	5	0.0
659.837	0.00	0.00	0.00	0.08	0.00	0.00	0.0	5	0.0
659.940	0.00	0.00	0.00	0.08	0.00	0.00	0.0	5	0.0
660.084	0.00	0.00	0.00	0.07	0.00	0.00	0.0	5	0.5
660.144	0.00	0.00	0.00	0.09	0.00	0.00	0.0	5	0.5
660.247	0.00	0.00	0.00	0.14	0.00	0.00	0.0	5	0.5
660.391	0.00	0.00	0.00	0.18	0.00	0.00	0.0	3	21.2
660.451	0.00	0.00	0.00	0.22	0.00	0.00	0.0	3	21.2
660.554	0.00	0.00	0.00	0.28	0.00	0.00	0.0	3	33.7
660.698	0.00	0.00	0.00	0.33	0.00	0.00	0.0	3	46.2
660.758	0.00	0.00	0.00	0.35	0.00	0.00	0.0	3	58.7
660.861	0.00	0.00	0.00	0.38	0.00	0.00	0.0	3	28.4
661.005	0.05	0.00	0.00	0.38	0.00	0.00	0.0	3	33.7
661.065	0.03	0.00	0.00	0.41	0.00	0.00	0.0	3	33.7
661.168	0.00	0.00	0.00	0.45	0.00	0.00	0.0	3	15.0
661.312	0.00	0.00	0.00	0.47	0.00	0.00	0.0	3	15.0
661.372	0.00	0.00	0.00	0.48	0.00	0.00	0.0	3	21.2
661.475	0.00	0.00	0.00	0.46	0.00	0.00	0.0	3	33.4
661.619	0.03	0.00	0.00	0.49	0.00	0.00	0.0	3	27.9
661.679	0.00	0.00	0.00	0.51	0.00	0.00	0.0	3	43.9
661.782	0.00	0.00	0.00	0.50	0.00	0.00	0.0	3	15.0
661.926	0.00	0.00	0.00	0.50	0.00	0.00	0.0	3	27.5
661.986	0.00	0.00	0.00	0.49	0.00	0.00	0.0	3	27.5
662.089	0.00	0.00	0.00	0.49	0.00	0.00	0.0	3	26.6
662.233	0.00	0.00	0.00	0.55	0.00	0.00	0.0	3	42.6
662.293	0.00	0.00	0.00	0.54	0.00	0.00	0.0	3	15.0
662.396	0.00	0.00	0.00	0.53	0.00	0.00	0.0	3	15.0
662.540	0.19	0.00	0.00	0.53	0.00	0.00	0.0	3	21.2
662.600	0.24	0.00	0.00	0.56	0.00	0.00	0.0	3	33.7
662.703	0.15	0.00	0.00	0.58	0.00	0.00	0.0	3	26.8
662.847	0.00	0.00	0.00	0.58	0.00	0.00	0.0	3	58.7
662.907	0.00	0.00	0.00	0.56	0.00	0.00	0.0	3	58.7
663.010	0.00	0.00	0.00	0.57	0.00	0.00	0.0	3	21.2
663.154	0.00	0.00	0.00	0.59	0.00	0.00	0.0	3	15.0
663.214	0.00	0.00	0.00	0.58	0.00	0.00	0.0	3	32.7
663.317	0.04	0.00	0.00	0.57	0.00	0.00	0.0	3	32.7
663.461	0.00	0.00	0.00	0.61	0.00	0.00	0.0	3	21.2
663.521	0.00	0.00	0.00	0.62	0.00	0.00	0.0	3	21.2
663.624	0.00	0.00	0.00	0.60	0.00	0.00	0.0	3	15.0
663.768	0.00	0.00	0.00	0.54	0.00	0.00	0.0	3	15.0
663.828	0.00	0.00	0.00	0.56	0.00	0.00	0.0	3	15.0
663.931	0.00	0.00	0.00	0.56	0.00	0.00	0.0	3	27.3
664.075	0.00	0.00	0.00	0.56	0.00	0.00	0.0	3	21.2
664.135	0.00	0.00	0.00	0.56	0.00	0.00	0.0	3	30.0
664.238	0.00	0.00	0.00	0.58	0.00	0.00	0.0	3	47.6
664.382	0.00	0.00	0.00	0.62	0.00	0.00	0.0	3	15.0
664.442	0.00	0.00	0.00	0.60	0.00	0.00	0.0	3	15.0
664.545	0.00	0.00	0.00	0.58	0.00	0.00	0.0	3	15.0
664.689	0.00	0.00	0.00	0.58	0.00	0.00	0.0	3	35.0
664.749	0.00	0.00	0.00	0.58	0.00	0.00	0.0	3	21.2
664.852	0.07	0.00	0.00	0.59	0.00	0.00	0.0	3	30.6
664.996	0.00	0.00	0.00	0.57	0.00	0.00	0.0	3	15.0
665.056	0.00	0.00	0.00	0.58	0.00	0.00	0.0	3	21.2
665.159	0.00	0.00	0.00	0.59	0.00	0.00	0.0	3	21.2
665.303	0.00	0.00	0.00	0.58	0.00	0.00	0.0	3	21.2
665.363	0.00	0.00	0.00	0.57	0.00	0.00	0.0	3	21.2
665.466	0.03	0.00	0.00	0.59	0.00	0.00	0.0	3	21.2
665.610	0.00	0.00	0.00	0.58	0.00	0.00	0.0	3	21.2
665.670	0.00	0.00	0.00	0.58	0.00	0.00	0.0	3	21.2
665.773	0.00	0.00	0.00	0.58	0.00	0.00	0.0	3	21.2
665.917	0.00	0.00	0.00	0.58	0.00	0.00	0.0	3	21.2
665.977	0.00	0.00	0.00	0.57	0.00	0.00	0.0	3	21.2
666.080	0.00	0.00	0.00	0.55	0.00	0.00	0.0	3	21.2
666.224	0.00	0.00	0.00	0.57	0.00	0.00	0.0	3	21.2
666.284	0.00	0.00	0.00	0.57	0.00	0.00	0.0	3	21.2
666.387	0.00	0.00	0.00	0.55	0.00	0.00	0.0	3	21.2
666.531	0.00	0.00	0.00	0.56	0.00	0.00	0.0	3	21.2
666.591	0.00	0.00	0.00	0.58	0.00	0.00	0.0	3	21.2
666.694	0.00	0.00	0.00	0.54	0.00	0.00	0.0	3	21.2
666.838	0.00	0.00	0.00	0.51	0.00	0.00	0.0	3	21.2
666.898	0.00	0.00	0.00	0.52	0.00	0.00	0.0	3	21.2
667.001	0.00	0.00	0.00	0.53	0.00	0.00	0.0	3	21.2
667.145	0.00	0.00	0.00	0.56	0.00	0.00	0.0	3	21.2
667.205	0.00	0.00	0.00	0.53	0.00	0.00	0.0	3	21.2
667.308	0.04	0.00	0.00	0.53	0.00	0.00	0.0	3	21.2
667.452	0.00	0.00	0.00	0.50	0.00	0.00	0.0	3	21.2
667.512	0.00	0.00	0.00	0.50	0.00	0.00	0.0	3	21.2
667.615	0.02	0.00	0.00	0.52	0.00	0.00	0.0	3	21.2
667.759	0.07	0.00	0.00	0.49	0.00	0.00	0.0	3	21.2
667.819	0.02	0.00	0.00	0.50	0.00	0.00	0.0	3	21.2
667.922	0.00	0.00	0.00	0.51	0.00	0.00	0.0	3	21.2
668.066	0.00	0.00	0.00	0.49	0.00	0.00	0.0	3	21.2
668.126	0.00	0.00	0.00	0.49	0.00	0.00	0.0	3	21.2
668.229	0.00	0.00	0.00	0.48	0.00	0.00	0.0	3	21.2
668.373	0.07	0.00	0.00	0.49	0.00	0.00	0.0	3	21.2
668.433	0.02	0.00	0.00	0.51	0.00	0.00	0.0	3	21.2
668.536	0.00	0.00	0.00	0.50	0.00	0.00	0.0	3	21.2
668.680	0.00	0.00	0.00	0.49	0.00	0.00	0.0	3	21.2
668.740	0.00	0.00	0.00	0.52	0.00	0.00	0.0	3	21.2
668.843	0.00	0.00	0.00	0.50	0.00	0.00	0.0	3	21.2
668.987	0.00	0.00	0.00	0.47	0.00	0.00	0.0	3	21.2
669.047	0.00	0.00	0.00	0.46	0.00	0.00	0.0	3	21.2
669.150	0.03	0.00	0.00	0.48	0.00	0.00	0.0	3	21.2
669.294	0.02	0.00	0.00	0.50	0.00	0.00	0.0	3	21.2
669.354	0.02	0.00	0.00	0.50	0.00	0.00	0.0	3	21.2
669.457	0.00	0.00	0.00	0.48	0.00	0.00	0.0	3	21.2
669.601	0.00	0.00	0.00	0.47	0.00	0.00	0.0	3	21.2
669.661	0.00	0.00	0.00	0.47	0.00	0.00	0.0	3	21.2
669.764	0.00	0.00	0.00	0.48	0.00	0.00	0.0	3	21.2
669.908	0.00	0.00	0.00	0.50	0.00	0.00	0.0	3	21.2
669.968	0.01	0.00	0.00	0.49	0.00	0.00	0.0	3	21.2
670.071	0.00	0.00	0.00	0.48	0.00	0.00	0.0	3	21.2
670.215	0.00	0.00	0.00	0.47	0.00	0.00	0.0	3	21.2
670.275	0.00	0.00	0.00	0.45	0.00	0.00	0.0	3	21.2
670.378	0.00	0.00	0.00	0.47	0.00	0.00	0.0	3	21.2
670.522	0.00	0.00	0.00	0.48	0.00	0.00	0.0	3	21.2
670.582	0.00	0.00	0.00	0.49	0.00	0.00	0.0	3	21.2
670.685	0.00	0.00	0.00	0.49	0.00	0.00	0.0	3	21.2
670.829	0.00	0.00	0.00	0.48	0.00	0.00	0.0	3	21.2
670.889	0.00	0.00	0.00	0.47	0.00	0.00	0.0	3	21.2
670.992	0.00	0.00	0.00	0.46	0.00	0.00	0.0	3	21.2
671.136	0.00	0.00	0.00	0.47	0.00	0.00	0.0	3	21.2
671.196	0.00	0.00	0.00	0.46	0.00	0.00	0.0	3	21.2
671.299	0.00	0.00	0.00	0.47	0.00	0.00	0.0	3	21.2
671.443	0.00	0.00	0.00	0.47	0.00	0.00	0.0	3	21.2
671.503	0.00	0.00	0.00	0.46	0.00	0.00	0.0	3	21.2
671.606	0.00	0.00	0.00	0.48	0.00	0.00	0.0	3	21.2
671.750	0.00	0.00	0.00	0.48	0.00	0.00	0.0	3	21.2
671.810	0.00	0.00	0.00	0.48	0.00	0.00	0.0	3	21.2
671.913	0.00	0.00	0.00	0.46	0.00	0.00	0.0	3	21.2
672.057	0.00	0.00	0.00	0.46	0.00	0.00	0.0	3	21.2
672.117	0.00	0.00	0.00	0.46	0.00	0.00	0.0	3	21.2
672.220	0.00	0.00	0.00	0.46	0.00	0.00	0.0	3	21.2
672.364	0.09	0.00	0.00	0.46	0.00	0.00	0.0	3	21.2
672.424	0.00	0.00	0.00	0.47	0.00	0.00	0.0	3	21.2
672.527	0.00	0.00	0.00	0.47	0.00	0.00	0.0	3	21.2
672.671	0.00	0.00	0.00	0.46	0.00	0.00	0.0	3	21.2
672.731	0.00	0.00	0.00	0.46	0.00	0.00	0.0	3	21.2
672.834	0.00	0.00	0.00	0.46	0.00	0.00	0.0	3	21.2
672.978	0.00	0.00	0.00	0.49	0.00	0.00	0.0	3	21.2
673.038	0.00	0.00	0.00	0.47	0.00	0.00	0.0	3	21.2
673.141	0.00	0.00	0.00	0.47	0.00	0.00	0.0	3	21.2
673.285	0.00	0.00	0.00	0.49	0.00	0.00	0.0	3	21.2
673.345	0.00	0.00	0.00	0.47	0.00	0.00	0.0	3	21.2
673.448	0.00	0.00	0.00	0.46	0.00	0.00	0.0	3	21.2
673.592	0.00	0.00	0.00	0.47	0.00	0.00	0.0	3	21.2
673.652	0.00	0.00	0.00	0.49	0.00	0.00	0.0	3	21.2
673.755	0.00	0.00	0.00	0.48	0.00	0.00	0.0	3	21.2
673.899	0.00	0.00	0.00	0.48	0.00	0.00	0.0	3	21.2
673.959	0.00	0.00	0.00	0.47	0.00	0.00	0.0	3	21.2
674.062	0.00	0.00	0.00	0.47	0.00	0.00	0.0	3	21.2
674.206	0.00	0.00	0.00	0.47	0.00	0.00	0.0	3	21.2
674.266	0.00	0.00	0.00	0.48	0.00	0.00	0.0	3	21.2
674.369	0.00	0.00	0.00	0.48	0.00	0.00	0.0	3	21.2
674.513	0.00	0.00	0.00	0.48	0.00	0.00	0.0	3	21.2
674.573	0.00	0.00	0.00	0.48	0.00	0.00	0.0	3	21.2
674.676	0.00	0.00	0.00	0.48	0.00	0.00	0.0	3	21.2
674.820	0.00	0.00	0.00	0.47	0.00	0.00	0.0	3	21.2
674.880	0.00	0.00	0.00	0.49	0.00	0.00	0.0	3	21.2
674.983	0.00	0.00	0.00	0.47	0.00	0.00	0.0	3	21.2
675.127	0.00	0.00	0.00	0.46	0.00	0.00	0.0	4	0.0
675.187	0.03	0.00	0.00	0.46	0.00	0.00	0.0	4	0.0
675.290	0.03	0.00	0.00	0.46	0.00	0.00	0.0	4	0.0
675.434	0.00	0.00	0.00	0.45	0.00	0.00	0.0	4	0.0
675.494	0.00	0.00	0.00	0.45	0.00	0.00	0.0	4	0.0
675.597	0.00	0.00	0.00	0.46	0.00	0.00	0.0	4	0.0
675.741	0.00	0.00	0.00	0.46	0.00	0.00	0.0	4	0.0
675.801	0.00	0.00	0.00	0.45	0.00	0.00	0.0	4	0.0
675.904	0.00	0.00	0.00	0.43	0.00	0.00	0.0	4	0.0
676.048	0.00	0.00	0.00	0.43	0.00	0.00	0.0	4	0.0
676.108	0.00	0.00	0.00	0.44	0.00	0.00	0.0	4	0.0
676.211	0.00	0.00	0.00	0.43	0.00	0.00	0.0	4	0.0
676.355	0.00	0.00	0.00	0.41	0.00	0.00	0.0	4	0.0
676.415	0.00	0.00	0.00	0.43	0.00	0.00	0.0	4	0.0
676.518	0.00	0.00	0.00	0.44	0.00	0.00	0.0	4	0.0
676.662	0.00	0.00	0.00	0.40	0.00	0.00	0.0	4	0.0
676.722	0.00	0.00	0.00	0.39	0.00	0.00	0.0	4	0.0
676.825	0.00	0.00	0.00	0.41	0.00	0.00	0.0	4	0.0
676.969	0.00	0.00	0.00	0.40	0.00	0.00	0.0	4	0.0
677.029	0.00	0.00	0.00	0.40	0.00	0.00	0.0	4	0.0
677.132	0.00	0.00	0.00	0.42	0.00	0.00	0.0	4	0.0
677.276	0.00	0.00	0.00	0.38	0.00	0.00	0.0	4	0.0
677.336	0.00	0.00	0.00	0.39	0.00	0.00	0.0	4	0.0
677.439	0.02	0.00	0.00	0.39	0.00	0.00	0.0	4	0.0
677.583	0.00	0.00	0.00	0.39	0.00	0.00	0.0	4	0.0
677.643	0.02	0.00	0.00	0.37	0.00	0.00	0.0	4	0.0
677.746	0.02	0.00	0.00	0.37	0.00	0.00	0.0	4	0.0
677.890	0.00	0.00	0.00	0.39	0.00	0.00	0.0	4	0.0
677.950	0.00	0.00	0.00	0.38	0.00	0.00	0.0	4	0.0
678.053	0.00	0.00	0.00	0.38	0.00	0.00	0.0	4	0.0
678.197	0.00	0.00	0.00	0.41	0.00	0.00	0.0	4	0.0
678.257	0.00	0.00	0.00	0.41	0.00	0.00	0.0	4	0.0
678.360	0.00	0.00	0.00	0.37	0.00	0.00	0.0	4	0.0
678.504	0.00	0.00	0.00	0.37	0.00	0.00	0.0	2	12.5
678.564	0.00	0.00	0.00	0.37	0.00	0.00	0.0	2	15.5
678.667	0.00	0.00	0.00	0.36	0.00	0.00	0.0	2	20.5
678.811	0.00	0.00	0.00	0.37	0.00	0.00	0.0	2	28.0
678.871	0.00	0.00	0.00	0.38	0.00	0.00	0.0	2	31.0
678.974	0.05	0.00	0.00	0.41	0.00	0.00	0.0	2	36.0
679.118	0.00	0.00	0.00	0.48	0.00	0.00	0.0	2	43.5
679.178	0.00	0.00	0.00	0.50	0.00	0.00	0.0	2	46.5
679.281	0.00	0.00	0.00	0.51	0.00	0.00	0.0	2	51.5
679.425	0.00	0.00	0.00	0.50	0.00	0.00	0.0	2	58.5
679.485	0.00	0.00	0.00	0.50	0.00	0.00	0.0	2	61.5
679.588	0.10	0.00	0.00	0.52	0.00	0.00	0.0	2	67.0
679.732	0.03	0.00	0.00	0.53	0.00	0.00	0.0	2	74.0
679.792	0.04	0.00	0.00	0.53	0.00	0.00	0.0	2	77.0
679.895	0.02	0.00	0.00	0.59	0.00	0.00	0.0	2	82.0
680.039	0.00	0.00	0.00	0.59	0.00	0.00	0.0	2	89.5
680.099	0.00	0.00	0.00	0.57	0.00	0.00	0.0	2	92.5
680.202	0.00	0.00	0.00	0.59	0.00	0.00	0.0	2	10.0
680.346	0.00	0.00	0.00	0.57	0.00	0.00	0.0	2	10.0
680.406	0.00	0.00	0.00	0.58	0.00	0.00	0.0	2	11.9
680.509	0.00	0.00	0.00	0.57	0.00	0.00	0.0	2	10.9
680.653	0.00	0.00	0.00	0.59	0.00	0.00	0.0	2	10.0
680.713	0.00	0.00	0.00	0.58	0.00	0.00	0.0	2	10.0
680.816	0.00	0.00	0.00	0.56	0.00	0.00	0.0	2	10.0
680.960	0.00	0.00	0.00	0.53	0.00	0.00	0.0	2	10.0
681.020	0.00	0.00	0.00	0.53	0.00	0.00	0.0	2	10.0
681.123	0.00	0.00	0.00	0.54	0.00	0.00	0.0	2	10.0
681.267	0.00	0.00	0.00	0.54	0.00	0.00	0.0	2	10.0
681.327	0.00	0.00	0.00	0.52	0.00	0.00	0.0	2	10.0
681.430	0.00	0.00	0.00	0.55	0.00	0.00	0.0	2	10.0
681.574	0.00	0.00	0.00	0.56	0.00	0.00	0.0	2	10.0
681.634	0.00	0.00	0.00	0.55	0.00	0.00	0.0	2	15.0
681.737	0.00	0.00	0.00	0.53	0.00	0.00	0.0	2	10.0
681.881	0.00	0.00	0.00	0.52	0.00	0.00	0.0	2	10.0
681.941	0.00	0.00	0.00	0.54	0.00	0.00	0.0	2	10.0
682.044	0.00	0.00	0.00	0.54	0.00	0.00	0.0	2	10.0
682.188	0.00	0.00	0.00	0.52	0.00	0.00	0.0	2	10.0
682.248	0.00	0.00	0.00	0.51	0.00	0.00	0.0	2	10.0
682.351	0.00	0.00	0.00	0.52	0.00	0.00	0.0	2	10.0
682.495	0.00	0.00	0.00	0.51	0.00	0.00	0.0	2	0.0
682.555	0.00	0.00	0.00	0.50	0.00	0.00	0.0	2	0.0
682.658	0.00	0.00	0.00	0.49	0.00	0.00	0.0	2	0.0
682.802	0.00	0.00	0.00	0.49	0.00	0.00	0.0	2	0.0
682.862	0.00	0.00	0.00	0.50	0.00	0.00	0.0	2	0.0
682.965	0.00	0.00	0.00	0.50	0.00	0.00	0.0	2	0.0
683.109	0.00	0.00	0.00	0.47	0.00	0.00	0.0	2	0.0
683.169	0.00	0.00	0.00	0.48	0.00	0.00	0.0	2	0.0
683.272	0.00	0.00	0.00	0.46	0.00	0.00	0.0	2	0.0
683.416	0.00	0.00	0.00	0.46	0.00	0.00	0.0	2	0.0
683.476	0.00	0.00	0.00	0.46	0.00	0.00	0.0	2	0.0
683.579	0.00	0.00	0.00	0.46	0.00	0.00	0.0	2	0.0
683.723	0.00	0.00	0.00	0.45	0.00	0.00	0.0	2	0.0
683.783	0.00	0.00	0.00	0.45	0.00	0.00	0.0	2	0.0
683.886	0.00	0.00	0.00	0.45	0.00	0.00	0.0	2	0.0
684.030	0.00	0.00	0.00	0.45	0.00	0.00	0.0	2	0.0
684.090	0.00	0.00	0.00	0.45	0.00	0.00	0.0	2	0.0
684.193	0.00	0.00	0.00	0.44	0.00	0.00	0.0	2	0.0
684.337	0.00	0.00	0.00	0.43	0.00	0.00	0.0	2	0.0
684.397	0.00	0.00	0.00	0.44	0.00	0.00	0.0	2	0.0
684.500	0.00	0.00	0.00	0.43	0.00	0.00	0.0	2	0.0
684.644	0.00	0.00	0.00	0.42	0.00	0.00	0.0	2	0.0
684.704	0.00	0.00	0.00	0.42	0.00	0.00	0.0	2	0.0
684.807	0.00	0.00	0.00	0.40	0.00	0.00	0.0	2	0.0
684.951	0.00	0.00	0.00	0.42	0.00	0.00	0.0	2	0.0
685.011	0.00	0.00	0.00	0.41	0.00	0.00	0.0	2	0.0
685.114	0.00	0.00	0.00	0.41	0.00	0.00	0.0	2	0.0
685.258	0.00	0.00	0.00	0.40	0.00	0.00	0.0	2	0.0
685.318	0.00	0.00	0.00	0.39	0.00	0.00	0.0	2	0.0
685.421	0.00	0.00	0.00	0.40	0.00	0.00	0.0	2	0.0
685.565	0.00	0.00	0.00	0.41	0.00	0.00	0.0	2	0.0
685.625	0.00	0.00	0.00	0.39	0.00	0.00	0.0	2	0.0
685.728	0.00	0.00	0.00	0.40	0.00	0.00	0.0	2	0.0
685.872	0.00	0.00	0.00	0.38	0.00	0.00	0.0	2	0.0
685.932	0.00	0.00	0.00	0.38	0.00	0.00	0.0	2	0.0
686.035	0.00	0.00	0.00	0.38	0.00	0.00	0.0	2	0.0
686.179	0.00	0.00	0.00	0.37	0.00	0.00	0.0	2	0.0
686.239	0.00	0.00	0.00	0.37	0.00	0.00	0.0	2	0.0
686.342	0.00	0.00	0.00	0.38	0.00	0.00	0.0	2	0.0
686.486	0.00	0.00	0.00	0.38	0.00	0.00	0.0	2	0.0
686.546	0.00	0.00	0.00	0.37	0.00	0.00	0.0	2	0.0
686.649	0.00	0.00	0.00	0.37	0.00	0.00	0.0	2	0.0
686.793	0.00	0.00	0.00	0.39	0.00	0.00	0.0	2	0.0
686.853	0.00	0.00	0.00	0.36	0.00	0.00	0.0	2	0.0
686.956	0.00	0.00	0.00	0.37	0.00	0.00	0.0	2	0.0
687.100	0.00	0.00	0.00	0.38	0.00	0.00	0.0	2	0.0
687.160	0.00	0.00	0.00	0.38	0.00	0.00	0.0	2	0.0
687.263	0.00	0.00	0.00	0.36	0.01	0.00	0.0	2	0.0
687.407	0.00	0.00	0.00	0.34	0.00	0.00	0.0	2	0.0
687.467	0.00	0.00	0.00	0.35	0.00	0.00	0.0	2	0.0
687.570	0.00	0.00	0.00	0.34	0.00	0.00	0.0	2	0.0
687.714	0.00	0.00	0.00	0.35	0.00	0.00	0.0	2	0.0
687.774	0.00	0.00	0.00	0.33	0.00	0.00	0.0	2	0.0
687.877	0.00	0.00	0.00	0.33	0.00	0.00	0.0	2	0.0
688.021	0.00	0.00	0.00	0.34	0.00	0.00	0.0	2	0.0
688.081	0.00	0.00	0.00	0.35	0.00	0.00	0.0	2	0.0
688.184	0.00	0.00	0.00	0.32	0.00	0.00	0.0	2	0.0
688.328	0.00	0.00	0.00	0.31	0.00	0.00	0.0	2	0.0
688.388	0.00	0.00	0.00	0.31	0.00	0.00	0.0	2	0.0
688.491	0.00	0.00	0.00	0.33	0.00	0.00	0.0	2	0.0
688.635	0.00	0.00	0.00	0.31	0.00	0.00	0.0	2	0.0
688.695	0.00	0.00	0.00	0.31	0.00	0.00	0.0	2	0.0
688.798	0.00	0.00	0.00	0.30	0.00	0.00	0.0	2	0.0
688.942	0.00	0.00	0.00	0.30	0.00	0.00	0.0	2	0.0
689.002	0.00	0.00	0.00	0.31	0.00	0.00	0.0	2	0.0
689.105	0.00	0.00	0.00	0.29	0.00	0.00	0.0	2	0.0
689.249	0.00	0.00	0.00	0.30	0.00	0.00	0.0	2	0.0
689.309	0.00	0.00	0.00	0.30	0.00	0.00	0.0	2	0.0
689.412	0.00	0.00	0.00	0.31	0.00	0.00	0.0	2	0.0
689.556	0.00	0.00	0.00	0.29	0.00	0.00	0.0	2	0.0
689.616	0.00	0.00	0.00	0.30	0.00	0.00	0.0	2	0.0
689.719	0.00	0.00	0.00	0.31	0.00	0.00	0.0	2	0.0
689.863	0.00	0.00	0.00	0.29	0.00	0.00	0.0	2	0.0
689.923	0.00	0.00	0.00	0.28	0.00	0.00	0.0	2	0.0
690.026	0.00	0.00	0.00	0.29	0.00	0.00	0.0	2	0.0
690.170	0.00	0.00	0.00	0.29	0.00	0.00	0.0	2	0.0
690.230	0.00	0.00	0.00	0.28	0.00	0.00	0.0	2	0.0
690.333	0.00	0.00	0.00	0.29	0.00	0.00	0.0	2	0.0
690.477	0.00	0.00	0.00	0.31	0.00	0.00	0.0	2	0.0
690.537	0.00	0.00	0.00	0.30	0.00	0.00	0.0	2	0.0
690.640	0.00	0.00	0.00	0.27	0.00	0.00	0.0	2	0.0
690.784	0.00	0.00	0.00	0.26	0.00	0.00	0.0	2	0.0
690.844	0.00	0.00	0.00	0.26	0.00	0.00	0.0	2	0.0
690.947	0.00	0.00	0.00	0.26	0.00	0.00	0.0	2	0.0
691.091	0.00	0.00	0.00	0.27	0.00	0.00	0.0	2	0.0
691.151	0.00	0.00	0.00	0.28	0.00	0.00	0.0	2	0.0
691.254	0.00	0.00	0.00	0.29	0.00	0.00	0.0	2	0.0
691.398	0.00	0.00	0.00	0.30	0.00	0.00	0.0	2	0.0
691.458	0.00	0.00	0.00	0.28	0.00	0.00	0.0	2	0.0
691.561	0.00	0.00	0.00	0.26	0.00	0.00	0.0	2	0.0
691.705	0.00	0.00	0.00	0.27	0.00	0.00	0.0	2	0.0
691.765	0.00	0.00	0.00	0.27	0.00	0.00	0.0	2	0.0
691.868	0.00	0.00	0.00	0.25	0.00	0.00	0.0	2	0.0
692.012	0.00	0.00	0.00	0.27	0.00	0.00	0.0	2	0.0
692.072	0.00	0.00	0.00	0.27	0.00	0.00	0.0	2	0.0
692.175	0.00	0.00	0.00	0.26	0.00	0.00	0.0	2	0.0
692.319	0.00	0.00	0.00	0.23	0.00	0.00	0.0	2	0.0
692.379	0.00	0.00	0.00	0.23	0.00	0.00	0.0	2	0.0
692.482	0.00	0.00	0.00	0.24	0.00	0.00	0.0	2	0.0
692.626	0.00	0.00	0.00	0.26	0.00	0.00	0.0	2	0.0
692.686	0.00	0.00	0.00	0.25	0.00	0.00	0.0	2	0.0
692.789	0.00	0.00	0.00	0.26	0.00	0.00	0.0	2	0.0
692.933	0.00	0.00	0.00	0.26	0.00	0.00	0.0	2	0.0
692.993	0.00	0.00	0.00	0.25	0.00	0.00	0.0	2	0.0
693.096	0.00	0.00	0.00	0.24	0.00	0.00	0.0	2	0.0
693.240	0.00	0.00	0.00	0.23	0.00	0.00	0.0	2	0.0
693.300	0.00	0.00	0.00	0.24	0.00	0.00	0.0	2	0.0
693.403	0.00	0.00	0.00	0.23	0.00	0.00	0.0	2	0.0
693.547	0.00	0.00	0.00	0.23	0.00	0.00	0.0	2	0.0
693.607	0.00	0.00	0.00	0.21	0.00	0.00	0.0	2	0.0
693.710	0.00	0.00	0.00	0.21	0.00	0.00	0.0	2	0.0
693.854	0.00	0.00	0.00	0.24	0.00	0.00	0.0	2	0.0
693.914	0.00	0.00	0.00	0.22	0.00	0.00	0.0	2	0.0
694.017	0.00	0.00	0.00	0.21	0.00	0.00	0.0	2	0.0
694.161	0.00	0.00	0.00	0.19	0.00	0.00	0.0	2	0.0
694.221	0.00	0.00	0.00	0.20	0.00	0.00	0.0	2	0.0
694.324	0.00	0.00	0.00	0.22	0.00	0.00	0.0	2	0.0
694.468	0.00	0.00	0.00	0.23	0.00	0.00	0.0	2	0.0
694.528	0.00	0.00	0.00	0.21	0.00	0.00	0.0	2	0.0
694.631	0.00	0.00	0.00	0.22	0.00	0.00	0.0	2	0.0
694.775	0.00	0.00	0.00	0.22	0.00	0.00	0.0	2	0.0
694.835	0.00	0.00	0.00	0.21	0.00	0.00	0.0	2	0.0
694.938	0.00	0.00	0.00	0.19	0.00	0.00	0.0	2	0.0
695.082	0.00	0.00	0.00	0.18	0.00	0.00	0.0	2	0.0
695.142	0.00	0.00	0.00	0.20	0.00	0.00	0.0	2	0.0
695.245	0.00	0.00	0.00	0.22	0.00	0.00	0.0	2	0.0
695.389	0.00	0.00	0.00	0.20	0.00	0.00	0.0	2	0.0
695.449	0.00	0.00	0.00	0.19	0.00	0.00	0.0	2	0.0
695.552	0.00	0.00	0.00	0.21	0.00	0.00	0.0	2	0.0
695.696	0.00	0.00	0.00	0.18	0.00	0.00	0.0	2	0.0
695.756	0.00	0.00	0.00	0.20	0.00	0.00	0.0	2	0.0
695.859	0.00	0.00	0.00	0.19	0.00	0.00	0.0	2	0.0
696.003	0.00	0.00	0.00	0.20	0.00	0.00	0.0	2	0.0
696.063	0.00	0.00	0.00	0.21	0.00	0.00	0.0	2	0.0
696.166	0.00	0.00	0.00	0.20	0.00	0.00	0.0	2	0.0
696.310	0.00	0.00	0.00	0.19	0.00	0.00	0.0	2	0.0
696.370	0.00	0.00	0.00	0.20	0.00	0.00	0.0	2	0.0
696.473	0.00	0.00	0.00	0.19	0.00	0.00	0.0	2	0.0
696.617	0.00	0.00	0.00	0.17	0.00	0.00	0.0	2	0.0
696.677	0.00	0.00	0.00	0.19	0.00	0.00	0.0	2	0.0
696.780	0.00	0.00	0.00	0.20	0.00	0.00	0.0	2	0.0
696.924	0.00	0.00	0.00	0.18	0.00	0.00	0.0	2	0.0
696.984	0.00	0.00	0.00	0.19	0.00	0.00	0.0	2	0.0
697.087	0.00	0.00	0.00	0.19	0.00	0.00	0.0	2	0.0
697.231	0.00	0.00	0.00	0.18	0.00	0.00	0.0	2	0.0
697.291	0.00	0.00	0.00	0.18	0.00	0.00	0.0	2	0.0
697.394	0.00	0.00	0.00	0.18	0.00	0.00	0.0	2	0.0
697.538	0.00	0.00	0.00	0.17	0.00	0.00	0.0	2	0.0
697.598	0.00	0.00	0.00	0.18	0.00	0.00	0.0	2	0.0
697.701	0.00	0.00	0.00	0.19	0.00	0.00	0.0	2	0.0
697.845	0.00	0.00	0.00	0.18	0.00	0.00	0.0	2	0.0
697.905	0.00	0.00	0.00	0.17	0.00	0.00	0.0	2	0.0
698.008	0.00	0.00	0.00	0.19	0.00	0.00	0.0	2	0.0
698.152	0.00	0.00	0.00	0.16	0.00	0.00	0.0	2	0.0
698.212	0.00	0.00	0.00	0.18	0.00	0.00	0.0	2	0.0
698.315	0.00	0.00	0.00	0.18	0.00	0.00	0.0	2	0.0
698.459	0.00	0.00	0.00	0.14	0.00	0.00	0.0	2	0.0
698.519	0.00	0.00	0.00	0.19	0.00	0.00	0.0	2	0.0
698.622	0.00	0.00	0.00	0.17	0.00	0.00	0.0	2	0.0
698.766	0.00	0.00	0.00	0.18	0.00	0.00	0.0	2	0.0
698.826	0.00	0.00	0.00	0.19	0.00	0.00	0.0	2	0.0
698.929	0.00	0.00	0.00	0.19	0.00	0.00	0.0	2	0.0
699.073	0.00	0.00	0.00	0.16	0.00	0.00	0.0	2	0.0
699.133	0.00	0.00	0.00	0.16	0.00	0.00	0.0	2	0.0
699.236	0.00	0.00	0.00	0.14	0.00	0.00	0.0	2	0.0
699.380	0.00	0.00	0.00	0.17	0.00	0.00	0.0	2	0.0
699.440	0.00	0.00	0.00	0.16	0.00	0.00	0.0	2	0.0
699.543	0.00	0.00	0.00	0.18	0.00	0.00	0.0	2	0.0
699.687	0.00	0.00	0.00	0.15	0.00	0.00	0.0	2	0.0
699.747	0.00	0.00	0.00	0.16	0.00	0.00	0.0	2	0.0
699.850	0.00	0.00	0.00	0.14	0.00	0.00	0.0	2	0.0
699.994	0.00	0.00	0.00	0.17	0.00	0.00	0.0	2	0.0
700.054	0.00	0.00	0.00	0.17	0.00	0.00	0.0	2	0.0
700.157	0.00	0.00	0.00	0.16	0.00	0.00	0.0	2	0.0
700.301	0.00	0.00	0.00	0.17	0.00	0.00	0.0	2	0.0
700.361	0.00	0.00	0.00	0.17	0.00	0.00	0.0	2	0.0
700.464	0.00	0.00	0.00	0.17	0.00	0.00	0.0	2	0.0
700.608	0.00	0.00	0.00	0.15	0.00	0.00	0.0	2	0.0
700.668	0.00	0.00	0.00	0.16	0.00	0.00	0.0	2	0.0
700.771	0.00	0.00	0.00	0.15	0.00	0.00	0.0	2	0.0
700.915	0.00	0.00	0.00	0.15	0.00	0.00	0.0	2	0.0
700.975	0.00	0.00	0.00	0.17	0.00	0.00	0.0	2	0.0
701.078	0.00	0.00	0.00	0.14	0.00	0.00	0.0	2	0.0
701.222	0.00	0.00	0.00	0.18	0.00	0.00	0.0	2	0.0
701.282	0.00	0.00	0.00	0.16	0.00	0.00	0.0	2	0.0
701.385	0.00	0.00	0.00	0.16	0.00	0.00	0.0	2	0.0
701.529	0.00	0.00	0.00	0.15	0.00	0.00	0.0	2	0.0
701.589	0.00	0.00	0.00	0.16	0.00	0.00	0.0	2	0.0
701.692	0.00	0.00	0.00	0.16	0.00	0.00	0.0	2	0.0
701.836	0.00	0.00	0.00	0.15	0.00	0.00	0.0	2	0.0
701.896	0.00	0.00	0.00	0.15	0.00	0.00	0.0	2	0.0
701.999	0.00	0.00	0.00	0.14	0.00	0.00	0.0	3	21.2
702.143	0.00	0.00	0.00	0.19	0.00	0.00	0.0	3	33.7
702.203	0.00	0.00	0.00	0.21	0.00	0.00	0.0	3	33.7
702.306	0.00	0.00	0.00	0.29	0.00	0.00	0.0	3	46.2
702.450	0.00	0.00	0.00	0.33	0.00	0.00	0.0	3	58.7
702.510	0.00	0.00	0.00	0.34	0.00	0.00	0.0	3	15.0
702.613	0.00	0.00	0.00	0.37	0.00	0.00	0.0	3	21.2
702.757	0.03	0.00	0.00	0.38	0.00	0.00	0.0	3	15.0
702.817	0.00	0.00	0.00	0.37	0.00	0.00	0.0	3	15.0
702.920	0.00	0.00	0.00	0.38	0.00	0.00	0.0	3	16.0
703.064	0.00	0.00	0.00	0.38	0.00	0.00	0.0	3	21.2
703.124	0.00	0.00	0.00	0.36	0.00	0.00	0.0	3	21.2
703.227	0.00	0.00	0.00	0.40	0.00	0.00	0.0	3	33.7
703.371	0.00	0.00	0.00	0.43	0.00	0.00	0.0	3	15.0
703.431	0.00	0.00	0.00	0.45	0.00	0.00	0.0	3	15.0
703.534	0.00	0.00	0.00	0.44	0.00	0.00	0.0	3	15.0
703.678	0.00	0.00	0.00	0.43	0.00	0.00	0.0	3	15.0
703.738	0.00	0.00	0.00	0.44	0.00	0.00	0.0	3	15.0
703.841	0.00	0.00	0.00	0.43	0.00	0.00	0.0	3	34.8
703.985	0.00	0.00	0.00	0.46	0.00	0.00	0.0	3	36.2
704.045	0.00	0.00	0.00	0.49	0.00	0.00	0.0	3	21.2
704.148	0.00	0.00	0.00	0.54	0.00	0.00	0.0	3	16.4
704.292	0.00	0.00	0.00	0.54	0.00	0.00	0.0	3	44.0
704.352	0.00	0.00	0.00	0.53	0.00	0.00	0.0	3	15.0
704.455	0.00	0.00	0.00	0.53	0.00	0.00	0.0	3	15.0
704.599	0.00	0.00	0.00	0.51	0.00	0.00	0.0	3	31.6
704.659	0.00	0.00	0.00	0.51	0.00	0.00	0.0	3	31.6
704.762	0.01	0.00	0.00	0.52	0.00	0.00	0.0	3	33.7
704.906	0.00	0.00	0.00	0.54	0.00	0.00	0.0	3	15.0
704.966	0.00	0.00	0.00	0.55	0.00	0.00	0.0	3	27.8
705.069	0.00	0.00	0.00	0.55	0.00	0.00	0.0	3	27.8
705.213	0.00	0.00	0.00	0.58	0.00	0.00	0.0	3	21.2
705.273	0.00	0.00	0.00	0.57	0.00	0.00	0.0	3	33.7
705.376	0.00	0.00	0.00	0.56	0.00	0.00	0.0	3	44.4
705.520	0.00	0.00	0.00	0.57	0.00	0.00	0.0	3	58.7
705.580	0.00	0.00	0.00	0.58	0.00	0.00	0.0	3	58.7
705.683	0.00	0.00	0.00	0.59	0.00	0.00	0.0	3	27.4
705.827	0.00	0.00	0.00	0.59	0.00	0.00	0.0	3	48.0
705.887	0.00	0.00	0.00	0.58	0.00	0.00	0.0	3	36.9
705.990	0.00	0.00	0.00	0.60	0.00	0.00	0.0	3	21.2
706.134	0.00	0.00	0.00	0.64	0.00	0.00	0.0	3	30.6
706.194	0.00	0.00	0.00	0.60	0.00	0.00	0.0	3	30.6
706.297	0.00	0.00	0.00	0.60	0.00	0.00	0.0	3	15.0
706.441	0.00	0.00	0.00	0.61	0.00	0.00	0.0	3	15.0
706.501	0.00	0.00	0.00	0.61	0.00	0.00	0.0	3	15.0
706.604	0.00	0.00	0.00	0.62	0.00	0.00	0.0	3	15.0
706.748	0.01	0.00	0.00	0.60	0.00	0.00	0.0	3	21.2
706.808	0.08	0.00	0.00	0.61	0.00	0.00	0.0	3	21.2
706.911	0.01	0.00	0.00	0.61	0.00	0.00	0.0	3	21.2
707.055	0.00	0.00	0.00	0.57	0.00	0.00	0.0	3	21.2
707.115	0.00	0.00	0.00	0.58	0.00	0.00	0.0	3	21.2
707.218	0.00	0.00	0.00	0.59	0.00	0.00	0.0	3	21.2
707.362	0.00	0.00	0.00	0.62	0.00	0.00	0.0	3	21.2
707.422	0.00	0.00	0.00	0.59	0.00	0.00	0.0	3	21.2
707.525	0.04	0.00	0.00	0.58	0.00	0.00	0.0	3	21.2
707.669	0.00	0.00	0.00	0.57	0.00	0.00	0.0	3	21.2
707.729	0.00	0.00	0.00	0.55	0.00	0.00	0.0	3	21.2
707.832	0.00	0.00	0.00	0.55	0.00	0.00	0.0	3	21.2
707.976	0.00	0.00	0.00	0.54	0.00	0.00	0.0	3	21.2
708.036	0.00	0.00	0.00	0.55	0.00	0.00	0.0	3	21.2
708.139	0.00	0.00	0.00	0.54	0.00	0.00	0.0	3	21.2
708.283	0.07	0.00	0.00	0.57	0.00	0.00	0.0	3	21.2
708.343	0.10	0.00	0.00	0.56	0.00	0.00	0.0	3	21.2
708.446	0.00	0.00	0.00	0.53	0.00	0.00	0.0	3	21.2
708.590	0.00	0.00	0.00	0.54	0.00	0.00	0.0	3	21.2
708.650	0.00	0.00	0.00	0.54	0.00	0.00	0.0	3	21.2
708.753	0.00	0.00	0.00	0.56	0.00	0.00	0.0	3	21.2
708.897	0.02	0.00	0.00	0.53	0.00	0.00	0.0	3	21.2
708.957	0.00	0.00	0.00	0.53	0.00	0.00	0.0	3	21.2
709.060	0.00	0.00	0.00	0.52	0.00	0.00	0.0	3	21.2
709.204	0.00	0.00	0.00	0.51	0.00	0.00	0.0	3	21.2
709.264	0.00	0.00	0.00	0.52	0.00	0.00	0.0	3	21.2
709.367	0.00	0.00	0.00	0.51	0.00	0.00	0.0	3	21.2
709.511	0.00	0.00	0.00	0.51	0.00	0.00	0.0	3	21.2
709.571	0.00	0.00	0.00	0.52	0.00	0.00	0.0	3	21.2
709.674	0.00	0.00	0.00	0.50	0.00	0.00	0.0	3	21.2
709.818	0.05	0.00	0.00	0.48	0.00	0.00	0.0	3	21.2
709.878	0.05	0.00	0.00	0.47	0.00	0.00	0.0	3	21.2
709.981	0.03	0.00	0.00	0.50	0.00	0.00	0.0	3	21.2
710.125	0.12	0.00	0.00	0.50	0.00	0.00	0.0	3	21.2
710.185	0.00	0.00	0.00	0.48	0.00	0.00	0.0	3	21.2
710.288	0.00	0.00	0.00	0.50	0.00	0.00	0.0	3	21.2
710.432	0.00	0.00	0.00	0.49	0.00	0.00	0.0	3	21.2
710.492	0.00	0.00	0.00	0.48	0.00	0.00	0.0	3	21.2
710.595	0.00	0.00	0.00	0.48	0.00	0.00	0.0	3	21.2
710.739	0.00	0.00	0.00	0.50	0.00	0.00	0.0	3	21.2
710.799	0.00	0.00	0.00	0.48	0.00	0.00	0.0	3	21.2
710.902	0.00	0.00	0.00	0.49	0.00	0.00	0.0	3	21.2
711.046	0.00	0.00	0.00	0.49	0.00	0.00	0.0	3	21.2
711.106	0.00	0.00	0.00	0.48	0.00	0.00	0.0	3	21.2
711.209	0.00	0.00	0.00	0.48	0.00	0.00	0.0	1	42.5
711.353	0.00	0.00	0.00	0.48	0.00	0.00	0.0	1	47.5
711.413	0.00	0.00	0.00	0.48	0.00	0.00	0.0	1	40.0
711.516	0.00	0.00	0.00	0.49	0.00	0.00	0.0	1	25.0
711.660	0.00	0.00	0.00	0.52	0.00	0.00	0.0	1	10.0
711.720	0.00	0.00	0.00	0.54	0.00	0.00	0.0	1	20.0
711.823	0.00	0.00	0.00	0.52	0.00	0.00	0.0	1	35.0
711.967	0.05	0.00	0.00	0.52	0.01	0.00	0.0	1	39.0
712.027	0.01	0.00	0.00	0.54	0.00	0.00	0.0	1	39.0
712.130	0.02	0.00	0.00	0.61	0.00	0.00	0.0	1	27.0
712.274	0.03	0.00	0.00	0.60	0.00	0.00	0.0	1	35.0
712.334	0.00	0.00	0.00	0.59	0.00	0.00	0.0	1	35.0
712.437	0.00	0.00	0.00	0.60	0.00	0.00	0.0	1	35.0
712.581	0.00	0.00	0.00	0.63	0.00	0.00	0.0	1	35.0
712.641	0.04	0.00	0.00	0.66	0.00	0.00	0.0	1	35.0
712.744	0.04	0.00	0.00	0.65	0.00	0.00	0.0	1	35.0
712.888	0.02	0.00	0.00	0.68	0.00	0.00	0.0	1	35.0
712.948	0.04	0.00	0.00	0.69	0.00	0.00	0.0	1	35.0
713.051	0.08	0.00	0.00	0.69	0.00	0.00	0.0	1	35.0
713.195	0.16	0.00	0.00	0.69	0.00	0.00	0.0	1	35.0
713.255	0.09	0.00	0.00	0.70	0.00	0.00	0.0	1	35.0
713.358	0.00	0.00	0.00	0.72	0.00	0.00	0.0	1	35.0
713.502	0.00	0.00	0.00	0.74	0.00	0.00	0.0	1	35.0
713.562	0.00	0.00	0.00	0.73	0.00	0.00	0.0	1	35.0
713.665	0.05	0.00	0.00	0.74	0.00	0.00	0.0	1	35.0
713.809	0.32	0.00	0.00	0.71	0.00	0.00	0.0	1	35.0
713.869	0.18	0.00	0.00	0.73	0.00	0.00	0.0	1	35.0
713.972	0.14	0.00	0.00	0.76	0.00	0.00	0.0	1	35.0
714.116	0.22	0.00	0.00	0.74	0.00	0.00	0.0	1	35.0
714.176	0.23	0.00	0.00	0.77	0.00	0.00	0.0	1	35.0
714.279	0.12	0.00	0.00	0.79	0.00	0.00	0.0	1	35.0
714.423	0.05	0.00	0.00	0.76	0.00	0.00	0.0	1	35.0
714.483	0.11	0.00	0.00	0.78	0.00	0.00	0.0	1	35.0
714.586	0.00	0.00	0.00	0.78	0.00	0.00	0.0	1	35.0
714.730	0.09	0.00	0.00	0.79	0.00	0.00	0.0	1	35.0
714.790	0.13	0.00	0.00	0.80	0.00	0.00	0.0	1	35.0
714.893	0.07	0.00	0.00	0.80	0.00	0.00	0.0	1	35.0
715.037	0.15	0.00	0.00	0.84	0.00	0.00	0.0	1	35.0
715.097	0.11	0.00	0.00	0.83	0.00	0.00	0.0	1	35.0
715.200	0.08	0.00	0.00	0.78	0.00	0.00	0.0	1	35.0
715.344	0.15	0.00	0.00	0.79	0.00	0.00	0.0	1	35.0
715.404	0.09	0.00	0.00	0.78	0.00	0.00	0.0	1	35.0
715.507	0.00	0.00	0.00	0.77	0.00	0.00	0.0	1	35.0
715.651	0.08	0.00	0.00	0.80	0.01	0.01	0.0	1	35.0
715.711	0.10	0.00	0.00	0.82	0.00	0.00	0.0	1	35.0
715.814	0.17	0.00	0.00	0.81	0.00	0.00	0.0	1	35.0
715.958	0.00	0.00	0.00	0.80	0.00	0.00	0.0	1	35.0
716.018	0.00	0.00	0.00	0.82	0.00	0.00	0.0	1	35.0
716.121	0.06	0.00	0.00	0.80	0.00	0.00	0.0	1	35.0
716.265	0.11	0.00	0.00	0.80	0.00	0.00	0.0	1	35.0
716.325	0.10	0.00	0.00	0.82	0.00	0.00	0.0	1	35.0
716.428	0.14	0.00	0.00	0.80	0.00	0.00	0.0	1	35.0
716.572	0.18	0.00	0.00	0.80	0.00	0.00	0.0	1	35.0
716.632	0.12	0.00	0.00	0.81	0.00	0.00	0.0	1	35.0
716.735	0.10	0.00	0.00	0.81	0.00	0.00	0.0	1	35.0
716.879	0.00	0.00	0.00	0.83	0.00	0.00	0.0	1	35.0
716.939	0.11	0.00	0.00	0.86	0.00	0.00	0.0	1	35.0
717.042	0.00	0.00	0.00	0.84	0.00	0.00	0.0	1	35.0
717.186	0.00	0.00	0.00	0.81	0.00	0.00	0.0	1	35.0
717.246	0.00	0.00	0.00	0.80	0.00	0.00	0.0	1	35.0
717.349	0.22	0.00	0.00	0.82	0.00	0.00	0.0	1	35.0
717.493	0.08	0.00	0.00	0.81	0.00	0.00	0.0	1	35.0
717.553	0.08	0.00	0.00	0.83	0.00	0.00	0.0	1	35.0
717.656	0.07	0.00	0.00	0.81	0.00	0.00	0.0	1	35.0
717.800	0.11	0.00	0.00	0.82	0.00	0.00	0.0	1	35.0
717.860	0.00	0.00	0.00	0.83	0.00	0.00	0.0	1	35.0
717.963	0.02	0.00	0.00	0.84	0.00	0.00	0.0	1	35.0
718.107	0.07	0.00	0.00	0.78	0.00	0.00	0.0	1	35.0
718.167	0.03	0.00	0.00	0.79	0.00	0.00	0.0	1	35.0
718.270	0.08	0.00	0.00	0.81	0.00	0.00	0.0	1	35.0
718.414	0.17	0.00	0.00	0.83	0.00	0.00	0.0	1	35.0
718.474	0.11	0.00	0.00	0.81	0.00	0.00	0.0	1	35.0
718.577	0.12	0.00	0.00	0.80	0.00	0.00	0.0	1	35.0
718.721	0.15	0.00	0.00	0.80	0.00	0.00	0.0	1	35.0
718.781	0.10	0.00	0.00	0.79	0.00	0.00	0.0	1	35.0
718.884	0.09	0.00	0.00	0.80	0.00	0.00	0.0	1	35.0
719.028	0.03	0.00	0.00	0.79	0.00	0.00	0.0	1	35.0
719.088	0.00	0.00	0.00	0.80	0.00	0.00	0.0	1	35.0
719.191	0.08	0.00	0.00	0.80	0.00	0.00	0.0	1	35.0
719.335	0.15	0.00	0.00	0.81	0.00	0.00	0.0	1	35.0
719.395	0.05	0.00	0.00	0.81	0.00	0.00	0.0	1	35.0
719.498	0.02	0.00	0.00	0.83	0.00	0.00	0.0	1	35.0
719.642	0.04	0.00	0.00	0.80	0.00	0.00	0.0	1	35.0
719.702	0.11	0.00	0.00	0.80	0.00	0.00	0.0	1	35.0
719.805	0.25	0.00	0.00	0.82	0.00	0.00	0.0	1	35.0
719.949	0.23	0.00	0.00	0.83	0.00	0.00	0.0	1	35.0
720.009	0.13	0.00	0.00	0.85	0.00	0.00	0.0	1	35.0
720.112	0.02	0.00	0.00	0.84	0.00	0.00	0.0	1	35.0
720.256	0.14	0.00	0.00	0.85	0.00	0.00	0.0	1	35.0
720.316	0.15	0.00	0.00	0.85	0.00	0.00	0.0	1	35.0
720.419	0.14	0.00	0.00	0.83	0.00	0.00	0.0	1	35.0
720.563	0.00	0.00	0.00	0.82	0.00	0.00	0.0	1	35.0
720.623	0.06	0.00	0.00	0.82	0.00	0.00	0.0	1	35.0
720.726	0.08	0.00	0.00	0.84	0.00	0.00	0.0	1	35.0
720.870	0.00	0.00	0.00	0.82	0.00	0.00	0.0	1	35.0
720.930	0.01	0.00	0.00	0.81	0.00	0.00	0.0	1	35.0
721.033	0.06	0.00	0.00	0.80	0.00	0.00	0.0	1	35.0
721.177	0.10	0.00	0.00	0.82	0.00	0.00	0.0	1	35.0
721.237	0.20	0.00	0.00	0.83	0.00	0.00	0.0	1	35.0
721.340	0.17	0.00	0.00	0.82	0.00	0.00	0.0	1	35.0
721.484	0.34	0.00	0.00	0.86	0.00	0.00	0.0	1	35.0
721.544	0.17	0.00	0.00	0.82	0.00	0.00	0.0	1	35.0
721.647	0.07	0.00	0.00	0.82	0.00	0.00	0.0	1	35.0
721.791	0.08	0.00	0.00	0.81	0.00	0.00	0.0	1	35.0
721.851	0.00	0.00	0.00	0.82	0.00	0.00	0.0	1	35.0
721.954	0.03	0.00	0.00	0.81	0.00	0.00	0.0	1	35.0
722.098	0.08	0.00	0.00	0.80	0.00	0.00	0.0	1	35.0
722.158	0.07	0.00	0.00	0.83	0.00	0.00	0.0	1	35.0
722.261	0.19	0.00	0.00	0.82	0.00	0.00	0.0	1	35.0
722.405	0.10	0.00	0.00	0.83	0.00	0.00	0.0	1	35.0
722.465	0.07	0.00	0.00	0.83	0.00	0.00	0.0	1	35.0
722.568	0.09	0.00	0.00	0.85	0.00	0.00	0.0	1	35.0
722.712	0.00	0.00	0.00	0.85	0.00	0.00	0.0	1	35.0
722.772	0.00	0.00	0.00	0.83	0.00	0.00	0.0	1	35.0
722.875	0.01	0.00	0.00	0.83	0.00	0.00	0.0	1	35.0
723.019	0.00	0.00	0.00	0.85	0.00	0.00	0.0	1	35.0
723.079	0.04	0.00	0.00	0.85	0.00	0.00	0.0	1	35.0
723.182	0.00	0.00	0.00	0.83	0.00	0.00	0.0	1	35.0
723.326	0.00	0.00	0.00	0.81	0.00	0.00	0.0	1	35.0
723.386	0.01	0.00	0.00	0.83	0.00	0.00	0.0	1	35.0
723.489	0.00	0.00	0.00	0.84	0.00	0.00	0.0	1	35.0
723.633	0.00	0.00	0.00	0.81	0.00	0.00	0.0	1	35.0
723.693	0.02	0.00	0.00	0.84	0.00	0.00	0.0	1	35.0
723.796	0.01	0.00	0.00	0.83	0.00	0.00	0.0	1	35.0
723.940	0.08	0.00	0.00	0.81	0.00	0.00	0.0	1	35.0
724.000	0.14	0.00	0.00	0.81	0.00	0.00	0.0	1	35.0
724.103	0.16	0.00	0.00	0.80	0.00	0.00	0.0	1	35.0
724.247	0.09	0.00	0.00	0.82	0.00	0.00	0.0	1	35.0
724.307	0.00	0.00	0.00	0.83	0.00	0.00	0.0	1	35.0
724.410	0.01	0.00	0.00	0.82	0.00	0.00	0.0	1	35.0
724.554	0.07	0.00	0.00	0.85	0.00	0.00	0.0	1	35.0
724.614	0.09	0.00	0.00	0.86	0.00	0.00	0.0	1	35.0
724.717	0.08	0.00	0.00	0.82	0.00	0.00	0.0	1	35.0
724.861	0.00	0.00	0.00	0.83	0.00	0.00	0.0	1	35.0
724.921	0.02	0.00	0.00	0.81	0.00	0.00	0.0	1	35.0
725.024	0.00	0.00	0.00	0.83	0.00	0.00	0.0	1	35.0
725.168	0.24	0.00	0.00	0.82	0.00	0.00	0.0	1	35.0
725.228	0.11	0.00	0.00	0.81	0.00	0.00	0.0	1	35.0
725.331	0.10	0.00	0.00	0.83	0.00	0.00	0.0	1	35.0
725.475	0.14	0.00	0.00	0.81	0.00	0.00	0.0	1	35.0
725.535	0.00	0.00	0.00	0.82	0.00	0.00	0.0	1	35.0
725.638	0.01	0.00	0.00	0.83	0.00	0.00	0.0	1	35.0
725.782	0.06	0.00	0.00	0.84	0.00	0.00	0.0	1	35.0
725.842	0.22	0.00	0.00	0.82	0.00	0.00	0.0	1	35.0
725.945	0.06	0.00	0.00	0.80	0.00	0.00	0.0	1	35.0
726.089	0.11	0.00	0.00	0.85	0.00	0.00	0.0	1	35.0
726.149	0.00	0.00	0.00	0.83	0.00	0.00	0.0	1	35.0
726.252	0.02	0.00	0.00	0.82	0.00	0.00	0.0	1	35.0
726.396	0.12	0.00	0.00	0.83	0.00	0.00	0.0	1	35.0
726.456	0.12	0.00	0.00	0.82	0.00	0.00	0.0	1	35.0
726.559	0.07	0.00	0.00	0.79	0.00	0.00	0.0	1	35.0
726.703	0.03	0.00	0.00	0.84	0.00	0.00	0.0	1	35.0
726.763	0.04	0.00	0.00	0.83	0.00	0.00	0.0	1	35.0
726.866	0.01	0.00	0.00	0.82	0.00	0.00	0.0	1	35.0
727.010	0.00	0.00	0.00	0.84	0.00	0.00	0.0	1	35.0
727.070	0.06	0.00	0.00	0.84	0.00	0.00	0.0	1	35.0
727.173	0.15	0.00	0.00	0.82	0.00	0.00	0.0	1	35.0
727.317	0.10	0.00	0.00	0.80	0.00	0.00	0.0	1	35.0
727.377	0.11	0.00	0.00	0.79	0.00	0.00	0.0	1	35.0
727.480	0.00	0.00	0.00	0.81	0.00	0.00	0.0	1	35.0
727.624	0.00	0.00	0.00	0.83	0.00	0.00	0.0	1	35.0
727.684	0.00	0.00	0.00	0.86	0.00	0.00	0.0	1	35.0
727.787	0.07	0.00	0.00	0.83	0.00	0.00	0.0	1	35.0
727.931	0.07	0.00	0.00	0.84	0.00	0.00	0.0	1	35.0
727.991	0.07	0.00	0.00	0.84	0.00	0.00	0.0	1	35.0
728.094	0.10	0.00	0.00	0.81	0.00	0.00	0.0	1	35.0
728.238	0.16	0.00	0.00	0.83	0.00	0.00	0.0	1	35.0
728.298	0.08	0.00	0.00	0.84	0.00	0.00	0.0	1	35.0
728.401	0.03	0.00	0.00	0.83	0.00	0.00	0.0	1	35.0
728.545	0.12	0.00	0.00	0.84	0.00	0.00	0.0	1	35.0
728.605	0.12	0.00	0.00	0.82	0.00	0.00	0.0	1	35.0
728.708	0.17	0.00	0.00	0.84	0.00	0.00	0.0	1	35.0
728.852	0.00	0.00	0.00	0.82	0.00	0.00	0.0	1	35.0
728.912	0.01	0.00	0.00	0.82	0.00	0.00	0.0	1	35.0
729.015	0.00	0.00	0.00	0.81	0.00	0.00	0.0	1	35.0
729.159	0.07	0.00	0.00	0.82	0.00	0.00	0.0	1	35.0
729.219	0.00	0.00	0.00	0.87	0.00	0.00	0.0	1	35.0
729.322	0.00	0.00	0.00	0.84	0.00	0.00	0.0	1	35.0
729.466	0.09	0.00	0.00	0.80	0.00	0.00	0.0	1	35.0
729.526	0.04	0.00	0.00	0.80	0.00	0.00	0.0	1	35.0
729.629	0.00	0.00	0.00	0.82	0.00	0.00	0.0	1	35.0
729.773	0.11	0.00	0.00	0.82	0.00	0.00	0.0	1	35.0
729.833	0.06	0.00	0.00	0.87	0.00	0.00	0.0	1	35.0
729.936	0.03	0.00	0.00	0.84	0.00	0.00	0.0	1	35.0
730.080	0.12	0.00	0.00	0.82	0.00	0.00	0.0	1	35.0
730.140	0.01	0.00	0.00	0.79	0.00	0.00	0.0	1	35.0
730.243	0.09	0.00	0.00	0.80	0.00	0.00	0.0	1	35.0
730.387	0.12	0.00	0.00	0.83	0.00	0.00	0.0	1	35.0
730.447	0.04	0.00	0.00	0.84	0.00	0.00	0.0	1	35.0
730.550	0.08	0.00	0.00	0.82	0.00	0.00	0.0	1	35.0
730.694	0.20	0.00	0.00	0.81	0.00	0.00	0.0	1	35.0
730.754	0.25	0.00	0.00	0.81	0.00	0.00	0.0	1	35.0
730.857	0.15	0.00	0.00	0.81	0.00	0.00	0.0	1	35.0
731.001	0.08	0.00	0.00	0.85	0.00	0.00	0.0	1	35.0
731.061	0.01	0.00	0.00	0.84	0.00	0.00	0.0	1	35.0
731.164	0.05	0.00	0.00	0.84	0.00	0.00	0.0	1	35.0
731.308	0.10	0.00	0.00	0.83	0.00	0.00	0.0	1	35.0
731.368	0.17	0.00	0.00	0.82	0.00	0.00	0.0	1	35.0
731.471	0.11	0.00	0.00	0.83	0.00	0.00	0.0	1	35.0
731.615	0.17	0.00	0.00	0.80	0.00	0.00	0.0	1	35.0
731.675	0.07	0.00	0.00	0.80	0.00	0.00	0.0	1	35.0
731.778	0.04	0.00	0.00	0.84	0.00	0.00	0.0	1	35.0
731.922	0.18	0.00	0.00	0.81	0.00	0.00	0.0	1	35.0
731.982	0.10	0.00	0.00	0.81	0.00	0.00	0.0	1	35.0
732.085	0.00	0.00	0.00	0.81	0.00	0.00	0.0	1	35.0
732.229	0.02	0.00	0.00	0.81	0.00	0.00	0.0	1	35.0
732.289	0.04	0.00	0.00	0.82	0.00	0.00	0.0	1	35.0
732.392	0.08	0.00	0.00	0.82	0.00	0.00	0.0	1	35.0
732.536	0.14	0.00	0.00	0.82	0.00	0.00	0.0	1	35.0
732.596	0.08	0.00	0.00	0.82	0.00	0.00	0.0	1	35.0
732.699	0.09	0.00	0.00	0.83	0.00	0.00	0.0	1	35.0
732.843	0.04	0.00	0.00	0.82	0.00	0.00	0.0	1	35.0
732.903	0.12	0.00	0.00	0.80	0.00	0.00	0.0	1	35.0
733.006	0.02	0.00	0.00	0.81	0.00	0.00	0.0	1	35.0
733.150	0.09	0.00	0.00	0.79	0.00	0.00	0.0	1	35.0
733.210	0.15	0.00	0.00	0.79	0.00	0.00	0.0	1	35.0
733.313	0.11	0.00	0.00	0.80	0.00	0.00	0.0	1	35.0
733.457	0.19	0.00	0.00	0.77	0.00	0.00	0.0	1	35.0
733.517	0.15	0.00	0.00	0.79	0.00	0.00	0.0	1	35.0
733.620	0.06	0.00	0.00	0.80	0.00	0.00	0.0	1	35.0
733.764	0.04	0.00	0.00	0.85	0.00	0.00	0.0	1	35.0
733.824	0.00	0.00	0.00	0.84	0.00	0.00	0.0	1	35.0
733.927	0.02	0.00	0.00	0.83	0.00	0.00	0.0	1	35.0
734.071	0.08	0.00	0.00	0.82	0.00	0.00	0.0	1	35.0
734.131	0.12	0.00	0.00	0.82	0.00	0.00	0.0	1	35.0
734.234	0.11	0.00	0.00	0.81	0.00	0.00	0.0	1	35.0
734.378	0.14	0.00	0.00	0.81	0.00	0.00	0.0	1	35.0
734.438	0.12	0.00	0.00	0.80	0.00	0.00	0.0	1	35.0
734.541	0.23	0.00	0.00	0.81	0.00	0.00	0.0	1	35.0
734.685	0.14	0.00	0.00	0.82	0.00	0.00	0.0	1	35.0
734.745	0.08	0.00	0.00	0.82	0.00	0.00	0.0	1	35.0
734.848	0.07	0.00	0.00	0.82	0.00	0.00	0.0	1	35.0
734.992	0.04	0.00	0.00	0.82	0.00	0.00	0.0	1	35.0
735.052	0.08	0.00	0.00	0.82	0.00	0.00	0.0	1	35.0
735.155	0.07	0.00	0.00	0.83	0.00	0.00	0.0	1	35.0
735.299	0.00	0.00	0.00	0.80	0.00	0.00	0.0	1	35.0
735.359	0.11	0.00	0.00	0.81	0.00	0.00	0.0	1	35.0
735.462	0.12	0.00	0.00	0.82	0.00	0.00	0.0	1	35.0
735.606	0.10	0.00	0.00	0.82	0.00	0.00	0.0	1	35.0
735.666	0.06	0.00	0.00	0.82	0.00	0.00	0.0	1	35.0
735.769	0.00	0.00	0.00	0.82	0.00	0.00	0.0	1	35.0
735.913	0.06	0.00	0.00	0.80	0.00	0.00	0.0	1	35.0
735.973	0.05	0.00	0.00	0.82	0.00	0.00	0.0	1	35.0
736.076	0.03	0.00	0.00	0.82	0.00	0.00	0.0	1	35.0
736.220	0.06	0.00	0.00	0.83	0.00	0.00	0.0	1	35.0
736.280	0.14	0.00	0.00	0.81	0.00	0.00	0.0	1	35.0
736.383	0.00	0.00	0.00	0.80	0.00	0.00	0.0	1	35.0
736.527	0.07	0.00	0.00	0.83	0.00	0.00	0.0	1	35.0
736.587	0.08	0.00	0.00	0.83	0.00	0.00	0.0	1	35.0
736.690	0.07	0.00	0.00	0.81	0.00	0.00	0.0	1	35.0
736.834	0.00	0.00	0.00	0.82	0.00	0.00	0.0	1	35.0
736.894	0.00	0.00	0.00	0.81	0.00	0.00	0.0	1	35.0
736.997	0.06	0.00	0.00	0.81	0.00	0.00	0.0	1	35.0
737.141	0.13	0.00	0.00	0.81	0.00	0.00	0.0	1	35.0
737.201	0.14	0.00	0.00	0.81	0.00	0.00	0.0	1	35.0
737.304	0.10	0.00	0.00	0.82	0.00	0.00	0.0	1	35.0
737.448	0.15	0.00	0.00	0.82	0.00	0.00	0.0	1	35.0
737.508	0.08	0.00	0.00	0.83	0.00	0.00	0.0	1	35.0
737.611	0.09	0.00	0.00	0.83	0.00	0.00	0.0	1	35.0
737.755	0.00	0.00	0.00	0.83	0.00	0.00	0.0	1	35.0
737.815	0.03	0.00	0.00	0.82	0.00	0.00	0.0	1	35.0
737.918	0.00	0.00	0.00	0.80	0.00	0.00	0.0	1	35.0
738.062	0.18	0.00	0.00	0.81	0.00	0.00	0.0	1	35.0
738.122	0.13	0.00	0.00	0.81	0.00	0.00	0.0	1	35.0
738.225	0.11	0.00	0.00	0.83	0.00	0.00	0.0	1	35.0
738.369	0.00	0.00	0.00	0.82	0.00	0.00	0.0	1	35.0
738.429	0.00	0.00	0.00	0.82	0.00	0.00	0.0	1	35.0
738.532	0.07	0.00	0.00	0.80	0.00	0.00	0.0	1	35.0
738.676	0.17	0.00	0.00	0.84	0.00	0.00	0.0	1	35.0
738.736	0.06	0.00	0.00	0.83	0.00	0.00	0.0	1	35.0
738.839	0.12	0.00	0.00	0.82	0.00	0.00	0.0	1	35.0
738.983	0.12	0.00	0.00	0.82	0.00	0.00	0.0	1	35.0
739.043	0.07	0.00	0.00	0.82	0.00	0.00	0.0	1	35.0
739.146	0.04	0.00	0.00	0.81	0.00	0.00	0.0	1	35.0
739.290	0.01	0.00	0.00	0.79	0.00	0.00	0.0	1	35.0
739.350	0.08	0.00	0.00	0.81	0.00	0.00	0.0	1	35.0
739.453	0.10	0.00	0.00	0.81	0.00	0.00	0.0	1	35.0
739.597	0.23	0.00	0.00	0.82	0.00	0.00	0.0	1	35.0
739.657	0.14	0.00	0.00	0.84	0.00	0.00	0.0	1	35.0
739.760	0.08	0.00	0.00	0.85	0.00	0.00	0.0	1	35.0
739.904	0.03	0.00	0.00	0.83	0.00	0.00	0.0	1	35.0
739.964	0.02	0.00	0.00	0.81	0.00	0.00	0.0	1	35.0
740.067	0.12	0.00	0.00	0.81	0.00	0.00	0.0	1	35.0
740.211	0.00	0.00	0.00	0.81	0.00	0.00	0.0	1	35.0
740.271	0.07	0.00	0.00	0.82	0.00	0.00	0.0	1	35.0
740.374	0.11	0.00	0.00	0.82	0.00	0.00	0.0	1	35.0
740.518	0.17	0.00	0.00	0.82	0.00	0.00	0.0	1	35.0
740.578	0.18	0.00	0.00	0.83	0.00	0.00	0.0	1	35.0
740.681	0.11	0.00	0.00	0.85	0.00	0.00	0.0	1	35.0
740.825	0.03	0.00	0.00	0.81	0.00	0.00	0.0	1	35.0
740.885	0.00	0.00	0.00	0.82	0.00	0.00	0.0	1	35.0
740.988	0.00	0.00	0.00	0.82	0.00	0.00	0.0	1	35.0
741.132	0.05	0.00	0.00	0.82	0.00	0.00	0.0	1	35.0
741.192	0.05	0.00	0.00	0.81	0.00	0.00	0.0	1	35.0
741.295	0.02	0.00	0.00	0.79	0.00	0.00	0.0	1	35.0
741.439	0.00	0.00	0.00	0.81	0.00	0.00	0.0	1	35.0
741.499	0.00	0.00	0.00	0.82	0.00	0.00	0.0	1	35.0
741.602	0.00	0.00	0.00	0.82	0.00	0.00	0.0	1	35.0
741.746	0.04	0.00	0.00	0.83	0.00	0.00	0.0	1	35.0
741.806	0.20	0.00	0.00	0.84	0.00	0.00	0.0	1	35.0
741.909	0.08	0.00	0.00	0.84	0.00	0.00	0.0	1	35.0
742.053	0.13	0.00	0.00	0.86	0.00	0.00	0.0	1	35.0
742.113	0.11	0.00	0.00	0.84	0.00	0.00	0.0	1	35.0
742.216	0.11	0.00	0.00	0.84	0.00	0.00	0.0	1	35.0
742.360	0.04	0.00	0.00	0.82	0.00	0.00	0.0	1	35.0
742.420	0.00	0.00	0.00	0.86	0.00	0.00	0.0	1	35.0
742.523	0.10	0.00	0.00	0.80	0.00	0.00	0.0	1	35.0
742.667	0.20	0.00	0.00	0.80	0.00	0.00	0.0	1	35.0
742.727	0.13	0.00	0.00	0.80	0.00	0.00	0.0	1	35.0
742.830	0.14	0.00	0.00	0.81	0.00	0.00	0.0	1	35.0
742.974	0.08	0.00	0.00	0.81	0.00	0.00	0.0	1	35.0
743.034	0.06	0.00	0.00	0.82	0.00	0.00	0.0	1	35.0
743.137	0.16	0.00	0.00	0.81	0.00	0.00	0.0	1	35.0
743.281	0.16	0.00	0.00	0.82	0.00	0.00	0.0	1	35.0
743.341	0.15	0.00	0.00	0.82	0.00	0.00	0.0	1	35.0
743.444	0.03	0.00	0.00	0.82	0.00	0.00	0.0	1	35.0
743.588	0.23	0.00	0.00	0.82	0.00	0.00	0.0	1	35.0
743.648	0.22	0.00	0.00	0.82	0.00	0.00	0.0	1	35.0
743.751	0.14	0.00	0.00	0.82	0.00	0.00	0.0	1	35.0
743.895	0.00	0.00	0.00	0.85	0.00	0.00	0.0	1	35.0
743.955	0.07	0.00	0.00	0.83	0.00	0.00	0.0	1	35.0
744.058	0.06	0.00	0.00	0.81	0.00	0.00	0.0	1	35.0
744.202	0.07	0.00	0.00	0.84	0.00	0.00	0.0	1	35.0
744.262	0.24	0.00	0.00	0.84	0.00	0.00	0.0	1	35.0
744.365	0.09	0.00	0.00	0.85	0.00	0.00	0.0	1	35.0
744.509	0.06	0.00	0.00	0.82	0.00	0.00	0.0	1	35.0
744.569	0.12	0.00	0.00	0.83	0.00	0.00	0.0	1	35.0
744.672	0.05	0.00	0.00	0.81	0.00	0.00	0.0	1	35.0
744.816	0.05	0.00	0.00	0.83	0.00	0.00	0.0	1	35.0
744.876	0.06	0.00	0.00	0.83	0.00	0.00	0.0	1	35.0
744.979	0.11	0.00	0.00	0.82	0.00	0.00	0.0	1	35.0
745.123	0.07	0.00	0.00	0.83	0.00	0.00	0.0	1	35.0
745.183	0.08	0.00	0.00	0.82	0.00	0.00	0.0	1	35.0
745.286	0.09	0.00	0.00	0.85	0.00	0.00	0.0	1	35.0
745.430	0.08	0.00	0.00	0.83	0.00	0.00	0.0	1	35.0
745.490	0.01	0.00	0.00	0.83	0.00	0.00	0.0	1	35.0
745.593	0.03	0.00	0.00	0.84	0.00	0.00	0.0	1	35.0
745.737	0.10	0.00	0.00	0.85	0.00	0.00	0.0	1	35.0
745.797	0.12	0.00	0.00	0.84	0.00	0.00	0.0	1	35.0
745.900	0.07	0.00	0.00	0.82	0.00	0.00	0.0	1	35.0
746.044	0.06	0.00	0.00	0.82	0.00	0.00	0.0	1	35.0
746.104	0.00	0.00	0.00	0.81	0.00	0.00	0.0	1	35.0
746.207	0.08	0.00	0.00	0.82	0.00	0.00	0.0	1	35.0
746.351	0.09	0.00	0.00	0.81	0.00	0.00	0.0	1	35.0
746.411	0.16	0.00	0.00	0.80	0.00	0.00	0.0	1	35.0
746.514	0.03	0.00	0.00	0.82	0.00	0.00	0.0	1	35.0
746.658	0.16	0.00	0.00	0.82	0.00	0.00	0.0	1	35.0
746.718	0.08	0.00	0.00	0.81	0.00	0.00	0.0	1	35.0
746.821	0.13	0.00	0.00	0.82	0.00	0.00	0.0	1	35.0
746.965	0.11	0.00	0.00	0.83	0.00	0.00	0.0	1	35.0
747.025	0.07	0.00	0.00	0.83	0.00	0.00	0.0	1	35.0
747.128	0.03	0.00	0.00	0.84	0.00	0.00	0.0	1	35.0
747.272	0.17	0.00	0.00	0.78	0.00	0.00	0.0	1	35.0
747.332	0.12	0.00	0.00	0.80	0.00	0.00	0.0	1	35.0
747.435	0.10	0.00	0.00	0.79	0.00	0.00	0.0	1	35.0
747.579	0.01	0.00	0.00	0.83	0.00	0.00	0.0	1	35.0
747.639	0.06	0.00	0.00	0.83	0.00	0.00	0.0	1	35.0
747.742	0.06	0.00	0.00	0.83	0.00	0.00	0.0	1	35.0
747.886	0.03	0.00	0.00	0.86	0.00	0.00	0.0	1	35.0
747.946	0.07	0.00	0.00	0.84	0.00	0.00	0.0	1	35.0
748.049	0.13	0.00	0.00	0.86	0.00	0.00	0.0	1	35.0
748.193	0.00	0.00	0.00	0.85	0.00	0.00	0.0	1	35.0
748.253	0.00	0.00	0.00	0.83	0.00	0.00	0.0	1	35.0
748.356	0.04	0.00	0.00	0.83	0.00	0.00	0.0	1	35.0
748.500	0.22	0.00	0.00	0.82	0.00	0.00	0.0	1	35.0
748.560	0.06	0.00	0.00	0.83	0.00	0.00	0.0	1	35.0
748.663	0.06	0.00	0.00	0.82	0.00	0.00	0.0	1	35.0
748.807	0.00	0.00	0.00	0.78	0.00	0.00	0.0	1	35.0
748.867	0.03	0.00	0.00	0.79	0.00	0.00	0.0	1	35.0
748.970	0.04	0.00	0.00	0.82	0.00	0.00	0.0	1	35.0
749.114	0.03	0.00	0.00	0.82	0.00	0.00	0.0	1	35.0
749.174	0.07	0.00	0.00	0.85	0.00	0.00	0.0	1	35.0
749.277	0.12	0.00	0.00	0.83	0.00	0.00	0.0	1	35.0
749.421	0.12	0.00	0.00	0.85	0.00	0.00	0.0	1	35.0
749.481	0.06	0.00	0.00	0.80	0.00	0.00	0.0	1	35.0
749.584	0.11	0.00	0.00	0.80	0.00	0.00	0.0	1	35.0
749.728	0.00	0.00	0.00	0.82	0.00	0.00	0.0	1	35.0
749.788	0.00	0.00	0.00	0.84	0.00	0.00	0.0	1	35.0
749.891	0.00	0.00	0.00	0.84	0.00	0.00	0.0	1	35.0
750.035	0.13	0.00	0.00	0.80	0.00	0.00	0.0	1	35.0
750.095	0.08	0.00	0.00	0.80	0.00	0.00	0.0	1	35.0
750.198	0.11	0.00	0.00	0.81	0.00	0.00	0.0	1	35.0
750.342	0.09	0.00	0.00	0.82	0.00	0.00	0.0	1	35.0
750.402	0.06	0.00	0.00	0.82	0.00	0.00	0.0	1	35.0
750.505	0.20	0.00	0.00	0.81	0.00	0.00	0.0	1	35.0
750.649	0.22	0.00	0.00	0.80	0.00	0.00	0.0	1	35.0
750.709	0.19	0.00	0.00	0.81	0.00	0.00	0.0	1	35.0
750.812	0.05	0.00	0.00	0.79	0.00	0.00	0.0	1	35.0
750.956	0.07	0.00	0.00	0.79	0.00	0.00	0.0	1	35.0
751.016	0.12	0.00	0.00	0.81	0.00	0.00	0.0	1	35.0
751.119	0.03	0.00	0.00	0.82	0.00	0.00	0.0	1	35.0
751.263	0.01	0.00	0.00	0.83	0.00	0.00	0.0	1	35.0
751.323	0.00	0.00	0.00	0.82	0.00	0.00	0.0	1	35.0
751.426	0.06	0.00	0.00	0.84	0.00	0.00	0.0	1	35.0
751.570	0.10	0.00	0.00	0.82	0.00	0.00	0.0	1	35.0
751.630	0.07	0.00	0.00	0.83	0.00	0.00	0.0	1	35.0
751.733	0.02	0.00	0.00	0.83	0.00	0.00	0.0	1	35.0
751.877	0.00	0.00	0.00	0.82	0.00	0.00	0.0	1	35.0
751.937	0.00	0.00	0.00	0.81	0.00	0.00	0.0	1	35.0
752.040	0.18	0.00	0.00	0.82	0.00	0.00	0.0	1	35.0
752.184	0.11	0.00	0.00	0.80	0.00	0.00	0.0	1	35.0
752.244	0.07	0.00	0.00	0.81	0.00	0.00	0.0	1	35.0
752.347	0.06	0.00	0.00	0.81	0.00	0.00	0.0	1	35.0
752.491	0.06	0.00	0.00	0.82	0.00	0.00	0.0	1	35.0
752.551	0.16	0.00	0.00	0.80	0.00	0.00	0.0	1	35.0
752.654	0.16	0.00	0.00	0.80	0.00	0.00	0.0	1	35.0
752.798	0.06	0.00	0.00	0.81	0.00	0.00	0.0	1	35.0
752.858	0.01	0.00	0.00	0.81	0.00	0.00	0.0	1	35.0
752.961	0.11	0.00	0.00	0.79	0.00	0.00	0.0	1	35.0
753.105	0.00	0.00	0.00	0.86	0.00	0.00	0.0	1	35.0
753.165	0.13	0.00	0.00	0.84	0.00	0.00	0.0	1	35.0
753.268	0.08	0.00	0.00	0.84	0.00	0.00	0.0	1	35.0
753.412	0.20	0.00	0.00	0.83	0.00	0.00	0.0	1	35.0
753.472	0.14	0.00	0.00	0.84	0.00	0.00	0.0	1	35.0
753.575	0.11	0.00	0.00	0.84	0.00	0.00	0.0	1	35.0
753.719	0.10	0.00	0.00	0.80	0.00	0.00	0.0	1	35.0
753.779	0.05	0.00	0.00	0.82	0.00	0.00	0.0	1	35.0
753.882	0.05	0.00	0.00	0.81	0.00	0.00	0.0	1	35.0
754.026	0.06	0.00	0.00	0.82	0.00	0.00	0.0	1	35.0
754.086	0.06	0.00	0.00	0.86	0.00	0.00	0.0	1	35.0
754.189	0.12	0.00	0.00	0.83	0.00	0.00	0.0	1	35.0
754.333	0.06	0.00	0.00	0.82	0.00	0.00	0.0	1	35.0
754.393	0.11	0.00	0.00	0.81	0.00	0.00	0.0	1	35.0
754.496	0.11	0.00	0.00	0.84	0.00	0.00	0.0	1	35.0
754.640	0.08	0.00	0.00	0.82	0.00	0.00	0.0	1	35.0
754.700	0.12	0.00	0.00	0.82	0.00	0.00	0.0	1	35.0
754.803	0.10	0.00	0.00	0.83	0.00	0.00	0.0	1	35.0
754.947	0.28	0.00	0.00	0.83	0.00	0.00	0.0	1	35.0
755.007	0.23	0.00	0.00	0.83	0.00	0.00	0.0	1	35.0
755.110	0.13	0.00	0.00	0.84	0.00	0.00	0.0	1	35.0
755.254	0.23	0.00	0.00	0.82	0.00	0.00	0.0	1	35.0
755.314	0.08	0.00	0.00	0.81	0.00	0.00	0.0	1	35.0
755.417	0.06	0.00	0.00	0.82	0.00	0.00	0.0	1	35.0
755.561	0.14	0.00	0.00	0.83	0.00	0.00	0.0	1	35.0
755.621	0.11	0.00	0.00	0.81	0.00	0.00	0.0	1	35.0
755.724	0.09	0.00	0.00	0.82	0.00	0.00	0.0	1	35.0
755.868	0.01	0.00	0.00	0.82	0.00	0.00	0.0	1	35.0
755.928	0.04	0.00	0.00	0.81	0.00	0.00	0.0	1	35.0
756.031	0.02	0.00	0.00	0.83	0.00	0.00	0.0	1	35.0
756.175	0.10	0.00	0.00	0.84	0.00	0.00	0.0	1	35.0
756.235	0.10	0.00	0.00	0.83	0.00	0.00	0.0	1	35.0
756.338	0.00	0.00	0.00	0.83	0.00	0.00	0.0	1	35.0
756.482	0.06	0.00	0.00	0.80	0.00	0.00	0.0	1	35.0
756.542	0.04	0.00	0.00	0.84	0.00	0.00	0.0	1	35.0
756.645	0.00	0.00	0.00	0.81	0.00	0.00	0.0	1	35.0
756.789	0.00	0.00	0.00	0.82	0.00	0.00	0.0	1	35.0
756.849	0.01	0.00	0.00	0.81	0.00	0.00	0.0	1	35.0
756.952	0.00	0.00	0.00	0.82	0.00	0.00	0.0	1	35.0
757.096	0.08	0.00	0.00	0.82	0.00	0.00	0.0	1	35.0
757.156	0.10	0.00	0.00	0.83	0.00	0.00	0.0	1	35.0
757.259	0.12	0.00	0.00	0.84	0.00	0.00	0.0	1	35.0
757.403	0.19	0.00	0.00	0.83	0.00	0.00	0.0	1	35.0
757.463	0.26	0.00	0.00	0.84	0.00	0.00	0.0	1	35.0
757.566	0.07	0.00	0.00	0.83	0.00	0.00	0.0	1	35.0
757.710	0.05	0.00	0.00	0.83	0.00	0.00	0.0	1	35.0
757.770	0.03	0.00	0.00	0.82	0.00	0.00	0.0	1	35.0
757.873	0.08	0.00	0.00	0.80	0.00	0.00	0.0	1	35.0
758.017	0.18	0.00	0.00	0.81	0.00	0.00	0.0	1	35.0
758.077	0.08	0.00	0.00	0.82	0.00	0.00	0.0	1	35.0
758.180	0.08	0.00	0.00	0.83	0.00	0.00	0.0	1	35.0
758.324	0.08	0.00	0.00	0.82	0.00	0.00	0.0	1	35.0
758.384	0.10	0.00	0.00	0.81	0.00	0.00	0.0	1	35.0
758.487	0.06	0.00	0.00	0.83	0.00	0.00	0.0	1	35.0
758.631	0.05	0.00	0.00	0.80	0.00	0.00	0.0	1	35.0
758.691	0.07	0.00	0.00	0.79	0.00	0.00	0.0	1	35.0
758.794	0.00	0.00	0.00	0.82	0.00	0.00	0.0	1	35.0
758.938	0.03	0.00	0.00	0.81	0.00	0.00	0.0	1	35.0
758.998	0.05	0.00	0.00	0.82	0.00	0.00	0.0	1	35.0
759.101	0.00	0.00	0.00	0.81	0.00	0.00	0.0	1	35.0
759.245	0.03	0.00	0.00	0.81	0.00	0.00	0.0	1	35.0
759.305	0.10	0.00	0.00	0.82	0.00	0.00	0.0	1	35.0
759.408	0.09	0.00	0.00	0.80	0.00	0.00	0.0	1	35.0
759.552	0.10	0.00	0.00	0.81	0.00	0.00	0.0	1	35.0
759.612	0.12	0.00	0.00	0.82	0.00	0.00	0.0	1	35.0
759.715	0.06	0.00	0.00	0.82	0.00	0.00	0.0	1	35.0
759.859	0.14	0.00	0.00	0.83	0.00	0.00	0.0	1	35.0
759.919	0.15	0.00	0.00	0.85	0.00	0.00	0.0	1	35.0
760.022	0.14	0.00	0.00	0.81	0.00	0.00	0.0	1	35.0
760.166	0.04	0.00	0.00	0.82	0.00	0.00	0.0	1	35.0
760.226	0.06	0.00	0.00	0.81	0.00	0.00	0.0	1	35.0
760.329	0.24	0.00	0.00	0.81	0.00	0.00	0.0	1	35.0
760.473	0.16	0.00	0.00	0.84	0.00	0.00	0.0	1	35.0
760.533	0.08	0.00	0.00	0.83	0.00	0.00	0.0	1	35.0
760.636	0.24	0.00	0.00	0.81	0.00	0.00	0.0	1	35.0
760.780	0.01	0.00	0.00	0.82	0.00	0.00	0.0	1	35.0
760.840	0.08	0.00	0.00	0.83	0.00	0.00	0.0	1	35.0
760.943	0.17	0.00	0.00	0.83	0.00	0.00	0.0	1	35.0
761.087	0.00	0.00	0.00	0.82	0.00	0.00	0.0	1	35.0
761.147	0.04	0.00	0.00	0.84	0.00	0.00	0.0	1	35.0
761.250	0.08	0.00	0.00	0.82	0.00	0.00	0.0	1	35.0
761.394	0.06	0.00	0.00	0.83	0.01	0.01	0.0	1	35.0
761.454	0.19	0.00	0.00	0.81	0.00	0.00	0.0	1	35.0
761.557	0.19	0.00	0.00	0.82	0.00	0.00	0.0	1	35.0
761.701	0.08	0.00	0.00	0.81	0.00	0.00	0.0	1	35.0
761.761	0.08	0.00	0.00	0.82	0.00	0.00	0.0	1	35.0
761.864	0.12	0.00	0.00	0.82	0.00	0.00	0.0	1	35.0
762.008	0.07	0.00	0.00	0.81	0.00	0.00	0.0	1	35.0
762.068	0.02	0.00	0.00	0.82	0.00	0.00	0.0	1	35.0
762.171	0.05	0.00	0.00	0.80	0.00	0.00	0.0	1	35.0
762.315	0.05	0.00	0.00	0.82	0.00	0.00	0.0	1	35.0
762.375	0.07	0.00	0.00	0.82	0.00	0.00	0.0	1	35.0
762.478	0.04	0.00	0.00	0.83	0.00	0.00	0.0	1	35.0
762.622	0.11	0.00	0.00	0.83	0.00	0.00	0.0	1	35.0
762.682	0.21	0.00	0.00	0.82	0.00	0.00	0.0	1	35.0
762.785	0.07	0.00	0.00	0.80	0.00	0.00	0.0	1	35.0
762.929	0.03	0.00	0.00	0.81	0.00	0.00	0.0	1	35.0
762.989	0.03	0.00	0.00	0.82	0.00	0.00	0.0	1	35.0
763.092	0.00	0.00	0.00	0.83	0.00	0.00	0.0	1	35.0
763.236	0.00	0.00	0.00	0.82	0.00	0.00	0.0	1	35.0
763.296	0.00	0.00	0.00	0.81	0.00	0.00	0.0	1	35.0
763.399	0.11	0.00	0.00	0.83	0.00	0.00	0.0	1	35.0
763.543	0.05	0.00	0.00	0.83	0.00	0.00	0.0	1	35.0
763.603	0.13	0.00	0.00	0.82	0.00	0.00	0.0	1	35.0
763.706	0.07	0.00	0.00	0.82	0.00	0.00	0.0	1	35.0
763.850	0.07	0.00	0.00	0.82	0.00	0.00	0.0	1	35.0
763.910	0.10	0.00	0.00	0.81	0.00	0.00	0.0	1	35.0
764.013	0.06	0.00	0.00	0.82	0.00	0.00	0.0	1	35.0
764.157	0.14	0.00	0.00	0.82	0.00	0.00	0.0	1	35.0
764.217	0.14	0.00	0.00	0.82	0.00	0.00	0.0	1	35.0
764.320	0.03	0.00	0.00	0.82	0.00	0.00	0.0	1	35.0
764.464	0.08	0.00	0.00	0.81	0.00	0.00	0.0	1	35.0
764.524	0.06	0.00	0.00	0.81	0.00	0.00	0.0	1	35.0
764.627	0.06	0.00	0.00	0.82	0.00	0.00	0.0	1	35.0
764.771	0.00	0.00	0.00	0.83	0.00	0.00	0.0	1	35.0
764.831	0.01	0.00	0.00	0.83	0.00	0.00	0.0	1	35.0
764.934	0.01	0.00	0.00	0.80	0.00	0.00	0.0	1	35.0
765.078	0.16	0.00	0.00	0.83	0.00	0.00	0.0	1	35.0
765.138	0.14	0.00	0.00	0.82	0.00	0.00	0.0	1	35.0
765.241	0.03	0.00	0.00	0.83	0.00	0.00	0.0	1	35.0
765.385	0.07	0.00	0.00	0.82	0.00	0.00	0.0	1	35.0
765.445	0.15	0.00	0.00	0.82	0.00	0.00	0.0	1	35.0
765.548	0.00	0.00	0.00	0.82	0.00	0.00	0.0	1	35.0
765.692	0.05	0.00	0.00	0.85	0.00	0.00	0.0	1	35.0
765.752	0.00	0.00	0.00	0.83	0.00	0.00	0.0	1	35.0
765.855	0.10	0.00	0.00	0.82	0.00	0.00	0.0	1	35.0
765.999	0.20	0.00	0.00	0.82	0.00	0.00	0.0	1	35.0
766.059	0.14	0.00	0.00	0.83	0.00	0.00	0.0	1	35.0
766.162	0.06	0.00	0.00	0.81	0.00	0.00	0.0	1	35.0
766.306	0.12	0.00	0.00	0.83	0.00	0.00	0.0	1	35.0
766.366	0.08	0.00	0.00	0.84	0.00	0.00	0.0	1	35.0
766.469	0.08	0.00	0.00	0.84	0.00	0.00	0.0	1	35.0
766.613	0.15	0.00	0.00	0.82	0.00	0.00	0.0	1	35.0
766.673	0.14	0.00	0.00	0.83	0.00	0.00	0.0	1	35.0
766.776	0.15	0.00	0.00	0.83	0.00	0.00	0.0	1	35.0
766.920	0.05	0.00	0.00	0.81	0.00	0.00	0.0	1	35.0
766.980	0.01	0.00	0.00	0.82	0.00	0.00	0.0	1	35.0
767.083	0.20	0.00	0.00	0.81	0.00	0.00	0.0	1	35.0
767.227	0.13	0.00	0.00	0.82	0.00	0.00	0.0	1	35.0
767.287	0.13	0.00	0.00	0.86	0.00	0.00	0.0	1	35.0
767.390	0.11	0.00	0.00	0.84	0.00	0.00	0.0	1	35.0
767.534	0.12	0.00	0.00	0.85	0.00	0.00	0.0	1	35.0
767.594	0.22	0.00	0.00	0.83	0.00	0.00	0.0	1	35.0
767.697	0.17	0.00	0.00	0.81	0.00	0.00	0.0	1	35.0
767.841	0.07	0.00	0.00	0.81	0.00	0.00	0.0	1	35.0
767.901	0.03	0.00	0.00	0.81	0.00	0.00	0.0	1	35.0
768.004	0.18	0.00	0.00	0.82	0.00	0.00	0.0	1	35.0
768.148	0.17	0.00	0.00	0.84	0.00	0.00	0.0	1	35.0
768.208	0.30	0.00	0.00	0.84	0.00	0.00	0.0	1	35.0
768.311	0.20	0.00	0.00	0.82	0.00	0.00	0.0	1	35.0
768.455	0.00	0.00	0.00	0.81	0.00	0.00	0.0	1	35.0
768.515	0.01	0.00	0.00	0.80	0.00	0.00	0.0	1	35.0
768.618	0.07	0.00	0.00	0.79	0.00	0.00	0.0	1	35.0
768.762	0.03	0.00	0.00	0.83	0.00	0.00	0.0	1	35.0
768.822	0.06	0.00	0.00	0.82	0.00	0.00	0.0	1	35.0
768.925	0.13	0.00	0.00	0.83	0.00	0.00	0.0	1	35.0
769.069	0.18	0.00	0.00	0.82	0.00	0.00	0.0	1	35.0
769.129	0.11	0.00	0.00	0.83	0.00	0.00	0.0	1	35.0
769.232	0.14	0.00	0.00	0.85	0.00	0.00	0.0	1	35.0
769.376	0.08	0.00	0.00	0.85	0.00	0.00	0.0	1	35.0
769.436	0.20	0.00	0.00	0.83	0.00	0.00	0.0	1	35.0
769.539	0.13	0.00	0.00	0.82	0.00	0.00	0.0	1	35.0
769.683	0.07	0.00	0.00	0.83	0.00	0.00	0.0	1	35.0
769.743	0.05	0.00	0.00	0.82	0.00	0.00	0.0	1	35.0
769.846	0.14	0.00	0.00	0.82	0.00	0.00	0.0	1	35.0
769.990	0.23	0.00	0.00	0.82	0.00	0.00	0.0	1	35.0
770.050	0.15	0.00	0.00	0.84	0.00	0.00	0.0	1	35.0
770.153	0.14	0.00	0.00	0.82	0.00	0.00	0.0	1	35.0
770.297	0.07	0.00	0.00	0.84	0.00	0.00	0.0	1	35.0
770.357	0.00	0.00	0.00	0.85	0.00	0.00	0.0	1	35.0
770.460	0.06	0.00	0.00	0.85	0.00	0.00	0.0	1	35.0
770.604	0.09	0.00	0.00	0.82	0.00	0.00	0.0	1	35.0
770.664	0.00	0.00	0.00	0.83	0.00	0.00	0.0	1	35.0
770.767	0.00	0.00	0.00	0.83	0.00	0.00	0.0	1	35.0
770.911	0.01	0.00	0.00	0.83	0.00	0.00	0.0	1	35.0
770.971	0.08	0.00	0.00	0.84	0.00	0.00	0.0	1	35.0
771.074	0.10	0.00	0.00	0.83	0.00	0.00	0.0	1	35.0
771.218	0.10	0.00	0.00	0.83	0.00	0.00	0.0	1	35.0
771.278	0.09	0.00	0.00	0.83	0.00	0.00	0.0	1	35.0
771.381	0.11	0.00	0.00	0.82	0.00	0.00	0.0	1	35.0
771.525	0.05	0.00	0.00	0.84	0.00	0.00	0.0	1	35.0
771.585	0.08	0.00	0.00	0.82	0.00	0.00	0.0	1	35.0
771.688	0.14	0.00	0.00	0.83	0.00	0.00	0.0	1	35.0
771.832	0.16	0.00	0.00	0.82	0.00	0.00	0.0	1	35.0
771.892	0.11	0.00	0.00	0.85	0.00	0.00	0.0	1	35.0
771.995	0.11	0.00	0.00	0.83	0.00	0.00	0.0	1	35.0
772.139	0.00	0.00	0.00	0.83	0.00	0.00	0.0	1	35.0
772.199	0.11	0.00	0.00	0.82	0.00	0.00	0.0	1	35.0
772.302	0.13	0.00	0.00	0.82	0.00	0.00	0.0	1	35.0
772.446	0.24	0.00	0.00	0.85	0.00	0.00	0.0	1	35.0
772.506	0.23	0.00	0.00	0.87	0.00	0.00	0.0	1	35.0
772.609	0.12	0.00	0.00	0.83	0.00	0.00	0.0	1	35.0
772.753	0.06	0.00	0.00	0.83	0.00	0.00	0.0	1	35.0
772.813	0.03	0.00	0.00	0.83	0.00	0.00	0.0	1	35.0
772.916	0.07	0.00	0.00	0.83	0.00	0.00	0.0	1	35.0
773.060	0.14	0.00	0.00	0.83	0.00	0.00	0.0	1	35.0
773.120	0.11	0.00	0.00	0.82	0.00	0.00	0.0	1	35.0
773.223	0.11	0.00	0.00	0.81	0.00	0.00	0.0	1	35.0
773.367	0.09	0.00	0.00	0.83	0.00	0.00	0.0	1	35.0
773.427	0.12	0.00	0.00	0.84	0.00	0.00	0.0	1	35.0
773.530	0.13	0.00	0.00	0.86	0.00	0.00	0.0	1	35.0
773.674	0.17	0.00	0.00	0.82	0.00	0.00	0.0	1	35.0
773.734	0.26	0.00	0.00	0.82	0.00	0.00	0.0	1	35.0
773.837	0.05	0.00	0.00	0.83	0.00	0.00	0.0	1	35.0
773.981	0.16	0.00	0.00	0.86	0.00	0.00	0.0	1	35.0
774.041	0.09	0.00	0.00	0.83	0.00	0.00	0.0	1	35.0
774.144	0.11	0.00	0.00	0.82	0.00	0.00	0.0	1	35.0
774.288	0.16	0.00	0.00	0.85	0.00	0.00	0.0	1	35.0
774.348	0.02	0.00	0.00	0.82	0.00	0.00	0.0	1	35.0
774.451	0.07	0.00	0.00	0.82	0.00	0.00	0.0	1	35.0
774.595	0.18	0.00	0.00	0.82	0.00	0.00	0.0	1	35.0
774.655	0.18	0.00	0.00	0.82	0.00	0.00	0.0	1	35.0
774.758	0.09	0.00	0.00	0.80	0.00	0.00	0.0	1	35.0
774.902	0.00	0.00	0.00	0.82	0.00	0.00	0.0	1	35.0
774.962	0.06	0.00	0.00	0.87	0.00	0.00	0.0	1	35.0
775.065	0.09	0.00	0.00	0.83	0.00	0.00	0.0	1	35.0
775.209	0.05	0.00	0.00	0.83	0.00	0.00	0.0	1	35.0
775.269	0.02	0.00	0.00	0.82	0.00	0.00	0.0	1	35.0
775.372	0.16	0.00	0.00	0.80	0.00	0.00	0.0	1	35.0
775.516	0.00	0.00	0.00	0.81	0.00	0.00	0.0	1	35.0
775.576	0.00	0.00	0.00	0.81	0.00	0.00	0.0	1	35.0
775.679	0.00	0.00	0.00	0.81	0.00	0.00	0.0	1	35.0
775.823	0.00	0.00	0.00	0.81	0.00	0.00	0.0	1	35.0
775.883	0.01	0.00	0.00	0.82	0.00	0.00	0.0	1	35.0
775.986	0.09	0.00	0.00	0.81	0.00	0.00	0.0	1	35.0
776.130	0.00	0.00	0.00	0.83	0.00	0.00	0.0	1	35.0
776.190	0.08	0.00	0.00	0.83	0.00	0.00	0.0	1	35.0
776.293	0.07	0.00	0.00	0.82	0.00	0.00	0.0	1	35.0
776.437	0.00	0.00	0.00	0.81	0.00	0.00	0.0	1	35.0
776.497	0.04	0.00	0.00	0.84	0.00	0.00	0.0	1	35.0
776.600	0.07	0.00	0.00	0.81	0.00	0.00	0.0	1	35.0
776.744	0.06	0.00	0.00	0.82	0.00	0.00	0.0	1	35.0
776.804	0.11	0.00	0.00	0.82	0.00	0.00	0.0	1	35.0
776.907	0.21	0.00	0.00	0.81	0.00	0.00	0.0	1	35.0
777.051	0.00	0.00	0.00	0.80	0.00	0.00	0.0	1	35.0
777.111	0.09	0.00	0.00	0.80	0.00	0.00	0.0	1	35.0
777.214	0.05	0.00	0.00	0.81	0.00	0.00	0.0	1	35.0
777.358	0.09	0.00	0.00	0.82	0.00	0.00	0.0	1	35.0
777.418	0.11	0.00	0.00	0.83	0.00	0.00	0.0	1	35.0
777.521	0.17	0.00	0.00	0.82	0.00	0.00	0.0	1	35.0
777.665	0.18	0.00	0.00	0.84	0.00	0.00	0.0	1	35.0
777.725	0.11	0.00	0.00	0.83	0.00	0.00	0.0	1	35.0
777.828	0.18	0.00	0.00	0.81	0.00	0.00	0.0	1	35.0
777.972	0.14	0.00	0.00	0.82	0.00	0.00	0.0	1	35.0
778.032	0.02	0.00	0.00	0.83	0.00	0.00	0.0	1	35.0
778.135	0.04	0.00	0.00	0.82	0.00	0.00	0.0	1	35.0
778.279	0.07	0.00	0.00	0.82	0.00	0.00	0.0	1	35.0
778.339	0.01	0.00	0.00	0.83	0.00	0.00	0.0	1	35.0
778.442	0.06	0.00	0.00	0.80	0.00	0.00	0.0	1	35.0
778.586	0.08	0.00	0.00	0.81	0.00	0.00	0.0	1	35.0
778.646	0.10	0.00	0.00	0.81	0.00	0.00	0.0	1	35.0
778.749	0.01	0.00	0.00	0.79	0.00	0.00	0.0	1	35.0
778.893	0.02	0.00	0.00	0.81	0.00	0.00	0.0	1	35.0
778.953	0.02	0.00	0.00	0.81	0.00	0.00	0.0	1	35.0
779.056	0.00	0.00	0.00	0.82	0.00	0.00	0.0	1	35.0
779.200	0.14	0.00	0.00	0.84	0.00	0.00	0.0	1	35.0
779.260	0.05	0.00	0.00	0.82	0.00	0.00	0.0	1	35.0
779.363	0.13	0.00	0.00	0.84	0.00	0.00	0.0	1	35.0
779.507	0.20	0.00	0.00	0.83	0.00	0.00	0.0	1	35.0
779.567	0.18	0.00	0.00	0.83	0.00	0.00	0.0	1	35.0
779.670	0.20	0.00	0.00	0.81	0.00	0.00	0.0	1	35.0
779.814	0.21	0.00	0.00	0.80	0.00	0.00	0.0	1	35.0
779.874	0.15	0.00	0.00	0.80	0.00	0.00	0.0	1	35.0
779.977	0.15	0.00	0.00	0.80	0.00	0.00	0.0	1	35.0
780.121	0.08	0.00	0.00	0.83	0.00	0.00	0.0	1	35.0
780.181	0.09	0.00	0.00	0.84	0.00	0.00	0.0	1	35.0
780.284	0.06	0.00	0.00	0.83	0.00	0.00	0.0	1	35.0
780.428	0.11	0.00	0.00	0.81	0.00	0.00	0.0	1	35.0
780.488	0.08	0.00	0.00	0.83	0.00	0.00	0.0	1	35.0
780.591	0.06	0.00	0.00	0.83	0.00	0.00	0.0	1	35.0
780.735	0.16	0.00	0.00	0.82	0.00	0.00	0.0	1	35.0
780.795	0.00	0.00	0.00	0.83	0.00	0.00	0.0	1	35.0
780.898	0.16	0.00	0.00	0.80	0.00	0.00	0.0	1	35.0
363.991	0.00	0.00	0.00	0.08	0.00	0.00	0.0	0	0.0
364.135	0.00	0.00	0.00	0.08	0.00	0.00	0.0	0	0.0
364.195	0.00	0.00	0.00	0.06	0.00	0.00	0.0	0	0.0
364.298	0.00	0.00	0.00	0.07	0.00	0.00	0.0	0	0.0
364.442	0.00	0.00	0.00	0.09	0.00	0.00	0.0	0	0.0
364.502	0.00	0.00	0.00	0.08	0.00	0.00	0.0	0	0.0
364.605	0.00	0.00	0.00	0.10	0.00	0.00	0.0	0	0.0
364.749	0.00	0.00	0.00	0.08	0.00	0.00	0.0	0	0.0
364.809	0.00	0.00	0.00	0.08	0.00	0.00	0.0	0	0.0
364.912	0.00	0.00	0.00	0.08	0.00	0.00	0.0	0	0.0
365.056	0.00	0.00	0.00	0.07	0.00	0.00	0.0	0	0.0
365.116	0.00	0.00	0.00	0.06	0.00	0.00	0.0	0	0.0
365.219	0.00	0.00	0.00	0.07	0.00	0.00	0.0	0	0.0
365.363	0.00	0.00	0.00	0.03	0.00	0.00	0.0	0	0.0
365.423	0.00	0.00	0.00	0.05	0.00	0.00	0.0	0	0.0
365.526	0.00	0.00	0.00	0.05	0.00	0.00	0.0	0	0.0
365.670	0.00	0.00	0.00	0.09	0.00	0.00	0.0	0	0.0
365.730	0.00	0.00	0.00	0.07	0.00	0.00	0.0	0	0.0
365.833	0.00	0.00	0.00	0.05	0.00	0.00	0.0	0	0.0
365.977	0.00	0.00	0.00	0.07	0.00	0.00	0.0	0	0.0
366.037	0.00	0.00	0.00	0.06	0.00	0.00	0.0	0	0.0
366.140	0.00	0.00	0.00	0.05	0.00	0.00	0.0	0	0.0
366.284	0.00	0.00	0.00	0.06	0.00	0.00	0.0	0	0.0
366.344	0.00	0.00	0.00	0.06	0.00	0.00	0.0	0	0.0
366.447	0.00	0.00	0.00	0.06	0.00	0.00	0.0	0	0.0
366.591	0.00	0.00	0.00	0.07	0.00	0.00	0.0	0	0.0
366.651	0.00	0.00	0.00	0.07	0.00	0.00	0.0	0	0.0
366.754	0.00	0.00	0.00	0.07	0.00	0.00	0.0	0	0.0
366.898	0.00	0.00	0.00	0.07	0.00	0.00	0.0	0	0.0
366.958	0.00	0.00	0.00	0.06	0.00	0.00	0.0	0	0.0
367.061	0.00	0.00	0.00	0.05	0.00	0.00	0.0	0	0.0
367.205	0.00	0.00	0.00	0.07	0.00	0.00	0.0	0	0.0
367.265	0.00	0.00	0.00	0.08	0.00	0.00	0.0	0	0.0
367.368	0.00	0.00	0.00	0.06	0.00	0.00	0.0	0	0.0
367.512	0.00	0.00	0.00	0.06	0.00	0.00	0.0	0	0.0
367.572	0.00	0.00	0.00	0.06	0.00	0.00	0.0	0	0.0
367.675	0.00	0.00	0.00	0.06	0.00	0.00	0.0	0	0.0
367.819	0.00	0.00	0.00	0.06	0.00	0.00	0.0	0	0.0
367.879	0.00	0.00	0.00	0.05	0.00	0.00	0.0	0	0.0
367.982	0.00	0.00	0.00	0.06	0.00	0.00	0.0	0	0.0
368.126	0.00	0.00	0.00	0.06	0.00	0.00	0.0	0	0.0
368.186	0.00	0.00	0.00	0.08	0.00	0.00	0.0	0	0.0
368.289	0.00	0.00	0.00	0.07	0.00	0.00	0.0	0	0.0
368.433	0.00	0.00	0.00	0.07	0.00	0.00	0.0	0	0.0
368.493	0.00	0.00	0.00	0.07	0.00	0.00	0.0	0	0.0
368.596	0.00	0.00	0.00	0.07	0.00	0.00	0.0	0	0.0
368.740	0.00	0.00	0.00	0.06	0.00	0.00	0.0	0	0.0
368.800	0.00	0.00	0.00	0.07	0.00	0.00	0.0	0	0.0
368.903	0.00	0.00	0.00	0.06	0.00	0.00	0.0	0	0.0
369.047	0.00	0.00	0.00	0.05	0.01	0.00	0.0	0	0.0
369.107	0.00	0.00	0.00	0.06	0.00	0.00	0.0	0	0.0
369.210	0.00	0.00	0.00	0.06	0.00	0.00	0.0	0	0.0
369.354	0.00	0.00	0.00	0.07	0.00	0.00	0.0	0	0.0
369.414	0.00	0.00	0.00	0.07	0.00	0.00	0.0	0	0.0
369.517	0.00	0.00	0.00	0.09	0.00	0.00	0.0	0	0.0
369.661	0.00	0.00	0.00	0.07	0.00	0.00	0.0	0	0.0
369.721	0.00	0.00	0.00	0.07	0.00	0.00	0.0	0	0.0
369.824	0.00	0.00	0.00	0.06	0.00	0.00	0.0	0	0.0
369.968	0.00	0.00	0.00	0.06	0.00	0.00	0.0	0	0.0
370.028	0.00	0.00	0.00	0.08	0.00	0.00	0.0	0	0.0
370.131	0.00	0.00	0.00	0.06	0.00	0.00	0.0	0	0.0
370.275	0.00	0.00	0.00	0.05	0.00	0.00	0.0	0	0.0
370.335	0.00	0.00	0.00	0.05	0.00	0.00	0.0	0	0.0
370.438	0.00	0.00	0.00	0.07	0.00	0.00	0.0	0	0.0
370.582	0.00	0.00	0.00	0.05	0.00	0.00	0.0	0	0.0
370.642	0.00	0.00	0.00	0.06	0.00	0.00	0.0	0	0.0
370.745	0.00	0.00	0.00	0.07	0.00	0.00	0.0	0	0.0
370.889	0.00	0.00	0.00	0.05	0.00	0.00	0.0	0	0.0
370.949	0.00	0.00	0.00	0.05	0.00	0.00	0.0	0	0.0
371.052	0.00	0.00	0.00	0.06	0.00	0.00	0.0	0	0.0
371.196	0.00	0.00	0.00	0.08	0.00	0.00	0.0	0	0.0
371.256	0.00	0.00	0.00	0.06	0.00	0.00	0.0	0	0.0
371.359	0.00	0.00	0.00	0.05	0.00	0.00	0.0	0	0.0
371.503	0.00	0.00	0.00	0.05	0.00	0.00	0.0	0	0.0
371.563	0.00	0.00	0.00	0.05	0.00	0.00	0.0	0	0.0
371.666	0.00	0.00	0.00	0.05	0.00	0.00	0.0	0	0.0
371.810	0.00	0.00	0.00	0.10	0.00	0.00	0.0	0	0.0
371.870	0.00	0.00	0.00	0.09	0.00	0.00	0.0	0	0.0
371.973	0.00	0.00	0.00	0.08	0.00	0.00	0.0	0	0.0
372.117	0.00	0.00	0.00	0.05	0.01	0.00	0.0	0	0.0
372.177	0.00	0.00	0.00	0.06	0.00	0.00	0.0	0	0.0
372.280	0.00	0.00	0.00	0.07	0.00	0.00	0.0	0	0.0
372.424	0.00	0.00	0.00	0.07	0.02	0.00	0.0	0	0.0
372.484	0.00	0.00	0.00	0.09	0.00	0.00	0.0	0	0.0
372.587	0.00	0.00	0.00	0.08	0.00	0.00	0.0	0	0.0
372.731	0.00	0.00	0.00	0.07	0.00	0.00	0.0	0	0.0
372.791	0.00	0.00	0.00	0.05	0.00	0.00	0.0	0	0.0
372.894	0.00	0.00	0.00	0.05	0.00	0.00	0.0	0	0.0
373.038	0.00	0.00	0.00	0.07	0.01	0.00	0.0	0	0.0
373.098	0.00	0.00	0.00	0.08	0.00	0.00	0.0	0	0.0
373.201	0.00	0.00	0.00	0.08	0.00	0.00	0.0	0	0.0
373.345	0.00	0.00	0.00	0.06	0.00	0.00	0.0	0	0.0
373.405	0.00	0.00	0.00	0.06	0.00	0.00	0.0	0	0.0
373.508	0.00	0.00	0.00	0.06	0.00	0.00	0.0	0	0.0
373.652	0.00	0.00	0.00	0.06	0.00	0.00	0.0	0	0.0
373.712	0.00	0.00	0.00	0.06	0.00	0.00	0.0	0	0.0
373.815	0.00	0.00	0.00	0.07	0.00	0.00	0.0	0	0.0
373.959	0.00	0.00	0.00	0.05	0.00	0.00	0.0	0	0.0
374.019	0.00	0.00	0.00	0.04	0.00	0.00	0.0	0	0.0
374.122	0.00	0.00	0.00	0.05	0.00	0.00	0.0	0	0.0
374.266	0.00	0.00	0.00	0.06	0.00	0.00	0.0	0	0.0
374.326	0.01	0.00	0.00	0.06	0.00	0.00	0.0	0	0.0
374.429	0.00	0.00	0.00	0.05	0.00	0.00	0.0	0	0.0
374.573	0.00	0.00	0.00	0.04	0.00	0.00	0.0	0	0.0
374.633	0.00	0.00	0.00	0.04	0.00	0.00	0.0	0	0.0
374.736	0.00	0.00	0.00	0.07	0.00	0.00	0.0	0	0.0
374.880	0.00	0.00	0.00	0.07	0.00	0.00	0.0	0	0.0
374.940	0.00	0.00	0.00	0.06	0.01	0.00	0.0	0	0.0
375.043	0.00	0.00	0.00	0.07	0.01	0.00	0.0	0	0.0
375.187	0.00	0.00	0.00	0.07	0.00	0.00	0.0	0	0.0
375.247	0.00	0.00	0.00	0.08	0.00	0.00	0.0	0	0.0
375.350	0.00	0.00	0.00	0.06	0.00	0.00	0.0	0	0.0
375.494	0.00	0.00	0.00	0.06	0.00	0.00	0.0	0	0.0
375.554	0.00	0.00	0.00	0.06	0.00	0.00	0.0	0	0.0
375.657	0.00	0.00	0.00	0.05	0.00	0.00	0.0	0	0.0
375.801	0.00	0.00	0.00	0.05	0.01	0.00	0.0	0	0.0
375.861	0.00	0.00	0.00	0.04	0.00	0.00	0.0	0	0.0
375.964	0.00	0.00	0.00	0.07	0.00	0.00	0.0	0	0.0
376.108	0.00	0.00	0.00	0.08	0.00	0.00	0.0	0	0.0
376.168	0.00	0.00	0.00	0.07	0.00	0.00	0.0	0	0.0
376.271	0.00	0.00	0.00	0.06	0.00	0.00	0.0	0	0.0
376.415	0.08	0.00	0.00	0.09	0.00	0.00	0.0	0	0.0
376.475	0.04	0.00	0.00	0.07	0.00	0.00	0.0	0	0.0
376.578	0.00	0.00	0.00	0.07	0.00	0.00	0.0	0	0.0
376.722	0.00	0.00	0.00	0.09	0.00	0.00	0.0	0	0.0
376.782	0.00	0.00	0.00	0.08	0.00	0.00	0.0	0	0.0
376.885	0.00	0.00	0.00	0.08	0.00	0.00	0.0	0	0.0
377.029	0.00	0.00	0.00	0.06	0.00	0.00	0.0	0	0.0
377.089	0.00	0.00	0.00	0.05	0.00	0.00	0.0	0	0.0
377.192	0.00	0.00	0.00	0.04	0.00	0.00	0.0	0	0.0
377.336	0.00	0.00	0.00	0.09	0.01	0.00	0.0	0	0.0
377.396	0.00	0.00	0.00	0.07	0.00	0.00	0.0	0	0.0
377.499	0.00	0.00	0.00	0.06	0.00	0.00	0.0	0	0.0
377.643	0.00	0.00	0.00	0.02	0.00	0.00	0.0	0	0.0
377.703	0.00	0.00	0.00	0.04	0.00	0.00	0.0	0	0.0
377.806	0.00	0.00	0.00	0.05	0.00	0.00	0.0	0	0.0
377.950	0.00	0.00	0.00	0.07	0.00	0.00	0.0	0	0.0
378.010	0.00	0.00	0.00	0.07	0.00	0.00	0.0	0	0.0
378.113	0.00	0.00	0.00	0.07	0.00	0.00	0.0	0	0.0
378.257	0.00	0.00	0.00	0.05	0.00	0.00	0.0	0	0.0
378.317	0.00	0.00	0.00	0.06	0.00	0.00	0.0	0	0.0
378.420	0.00	0.00	0.00	0.07	0.00	0.00	0.0	0	0.0
378.564	0.00	0.00	0.00	0.06	0.00	0.00	0.0	0	0.0
378.624	0.00	0.00	0.00	0.06	0.00	0.00	0.0	0	0.0
378.727	0.00	0.00	0.00	0.05	0.00	0.00	0.0	0	0.0
378.871	0.01	0.00	0.00	0.07	0.00	0.00	0.0	0	0.0
378.931	0.00	0.00	0.00	0.07	0.00	0.00	0.0	0	0.0
379.034	0.00	0.00	0.00	0.06	0.00	0.00	0.0	0	0.0
379.178	0.00	0.00	0.00	0.07	0.00	0.00	0.0	0	0.0
379.238	0.00	0.00	0.00	0.09	0.00	0.00	0.0	0	0.0
379.341	0.00	0.00	0.00	0.08	0.00	0.00	0.0	0	0.0
379.485	0.00	0.00	0.00	0.04	0.00	0.00	0.0	0	0.0
379.545	0.00	0.00	0.00	0.04	0.00	0.00	0.0	0	0.0
379.648	0.00	0.00	0.00	0.06	0.00	0.00	0.0	0	0.0
379.792	0.00	0.00	0.00	0.07	0.00	0.00	0.0	0	0.0
379.852	0.00	0.00	0.00	0.06	0.00	0.00	0.0	0	0.0
379.955	0.00	0.00	0.00	0.07	0.00	0.00	0.0	0	0.0
380.099	0.00	0.00	0.00	0.08	0.00	0.00	0.0	0	0.0
380.159	0.00	0.00	0.00	0.06	0.00	0.00	0.0	0	0.0
380.262	0.00	0.00	0.00	0.06	0.00	0.00	0.0	0	0.0
380.406	0.00	0.00	0.00	0.05	0.00	0.00	0.0	0	0.0
380.466	0.00	0.00	0.00	0.05	0.00	0.00	0.0	0	0.0
380.569	0.00	0.00	0.00	0.05	0.00	0.00	0.0	0	0.0
380.713	0.00	0.00	0.00	0.03	0.00	0.00	0.0	0	0.0
380.773	0.00	0.00	0.00	0.05	0.00	0.00	0.0	0	0.0
380.876	0.00	0.00	0.00	0.07	0.00	0.00	0.0	0	0.0
381.020	0.00	0.00	0.00	0.06	0.00	0.00	0.0	0	0.0
381.080	0.00	0.00	0.00	0.07	0.00	0.00	0.0	0	0.0
381.183	0.00	0.00	0.00	0.05	0.00	0.00	0.0	0	0.0
381.327	0.00	0.00	0.00	0.06	0.00	0.00	0.0	0	0.0
381.387	0.00	0.00	0.00	0.06	0.00	0.00	0.0	0	0.0
381.490	0.00	0.00	0.00	0.06	0.00	0.00	0.0	0	0.0
381.634	0.00	0.00	0.00	0.06	0.00	0.00	0.0	0	0.0
381.694	0.00	0.00	0.00	0.07	0.00	0.00	0.0	0	0.0
381.797	0.00	0.00	0.00	0.06	0.00	0.00	0.0	0	0.0
381.941	0.00	0.00	0.00	0.06	0.00	0.00	0.0	0	0.0
382.001	0.00	0.00	0.00	0.06	0.00	0.00	0.0	0	0.0
382.104	0.00	0.00	0.00	0.06	0.00	0.00	0.0	0	0.0
382.248	0.00	0.00	0.00	0.05	0.00	0.00	0.0	0	0.0
382.308	0.00	0.00	0.00	0.06	0.00	0.00	0.0	0	0.0
382.411	0.00	0.00	0.00	0.06	0.00	0.00	0.0	0	0.0
382.555	0.00	0.00	0.00	0.11	0.00	0.00	0.0	0	0.0
382.615	0.00	0.00	0.00	0.10	0.00	0.00	0.0	0	0.0
382.718	0.00	0.00	0.00	0.08	0.00	0.00	0.0	0	0.0
382.862	0.05	0.00	0.00	0.08	0.00	0.00	0.0	0	0.0
382.922	0.06	0.00	0.00	0.06	0.00	0.00	0.0	0	0.0
383.025	0.00	0.00	0.00	0.07	0.00	0.00	0.0	0	0.0
383.169	0.00	0.00	0.00	0.06	0.00	0.00	0.0	0	0.0
383.229	0.00	0.00	0.00	0.05	0.00	0.00	0.0	0	0.0
383.332	0.00	0.00	0.00	0.07	0.00	0.00	0.0	0	0.0
383.476	0.00	0.00	0.00	0.07	0.00	0.00	0.0	0	0.0
383.536	0.00	0.00	0.00	0.07	0.00	0.00	0.0	0	0.0
383.639	0.00	0.00	0.00	0.05	0.00	0.00	0.0	0	0.0
383.783	0.00	0.00	0.00	0.08	0.00	0.00	0.0	0	0.0
383.843	0.00	0.00	0.00	0.09	0.00	0.00	0.0	0	0.0
383.946	0.00	0.00	0.00	0.07	0.00	0.00	0.0	0	0.0
384.090	0.00	0.00	0.00	0.08	0.00	0.00	0.0	0	0.0
384.150	0.00	0.00	0.00	0.07	0.00	0.00	0.0	0	0.0
384.253	0.00	0.00	0.00	0.08	0.00	0.00	0.0	0	0.0
384.397	0.00	0.00	0.00	0.06	0.00	0.00	0.0	0	0.0
384.457	0.00	0.00	0.00	0.06	0.00	0.00	0.0	0	0.0
384.560	0.00	0.00	0.00	0.05	0.00	0.00	0.0	0	0.0
384.704	0.00	0.00	0.00	0.07	0.00	0.00	0.0	0	0.0
384.764	0.00	0.00	0.00	0.08	0.00	0.00	0.0	0	0.0
384.867	0.00	0.00	0.00	0.07	0.00	0.00	0.0	0	0.0
385.011	0.00	0.00	0.00	0.08	0.00	0.00	0.0	0	0.0
385.071	0.00	0.00	0.00	0.08	0.00	0.00	0.0	0	0.0
385.174	0.00	0.00	0.00	0.06	0.00	0.00	0.0	0	0.0
385.318	0.00	0.00	0.00	0.08	0.00	0.00	0.0	0	0.0
385.378	0.00	0.00	0.00	0.07	0.00	0.00	0.0	0	0.0
385.481	0.00	0.00	0.00	0.07	0.00	0.00	0.0	0	0.0
385.625	0.00	0.00	0.00	0.08	0.00	0.00	0.0	0	0.0
385.685	0.00	0.00	0.00	0.08	0.00	0.00	0.0	0	0.0
385.788	0.00	0.00	0.00	0.08	0.00	0.00	0.0	0	0.0
385.932	0.00	0.00	0.00	0.08	0.00	0.00	0.0	0	0.0
385.992	0.00	0.00	0.00	0.07	0.00	0.00	0.0	0	0.0
386.095	0.00	0.00	0.00	0.07	0.00	0.00	0.0	0	0.0
386.239	0.00	0.00	0.00	0.06	0.00	0.00	0.0	0	0.0
386.299	0.00	0.00	0.00	0.06	0.00	0.00	0.0	0	0.0
386.402	0.00	0.00	0.00	0.06	0.00	0.00	0.0	0	0.0
386.546	0.00	0.00	0.00	0.05	0.00	0.00	0.0	0	0.0
386.606	0.00	0.00	0.00	0.07	0.00	0.00	0.0	0	0.0
386.709	0.00	0.00	0.00	0.05	0.00	0.00	0.0	0	0.0
386.853	0.01	0.00	0.00	0.04	0.00	0.00	0.0	0	0.0
386.913	0.00	0.00	0.00	0.06	0.00	0.00	0.0	0	0.0
387.016	0.00	0.00	0.00	0.07	0.00	0.00	0.0	0	0.0
387.160	0.00	0.00	0.00	0.05	0.00	0.00	0.0	0	0.0
387.220	0.00	0.00	0.00	0.05	0.00	0.00	0.0	0	0.0
387.323	0.00	0.00	0.00	0.08	0.00	0.00	0.0	0	0.0
387.467	0.00	0.00	0.00	0.08	0.00	0.00	0.0	0	0.0
387.527	0.00	0.00	0.00	0.07	0.01	0.00	0.0	0	0.0
387.630	0.00	0.00	0.00	0.07	0.00	0.00	0.0	0	0.0
387.774	0.00	0.00	0.00	0.07	0.00	0.00	0.0	0	0.0
387.834	0.00	0.00	0.00	0.06	0.00	0.00	0.0	0	0.0
387.937	0.00	0.00	0.00	0.05	0.00	0.00	0.0	0	0.0
388.081	0.00	0.00	0.00	0.06	0.00	0.00	0.0	0	0.0
388.141	0.00	0.00	0.00	0.07	0.00	0.00	0.0	0	0.0
388.244	0.00	0.00	0.00	0.07	0.00	0.00	0.0	0	0.0
388.388	0.00	0.00	0.00	0.07	0.00	0.00	0.0	0	0.0
388.448	0.00	0.00	0.00	0.09	0.00	0.00	0.0	0	0.0
388.551	0.00	0.00	0.00	0.08	0.00	0.00	0.0	0	0.0
388.695	0.00	0.00	0.00	0.07	0.00	0.00	0.0	0	0.0
388.755	0.00	0.00	0.00	0.07	0.00	0.00	0.0	0	0.0
388.858	0.00	0.00	0.00	0.06	0.00	0.00	0.0	0	0.0
389.002	0.00	0.00	0.00	0.07	0.02	0.00	0.0	0	0.0
389.062	0.00	0.00	0.00	0.06	0.00	0.00	0.0	0	0.0
389.165	0.00	0.00	0.00	0.06	0.00	0.00	0.0	0	0.0
389.309	0.00	0.00	0.00	0.09	0.01	0.00	0.0	0	0.0
389.369	0.00	0.00	0.00	0.07	0.00	0.00	0.0	0	0.0
389.472	0.00	0.00	0.00	0.08	0.00	0.00	0.0	0	0.0
389.616	0.00	0.00	0.00	0.07	0.00	0.00	0.0	0	0.0
389.676	0.00	0.00	0.00	0.08	0.00	0.00	0.0	0	0.0
389.779	0.00	0.00	0.00	0.07	0.00	0.00	0.0	0	0.0
389.923	0.00	0.00	0.00	0.06	0.00	0.00	0.0	0	0.0
389.983	0.00	0.00	0.00	0.08	0.00	0.00	0.0	0	0.0
390.086	0.00	0.00	0.00	0.07	0.00	0.00	0.0	0	0.0
390.230	0.00	0.00	0.00	0.06	0.00	0.00	0.0	0	0.0
390.290	0.00	0.00	0.00	0.07	0.00	0.00	0.0	0	0.0
390.393	0.00	0.00	0.00	0.06	0.00	0.00	0.0	0	0.0
390.537	0.00	0.00	0.00	0.07	0.00	0.00	0.0	0	0.0
390.597	0.00	0.00	0.00	0.08	0.00	0.00	0.0	0	0.0
390.700	0.00	0.00	0.00	0.08	0.00	0.00	0.0	0	0.0
390.844	0.00	0.00	0.00	0.08	0.00	0.00	0.0	0	0.0
390.904	0.00	0.00	0.00	0.07	0.00	0.00	0.0	0	0.0
391.007	0.00	0.00	0.00	0.08	0.00	0.00	0.0	0	0.0
391.151	0.00	0.00	0.00	0.04	0.00	0.00	0.0	0	0.0
391.211	0.00	0.00	0.00	0.06	0.00	0.00	0.0	0	0.0
391.314	0.00	0.00	0.00	0.10	0.00	0.00	0.0	0	0.0
391.458	0.00	0.00	0.00	0.09	0.00	0.00	0.0	0	0.0
391.518	0.00	0.00	0.00	0.10	0.00	0.00	0.0	0	0.0
391.621	0.00	0.00	0.00	0.09	0.00	0.00	0.0	0	0.0
391.765	0.00	0.00	0.00	0.06	0.00	0.00	0.0	0	0.0
391.825	0.00	0.00	0.00	0.05	0.00	0.00	0.0	0	0.0
391.928	0.00	0.00	0.00	0.05	0.00	0.00	0.0	0	0.0
392.072	0.00	0.00	0.00	0.07	0.01	0.00	0.0	0	0.0
392.132	0.00	0.00	0.00	0.07	0.00	0.00	0.0	0	0.0
392.235	0.00	0.00	0.00	0.06	0.00	0.00	0.0	0	0.0
392.379	0.00	0.00	0.00	0.06	0.00	0.00	0.0	0	0.0
392.439	0.00	0.00	0.00	0.07	0.00	0.00	0.0	0	0.0
392.542	0.00	0.00	0.00	0.06	0.00	0.00	0.0	0	0.0
392.686	0.00	0.00	0.00	0.07	0.00	0.00	0.0	0	0.0
392.746	0.00	0.00	0.00	0.07	0.00	0.00	0.0	0	0.0
392.849	0.00	0.00	0.00	0.06	0.00	0.00	0.0	0	0.0
392.993	0.00	0.00	0.00	0.09	0.00	0.00	0.0	0	0.0
393.053	0.00	0.00	0.00	0.06	0.01	0.00	0.0	0	0.0
393.156	0.00	0.00	0.00	0.05	0.00	0.00	0.0	0	0.0
393.300	0.00	0.00	0.00	0.05	0.00	0.00	0.0	0	0.0
393.360	0.00	0.00	0.00	0.06	0.00	0.00	0.0	0	0.0
393.463	0.00	0.00	0.00	0.07	0.00	0.00	0.0	0	0.0
393.607	0.00	0.00	0.00	0.11	0.00	0.00	0.0	0	0.0
393.667	0.00	0.00	0.00	0.10	0.00	0.00	0.0	0	0.0
393.770	0.00	0.00	0.00	0.08	0.00	0.00	0.0	0	0.0
393.914	0.00	0.00	0.00	0.05	0.00	0.00	0.0	0	0.0
393.974	0.00	0.00	0.00	0.05	0.00	0.00	0.0	0	0.0
394.077	0.00	0.00	0.00	0.05	0.00	0.00	0.0	0	0.0
394.221	0.00	0.00	0.00	0.06	0.00	0.00	0.0	0	0.0
394.281	0.00	0.00	0.00	0.06	0.00	0.00	0.0	0	0.0
394.384	0.00	0.00	0.00	0.07	0.00	0.00	0.0	0	0.0
394.528	0.00	0.00	0.00	0.07	0.00	0.00	0.0	0	0.0
394.588	0.00	0.00	0.00	0.07	0.00	0.00	0.0	0	0.0
394.691	0.00	0.00	0.00	0.07	0.00	0.00	0.0	0	0.0
394.835	0.00	0.00	0.00	0.07	0.00	0.00	0.0	0	0.0
394.895	0.00	0.00	0.00	0.09	0.00	0.00	0.0	0	0.0
394.998	0.00	0.00	0.00	0.08	0.00	0.00	0.0	0	0.0
395.142	0.00	0.00	0.00	0.10	0.00	0.00	0.0	0	0.0
395.202	0.00	0.00	0.00	0.11	0.00	0.00	0.0	0	0.0
395.305	0.00	0.00	0.00	0.08	0.00	0.00	0.0	0	0.0
395.449	0.00	0.00	0.00	0.08	0.00	0.00	0.0	0	0.0
395.509	0.00	0.00	0.00	0.08	0.00	0.00	0.0	0	0.0
395.612	0.00	0.00	0.00	0.08	0.00	0.00	0.0	0	0.0
395.756	0.00	0.00	0.00	0.07	0.00	0.00	0.0	0	0.0
395.816	0.00	0.00	0.00	0.06	0.00	0.00	0.0	0	0.0
395.919	0.00	0.00	0.00	0.08	0.00	0.00	0.0	0	0.0
396.063	0.00	0.00	0.00	0.06	0.00	0.00	0.0	0	0.0
396.123	0.00	0.00	0.00	0.06	0.00	0.00	0.0	0	0.0
396.226	0.00	0.00	0.00	0.08	0.00	0.00	0.0	0	0.0
396.370	0.00	0.00	0.00	0.08	0.00	0.00	0.0	0	0.0
396.430	0.00	0.00	0.00	0.06	0.00	0.00	0.0	0	0.0
396.533	0.00	0.00	0.00	0.10	0.00	0.00	0.0	0	0.0
396.677	0.00	0.00	0.00	0.09	0.00	0.00	0.0	0	0.0
396.737	0.00	0.00	0.00	0.06	0.00	0.00	0.0	0	0.0
396.840	0.00	0.00	0.00	0.05	0.00	0.00	0.0	0	0.0
396.984	0.00	0.00	0.00	0.04	0.00	0.00	0.0	0	0.0
397.044	0.00	0.00	0.00	0.05	0.00	0.00	0.0	0	0.0
397.147	0.00	0.00	0.00	0.06	0.00	0.00	0.0	0	0.0
397.291	0.00	0.00	0.00	0.08	0.00	0.00	0.0	0	0.0
397.351	0.00	0.00	0.00	0.10	0.00	0.00	0.0	0	0.0
397.454	0.00	0.00	0.00	0.07	0.00	0.00	0.0	0	0.0
397.598	0.00	0.00	0.00	0.07	0.00	0.00	0.0	0	0.0
397.658	0.00	0.00	0.00	0.07	0.00	0.00	0.0	0	0.0
397.761	0.00	0.00	0.00	0.06	0.00	0.00	0.0	0	0.0
397.905	0.00	0.00	0.00	0.09	0.00	0.00	0.0	0	0.0
397.965	0.00	0.00	0.00	0.08	0.00	0.00	0.0	0	0.0
398.068	0.00	0.00	0.00	0.07	0.00	0.00	0.0	0	0.0
398.212	0.00	0.00	0.00	0.07	0.00	0.00	0.0	0	0.0
398.272	0.00	0.00	0.00	0.08	0.00	0.00	0.0	0	0.0
398.375	0.00	0.00	0.00	0.09	0.00	0.00	0.0	0	0.0
398.519	0.00	0.00	0.00	0.09	0.00	0.00	0.0	0	0.0
398.579	0.00	0.00	0.00	0.09	0.00	0.00	0.0	0	0.0
398.682	0.00	0.00	0.00	0.08	0.00	0.00	0.0	0	0.0
398.826	0.00	0.00	0.00	0.07	0.00	0.00	0.0	0	0.0
398.886	0.00	0.00	0.00	0.07	0.00	0.00	0.0	0	0.0
398.989	0.00	0.00	0.00	0.07	0.00	0.00	0.0	0	0.0
399.133	0.00	0.00	0.00	0.08	0.00	0.00	0.0	0	0.0
399.193	0.00	0.00	0.00	0.08	0.00	0.00	0.0	0	0.0
399.296	0.00	0.00	0.00	0.07	0.00	0.00	0.0	0	0.0
399.440	0.00	0.00	0.00	0.07	0.00	0.00	0.0	0	0.0
399.500	0.00	0.00	0.00	0.07	0.00	0.00	0.0	0	0.0
399.603	0.00	0.00	0.00	0.07	0.00	0.00	0.0	0	0.0
399.747	0.00	0.00	0.00	0.09	0.00	0.00	0.0	0	0.0
399.807	0.00	0.00	0.00	0.07	0.00	0.00	0.0	0	0.0
399.910	0.00	0.00	0.00	0.07	0.00	0.00	0.0	0	0.0
400.054	0.00	0.00	0.00	0.07	0.00	0.00	0.0	0	0.0
400.114	0.00	0.00	0.00	0.07	0.00	0.00	0.0	0	0.0
400.217	0.00	0.00	0.00	0.07	0.00	0.00	0.0	0	0.0
400.361	0.00	0.00	0.00	0.04	0.00	0.00	0.0	0	0.0
400.421	0.00	0.00	0.00	0.05	0.00	0.00	0.0	0	0.0
400.524	0.00	0.00	0.00	0.05	0.00	0.00	0.0	0	0.0
400.668	0.00	0.00	0.00	0.05	0.00	0.00	0.0	0	0.0
400.728	0.00	0.00	0.00	0.04	0.00	0.00	0.0	0	0.0
400.831	0.00	0.00	0.00	0.07	0.00	0.00	0.0	0	0.0
400.975	0.00	0.00	0.00	0.05	0.00	0.00	0.0	0	0.0
401.035	0.00	0.00	0.00	0.05	0.00	0.00	0.0	0	0.0
401.138	0.00	0.00	0.00	0.05	0.00	0.00	0.0	0	0.0
401.282	0.00	0.00	0.00	0.08	0.00	0.00	0.0	0	0.0
401.342	0.00	0.00	0.00	0.07	0.00	0.00	0.0	0	0.0
401.445	0.00	0.00	0.00	0.11	0.00	0.00	0.0	0	0.0
401.589	0.00	0.00	0.00	0.08	0.00	0.00	0.0	0	0.0
401.649	0.00	0.00	0.00	0.06	0.00	0.00	0.0	0	0.0
401.752	0.00	0.00	0.00	0.07	0.00	0.00	0.0	0	0.0
401.896	0.00	0.00	0.00	0.07	0.01	0.00	0.0	0	0.0
401.956	0.00	0.00	0.00	0.07	0.00	0.00	0.0	0	0.0
402.059	0.00	0.00	0.00	0.07	0.00	0.00	0.0	0	0.0
402.203	0.00	0.00	0.00	0.07	0.00	0.00	0.0	0	0.0
402.263	0.00	0.00	0.00	0.07	0.00	0.00	0.0	0	0.0
402.366	0.00	0.00	0.00	0.06	0.00	0.00	0.0	0	0.0
402.510	0.00	0.00	0.00	0.08	0.00	0.00	0.0	0	0.0
402.570	0.00	0.00	0.00	0.08	0.00	0.00	0.0	0	0.0
402.673	0.00	0.00	0.00	0.06	0.00	0.00	0.0	0	0.0
402.817	0.00	0.00	0.00	0.07	0.00	0.00	0.0	0	0.0
402.877	0.00	0.00	0.00	0.06	0.00	0.00	0.0	0	0.0
402.980	0.00	0.00	0.00	0.04	0.00	0.00	0.0	0	0.0
403.124	0.00	0.00	0.00	0.06	0.00	0.00	0.0	0	0.0
403.184	0.00	0.00	0.00	0.06	0.00	0.00	0.0	0	0.0
403.287	0.00	0.00	0.00	0.06	0.00	0.00	0.0	0	0.0
403.431	0.00	0.00	0.00	0.07	0.00	0.00	0.0	0	0.0
403.491	0.00	0.00	0.00	0.06	0.00	0.00	0.0	0	0.0
403.594	0.00	0.00	0.00	0.08	0.00	0.00	0.0	0	0.0
403.738	0.00	0.00	0.00	0.11	0.00	0.00	0.0	0	0.0
403.798	0.00	0.00	0.00	0.08	0.00	0.00	0.0	0	0.0
403.901	0.00	0.00	0.00	0.07	0.00	0.00	0.0	0	0.0
404.045	0.00	0.00	0.00	0.06	0.00	0.00	0.0	0	0.0
404.105	0.00	0.00	0.00	0.07	0.00	0.00	0.0	0	0.0
404.208	0.00	0.00	0.00	0.04	0.00	0.00	0.0	0	0.0
404.352	0.05	0.00	0.00	0.06	0.00	0.00	0.0	0	0.0
404.412	0.01	0.00	0.00	0.06	0.00	0.00	0.0	0	0.0
404.515	0.00	0.00	0.00	0.06	0.00	0.00	0.0	0	0.0
404.659	0.00	0.00	0.00	0.10	0.03	0.00	0.0	0	0.0
404.719	0.00	0.00	0.00	0.09	0.00	0.00	0.0	0	0.0
404.822	0.00	0.00	0.00	0.08	0.00	0.00	0.0	0	0.0
404.966	0.00	0.00	0.00	0.07	0.00	0.00	0.0	0	0.0
405.026	0.00	0.00	0.00	0.08	0.00	0.00	0.0	0	0.0
405.129	0.00	0.00	0.00	0.06	0.00	0.00	0.0	0	0.0
405.273	0.00	0.00	0.00	0.08	0.00	0.00	0.0	0	0.0
405.333	0.00	0.00	0.00	0.08	0.00	0.00	0.0	0	0.0
405.436	0.00	0.00	0.00	0.08	0.00	0.00	0.0	0	0.0
405.580	0.00	0.00	0.00	0.08	0.00	0.00	0.0	0	0.0
405.640	0.00	0.00	0.00	0.08	0.00	0.00	0.0	0	0.0
405.743	0.00	0.00	0.00	0.08	0.00	0.00	0.0	0	0.0
405.887	0.00	0.00	0.00	0.07	0.00	0.00	0.0	0	0.0
405.947	0.00	0.00	0.00	0.07	0.00	0.00	0.0	0	0.0
406.050	0.00	0.00	0.00	0.07	0.00	0.00	0.0	0	0.0
406.194	0.00	0.00	0.00	0.08	0.00	0.00	0.0	0	0.0
406.254	0.00	0.00	0.00	0.08	0.00	0.00	0.0	0	0.0
406.357	0.00	0.00	0.00	0.08	0.00	0.00	0.0	0	0.0
