320.544	39.07	0.29	11.18	0.55	0.81	0.44	3.9	0	0.0
320.939	39.51	0.03	1.31	0.01	0.21	0.00	0.1	0	0.0
321.334	39.57	0.04	1.42	0.00	0.20	0.00	0.0	0	0.0
321.728	39.46	0.03	1.08	0.00	0.20	0.00	0.0	0	0.0
518.969	25.27	2.39	60.47	1.95	2.26	4.41	7.3	0	0.0
519.364	39.15	0.12	4.75	0.07	0.30	0.02	0.4	0	0.0
519.759	39.78	0.04	1.62	0.00	0.25	0.00	0.1	0	0.0
520.154	39.54	0.03	1.01	0.02	0.24	0.00	0.5	0	0.0
520.549	39.65	0.04	1.72	0.00	0.24	0.00	0.0	0	0.0
520.943	39.68	0.04	1.71	0.00	0.26	0.00	0.0	0	0.0
521.338	39.76	0.03	1.29	0.01	0.27	0.00	0.3	0	0.0
521.733	39.57	0.05	1.82	0.00	0.26	0.00	0.0	0	0.0
522.128	39.68	0.04	1.59	0.01	0.27	0.00	0.2	0	0.0
522.523	39.56	0.05	1.89	0.00	0.27	0.00	0.0	0	0.0
522.918	39.55	0.04	1.40	0.01	0.27	0.00	0.1	0	0.0
523.313	39.53	0.03	1.35	0.00	0.27	0.00	0.0	0	0.0
523.708	39.61	0.05	1.95	0.00	0.28	0.00	0.0	0	0.0
524.103	39.58	0.04	1.69	0.00	0.28	0.00	0.0	0	0.0
524.498	39.57	0.05	2.02	0.01	0.28	0.00	0.2	0	0.0
524.893	39.68	0.04	1.56	0.00	0.28	0.00	0.0	0	0.0
525.288	39.69	0.03	1.29	0.00	0.28	0.00	0.0	0	0.0
525.683	39.62	0.05	2.03	0.00	0.28	0.00	0.0	0	0.0
526.078	39.59	0.03	1.34	0.00	0.25	0.00	0.0	0	0.0
526.473	39.47	0.04	1.75	0.00	0.29	0.00	0.0	0	0.0
526.868	39.62	0.03	1.31	0.00	0.25	0.00	0.0	0	0.0
527.263	39.69	0.05	2.03	0.00	0.26	0.00	0.0	0	0.0
527.658	39.63	0.04	1.59	0.00	0.25	0.00	0.0	0	0.0
528.053	39.67	0.03	1.34	0.00	0.27	0.00	0.0	0	0.0
528.448	39.69	0.03	1.29	0.00	0.26	0.00	0.0	0	0.0
528.843	39.74	0.03	1.02	0.00	0.28	0.00	0.0	0	0.0
529.238	39.68	0.03	1.25	0.00	0.25	0.00	0.0	0	0.0
529.633	39.72	0.04	1.40	0.00	0.26	0.00	0.0	0	0.0
530.028	39.59	0.03	1.10	0.00	0.26	0.00	0.0	0	0.0
530.423	39.88	0.03	1.33	0.00	0.28	0.00	0.0	0	0.0
530.818	39.64	0.03	1.29	0.00	0.27	0.00	0.0	0	0.0
531.213	39.83	0.03	1.06	0.00	0.25	0.00	0.0	0	0.0
531.608	39.66	0.03	1.37	0.02	0.26	0.01	0.4	0	0.0
532.003	39.76	0.04	1.42	0.00	0.27	0.00	0.0	0	0.0
532.398	39.68	0.03	1.30	0.00	0.27	0.00	0.0	0	0.0
532.793	39.71	0.04	1.41	0.01	0.24	0.00	0.2	0	0.0
533.188	39.52	0.03	1.37	0.00	0.25	0.00	0.0	0	0.0
533.583	39.62	0.03	1.20	0.00	0.26	0.00	0.0	0	0.0
533.978	39.64	0.04	1.41	0.00	0.27	0.00	0.0	0	0.0
534.373	39.71	0.04	1.73	0.01	0.27	0.00	0.1	0	0.0
534.768	39.57	0.03	1.12	0.00	0.25	0.00	0.0	0	0.0
535.163	39.72	0.04	1.42	0.00	0.28	0.00	0.0	0	0.0
535.558	39.63	0.03	1.36	0.00	0.24	0.00	0.0	0	0.0
535.953	39.63	0.04	1.42	0.01	0.24	0.00	0.1	0	0.0
536.348	39.65	0.04	1.41	0.00	0.25	0.00	0.0	0	0.0
536.743	39.77	0.04	1.63	0.00	0.25	0.00	0.0	0	0.0
537.138	39.62	0.04	1.51	0.00	0.24	0.00	0.0	0	0.0
537.533	39.60	0.04	1.40	0.00	0.26	0.00	0.0	0	0.0
537.928	39.64	0.04	1.42	0.00	0.25	0.00	0.0	0	0.0
538.323	39.64	0.04	1.54	0.00	0.26	0.00	0.0	0	0.0
538.718	39.62	0.03	1.17	0.00	0.28	0.00	0.0	0	0.0
539.113	39.81	0.03	1.25	0.00	0.25	0.00	0.0	0	0.0
539.508	39.68	0.02	0.93	0.00	0.25	0.00	0.0	0	0.0
539.903	39.79	0.03	1.08	0.00	0.24	0.00	0.0	0	0.0
540.298	39.65	0.03	1.27	0.00	0.26	0.00	0.0	0	0.0
540.693	39.67	0.03	1.18	0.00	0.25	0.00	0.0	0	0.0
541.088	39.75	0.03	1.22	0.00	0.26	0.00	0.0	0	0.0
541.483	39.39	0.04	1.64	0.03	0.25	0.01	0.4	0	0.0
541.878	39.65	0.03	1.26	0.00	0.24	0.00	0.0	0	0.0
542.273	39.64	0.04	1.39	0.00	0.27	0.00	0.0	0	0.0
542.668	39.82	0.03	1.10	0.00	0.25	0.00	0.0	0	0.0
543.063	39.71	0.04	1.55	0.00	0.25	0.00	0.0	0	0.0
543.458	39.71	0.03	1.30	0.00	0.26	0.00	0.0	0	0.0
543.853	39.64	0.03	1.34	0.01	0.27	0.00	0.1	0	0.0
544.248	39.78	0.03	1.19	0.00	0.27	0.00	0.0	0	0.0
544.643	39.67	0.02	0.84	0.00	0.26	0.00	0.0	0	0.0
545.038	39.82	0.05	1.81	0.00	0.26	0.00	0.0	0	0.0
545.433	39.60	0.03	1.23	0.01	0.27	0.00	0.3	0	0.0
545.828	39.73	0.04	1.69	0.00	0.25	0.00	0.0	0	0.0
546.223	39.64	0.03	1.34	0.00	0.24	0.00	0.0	0	0.0
546.618	39.57	0.03	1.10	0.00	0.25	0.00	0.0	0	0.0
547.013	39.54	0.03	1.06	0.00	0.25	0.00	0.0	0	0.0
547.408	39.64	0.04	1.47	0.00	0.28	0.00	0.1	0	0.0
547.803	39.63	0.03	1.35	0.00	0.28	0.00	0.0	0	0.0
548.198	39.71	0.04	1.44	0.00	0.26	0.00	0.0	0	0.0
548.593	39.73	0.04	1.72	0.00	0.27	0.00	0.0	0	0.0
548.988	39.73	0.02	0.86	0.00	0.25	0.00	0.0	0	0.0
549.383	39.75	0.04	1.69	0.00	0.28	0.00	0.0	0	0.0
549.778	39.62	0.03	1.23	0.01	0.25	0.00	0.2	0	0.0
550.173	39.58	0.03	1.33	0.00	0.29	0.00	0.0	0	0.0
550.568	39.59	0.04	1.57	0.00	0.28	0.00	0.1	0	0.0
550.963	39.65	0.04	1.49	0.00	0.27	0.00	0.0	0	0.0
551.358	39.63	0.04	1.51	0.00	0.25	0.00	0.0	0	0.0
551.753	39.75	0.04	1.50	0.00	0.28	0.00	0.0	0	0.0
552.148	39.64	0.03	1.02	0.01	0.27	0.00	0.2	0	0.0
552.543	39.82	0.04	1.47	0.01	0.25	0.00	0.2	0	0.0
552.938	39.70	0.04	1.43	0.00	0.26	0.00	0.0	0	0.0
553.333	39.70	0.05	1.80	0.00	0.27	0.00	0.1	0	0.0
553.728	39.58	0.04	1.52	0.00	0.26	0.00	0.0	0	0.0
554.123	39.87	0.03	1.39	0.00	0.27	0.00	0.0	0	0.0
554.518	39.64	0.04	1.69	0.00	0.27	0.00	0.0	0	0.0
554.913	39.63	0.04	1.55	0.01	0.26	0.00	0.1	0	0.0
555.308	39.68	0.05	1.93	0.00	0.27	0.00	0.0	0	0.0
555.703	39.75	0.04	1.77	0.00	0.28	0.00	0.0	0	0.0
556.098	39.60	0.05	2.04	0.00	0.27	0.00	0.0	0	0.0
556.493	39.78	0.05	1.79	0.00	0.27	0.00	0.0	0	0.0
556.888	39.64	0.05	1.95	0.00	0.27	0.00	0.0	0	0.0
557.283	39.63	0.05	2.08	0.00	0.28	0.00	0.0	0	0.0
557.678	39.51	0.06	2.23	0.00	0.29	0.00	0.0	0	0.0
558.073	39.54	0.05	1.89	0.00	0.28	0.00	0.0	0	0.0
558.468	39.60	0.05	2.17	0.00	0.27	0.00	0.0	0	0.0
558.863	39.53	0.04	1.66	0.00	0.26	0.00	0.0	0	0.0
559.258	39.64	0.05	1.89	0.00	0.29	0.00	0.0	0	0.0
559.653	39.62	0.04	1.76	0.00	0.30	0.00	0.0	0	0.0
560.048	39.68	0.05	1.89	0.00	0.27	0.00	0.0	0	0.0
560.443	39.52	0.05	1.85	0.00	0.29	0.00	0.0	0	0.0
560.838	39.57	0.04	1.43	0.00	0.28	0.00	0.0	0	0.0
561.233	39.58	0.03	1.03	0.00	0.26	0.00	0.0	0	0.0
561.628	39.47	0.03	1.36	0.00	0.28	0.00	0.0	0	0.0
562.023	39.68	0.03	1.25	0.00	0.29	0.00	0.0	0	0.0
562.418	39.55	0.04	1.73	0.00	0.27	0.00	0.0	0	0.0
562.813	39.61	0.03	1.26	0.00	0.27	0.00	0.0	0	0.0
563.208	39.61	0.03	1.29	0.00	0.26	0.00	0.0	0	0.0
563.603	39.58	0.04	1.65	0.02	0.27	0.01	0.4	0	0.0
563.998	39.66	0.04	1.50	0.02	0.26	0.00	0.3	0	0.0
564.393	39.56	0.04	1.64	0.00	0.27	0.00	0.0	0	0.0
564.788	39.80	0.04	1.42	0.00	0.25	0.00	0.0	0	0.0
565.183	39.55	0.04	1.78	0.00	0.26	0.00	0.0	0	0.0
565.578	39.70	0.04	1.61	0.00	0.26	0.00	0.0	0	0.0
565.973	39.54	0.05	1.88	0.00	0.26	0.00	0.0	0	0.0
566.368	39.68	0.04	1.70	0.00	0.26	0.00	0.0	0	0.0
566.763	39.53	0.04	1.69	0.00	0.27	0.00	0.0	0	0.0
0.678	39.38	0.01	0.52	0.01	0.33	0.00	0.5	0	0.0
0.678	39.43	0.00	0.00	0.02	0.29	0.01	0.0	0	0.0
1.070	39.59	0.04	1.64	0.00	0.22	0.00	0.0	0	0.0
1.463	39.66	0.04	1.52	0.01	0.21	0.00	0.2	0	0.0
1.855	39.55	0.03	1.23	0.00	0.22	0.00	0.0	0	0.0
2.247	39.68	0.03	1.26	0.00	0.23	0.00	0.0	0	0.0
2.639	39.47	0.03	1.23	0.00	0.22	0.00	0.0	0	0.0
3.031	39.67	0.04	1.70	0.00	0.22	0.00	0.0	0	0.0
3.423	39.63	0.04	1.72	0.00	0.23	0.00	0.0	0	0.0
3.815	39.70	0.04	1.76	0.00	0.22	0.00	0.0	0	0.0
4.207	39.54	0.04	1.61	0.00	0.21	0.00	0.0	0	0.0
4.599	39.66	0.04	1.54	0.02	0.22	0.00	0.3	0	0.0
4.992	39.64	0.05	1.87	0.00	0.23	0.00	0.0	0	0.0
5.384	39.54	0.05	1.81	0.00	0.23	0.00	0.0	0	0.0
5.776	39.60	0.03	1.11	0.00	0.23	0.00	0.0	0	0.0
6.168	39.59	0.04	1.46	0.00	0.21	0.00	0.0	0	0.0
6.560	39.61	0.06	2.31	0.01	0.21	0.00	0.1	0	0.0
6.952	39.53	0.03	1.28	0.00	0.23	0.00	0.0	0	0.0
7.344	39.61	0.04	1.44	0.00	0.23	0.00	0.0	0	0.0
7.736	39.65	0.04	1.76	0.00	0.22	0.00	0.0	0	0.0
8.128	39.56	0.03	1.18	0.00	0.24	0.00	0.1	0	0.0
8.520	39.57	0.03	1.37	0.00	0.23	0.00	0.0	0	0.0
8.912	39.65	0.03	1.38	0.00	0.25	0.00	0.0	0	0.0
9.304	39.67	0.03	1.29	0.00	0.23	0.00	0.0	0	0.0
9.696	39.56	0.03	1.25	0.00	0.25	0.00	0.0	0	0.0
10.088	39.56	0.03	1.38	0.01	0.23	0.00	0.2	0	0.0
10.482	39.63	0.04	1.52	0.02	0.23	0.00	0.3	0	0.0
10.876	39.59	0.04	1.65	0.00	0.22	0.00	0.0	0	0.0
11.270	39.61	0.04	1.49	0.00	0.23	0.00	0.0	0	0.0
11.663	39.44	0.05	1.80	0.00	0.23	0.00	0.0	0	0.0
12.057	39.59	0.04	1.61	0.00	0.25	0.00	0.0	0	0.0
12.450	39.53	0.05	2.16	0.00	0.25	0.00	0.0	0	0.0
12.843	39.67	0.05	1.90	0.00	0.27	0.00	0.0	0	0.0
13.237	39.50	0.05	2.08	0.00	0.23	0.00	0.0	0	0.0
13.630	39.57	0.05	2.04	0.00	0.22	0.00	0.0	0	0.0
14.023	39.66	0.06	2.47	0.00	0.23	0.00	0.0	0	0.0
14.417	39.46	0.06	2.54	0.01	0.24	0.00	0.1	0	0.0
14.811	38.86	0.07	2.58	0.00	0.24	0.00	0.0	0	0.0
15.205	38.68	0.06	2.19	0.00	0.25	0.00	0.0	0	0.0
15.599	38.78	0.06	2.44	0.00	0.26	0.00	0.0	0	0.0
15.992	38.75	0.06	2.18	0.00	0.25	0.00	0.0	0	0.0
16.385	38.73	0.06	2.46	0.00	0.26	0.00	0.0	0	0.0
16.778	38.65	0.05	1.97	0.00	0.25	0.00	0.0	0	0.0
17.172	38.82	0.05	1.98	0.00	0.29	0.00	0.0	0	0.0
17.565	38.67	0.06	2.13	0.00	0.24	0.00	0.0	0	0.0
17.958	38.78	0.04	1.74	0.00	0.26	0.00	0.0	0	0.0
18.352	38.73	0.05	2.12	0.00	0.26	0.00	0.0	0	0.0
45.514	30.36	1.27	38.66	0.23	0.50	0.11	0.3	0	0.0
45.908	38.35	0.09	3.52	0.00	0.27	0.00	0.0	0	0.0
46.302	38.67	0.04	1.69	0.00	0.27	0.00	0.0	0	0.0
46.695	38.67	0.05	2.02	0.00	0.26	0.00	0.0	0	0.0
0.678	38.87	0.06	2.23	0.01	0.32	0.00	0.2	0	0.0
0.678	38.84	0.07	2.60	0.00	0.32	0.00	0.0	0	0.0
1.070	38.70	0.07	2.59	0.01	0.28	0.00	0.1	0	0.0
0.678	38.92	0.06	2.47	0.01	0.31	0.00	0.2	0	0.0
1.070	38.76	0.05	2.04	0.01	0.26	0.00	0.1	0	0.0
1.462	39.00	0.05	1.87	0.00	0.25	0.00	0.0	0	0.0
1.854	38.88	0.04	1.73	0.00	0.24	0.00	0.0	0	0.0
2.246	38.98	0.05	2.07	0.00	0.25	0.00	0.0	0	0.0
2.638	38.81	0.04	1.58	0.00	0.27	0.00	0.0	0	0.0
3.030	38.70	0.04	1.56	0.00	0.24	0.00	0.0	0	0.0
3.422	38.66	0.06	2.31	0.00	0.25	0.00	0.0	0	0.0
3.815	38.86	0.05	1.94	0.01	0.24	0.00	0.1	0	0.0
4.208	38.60	0.05	1.78	0.00	0.22	0.00	0.0	0	0.0
4.600	38.51	0.06	2.19	0.03	0.24	0.01	0.4	0	0.0
4.993	38.52	0.05	1.77	0.00	0.24	0.00	0.0	0	0.0
5.385	38.58	0.04	1.52	0.00	0.26	0.00	0.0	0	0.0
5.777	38.58	0.04	1.47	0.00	0.24	0.00	0.0	0	0.0
6.170	38.56	0.06	2.21	0.00	0.23	0.00	0.0	0	0.0
6.562	38.46	0.04	1.70	0.00	0.25	0.00	0.0	0	0.0
6.954	38.35	0.04	1.45	0.00	0.24	0.00	0.0	0	0.0
7.346	38.54	0.05	1.86	0.00	0.27	0.00	0.0	0	0.0
7.738	38.50	0.04	1.72	0.02	0.25	0.01	0.3	0	0.0
8.130	38.58	0.05	2.02	0.00	0.28	0.00	0.0	0	0.0
8.522	38.57	0.05	1.94	0.00	0.27	0.00	0.0	0	0.0
8.915	38.52	0.06	2.23	0.00	0.26	0.00	0.0	0	0.0
9.307	38.52	0.05	1.91	0.01	0.27	0.00	0.2	0	0.0
9.700	38.67	0.06	2.14	0.00	0.27	0.00	0.0	0	0.0
10.092	38.48	0.05	2.05	0.00	0.30	0.00	0.1	0	0.0
10.486	38.66	0.05	2.11	0.00	0.28	0.00	0.0	0	0.0
10.880	38.49	0.06	2.40	0.00	0.31	0.00	0.0	0	0.0
11.273	38.68	0.05	1.88	0.01	0.25	0.00	0.1	0	0.0
11.667	38.70	0.07	2.65	0.00	0.28	0.00	0.0	0	0.0
12.061	38.92	0.06	2.32	0.00	0.26	0.00	0.0	0	0.0
12.455	38.84	0.06	2.40	0.00	0.27	0.00	0.0	0	0.0
12.848	38.95	0.07	2.59	0.00	0.27	0.00	0.1	0	0.0
13.242	38.49	0.06	2.21	0.00	0.25	0.00	0.0	0	0.0
13.635	38.61	0.06	2.46	0.00	0.29	0.00	0.0	0	0.0
14.029	38.42	0.06	2.40	0.00	0.26	0.00	0.0	0	0.0
14.422	38.54	0.06	2.41	0.00	0.27	0.00	0.0	0	0.0
14.815	38.59	0.06	2.31	0.00	0.28	0.00	0.0	0	0.0
15.208	38.56	0.06	2.24	0.00	0.27	0.00	0.0	0	0.0
15.602	38.57	0.05	2.04	0.00	0.28	0.00	0.0	0	0.0
15.995	38.52	0.05	2.05	0.00	0.25	0.00	0.0	0	0.0
16.389	38.49	0.06	2.28	0.00	0.28	0.00	0.0	0	0.0
16.782	38.59	0.06	2.51	0.00	0.28	0.00	0.0	0	0.0
17.175	38.67	0.05	1.94	0.00	0.28	0.00	0.0	0	0.0
17.568	38.59	0.06	2.28	0.00	0.28	0.00	0.0	0	0.0
17.962	38.70	0.05	1.79	0.00	0.28	0.00	0.0	0	0.0
18.355	38.61	0.04	1.49	0.00	0.28	0.00	0.0	0	0.0
18.748	38.66	0.05	2.06	0.00	0.27	0.00	0.0	0	0.0
19.142	38.55	0.06	2.13	0.00	0.26	0.00	0.0	0	0.0
19.536	38.83	0.06	2.25	0.00	0.24	0.00	0.0	0	0.0
19.930	38.81	0.05	2.11	0.00	0.27	0.00	0.0	0	0.0
20.323	38.97	0.06	2.25	0.00	0.25	0.00	0.0	0	0.0
20.717	39.35	0.05	2.09	0.02	0.25	0.00	0.2	0	0.0
21.111	39.48	0.06	2.21	0.00	0.24	0.00	0.0	0	0.0
21.505	39.38	0.05	1.97	0.00	0.25	0.00	0.0	0	0.0
21.898	39.51	0.04	1.62	0.00	0.25	0.00	0.0	0	0.0
22.292	39.52	0.05	1.85	0.00	0.27	0.00	0.0	0	0.0
22.685	39.50	0.05	2.11	0.02	0.27	0.01	0.2	0	0.0
23.079	39.55	0.04	1.70	0.00	0.26	0.00	0.0	0	0.0
23.472	39.50	0.05	2.09	0.02	0.27	0.00	0.2	0	0.0
23.866	39.44	0.05	1.92	0.00	0.25	0.00	0.0	0	0.0
24.260	39.54	0.05	2.05	0.00	0.26	0.00	0.0	0	0.0
24.654	39.52	0.05	1.93	0.00	0.23	0.00	0.0	0	0.0
25.047	39.43	0.04	1.70	0.00	0.24	0.00	0.0	0	0.0
25.440	39.47	0.06	2.22	0.00	0.25	0.00	0.0	0	0.0
25.833	39.56	0.07	2.89	0.00	0.25	0.00	0.0	0	0.0
26.227	39.46	0.07	2.63	0.00	0.27	0.00	0.0	0	0.0
26.621	39.47	0.05	2.14	0.01	0.27	0.00	0.1	0	0.0
27.015	39.44	0.05	1.80	0.00	0.24	0.00	0.0	0	0.0
27.408	39.52	0.06	2.29	0.00	0.25	0.00	0.0	0	0.0
27.802	39.58	0.05	2.07	0.00	0.26	0.00	0.0	0	0.0
28.195	39.40	0.06	2.23	0.01	0.25	0.00	0.1	0	0.0
28.588	39.28	0.05	2.12	0.00	0.25	0.00	0.0	0	0.0
28.982	38.76	0.06	2.15	0.00	0.28	0.00	0.0	0	0.0
29.375	38.72	0.06	2.17	0.00	0.25	0.00	0.0	0	0.0
29.768	38.86	0.04	1.69	0.00	0.25	0.00	0.0	0	0.0
30.162	38.87	0.04	1.67	0.00	0.26	0.00	0.0	0	0.0
30.556	38.91	0.05	1.78	0.00	0.27	0.00	0.0	0	0.0
30.950	38.86	0.05	2.13	0.00	0.26	0.00	0.0	0	0.0
31.343	38.63	0.05	2.01	0.01	0.26	0.00	0.2	0	0.0
31.737	38.80	0.05	1.77	0.00	0.24	0.00	0.0	0	0.0
32.130	38.74	0.04	1.55	0.00	0.26	0.00	0.0	0	0.0
32.523	38.81	0.06	2.47	0.01	0.25	0.00	0.1	0	0.0
32.917	38.82	0.05	1.80	0.00	0.26	0.00	0.0	0	0.0
33.310	38.77	0.05	1.93	0.00	0.30	0.00	0.0	0	0.0
33.703	38.74	0.05	2.10	0.00	0.25	0.00	0.0	0	0.0
34.097	38.72	0.04	1.60	0.00	0.26	0.00	0.0	0	0.0
34.490	38.82	0.06	2.24	0.00	0.24	0.00	0.0	0	0.0
34.883	38.95	0.04	1.53	0.00	0.25	0.00	0.0	0	0.0
35.277	38.94	0.04	1.72	0.00	0.26	0.00	0.0	0	0.0
35.670	38.81	0.04	1.60	0.00	0.22	0.00	0.0	0	0.0
36.063	38.85	0.04	1.54	0.00	0.26	0.00	0.0	0	0.0
36.457	38.91	0.04	1.47	0.00	0.27	0.00	0.0	0	0.0
36.850	38.71	0.04	1.66	0.00	0.29	0.00	0.0	0	0.0
37.243	38.93	0.05	1.75	0.01	0.24	0.00	0.1	0	0.0
37.637	38.86	0.03	1.25	0.00	0.26	0.00	0.0	0	0.0
38.030	38.86	0.04	1.58	0.00	0.26	0.00	0.1	0	0.0
38.423	38.95	0.03	1.26	0.00	0.25	0.00	0.0	0	0.0
38.817	38.93	0.03	1.34	0.00	0.26	0.00	0.0	0	0.0
39.211	38.99	0.03	1.33	0.01	0.29	0.00	0.3	0	0.0
39.605	39.41	0.05	1.89	0.01	0.27	0.00	0.2	0	0.0
39.999	39.53	0.04	1.77	0.01	0.25	0.00	0.1	0	0.0
40.393	39.52	0.05	1.85	0.03	0.23	0.01	0.4	0	0.0
40.787	39.55	0.05	1.93	0.00	0.27	0.00	0.0	0	0.0
41.181	39.46	0.05	2.08	0.00	0.27	0.00	0.0	0	0.0
41.575	39.54	0.05	1.89	0.03	0.29	0.01	0.4	0	0.0
41.969	39.35	0.06	2.29	0.00	0.28	0.00	0.0	0	0.0
42.362	39.52	0.06	2.28	0.00	0.28	0.00	0.0	0	0.0
42.756	39.47	0.05	2.12	0.01	0.27	0.00	0.1	0	0.0
43.150	39.35	0.05	2.16	0.02	0.29	0.01	0.2	0	0.0
43.544	39.44	0.08	2.98	0.00	0.27	0.00	0.0	0	0.0
43.938	39.49	0.07	2.65	0.01	0.27	0.00	0.1	0	0.0
44.332	39.42	0.06	2.44	0.01	0.27	0.00	0.1	0	0.0
44.726	39.57	0.06	2.49	0.00	0.27	0.00	0.0	0	0.0
45.120	39.48	0.06	2.43	0.00	0.29	0.00	0.0	0	0.0
45.513	39.65	0.05	2.01	0.01	0.27	0.00	0.1	0	0.0
45.907	39.51	0.06	2.28	0.01	0.29	0.00	0.1	0	0.0
46.301	39.51	0.06	2.35	0.00	0.29	0.00	0.0	0	0.0
46.695	39.44	0.06	2.36	0.00	0.30	0.00	0.0	0	0.0
47.088	39.61	0.05	2.06	0.00	0.25	0.00	0.0	0	0.0
47.482	39.68	0.05	2.16	0.00	0.28	0.00	0.0	0	0.0
47.875	39.50	0.05	1.96	0.01	0.26	0.00	0.1	0	0.0
48.268	39.60	0.05	1.99	0.00	0.28	0.00	0.0	0	0.0
48.662	39.50	0.06	2.27	0.00	0.29	0.00	0.0	0	0.0
49.055	39.57	0.06	2.33	0.00	0.26	0.00	0.0	0	0.0
49.448	39.52	0.05	2.14	0.00	0.27	0.00	0.0	0	0.0
49.842	39.68	0.06	2.34	0.01	0.27	0.00	0.1	0	0.0
50.236	39.33	0.06	2.44	0.00	0.28	0.00	0.0	0	0.0
50.630	39.03	0.05	2.08	0.00	0.28	0.00	0.0	0	0.0
51.024	38.82	0.06	2.40	0.00	0.29	0.00	0.0	0	0.0
51.418	38.97	0.05	1.93	0.00	0.26	0.00	0.0	0	0.0
51.812	38.87	0.05	2.12	0.00	0.28	0.00	0.0	0	0.0
52.205	38.95	0.05	1.85	0.00	0.26	0.00	0.0	0	0.0
52.598	38.79	0.05	2.09	0.00	0.29	0.00	0.0	0	0.0
52.992	38.86	0.05	2.09	0.01	0.28	0.00	0.2	0	0.0
53.386	38.74	0.06	2.27	0.00	0.24	0.00	0.0	0	0.0
53.780	38.77	0.05	2.07	0.00	0.27	0.00	0.0	0	0.0
54.173	38.85	0.05	2.03	0.00	0.28	0.00	0.0	0	0.0
54.567	39.12	0.05	2.15	0.00	0.24	0.00	0.0	0	0.0
54.960	39.32	0.05	2.09	0.00	0.28	0.00	0.0	0	0.0
55.353	39.46	0.06	2.32	0.00	0.25	0.00	0.0	0	0.0
55.747	39.44	0.05	1.97	0.00	0.28	0.00	0.0	0	0.0
56.140	39.46	0.05	2.17	0.00	0.26	0.00	0.0	0	0.0
56.534	39.44	0.06	2.29	0.00	0.28	0.00	0.0	0	0.0
56.927	39.51	0.06	2.55	0.00	0.25	0.00	0.0	0	0.0
57.320	39.55	0.06	2.42	0.00	0.28	0.00	0.0	0	0.0
57.713	39.54	0.05	1.90	0.00	0.26	0.00	0.0	0	0.0
58.107	39.55	0.05	1.89	0.00	0.25	0.00	0.0	0	0.0
58.500	39.50	0.05	1.94	0.00	0.30	0.00	0.0	0	0.0
58.893	39.54	0.06	2.20	0.00	0.27	0.00	0.0	0	0.0
59.287	39.46	0.06	2.37	0.00	0.26	0.00	0.0	0	0.0
59.681	39.65	0.06	2.24	0.00	0.27	0.00	0.0	0	0.0
60.075	39.48	0.06	2.48	0.00	0.27	0.00	0.0	0	0.0
60.468	39.55	0.04	1.76	0.00	0.26	0.00	0.0	0	0.0
60.862	39.51	0.06	2.22	0.00	0.26	0.00	0.0	0	0.0
61.255	39.44	0.04	1.49	0.00	0.26	0.00	0.0	0	0.0
61.648	39.46	0.05	1.98	0.00	0.27	0.00	0.0	0	0.0
62.042	39.63	0.05	2.05	0.00	0.26	0.00	0.0	0	0.0
62.435	39.49	0.06	2.17	0.00	0.26	0.00	0.0	0	0.0
62.828	39.48	0.05	1.83	0.00	0.27	0.00	0.0	0	0.0
63.222	39.19	0.06	2.39	0.00	0.27	0.00	0.0	0	0.0
63.615	38.91	0.05	2.03	0.00	0.25	0.00	0.0	0	0.0
64.009	38.59	0.04	1.68	0.00	0.28	0.00	0.0	0	0.0
64.402	38.51	0.05	1.97	0.00	0.25	0.00	0.0	0	0.0
64.795	38.48	0.05	1.83	0.00	0.28	0.00	0.0	0	0.0
65.188	38.51	0.04	1.67	0.00	0.27	0.00	0.0	0	0.0
65.582	38.59	0.05	2.02	0.00	0.26	0.00	0.0	0	0.0
65.975	38.58	0.06	2.14	0.01	0.23	0.00	0.1	0	0.0
66.368	38.44	0.05	2.03	0.00	0.26	0.00	0.0	0	0.0
66.762	38.48	0.05	1.91	0.01	0.24	0.00	0.1	0	0.0
67.156	38.61	0.05	2.07	0.00	0.28	0.00	0.0	0	0.0
67.550	38.48	0.05	1.84	0.00	0.27	0.00	0.0	0	0.0
67.943	38.53	0.04	1.54	0.00	0.28	0.00	0.1	0	0.0
68.337	38.46	0.05	1.91	0.00	0.26	0.00	0.0	0	0.0
68.731	38.52	0.04	1.63	0.00	0.26	0.00	0.0	0	0.0
69.125	38.53	0.04	1.73	0.00	0.26	0.00	0.0	0	0.0
69.519	38.70	0.04	1.66	0.00	0.28	0.00	0.0	0	0.0
69.912	38.53	0.06	2.12	0.00	0.25	0.00	0.0	0	0.0
70.306	38.59	0.05	1.85	0.00	0.26	0.00	0.0	0	0.0
70.700	38.57	0.04	1.68	0.00	0.25	0.00	0.0	0	0.0
71.093	38.66	0.05	1.98	0.00	0.29	0.00	0.0	0	0.0
71.487	38.48	0.05	1.90	0.00	0.26	0.00	0.0	0	0.0
71.880	38.68	0.07	2.57	0.01	0.28	0.00	0.2	0	0.0
72.274	38.58	0.06	2.22	0.00	0.25	0.00	0.0	0	0.0
72.667	38.69	0.07	2.90	0.01	0.23	0.00	0.1	0	0.0
73.061	38.56	0.06	2.37	0.00	0.27	0.00	0.0	0	0.0
73.455	38.58	0.07	2.78	0.00	0.27	0.00	0.0	0	0.0
73.848	38.52	0.06	2.35	0.00	0.26	0.00	0.0	0	0.0
74.242	38.44	0.06	2.19	0.00	0.28	0.00	0.0	0	0.0
74.635	38.59	0.06	2.29	0.00	0.27	0.00	0.0	0	0.0
75.028	38.74	0.05	1.97	0.00	0.26	0.00	0.0	0	0.0
75.422	38.69	0.06	2.50	0.00	0.28	0.00	0.0	0	0.0
75.815	38.66	0.07	2.73	0.01	0.27	0.00	0.1	0	0.0
76.209	38.60	0.06	2.43	0.00	0.30	0.00	0.0	0	0.0
76.603	38.58	0.06	2.33	0.00	0.26	0.00	0.0	0	0.0
76.997	38.66	0.06	2.34	0.00	0.30	0.00	0.0	0	0.0
77.390	38.67	0.06	2.30	0.00	0.30	0.00	0.0	0	0.0
77.784	38.73	0.07	2.68	0.00	0.29	0.00	0.0	0	0.0
78.178	38.64	0.06	2.33	0.00	0.28	0.00	0.0	0	0.0
78.572	38.77	0.06	2.37	0.01	0.25	0.00	0.1	0	0.0
78.966	38.60	0.06	2.16	0.00	0.26	0.00	0.0	0	0.0
79.360	38.75	0.06	2.50	0.00	0.26	0.00	0.0	0	0.0
79.753	38.44	0.05	2.07	0.00	0.27	0.00	0.0	0	0.0
80.147	38.69	0.07	2.65	0.00	0.27	0.00	0.0	0	0.0
80.541	38.48	0.06	2.45	0.00	0.26	0.00	0.0	0	0.0
80.935	38.70	0.07	2.61	0.01	0.27	0.00	0.1	0	0.0
81.329	38.56	0.07	2.67	0.00	0.27	0.00	0.0	0	0.0
81.722	38.82	0.07	2.61	0.00	0.28	0.00	0.0	0	0.0
82.115	38.64	0.06	2.38	0.00	0.24	0.00	0.0	0	0.0
82.508	38.62	0.06	2.22	0.01	0.26	0.00	0.1	0	0.0
82.902	38.69	0.07	2.64	0.00	0.24	0.00	0.0	0	0.0
83.295	38.53	0.06	2.43	0.00	0.27	0.00	0.0	0	0.0
0.678	38.54	0.05	1.91	0.01	0.31	0.00	0.2	0	0.0
1.070	38.66	0.06	2.37	0.00	0.30	0.00	0.0	0	0.0
1.462	38.78	0.07	2.78	0.00	0.29	0.00	0.0	0	0.0
1.854	38.56	0.07	2.62	0.00	0.32	0.00	0.0	0	0.0
2.246	38.74	0.07	2.84	0.00	0.30	0.00	0.0	0	0.0
2.638	38.60	0.06	2.24	0.00	0.27	0.00	0.0	0	0.0
3.030	38.61	0.04	1.68	0.00	0.29	0.00	0.0	0	0.0
34.392	38.49	0.06	2.47	0.20	0.52	0.10	4.2	0	0.0
34.785	38.57	0.05	1.94	0.01	0.31	0.00	0.1	0	0.0
35.179	38.73	0.04	1.54	0.00	0.31	0.00	0.0	0	0.0
35.572	38.55	0.06	2.18	0.00	0.28	0.00	0.0	0	0.0
35.965	38.70	0.06	2.26	0.00	0.29	0.00	0.0	0	0.0
36.358	38.61	0.04	1.62	0.00	0.32	0.00	0.1	0	0.0
36.752	38.69	0.04	1.69	0.00	0.32	0.00	0.0	0	0.0
37.145	38.48	0.05	1.80	0.01	0.32	0.00	0.2	0	0.0
37.539	38.65	0.04	1.69	0.00	0.31	0.00	0.0	0	0.0
37.932	38.54	0.05	1.93	0.00	0.30	0.00	0.0	0	0.0
38.325	38.85	0.04	1.73	0.00	0.30	0.00	0.0	0	0.0
38.718	38.59	0.04	1.41	0.00	0.31	0.00	0.0	0	0.0
39.112	38.68	0.05	2.08	0.00	0.32	0.00	0.0	0	0.0
39.505	38.60	0.04	1.69	0.00	0.27	0.00	0.0	0	0.0
39.898	38.64	0.05	1.97	0.01	0.30	0.00	0.1	0	0.0
40.292	38.64	0.05	1.93	0.00	0.29	0.00	0.0	0	0.0
40.685	38.68	0.04	1.68	0.01	0.29	0.00	0.2	0	0.0
41.079	38.54	0.04	1.63	0.00	0.28	0.00	0.0	0	0.0
41.472	38.53	0.05	2.02	0.00	0.31	0.00	0.0	0	0.0
41.865	38.64	0.05	1.86	0.00	0.29	0.00	0.0	0	0.0
42.258	38.61	0.04	1.41	0.00	0.29	0.00	0.0	0	0.0
42.652	38.71	0.05	2.04	0.00	0.31	0.00	0.0	0	0.0
43.045	38.67	0.04	1.62	0.00	0.31	0.00	0.0	0	0.0
43.438	38.54	0.05	1.89	0.00	0.29	0.00	0.0	0	0.0
43.832	38.68	0.04	1.61	0.01	0.30	0.00	0.1	0	0.0
44.226	38.66	0.05	1.75	0.00	0.29	0.00	0.0	0	0.0
44.620	38.63	0.04	1.65	0.00	0.28	0.00	0.0	0	0.0
45.013	38.84	0.04	1.38	0.00	0.29	0.00	0.0	0	0.0
45.407	38.70	0.04	1.71	0.02	0.28	0.00	0.2	0	0.0
45.801	38.70	0.05	1.88	0.00	0.28	0.00	0.0	0	0.0
46.195	38.22	0.04	1.35	0.00	0.31	0.00	0.1	0	0.0
46.589	37.86	0.04	1.49	0.00	0.27	0.00	0.0	0	0.0
46.982	37.76	0.04	1.62	0.01	0.31	0.00	0.1	0	0.0
47.376	37.84	0.04	1.67	0.00	0.30	0.00	0.1	0	0.0
47.770	37.62	0.05	1.83	0.00	0.30	0.00	0.0	0	0.0
48.163	37.69	0.04	1.47	0.00	0.31	0.00	0.0	0	0.0
48.557	37.85	0.05	1.79	0.00	0.29	0.00	0.0	0	0.0
48.950	37.88	0.03	1.28	0.00	0.30	0.00	0.1	0	0.0
49.344	37.79	0.04	1.58	0.00	0.28	0.00	0.0	0	0.0
49.738	37.98	0.04	1.58	0.00	0.32	0.00	0.0	0	0.0
50.132	37.89	0.04	1.68	0.00	0.30	0.00	0.0	0	0.0
50.525	37.89	0.04	1.50	0.02	0.31	0.01	0.4	0	0.0
50.919	37.95	0.05	1.87	0.00	0.29	0.00	0.0	0	0.0
51.312	37.76	0.05	1.80	0.00	0.33	0.00	0.0	0	0.0
51.705	37.78	0.05	1.97	0.00	0.27	0.00	0.0	0	0.0
52.098	37.81	0.04	1.42	0.00	0.30	0.00	0.0	0	0.0
52.492	37.89	0.06	2.10	0.00	0.33	0.00	0.0	0	0.0
52.885	37.78	0.05	2.01	0.00	0.26	0.00	0.0	0	0.0
53.278	37.86	0.05	1.76	0.00	0.30	0.00	0.0	0	0.0
53.672	37.83	0.05	1.84	0.00	0.30	0.00	0.0	0	0.0
54.065	37.81	0.05	1.86	0.00	0.31	0.00	0.0	0	0.0
54.458	37.96	0.04	1.70	0.01	0.32	0.00	0.2	0	0.0
54.852	37.94	0.05	2.02	0.02	0.32	0.00	0.2	0	0.0
55.246	37.86	0.06	2.30	0.00	0.30	0.00	0.0	0	0.0
55.640	38.04	0.06	2.26	0.00	0.32	0.00	0.0	0	0.0
56.034	37.94	0.06	2.20	0.01	0.31	0.00	0.1	0	0.0
56.428	38.09	0.05	2.06	0.00	0.31	0.00	0.0	0	0.0
56.822	38.00	0.06	2.45	0.00	0.33	0.00	0.0	0	0.0
57.215	38.05	0.06	2.32	0.00	0.31	0.00	0.0	0	0.0
57.608	37.76	0.06	2.34	0.00	0.32	0.00	0.0	0	0.0
58.002	37.91	0.06	2.41	0.00	0.33	0.00	0.0	0	0.0
58.395	37.77	0.06	2.37	0.00	0.31	0.00	0.0	0	0.0
58.788	37.85	0.07	2.46	0.00	0.33	0.00	0.0	0	0.0
59.182	37.77	0.06	2.37	0.00	0.30	0.00	0.0	0	0.0
59.575	37.73	0.06	2.39	0.00	0.31	0.00	0.0	0	0.0
59.968	37.69	0.06	2.25	0.00	0.31	0.00	0.0	0	0.0
60.362	37.68	0.06	2.33	0.01	0.33	0.00	0.2	0	0.0
60.756	37.80	0.07	2.48	0.00	0.34	0.00	0.0	0	0.0
61.150	37.79	0.06	2.22	0.00	0.32	0.00	0.0	0	0.0
61.543	37.70	0.07	2.72	0.00	0.32	0.00	0.0	0	0.0
62.088	37.84	0.06	2.39	0.00	0.32	0.00	0.0	0	0.0
62.482	37.79	0.07	2.62	0.00	0.33	0.00	0.0	0	0.0
62.875	37.77	0.06	2.32	0.00	0.33	0.00	0.0	0	0.0
100.220	31.89	0.37	11.83	0.95	1.30	1.24	10.5	0	0.0
100.617	37.42	0.07	2.60	0.01	0.35	0.00	0.2	0	0.0
101.012	37.53	0.07	2.52	0.00	0.33	0.00	0.0	0	0.0
101.407	37.58	0.07	2.80	0.00	0.34	0.00	0.1	0	0.0
101.802	37.78	0.07	2.49	0.00	0.32	0.00	0.0	0	0.0
102.197	37.72	0.06	2.30	0.00	0.31	0.00	0.0	0	0.0
102.592	37.77	0.07	2.54	0.00	0.30	0.00	0.0	0	0.0
102.987	37.75	0.05	1.97	0.00	0.31	0.00	0.0	0	0.0
103.382	37.81	0.05	2.06	0.00	0.31	0.00	0.0	0	0.0
103.777	37.88	0.05	2.07	0.00	0.28	0.00	0.0	0	0.0
104.172	37.72	0.07	2.66	0.00	0.30	0.00	0.0	0	0.0
104.567	37.67	0.07	2.78	0.00	0.30	0.00	0.0	0	0.0
104.962	37.86	0.08	2.88	0.00	0.30	0.00	0.0	0	0.0
105.357	37.78	0.07	2.72	0.00	0.31	0.00	0.0	0	0.0
105.752	37.77	0.06	2.35	0.00	0.32	0.00	0.0	0	0.0
106.147	37.72	0.06	2.28	0.00	0.31	0.00	0.0	0	0.0
106.542	37.76	0.07	2.72	0.00	0.31	0.00	0.0	0	0.0
106.937	37.77	0.06	2.41	0.01	0.29	0.00	0.1	0	0.0
107.332	37.90	0.06	2.28	0.00	0.30	0.00	0.0	0	0.0
107.727	37.78	0.07	2.71	0.00	0.31	0.00	0.0	0	0.0
108.122	37.91	0.06	2.33	0.00	0.30	0.00	0.0	0	0.0
108.517	37.84	0.06	2.45	0.00	0.30	0.00	0.0	0	0.0
108.912	37.95	0.06	2.24	0.00	0.32	0.00	0.0	0	0.0
109.307	37.74	0.05	1.94	0.00	0.28	0.00	0.0	0	0.0
109.702	37.91	0.07	2.56	0.00	0.31	0.00	0.0	0	0.0
110.097	37.79	0.06	2.35	0.00	0.30	0.00	0.0	0	0.0
110.492	37.92	0.06	2.10	0.01	0.31	0.00	0.2	0	0.0
110.887	37.81	0.05	1.86	0.00	0.30	0.00	0.1	0	0.0
111.282	37.88	0.05	1.96	0.00	0.31	0.00	0.0	0	0.0
111.677	37.79	0.06	2.10	0.00	0.32	0.00	0.0	0	0.0
112.072	37.77	0.08	2.94	0.00	0.31	0.00	0.0	0	0.0
112.467	37.63	0.06	2.24	0.00	0.30	0.00	0.0	0	0.0
112.862	37.78	0.06	2.24	0.00	0.32	0.00	0.1	0	0.0
113.257	37.71	0.06	2.41	0.00	0.31	0.00	0.0	0	0.0
113.652	37.67	0.06	2.24	0.00	0.31	0.00	0.0	0	0.0
114.047	37.81	0.07	2.46	0.00	0.30	0.00	0.0	0	0.0
114.442	37.81	0.07	2.50	0.00	0.29	0.00	0.0	0	0.0
114.837	37.76	0.06	2.30	0.00	0.30	0.00	0.0	0	0.0
115.232	37.66	0.06	2.09	0.00	0.31	0.00	0.0	0	0.0
115.627	37.57	0.05	1.90	0.00	0.31	0.00	0.0	0	0.0
116.022	37.54	0.06	2.34	0.00	0.31	0.00	0.0	0	0.0
116.417	37.52	0.06	2.31	0.00	0.29	0.00	0.0	0	0.0
116.812	37.65	0.05	1.92	0.00	0.29	0.00	0.0	0	0.0
117.207	37.55	0.05	2.04	0.00	0.33	0.00	0.0	0	0.0
117.602	37.60	0.06	2.22	0.00	0.32	0.00	0.0	0	0.0
117.997	37.56	0.07	2.52	0.00	0.34	0.00	0.1	0	0.0
118.392	37.54	0.06	2.24	0.00	0.30	0.00	0.1	0	0.0
118.787	37.84	0.05	2.06	0.00	0.30	0.00	0.0	0	0.0
119.182	37.87	0.06	2.35	0.00	0.32	0.00	0.0	0	0.0
119.577	37.87	0.06	2.10	0.00	0.32	0.00	0.0	0	0.0
119.972	37.79	0.05	1.90	0.01	0.29	0.00	0.2	0	0.0
120.367	37.86	0.06	2.13	0.00	0.29	0.00	0.0	0	0.0
120.762	37.59	0.05	1.73	0.00	0.33	0.00	0.0	0	0.0
121.157	37.68	0.05	2.01	0.01	0.31	0.00	0.1	0	0.0
121.552	37.45	0.05	2.02	0.00	0.32	0.00	0.1	0	0.0
121.947	37.70	0.07	2.48	0.01	0.32	0.00	0.2	0	0.0
122.342	37.45	0.06	2.30	0.00	0.34	0.00	0.0	0	0.0
122.737	37.69	0.08	2.93	0.00	0.34	0.00	0.0	0	0.0
123.132	37.46	0.06	2.08	0.02	0.35	0.01	0.3	0	0.0
123.527	37.41	0.07	2.71	0.00	0.35	0.00	0.0	0	0.0
123.922	37.47	0.07	2.74	0.00	0.33	0.00	0.0	0	0.0
124.317	37.38	0.07	2.61	0.00	0.33	0.00	0.0	0	0.0
124.712	37.57	0.07	2.64	0.00	0.32	0.00	0.0	0	0.0
125.107	37.57	0.07	2.49	0.00	0.31	0.00	0.0	0	0.0
125.502	37.57	0.07	2.66	0.00	0.34	0.00	0.0	0	0.0
125.897	37.52	0.06	2.35	0.00	0.32	0.00	0.0	0	0.0
126.292	37.51	0.07	2.59	0.00	0.33	0.00	0.0	0	0.0
126.687	37.47	0.07	2.48	0.00	0.33	0.00	0.0	0	0.0
127.082	37.51	0.08	2.86	0.00	0.34	0.00	0.0	0	0.0
127.477	37.46	0.08	2.90	0.00	0.33	0.00	0.0	0	0.0
127.872	37.43	0.07	2.79	0.00	0.36	0.00	0.0	0	0.0
128.267	37.45	0.07	2.56	0.00	0.34	0.00	0.0	0	0.0
128.662	37.54	0.07	2.44	0.00	0.29	0.00	0.0	0	0.0
129.057	37.48	0.07	2.58	0.00	0.30	0.00	0.0	0	0.0
129.452	37.53	0.07	2.71	0.00	0.33	0.00	0.0	0	0.0
129.847	37.50	0.08	3.06	0.01	0.34	0.00	0.1	0	0.0
130.242	37.61	0.07	2.53	0.00	0.31	0.00	0.0	0	0.0
130.637	37.53	0.07	2.49	0.00	0.31	0.00	0.0	0	0.0
131.032	37.62	0.08	2.86	0.00	0.33	0.00	0.0	0	0.0
131.427	37.44	0.07	2.51	0.00	0.30	0.00	0.0	0	0.0
131.822	37.65	0.07	2.74	0.00	0.30	0.00	0.0	0	0.0
132.217	37.44	0.07	2.77	0.00	0.33	0.00	0.0	0	0.0
132.612	37.52	0.06	2.43	0.00	0.30	0.00	0.0	0	0.0
133.007	37.49	0.07	2.73	0.00	0.32	0.00	0.0	0	0.0
133.402	37.50	0.07	2.58	0.00	0.32	0.00	0.0	0	0.0
133.797	37.41	0.07	2.53	0.00	0.31	0.00	0.0	0	0.0
134.192	37.54	0.07	2.79	0.01	0.33	0.00	0.2	0	0.0
134.587	37.58	0.07	2.66	0.00	0.30	0.00	0.0	0	0.0
134.982	37.64	0.06	2.36	0.01	0.31	0.00	0.1	0	0.0
135.377	37.53	0.07	2.60	0.00	0.30	0.00	0.0	0	0.0
135.772	37.62	0.07	2.56	0.00	0.33	0.00	0.0	0	0.0
136.167	37.52	0.07	2.47	0.00	0.32	0.00	0.0	0	0.0
136.562	37.45	0.07	2.60	0.00	0.31	0.00	0.0	0	0.0
136.957	37.68	0.06	2.43	0.00	0.33	0.00	0.0	0	0.0
137.352	37.63	0.06	2.22	0.00	0.29	0.00	0.0	0	0.0
137.747	37.59	0.06	2.27	0.00	0.30	0.00	0.0	0	0.0
138.142	37.59	0.06	2.41	0.00	0.32	0.00	0.0	0	0.0
138.537	37.55	0.06	2.30	0.00	0.34	0.00	0.0	0	0.0
138.932	37.52	0.06	2.13	0.00	0.32	0.00	0.0	0	0.0
139.327	37.55	0.06	2.40	0.01	0.33	0.00	0.1	0	0.0
139.722	37.56	0.06	2.15	0.00	0.28	0.00	0.0	0	0.0
140.117	37.64	0.06	2.26	0.00	0.32	0.00	0.0	0	0.0
140.512	37.58	0.05	2.03	0.00	0.31	0.00	0.0	0	0.0
140.907	37.67	0.06	2.12	0.00	0.31	0.00	0.1	0	0.0
141.302	37.74	0.06	2.29	0.00	0.29	0.00	0.0	0	0.0
141.697	37.68	0.06	2.38	0.00	0.29	0.00	0.0	0	0.0
142.092	37.62	0.06	2.24	0.00	0.32	0.00	0.0	0	0.0
142.487	37.67	0.07	2.50	0.00	0.29	0.00	0.0	0	0.0
142.882	37.54	0.06	2.34	0.00	0.33	0.00	0.0	0	0.0
143.277	37.58	0.05	2.03	0.00	0.32	0.00	0.0	0	0.0
0.678	37.48	0.11	4.24	0.01	0.39	0.00	0.1	0	0.0
1.070	37.53	0.07	2.47	0.01	0.36	0.00	0.1	0	0.0
1.462	37.60	0.06	2.36	0.00	0.34	0.00	0.0	0	0.0
1.854	37.40	0.06	2.22	0.00	0.32	0.00	0.0	0	0.0
2.246	37.60	0.05	1.97	0.00	0.32	0.00	0.0	0	0.0
2.638	37.61	0.06	2.12	0.00	0.33	0.00	0.0	0	0.0
3.030	37.67	0.05	1.99	0.00	0.33	0.00	0.0	0	0.0
232.685	30.87	0.80	24.62	0.44	0.76	0.33	1.4	0	0.0
233.080	37.11	0.09	3.21	0.00	0.28	0.00	0.0	0	0.0
233.475	37.50	0.05	1.87	0.00	0.24	0.00	0.0	0	0.0
233.870	37.51	0.06	2.18	0.00	0.26	0.00	0.0	0	0.0
234.265	37.59	0.06	2.40	0.00	0.25	0.00	0.0	0	0.0
234.660	37.46	0.06	2.20	0.00	0.26	0.00	0.0	0	0.0
235.055	37.52	0.06	2.30	0.02	0.25	0.00	0.2	0	0.0
0.678	37.41	0.09	3.31	0.00	0.31	0.00	0.0	0	0.0
0.678	37.41	0.09	3.31	0.01	0.31	0.00	0.1	0	0.0
0.678	37.47	0.09	3.45	0.00	0.31	0.00	0.0	0	0.0
1.070	37.47	0.07	2.48	0.00	0.28	0.00	0.0	0	0.0
1.463	37.61	0.06	2.22	0.00	0.29	0.00	0.0	0	0.0
1.855	37.49	0.06	2.16	0.00	0.28	0.00	0.0	0	0.0
2.248	37.69	0.07	2.48	0.00	0.28	0.00	0.0	0	0.0
2.640	37.59	0.07	2.70	0.00	0.27	0.00	0.0	0	0.0
3.032	37.78	0.06	2.44	0.00	0.27	0.00	0.0	0	0.0
3.424	37.70	0.06	2.40	0.00	0.26	0.00	0.0	0	0.0
3.816	37.79	0.08	2.92	0.00	0.29	0.00	0.0	0	0.0
4.208	37.65	0.07	2.51	0.00	0.24	0.00	0.0	0	0.0
4.600	37.65	0.06	2.39	0.01	0.27	0.00	0.1	0	0.0
4.993	37.62	0.07	2.72	0.00	0.26	0.00	0.0	0	0.0
5.385	37.69	0.07	2.52	0.00	0.27	0.00	0.0	0	0.0
5.777	37.55	0.07	2.59	0.00	0.26	0.00	0.0	0	0.0
6.169	37.71	0.07	2.49	0.00	0.26	0.00	0.0	0	0.0
6.561	37.63	0.07	2.80	0.00	0.29	0.00	0.0	0	0.0
6.953	37.78	0.06	2.36	0.00	0.26	0.00	0.0	0	0.0
7.345	37.75	0.07	2.62	0.00	0.28	0.00	0.0	0	0.0
7.737	37.64	0.07	2.54	0.00	0.28	0.00	0.0	0	0.0
8.129	37.81	0.07	2.56	0.00	0.27	0.00	0.0	0	0.0
8.521	37.71	0.05	2.00	0.00	0.28	0.00	0.0	0	0.0
8.913	37.65	0.06	2.27	0.00	0.27	0.00	0.0	0	0.0
9.305	37.59	0.05	2.04	0.00	0.28	0.00	0.0	0	0.0
9.697	37.56	0.06	2.15	0.00	0.28	0.00	0.0	0	0.0
10.090	37.60	0.06	2.11	0.00	0.29	0.00	0.0	0	0.0
10.483	37.62	0.05	1.92	0.01	0.25	0.00	0.1	0	0.0
10.877	37.46	0.05	1.89	0.03	0.23	0.01	0.4	0	0.0
11.271	37.63	0.05	2.00	0.00	0.27	0.00	0.0	0	0.0
11.665	37.67	0.06	2.28	0.00	0.26	0.00	0.0	0	0.0
12.058	37.61	0.05	2.00	0.00	0.27	0.00	0.0	0	0.0
12.452	37.59	0.06	2.26	0.00	0.28	0.00	0.0	0	0.0
12.845	37.54	0.06	2.13	0.00	0.26	0.00	0.1	0	0.0
13.239	37.57	0.06	2.15	0.00	0.26	0.00	0.0	0	0.0
13.632	37.69	0.06	2.16	0.01	0.26	0.00	0.2	0	0.0
14.026	37.55	0.05	1.81	0.00	0.24	0.00	0.0	0	0.0
14.420	37.63	0.05	2.00	0.00	0.26	0.00	0.0	0	0.0
14.813	37.55	0.06	2.16	0.00	0.27	0.00	0.0	0	0.0
15.207	37.72	0.05	1.82	0.00	0.27	0.00	0.0	0	0.0
15.600	37.73	0.06	2.15	0.00	0.28	0.00	0.0	0	0.0
15.993	37.71	0.05	1.88	0.00	0.25	0.00	0.0	0	0.0
16.387	37.77	0.05	1.86	0.00	0.27	0.00	0.0	0	0.0
16.780	37.77	0.06	2.35	0.00	0.25	0.00	0.0	0	0.0
17.173	37.80	0.05	2.00	0.00	0.28	0.00	0.0	0	0.0
17.567	37.69	0.05	1.83	0.02	0.26	0.00	0.2	0	0.0
17.961	37.75	0.05	2.02	0.01	0.28	0.00	0.1	0	0.0
18.355	37.85	0.05	1.92	0.00	0.28	0.00	0.0	0	0.0
18.748	37.91	0.05	1.78	0.02	0.27	0.01	0.3	0	0.0
19.142	37.74	0.05	2.04	0.02	0.28	0.01	0.3	0	0.0
19.536	37.89	0.05	1.78	0.00	0.27	0.00	0.0	0	0.0
50.884	37.63	0.07	2.81	0.15	0.41	0.06	2.2	0	0.0
51.277	37.87	0.06	2.24	0.01	0.26	0.00	0.2	0	0.0
51.671	37.90	0.06	2.33	0.00	0.28	0.00	0.0	0	0.0
52.065	37.93	0.05	1.81	0.00	0.25	0.00	0.0	0	0.0
87.062	34.21	0.49	16.80	0.85	1.17	1.00	5.9	0	0.0
87.456	37.86	0.06	2.25	0.05	0.31	0.02	0.7	0	0.0
87.850	37.98	0.05	1.79	0.00	0.28	0.00	0.0	0	0.0
88.243	37.92	0.05	2.04	0.01	0.27	0.00	0.2	0	0.0
88.637	37.74	0.05	1.89	0.00	0.28	0.00	0.0	0	0.0
89.030	37.99	0.04	1.66	0.00	0.31	0.00	0.0	0	0.0
89.423	37.99	0.05	2.00	0.00	0.30	0.00	0.0	0	0.0
89.817	38.04	0.05	2.07	0.00	0.28	0.00	0.0	0	0.0
90.210	37.97	0.04	1.58	0.00	0.28	0.00	0.0	0	0.0
90.603	38.03	0.05	2.04	0.00	0.30	0.00	0.0	0	0.0
90.997	38.08	0.05	1.96	0.00	0.29	0.00	0.0	0	0.0
91.390	38.08	0.05	1.89	0.00	0.30	0.00	0.0	0	0.0
91.783	38.12	0.05	1.90	0.00	0.30	0.00	0.0	0	0.0
92.177	38.00	0.04	1.67	0.00	0.28	0.00	0.0	0	0.0
92.570	38.17	0.05	1.94	0.00	0.32	0.00	0.0	0	0.0
92.963	38.00	0.05	1.71	0.01	0.30	0.00	0.1	0	0.0
93.357	38.16	0.06	2.13	0.00	0.29	0.00	0.0	0	0.0
93.750	38.13	0.05	2.09	0.00	0.34	0.00	0.0	0	0.0
94.144	38.13	0.06	2.18	0.00	0.30	0.00	0.0	0	0.0
94.538	38.12	0.06	2.34	0.00	0.30	0.00	0.0	0	0.0
94.932	38.12	0.07	2.59	0.00	0.28	0.00	0.0	0	0.0
95.325	38.01	0.06	2.30	0.00	0.30	0.00	0.0	0	0.0
95.718	38.12	0.06	2.27	0.00	0.30	0.00	0.0	0	0.0
96.112	38.18	0.06	2.47	0.00	0.36	0.00	0.0	0	0.0
96.505	38.11	0.06	2.27	0.00	0.32	0.00	0.0	0	0.0
96.898	37.99	0.06	2.25	0.00	0.33	0.00	0.0	0	0.0
130.772	37.83	0.14	5.44	0.61	0.99	0.61	11.2	0	0.0
131.168	38.02	0.06	2.36	0.00	0.33	0.00	0.0	0	0.0
131.563	38.01	0.07	2.48	0.00	0.33	0.00	0.0	0	0.0
242.425	30.11	1.58	47.46	2.29	2.16	4.95	10.4	0	0.0
242.821	38.51	0.09	3.48	0.07	0.07	0.00	0.1	0	0.0
243.216	38.82	0.03	1.25	0.00	0.05	0.00	0.0	0	0.0
243.611	38.81	0.03	1.01	0.00	0.02	0.00	0.0	0	0.0
244.006	38.77	0.02	0.71	0.00	0.00	0.00	0.0	0	0.0
244.400	38.73	0.01	0.54	0.00	0.03	0.00	0.0	0	0.0
280.030	38.57	0.20	7.85	0.80	0.69	0.55	7.0	0	0.0
280.424	38.83	0.05	1.79	0.04	0.00	0.00	0.0	0	0.0
316.628	34.56	0.66	22.81	1.22	1.47	1.80	7.9	0	0.0
317.024	38.67	0.04	1.71	0.04	0.23	0.01	0.5	0	0.0
317.419	38.84	0.02	0.64	0.00	0.19	0.00	0.0	0	0.0
317.813	38.80	0.03	1.06	0.00	0.18	0.00	0.0	0	0.0
318.208	38.77	0.03	1.12	0.00	0.19	0.00	0.0	0	0.0
318.603	38.73	0.02	0.94	0.00	0.18	0.00	0.0	0	0.0
318.998	38.72	0.03	1.12	0.00	0.17	0.00	0.0	0	0.0
319.393	38.95	0.03	1.04	0.00	0.16	0.00	0.0	0	0.0
319.788	38.86	0.03	1.11	0.00	0.18	0.00	0.0	0	0.0
320.183	38.76	0.02	0.89	0.00	0.17	0.00	0.0	0	0.0
320.578	38.89	0.02	0.95	0.00	0.18	0.00	0.0	0	0.0
320.973	38.79	0.01	0.54	0.01	0.18	0.00	0.2	0	0.0
321.368	38.97	0.02	0.87	0.00	0.19	0.00	0.0	0	0.0
321.763	38.86	0.01	0.54	0.00	0.18	0.00	0.0	0	0.0
322.158	38.93	0.02	0.74	0.00	0.19	0.00	0.0	0	0.0
322.553	38.71	0.02	0.61	0.02	0.17	0.00	0.5	0	0.0
322.948	38.81	0.02	0.95	0.01	0.15	0.00	0.1	0	0.0
323.343	38.90	0.02	0.92	0.01	0.15	0.00	0.2	0	0.0
323.738	39.00	0.02	0.94	0.00	0.18	0.00	0.0	0	0.0
324.133	39.36	0.02	0.65	0.00	0.17	0.00	0.1	0	0.0
324.528	39.65	0.02	0.72	0.00	0.15	0.00	0.0	0	0.0
324.923	39.59	0.02	0.80	0.00	0.18	0.00	0.0	0	0.0
325.318	39.76	0.02	0.73	0.00	0.16	0.00	0.0	0	0.0
325.713	39.53	0.02	0.85	0.00	0.16	0.00	0.0	0	0.0
326.108	39.83	0.03	1.01	0.00	0.15	0.00	0.0	0	0.0
326.503	39.67	0.03	1.19	0.00	0.16	0.00	0.0	0	0.0
326.898	39.81	0.02	0.71	0.00	0.17	0.00	0.0	0	0.0
327.293	39.78	0.02	0.79	0.00	0.16	0.00	0.0	0	0.0
327.688	39.59	0.02	0.83	0.00	0.16	0.00	0.0	0	0.0
328.083	39.56	0.02	0.82	0.00	0.16	0.00	0.0	0	0.0
328.478	39.48	0.01	0.52	0.00	0.13	0.00	0.0	0	0.0
328.873	39.29	0.03	0.99	0.00	0.17	0.00	0.0	0	0.0
329.268	39.26	0.02	0.91	0.00	0.16	0.00	0.0	0	0.0
329.663	39.32	0.02	0.79	0.00	0.16	0.00	0.0	0	0.0
330.058	39.36	0.02	0.91	0.00	0.16	0.00	0.0	0	0.0
330.453	39.34	0.02	0.70	0.00	0.18	0.00	0.1	0	0.0
330.848	39.36	0.02	0.75	0.00	0.15	0.00	0.0	0	0.0
331.243	39.37	0.02	0.94	0.00	0.15	0.00	0.0	0	0.0
331.638	39.45	0.01	0.27	0.00	0.15	0.00	0.0	0	0.0
332.184	39.37	0.02	0.97	0.00	0.20	0.00	0.0	0	0.0
332.579	39.38	0.02	0.85	0.00	0.25	0.00	0.0	0	0.0
332.974	39.39	0.02	0.76	0.00	0.22	0.00	0.0	0	0.0
333.520	39.45	0.04	1.65	0.00	0.25	0.00	0.0	0	0.0
333.915	39.29	0.03	1.29	0.00	0.28	0.00	0.0	0	0.0
334.310	39.32	0.04	1.40	0.04	0.25	0.01	0.6	0	0.0
334.705	39.32	0.04	1.51	0.00	0.25	0.00	0.0	0	0.0
335.100	39.33	0.04	1.54	0.01	0.25	0.00	0.1	0	0.0
335.495	39.34	0.03	1.33	0.00	0.24	0.00	0.0	0	0.0
367.116	39.16	0.02	0.73	0.18	0.35	0.06	8.8	0	0.0
367.511	39.11	0.02	0.86	0.00	0.12	0.00	0.0	0	0.0
367.906	39.19	0.02	0.70	0.00	0.09	0.00	0.0	0	0.0
414.355	36.02	0.53	19.19	1.03	1.22	1.27	6.6	0	0.0
414.751	39.28	0.04	1.56	0.05	0.13	0.01	0.4	0	0.0
415.146	39.31	0.02	0.92	0.01	0.08	0.00	0.1	0	0.0
415.541	39.30	0.02	0.94	0.00	0.09	0.00	0.0	0	0.0
415.936	39.35	0.03	1.06	0.00	0.09	0.00	0.0	0	0.0
416.331	39.43	0.03	0.99	0.00	0.11	0.00	0.0	0	0.0
416.726	39.26	0.02	0.85	0.00	0.10	0.00	0.0	0	0.0
417.121	39.16	0.02	0.81	0.00	0.09	0.00	0.0	0	0.0
417.516	39.08	0.03	1.07	0.00	0.09	0.00	0.0	0	0.0
417.911	39.14	0.03	1.03	0.00	0.07	0.00	0.0	0	0.0
418.306	39.08	0.02	0.71	0.00	0.09	0.00	0.0	0	0.0
418.701	39.01	0.02	0.92	0.03	0.09	0.00	0.3	0	0.0
419.096	38.82	0.03	1.24	0.00	0.07	0.00	0.0	0	0.0
419.491	39.17	0.02	0.69	0.00	0.08	0.00	0.0	0	0.0
419.886	38.95	0.00	0.00	0.00	0.10	0.00	0.0	0	0.0
420.280	39.04	0.00	0.06	0.00	0.07	0.00	0.0	0	0.0
420.675	38.98	0.00	0.17	0.00	0.09	0.00	0.0	0	0.0
421.070	39.15	0.01	0.45	0.00	0.09	0.00	0.0	0	0.0
421.465	39.14	0.01	0.38	0.00	0.09	0.00	0.0	0	0.0
421.860	39.08	0.01	0.49	0.00	0.09	0.00	0.0	0	0.0
422.255	39.07	0.01	0.32	0.00	0.09	0.00	0.0	0	0.0
422.650	39.21	0.01	0.52	0.02	0.11	0.00	0.4	0	0.0
423.045	39.05	0.01	0.54	0.01	0.11	0.00	0.1	0	0.0
423.440	39.11	0.01	0.40	0.00	0.07	0.00	0.0	0	0.0
423.835	39.04	0.02	0.64	0.00	0.09	0.00	0.0	0	0.0
424.230	39.12	0.02	0.71	0.00	0.09	0.00	0.0	0	0.0
424.625	39.16	0.01	0.54	0.00	0.06	0.00	0.0	0	0.0
425.020	39.15	0.01	0.44	0.00	0.07	0.00	0.0	0	0.0
425.415	39.23	0.03	1.00	0.00	0.08	0.00	0.0	0	0.0
425.810	39.31	0.01	0.54	0.00	0.08	0.00	0.1	0	0.0
426.205	39.07	0.02	0.92	0.00	0.10	0.00	0.0	0	0.0
426.600	39.06	0.02	0.90	0.00	0.08	0.00	0.0	0	0.0
426.995	39.20	0.02	0.74	0.00	0.09	0.00	0.0	0	0.0
427.390	39.15	0.01	0.52	0.01	0.08	0.00	0.1	0	0.0
427.785	39.21	0.02	0.89	0.00	0.09	0.00	0.0	0	0.0
428.180	39.32	0.01	0.48	0.00	0.10	0.00	0.0	0	0.0
428.575	39.39	0.02	0.78	0.01	0.07	0.00	0.1	0	0.0
428.970	39.14	0.02	0.66	0.00	0.08	0.00	0.0	0	0.0
429.365	39.22	0.02	0.64	0.01	0.10	0.00	0.2	0	0.0
429.760	39.10	0.02	0.70	0.00	0.06	0.00	0.0	0	0.0
430.155	39.18	0.02	0.72	0.00	0.11	0.00	0.0	0	0.0
430.550	38.99	0.01	0.53	0.00	0.05	0.00	0.0	0	0.0
430.945	39.06	0.02	0.68	0.00	0.09	0.00	0.0	0	0.0
431.340	39.10	0.01	0.37	0.00	0.10	0.00	0.0	0	0.0
431.735	39.16	0.03	1.05	0.00	0.06	0.00	0.0	0	0.0
432.130	39.05	0.01	0.44	0.00	0.10	0.00	0.0	0	0.0
432.525	39.04	0.01	0.44	0.00	0.06	0.00	0.0	0	0.0
432.920	39.11	0.02	0.72	0.00	0.08	0.00	0.0	0	0.0
433.315	39.16	0.01	0.40	0.00	0.08	0.00	0.0	0	0.0
433.710	39.21	0.02	0.76	0.00	0.10	0.00	0.0	0	0.0
434.105	39.15	0.01	0.52	0.00	0.06	0.00	0.0	0	0.0
434.500	39.24	0.02	0.67	0.00	0.11	0.00	0.1	0	0.0
434.895	39.11	0.02	0.79	0.01	0.08	0.00	0.1	0	0.0
435.290	39.26	0.01	0.26	0.00	0.09	0.00	0.0	0	0.0
435.685	39.14	0.02	0.77	0.01	0.06	0.00	0.1	0	0.0
436.080	39.21	0.01	0.42	0.00	0.10	0.00	0.0	0	0.0
436.475	39.12	0.02	0.62	0.00	0.08	0.00	0.0	0	0.0
436.870	39.28	0.02	0.77	0.00	0.08	0.00	0.0	0	0.0
437.265	39.09	0.02	0.65	0.01	0.07	0.00	0.1	0	0.0
437.660	39.29	0.02	0.61	0.01	0.08	0.00	0.1	0	0.0
438.055	39.40	0.01	0.40	0.00	0.09	0.00	0.0	0	0.0
438.450	39.25	0.01	0.46	0.00	0.07	0.00	0.0	0	0.0
438.845	39.03	0.01	0.50	0.00	0.08	0.00	0.0	0	0.0
439.240	39.01	0.02	0.73	0.01	0.09	0.00	0.1	0	0.0
439.635	38.95	0.01	0.44	0.01	0.09	0.00	0.0	0	0.0
440.030	39.24	0.03	1.35	0.01	0.09	0.00	0.1	0	0.0
440.425	39.00	0.01	0.41	0.00	0.07	0.00	0.0	0	0.0
440.820	39.34	0.01	0.54	0.00	0.09	0.00	0.0	0	0.0
441.215	39.37	0.02	0.62	0.00	0.09	0.00	0.0	0	0.0
441.610	39.58	0.01	0.39	0.00	0.08	0.00	0.0	0	0.0
442.005	39.51	0.02	0.71	0.00	0.08	0.00	0.0	0	0.0
442.400	39.47	0.02	0.87	0.00	0.08	0.00	0.0	0	0.0
442.795	39.68	0.04	1.42	0.00	0.11	0.00	0.0	0	0.0
443.190	39.57	0.04	1.40	0.00	0.09	0.00	0.0	0	0.0
443.585	39.54	0.03	1.20	0.00	0.10	0.00	0.0	0	0.0
443.980	39.67	0.03	1.02	0.00	0.12	0.00	0.0	0	0.0
444.375	39.64	0.03	1.22	0.00	0.11	0.00	0.0	0	0.0
444.770	39.48	0.03	1.22	0.01	0.10	0.00	0.1	0	0.0
445.165	39.60	0.03	1.07	0.00	0.11	0.00	0.0	0	0.0
445.560	39.45	0.03	1.01	0.02	0.08	0.00	0.2	0	0.0
445.955	39.69	0.03	1.21	0.00	0.09	0.00	0.0	0	0.0
446.350	39.58	0.02	0.73	0.00	0.10	0.00	0.0	0	0.0
446.745	39.30	0.03	1.17	0.00	0.10	0.00	0.0	0	0.0
447.140	39.08	0.03	1.08	0.00	0.10	0.00	0.0	0	0.0
447.535	39.22	0.03	1.13	0.01	0.10	0.00	0.0	0	0.0
447.930	38.91	0.01	0.56	0.00	0.11	0.00	0.0	0	0.0
448.325	39.11	0.02	0.93	0.00	0.08	0.00	0.0	0	0.0
448.720	38.90	0.03	1.16	0.00	0.11	0.00	0.0	0	0.0
449.115	39.04	0.03	1.07	0.00	0.10	0.00	0.0	0	0.0
449.510	38.99	0.02	0.88	0.00	0.12	0.00	0.0	0	0.0
449.905	39.05	0.03	1.24	0.00	0.08	0.00	0.0	0	0.0
450.300	38.89	0.03	1.22	0.00	0.10	0.00	0.0	0	0.0
450.695	39.07	0.03	0.99	0.00	0.11	0.00	0.0	0	0.0
451.090	38.96	0.02	0.88	0.00	0.09	0.00	0.0	0	0.0
451.485	39.03	0.02	0.83	0.00	0.09	0.00	0.0	0	0.0
451.880	39.01	0.03	1.05	0.00	0.10	0.00	0.0	0	0.0
452.275	38.95	0.03	0.98	0.00	0.08	0.00	0.0	0	0.0
452.670	39.03	0.03	1.30	0.00	0.10	0.00	0.0	0	0.0
453.065	39.05	0.02	0.90	0.00	0.09	0.00	0.0	0	0.0
453.460	38.95	0.02	0.90	0.00	0.08	0.00	0.0	0	0.0
453.855	39.06	0.02	0.78	0.00	0.06	0.00	0.0	0	0.0
454.250	39.07	0.03	1.09	0.00	0.09	0.00	0.0	0	0.0
454.645	39.13	0.02	0.92	0.00	0.08	0.00	0.0	0	0.0
455.040	39.04	0.02	0.77	0.00	0.08	0.00	0.0	0	0.0
455.435	39.09	0.02	0.67	0.00	0.06	0.00	0.0	0	0.0
455.830	39.16	0.02	0.72	0.00	0.11	0.00	0.0	0	0.0
456.225	39.13	0.02	0.68	0.00	0.12	0.00	0.0	0	0.0
456.620	39.20	0.03	1.03	0.00	0.09	0.00	0.0	0	0.0
457.015	39.05	0.02	0.81	0.01	0.10	0.00	0.1	0	0.0
457.410	39.06	0.02	0.73	0.01	0.09	0.00	0.2	0	0.0
457.805	39.00	0.01	0.43	0.02	0.09	0.00	0.0	0	0.0
458.200	39.06	0.02	0.66	0.01	0.09	0.00	0.1	0	0.0
458.595	39.07	0.02	0.62	0.00	0.08	0.00	0.0	0	0.0
458.990	39.18	0.02	0.91	0.00	0.08	0.00	0.0	0	0.0
459.385	39.13	0.02	0.70	0.00	0.08	0.00	0.0	0	0.0
459.780	39.22	0.02	0.90	0.00	0.09	0.00	0.0	0	0.0
460.175	39.04	0.02	0.71	0.01	0.12	0.00	0.1	0	0.0
460.570	39.15	0.03	1.02	0.00	0.11	0.00	0.0	0	0.0
460.965	39.05	0.02	0.84	0.00	0.09	0.00	0.0	0	0.0
461.360	39.15	0.02	0.85	0.02	0.10	0.00	0.2	0	0.0
461.755	39.00	0.03	1.17	0.00	0.07	0.00	0.0	0	0.0
462.150	39.08	0.02	0.94	0.00	0.07	0.00	0.0	0	0.0
462.545	39.03	0.01	0.56	0.00	0.09	0.00	0.0	0	0.0
462.940	39.00	0.02	0.96	0.01	0.09	0.00	0.1	0	0.0
463.335	38.79	0.03	1.02	0.00	0.08	0.00	0.0	0	0.0
463.730	38.02	0.03	0.96	0.00	0.09	0.00	0.0	0	0.0
464.125	37.97	0.02	0.70	0.00	0.09	0.00	0.0	0	0.0
464.520	38.13	0.01	0.45	0.00	0.09	0.00	0.0	0	0.0
464.915	38.15	0.03	1.10	0.00	0.11	0.00	0.0	0	0.0
465.310	38.17	0.03	1.06	0.00	0.10	0.00	0.0	0	0.0
465.705	38.14	0.01	0.56	0.00	0.10	0.00	0.0	0	0.0
466.100	38.13	0.02	0.80	0.00	0.08	0.00	0.0	0	0.0
466.495	38.03	0.02	0.70	0.00	0.08	0.00	0.0	0	0.0
466.890	37.96	0.02	0.60	0.00	0.09	0.00	0.0	0	0.0
467.285	38.14	0.02	0.69	0.00	0.09	0.00	0.0	0	0.0
467.680	37.95	0.02	0.72	0.00	0.11	0.00	0.0	0	0.0
468.075	38.01	0.03	0.98	0.00	0.10	0.00	0.0	0	0.0
468.470	37.92	0.02	0.68	0.00	0.08	0.00	0.0	0	0.0
468.865	38.21	0.02	0.85	0.00	0.10	0.00	0.0	0	0.0
469.260	37.96	0.03	1.05	0.00	0.10	0.00	0.0	0	0.0
469.655	38.08	0.02	0.81	0.00	0.08	0.00	0.0	0	0.0
470.050	37.94	0.02	0.90	0.00	0.10	0.00	0.0	0	0.0
470.445	37.91	0.02	0.80	0.00	0.10	0.00	0.0	0	0.0
470.840	38.02	0.02	0.77	0.00	0.09	0.00	0.0	0	0.0
471.235	38.36	0.03	1.03	0.00	0.10	0.00	0.0	0	0.0
471.630	38.36	0.02	0.75	0.00	0.09	0.00	0.0	0	0.0
472.025	38.47	0.03	0.97	0.00	0.10	0.00	0.0	0	0.0
472.420	38.72	0.03	1.03	0.00	0.12	0.00	0.0	0	0.0
472.815	38.86	0.02	0.78	0.00	0.09	0.00	0.0	0	0.0
473.210	38.81	0.03	1.23	0.00	0.07	0.00	0.0	0	0.0
473.605	38.82	0.02	0.94	0.00	0.10	0.00	0.0	0	0.0
474.000	38.86	0.02	0.76	0.00	0.10	0.00	0.0	0	0.0
474.395	38.72	0.02	0.95	0.00	0.10	0.00	0.0	0	0.0
474.790	38.81	0.03	1.04	0.00	0.11	0.00	0.0	0	0.0
475.185	38.81	0.03	1.24	0.01	0.12	0.00	0.1	0	0.0
475.580	38.79	0.02	0.81	0.00	0.11	0.00	0.0	0	0.0
475.975	38.74	0.02	0.81	0.00	0.11	0.00	0.0	0	0.0
476.370	38.78	0.01	0.41	0.00	0.13	0.00	0.0	0	0.0
476.765	38.60	0.02	0.84	0.00	0.12	0.00	0.0	0	0.0
477.160	38.84	0.03	1.12	0.00	0.12	0.00	0.0	0	0.0
477.555	38.72	0.03	1.25	0.00	0.10	0.00	0.0	0	0.0
477.950	38.76	0.04	1.40	0.00	0.11	0.00	0.0	0	0.0
478.345	38.87	0.02	0.83	0.00	0.12	0.00	0.0	0	0.0
478.740	38.87	0.02	0.77	0.00	0.10	0.00	0.0	0	0.0
479.135	38.89	0.04	1.51	0.00	0.12	0.00	0.0	0	0.0
479.530	38.80	0.03	1.28	0.00	0.10	0.00	0.0	0	0.0
479.925	38.67	0.02	0.96	0.00	0.12	0.00	0.0	0	0.0
480.320	38.78	0.03	1.01	0.00	0.10	0.00	0.0	0	0.0
480.715	38.39	0.02	0.68	0.01	0.10	0.00	0.2	0	0.0
481.110	38.34	0.02	0.75	0.01	0.10	0.00	0.1	0	0.0
481.505	38.35	0.02	0.77	0.00	0.12	0.00	0.0	0	0.0
481.900	38.50	0.03	1.22	0.00	0.11	0.00	0.0	0	0.0
482.295	38.54	0.03	1.19	0.00	0.12	0.00	0.0	0	0.0
482.690	38.82	0.03	1.13	0.00	0.11	0.00	0.0	0	0.0
483.085	38.48	0.04	1.50	0.00	0.11	0.00	0.0	0	0.0
483.480	38.42	0.02	0.76	0.00	0.10	0.00	0.0	0	0.0
483.875	38.54	0.03	1.19	0.00	0.11	0.00	0.0	0	0.0
484.270	38.42	0.02	0.82	0.00	0.08	0.00	0.0	0	0.0
484.665	38.57	0.03	1.10	0.00	0.11	0.00	0.0	0	0.0
485.060	38.56	0.04	1.47	0.00	0.08	0.00	0.0	0	0.0
485.455	38.48	0.03	1.26	0.00	0.09	0.00	0.0	0	0.0
485.850	38.50	0.02	0.88	0.00	0.09	0.00	0.0	0	0.0
486.245	38.48	0.03	1.06	0.00	0.09	0.00	0.0	0	0.0
486.640	38.61	0.02	0.71	0.00	0.10	0.00	0.0	0	0.0
487.035	38.36	0.02	0.81	0.00	0.08	0.00	0.0	0	0.0
487.430	38.55	0.02	0.64	0.00	0.11	0.00	0.0	0	0.0
487.825	38.68	0.03	1.06	0.00	0.10	0.00	0.0	0	0.0
488.220	38.64	0.02	0.95	0.00	0.09	0.00	0.0	0	0.0
488.615	38.71	0.02	0.59	0.00	0.08	0.00	0.0	0	0.0
489.010	38.58	0.01	0.40	0.00	0.09	0.00	0.0	0	0.0
489.405	38.61	0.02	0.82	0.00	0.10	0.00	0.0	0	0.0
489.800	38.65	0.01	0.33	0.00	0.09	0.00	0.0	0	0.0
490.195	38.78	0.02	0.89	0.00	0.07	0.00	0.0	0	0.0
490.590	38.68	0.02	0.68	0.01	0.10	0.00	0.1	0	0.0
490.985	38.63	0.02	0.94	0.00	0.12	0.00	0.0	0	0.0
491.380	38.49	0.02	0.85	0.00	0.11	0.00	0.0	0	0.0
491.775	38.66	0.03	1.05	0.01	0.10	0.00	0.1	0	0.0
492.170	38.59	0.02	0.75	0.00	0.09	0.00	0.0	0	0.0
492.565	38.59	0.02	0.68	0.00	0.11	0.00	0.0	0	0.0
492.960	38.55	0.02	0.75	0.00	0.10	0.00	0.0	0	0.0
493.355	38.71	0.02	0.87	0.00	0.10	0.00	0.0	0	0.0
493.750	38.51	0.02	0.72	0.00	0.09	0.00	0.0	0	0.0
494.145	38.42	0.03	1.06	0.01	0.09	0.00	0.1	0	0.0
494.540	38.45	0.03	1.08	0.00	0.10	0.00	0.0	0	0.0
494.935	38.38	0.01	0.55	0.00	0.09	0.00	0.0	0	0.0
495.330	38.29	0.03	1.32	0.00	0.10	0.00	0.0	0	0.0
495.725	38.33	0.02	0.83	0.00	0.10	0.00	0.0	0	0.0
496.120	38.35	0.02	0.58	0.00	0.09	0.00	0.0	0	0.0
496.515	38.51	0.02	0.64	0.00	0.10	0.00	0.0	0	0.0
496.910	38.48	0.01	0.44	0.00	0.10	0.00	0.0	0	0.0
497.305	38.57	0.02	0.82	0.00	0.09	0.00	0.0	0	0.0
497.700	38.61	0.02	0.64	0.00	0.10	0.00	0.0	0	0.0
498.095	38.61	0.02	0.63	0.00	0.08	0.00	0.0	0	0.0
498.490	38.54	0.01	0.52	0.00	0.09	0.00	0.0	0	0.0
498.885	38.07	0.02	0.79	0.00	0.10	0.00	0.0	0	0.0
499.280	38.19	0.02	0.71	0.00	0.12	0.00	0.0	0	0.0
499.675	38.35	0.01	0.48	0.00	0.09	0.00	0.0	0	0.0
500.070	38.04	0.03	1.05	0.00	0.10	0.00	0.0	0	0.0
500.465	38.13	0.02	0.60	0.00	0.08	0.00	0.0	0	0.0
500.860	38.56	0.02	0.69	0.00	0.09	0.00	0.0	0	0.0
501.255	38.73	0.03	1.28	0.00	0.11	0.00	0.0	0	0.0
501.650	38.69	0.02	0.71	0.00	0.11	0.00	0.0	0	0.0
502.045	38.41	0.02	0.62	0.00	0.10	0.00	0.0	0	0.0
502.440	38.73	0.02	0.87	0.00	0.11	0.00	0.0	0	0.0
502.835	38.61	0.02	0.72	0.00	0.11	0.00	0.0	0	0.0
503.230	38.68	0.02	0.88	0.01	0.08	0.00	0.1	0	0.0
503.625	38.65	0.02	0.76	0.00	0.08	0.00	0.0	0	0.0
504.020	38.76	0.04	1.36	0.00	0.08	0.00	0.0	0	0.0
504.415	38.53	0.02	0.90	0.00	0.09	0.00	0.0	0	0.0
504.810	38.56	0.03	1.35	0.01	0.09	0.00	0.1	0	0.0
505.205	38.49	0.02	0.92	0.00	0.09	0.00	0.0	0	0.0
505.600	38.60	0.03	1.04	0.00	0.11	0.00	0.0	0	0.0
505.995	38.53	0.04	1.45	0.00	0.11	0.00	0.0	0	0.0
506.390	38.43	0.03	1.30	0.00	0.09	0.00	0.0	0	0.0
506.785	38.50	0.03	1.18	0.00	0.09	0.00	0.0	0	0.0
507.180	38.64	0.03	1.13	0.00	0.09	0.00	0.0	0	0.0
507.575	38.59	0.03	1.04	0.00	0.11	0.00	0.0	0	0.0
507.970	38.48	0.03	1.18	0.00	0.14	0.00	0.0	0	0.0
508.365	38.55	0.02	0.92	0.00	0.11	0.00	0.0	0	0.0
508.760	38.56	0.04	1.41	0.00	0.13	0.00	0.0	0	0.0
509.155	38.68	0.04	1.59	0.01	0.16	0.00	0.1	0	0.0
509.550	38.54	0.03	1.13	0.00	0.12	0.00	0.0	0	0.0
509.945	38.75	0.02	0.91	0.00	0.13	0.00	0.0	0	0.0
510.340	38.53	0.03	1.17	0.00	0.13	0.00	0.0	0	0.0
510.735	38.60	0.04	1.39	0.00	0.14	0.00	0.0	0	0.0
511.130	38.62	0.03	0.97	0.00	0.11	0.00	0.0	0	0.0
511.525	38.66	0.03	1.23	0.00	0.16	0.00	0.0	0	0.0
511.920	38.39	0.03	1.22	0.00	0.12	0.00	0.0	0	0.0
512.315	38.26	0.04	1.41	0.00	0.14	0.00	0.0	0	0.0
512.710	38.18	0.04	1.36	0.00	0.10	0.00	0.0	0	0.0
513.105	38.35	0.03	1.17	0.00	0.12	0.00	0.0	0	0.0
513.500	38.40	0.03	1.26	0.01	0.11	0.00	0.1	0	0.0
513.895	38.69	0.03	1.09	0.00	0.10	0.00	0.0	0	0.0
514.290	38.37	0.03	1.05	0.00	0.11	0.00	0.0	0	0.0
514.685	38.30	0.02	0.84	0.00	0.12	0.00	0.1	0	0.0
515.080	38.19	0.03	1.03	0.00	0.13	0.00	0.0	0	0.0
515.475	38.31	0.04	1.48	0.00	0.10	0.00	0.0	0	0.0
515.870	38.49	0.03	1.11	0.00	0.11	0.00	0.0	0	0.0
516.265	38.17	0.02	0.87	0.00	0.11	0.00	0.0	0	0.0
516.660	38.22	0.03	1.25	0.00	0.11	0.00	0.0	0	0.0
517.055	38.46	0.03	1.07	0.00	0.09	0.00	0.0	0	0.0
517.450	38.33	0.03	1.27	0.00	0.11	0.00	0.0	0	0.0
517.845	38.35	0.03	1.24	0.00	0.08	0.00	0.0	0	0.0
518.240	38.35	0.03	1.09	0.00	0.09	0.00	0.0	0	0.0
518.635	38.39	0.02	0.88	0.00	0.10	0.00	0.0	0	0.0
519.030	38.31	0.02	0.83	0.00	0.10	0.00	0.0	0	0.0
519.425	38.50	0.03	1.06	0.00	0.08	0.00	0.0	0	0.0
519.820	38.58	0.01	0.43	0.00	0.11	0.00	0.0	0	0.0
520.215	38.43	0.02	0.67	0.00	0.09	0.00	0.0	0	0.0
0.678	38.15	0.08	2.94	0.00	0.15	0.00	0.0	0	0.0
1.070	38.51	0.03	0.98	0.00	0.15	0.00	0.0	0	0.0
1.463	38.61	0.03	1.16	0.00	0.19	0.00	0.0	0	0.0
1.855	38.49	0.02	0.93	0.00	0.19	0.00	0.0	0	0.0
2.248	38.52	0.02	0.81	0.00	0.19	0.00	0.0	0	0.0
2.640	38.39	0.04	1.68	0.00	0.18	0.00	0.0	0	0.0
3.032	38.68	0.03	1.05	0.00	0.18	0.00	0.0	0	0.0
3.424	38.35	0.03	1.30	0.01	0.16	0.00	0.1	0	0.0
34.883	38.34	0.03	1.31	0.37	0.58	0.22	16.6	0	0.0
35.278	38.56	0.01	0.57	0.00	0.15	0.00	0.0	0	0.0
35.672	38.46	0.01	0.37	0.00	0.11	0.00	0.0	0	0.0
36.065	38.44	0.01	0.37	0.00	0.11	0.00	0.0	0	0.0
36.458	38.62	0.01	0.33	0.00	0.10	0.00	0.0	0	0.0
37.003	38.43	0.01	0.35	0.00	0.00	0.00	0.0	0	0.0
37.396	38.58	0.00	0.00	0.00	0.00	0.00	0.0	0	0.0
37.789	38.46	0.01	0.24	0.00	0.00	0.00	0.0	0	0.0
38.182	38.52	0.02	0.79	0.00	0.00	0.00	0.0	0	0.0
38.726	38.27	0.01	0.51	0.00	0.00	0.00	0.0	0	0.0
39.119	38.55	0.02	0.61	0.00	0.00	0.00	0.0	0	0.0
39.512	38.49	0.02	0.83	0.00	0.00	0.00	0.0	0	0.0
92.390	31.76	0.67	21.18	1.31	1.09	1.43	6.7	0	0.0
92.784	37.85	0.07	2.48	0.00	0.00	0.00	0.0	0	0.0
93.177	38.30	0.04	1.43	0.00	0.00	0.00	0.0	0	0.0
93.570	38.20	0.03	1.13	0.00	0.00	0.00	0.0	0	0.0
93.963	38.10	0.04	1.49	0.00	0.00	0.00	0.0	0	0.0
94.357	38.12	0.04	1.57	0.00	0.00	0.00	0.0	0	0.0
94.750	38.03	0.04	1.49	0.00	0.00	0.00	0.0	0	0.0
95.143	38.11	0.03	1.18	0.00	0.00	0.00	0.0	0	0.0
95.537	38.50	0.03	1.29	0.00	0.00	0.00	0.0	0	0.0
95.930	38.49	0.03	1.16	0.00	0.00	0.00	0.0	0	0.0
96.323	38.66	0.03	1.35	0.00	0.00	0.00	0.0	0	0.0
96.717	38.58	0.03	1.01	0.00	0.00	0.00	0.0	0	0.0
97.110	38.66	0.04	1.43	0.00	0.00	0.00	0.0	0	0.0
97.503	38.63	0.04	1.55	0.00	0.00	0.00	0.0	0	0.0
97.897	38.69	0.04	1.58	0.00	0.00	0.00	0.0	0	0.0
98.290	38.63	0.04	1.40	0.00	0.00	0.00	0.0	0	0.0
98.683	38.59	0.04	1.46	0.00	0.00	0.00	0.0	0	0.0
99.077	38.62	0.03	1.29	0.00	0.00	0.00	0.0	0	0.0
99.470	38.62	0.04	1.70	0.00	0.00	0.00	0.0	0	0.0
99.863	38.72	0.04	1.58	0.00	0.00	0.00	0.0	0	0.0
100.257	38.59	0.03	1.26	0.00	0.00	0.00	0.0	0	0.0
100.652	38.60	0.03	1.29	0.00	0.00	0.00	0.0	0	0.0
101.047	38.54	0.04	1.72	0.00	0.00	0.00	0.0	0	0.0
101.442	38.56	0.03	1.33	0.00	0.00	0.00	0.0	0	0.0
101.837	38.51	0.03	1.12	0.00	0.00	0.00	0.0	0	0.0
102.232	38.68	0.03	1.25	0.00	0.00	0.00	0.0	0	0.0
102.627	38.70	0.04	1.48	0.00	0.00	0.00	0.0	0	0.0
103.022	38.74	0.03	1.30	0.00	0.00	0.00	0.0	0	0.0
103.417	38.67	0.03	1.33	0.00	0.00	0.00	0.0	0	0.0
103.812	38.45	0.04	1.41	0.00	0.00	0.00	0.0	0	0.0
104.207	38.56	0.04	1.46	0.00	0.00	0.00	0.0	0	0.0
104.602	38.54	0.04	1.42	0.00	0.00	0.00	0.0	0	0.0
104.997	38.57	0.04	1.36	0.00	0.00	0.00	0.0	0	0.0
105.392	38.57	0.03	1.12	0.00	0.00	0.00	0.0	0	0.0
105.787	38.63	0.03	1.29	0.00	0.00	0.00	0.0	0	0.0
106.182	38.50	0.04	1.46	0.01	0.00	0.00	0.0	0	0.0
106.577	38.46	0.03	1.17	0.00	0.00	0.00	0.0	0	0.0
106.972	38.69	0.03	1.23	0.00	0.00	0.00	0.0	0	0.0
107.367	38.70	0.01	0.58	0.00	0.00	0.00	0.0	0	0.0
107.762	38.70	0.03	1.15	0.00	0.00	0.00	0.0	0	0.0
108.157	38.58	0.03	1.31	0.00	0.00	0.00	0.0	0	0.0
108.552	38.68	0.03	1.32	0.00	0.00	0.00	0.0	0	0.0
108.947	38.57	0.04	1.57	0.00	0.00	0.00	0.0	0	0.0
109.342	38.71	0.04	1.42	0.00	0.00	0.00	0.0	0	0.0
109.737	38.61	0.02	0.93	0.00	0.00	0.00	0.0	0	0.0
110.132	38.62	0.03	1.23	0.00	0.00	0.00	0.0	0	0.0
110.527	38.59	0.04	1.58	0.02	0.00	0.00	0.0	0	0.0
110.922	38.56	0.04	1.39	0.00	0.00	0.00	0.0	0	0.0
111.317	38.51	0.04	1.46	0.01	0.00	0.00	0.0	0	0.0
111.712	38.64	0.04	1.39	0.00	0.00	0.00	0.0	0	0.0
112.107	38.59	0.04	1.42	0.00	0.00	0.00	0.0	0	0.0
112.502	38.63	0.04	1.38	0.00	0.00	0.00	0.0	0	0.0
112.897	38.70	0.03	1.15	0.01	0.00	0.00	0.0	0	0.0
113.292	38.57	0.03	1.19	0.00	0.00	0.00	0.0	0	0.0
113.687	38.64	0.04	1.70	0.01	0.00	0.00	0.0	0	0.0
114.082	38.50	0.04	1.38	0.00	0.00	0.00	0.0	0	0.0
114.477	38.49	0.04	1.40	0.00	0.00	0.00	0.0	0	0.0
114.872	38.57	0.04	1.57	0.00	0.00	0.00	0.0	0	0.0
115.267	38.50	0.04	1.51	0.00	0.00	0.00	0.0	0	0.0
115.662	38.54	0.04	1.38	0.00	0.00	0.00	0.0	0	0.0
116.057	38.55	0.02	0.81	0.00	0.00	0.00	0.0	0	0.0
116.452	38.52	0.04	1.71	0.00	0.00	0.00	0.0	0	0.0
116.847	38.58	0.04	1.58	0.00	0.00	0.00	0.0	0	0.0
117.242	38.46	0.04	1.50	0.00	0.00	0.00	0.0	0	0.0
117.637	38.72	0.05	1.89	0.00	0.00	0.00	0.0	0	0.0
118.032	38.68	0.04	1.60	0.00	0.00	0.00	0.0	0	0.0
118.427	38.65	0.03	1.03	0.00	0.00	0.00	0.0	0	0.0
118.822	38.65	0.03	1.29	0.00	0.00	0.00	0.0	0	0.0
119.217	38.62	0.04	1.43	0.00	0.00	0.00	0.0	0	0.0
119.612	38.65	0.04	1.51	0.00	0.00	0.00	0.0	0	0.0
120.007	38.68	0.03	1.22	0.00	0.00	0.00	0.0	0	0.0
120.402	38.64	0.03	1.14	0.00	0.00	0.00	0.0	0	0.0
120.797	38.61	0.04	1.40	0.00	0.00	0.00	0.0	0	0.0
121.192	38.57	0.03	1.05	0.00	0.00	0.00	0.0	0	0.0
121.587	38.58	0.01	0.57	0.00	0.00	0.00	0.0	0	0.0
121.982	38.53	0.03	1.00	0.01	0.00	0.00	0.0	0	0.0
122.377	38.63	0.04	1.50	0.00	0.00	0.00	0.0	0	0.0
122.772	38.53	0.03	1.22	0.00	0.00	0.00	0.0	0	0.0
123.167	38.50	0.02	0.88	0.00	0.00	0.00	0.0	0	0.0
123.562	38.55	0.03	1.16	0.01	0.00	0.00	0.0	0	0.0
123.957	38.52	0.04	1.68	0.00	0.00	0.00	0.0	0	0.0
124.352	38.53	0.03	1.24	0.00	0.00	0.00	0.0	0	0.0
124.747	38.51	0.04	1.48	0.00	0.00	0.00	0.0	0	0.0
125.142	38.45	0.04	1.55	0.00	0.00	0.00	0.0	0	0.0
125.537	38.58	0.04	1.51	0.00	0.00	0.00	0.0	0	0.0
125.932	38.48	0.03	1.29	0.00	0.00	0.00	0.0	0	0.0
126.327	38.59	0.04	1.38	0.00	0.00	0.00	0.0	0	0.0
126.722	38.57	0.04	1.38	0.00	0.00	0.00	0.0	0	0.0
127.117	38.61	0.03	0.97	0.00	0.00	0.00	0.0	0	0.0
127.512	38.58	0.03	1.22	0.00	0.00	0.00	0.0	0	0.0
127.907	38.63	0.02	0.81	0.00	0.00	0.00	0.0	0	0.0
128.302	38.67	0.03	1.15	0.00	0.00	0.00	0.0	0	0.0
128.697	38.64	0.02	0.91	0.02	0.00	0.00	0.0	0	0.0
129.092	38.57	0.03	1.12	0.00	0.00	0.00	0.0	0	0.0
129.487	38.69	0.03	1.18	0.00	0.00	0.00	0.0	0	0.0
129.882	38.74	0.03	1.18	0.00	0.00	0.00	0.0	0	0.0
130.277	38.66	0.03	1.09	0.00	0.00	0.00	0.0	0	0.0
130.672	38.72	0.03	1.07	0.00	0.00	0.00	0.0	0	0.0
131.067	38.65	0.04	1.44	0.00	0.00	0.00	0.0	0	0.0
131.462	38.73	0.03	1.17	0.00	0.00	0.00	0.0	0	0.0
131.857	38.65	0.03	1.14	0.00	0.00	0.00	0.0	0	0.0
132.252	38.71	0.03	1.05	0.00	0.00	0.00	0.0	0	0.0
132.647	38.60	0.03	1.03	0.00	0.00	0.00	0.0	0	0.0
133.042	38.71	0.03	0.99	0.00	0.00	0.00	0.0	0	0.0
133.437	38.63	0.02	0.68	0.00	0.00	0.00	0.0	0	0.0
133.832	38.68	0.02	0.95	0.01	0.00	0.00	0.0	0	0.0
134.227	38.67	0.03	1.21	0.00	0.00	0.00	0.0	0	0.0
134.622	38.66	0.03	1.05	0.00	0.00	0.00	0.0	0	0.0
135.017	38.64	0.03	1.30	0.00	0.00	0.00	0.0	0	0.0
135.412	38.66	0.02	0.76	0.01	0.00	0.00	0.0	0	0.0
135.807	38.53	0.03	1.09	0.00	0.00	0.00	0.0	0	0.0
136.202	38.57	0.02	0.89	0.00	0.00	0.00	0.0	0	0.0
136.597	38.67	0.03	1.05	0.00	0.00	0.00	0.0	0	0.0
136.992	38.68	0.02	0.78	0.00	0.00	0.00	0.0	0	0.0
137.387	38.60	0.03	1.16	0.01	0.00	0.00	0.0	0	0.0
137.782	38.59	0.03	1.07	0.00	0.00	0.00	0.0	0	0.0
138.177	38.51	0.03	1.15	0.00	0.00	0.00	0.0	0	0.0
138.572	38.46	0.04	1.64	0.00	0.00	0.00	0.0	0	0.0
138.967	38.53	0.02	0.80	0.01	0.00	0.00	0.0	0	0.0
139.362	38.58	0.03	1.10	0.00	0.00	0.00	0.0	0	0.0
139.757	38.73	0.03	1.02	0.00	0.00	0.00	0.0	0	0.0
140.152	38.58	0.03	1.13	0.00	0.00	0.00	0.0	0	0.0
140.547	38.67	0.02	0.90	0.01	0.00	0.00	0.0	0	0.0
140.942	38.59	0.03	1.04	0.03	0.00	0.00	0.0	0	0.0
141.337	38.77	0.03	1.28	0.00	0.00	0.00	0.0	0	0.0
141.732	38.69	0.04	1.45	0.00	0.00	0.00	0.0	0	0.0
142.127	38.70	0.04	1.36	0.00	0.00	0.00	0.0	0	0.0
142.522	38.61	0.02	0.82	0.03	0.00	0.00	0.0	0	0.0
142.917	38.75	0.03	1.16	0.00	0.00	0.00	0.0	0	0.0
143.312	38.68	0.03	1.01	0.00	0.00	0.00	0.0	0	0.0
132.155	39.45	0.00	0.00	0.03	0.00	0.00	0.0	0	0.0
132.550	39.32	0.00	0.00	0.01	0.00	0.00	0.0	0	0.0
132.945	39.34	0.00	0.00	0.01	0.00	0.00	0.0	0	0.0
133.340	39.37	0.00	0.00	0.02	0.00	0.00	0.0	0	0.0
133.734	39.43	0.00	0.00	0.01	0.00	0.00	0.0	0	0.0
134.128	39.38	0.00	0.11	0.01	0.00	0.00	0.0	0	0.0
134.523	39.33	0.00	0.00	0.03	0.00	0.00	0.0	0	0.0
134.917	39.41	0.00	0.00	0.02	0.00	0.00	0.0	0	0.0
135.312	39.41	0.00	0.00	0.02	0.00	0.00	0.0	0	0.0
135.707	39.44	0.00	0.02	0.01	0.00	0.00	0.0	0	0.0
136.102	39.40	0.00	0.03	0.01	0.00	0.00	0.0	0	0.0
136.497	39.42	0.00	0.00	0.02	0.00	0.00	0.0	0	0.0
136.892	39.44	0.00	0.00	0.00	0.00	0.00	0.0	0	0.0
137.287	39.35	0.00	0.00	0.03	0.00	0.00	0.0	0	0.0
137.682	39.42	0.00	0.00	0.03	0.00	0.00	0.0	0	0.0
138.077	39.48	0.00	0.00	0.02	0.00	0.00	0.0	0	0.0
138.472	39.36	0.00	0.00	0.01	0.00	0.00	0.0	0	0.0
138.867	39.41	0.00	0.00	0.01	0.00	0.00	0.0	0	0.0
139.262	39.20	0.00	0.00	0.00	0.00	0.00	0.0	0	0.0
139.656	39.30	0.00	0.07	0.02	0.00	0.00	0.0	0	0.0
140.050	39.31	0.00	0.04	0.05	0.00	0.00	0.0	0	0.0
140.445	39.20	0.00	0.00	0.00	0.00	0.00	0.0	0	0.0
140.839	39.30	0.00	0.10	0.03	0.00	0.00	0.0	0	0.0
141.233	39.35	0.00	0.13	0.04	0.00	0.00	0.0	0	0.0
173.306	39.29	0.02	0.63	0.06	0.00	0.00	0.0	0	0.0
173.700	39.39	0.01	0.22	0.02	0.00	0.00	0.0	0	0.0
5.517	0.03	0.00	0.00	0.08	0.00	0.00	0.0	0	0.0
95.909	0.13	0.00	0.00	0.06	0.00	0.00	0.0	0	0.0
96.301	0.00	0.00	0.00	0.07	0.00	0.00	0.0	0	0.0
96.693	0.00	0.00	0.00	0.07	0.00	0.00	0.0	0	0.0
97.085	0.08	0.00	0.00	0.07	0.00	0.00	0.0	0	0.0
97.477	0.04	0.00	0.00	0.09	0.00	0.00	0.0	0	0.0
97.869	0.03	0.00	0.00	0.07	0.00	0.00	0.0	0	0.0
98.261	0.04	0.00	0.00	0.08	0.00	0.00	0.0	0	0.0
152.097	0.03	0.00	0.00	0.06	0.00	0.00	0.0	0	0.0
152.490	0.14	0.00	0.00	0.08	0.00	0.00	0.0	0	0.0
152.883	0.02	0.00	0.00	0.07	0.00	0.00	0.0	0	0.0
153.276	0.03	0.00	0.00	0.08	0.00	0.00	0.0	0	0.0
153.669	0.06	0.00	0.00	0.09	0.00	0.00	0.0	0	0.0
154.062	0.00	0.00	0.00	0.08	0.00	0.00	0.0	0	0.0
154.455	0.19	0.00	0.00	0.08	0.00	0.00	0.0	0	0.0
154.848	0.04	0.00	0.00	0.07	0.00	0.00	0.0	0	0.0
155.241	0.05	0.00	0.00	0.09	0.00	0.00	0.0	0	0.0
155.634	0.08	0.00	0.00	0.07	0.00	0.00	0.0	0	0.0
156.027	0.11	0.00	0.00	0.07	0.00	0.00	0.0	0	0.0
156.420	0.00	0.00	0.00	0.08	0.00	0.00	0.0	0	0.0
156.813	0.03	0.00	0.00	0.06	0.00	0.00	0.0	0	0.0
157.206	0.13	0.00	0.00	0.07	0.00	0.00	0.0	0	0.0
157.599	0.07	0.00	0.00	0.08	0.00	0.00	0.0	0	0.0
157.992	0.07	0.00	0.00	0.07	0.00	0.00	0.0	0	0.0
158.385	0.03	0.00	0.00	0.09	0.00	0.00	0.0	0	0.0
158.778	0.02	0.00	0.00	0.08	0.00	0.00	0.0	0	0.0
159.171	0.06	0.00	0.00	0.05	0.00	0.00	0.0	0	0.0
159.564	0.08	0.00	0.00	0.06	0.00	0.00	0.0	0	0.0
159.957	0.07	0.00	0.00	0.04	0.00	0.00	0.0	0	0.0
160.350	0.00	0.00	0.00	0.08	0.00	0.00	0.0	0	0.0
160.743	0.06	0.00	0.00	0.07	0.00	0.00	0.0	0	0.0
161.136	0.06	0.00	0.00	0.04	0.00	0.00	0.0	0	0.0
161.529	0.14	0.00	0.00	0.06	0.00	0.00	0.0	0	0.0
161.922	0.13	0.00	0.00	0.06	0.00	0.00	0.0	0	0.0
162.315	0.11	0.00	0.00	0.06	0.00	0.00	0.0	0	0.0
162.708	0.09	0.00	0.00	0.06	0.00	0.00	0.0	0	0.0
163.101	0.10	0.00	0.00	0.07	0.00	0.00	0.0	0	0.0
163.494	0.05	0.00	0.00	0.06	0.00	0.00	0.0	0	0.0
163.887	0.06	0.00	0.00	0.07	0.00	0.00	0.0	0	0.0
164.280	0.00	0.00	0.00	0.05	0.00	0.00	0.0	0	0.0
164.673	0.01	0.00	0.00	0.07	0.00	0.00	0.0	0	0.0
165.066	0.09	0.00	0.00	0.06	0.00	0.00	0.0	0	0.0
165.459	0.11	0.00	0.00	0.03	0.00	0.00	0.0	0	0.0
165.852	0.03	0.00	0.00	0.07	0.00	0.00	0.0	0	0.0
166.245	0.05	0.00	0.00	0.08	0.00	0.00	0.0	0	0.0
166.638	0.06	0.00	0.00	0.07	0.00	0.00	0.0	0	0.0
167.031	0.00	0.00	0.00	0.05	0.00	0.00	0.0	0	0.0
167.424	0.09	0.00	0.00	0.06	0.00	0.00	0.0	0	0.0
167.817	0.10	0.00	0.00	0.06	0.00	0.00	0.0	0	0.0
168.210	0.06	0.00	0.00	0.09	0.00	0.00	0.0	0	0.0
168.603	0.06	0.00	0.00	0.06	0.00	0.00	0.0	0	0.0
168.996	0.02	0.00	0.00	0.08	0.00	0.00	0.0	0	0.0
169.389	0.00	0.00	0.00	0.06	0.00	0.00	0.0	0	0.0
169.782	0.01	0.00	0.00	0.07	0.00	0.00	0.0	0	0.0
170.175	0.00	0.00	0.00	0.08	0.00	0.00	0.0	0	0.0
170.568	0.15	0.00	0.00	0.07	0.00	0.00	0.0	0	0.0
170.961	0.02	0.00	0.00	0.09	0.00	0.00	0.0	0	0.0
171.354	0.16	0.00	0.00	0.07	0.00	0.00	0.0	0	0.0
171.747	0.05	0.00	0.00	0.08	0.00	0.00	0.0	0	0.0
172.140	0.04	0.00	0.00	0.07	0.00	0.00	0.0	0	0.0
172.533	0.00	0.00	0.00	0.06	0.00	0.00	0.0	0	0.0
172.926	0.10	0.00	0.00	0.06	0.00	0.00	0.0	0	0.0
173.319	0.00	0.00	0.00	0.05	0.00	0.00	0.0	0	0.0
173.712	0.05	0.00	0.00	0.06	0.00	0.00	0.0	0	0.0
174.105	0.07	0.00	0.00	0.06	0.00	0.00	0.0	0	0.0
174.498	0.06	0.00	0.00	0.05	0.00	0.00	0.0	0	0.0
174.891	0.10	0.00	0.00	0.08	0.00	0.00	0.0	0	0.0
175.284	0.12	0.00	0.00	0.07	0.00	0.00	0.0	0	0.0
175.677	0.08	0.00	0.00	0.08	0.00	0.00	0.0	0	0.0
176.070	0.08	0.00	0.00	0.08	0.00	0.00	0.0	0	0.0
176.463	0.03	0.00	0.00	0.07	0.00	0.00	0.0	0	0.0
176.856	0.03	0.00	0.00	0.06	0.00	0.00	0.0	0	0.0
177.249	0.22	0.00	0.00	0.05	0.00	0.00	0.0	0	0.0
177.642	0.08	0.00	0.00	0.05	0.00	0.00	0.0	0	0.0
178.035	0.10	0.00	0.00	0.04	0.00	0.00	0.0	0	0.0
178.428	0.04	0.00	0.00	0.06	0.00	0.00	0.0	0	0.0
178.821	0.11	0.00	0.00	0.05	0.00	0.00	0.0	0	0.0
179.214	0.13	0.00	0.00	0.08	0.00	0.00	0.0	0	0.0
179.607	0.08	0.00	0.00	0.08	0.00	0.00	0.0	0	0.0
180.000	0.02	0.00	0.00	0.07	0.00	0.00	0.0	0	0.0
180.393	0.19	0.00	0.00	0.07	0.00	0.00	0.0	0	0.0
180.786	0.02	0.00	0.00	0.07	0.00	0.00	0.0	0	0.0
181.179	0.07	0.00	0.00	0.07	0.00	0.00	0.0	0	0.0
181.572	0.05	0.00	0.00	0.07	0.00	0.00	0.0	0	0.0
181.965	0.00	0.00	0.00	0.08	0.00	0.00	0.0	0	0.0
182.358	0.04	0.00	0.00	0.07	0.00	0.00	0.0	0	0.0
182.751	0.02	0.00	0.00	0.07	0.00	0.00	0.0	0	0.0
183.144	0.04	0.00	0.00	0.09	0.00	0.00	0.0	0	0.0
183.537	0.06	0.00	0.00	0.09	0.00	0.00	0.0	0	0.0
183.930	0.05	0.00	0.00	0.06	0.00	0.00	0.0	0	0.0
184.323	0.12	0.00	0.00	0.07	0.00	0.00	0.0	0	0.0
184.716	0.07	0.00	0.00	0.07	0.00	0.00	0.0	0	0.0
185.109	0.00	0.00	0.00	0.07	0.00	0.00	0.0	0	0.0
185.502	0.11	0.00	0.00	0.08	0.00	0.00	0.0	0	0.0
185.895	0.08	0.00	0.00	0.08	0.00	0.00	0.0	0	0.0
186.288	0.05	0.00	0.00	0.08	0.00	0.00	0.0	0	0.0
186.681	0.00	0.00	0.00	0.10	0.00	0.00	0.0	0	0.0
187.074	0.16	0.00	0.00	0.04	0.00	0.00	0.0	0	0.0
187.467	0.14	0.00	0.00	0.06	0.00	0.00	0.0	0	0.0
187.860	0.14	0.00	0.00	0.05	0.00	0.00	0.0	0	0.0
188.253	0.04	0.00	0.00	0.08	0.00	0.00	0.0	0	0.0
188.646	0.03	0.00	0.00	0.07	0.00	0.00	0.0	0	0.0
189.039	0.00	0.00	0.00	0.06	0.00	0.00	0.0	0	0.0
189.432	0.09	0.00	0.00	0.08	0.00	0.00	0.0	0	0.0
189.825	0.00	0.00	0.00	0.07	0.00	0.00	0.0	0	0.0
190.218	0.00	0.00	0.00	0.05	0.00	0.00	0.0	0	0.0
190.611	0.00	0.00	0.00	0.07	0.00	0.00	0.0	0	0.0
191.004	0.08	0.00	0.00	0.05	0.00	0.00	0.0	0	0.0
191.397	0.06	0.00	0.00	0.05	0.00	0.00	0.0	0	0.0
191.790	0.04	0.00	0.00	0.07	0.00	0.00	0.0	0	0.0
192.183	0.00	0.00	0.00	0.06	0.00	0.00	0.0	0	0.0
192.576	0.05	0.00	0.00	0.08	0.00	0.00	0.0	0	0.0
192.969	0.02	0.00	0.00	0.07	0.00	0.00	0.0	0	0.0
193.362	0.06	0.00	0.00	0.04	0.00	0.00	0.0	0	0.0
193.755	0.09	0.00	0.00	0.05	0.00	0.00	0.0	0	0.0
194.148	0.08	0.00	0.00	0.08	0.00	0.00	0.0	0	0.0
194.541	0.00	0.00	0.00	0.05	0.00	0.00	0.0	0	0.0
194.934	0.05	0.00	0.00	0.05	0.00	0.00	0.0	0	0.0
195.327	0.04	0.00	0.00	0.06	0.00	0.00	0.0	0	0.0
195.720	0.00	0.00	0.00	0.07	0.00	0.00	0.0	0	0.0
196.113	0.08	0.00	0.00	0.05	0.00	0.00	0.0	0	0.0
196.506	0.10	0.00	0.00	0.08	0.00	0.00	0.0	0	0.0
196.899	0.08	0.00	0.00	0.07	0.00	0.00	0.0	0	0.0
197.292	0.00	0.00	0.00	0.06	0.00	0.00	0.0	0	0.0
197.685	0.06	0.00	0.00	0.08	0.00	0.00	0.0	0	0.0
198.078	0.05	0.00	0.00	0.09	0.00	0.00	0.0	0	0.0
198.471	0.10	0.00	0.00	0.06	0.00	0.00	0.0	0	0.0
198.864	0.06	0.00	0.00	0.06	0.00	0.00	0.0	0	0.0
199.257	0.19	0.00	0.00	0.06	0.00	0.00	0.0	0	0.0
199.650	0.03	0.00	0.00	0.08	0.00	0.00	0.0	0	0.0
200.043	0.10	0.00	0.00	0.05	0.00	0.00	0.0	0	0.0
200.436	0.09	0.00	0.00	0.07	0.00	0.00	0.0	0	0.0
200.829	0.03	0.00	0.00	0.06	0.00	0.00	0.0	0	0.0
201.222	0.06	0.00	0.00	0.07	0.00	0.00	0.0	0	0.0
201.615	0.11	0.00	0.00	0.07	0.00	0.00	0.0	0	0.0
202.008	0.07	0.00	0.00	0.07	0.00	0.00	0.0	0	0.0
202.401	0.19	0.00	0.00	0.11	0.00	0.00	0.0	0	0.0
202.794	0.02	0.00	0.00	0.09	0.00	0.00	0.0	0	0.0
203.187	0.02	0.00	0.00	0.09	0.00	0.00	0.0	0	0.0
203.580	0.09	0.00	0.00	0.07	0.00	0.00	0.0	0	0.0
203.973	0.00	0.00	0.00	0.08	0.00	0.00	0.0	0	0.0
204.366	0.09	0.00	0.00	0.11	0.00	0.00	0.0	0	0.0
204.759	0.11	0.00	0.00	0.08	0.00	0.00	0.0	0	0.0
290.433	0.15	0.00	0.00	0.10	0.00	0.00	0.0	0	0.0
290.826	0.13	0.00	0.00	0.10	0.00	0.00	0.0	0	0.0
291.219	0.11	0.00	0.00	0.08	0.00	0.00	0.0	0	0.0
291.612	0.21	0.00	0.00	0.09	0.00	0.00	0.0	0	0.0
292.005	0.10	0.00	0.00	0.10	0.00	0.00	0.0	0	0.0
292.398	0.08	0.00	0.00	0.10	0.00	0.00	0.0	0	0.0
292.791	0.12	0.00	0.00	0.08	0.00	0.00	0.0	0	0.0
293.184	0.15	0.00	0.00	0.09	0.00	0.00	0.0	0	0.0
293.577	0.07	0.00	0.00	0.10	0.00	0.00	0.0	0	0.0
293.970	0.27	0.00	0.00	0.07	0.00	0.00	0.0	0	0.0
294.363	0.11	0.00	0.00	0.09	0.00	0.00	0.0	0	0.0
294.756	0.13	0.00	0.00	0.10	0.00	0.00	0.0	0	0.0
295.149	0.04	0.00	0.00	0.08	0.00	0.00	0.0	0	0.0
295.542	0.07	0.00	0.00	0.08	0.00	0.00	0.0	0	0.0
295.935	0.12	0.00	0.00	0.09	0.00	0.00	0.0	0	0.0
296.328	0.06	0.00	0.00	0.10	0.00	0.00	0.0	0	0.0
296.721	0.10	0.00	0.00	0.09	0.00	0.00	0.0	0	0.0
297.114	0.08	0.00	0.00	0.10	0.00	0.00	0.0	0	0.0
297.507	0.16	0.00	0.00	0.09	0.00	0.00	0.0	0	0.0
297.900	0.09	0.00	0.00	0.08	0.00	0.00	0.0	0	0.0
298.293	0.08	0.00	0.00	0.08	0.00	0.00	0.0	0	0.0
298.686	0.05	0.00	0.00	0.08	0.00	0.00	0.0	0	0.0
299.079	0.08	0.00	0.00	0.08	0.00	0.00	0.0	0	0.0
299.472	0.10	0.00	0.00	0.07	0.00	0.00	0.0	0	0.0
299.865	0.14	0.00	0.00	0.09	0.00	0.00	0.0	0	0.0
300.258	0.06	0.00	0.00	0.07	0.00	0.00	0.0	0	0.0
300.651	0.07	0.00	0.00	0.09	0.00	0.00	0.0	0	0.0
301.044	0.09	0.00	0.00	0.10	0.00	0.00	0.0	0	0.0
301.437	0.15	0.00	0.00	0.08	0.00	0.00	0.0	0	0.0
301.830	0.09	0.00	0.00	0.09	0.00	0.00	0.0	0	0.0
302.223	0.07	0.00	0.00	0.10	0.00	0.00	0.0	0	0.0
302.616	0.13	0.00	0.00	0.08	0.00	0.00	0.0	0	0.0
303.009	0.08	0.00	0.00	0.09	0.00	0.00	0.0	0	0.0
403.298	38.88	0.07	2.67	0.01	0.42	0.01	0.2	0	0.0
403.693	38.78	0.07	2.72	0.04	0.45	0.02	0.7	0	0.0
404.088	38.85	0.07	2.68	0.04	0.44	0.02	0.6	0	0.0
404.483	38.95	0.06	2.52	0.02	0.44	0.01	0.4	0	0.0
404.878	38.92	0.06	2.44	0.01	0.41	0.00	0.2	0	0.0
405.273	38.92	0.08	3.06	0.02	0.46	0.01	0.3	0	0.0
405.668	38.74	0.06	2.46	0.02	0.42	0.01	0.3	0	0.0
406.063	39.07	0.07	2.57	0.04	0.41	0.02	0.6	0	0.0
406.458	38.84	0.06	2.52	0.03	0.43	0.01	0.5	0	0.0
406.853	38.92	0.08	2.97	0.01	0.43	0.00	0.2	0	0.0
407.248	38.95	0.07	2.88	0.02	0.40	0.01	0.3	0	0.0
407.643	38.94	0.08	3.03	0.00	0.42	0.00	0.0	0	0.0
408.038	38.91	0.07	2.56	0.01	0.42	0.00	0.1	0	0.0
408.433	38.82	0.07	2.55	0.02	0.45	0.01	0.4	0	0.0
408.828	38.90	0.07	2.83	0.03	0.40	0.01	0.4	0	0.0
409.223	38.95	0.06	2.29	0.02	0.41	0.01	0.3	0	0.0
409.618	39.03	0.08	2.93	0.04	0.42	0.01	0.5	0	0.0
410.013	38.76	0.07	2.90	0.04	0.43	0.02	0.5	0	0.0
410.408	38.54	0.08	2.98	0.03	0.40	0.01	0.4	0	0.0
410.803	38.32	0.06	2.34	0.02	0.44	0.01	0.4	0	0.0
411.198	38.52	0.07	2.58	0.01	0.43	0.00	0.2	0	0.0
411.593	38.69	0.07	2.54	0.02	0.43	0.01	0.4	0	0.0
411.988	38.88	0.08	3.08	0.02	0.45	0.01	0.3	0	0.0
412.383	38.97	0.05	2.08	0.03	0.43	0.01	0.6	0	0.0
412.778	38.98	0.07	2.60	0.04	0.46	0.02	0.6	0	0.0
413.173	39.04	0.07	2.74	0.04	0.44	0.02	0.6	0	0.0
413.568	39.05	0.07	2.71	0.03	0.45	0.01	0.5	0	0.0
413.963	38.96	0.07	2.91	0.02	0.44	0.01	0.3	0	0.0
414.358	38.97	0.06	2.36	0.01	0.44	0.00	0.2	0	0.0
414.753	38.94	0.07	2.69	0.03	0.42	0.01	0.4	0	0.0
446.727	38.61	0.06	2.40	0.19	0.65	0.13	5.3	0	0.0
447.121	38.64	0.07	2.66	0.03	0.50	0.02	0.6	0	0.0
447.516	38.65	0.07	2.76	0.01	0.45	0.01	0.2	0	0.0
447.911	38.74	0.06	2.33	0.04	0.46	0.02	0.7	0	0.0
448.306	38.83	0.07	2.61	0.02	0.49	0.01	0.4	0	0.0
544.345	37.55	0.63	23.51	1.74	2.22	3.85	16.4	0	0.0
544.741	38.80	0.10	3.71	0.07	0.54	0.04	1.0	0	0.0
545.136	38.88	0.07	2.76	0.04	0.47	0.02	0.7	0	0.0
545.531	38.90	0.07	2.72	0.02	0.47	0.01	0.4	0	0.0
545.926	39.01	0.06	2.45	0.01	0.45	0.01	0.3	0	0.0
546.321	39.01	0.08	3.11	0.04	0.47	0.02	0.6	0	0.0
546.716	39.07	0.07	2.58	0.03	0.46	0.01	0.5	0	0.0
547.111	39.07	0.07	2.64	0.03	0.48	0.01	0.5	0	0.0
601.790	38.69	0.07	2.85	0.36	0.58	0.21	7.4	0	0.0
602.185	38.87	0.00	0.00	0.06	0.31	0.02	0.0	0	0.0
602.580	39.20	0.02	0.94	0.01	0.28	0.00	0.4	0	0.0
602.975	39.05	0.02	0.75	0.02	0.27	0.00	0.6	0	0.0
603.370	39.00	0.03	1.15	0.03	0.34	0.01	0.8	0	0.0
0.678	39.59	0.03	1.26	0.00	0.41	0.00	0.1	0	0.0
1.070	39.52	0.06	2.32	0.01	0.42	0.00	0.1	0	0.0
1.463	39.43	0.05	1.89	0.01	0.41	0.01	0.3	0	0.0
1.855	39.56	0.05	1.91	0.02	0.41	0.01	0.4	0	0.0
2.247	39.60	0.05	2.16	0.00	0.38	0.00	0.0	0	0.0
2.639	39.44	0.05	2.12	0.02	0.39	0.01	0.5	0	0.0
3.032	39.56	0.04	1.49	0.00	0.38	0.00	0.0	0	0.0
3.424	39.46	0.04	1.73	0.00	0.42	0.00	0.0	0	0.0
3.817	39.61	0.04	1.72	0.00	0.40	0.00	0.0	0	0.0
4.209	39.43	0.04	1.75	0.01	0.41	0.01	0.3	0	0.0
4.602	39.42	0.03	1.35	0.00	0.38	0.00	0.0	0	0.0
4.994	39.43	0.02	0.87	0.00	0.37	0.00	0.0	0	0.0
5.386	39.58	0.05	1.83	0.00	0.38	0.00	0.0	0	0.0
5.778	39.39	0.04	1.63	0.00	0.42	0.00	0.0	0	0.0
6.170	39.42	0.05	2.06	0.00	0.38	0.00	0.0	0	0.0
6.562	39.37	0.05	1.92	0.02	0.42	0.01	0.5	0	0.0
6.955	39.48	0.05	1.82	0.00	0.41	0.00	0.1	0	0.0
7.348	39.31	0.04	1.53	0.02	0.42	0.01	0.4	0	0.0
7.740	39.41	0.05	2.14	0.00	0.41	0.00	0.0	0	0.0
8.132	39.37	0.04	1.75	0.00	0.43	0.00	0.0	0	0.0
8.524	39.32	0.05	1.96	0.00	0.43	0.00	0.0	0	0.0
8.916	39.36	0.06	2.30	0.00	0.40	0.00	0.0	0	0.0
9.308	39.36	0.06	2.40	0.00	0.38	0.00	0.0	0	0.0
9.700	39.32	0.05	2.14	0.00	0.40	0.00	0.0	0	0.0
10.092	39.28	0.05	1.88	0.00	0.42	0.00	0.0	0	0.0
10.485	39.36	0.04	1.69	0.00	0.45	0.00	0.1	0	0.0
10.879	39.26	0.06	2.45	0.00	0.43	0.00	0.0	0	0.0
11.273	39.33	0.06	2.31	0.00	0.42	0.00	0.0	0	0.0
11.667	39.28	0.05	1.93	0.00	0.41	0.00	0.0	0	0.0
12.060	39.32	0.04	1.67	0.00	0.42	0.00	0.0	0	0.0
12.454	39.35	0.05	2.04	0.00	0.40	0.00	0.0	0	0.0
12.847	39.27	0.04	1.64	0.00	0.44	0.00	0.0	0	0.0
13.240	39.20	0.06	2.37	0.00	0.41	0.00	0.0	0	0.0
13.634	39.11	0.05	1.92	0.00	0.42	0.00	0.0	0	0.0
14.027	39.17	0.05	1.86	0.00	0.42	0.00	0.0	0	0.0
14.420	39.21	0.07	2.91	0.00	0.40	0.00	0.0	0	0.0
14.814	38.92	0.06	2.17	0.00	0.43	0.00	0.0	0	0.0
15.207	39.23	0.06	2.23	0.00	0.41	0.00	0.0	0	0.0
15.600	39.14	0.06	2.16	0.00	0.43	0.00	0.0	0	0.0
15.994	39.10	0.05	2.11	0.00	0.40	0.00	0.0	0	0.0
16.387	39.13	0.05	2.12	0.00	0.42	0.00	0.0	0	0.0
16.780	39.12	0.04	1.62	0.00	0.39	0.00	0.0	0	0.0
17.174	39.18	0.05	2.02	0.01	0.42	0.00	0.2	0	0.0
17.568	39.23	0.05	2.01	0.00	0.42	0.00	0.0	0	0.0
17.962	39.17	0.05	1.91	0.00	0.42	0.00	0.0	0	0.0
18.355	39.29	0.06	2.35	0.00	0.40	0.00	0.0	0	0.0
18.749	39.19	0.05	2.11	0.00	0.40	0.00	0.0	0	0.0
19.142	39.22	0.05	1.95	0.00	0.38	0.00	0.0	0	0.0
19.535	39.27	0.05	1.98	0.00	0.43	0.00	0.0	0	0.0
19.929	39.21	0.05	2.11	0.00	0.41	0.00	0.0	0	0.0
20.322	39.32	0.05	1.84	0.00	0.41	0.00	0.0	0	0.0
20.715	39.07	0.05	2.06	0.00	0.40	0.00	0.0	0	0.0
21.109	39.20	0.06	2.24	0.00	0.40	0.00	0.0	0	0.0
21.502	39.22	0.05	1.78	0.00	0.44	0.00	0.1	0	0.0
21.896	39.28	0.05	1.83	0.00	0.42	0.00	0.0	0	0.0
22.289	39.21	0.05	1.97	0.00	0.42	0.00	0.0	0	0.0
22.682	39.29	0.06	2.22	0.00	0.39	0.00	0.0	0	0.0
23.075	39.07	0.05	2.07	0.01	0.38	0.00	0.1	0	0.0
23.469	39.30	0.05	2.08	0.00	0.43	0.00	0.0	0	0.0
23.862	39.17	0.05	2.13	0.00	0.42	0.00	0.0	0	0.0
24.255	39.23	0.05	1.81	0.01	0.40	0.00	0.2	0	0.0
24.649	39.24	0.05	1.79	0.00	0.39	0.00	0.0	0	0.0
25.042	39.22	0.05	1.81	0.00	0.39	0.00	0.0	0	0.0
25.435	39.17	0.05	1.84	0.00	0.41	0.00	0.0	0	0.0
25.829	39.23	0.04	1.74	0.00	0.42	0.00	0.0	0	0.0
26.222	39.13	0.06	2.43	0.00	0.42	0.00	0.0	0	0.0
26.615	39.22	0.05	1.95	0.00	0.38	0.00	0.0	0	0.0
27.009	39.23	0.04	1.54	0.01	0.40	0.00	0.2	0	0.0
27.403	39.29	0.04	1.45	0.01	0.43	0.01	0.4	0	0.0
27.797	39.17	0.04	1.45	0.00	0.40	0.00	0.0	0	0.0
28.190	39.23	0.04	1.63	0.01	0.42	0.01	0.3	0	0.0
28.584	39.14	0.04	1.72	0.00	0.40	0.00	0.0	0	0.0
28.977	39.21	0.05	2.08	0.00	0.41	0.00	0.0	0	0.0
29.370	39.18	0.04	1.72	0.00	0.41	0.00	0.0	0	0.0
29.764	39.26	0.04	1.77	0.00	0.42	0.00	0.0	0	0.0
30.158	39.10	0.05	1.76	0.00	0.40	0.00	0.0	0	0.0
30.552	39.19	0.06	2.24	0.01	0.40	0.00	0.1	0	0.0
30.945	39.08	0.04	1.75	0.00	0.39	0.00	0.1	0	0.0
31.339	39.17	0.04	1.71	0.00	0.41	0.00	0.0	0	0.0
31.733	39.23	0.05	1.88	0.00	0.42	0.00	0.0	0	0.0
32.127	39.25	0.04	1.63	0.01	0.40	0.00	0.2	0	0.0
32.521	39.25	0.04	1.69	0.00	0.40	0.00	0.0	0	0.0
32.914	39.16	0.05	1.93	0.01	0.42	0.01	0.3	0	0.0
33.308	39.06	0.04	1.68	0.00	0.40	0.00	0.0	0	0.0
33.702	39.18	0.04	1.75	0.00	0.41	0.00	0.0	0	0.0
0.678	39.13	0.07	2.68	0.03	0.52	0.01	0.5	0	0.0
1.463	38.98	0.06	2.36	0.01	0.44	0.00	0.1	0	0.0
1.856	39.09	0.06	2.25	0.03	0.42	0.01	0.5	0	0.0
2.248	39.06	0.04	1.47	0.00	0.42	0.00	0.0	0	0.0
2.640	39.08	0.05	1.96	0.01	0.41	0.00	0.2	0	0.0
3.033	38.96	0.04	1.66	0.02	0.39	0.01	0.4	0	0.0
3.425	39.15	0.05	2.04	0.00	0.41	0.00	0.0	0	0.0
3.817	38.96	0.06	2.29	0.01	0.43	0.00	0.1	0	0.0
4.210	39.10	0.05	1.88	0.01	0.42	0.00	0.3	0	0.0
4.603	39.07	0.05	1.94	0.01	0.44	0.00	0.2	0	0.0
4.996	39.12	0.04	1.70	0.00	0.43	0.00	0.0	0	0.0
5.388	39.04	0.05	2.03	0.00	0.43	0.00	0.1	0	0.0
5.780	39.07	0.05	1.92	0.00	0.41	0.00	0.0	0	0.0
6.172	39.18	0.06	2.29	0.00	0.44	0.00	0.0	0	0.0
6.564	39.05	0.06	2.29	0.02	0.41	0.01	0.3	0	0.0
6.957	39.09	0.06	2.20	0.00	0.44	0.00	0.0	0	0.0
7.350	39.06	0.05	2.02	0.00	0.41	0.00	0.0	0	0.0
7.742	39.18	0.06	2.18	0.01	0.41	0.00	0.1	0	0.0
8.135	38.95	0.05	2.07	0.01	0.43	0.00	0.2	0	0.0
8.527	39.03	0.06	2.45	0.00	0.46	0.00	0.0	0	0.0
8.919	39.19	0.06	2.22	0.00	0.42	0.00	0.1	0	0.0
9.312	39.14	0.06	2.20	0.00	0.43	0.00	0.0	0	0.0
9.704	39.20	0.04	1.61	0.00	0.43	0.00	0.0	0	0.0
10.096	39.13	0.07	2.66	0.01	0.42	0.00	0.1	0	0.0
10.490	39.18	0.04	1.66	0.00	0.42	0.00	0.0	0	0.0
10.883	39.12	0.06	2.20	0.00	0.42	0.00	0.1	0	0.0
11.277	39.22	0.05	2.16	0.00	0.44	0.00	0.0	0	0.0
11.670	39.03	0.05	2.14	0.01	0.43	0.00	0.1	0	0.0
12.064	39.22	0.05	2.10	0.00	0.43	0.00	0.0	0	0.0
12.457	39.20	0.05	1.89	0.00	0.40	0.00	0.0	0	0.0
12.850	39.12	0.05	2.07	0.00	0.40	0.00	0.1	0	0.0
13.243	39.09	0.05	1.98	0.00	0.41	0.00	0.0	0	0.0
13.637	39.05	0.05	1.98	0.00	0.40	0.00	0.0	0	0.0
14.030	38.94	0.06	2.19	0.00	0.44	0.00	0.0	0	0.0
14.423	39.16	0.05	1.93	0.01	0.40	0.00	0.1	0	0.0
14.817	39.13	0.05	2.13	0.01	0.42	0.00	0.1	0	0.0
15.211	39.07	0.06	2.26	0.00	0.41	0.00	0.0	0	0.0
15.605	39.14	0.06	2.40	0.00	0.42	0.00	0.0	0	0.0
15.998	39.20	0.06	2.24	0.01	0.43	0.00	0.1	0	0.0
16.392	39.09	0.04	1.65	0.00	0.40	0.00	0.0	0	0.0
16.785	39.17	0.05	1.89	0.00	0.43	0.00	0.0	0	0.0
17.178	39.23	0.05	2.14	0.00	0.42	0.00	0.0	0	0.0
17.572	39.14	0.05	2.05	0.02	0.42	0.01	0.3	0	0.0
17.966	39.10	0.06	2.21	0.01	0.39	0.00	0.2	0	0.0
18.360	39.20	0.05	1.83	0.00	0.43	0.00	0.0	0	0.0
18.753	39.12	0.06	2.35	0.00	0.40	0.00	0.0	0	0.0
19.147	39.00	0.05	1.87	0.00	0.44	0.00	0.1	0	0.0
19.541	39.24	0.05	1.93	0.00	0.40	0.00	0.1	0	0.0
19.935	39.13	0.06	2.16	0.00	0.39	0.00	0.0	0	0.0
20.328	39.25	0.04	1.41	0.00	0.43	0.00	0.0	0	0.0
20.722	39.25	0.05	2.12	0.00	0.43	0.00	0.0	0	0.0
21.115	39.21	0.05	1.91	0.00	0.42	0.00	0.0	0	0.0
21.508	39.12	0.05	1.93	0.00	0.40	0.00	0.0	0	0.0
21.902	39.17	0.06	2.45	0.01	0.42	0.00	0.2	0	0.0
22.296	39.17	0.05	2.15	0.00	0.40	0.00	0.0	0	0.0
22.690	39.28	0.05	1.92	0.00	0.42	0.00	0.0	0	0.0
23.083	39.25	0.05	1.83	0.00	0.40	0.00	0.1	0	0.0
23.477	39.39	0.06	2.19	0.02	0.41	0.01	0.3	0	0.0
23.871	39.14	0.05	1.80	0.00	0.43	0.00	0.0	0	0.0
24.265	39.22	0.05	1.93	0.01	0.42	0.01	0.3	0	0.0
24.659	38.96	0.05	1.80	0.00	0.40	0.00	0.0	0	0.0
25.052	39.32	0.05	1.78	0.01	0.39	0.00	0.2	0	0.0
25.446	39.15	0.05	2.06	0.00	0.38	0.00	0.0	0	0.0
25.840	39.26	0.06	2.24	0.02	0.41	0.01	0.3	0	0.0
26.234	39.02	0.06	2.45	0.00	0.34	0.00	0.0	0	0.0
26.627	39.21	0.05	2.15	0.00	0.41	0.00	0.1	0	0.0
27.021	39.21	0.05	1.99	0.00	0.42	0.00	0.1	0	0.0
27.415	39.16	0.04	1.72	0.00	0.41	0.00	0.0	0	0.0
27.808	39.19	0.06	2.28	0.00	0.38	0.00	0.0	0	0.0
28.202	39.21	0.05	1.93	0.00	0.37	0.00	0.0	0	0.0
28.595	39.20	0.05	2.15	0.00	0.36	0.00	0.0	0	0.0
28.988	39.35	0.06	2.21	0.00	0.41	0.00	0.0	0	0.0
29.382	39.25	0.06	2.25	0.00	0.37	0.00	0.0	0	0.0
29.775	39.33	0.05	2.13	0.00	0.37	0.00	0.0	0	0.0
30.168	39.34	0.04	1.75	0.00	0.42	0.00	0.0	0	0.0
30.562	39.18	0.05	2.09	0.00	0.40	0.00	0.0	0	0.0
30.955	39.41	0.05	2.12	0.00	0.42	0.00	0.0	0	0.0
31.348	39.06	0.05	1.81	0.00	0.41	0.00	0.0	0	0.0
31.742	39.33	0.06	2.19	0.00	0.42	0.00	0.1	0	0.0
32.136	39.25	0.05	2.11	0.00	0.41	0.00	0.0	0	0.0
32.530	39.34	0.05	2.06	0.00	0.42	0.00	0.0	0	0.0
32.923	39.37	0.06	2.30	0.00	0.44	0.00	0.0	0	0.0
33.317	39.15	0.05	2.14	0.00	0.43	0.00	0.0	0	0.0
33.710	39.06	0.05	1.98	0.00	0.40	0.00	0.0	0	0.0
34.103	39.19	0.06	2.24	0.01	0.43	0.01	0.3	0	0.0
34.497	39.27	0.05	2.12	0.00	0.39	0.00	0.0	0	0.0
34.890	39.33	0.06	2.44	0.00	0.42	0.00	0.0	0	0.0
35.283	39.30	0.05	2.00	0.02	0.41	0.01	0.5	0	0.0
96.453	39.36	0.04	1.47	0.00	0.42	0.00	0.1	0	0.0
96.846	39.59	0.02	0.94	0.01	0.38	0.00	0.2	0	0.0
210.195	36.39	1.45	52.62	3.55	3.96	14.06	26.7	0	0.0
210.593	39.48	0.05	1.84	0.12	0.36	0.04	2.3	0	0.0
210.988	39.57	0.00	0.19	0.01	0.25	0.00	0.0	0	0.0
211.383	39.55	0.00	0.00	0.01	0.25	0.00	0.0	0	0.0
211.778	39.54	0.00	0.00	0.00	0.25	0.00	0.0	0	0.0
212.173	39.54	0.00	0.00	0.00	0.25	0.00	0.0	0	0.0
5.761	0.11	0.03	0.00	0.06	0.47	0.03	0.0	0	0.0
6.152	0.00	0.04	0.00	0.06	0.47	0.03	0.0	0	0.0
6.543	0.04	0.03	0.00	0.05	0.47	0.02	0.0	0	0.0
6.934	0.00	0.05	0.00	0.05	0.48	0.03	0.0	0	0.0
7.325	0.20	0.03	0.01	0.04	0.48	0.02	0.0	0	0.0
7.716	0.00	0.02	0.00	0.06	0.46	0.03	0.0	0	0.0
8.107	0.01	0.03	0.00	0.04	0.50	0.02	0.0	0	0.0
6.543	0.09	0.00	0.00	0.39	0.47	0.18	0.0	0	0.0
6.934	0.00	0.00	0.00	0.40	0.46	0.18	0.0	0	0.0
7.325	0.10	0.01	0.00	0.40	0.48	0.19	0.0	0	0.0
7.716	0.09	0.02	0.00	0.38	0.44	0.17	0.0	0	0.0
8.107	0.06	0.01	0.00	0.37	0.49	0.18	0.0	0	0.0
33.645	0.00	0.00	0.00	0.31	0.49	0.15	0.0	0	0.0
34.037	0.00	0.00	0.00	0.33	0.48	0.16	0.0	0	0.0
34.429	0.00	0.01	0.00	0.30	0.47	0.14	0.0	0	0.0
34.821	0.00	0.00	0.00	0.31	0.48	0.15	0.0	0	0.0
35.213	0.00	0.00	0.00	0.33	0.47	0.15	0.0	0	0.0
35.605	0.00	0.01	0.00	0.31	0.45	0.14	0.0	0	0.0
35.997	0.00	0.01	0.00	0.30	0.47	0.14	0.0	0	0.0
36.389	0.00	0.01	0.00	0.28	0.45	0.13	0.0	0	0.0
36.781	0.00	0.00	0.00	0.25	0.47	0.12	0.0	0	0.0
37.173	0.00	0.00	0.00	0.25	0.46	0.11	0.0	0	0.0
37.565	0.00	0.00	0.00	0.25	0.47	0.12	0.0	0	0.0
37.957	0.00	0.00	0.00	0.25	0.45	0.11	0.0	0	0.0
57.833	0.13	0.01	0.00	0.62	0.50	0.31	0.0	0	0.0
58.226	0.18	0.01	0.00	0.65	0.52	0.34	0.0	0	0.0
58.618	0.21	0.03	0.01	0.59	0.51	0.30	0.0	0	0.0
59.010	0.14	0.01	0.00	0.59	0.52	0.30	0.0	0	0.0
59.554	0.20	0.04	0.01	0.57	0.48	0.28	0.0	0	0.0
59.947	0.09	0.04	0.00	0.55	0.52	0.28	0.0	0	0.0
72.486	0.02	0.00	0.00	0.59	0.49	0.29	0.0	0	0.0
72.878	0.00	0.00	0.00	0.59	0.49	0.29	0.0	0	0.0
73.270	0.11	0.00	0.00	0.58	0.49	0.28	0.0	0	0.0
73.662	0.00	0.00	0.00	0.54	0.52	0.28	0.0	0	0.0
74.054	0.02	0.00	0.00	0.55	0.48	0.27	0.0	0	0.0
74.447	0.00	0.00	0.00	0.51	0.50	0.25	0.0	0	0.0
74.839	0.05	0.00	0.00	0.50	0.49	0.25	0.0	0	0.0
75.232	0.00	0.00	0.00	0.48	0.50	0.24	0.0	0	0.0
75.624	0.08	0.00	0.00	0.48	0.49	0.24	0.0	0	0.0
76.017	0.00	0.00	0.00	0.45	0.50	0.22	0.0	0	0.0
76.409	0.19	0.00	0.00	0.44	0.52	0.23	0.0	0	0.0
76.801	0.04	0.00	0.00	0.45	0.51	0.23	0.0	0	0.0
77.193	0.05	0.00	0.00	0.41	0.51	0.21	0.0	0	0.0
77.585	0.08	0.00	0.00	0.41	0.50	0.20	0.0	0	0.0
77.977	0.00	0.00	0.00	0.38	0.51	0.20	0.0	0	0.0
78.369	0.00	0.02	0.00	0.38	0.49	0.19	0.0	0	0.0
78.761	0.08	0.01	0.00	0.37	0.51	0.19	0.0	0	0.0
79.153	0.06	0.00	0.00	0.37	0.50	0.19	0.0	0	0.0
79.545	0.15	0.00	0.00	0.36	0.53	0.19	0.0	0	0.0
79.937	0.15	0.01	0.00	0.33	0.48	0.16	0.0	0	0.0
80.330	0.03	0.00	0.00	0.33	0.52	0.17	0.0	0	0.0
80.722	0.19	0.00	0.00	0.34	0.49	0.17	0.0	0	0.0
81.114	0.00	0.00	0.00	0.31	0.53	0.16	0.0	0	0.0
81.506	0.12	0.01	0.00	0.31	0.49	0.16	0.0	0	0.0
81.898	0.00	0.01	0.00	0.31	0.53	0.16	0.0	0	0.0
82.290	0.02	0.00	0.00	0.31	0.51	0.16	0.0	0	0.0
82.682	0.06	0.00	0.00	0.29	0.52	0.15	0.0	0	0.0
83.074	0.00	0.00	0.00	0.29	0.50	0.15	0.0	0	0.0
83.466	0.08	0.00	0.00	0.28	0.53	0.15	0.0	0	0.0
83.858	0.13	0.00	0.00	0.28	0.51	0.14	0.0	0	0.0
84.250	0.21	0.00	0.00	0.25	0.50	0.12	0.0	0	0.0
84.642	0.04	0.00	0.00	0.25	0.54	0.14	0.0	0	0.0
85.034	0.01	0.01	0.00	0.24	0.53	0.13	0.0	0	0.0
85.427	0.25	0.02	0.00	0.23	0.54	0.12	0.0	0	0.0
85.820	0.11	0.01	0.00	0.23	0.53	0.12	0.0	0	0.0
86.213	0.02	0.01	0.00	0.23	0.52	0.12	0.0	0	0.0
86.605	0.03	0.01	0.00	0.22	0.53	0.12	0.0	0	0.0
86.998	0.10	0.01	0.00	0.22	0.55	0.12	0.0	0	0.0
87.390	0.05	0.00	0.00	0.22	0.52	0.12	0.0	0	0.0
87.782	0.20	0.00	0.00	0.18	0.51	0.09	0.0	0	0.0
88.174	0.12	0.01	0.00	0.21	0.51	0.11	0.0	0	0.0
88.567	0.12	0.00	0.00	0.18	0.55	0.10	0.0	0	0.0
88.959	0.05	0.00	0.00	0.21	0.53	0.11	0.0	0	0.0
89.352	0.00	0.01	0.00	0.18	0.53	0.09	0.0	0	0.0
89.744	0.08	0.01	0.00	0.17	0.51	0.09	0.0	0	0.0
90.137	0.00	0.01	0.00	0.18	0.50	0.09	0.0	0	0.0
90.529	0.10	0.00	0.00	0.18	0.49	0.09	0.0	0	0.0
90.922	0.00	0.01	0.00	0.17	0.53	0.09	0.0	0	0.0
91.314	0.12	0.00	0.00	0.17	0.50	0.08	0.0	0	0.0
91.707	0.15	0.00	0.00	0.14	0.52	0.07	0.0	0	0.0
92.100	0.04	0.01	0.00	0.15	0.51	0.08	0.0	0	0.0
92.493	0.00	0.00	0.00	0.16	0.54	0.08	0.0	0	0.0
92.885	0.05	0.00	0.00	0.14	0.56	0.08	0.0	0	0.0
93.277	0.00	0.00	0.00	0.16	0.52	0.09	0.0	0	0.0
93.669	0.00	0.01	0.00	0.17	0.51	0.09	0.0	0	0.0
94.061	0.03	0.01	0.00	0.13	0.51	0.07	0.0	0	0.0
94.453	0.00	0.00	0.00	0.13	0.52	0.07	0.0	0	0.0
94.845	0.00	0.01	0.00	0.13	0.53	0.07	0.0	0	0.0
95.237	0.00	0.01	0.00	0.13	0.53	0.07	0.0	0	0.0
95.629	0.12	0.00	0.00	0.11	0.52	0.06	0.0	0	0.0
96.021	0.29	0.00	0.00	0.10	0.52	0.05	0.0	0	0.0
96.413	0.26	0.01	0.00	0.11	0.53	0.06	0.0	0	0.0
96.805	0.20	0.01	0.00	0.09	0.53	0.05	0.0	0	0.0
97.197	0.04	0.01	0.00	0.13	0.50	0.06	0.0	0	0.0
97.590	0.18	0.01	0.00	0.11	0.54	0.06	0.0	0	0.0
97.983	0.02	0.00	0.00	0.13	0.54	0.07	0.0	0	0.0
98.375	0.11	0.00	0.00	0.09	0.53	0.05	0.0	0	0.0
98.768	0.00	0.01	0.00	0.11	0.52	0.06	0.0	0	0.0
99.160	0.08	0.01	0.00	0.08	0.53	0.04	0.0	0	0.0
99.552	0.05	0.01	0.00	0.10	0.51	0.05	0.0	0	0.0
99.944	0.08	0.00	0.00	0.08	0.56	0.05	0.0	0	0.0
100.336	0.00	0.00	0.00	0.09	0.50	0.05	0.0	0	0.0
100.730	0.07	0.01	0.00	0.11	0.54	0.06	0.0	0	0.0
101.123	0.00	0.00	0.00	0.08	0.50	0.04	0.0	0	0.0
101.517	0.00	0.00	0.00	0.06	0.54	0.03	0.0	0	0.0
101.910	0.07	0.00	0.00	0.09	0.52	0.05	0.0	0	0.0
102.303	0.00	0.00	0.00	0.08	0.52	0.04	0.0	0	0.0
102.697	0.19	0.00	0.00	0.09	0.53	0.05	0.0	0	0.0
103.090	0.14	0.01	0.00	0.08	0.51	0.04	0.0	0	0.0
103.484	0.00	0.00	0.00	0.07	0.50	0.04	0.0	0	0.0
103.877	0.19	0.01	0.00	0.09	0.51	0.05	0.0	0	0.0
104.271	0.08	0.00	0.00	0.10	0.51	0.05	0.0	0	0.0
104.665	0.01	0.00	0.00	0.09	0.51	0.05	0.0	0	0.0
105.058	0.07	0.00	0.00	0.06	0.54	0.03	0.0	0	0.0
105.452	0.10	0.01	0.00	0.09	0.52	0.04	0.0	0	0.0
175.712	0.02	0.01	0.00	0.30	0.52	0.15	0.0	0	0.0
176.105	0.05	0.02	0.00	0.29	0.52	0.15	0.0	0	0.0
176.498	0.00	0.01	0.00	0.30	0.50	0.15	0.0	0	0.0
176.892	0.00	0.02	0.00	0.27	0.51	0.14	0.0	0	0.0
177.285	0.01	0.00	0.00	0.26	0.50	0.13	0.0	0	0.0
180.433	0.00	0.01	0.00	0.21	0.51	0.11	0.0	0	0.0
180.827	0.07	0.01	0.00	0.20	0.51	0.10	0.0	0	0.0
181.221	0.14	0.01	0.00	0.19	0.52	0.10	0.0	0	0.0
181.615	0.08	0.00	0.00	0.20	0.50	0.10	0.0	0	0.0
182.009	0.13	0.01	0.00	0.20	0.53	0.11	0.0	0	0.0
182.403	0.00	0.02	0.00	0.21	0.49	0.10	0.0	0	0.0
182.797	0.08	0.01	0.00	0.18	0.52	0.09	0.0	0	0.0
183.191	0.00	0.02	0.00	0.18	0.49	0.09	0.0	0	0.0
183.584	0.04	0.01	0.00	0.19	0.54	0.10	0.0	0	0.0
183.978	0.11	0.00	0.00	0.18	0.49	0.09	0.0	0	0.0
184.372	0.15	0.01	0.00	0.18	0.53	0.10	0.0	0	0.0
184.766	0.00	0.01	0.00	0.17	0.51	0.09	0.0	0	0.0
185.160	0.06	0.00	0.00	0.18	0.54	0.10	0.0	0	0.0
185.553	0.09	0.00	0.00	0.15	0.51	0.08	0.0	0	0.0
185.947	0.02	0.01	0.00	0.13	0.52	0.07	0.0	0	0.0
186.340	0.10	0.02	0.00	0.14	0.52	0.07	0.0	0	0.0
186.733	0.00	0.02	0.00	0.13	0.53	0.07	0.0	0	0.0
187.127	0.00	0.01	0.00	0.14	0.50	0.07	0.0	0	0.0
187.520	0.03	0.02	0.00	0.13	0.51	0.07	0.0	0	0.0
187.913	0.00	0.02	0.00	0.13	0.50	0.07	0.0	0	0.0
188.307	0.02	0.00	0.00	0.14	0.49	0.07	0.0	0	0.0
188.700	0.03	0.00	0.00	0.12	0.49	0.06	0.0	0	0.0
189.093	0.01	0.01	0.00	0.13	0.51	0.07	0.0	0	0.0
189.487	0.05	0.01	0.00	0.11	0.51	0.06	0.0	0	0.0
189.881	0.10	0.00	0.00	0.11	0.49	0.05	0.0	0	0.0
190.275	0.08	0.01	0.00	0.13	0.51	0.06	0.0	0	0.0
190.669	0.00	0.00	0.00	0.12	0.50	0.06	0.0	0	0.0
191.063	0.09	0.00	0.00	0.13	0.53	0.07	0.0	0	0.0
191.457	0.06	0.01	0.00	0.12	0.53	0.06	0.0	0	0.0
191.851	0.18	0.00	0.00	0.11	0.53	0.06	0.0	0	0.0
192.245	0.13	0.01	0.00	0.11	0.49	0.05	0.0	0	0.0
192.638	0.05	0.01	0.00	0.07	0.52	0.04	0.0	0	0.0
193.032	0.04	0.00	0.00	0.09	0.47	0.04	0.0	0	0.0
193.425	0.15	0.00	0.00	0.09	0.54	0.05	0.0	0	0.0
193.819	0.06	0.00	0.00	0.09	0.52	0.05	0.0	0	0.0
194.213	0.03	0.00	0.00	0.11	0.52	0.06	0.0	0	0.0
194.607	0.10	0.00	0.00	0.07	0.48	0.04	0.0	0	0.0
195.000	0.00	0.00	0.00	0.09	0.52	0.05	0.0	0	0.0
195.393	0.15	0.00	0.00	0.09	0.48	0.04	0.0	0	0.0
195.787	0.16	0.00	0.00	0.09	0.51	0.05	0.0	0	0.0
196.180	0.00	0.00	0.00	0.09	0.51	0.05	0.0	0	0.0
196.573	0.00	0.02	0.00	0.08	0.49	0.04	0.0	0	0.0
196.967	0.00	0.01	0.00	0.11	0.52	0.06	0.0	0	0.0
197.360	0.00	0.00	0.00	0.10	0.51	0.05	0.0	0	0.0
197.753	0.07	0.00	0.00	0.10	0.54	0.05	0.0	0	0.0
198.147	0.00	0.01	0.00	0.09	0.51	0.05	0.0	0	0.0
198.540	0.03	0.00	0.00	0.07	0.51	0.04	0.0	0	0.0
198.933	0.06	0.00	0.00	0.08	0.51	0.04	0.0	0	0.0
199.327	0.09	0.00	0.00	0.07	0.52	0.04	0.0	0	0.0
199.720	0.14	0.00	0.00	0.08	0.50	0.04	0.0	0	0.0
200.114	0.10	0.00	0.00	0.08	0.53	0.04	0.0	0	0.0
200.507	0.24	0.01	0.00	0.08	0.49	0.04	0.0	0	0.0
200.901	0.07	0.01	0.00	0.03	0.53	0.02	0.0	0	0.0
201.295	0.13	0.01	0.00	0.06	0.48	0.03	0.0	0	0.0
201.688	0.03	0.01	0.00	0.06	0.51	0.03	0.0	0	0.0
202.082	0.08	0.02	0.00	0.06	0.50	0.03	0.0	0	0.0
202.475	0.11	0.01	0.00	0.05	0.53	0.03	0.0	0	0.0
202.868	0.05	0.02	0.00	0.06	0.49	0.03	0.0	0	0.0
203.262	0.00	0.00	0.00	0.06	0.52	0.03	0.0	0	0.0
203.655	0.00	0.01	0.00	0.06	0.49	0.03	0.0	0	0.0
204.048	0.00	0.01	0.00	0.06	0.52	0.03	0.0	0	0.0
204.442	0.11	0.01	0.00	0.07	0.49	0.04	0.0	0	0.0
204.836	0.01	0.00	0.00	0.07	0.54	0.04	0.0	0	0.0
205.230	0.17	0.00	0.00	0.08	0.51	0.04	0.0	0	0.0
205.623	0.01	0.01	0.00	0.09	0.50	0.05	0.0	0	0.0
206.017	0.04	0.00	0.00	0.06	0.52	0.03	0.0	0	0.0
206.411	0.15	0.01	0.00	0.07	0.51	0.04	0.0	0	0.0
206.805	0.13	0.01	0.00	0.06	0.49	0.03	0.0	0	0.0
207.198	0.00	0.00	0.00	0.07	0.51	0.04	0.0	0	0.0
207.592	0.00	0.00	0.00	0.05	0.52	0.03	0.0	0	0.0
207.985	0.10	0.01	0.00	0.07	0.53	0.04	0.0	0	0.0
208.379	0.17	0.00	0.00	0.05	0.54	0.03	0.0	0	0.0
208.773	0.00	0.00	0.00	0.07	0.50	0.04	0.0	0	0.0
209.167	0.10	0.00	0.00	0.06	0.55	0.03	0.0	0	0.0
209.561	0.10	0.01	0.00	0.09	0.51	0.04	0.0	0	0.0
209.955	0.06	0.01	0.00	0.05	0.54	0.03	0.0	0	0.0
210.348	0.11	0.01	0.00	0.07	0.52	0.04	0.0	0	0.0
210.742	0.15	0.01	0.00	0.06	0.54	0.03	0.0	0	0.0
211.136	0.15	0.01	0.00	0.08	0.54	0.04	0.0	0	0.0
211.530	0.07	0.01	0.00	0.06	0.52	0.03	0.0	0	0.0
211.924	0.04	0.01	0.00	0.08	0.50	0.04	0.0	0	0.0
212.318	0.12	0.01	0.00	0.05	0.52	0.02	0.0	0	0.0
212.712	0.00	0.00	0.00	0.08	0.50	0.04	0.0	0	0.0
213.105	0.20	0.01	0.00	0.07	0.54	0.04	0.0	0	0.0
213.498	0.00	0.01	0.00	0.07	0.51	0.03	0.0	0	0.0
213.892	0.04	0.02	0.00	0.05	0.53	0.03	0.0	0	0.0
214.286	0.01	0.01	0.00	0.07	0.52	0.03	0.0	0	0.0
214.680	0.05	0.00	0.00	0.06	0.55	0.03	0.0	0	0.0
215.073	0.18	0.01	0.00	0.06	0.55	0.04	0.0	0	0.0
215.467	0.07	0.02	0.00	0.07	0.51	0.04	0.0	0	0.0
215.861	0.00	0.02	0.00	0.06	0.52	0.03	0.0	0	0.0
216.255	0.15	0.02	0.00	0.07	0.52	0.03	0.0	0	0.0
216.649	0.17	0.02	0.00	0.07	0.49	0.03	0.0	0	0.0
217.043	0.10	0.01	0.00	0.08	0.52	0.04	0.0	0	0.0
217.437	0.01	0.01	0.00	0.08	0.51	0.04	0.0	0	0.0
217.831	0.00	0.01	0.00	0.06	0.55	0.03	0.0	0	0.0
218.224	0.08	0.00	0.00	0.05	0.53	0.02	0.0	0	0.0
218.618	0.11	0.01	0.00	0.08	0.53	0.04	0.0	0	0.0
219.012	0.02	0.02	0.00	0.06	0.54	0.03	0.0	0	0.0
219.406	0.13	0.02	0.00	0.06	0.51	0.03	0.0	0	0.0
219.800	0.05	0.01	0.00	0.05	0.53	0.03	0.0	0	0.0
220.194	0.01	0.01	0.00	0.08	0.52	0.04	0.0	0	0.0
220.588	0.00	0.00	0.00	0.05	0.54	0.03	0.0	0	0.0
220.982	0.04	0.01	0.00	0.04	0.53	0.02	0.0	0	0.0
221.376	0.04	0.02	0.00	0.05	0.53	0.03	0.0	0	0.0
221.770	0.10	0.02	0.00	0.06	0.55	0.03	0.0	0	0.0
222.163	0.06	0.02	0.00	0.05	0.54	0.02	0.0	0	0.0
222.557	0.03	0.02	0.00	0.06	0.52	0.03	0.0	0	0.0
222.951	0.15	0.01	0.00	0.07	0.55	0.04	0.0	0	0.0
223.345	0.02	0.00	0.00	0.04	0.54	0.02	0.0	0	0.0
223.739	0.00	0.00	0.00	0.03	0.53	0.02	0.0	0	0.0
224.133	0.10	0.02	0.00	0.06	0.52	0.03	0.0	0	0.0
224.527	0.25	0.01	0.00	0.06	0.55	0.03	0.0	0	0.0
224.921	0.00	0.00	0.00	0.07	0.53	0.04	0.0	0	0.0
225.314	0.12	0.01	0.00	0.06	0.53	0.03	0.0	0	0.0
225.708	0.06	0.00	0.00	0.04	0.51	0.02	0.0	0	0.0
226.102	0.15	0.01	0.00	0.06	0.52	0.03	0.0	0	0.0
226.496	0.00	0.01	0.00	0.06	0.51	0.03	0.0	0	0.0
226.889	0.04	0.01	0.00	0.06	0.51	0.03	0.0	0	0.0
227.283	0.15	0.01	0.00	0.05	0.52	0.02	0.0	0	0.0
227.677	0.09	0.00	0.00	0.05	0.52	0.03	0.0	0	0.0
228.070	0.00	0.01	0.00	0.05	0.53	0.03	0.0	0	0.0
228.463	0.02	0.02	0.00	0.07	0.51	0.04	0.0	0	0.0
228.857	0.02	0.01	0.00	0.05	0.51	0.03	0.0	0	0.0
229.251	0.22	0.00	0.00	0.05	0.50	0.02	0.0	0	0.0
229.645	0.09	0.01	0.00	0.05	0.52	0.03	0.0	0	0.0
230.039	0.00	0.01	0.00	0.06	0.52	0.03	0.0	0	0.0
230.432	0.00	0.01	0.00	0.06	0.54	0.03	0.0	0	0.0
230.825	0.08	0.01	0.00	0.08	0.51	0.04	0.0	0	0.0
231.218	0.10	0.01	0.00	0.03	0.53	0.02	0.0	0	0.0
231.612	0.06	0.02	0.00	0.06	0.52	0.03	0.0	0	0.0
232.006	0.14	0.01	0.00	0.05	0.52	0.03	0.0	0	0.0
232.400	0.00	0.01	0.00	0.05	0.50	0.02	0.0	0	0.0
232.793	0.17	0.01	0.00	0.06	0.53	0.03	0.0	0	0.0
233.187	0.09	0.02	0.00	0.04	0.53	0.02	0.0	0	0.0
233.581	0.09	0.00	0.00	0.06	0.54	0.03	0.0	0	0.0
233.975	0.00	0.01	0.00	0.05	0.54	0.03	0.0	0	0.0
234.368	0.13	0.01	0.00	0.07	0.54	0.04	0.0	0	0.0
234.762	0.00	0.01	0.00	0.06	0.51	0.03	0.0	0	0.0
235.155	0.17	0.01	0.00	0.06	0.52	0.03	0.0	0	0.0
235.549	0.00	0.01	0.00	0.05	0.51	0.03	0.0	0	0.0
235.942	0.00	0.02	0.00	0.06	0.51	0.03	0.0	0	0.0
236.336	0.00	0.01	0.00	0.05	0.54	0.02	0.0	0	0.0
236.729	0.05	0.01	0.00	0.07	0.49	0.03	0.0	0	0.0
237.123	0.00	0.02	0.00	0.05	0.52	0.02	0.0	0	0.0
237.517	0.01	0.01	0.00	0.02	0.54	0.01	0.0	0	0.0
237.910	0.00	0.01	0.00	0.04	0.54	0.02	0.0	0	0.0
238.303	0.06	0.01	0.00	0.04	0.52	0.02	0.0	0	0.0
238.697	0.03	0.01	0.00	0.04	0.54	0.02	0.0	0	0.0
239.091	0.06	0.01	0.00	0.04	0.50	0.02	0.0	0	0.0
239.485	0.13	0.01	0.00	0.06	0.52	0.03	0.0	0	0.0
239.879	0.09	0.01	0.00	0.07	0.50	0.04	0.0	0	0.0
240.273	0.04	0.01	0.00	0.03	0.53	0.02	0.0	0	0.0
240.667	0.13	0.00	0.00	0.05	0.52	0.03	0.0	0	0.0
241.061	0.06	0.02	0.00	0.04	0.54	0.02	0.0	0	0.0
241.455	0.09	0.02	0.00	0.02	0.51	0.01	0.0	0	0.0
241.849	0.13	0.02	0.00	0.03	0.52	0.02	0.0	0	0.0
242.243	0.19	0.01	0.00	0.05	0.50	0.02	0.0	0	0.0
242.637	0.04	0.01	0.00	0.06	0.53	0.03	0.0	0	0.0
243.031	0.09	0.01	0.00	0.05	0.49	0.02	0.0	0	0.0
243.425	0.08	0.02	0.00	0.04	0.52	0.02	0.0	0	0.0
243.819	0.12	0.01	0.00	0.05	0.50	0.03	0.0	0	0.0
244.213	0.06	0.01	0.00	0.04	0.53	0.02	0.0	0	0.0
244.607	0.04	0.01	0.00	0.07	0.54	0.04	0.0	0	0.0
245.001	0.00	0.02	0.00	0.08	0.53	0.04	0.0	0	0.0
245.395	0.04	0.00	0.00	0.03	0.51	0.02	0.0	0	0.0
245.789	0.09	0.01	0.00	0.06	0.50	0.03	0.0	0	0.0
246.183	0.13	0.00	0.00	0.05	0.51	0.03	0.0	0	0.0
246.577	0.05	0.00	0.00	0.05	0.53	0.03	0.0	0	0.0
246.970	0.11	0.01	0.00	0.05	0.53	0.03	0.0	0	0.0
247.364	0.00	0.02	0.00	0.05	0.54	0.03	0.0	0	0.0
247.757	0.06	0.01	0.00	0.07	0.51	0.04	0.0	0	0.0
248.151	0.14	0.00	0.00	0.04	0.53	0.02	0.0	0	0.0
248.545	0.10	0.02	0.00	0.05	0.50	0.03	0.0	0	0.0
248.939	0.17	0.02	0.00	0.07	0.51	0.03	0.0	0	0.0
249.333	0.08	0.00	0.00	0.04	0.52	0.02	0.0	0	0.0
249.727	0.01	0.02	0.00	0.05	0.52	0.03	0.0	0	0.0
250.121	0.08	0.00	0.00	0.05	0.52	0.03	0.0	0	0.0
250.515	0.08	0.01	0.00	0.07	0.52	0.04	0.0	0	0.0
250.908	0.03	0.00	0.00	0.08	0.54	0.04	0.0	0	0.0
251.302	0.00	0.01	0.00	0.05	0.54	0.03	0.0	0	0.0
251.695	0.00	0.01	0.00	0.06	0.55	0.03	0.0	0	0.0
252.088	0.05	0.01	0.00	0.06	0.51	0.03	0.0	0	0.0
252.482	0.06	0.01	0.00	0.08	0.56	0.04	0.0	0	0.0
252.876	0.07	0.00	0.00	0.03	0.51	0.01	0.0	0	0.0
253.270	0.09	0.01	0.00	0.05	0.56	0.03	0.0	0	0.0
253.663	0.05	0.01	0.00	0.06	0.51	0.03	0.0	0	0.0
254.057	0.07	0.01	0.00	0.06	0.53	0.03	0.0	0	0.0
254.451	0.18	0.01	0.00	0.05	0.54	0.03	0.0	0	0.0
254.845	0.14	0.01	0.00	0.05	0.55	0.03	0.0	0	0.0
255.239	0.07	0.01	0.00	0.04	0.52	0.02	0.0	0	0.0
255.633	0.03	0.01	0.00	0.06	0.52	0.03	0.0	0	0.0
256.027	0.00	0.01	0.00	0.05	0.52	0.02	0.0	0	0.0
256.420	0.04	0.01	0.00	0.05	0.53	0.03	0.0	0	0.0
256.814	0.02	0.01	0.00	0.04	0.55	0.02	0.0	0	0.0
257.208	0.03	0.01	0.00	0.05	0.53	0.03	0.0	0	0.0
257.602	0.05	0.01	0.00	0.05	0.53	0.03	0.0	0	0.0
257.996	0.08	0.02	0.00	0.04	0.51	0.02	0.0	0	0.0
258.390	0.00	0.01	0.00	0.06	0.53	0.03	0.0	0	0.0
258.783	0.10	0.01	0.00	0.06	0.51	0.03	0.0	0	0.0
259.177	0.05	0.01	0.00	0.05	0.57	0.03	0.0	0	0.0
259.571	0.04	0.01	0.00	0.06	0.53	0.03	0.0	0	0.0
259.965	0.10	0.02	0.00	0.06	0.54	0.03	0.0	0	0.0
260.359	0.06	0.02	0.00	0.06	0.53	0.03	0.0	0	0.0
260.753	0.03	0.01	0.00	0.06	0.57	0.03	0.0	0	0.0
261.147	0.05	0.01	0.00	0.03	0.54	0.02	0.0	0	0.0
261.541	0.10	0.03	0.00	0.04	0.54	0.02	0.0	0	0.0
261.935	0.22	0.01	0.00	0.04	0.52	0.02	0.0	0	0.0
262.329	0.09	0.02	0.00	0.04	0.54	0.02	0.0	0	0.0
262.723	0.01	0.01	0.00	0.06	0.51	0.03	0.0	0	0.0
263.117	0.00	0.02	0.00	0.06	0.52	0.03	0.0	0	0.0
263.510	0.07	0.02	0.00	0.05	0.52	0.02	0.0	0	0.0
263.903	0.08	0.02	0.00	0.06	0.53	0.03	0.0	0	0.0
264.297	0.02	0.01	0.00	0.05	0.50	0.02	0.0	0	0.0
264.691	0.00	0.02	0.00	0.06	0.55	0.03	0.0	0	0.0
265.085	0.21	0.01	0.00	0.05	0.53	0.03	0.0	0	0.0
265.478	0.18	0.01	0.00	0.07	0.55	0.04	0.0	0	0.0
265.872	0.08	0.00	0.00	0.06	0.53	0.03	0.0	0	0.0
266.265	0.15	0.01	0.00	0.04	0.54	0.02	0.0	0	0.0
266.659	0.22	0.01	0.00	0.05	0.51	0.03	0.0	0	0.0
267.053	0.03	0.01	0.00	0.06	0.53	0.03	0.0	0	0.0
267.447	0.08	0.02	0.00	0.05	0.54	0.03	0.0	0	0.0
267.841	0.03	0.02	0.00	0.05	0.52	0.03	0.0	0	0.0
268.235	0.05	0.02	0.00	0.06	0.52	0.03	0.0	0	0.0
268.629	0.00	0.01	0.00	0.05	0.54	0.03	0.0	0	0.0
269.022	0.00	0.00	0.00	0.04	0.55	0.02	0.0	0	0.0
269.415	0.02	0.02	0.00	0.06	0.52	0.03	0.0	0	0.0
269.809	0.15	0.01	0.00	0.04	0.54	0.02	0.0	0	0.0
270.203	0.07	0.02	0.00	0.06	0.54	0.03	0.0	0	0.0
270.597	0.24	0.02	0.00	0.05	0.56	0.03	0.0	0	0.0
270.991	0.14	0.01	0.00	0.06	0.54	0.03	0.0	0	0.0
271.385	0.00	0.01	0.00	0.05	0.53	0.03	0.0	0	0.0
271.778	0.05	0.02	0.00	0.06	0.53	0.03	0.0	0	0.0
272.172	0.13	0.01	0.00	0.06	0.55	0.03	0.0	0	0.0
272.566	0.03	0.02	0.00	0.06	0.51	0.03	0.0	0	0.0
272.960	0.00	0.02	0.00	0.05	0.54	0.03	0.0	0	0.0
273.353	0.06	0.01	0.00	0.04	0.52	0.02	0.0	0	0.0
273.747	0.04	0.02	0.00	0.05	0.53	0.03	0.0	0	0.0
274.140	0.00	0.02	0.00	0.07	0.52	0.04	0.0	0	0.0
274.533	0.00	0.01	0.00	0.05	0.52	0.03	0.0	0	0.0
274.927	0.00	0.02	0.00	0.04	0.54	0.02	0.0	0	0.0
275.320	0.14	0.01	0.00	0.06	0.50	0.03	0.0	0	0.0
275.714	0.12	0.01	0.00	0.05	0.51	0.03	0.0	0	0.0
276.108	0.08	0.01	0.00	0.06	0.51	0.03	0.0	0	0.0
276.502	0.03	0.02	0.00	0.06	0.52	0.03	0.0	0	0.0
276.896	0.17	0.01	0.00	0.05	0.52	0.03	0.0	0	0.0
277.290	0.03	0.02	0.00	0.06	0.53	0.03	0.0	0	0.0
277.684	0.00	0.02	0.00	0.07	0.55	0.04	0.0	0	0.0
278.077	0.07	0.01	0.00	0.06	0.55	0.03	0.0	0	0.0
278.471	0.00	0.01	0.00	0.06	0.53	0.03	0.0	0	0.0
278.865	0.08	0.02	0.00	0.04	0.55	0.02	0.0	0	0.0
279.258	0.14	0.01	0.00	0.04	0.52	0.02	0.0	0	0.0
279.652	0.07	0.01	0.00	0.05	0.56	0.03	0.0	0	0.0
280.046	0.00	0.02	0.00	0.05	0.53	0.03	0.0	0	0.0
280.440	0.13	0.02	0.00	0.06	0.55	0.03	0.0	0	0.0
280.834	0.04	0.01	0.00	0.06	0.54	0.03	0.0	0	0.0
281.228	0.12	0.01	0.00	0.05	0.54	0.03	0.0	0	0.0
281.622	0.12	0.02	0.00	0.04	0.54	0.02	0.0	0	0.0
16.961	0.00	0.00	0.00	0.07	0.00	0.00	0.0	0	0.0
17.308	0.00	0.00	0.00	0.09	0.00	0.00	0.0	0	0.0
17.655	0.00	0.00	0.00	0.11	0.00	0.00	0.0	0	0.0
18.002	0.00	0.00	0.00	0.11	0.00	0.00	0.0	0	0.0
18.349	0.00	0.00	0.00	0.10	0.00	0.00	0.0	0	0.0
18.696	0.00	0.00	0.00	0.10	0.00	0.00	0.0	0	0.0
19.043	0.00	0.00	0.00	0.09	0.00	0.00	0.0	0	0.0
19.390	0.00	0.00	0.00	0.10	0.00	0.00	0.0	0	0.0
19.737	0.00	0.00	0.00	0.11	0.00	0.00	0.0	0	0.0
20.084	0.00	0.00	0.00	0.10	0.00	0.00	0.0	0	0.0
20.431	0.00	0.00	0.00	0.08	0.00	0.00	0.0	0	0.0
20.778	0.00	0.00	0.00	0.08	0.00	0.00	0.0	0	0.0
95.730	0.00	0.00	0.00	0.49	0.00	0.00	0.0	0	0.0
96.077	0.00	0.00	0.00	0.48	0.00	0.00	0.0	0	0.0
96.424	0.06	0.00	0.00	0.47	0.00	0.00	0.0	0	0.0
96.771	0.21	0.00	0.00	0.44	0.00	0.00	0.0	0	0.0
97.118	0.00	0.00	0.00	0.44	0.00	0.00	0.0	0	0.0
97.465	0.00	0.00	0.00	0.45	0.00	0.00	0.0	0	0.0
97.812	0.00	0.00	0.00	0.43	0.00	0.00	0.0	0	0.0
98.159	0.00	0.00	0.00	0.42	0.00	0.00	0.0	0	0.0
98.506	0.00	0.00	0.00	0.40	0.00	0.00	0.0	0	0.0
98.853	0.07	0.00	0.00	0.38	0.00	0.00	0.0	0	0.0
99.200	0.00	0.00	0.00	0.37	0.00	0.00	0.0	0	0.0
99.547	0.00	0.00	0.00	0.41	0.00	0.00	0.0	0	0.0
99.894	0.00	0.00	0.00	0.34	0.00	0.00	0.0	0	0.0
100.241	0.00	0.00	0.00	0.33	0.00	0.00	0.0	0	0.0
100.588	0.00	0.00	0.00	0.33	0.00	0.00	0.0	0	0.0
100.935	0.02	0.00	0.00	0.36	0.00	0.00	0.0	0	0.0
101.282	0.05	0.00	0.00	0.35	0.00	0.00	0.0	0	0.0
101.629	0.00	0.00	0.00	0.34	0.00	0.00	0.0	0	0.0
101.976	0.00	0.00	0.00	0.31	0.00	0.00	0.0	0	0.0
102.323	0.00	0.00	0.00	0.30	0.00	0.00	0.0	0	0.0
102.670	0.00	0.00	0.00	0.32	0.00	0.00	0.0	0	0.0
103.017	0.00	0.00	0.00	0.30	0.00	0.00	0.0	0	0.0
103.364	0.00	0.00	0.00	0.31	0.00	0.00	0.0	0	0.0
103.711	0.00	0.00	0.00	0.29	0.00	0.00	0.0	0	0.0
104.058	0.00	0.00	0.00	0.28	0.00	0.00	0.0	0	0.0
104.405	0.00	0.00	0.00	0.25	0.00	0.00	0.0	0	0.0
104.752	0.00	0.00	0.00	0.26	0.00	0.00	0.0	0	0.0
105.099	0.00	0.00	0.00	0.24	0.00	0.00	0.0	0	0.0
105.446	0.00	0.00	0.00	0.26	0.00	0.00	0.0	0	0.0
105.793	0.00	0.00	0.00	0.22	0.00	0.00	0.0	0	0.0
106.140	0.00	0.00	0.00	0.24	0.00	0.00	0.0	0	0.0
106.487	0.00	0.00	0.00	0.23	0.00	0.00	0.0	0	0.0
106.834	0.00	0.00	0.00	0.26	0.00	0.00	0.0	0	0.0
107.181	0.00	0.00	0.00	0.23	0.00	0.00	0.0	0	0.0
107.528	0.00	0.00	0.00	0.20	0.00	0.00	0.0	0	0.0
107.875	0.00	0.00	0.00	0.22	0.00	0.00	0.0	0	0.0
108.222	0.00	0.00	0.00	0.22	0.00	0.00	0.0	0	0.0
108.569	0.00	0.00	0.00	0.21	0.00	0.00	0.0	0	0.0
108.916	0.11	0.00	0.00	0.19	0.00	0.00	0.0	0	0.0
109.263	0.00	0.00	0.00	0.21	0.00	0.00	0.0	0	0.0
109.610	0.14	0.00	0.00	0.20	0.00	0.00	0.0	0	0.0
109.957	0.00	0.00	0.00	0.19	0.00	0.00	0.0	0	0.0
110.304	0.00	0.00	0.00	0.20	0.00	0.00	0.0	0	0.0
110.651	0.00	0.00	0.00	0.19	0.00	0.00	0.0	0	0.0
110.998	0.00	0.00	0.00	0.19	0.00	0.00	0.0	0	0.0
111.345	0.04	0.00	0.00	0.21	0.00	0.00	0.0	0	0.0
111.692	0.01	0.00	0.00	0.17	0.00	0.00	0.0	0	0.0
112.039	0.00	0.00	0.00	0.19	0.00	0.00	0.0	0	0.0
112.386	0.00	0.00	0.00	0.17	0.00	0.00	0.0	0	0.0
112.733	0.00	0.00	0.00	0.19	0.00	0.00	0.0	0	0.0
113.080	0.00	0.00	0.00	0.14	0.00	0.00	0.0	0	0.0
113.427	0.01	0.00	0.00	0.18	0.00	0.00	0.0	0	0.0
113.774	0.00	0.00	0.00	0.16	0.00	0.00	0.0	0	0.0
114.121	0.00	0.00	0.00	0.15	0.00	0.00	0.0	0	0.0
125.225	0.00	0.00	0.00	0.80	0.00	0.00	0.0	0	0.0
125.572	0.09	0.00	0.00	0.76	0.00	0.00	0.0	0	0.0
13.091	0.00	0.00	0.00	0.07	0.00	0.00	0.0	0	0.0
13.235	0.00	0.00	0.00	0.09	0.00	0.00	0.0	0	0.0
13.295	0.00	0.00	0.00	0.07	0.00	0.00	0.0	0	0.0
13.398	0.00	0.00	0.00	0.07	0.00	0.00	0.0	0	0.0
13.542	0.07	0.00	0.00	0.06	0.00	0.00	0.0	0	0.0
13.602	0.13	0.00	0.00	0.09	0.00	0.00	0.0	0	0.0
13.705	0.00	0.00	0.00	0.08	0.00	0.00	0.0	0	0.0
13.849	0.00	0.00	0.00	0.08	0.00	0.00	0.0	0	0.0
13.909	0.03	0.00	0.00	0.08	0.00	0.00	0.0	0	0.0
14.012	0.03	0.00	0.00	0.09	0.00	0.00	0.0	0	0.0
14.156	0.00	0.00	0.00	0.07	0.00	0.00	0.0	0	0.0
14.216	0.00	0.00	0.00	0.07	0.00	0.00	0.0	0	0.0
14.319	0.00	0.00	0.00	0.07	0.00	0.00	0.0	0	0.0
14.463	0.06	0.00	0.00	0.07	0.00	0.00	0.0	0	0.0
14.523	0.13	0.00	0.00	0.06	0.00	0.00	0.0	0	0.0
14.626	0.04	0.00	0.00	0.09	0.00	0.00	0.0	0	0.0
14.770	0.01	0.00	0.00	0.10	0.00	0.00	0.0	0	0.0
14.830	0.00	0.00	0.00	0.10	0.00	0.00	0.0	0	0.0
14.933	0.00	0.00	0.00	0.07	0.00	0.00	0.0	0	0.0
15.077	0.06	0.00	0.00	0.05	0.00	0.00	0.0	0	0.0
15.137	0.00	0.00	0.00	0.06	0.00	0.00	0.0	0	0.0
15.240	0.11	0.00	0.00	0.06	0.00	0.00	0.0	0	0.0
15.384	0.02	0.00	0.00	0.07	0.00	0.00	0.0	0	0.0
15.444	0.01	0.00	0.00	0.08	0.00	0.00	0.0	0	0.0
15.547	0.05	0.00	0.00	0.08	0.00	0.00	0.0	0	0.0
15.691	0.00	0.00	0.00	0.07	0.00	0.00	0.0	0	0.0
15.751	0.03	0.00	0.00	0.07	0.00	0.00	0.0	0	0.0
15.854	0.00	0.00	0.00	0.07	0.00	0.00	0.0	0	0.0
15.998	0.09	0.00	0.00	0.07	0.00	0.00	0.0	0	0.0
16.058	0.17	0.00	0.00	0.07	0.00	0.00	0.0	0	0.0
16.161	0.12	0.00	0.00	0.07	0.00	0.00	0.0	0	0.0
16.305	0.00	0.00	0.00	0.07	0.00	0.00	0.0	0	0.0
16.365	0.03	0.00	0.00	0.08	0.00	0.00	0.0	0	0.0
16.468	0.10	0.00	0.00	0.07	0.00	0.00	0.0	0	0.0
16.612	0.06	0.00	0.00	0.09	0.00	0.00	0.0	0	0.0
16.672	0.05	0.00	0.00	0.08	0.00	0.00	0.0	0	0.0
16.775	0.08	0.00	0.00	0.06	0.00	0.00	0.0	0	0.0
16.919	0.08	0.00	0.00	0.09	0.00	0.00	0.0	0	0.0
16.979	0.01	0.00	0.00	0.09	0.00	0.00	0.0	0	0.0
17.082	0.00	0.00	0.00	0.08	0.00	0.00	0.0	0	0.0
17.226	0.00	0.00	0.00	0.05	0.00	0.00	0.0	0	0.0
17.286	0.02	0.00	0.00	0.06	0.00	0.00	0.0	0	0.0
17.389	0.00	0.00	0.00	0.05	0.00	0.00	0.0	0	0.0
17.533	0.00	0.00	0.00	0.11	0.00	0.00	0.0	0	0.0
17.593	0.01	0.00	0.00	0.10	0.00	0.00	0.0	0	0.0
17.696	0.03	0.00	0.00	0.11	0.00	0.00	0.0	0	0.0
17.840	0.00	0.00	0.00	0.05	0.00	0.00	0.0	0	0.0
17.900	0.00	0.00	0.00	0.07	0.00	0.00	0.0	0	0.0
18.003	0.04	0.00	0.00	0.07	0.00	0.00	0.0	0	0.0
18.147	0.00	0.00	0.00	0.06	0.00	0.00	0.0	0	0.0
18.207	0.00	0.00	0.00	0.07	0.00	0.00	0.0	0	0.0
18.310	0.00	0.00	0.00	0.08	0.00	0.00	0.0	0	0.0
18.454	0.00	0.00	0.00	0.07	0.00	0.00	0.0	0	0.0
18.514	0.00	0.00	0.00	0.09	0.00	0.00	0.0	0	0.0
18.617	0.01	0.00	0.00	0.09	0.00	0.00	0.0	0	0.0
18.761	0.05	0.00	0.00	0.06	0.00	0.00	0.0	0	0.0
18.821	0.01	0.00	0.00	0.08	0.00	0.00	0.0	0	0.0
18.924	0.04	0.00	0.00	0.07	0.00	0.00	0.0	0	0.0
70.337	0.15	0.00	0.00	0.84	0.00	0.00	0.0	0	0.0
70.397	0.03	0.00	0.00	0.83	0.00	0.00	0.0	0	0.0
70.500	0.08	0.00	0.00	0.85	0.00	0.00	0.0	0	0.0
70.644	0.11	0.00	0.00	0.82	0.00	0.00	0.0	0	0.0
70.704	0.13	0.00	0.00	0.81	0.00	0.00	0.0	0	0.0
70.807	0.12	0.00	0.00	0.80	0.00	0.00	0.0	0	0.0
70.951	0.15	0.00	0.00	0.78	0.00	0.00	0.0	0	0.0
71.011	0.17	0.00	0.00	0.79	0.00	0.00	0.0	0	0.0
71.114	0.09	0.00	0.00	0.78	0.00	0.00	0.0	0	0.0
71.258	0.18	0.00	0.00	0.76	0.00	0.00	0.0	0	0.0
71.318	0.12	0.00	0.00	0.76	0.00	0.00	0.0	0	0.0
71.421	0.09	0.00	0.00	0.76	0.00	0.00	0.0	0	0.0
71.565	0.18	0.00	0.00	0.73	0.00	0.00	0.0	0	0.0
71.625	0.15	0.00	0.00	0.74	0.00	0.00	0.0	0	0.0
71.728	0.13	0.00	0.00	0.74	0.00	0.00	0.0	0	0.0
71.872	0.25	0.00	0.00	0.72	0.00	0.00	0.0	0	0.0
71.932	0.27	0.00	0.00	0.73	0.00	0.00	0.0	0	0.0
72.035	0.07	0.00	0.00	0.73	0.00	0.00	0.0	0	0.0
72.179	0.24	0.00	0.00	0.72	0.00	0.00	0.0	0	0.0
72.239	0.22	0.00	0.00	0.72	0.00	0.00	0.0	0	0.0
72.342	0.12	0.00	0.00	0.72	0.00	0.00	0.0	0	0.0
72.486	0.16	0.00	0.00	0.73	0.00	0.00	0.0	0	0.0
72.546	0.17	0.00	0.00	0.72	0.00	0.00	0.0	0	0.0
72.649	0.19	0.00	0.00	0.71	0.00	0.00	0.0	0	0.0
72.793	0.28	0.00	0.00	0.72	0.00	0.00	0.0	0	0.0
72.853	0.22	0.00	0.00	0.72	0.00	0.00	0.0	0	0.0
72.956	0.22	0.00	0.00	0.71	0.00	0.00	0.0	0	0.0
73.100	0.19	0.00	0.00	0.68	0.00	0.00	0.0	0	0.0
73.160	0.14	0.00	0.00	0.65	0.00	0.00	0.0	0	0.0
73.263	0.07	0.00	0.00	0.65	0.00	0.00	0.0	0	0.0
73.407	0.23	0.00	0.00	0.68	0.00	0.00	0.0	0	0.0
73.467	0.12	0.00	0.00	0.69	0.00	0.00	0.0	0	0.0
73.570	0.15	0.00	0.00	0.65	0.00	0.00	0.0	0	0.0
73.714	0.24	0.00	0.00	0.61	0.00	0.00	0.0	0	0.0
73.774	0.15	0.00	0.00	0.62	0.00	0.00	0.0	0	0.0
73.877	0.06	0.00	0.00	0.63	0.00	0.00	0.0	0	0.0
74.021	0.19	0.00	0.00	0.61	0.00	0.00	0.0	0	0.0
74.081	0.18	0.00	0.00	0.62	0.00	0.00	0.0	0	0.0
74.184	0.23	0.00	0.00	0.59	0.00	0.00	0.0	0	0.0
74.328	0.13	0.00	0.00	0.61	0.00	0.00	0.0	0	0.0
74.388	0.18	0.00	0.00	0.59	0.00	0.00	0.0	0	0.0
74.491	0.16	0.00	0.00	0.59	0.00	0.00	0.0	0	0.0
74.635	0.23	0.00	0.00	0.59	0.00	0.00	0.0	0	0.0
74.695	0.25	0.00	0.00	0.59	0.00	0.00	0.0	0	0.0
74.798	0.28	0.00	0.00	0.57	0.00	0.00	0.0	0	0.0
74.942	0.08	0.00	0.00	0.56	0.00	0.00	0.0	0	0.0
75.002	0.16	0.00	0.00	0.56	0.00	0.00	0.0	0	0.0
75.105	0.13	0.00	0.00	0.54	0.00	0.00	0.0	0	0.0
75.249	0.24	0.00	0.00	0.55	0.00	0.00	0.0	0	0.0
75.309	0.26	0.00	0.00	0.56	0.00	0.00	0.0	0	0.0
75.412	0.20	0.00	0.00	0.55	0.00	0.00	0.0	0	0.0
75.556	0.32	0.00	0.00	0.54	0.00	0.00	0.0	0	0.0
75.616	0.19	0.00	0.00	0.55	0.00	0.00	0.0	0	0.0
75.719	0.22	0.00	0.00	0.55	0.00	0.00	0.0	0	0.0
75.863	0.18	0.00	0.00	0.53	0.00	0.00	0.0	0	0.0
75.923	0.18	0.00	0.00	0.53	0.00	0.00	0.0	0	0.0
76.026	0.15	0.00	0.00	0.52	0.00	0.00	0.0	0	0.0
76.170	0.27	0.00	0.00	0.50	0.00	0.00	0.0	0	0.0
76.230	0.25	0.00	0.00	0.51	0.00	0.00	0.0	0	0.0
76.333	0.19	0.00	0.00	0.52	0.00	0.00	0.0	0	0.0
76.477	0.21	0.00	0.00	0.52	0.00	0.00	0.0	0	0.0
76.537	0.21	0.00	0.00	0.51	0.00	0.00	0.0	0	0.0
76.640	0.21	0.00	0.00	0.50	0.00	0.00	0.0	0	0.0
76.784	0.36	0.00	0.00	0.50	0.00	0.00	0.0	0	0.0
76.844	0.25	0.00	0.00	0.49	0.00	0.00	0.0	0	0.0
76.947	0.29	0.00	0.00	0.49	0.00	0.00	0.0	0	0.0
77.091	0.39	0.00	0.00	0.50	0.00	0.00	0.0	0	0.0
77.151	0.32	0.00	0.00	0.51	0.00	0.00	0.0	0	0.0
77.254	0.22	0.00	0.00	0.47	0.00	0.00	0.0	0	0.0
77.398	0.22	0.00	0.00	0.48	0.00	0.00	0.0	0	0.0
77.458	0.21	0.00	0.00	0.47	0.00	0.00	0.0	0	0.0
77.561	0.13	0.00	0.00	0.45	0.00	0.00	0.0	0	0.0
77.705	0.30	0.00	0.00	0.46	0.00	0.00	0.0	0	0.0
77.765	0.24	0.00	0.00	0.46	0.00	0.00	0.0	0	0.0
77.868	0.17	0.00	0.00	0.47	0.00	0.00	0.0	0	0.0
78.012	0.21	0.00	0.00	0.47	0.00	0.00	0.0	0	0.0
78.072	0.20	0.00	0.00	0.46	0.00	0.00	0.0	0	0.0
78.175	0.19	0.00	0.00	0.47	0.00	0.00	0.0	0	0.0
78.319	0.12	0.00	0.00	0.45	0.00	0.00	0.0	0	0.0
78.379	0.05	0.00	0.00	0.45	0.00	0.00	0.0	0	0.0
78.482	0.02	0.00	0.00	0.47	0.00	0.00	0.0	0	0.0
78.626	0.20	0.00	0.00	0.45	0.00	0.00	0.0	0	0.0
78.686	0.17	0.00	0.00	0.43	0.00	0.00	0.0	0	0.0
78.789	0.21	0.00	0.00	0.44	0.00	0.00	0.0	0	0.0
78.933	0.11	0.00	0.00	0.45	0.00	0.00	0.0	0	0.0
78.993	0.23	0.00	0.00	0.43	0.00	0.00	0.0	0	0.0
79.096	0.23	0.00	0.00	0.43	0.00	0.00	0.0	0	0.0
79.240	0.19	0.00	0.00	0.42	0.00	0.00	0.0	0	0.0
79.300	0.14	0.00	0.00	0.42	0.00	0.00	0.0	0	0.0
79.403	0.14	0.00	0.00	0.42	0.00	0.00	0.0	0	0.0
79.547	0.25	0.00	0.00	0.40	0.00	0.00	0.0	0	0.0
79.607	0.21	0.00	0.00	0.39	0.00	0.00	0.0	0	0.0
79.710	0.11	0.00	0.00	0.39	0.00	0.00	0.0	0	0.0
79.854	0.25	0.00	0.00	0.38	0.00	0.00	0.0	0	0.0
79.914	0.24	0.00	0.00	0.38	0.00	0.00	0.0	0	0.0
80.017	0.19	0.00	0.00	0.39	0.00	0.00	0.0	0	0.0
80.161	0.22	0.00	0.00	0.39	0.00	0.00	0.0	0	0.0
80.221	0.22	0.00	0.00	0.39	0.00	0.00	0.0	0	0.0
80.324	0.02	0.00	0.00	0.39	0.00	0.00	0.0	0	0.0
80.468	0.20	0.00	0.00	0.38	0.00	0.00	0.0	0	0.0
80.528	0.18	0.00	0.00	0.38	0.00	0.00	0.0	0	0.0
80.631	0.15	0.00	0.00	0.39	0.00	0.00	0.0	0	0.0
80.775	0.27	0.00	0.00	0.37	0.00	0.00	0.0	0	0.0
80.835	0.20	0.00	0.00	0.37	0.00	0.00	0.0	0	0.0
80.938	0.17	0.00	0.00	0.37	0.00	0.00	0.0	0	0.0
81.082	0.08	0.00	0.00	0.36	0.00	0.00	0.0	0	0.0
651.795	0.00	0.00	0.00	0.06	0.00	0.00	0.0	0	0.0
651.855	0.00	0.00	0.00	0.07	0.00	0.00	0.0	0	0.0
651.958	0.00	0.00	0.00	0.08	0.00	0.00	0.0	0	0.0
652.102	0.00	0.00	0.00	0.10	0.00	0.00	0.0	0	0.0
652.162	0.00	0.00	0.00	0.08	0.00	0.00	0.0	0	0.0
652.265	0.00	0.00	0.00	0.07	0.00	0.00	0.0	0	0.0
652.409	0.00	0.00	0.00	0.11	0.00	0.00	0.0	0	0.0
652.469	0.00	0.00	0.00	0.10	0.00	0.00	0.0	0	0.0
652.572	0.00	0.00	0.00	0.08	0.00	0.00	0.0	0	0.0
652.716	0.00	0.00	0.00	0.08	0.00	0.00	0.0	0	0.0
652.776	0.00	0.00	0.00	0.08	0.00	0.00	0.0	0	0.0
652.879	0.00	0.00	0.00	0.08	0.00	0.00	0.0	0	0.0
653.023	0.00	0.00	0.00	0.10	0.00	0.00	0.0	0	0.0
653.083	0.00	0.00	0.00	0.09	0.00	0.00	0.0	0	0.0
653.186	0.00	0.00	0.00	0.08	0.00	0.00	0.0	0	0.0
653.330	0.00	0.00	0.00	0.07	0.00	0.00	0.0	0	0.0
653.390	0.00	0.00	0.00	0.06	0.00	0.00	0.0	0	0.0
653.493	0.01	0.00	0.00	0.08	0.00	0.00	0.0	0	0.0
653.637	0.00	0.00	0.00	0.07	0.00	0.00	0.0	0	0.0
653.697	0.00	0.00	0.00	0.06	0.00	0.00	0.0	0	0.0
653.800	0.00	0.00	0.00	0.07	0.00	0.00	0.0	0	0.0
653.944	0.00	0.00	0.00	0.07	0.00	0.00	0.0	0	0.0
654.004	0.00	0.00	0.00	0.09	0.00	0.00	0.0	0	0.0
654.107	0.00	0.00	0.00	0.08	0.00	0.00	0.0	0	0.0
654.251	0.00	0.00	0.00	0.06	0.00	0.00	0.0	0	0.0
654.311	0.00	0.00	0.00	0.08	0.00	0.00	0.0	0	0.0
654.414	0.00	0.00	0.00	0.08	0.00	0.00	0.0	0	0.0
654.558	0.00	0.00	0.00	0.08	0.00	0.00	0.0	0	0.0
654.618	0.00	0.00	0.00	0.09	0.00	0.00	0.0	0	0.0
654.721	0.00	0.00	0.00	0.09	0.00	0.00	0.0	0	0.0
654.865	0.00	0.00	0.00	0.08	0.00	0.00	0.0	0	0.0
654.925	0.00	0.00	0.00	0.07	0.00	0.00	0.0	0	0.0
655.028	0.00	0.00	0.00	0.07	0.00	0.00	0.0	0	0.0
655.172	0.00	0.00	0.00	0.05	0.00	0.00	0.0	0	0.0
655.232	0.00	0.00	0.00	0.09	0.00	0.00	0.0	0	0.0
655.335	0.00	0.00	0.00	0.09	0.00	0.00	0.0	0	0.0
655.479	0.00	0.00	0.00	0.07	0.00	0.00	0.0	0	0.0
655.539	0.00	0.00	0.00	0.08	0.00	0.00	0.0	0	0.0
655.642	0.00	0.00	0.00	0.07	0.00	0.00	0.0	0	0.0
655.786	0.00	0.00	0.00	0.06	0.00	0.00	0.0	0	0.0
655.846	0.00	0.00	0.00	0.07	0.00	0.00	0.0	0	0.0
655.949	0.00	0.00	0.00	0.09	0.00	0.00	0.0	0	0.0
656.093	0.00	0.00	0.00	0.08	0.00	0.00	0.0	0	0.0
656.153	0.00	0.00	0.00	0.08	0.00	0.00	0.0	0	0.0
656.256	0.00	0.00	0.00	0.08	0.00	0.00	0.0	0	0.0
656.400	0.00	0.00	0.00	0.08	0.00	0.00	0.0	0	0.0
656.460	0.00	0.00	0.00	0.09	0.00	0.00	0.0	0	0.0
656.563	0.00	0.00	0.00	0.08	0.00	0.00	0.0	0	0.0
656.707	0.00	0.00	0.00	0.06	0.00	0.00	0.0	0	0.0
656.767	0.00	0.00	0.00	0.08	0.00	0.00	0.0	0	0.0
656.870	0.00	0.00	0.00	0.07	0.00	0.00	0.0	0	0.0
657.014	0.02	0.00	0.00	0.06	0.00	0.00	0.0	0	0.0
657.074	0.00	0.00	0.00	0.07	0.00	0.00	0.0	0	0.0
657.177	0.00	0.00	0.00	0.06	0.00	0.00	0.0	0	0.0
657.321	0.00	0.00	0.00	0.07	0.00	0.00	0.0	0	0.0
657.381	0.00	0.00	0.00	0.06	0.00	0.00	0.0	0	0.0
657.484	0.00	0.00	0.00	0.06	0.00	0.00	0.0	0	0.0
657.628	0.00	0.00	0.00	0.08	0.00	0.00	0.0	0	0.0
657.688	0.00	0.00	0.00	0.08	0.00	0.00	0.0	0	0.0
657.791	0.00	0.00	0.00	0.06	0.00	0.00	0.0	0	0.0
657.935	0.00	0.00	0.00	0.07	0.00	0.00	0.0	0	0.0
657.995	0.00	0.00	0.00	0.06	0.00	0.00	0.0	0	0.0
658.098	0.00	0.00	0.00	0.08	0.00	0.00	0.0	0	0.0
658.242	0.00	0.00	0.00	0.06	0.00	0.00	0.0	0	0.0
658.302	0.00	0.00	0.00	0.08	0.00	0.00	0.0	0	0.0
658.405	0.00	0.00	0.00	0.07	0.00	0.00	0.0	0	0.0
658.549	0.00	0.00	0.00	0.09	0.00	0.00	0.0	0	0.0
658.609	0.00	0.00	0.00	0.08	0.00	0.00	0.0	0	0.0
658.712	0.00	0.00	0.00	0.07	0.00	0.00	0.0	0	0.0
658.856	0.00	0.00	0.00	0.09	0.00	0.00	0.0	0	0.0
658.916	0.00	0.00	0.00	0.08	0.00	0.00	0.0	0	0.0
659.019	0.00	0.00	0.00	0.07	0.00	0.00	0.0	0	0.0
659.163	0.00	0.00	0.00	0.07	0.00	0.00	0.0	0	0.0
659.223	0.00	0.00	0.00	0.09	0.00	0.00	0.0	0	0.0
659.326	0.00	0.00	0.00	0.08	0.00	0.00	0.0	0	0.0
659.470	0.00	0.00	0.00	0.07	0.00	0.00	0.0	0	0.0
659.530	0.00	0.00	0.00	0.09	0.00	0.00	0.0	0	0.0
659.633	0.00	0.00	0.00	0.11	0.00	0.00	0.0	0	0.0
363.991	0.00	0.00	0.00	0.08	0.00	0.00	0.0	0	0.0
364.135	0.00	0.00	0.00	0.08	0.00	0.00	0.0	0	0.0
364.195	0.00	0.00	0.00	0.06	0.00	0.00	0.0	0	0.0
364.298	0.00	0.00	0.00	0.07	0.00	0.00	0.0	0	0.0
364.442	0.00	0.00	0.00	0.09	0.00	0.00	0.0	0	0.0
364.502	0.00	0.00	0.00	0.08	0.00	0.00	0.0	0	0.0
364.605	0.00	0.00	0.00	0.10	0.00	0.00	0.0	0	0.0
364.749	0.00	0.00	0.00	0.08	0.00	0.00	0.0	0	0.0
364.809	0.00	0.00	0.00	0.08	0.00	0.00	0.0	0	0.0
364.912	0.00	0.00	0.00	0.08	0.00	0.00	0.0	0	0.0
365.056	0.00	0.00	0.00	0.07	0.00	0.00	0.0	0	0.0
365.116	0.00	0.00	0.00	0.06	0.00	0.00	0.0	0	0.0
365.219	0.00	0.00	0.00	0.07	0.00	0.00	0.0	0	0.0
365.363	0.00	0.00	0.00	0.03	0.00	0.00	0.0	0	0.0
365.423	0.00	0.00	0.00	0.05	0.00	0.00	0.0	0	0.0
365.526	0.00	0.00	0.00	0.05	0.00	0.00	0.0	0	0.0
365.670	0.00	0.00	0.00	0.09	0.00	0.00	0.0	0	0.0
365.730	0.00	0.00	0.00	0.07	0.00	0.00	0.0	0	0.0
365.833	0.00	0.00	0.00	0.05	0.00	0.00	0.0	0	0.0
365.977	0.00	0.00	0.00	0.07	0.00	0.00	0.0	0	0.0
366.037	0.00	0.00	0.00	0.06	0.00	0.00	0.0	0	0.0
366.140	0.00	0.00	0.00	0.05	0.00	0.00	0.0	0	0.0
366.284	0.00	0.00	0.00	0.06	0.00	0.00	0.0	0	0.0
366.344	0.00	0.00	0.00	0.06	0.00	0.00	0.0	0	0.0
366.447	0.00	0.00	0.00	0.06	0.00	0.00	0.0	0	0.0
366.591	0.00	0.00	0.00	0.07	0.00	0.00	0.0	0	0.0
366.651	0.00	0.00	0.00	0.07	0.00	0.00	0.0	0	0.0
366.754	0.00	0.00	0.00	0.07	0.00	0.00	0.0	0	0.0
366.898	0.00	0.00	0.00	0.07	0.00	0.00	0.0	0	0.0
366.958	0.00	0.00	0.00	0.06	0.00	0.00	0.0	0	0.0
367.061	0.00	0.00	0.00	0.05	0.00	0.00	0.0	0	0.0
367.205	0.00	0.00	0.00	0.07	0.00	0.00	0.0	0	0.0
367.265	0.00	0.00	0.00	0.08	0.00	0.00	0.0	0	0.0
367.368	0.00	0.00	0.00	0.06	0.00	0.00	0.0	0	0.0
367.512	0.00	0.00	0.00	0.06	0.00	0.00	0.0	0	0.0
367.572	0.00	0.00	0.00	0.06	0.00	0.00	0.0	0	0.0
367.675	0.00	0.00	0.00	0.06	0.00	0.00	0.0	0	0.0
367.819	0.00	0.00	0.00	0.06	0.00	0.00	0.0	0	0.0
367.879	0.00	0.00	0.00	0.05	0.00	0.00	0.0	0	0.0
367.982	0.00	0.00	0.00	0.06	0.00	0.00	0.0	0	0.0
368.126	0.00	0.00	0.00	0.06	0.00	0.00	0.0	0	0.0
368.186	0.00	0.00	0.00	0.08	0.00	0.00	0.0	0	0.0
368.289	0.00	0.00	0.00	0.07	0.00	0.00	0.0	0	0.0
368.433	0.00	0.00	0.00	0.07	0.00	0.00	0.0	0	0.0
368.493	0.00	0.00	0.00	0.07	0.00	0.00	0.0	0	0.0
368.596	0.00	0.00	0.00	0.07	0.00	0.00	0.0	0	0.0
368.740	0.00	0.00	0.00	0.06	0.00	0.00	0.0	0	0.0
368.800	0.00	0.00	0.00	0.07	0.00	0.00	0.0	0	0.0
368.903	0.00	0.00	0.00	0.06	0.00	0.00	0.0	0	0.0
369.047	0.00	0.00	0.00	0.05	0.01	0.00	0.0	0	0.0
369.107	0.00	0.00	0.00	0.06	0.00	0.00	0.0	0	0.0
369.210	0.00	0.00	0.00	0.06	0.00	0.00	0.0	0	0.0
369.354	0.00	0.00	0.00	0.07	0.00	0.00	0.0	0	0.0
369.414	0.00	0.00	0.00	0.07	0.00	0.00	0.0	0	0.0
369.517	0.00	0.00	0.00	0.09	0.00	0.00	0.0	0	0.0
369.661	0.00	0.00	0.00	0.07	0.00	0.00	0.0	0	0.0
369.721	0.00	0.00	0.00	0.07	0.00	0.00	0.0	0	0.0
369.824	0.00	0.00	0.00	0.06	0.00	0.00	0.0	0	0.0
369.968	0.00	0.00	0.00	0.06	0.00	0.00	0.0	0	0.0
370.028	0.00	0.00	0.00	0.08	0.00	0.00	0.0	0	0.0
370.131	0.00	0.00	0.00	0.06	0.00	0.00	0.0	0	0.0
370.275	0.00	0.00	0.00	0.05	0.00	0.00	0.0	0	0.0
370.335	0.00	0.00	0.00	0.05	0.00	0.00	0.0	0	0.0
370.438	0.00	0.00	0.00	0.07	0.00	0.00	0.0	0	0.0
370.582	0.00	0.00	0.00	0.05	0.00	0.00	0.0	0	0.0
370.642	0.00	0.00	0.00	0.06	0.00	0.00	0.0	0	0.0
370.745	0.00	0.00	0.00	0.07	0.00	0.00	0.0	0	0.0
370.889	0.00	0.00	0.00	0.05	0.00	0.00	0.0	0	0.0
370.949	0.00	0.00	0.00	0.05	0.00	0.00	0.0	0	0.0
371.052	0.00	0.00	0.00	0.06	0.00	0.00	0.0	0	0.0
371.196	0.00	0.00	0.00	0.08	0.00	0.00	0.0	0	0.0
371.256	0.00	0.00	0.00	0.06	0.00	0.00	0.0	0	0.0
371.359	0.00	0.00	0.00	0.05	0.00	0.00	0.0	0	0.0
371.503	0.00	0.00	0.00	0.05	0.00	0.00	0.0	0	0.0
371.563	0.00	0.00	0.00	0.05	0.00	0.00	0.0	0	0.0
371.666	0.00	0.00	0.00	0.05	0.00	0.00	0.0	0	0.0
371.810	0.00	0.00	0.00	0.10	0.00	0.00	0.0	0	0.0
371.870	0.00	0.00	0.00	0.09	0.00	0.00	0.0	0	0.0
371.973	0.00	0.00	0.00	0.08	0.00	0.00	0.0	0	0.0
372.117	0.00	0.00	0.00	0.05	0.01	0.00	0.0	0	0.0
372.177	0.00	0.00	0.00	0.06	0.00	0.00	0.0	0	0.0
372.280	0.00	0.00	0.00	0.07	0.00	0.00	0.0	0	0.0
372.424	0.00	0.00	0.00	0.07	0.02	0.00	0.0	0	0.0
372.484	0.00	0.00	0.00	0.09	0.00	0.00	0.0	0	0.0
372.587	0.00	0.00	0.00	0.08	0.00	0.00	0.0	0	0.0
372.731	0.00	0.00	0.00	0.07	0.00	0.00	0.0	0	0.0
372.791	0.00	0.00	0.00	0.05	0.00	0.00	0.0	0	0.0
372.894	0.00	0.00	0.00	0.05	0.00	0.00	0.0	0	0.0
373.038	0.00	0.00	0.00	0.07	0.01	0.00	0.0	0	0.0
373.098	0.00	0.00	0.00	0.08	0.00	0.00	0.0	0	0.0
373.201	0.00	0.00	0.00	0.08	0.00	0.00	0.0	0	0.0
373.345	0.00	0.00	0.00	0.06	0.00	0.00	0.0	0	0.0
373.405	0.00	0.00	0.00	0.06	0.00	0.00	0.0	0	0.0
373.508	0.00	0.00	0.00	0.06	0.00	0.00	0.0	0	0.0
373.652	0.00	0.00	0.00	0.06	0.00	0.00	0.0	0	0.0
373.712	0.00	0.00	0.00	0.06	0.00	0.00	0.0	0	0.0
373.815	0.00	0.00	0.00	0.07	0.00	0.00	0.0	0	0.0
373.959	0.00	0.00	0.00	0.05	0.00	0.00	0.0	0	0.0
374.019	0.00	0.00	0.00	0.04	0.00	0.00	0.0	0	0.0
374.122	0.00	0.00	0.00	0.05	0.00	0.00	0.0	0	0.0
374.266	0.00	0.00	0.00	0.06	0.00	0.00	0.0	0	0.0
374.326	0.01	0.00	0.00	0.06	0.00	0.00	0.0	0	0.0
374.429	0.00	0.00	0.00	0.05	0.00	0.00	0.0	0	0.0
374.573	0.00	0.00	0.00	0.04	0.00	0.00	0.0	0	0.0
374.633	0.00	0.00	0.00	0.04	0.00	0.00	0.0	0	0.0
374.736	0.00	0.00	0.00	0.07	0.00	0.00	0.0	0	0.0
374.880	0.00	0.00	0.00	0.07	0.00	0.00	0.0	0	0.0
374.940	0.00	0.00	0.00	0.06	0.01	0.00	0.0	0	0.0
375.043	0.00	0.00	0.00	0.07	0.01	0.00	0.0	0	0.0
375.187	0.00	0.00	0.00	0.07	0.00	0.00	0.0	0	0.0
375.247	0.00	0.00	0.00	0.08	0.00	0.00	0.0	0	0.0
375.350	0.00	0.00	0.00	0.06	0.00	0.00	0.0	0	0.0
375.494	0.00	0.00	0.00	0.06	0.00	0.00	0.0	0	0.0
375.554	0.00	0.00	0.00	0.06	0.00	0.00	0.0	0	0.0
375.657	0.00	0.00	0.00	0.05	0.00	0.00	0.0	0	0.0
375.801	0.00	0.00	0.00	0.05	0.01	0.00	0.0	0	0.0
375.861	0.00	0.00	0.00	0.04	0.00	0.00	0.0	0	0.0
375.964	0.00	0.00	0.00	0.07	0.00	0.00	0.0	0	0.0
376.108	0.00	0.00	0.00	0.08	0.00	0.00	0.0	0	0.0
376.168	0.00	0.00	0.00	0.07	0.00	0.00	0.0	0	0.0
376.271	0.00	0.00	0.00	0.06	0.00	0.00	0.0	0	0.0
376.415	0.08	0.00	0.00	0.09	0.00	0.00	0.0	0	0.0
376.475	0.04	0.00	0.00	0.07	0.00	0.00	0.0	0	0.0
376.578	0.00	0.00	0.00	0.07	0.00	0.00	0.0	0	0.0
376.722	0.00	0.00	0.00	0.09	0.00	0.00	0.0	0	0.0
376.782	0.00	0.00	0.00	0.08	0.00	0.00	0.0	0	0.0
376.885	0.00	0.00	0.00	0.08	0.00	0.00	0.0	0	0.0
377.029	0.00	0.00	0.00	0.06	0.00	0.00	0.0	0	0.0
377.089	0.00	0.00	0.00	0.05	0.00	0.00	0.0	0	0.0
377.192	0.00	0.00	0.00	0.04	0.00	0.00	0.0	0	0.0
377.336	0.00	0.00	0.00	0.09	0.01	0.00	0.0	0	0.0
377.396	0.00	0.00	0.00	0.07	0.00	0.00	0.0	0	0.0
377.499	0.00	0.00	0.00	0.06	0.00	0.00	0.0	0	0.0
377.643	0.00	0.00	0.00	0.02	0.00	0.00	0.0	0	0.0
377.703	0.00	0.00	0.00	0.04	0.00	0.00	0.0	0	0.0
377.806	0.00	0.00	0.00	0.05	0.00	0.00	0.0	0	0.0
377.950	0.00	0.00	0.00	0.07	0.00	0.00	0.0	0	0.0
378.010	0.00	0.00	0.00	0.07	0.00	0.00	0.0	0	0.0
378.113	0.00	0.00	0.00	0.07	0.00	0.00	0.0	0	0.0
378.257	0.00	0.00	0.00	0.05	0.00	0.00	0.0	0	0.0
378.317	0.00	0.00	0.00	0.06	0.00	0.00	0.0	0	0.0
378.420	0.00	0.00	0.00	0.07	0.00	0.00	0.0	0	0.0
378.564	0.00	0.00	0.00	0.06	0.00	0.00	0.0	0	0.0
378.624	0.00	0.00	0.00	0.06	0.00	0.00	0.0	0	0.0
378.727	0.00	0.00	0.00	0.05	0.00	0.00	0.0	0	0.0
378.871	0.01	0.00	0.00	0.07	0.00	0.00	0.0	0	0.0
378.931	0.00	0.00	0.00	0.07	0.00	0.00	0.0	0	0.0
379.034	0.00	0.00	0.00	0.06	0.00	0.00	0.0	0	0.0
379.178	0.00	0.00	0.00	0.07	0.00	0.00	0.0	0	0.0
379.238	0.00	0.00	0.00	0.09	0.00	0.00	0.0	0	0.0
379.341	0.00	0.00	0.00	0.08	0.00	0.00	0.0	0	0.0
379.485	0.00	0.00	0.00	0.04	0.00	0.00	0.0	0	0.0
379.545	0.00	0.00	0.00	0.04	0.00	0.00	0.0	0	0.0
379.648	0.00	0.00	0.00	0.06	0.00	0.00	0.0	0	0.0
379.792	0.00	0.00	0.00	0.07	0.00	0.00	0.0	0	0.0
379.852	0.00	0.00	0.00	0.06	0.00	0.00	0.0	0	0.0
379.955	0.00	0.00	0.00	0.07	0.00	0.00	0.0	0	0.0
380.099	0.00	0.00	0.00	0.08	0.00	0.00	0.0	0	0.0
380.159	0.00	0.00	0.00	0.06	0.00	0.00	0.0	0	0.0
380.262	0.00	0.00	0.00	0.06	0.00	0.00	0.0	0	0.0
380.406	0.00	0.00	0.00	0.05	0.00	0.00	0.0	0	0.0
380.466	0.00	0.00	0.00	0.05	0.00	0.00	0.0	0	0.0
380.569	0.00	0.00	0.00	0.05	0.00	0.00	0.0	0	0.0
380.713	0.00	0.00	0.00	0.03	0.00	0.00	0.0	0	0.0
380.773	0.00	0.00	0.00	0.05	0.00	0.00	0.0	0	0.0
380.876	0.00	0.00	0.00	0.07	0.00	0.00	0.0	0	0.0
381.020	0.00	0.00	0.00	0.06	0.00	0.00	0.0	0	0.0
381.080	0.00	0.00	0.00	0.07	0.00	0.00	0.0	0	0.0
381.183	0.00	0.00	0.00	0.05	0.00	0.00	0.0	0	0.0
381.327	0.00	0.00	0.00	0.06	0.00	0.00	0.0	0	0.0
381.387	0.00	0.00	0.00	0.06	0.00	0.00	0.0	0	0.0
381.490	0.00	0.00	0.00	0.06	0.00	0.00	0.0	0	0.0
381.634	0.00	0.00	0.00	0.06	0.00	0.00	0.0	0	0.0
381.694	0.00	0.00	0.00	0.07	0.00	0.00	0.0	0	0.0
381.797	0.00	0.00	0.00	0.06	0.00	0.00	0.0	0	0.0
381.941	0.00	0.00	0.00	0.06	0.00	0.00	0.0	0	0.0
382.001	0.00	0.00	0.00	0.06	0.00	0.00	0.0	0	0.0
382.104	0.00	0.00	0.00	0.06	0.00	0.00	0.0	0	0.0
382.248	0.00	0.00	0.00	0.05	0.00	0.00	0.0	0	0.0
382.308	0.00	0.00	0.00	0.06	0.00	0.00	0.0	0	0.0
382.411	0.00	0.00	0.00	0.06	0.00	0.00	0.0	0	0.0
382.555	0.00	0.00	0.00	0.11	0.00	0.00	0.0	0	0.0
382.615	0.00	0.00	0.00	0.10	0.00	0.00	0.0	0	0.0
382.718	0.00	0.00	0.00	0.08	0.00	0.00	0.0	0	0.0
382.862	0.05	0.00	0.00	0.08	0.00	0.00	0.0	0	0.0
382.922	0.06	0.00	0.00	0.06	0.00	0.00	0.0	0	0.0
383.025	0.00	0.00	0.00	0.07	0.00	0.00	0.0	0	0.0
383.169	0.00	0.00	0.00	0.06	0.00	0.00	0.0	0	0.0
383.229	0.00	0.00	0.00	0.05	0.00	0.00	0.0	0	0.0
383.332	0.00	0.00	0.00	0.07	0.00	0.00	0.0	0	0.0
383.476	0.00	0.00	0.00	0.07	0.00	0.00	0.0	0	0.0
383.536	0.00	0.00	0.00	0.07	0.00	0.00	0.0	0	0.0
383.639	0.00	0.00	0.00	0.05	0.00	0.00	0.0	0	0.0
383.783	0.00	0.00	0.00	0.08	0.00	0.00	0.0	0	0.0
383.843	0.00	0.00	0.00	0.09	0.00	0.00	0.0	0	0.0
383.946	0.00	0.00	0.00	0.07	0.00	0.00	0.0	0	0.0
384.090	0.00	0.00	0.00	0.08	0.00	0.00	0.0	0	0.0
384.150	0.00	0.00	0.00	0.07	0.00	0.00	0.0	0	0.0
384.253	0.00	0.00	0.00	0.08	0.00	0.00	0.0	0	0.0
384.397	0.00	0.00	0.00	0.06	0.00	0.00	0.0	0	0.0
384.457	0.00	0.00	0.00	0.06	0.00	0.00	0.0	0	0.0
384.560	0.00	0.00	0.00	0.05	0.00	0.00	0.0	0	0.0
384.704	0.00	0.00	0.00	0.07	0.00	0.00	0.0	0	0.0
384.764	0.00	0.00	0.00	0.08	0.00	0.00	0.0	0	0.0
384.867	0.00	0.00	0.00	0.07	0.00	0.00	0.0	0	0.0
385.011	0.00	0.00	0.00	0.08	0.00	0.00	0.0	0	0.0
385.071	0.00	0.00	0.00	0.08	0.00	0.00	0.0	0	0.0
385.174	0.00	0.00	0.00	0.06	0.00	0.00	0.0	0	0.0
385.318	0.00	0.00	0.00	0.08	0.00	0.00	0.0	0	0.0
385.378	0.00	0.00	0.00	0.07	0.00	0.00	0.0	0	0.0
385.481	0.00	0.00	0.00	0.07	0.00	0.00	0.0	0	0.0
385.625	0.00	0.00	0.00	0.08	0.00	0.00	0.0	0	0.0
385.685	0.00	0.00	0.00	0.08	0.00	0.00	0.0	0	0.0
385.788	0.00	0.00	0.00	0.08	0.00	0.00	0.0	0	0.0
385.932	0.00	0.00	0.00	0.08	0.00	0.00	0.0	0	0.0
385.992	0.00	0.00	0.00	0.07	0.00	0.00	0.0	0	0.0
386.095	0.00	0.00	0.00	0.07	0.00	0.00	0.0	0	0.0
386.239	0.00	0.00	0.00	0.06	0.00	0.00	0.0	0	0.0
386.299	0.00	0.00	0.00	0.06	0.00	0.00	0.0	0	0.0
386.402	0.00	0.00	0.00	0.06	0.00	0.00	0.0	0	0.0
386.546	0.00	0.00	0.00	0.05	0.00	0.00	0.0	0	0.0
386.606	0.00	0.00	0.00	0.07	0.00	0.00	0.0	0	0.0
386.709	0.00	0.00	0.00	0.05	0.00	0.00	0.0	0	0.0
386.853	0.01	0.00	0.00	0.04	0.00	0.00	0.0	0	0.0
386.913	0.00	0.00	0.00	0.06	0.00	0.00	0.0	0	0.0
387.016	0.00	0.00	0.00	0.07	0.00	0.00	0.0	0	0.0
387.160	0.00	0.00	0.00	0.05	0.00	0.00	0.0	0	0.0
387.220	0.00	0.00	0.00	0.05	0.00	0.00	0.0	0	0.0
387.323	0.00	0.00	0.00	0.08	0.00	0.00	0.0	0	0.0
387.467	0.00	0.00	0.00	0.08	0.00	0.00	0.0	0	0.0
387.527	0.00	0.00	0.00	0.07	0.01	0.00	0.0	0	0.0
387.630	0.00	0.00	0.00	0.07	0.00	0.00	0.0	0	0.0
387.774	0.00	0.00	0.00	0.07	0.00	0.00	0.0	0	0.0
387.834	0.00	0.00	0.00	0.06	0.00	0.00	0.0	0	0.0
387.937	0.00	0.00	0.00	0.05	0.00	0.00	0.0	0	0.0
388.081	0.00	0.00	0.00	0.06	0.00	0.00	0.0	0	0.0
388.141	0.00	0.00	0.00	0.07	0.00	0.00	0.0	0	0.0
388.244	0.00	0.00	0.00	0.07	0.00	0.00	0.0	0	0.0
388.388	0.00	0.00	0.00	0.07	0.00	0.00	0.0	0	0.0
388.448	0.00	0.00	0.00	0.09	0.00	0.00	0.0	0	0.0
388.551	0.00	0.00	0.00	0.08	0.00	0.00	0.0	0	0.0
388.695	0.00	0.00	0.00	0.07	0.00	0.00	0.0	0	0.0
388.755	0.00	0.00	0.00	0.07	0.00	0.00	0.0	0	0.0
388.858	0.00	0.00	0.00	0.06	0.00	0.00	0.0	0	0.0
389.002	0.00	0.00	0.00	0.07	0.02	0.00	0.0	0	0.0
389.062	0.00	0.00	0.00	0.06	0.00	0.00	0.0	0	0.0
389.165	0.00	0.00	0.00	0.06	0.00	0.00	0.0	0	0.0
389.309	0.00	0.00	0.00	0.09	0.01	0.00	0.0	0	0.0
389.369	0.00	0.00	0.00	0.07	0.00	0.00	0.0	0	0.0
389.472	0.00	0.00	0.00	0.08	0.00	0.00	0.0	0	0.0
389.616	0.00	0.00	0.00	0.07	0.00	0.00	0.0	0	0.0
389.676	0.00	0.00	0.00	0.08	0.00	0.00	0.0	0	0.0
389.779	0.00	0.00	0.00	0.07	0.00	0.00	0.0	0	0.0
389.923	0.00	0.00	0.00	0.06	0.00	0.00	0.0	0	0.0
389.983	0.00	0.00	0.00	0.08	0.00	0.00	0.0	0	0.0
390.086	0.00	0.00	0.00	0.07	0.00	0.00	0.0	0	0.0
390.230	0.00	0.00	0.00	0.06	0.00	0.00	0.0	0	0.0
390.290	0.00	0.00	0.00	0.07	0.00	0.00	0.0	0	0.0
390.393	0.00	0.00	0.00	0.06	0.00	0.00	0.0	0	0.0
390.537	0.00	0.00	0.00	0.07	0.00	0.00	0.0	0	0.0
390.597	0.00	0.00	0.00	0.08	0.00	0.00	0.0	0	0.0
390.700	0.00	0.00	0.00	0.08	0.00	0.00	0.0	0	0.0
390.844	0.00	0.00	0.00	0.08	0.00	0.00	0.0	0	0.0
390.904	0.00	0.00	0.00	0.07	0.00	0.00	0.0	0	0.0
391.007	0.00	0.00	0.00	0.08	0.00	0.00	0.0	0	0.0
391.151	0.00	0.00	0.00	0.04	0.00	0.00	0.0	0	0.0
391.211	0.00	0.00	0.00	0.06	0.00	0.00	0.0	0	0.0
391.314	0.00	0.00	0.00	0.10	0.00	0.00	0.0	0	0.0
391.458	0.00	0.00	0.00	0.09	0.00	0.00	0.0	0	0.0
391.518	0.00	0.00	0.00	0.10	0.00	0.00	0.0	0	0.0
391.621	0.00	0.00	0.00	0.09	0.00	0.00	0.0	0	0.0
391.765	0.00	0.00	0.00	0.06	0.00	0.00	0.0	0	0.0
391.825	0.00	0.00	0.00	0.05	0.00	0.00	0.0	0	0.0
391.928	0.00	0.00	0.00	0.05	0.00	0.00	0.0	0	0.0
392.072	0.00	0.00	0.00	0.07	0.01	0.00	0.0	0	0.0
392.132	0.00	0.00	0.00	0.07	0.00	0.00	0.0	0	0.0
392.235	0.00	0.00	0.00	0.06	0.00	0.00	0.0	0	0.0
392.379	0.00	0.00	0.00	0.06	0.00	0.00	0.0	0	0.0
392.439	0.00	0.00	0.00	0.07	0.00	0.00	0.0	0	0.0
392.542	0.00	0.00	0.00	0.06	0.00	0.00	0.0	0	0.0
392.686	0.00	0.00	0.00	0.07	0.00	0.00	0.0	0	0.0
392.746	0.00	0.00	0.00	0.07	0.00	0.00	0.0	0	0.0
392.849	0.00	0.00	0.00	0.06	0.00	0.00	0.0	0	0.0
392.993	0.00	0.00	0.00	0.09	0.00	0.00	0.0	0	0.0
393.053	0.00	0.00	0.00	0.06	0.01	0.00	0.0	0	0.0
393.156	0.00	0.00	0.00	0.05	0.00	0.00	0.0	0	0.0
393.300	0.00	0.00	0.00	0.05	0.00	0.00	0.0	0	0.0
393.360	0.00	0.00	0.00	0.06	0.00	0.00	0.0	0	0.0
393.463	0.00	0.00	0.00	0.07	0.00	0.00	0.0	0	0.0
393.607	0.00	0.00	0.00	0.11	0.00	0.00	0.0	0	0.0
393.667	0.00	0.00	0.00	0.10	0.00	0.00	0.0	0	0.0
393.770	0.00	0.00	0.00	0.08	0.00	0.00	0.0	0	0.0
393.914	0.00	0.00	0.00	0.05	0.00	0.00	0.0	0	0.0
393.974	0.00	0.00	0.00	0.05	0.00	0.00	0.0	0	0.0
394.077	0.00	0.00	0.00	0.05	0.00	0.00	0.0	0	0.0
394.221	0.00	0.00	0.00	0.06	0.00	0.00	0.0	0	0.0
394.281	0.00	0.00	0.00	0.06	0.00	0.00	0.0	0	0.0
394.384	0.00	0.00	0.00	0.07	0.00	0.00	0.0	0	0.0
394.528	0.00	0.00	0.00	0.07	0.00	0.00	0.0	0	0.0
394.588	0.00	0.00	0.00	0.07	0.00	0.00	0.0	0	0.0
394.691	0.00	0.00	0.00	0.07	0.00	0.00	0.0	0	0.0
394.835	0.00	0.00	0.00	0.07	0.00	0.00	0.0	0	0.0
394.895	0.00	0.00	0.00	0.09	0.00	0.00	0.0	0	0.0
394.998	0.00	0.00	0.00	0.08	0.00	0.00	0.0	0	0.0
395.142	0.00	0.00	0.00	0.10	0.00	0.00	0.0	0	0.0
395.202	0.00	0.00	0.00	0.11	0.00	0.00	0.0	0	0.0
395.305	0.00	0.00	0.00	0.08	0.00	0.00	0.0	0	0.0
395.449	0.00	0.00	0.00	0.08	0.00	0.00	0.0	0	0.0
395.509	0.00	0.00	0.00	0.08	0.00	0.00	0.0	0	0.0
395.612	0.00	0.00	0.00	0.08	0.00	0.00	0.0	0	0.0
395.756	0.00	0.00	0.00	0.07	0.00	0.00	0.0	0	0.0
395.816	0.00	0.00	0.00	0.06	0.00	0.00	0.0	0	0.0
395.919	0.00	0.00	0.00	0.08	0.00	0.00	0.0	0	0.0
396.063	0.00	0.00	0.00	0.06	0.00	0.00	0.0	0	0.0
396.123	0.00	0.00	0.00	0.06	0.00	0.00	0.0	0	0.0
396.226	0.00	0.00	0.00	0.08	0.00	0.00	0.0	0	0.0
396.370	0.00	0.00	0.00	0.08	0.00	0.00	0.0	0	0.0
396.430	0.00	0.00	0.00	0.06	0.00	0.00	0.0	0	0.0
396.533	0.00	0.00	0.00	0.10	0.00	0.00	0.0	0	0.0
396.677	0.00	0.00	0.00	0.09	0.00	0.00	0.0	0	0.0
396.737	0.00	0.00	0.00	0.06	0.00	0.00	0.0	0	0.0
396.840	0.00	0.00	0.00	0.05	0.00	0.00	0.0	0	0.0
396.984	0.00	0.00	0.00	0.04	0.00	0.00	0.0	0	0.0
397.044	0.00	0.00	0.00	0.05	0.00	0.00	0.0	0	0.0
397.147	0.00	0.00	0.00	0.06	0.00	0.00	0.0	0	0.0
397.291	0.00	0.00	0.00	0.08	0.00	0.00	0.0	0	0.0
397.351	0.00	0.00	0.00	0.10	0.00	0.00	0.0	0	0.0
397.454	0.00	0.00	0.00	0.07	0.00	0.00	0.0	0	0.0
397.598	0.00	0.00	0.00	0.07	0.00	0.00	0.0	0	0.0
397.658	0.00	0.00	0.00	0.07	0.00	0.00	0.0	0	0.0
397.761	0.00	0.00	0.00	0.06	0.00	0.00	0.0	0	0.0
397.905	0.00	0.00	0.00	0.09	0.00	0.00	0.0	0	0.0
397.965	0.00	0.00	0.00	0.08	0.00	0.00	0.0	0	0.0
398.068	0.00	0.00	0.00	0.07	0.00	0.00	0.0	0	0.0
398.212	0.00	0.00	0.00	0.07	0.00	0.00	0.0	0	0.0
398.272	0.00	0.00	0.00	0.08	0.00	0.00	0.0	0	0.0
398.375	0.00	0.00	0.00	0.09	0.00	0.00	0.0	0	0.0
398.519	0.00	0.00	0.00	0.09	0.00	0.00	0.0	0	0.0
398.579	0.00	0.00	0.00	0.09	0.00	0.00	0.0	0	0.0
398.682	0.00	0.00	0.00	0.08	0.00	0.00	0.0	0	0.0
398.826	0.00	0.00	0.00	0.07	0.00	0.00	0.0	0	0.0
398.886	0.00	0.00	0.00	0.07	0.00	0.00	0.0	0	0.0
398.989	0.00	0.00	0.00	0.07	0.00	0.00	0.0	0	0.0
399.133	0.00	0.00	0.00	0.08	0.00	0.00	0.0	0	0.0
399.193	0.00	0.00	0.00	0.08	0.00	0.00	0.0	0	0.0
399.296	0.00	0.00	0.00	0.07	0.00	0.00	0.0	0	0.0
399.440	0.00	0.00	0.00	0.07	0.00	0.00	0.0	0	0.0
399.500	0.00	0.00	0.00	0.07	0.00	0.00	0.0	0	0.0
399.603	0.00	0.00	0.00	0.07	0.00	0.00	0.0	0	0.0
399.747	0.00	0.00	0.00	0.09	0.00	0.00	0.0	0	0.0
399.807	0.00	0.00	0.00	0.07	0.00	0.00	0.0	0	0.0
399.910	0.00	0.00	0.00	0.07	0.00	0.00	0.0	0	0.0
400.054	0.00	0.00	0.00	0.07	0.00	0.00	0.0	0	0.0
400.114	0.00	0.00	0.00	0.07	0.00	0.00	0.0	0	0.0
400.217	0.00	0.00	0.00	0.07	0.00	0.00	0.0	0	0.0
400.361	0.00	0.00	0.00	0.04	0.00	0.00	0.0	0	0.0
400.421	0.00	0.00	0.00	0.05	0.00	0.00	0.0	0	0.0
400.524	0.00	0.00	0.00	0.05	0.00	0.00	0.0	0	0.0
400.668	0.00	0.00	0.00	0.05	0.00	0.00	0.0	0	0.0
400.728	0.00	0.00	0.00	0.04	0.00	0.00	0.0	0	0.0
400.831	0.00	0.00	0.00	0.07	0.00	0.00	0.0	0	0.0
400.975	0.00	0.00	0.00	0.05	0.00	0.00	0.0	0	0.0
401.035	0.00	0.00	0.00	0.05	0.00	0.00	0.0	0	0.0
401.138	0.00	0.00	0.00	0.05	0.00	0.00	0.0	0	0.0
401.282	0.00	0.00	0.00	0.08	0.00	0.00	0.0	0	0.0
401.342	0.00	0.00	0.00	0.07	0.00	0.00	0.0	0	0.0
401.445	0.00	0.00	0.00	0.11	0.00	0.00	0.0	0	0.0
401.589	0.00	0.00	0.00	0.08	0.00	0.00	0.0	0	0.0
401.649	0.00	0.00	0.00	0.06	0.00	0.00	0.0	0	0.0
401.752	0.00	0.00	0.00	0.07	0.00	0.00	0.0	0	0.0
401.896	0.00	0.00	0.00	0.07	0.01	0.00	0.0	0	0.0
401.956	0.00	0.00	0.00	0.07	0.00	0.00	0.0	0	0.0
402.059	0.00	0.00	0.00	0.07	0.00	0.00	0.0	0	0.0
402.203	0.00	0.00	0.00	0.07	0.00	0.00	0.0	0	0.0
402.263	0.00	0.00	0.00	0.07	0.00	0.00	0.0	0	0.0
402.366	0.00	0.00	0.00	0.06	0.00	0.00	0.0	0	0.0
402.510	0.00	0.00	0.00	0.08	0.00	0.00	0.0	0	0.0
402.570	0.00	0.00	0.00	0.08	0.00	0.00	0.0	0	0.0
402.673	0.00	0.00	0.00	0.06	0.00	0.00	0.0	0	0.0
402.817	0.00	0.00	0.00	0.07	0.00	0.00	0.0	0	0.0
402.877	0.00	0.00	0.00	0.06	0.00	0.00	0.0	0	0.0
402.980	0.00	0.00	0.00	0.04	0.00	0.00	0.0	0	0.0
403.124	0.00	0.00	0.00	0.06	0.00	0.00	0.0	0	0.0
403.184	0.00	0.00	0.00	0.06	0.00	0.00	0.0	0	0.0
403.287	0.00	0.00	0.00	0.06	0.00	0.00	0.0	0	0.0
403.431	0.00	0.00	0.00	0.07	0.00	0.00	0.0	0	0.0
403.491	0.00	0.00	0.00	0.06	0.00	0.00	0.0	0	0.0
403.594	0.00	0.00	0.00	0.08	0.00	0.00	0.0	0	0.0
403.738	0.00	0.00	0.00	0.11	0.00	0.00	0.0	0	0.0
403.798	0.00	0.00	0.00	0.08	0.00	0.00	0.0	0	0.0
403.901	0.00	0.00	0.00	0.07	0.00	0.00	0.0	0	0.0
404.045	0.00	0.00	0.00	0.06	0.00	0.00	0.0	0	0.0
404.105	0.00	0.00	0.00	0.07	0.00	0.00	0.0	0	0.0
404.208	0.00	0.00	0.00	0.04	0.00	0.00	0.0	0	0.0
404.352	0.05	0.00	0.00	0.06	0.00	0.00	0.0	0	0.0
404.412	0.01	0.00	0.00	0.06	0.00	0.00	0.0	0	0.0
404.515	0.00	0.00	0.00	0.06	0.00	0.00	0.0	0	0.0
404.659	0.00	0.00	0.00	0.10	0.03	0.00	0.0	0	0.0
404.719	0.00	0.00	0.00	0.09	0.00	0.00	0.0	0	0.0
404.822	0.00	0.00	0.00	0.08	0.00	0.00	0.0	0	0.0
404.966	0.00	0.00	0.00	0.07	0.00	0.00	0.0	0	0.0
405.026	0.00	0.00	0.00	0.08	0.00	0.00	0.0	0	0.0
405.129	0.00	0.00	0.00	0.06	0.00	0.00	0.0	0	0.0
405.273	0.00	0.00	0.00	0.08	0.00	0.00	0.0	0	0.0
405.333	0.00	0.00	0.00	0.08	0.00	0.00	0.0	0	0.0
405.436	0.00	0.00	0.00	0.08	0.00	0.00	0.0	0	0.0
405.580	0.00	0.00	0.00	0.08	0.00	0.00	0.0	0	0.0
405.640	0.00	0.00	0.00	0.08	0.00	0.00	0.0	0	0.0
405.743	0.00	0.00	0.00	0.08	0.00	0.00	0.0	0	0.0
405.887	0.00	0.00	0.00	0.07	0.00	0.00	0.0	0	0.0
405.947	0.00	0.00	0.00	0.07	0.00	0.00	0.0	0	0.0
406.050	0.00	0.00	0.00	0.07	0.00	0.00	0.0	0	0.0
406.194	0.00	0.00	0.00	0.08	0.00	0.00	0.0	0	0.0
406.254	0.00	0.00	0.00	0.08	0.00	0.00	0.0	0	0.0
406.357	0.00	0.00	0.00	0.08	0.00	0.00	0.0	0	0.0
