155.380	34.19	1.71	58.50	3.46	5.18	17.92	30.60	1	32.50
155.440	22.23	2.91	64.60	3.57	5.62	20.07	31.10	1	47.50
155.544	10.02	3.81	38.11	2.96	4.09	12.08	31.70	1	52.50
155.689	9.50	4.16	39.48	3.82	5.72	21.85	55.30	1	30.00
155.749	16.63	4.15	69.02	4.93	8.17	40.31	58.40	1	25.00
155.853	28.80	2.84	81.65	5.09	8.46	43.03	52.70	1	10.00
155.998	30.94	3.00	92.83	5.59	9.65	53.97	58.10	1	25.00
156.058	31.82	3.18	101.30	6.31	10.18	64.19	63.40	1	21.00
156.162	29.41	3.56	104.61	7.07	9.86	69.72	66.70	1	29.00
156.307	23.19	4.06	94.26	7.43	8.85	65.74	69.70	1	29.00
156.367	24.27	4.11	99.84	7.85	9.06	71.07	71.20	1	29.00
156.471	26.36	4.11	108.27	8.69	9.01	78.28	72.30	1	29.10
156.616	28.05	4.08	114.38	9.39	9.12	85.69	74.90	1	29.50
156.676	28.29	4.07	115.15	9.50	9.31	88.46	76.80	1	29.60
156.780	28.88	4.02	116.09	9.97	8.94	89.09	76.70	1	29.90
156.925	29.63	3.97	117.73	10.46	8.62	90.15	76.60	1	30.20
156.986	29.64	3.97	117.74	10.55	8.63	91.05	77.30	1	30.20
157.090	29.75	3.96	117.95	10.77	8.46	91.10	77.20	1	30.40
157.235	29.77	3.98	118.44	10.90	8.43	91.93	77.60	1	30.50
157.296	30.05	3.95	118.85	10.99	8.11	89.21	75.10	1	30.70
157.400	29.56	3.97	117.47	11.07	8.17	90.48	77.00	1	30.50
157.545	29.42	4.01	117.93	11.26	7.79	87.70	74.40	1	30.80
157.606	30.00	3.97	118.96	11.26	7.63	85.97	72.30	1	30.70
157.710	29.99	3.96	118.74	11.23	7.95	89.32	75.20	1	30.70
157.855	30.18	3.92	118.43	11.22	8.23	92.30	77.90	1	30.70
157.916	30.16	3.93	118.59	11.21	8.11	90.97	76.70	1	30.50
158.020	30.43	3.91	118.84	11.28	8.12	91.60	77.10	1	30.40
158.165	30.43	3.87	117.88	11.23	8.12	91.16	77.30	1	30.40
158.226	30.68	3.86	118.41	11.25	8.19	92.14	77.80	1	30.40
158.330	30.55	3.88	118.47	11.25	8.15	91.68	77.40	1	30.40
158.475	30.61	3.89	118.98	11.32	8.21	92.89	78.10	1	30.70
158.536	30.24	3.89	117.78	11.29	8.22	92.84	78.80	1	30.50
158.640	30.43	3.88	118.03	11.34	8.00	90.72	76.90	1	30.40
158.785	30.44	3.90	118.64	11.28	8.17	92.19	77.70	1	30.70
158.846	30.33	3.91	118.65	11.29	8.23	92.89	78.30	1	30.80
158.950	30.19	3.92	118.39	11.27	8.12	91.55	77.30	1	30.50
159.095	30.70	3.87	118.88	11.39	8.16	92.98	78.20	1	30.40
159.156	30.72	3.86	118.65	11.36	8.25	93.68	79.00	1	30.40
159.260	30.71	3.87	118.73	11.34	8.11	91.96	77.40	1	30.50
159.405	30.67	3.87	118.62	11.30	8.17	92.30	77.80	1	30.40
159.466	30.77	3.86	118.75	11.27	8.22	92.65	78.00	1	30.20
159.570	30.88	3.85	118.96	11.28	8.19	92.40	77.70	1	30.20
159.715	30.80	3.85	118.50	11.34	8.16	92.61	78.20	1	30.40
159.776	30.64	3.86	118.38	11.30	8.20	92.69	78.30	1	30.40
159.880	30.75	3.83	117.74	11.36	8.10	92.07	78.20	1	30.20
160.025	31.03	3.81	118.23	11.36	8.03	91.18	77.10	1	30.10
160.086	31.07	3.80	118.17	11.37	7.99	90.86	76.90	1	30.10
160.190	30.89	3.82	118.10	11.34	7.97	90.45	76.60	1	30.20
160.335	30.86	3.84	118.41	11.34	8.20	92.96	78.50	1	30.40
160.396	30.68	3.86	118.36	11.34	8.08	91.60	77.40	1	30.40
160.500	30.97	3.81	118.02	11.43	7.95	90.89	77.00	1	30.10
160.645	31.16	3.79	117.96	11.45	7.97	91.18	77.30	1	30.10
160.706	31.26	3.77	117.97	11.41	8.01	91.38	77.50	1	30.10
160.810	31.24	3.79	118.35	11.38	7.98	90.78	76.70	1	30.10
160.955	31.44	3.77	118.60	11.43	7.96	90.99	76.70	1	30.10
161.016	31.46	3.76	118.23	11.49	7.98	91.70	77.60	1	30.20
161.120	31.30	3.77	117.94	11.49	7.91	90.83	77.00	1	29.90
161.265	31.34	3.74	117.31	11.43	8.02	91.70	78.20	1	30.10
161.326	31.43	3.76	118.21	11.49	7.90	90.77	76.80	1	30.10
161.430	31.23	3.77	117.79	11.42	8.04	91.80	77.90	1	30.10
161.575	31.39	3.76	117.96	11.47	8.07	92.54	78.40	1	30.10
161.636	31.50	3.74	117.83	11.49	8.00	91.90	78.00	1	30.10
161.740	31.47	3.75	117.98	11.47	8.02	91.96	77.90	1	30.10
161.885	31.36	3.76	117.77	11.55	7.89	91.12	77.40	1	30.10
161.946	31.43	3.74	117.63	11.59	7.85	90.94	77.30	1	30.10
162.050	31.31	3.77	118.10	11.57	7.81	90.27	76.40	1	30.40
162.195	31.25	3.80	118.65	11.54	7.97	92.00	77.50	1	30.50
162.256	31.18	3.78	117.95	11.59	7.97	92.46	78.40	1	30.40
162.360	31.11	3.78	117.72	11.61	7.93	92.11	78.20	1	30.40
162.505	31.12	3.81	118.48	11.60	7.94	92.14	77.80	1	30.70
162.566	30.80	3.84	118.20	11.58	7.92	91.72	77.60	1	30.70
162.670	30.87	3.83	118.16	11.61	7.87	91.31	77.30	1	30.50
162.815	31.22	3.79	118.43	11.65	7.85	91.46	77.20	1	30.40
162.876	31.40	3.76	118.07	11.71	7.95	93.16	78.90	1	30.50
162.980	31.10	3.78	117.70	11.65	7.93	92.43	78.50	1	30.50
163.125	31.25	3.78	118.02	11.62	7.93	92.13	78.10	1	30.20
163.186	31.30	3.76	117.80	11.64	7.85	91.43	77.60	1	30.40
163.290	31.46	3.73	117.51	11.70	7.85	91.91	78.20	1	30.40
163.435	31.31	3.77	118.00	11.71	7.82	91.52	77.60	1	30.70
163.496	31.20	3.79	118.34	11.68	7.90	92.34	78.00	1	30.70
163.600	30.99	3.82	118.49	11.68	7.87	91.92	77.60	1	30.70
163.745	31.06	3.81	118.22	11.70	7.93	92.76	78.50	1	30.70
163.806	31.25	3.81	118.90	11.73	7.81	91.67	77.10	1	30.80
163.910	30.84	3.84	118.43	11.70	7.90	92.43	78.00	1	30.80
164.055	30.76	3.83	117.82	11.75	7.86	92.34	78.40	1	30.80
164.116	30.98	3.81	118.18	11.75	7.93	93.13	78.80	1	30.70
164.220	31.17	3.79	118.17	11.75	7.81	91.75	77.60	1	30.70
164.365	31.22	3.80	118.65	11.85	7.64	90.59	76.40	1	30.70
164.426	31.11	3.81	118.50	11.78	7.75	91.29	77.00	1	30.70
164.530	31.02	3.80	117.81	11.76	7.77	91.38	77.60	1	30.80
164.675	31.28	3.78	118.23	11.77	7.89	92.85	78.50	1	30.70
164.736	31.30	3.78	118.21	11.85	7.79	92.26	78.00	1	30.50
164.840	31.49	3.75	118.10	11.83	7.82	92.44	78.30	1	30.50
164.985	31.41	3.76	118.11	11.86	7.80	92.49	78.30	1	30.80
165.046	31.15	3.80	118.26	11.82	7.90	93.36	78.90	1	30.80
165.150	31.23	3.80	118.69	11.89	7.71	91.70	77.30	1	31.00
165.295	30.99	3.83	118.63	11.84	7.81	92.40	77.90	1	31.00
165.356	30.88	3.83	118.24	11.89	7.76	92.31	78.10	1	31.10
165.460	30.75	3.85	118.53	11.84	7.81	92.40	78.00	1	31.30
165.605	30.88	3.85	118.83	11.88	7.82	92.85	78.10	1	31.00
165.666	31.16	3.81	118.85	11.96	7.66	91.62	77.10	1	31.00
165.770	30.98	3.82	118.22	11.92	7.78	92.73	78.40	1	31.10
165.915	31.18	3.81	118.89	11.94	7.75	92.58	77.90	1	30.80
165.976	31.46	3.75	118.06	12.02	7.66	92.06	78.00	1	30.80
166.080	31.36	3.78	118.61	11.98	7.71	92.37	77.90	1	31.00
166.225	31.09	3.80	118.22	12.00	7.68	92.23	78.00	1	31.00
166.286	31.13	3.80	118.36	12.03	7.64	91.90	77.60	1	31.00
166.390	31.08	3.80	118.17	12.03	7.65	92.03	77.90	1	31.00
166.535	30.94	3.82	118.33	12.06	7.55	91.06	76.90	1	31.30
166.596	30.89	3.84	118.57	11.96	7.76	92.80	78.30	1	31.40
166.700	30.73	3.86	118.58	12.00	7.78	93.40	78.80	1	31.60
166.845	30.89	3.85	119.02	12.06	7.71	92.96	78.10	1	31.30
166.906	31.03	3.83	118.85	12.06	7.76	93.57	78.70	1	31.10
167.010	31.21	3.78	118.14	12.14	7.58	91.96	77.80	1	31.10
167.155	31.06	3.80	117.91	12.16	7.64	92.92	78.80	1	31.10
167.216	31.15	3.78	117.81	12.21	7.41	90.43	76.80	1	31.10
167.320	31.21	3.78	118.05	12.20	7.37	89.91	76.20	1	31.00
167.465	31.47	3.74	117.81	12.21	7.54	92.09	78.20	1	31.10
167.526	31.44	3.77	118.66	12.19	7.55	92.02	77.50	1	31.30
167.630	31.42	3.77	118.42	12.17	7.69	93.61	79.00	1	31.10
167.775	31.41	3.76	117.97	12.25	7.52	92.13	78.10	1	31.30
167.836	31.16	3.76	117.24	12.19	7.51	91.54	78.10	1	31.30
167.940	31.33	3.76	117.94	12.12	7.70	93.36	79.20	1	31.00
168.085	31.74	3.71	117.89	12.27	7.55	92.63	78.60	1	31.00
168.146	31.60	3.73	117.83	12.27	7.52	92.28	78.30	1	31.10
168.250	31.56	3.74	117.91	12.23	7.50	91.72	77.80	1	31.30
168.395	31.07	3.80	117.97	12.13	7.75	94.04	79.70	1	31.40
168.456	31.16	3.81	118.71	12.25	7.44	91.16	76.80	1	31.40
168.560	31.02	3.84	118.99	12.25	7.62	93.37	78.50	1	31.60
168.705	30.97	3.85	119.18	12.15	7.72	93.77	78.70	1	31.70
168.766	30.73	3.86	118.61	12.27	7.40	90.83	76.60	1	31.60
168.870	30.69	3.84	117.97	12.33	7.34	90.46	76.70	1	31.70
169.015	30.81	3.83	118.09	12.35	7.40	91.45	77.40	1	31.60
169.076	31.15	3.79	118.22	12.26	7.54	92.42	78.20	1	31.40
169.180	31.20	3.80	118.44	12.24	7.65	93.56	79.00	1	31.40
169.325	31.11	3.78	117.73	12.18	7.77	94.71	80.50	1	31.40
169.386	31.09	3.80	118.01	12.34	7.35	90.68	76.80	1	31.60
169.490	31.15	3.80	118.46	12.18	7.78	94.77	80.00	1	31.60
169.635	30.94	3.82	118.17	12.31	7.65	94.22	79.70	1	31.70
169.696	31.21	3.78	117.91	12.28	7.61	93.51	79.30	1	31.60
169.800	31.14	3.81	118.77	12.48	7.16	89.35	75.20	1	31.30
169.945	31.46	3.76	118.37	12.26	7.75	94.99	80.20	1	31.30
170.006	31.48	3.76	118.53	12.40	7.27	90.07	76.00	1	31.30
170.110	31.36	3.77	118.27	12.29	7.72	94.92	80.30	1	31.10
170.255	32.03	3.70	118.60	12.37	7.51	92.86	78.30	1	31.30
170.316	31.55	3.76	118.70	12.48	7.18	89.59	75.50	1	31.40
170.420	31.08	3.80	118.12	12.40	7.33	90.85	76.90	1	31.30
170.565	31.32	3.77	117.95	12.21	8.11	99.02	84.00	1	31.30
170.626	31.39	3.74	117.53	12.15	8.15	99.01	84.20	1	31.30
170.730	31.69	3.71	117.65	12.18	8.02	97.74	83.10	1	31.60
170.875	31.31	3.79	118.62	12.12	8.22	99.65	84.00	1	31.70
170.936	31.08	3.82	118.59	12.10	8.31	100.56	84.80	1	31.90
171.040	30.59	3.86	118.07	12.40	7.55	93.56	79.20	1	31.70
171.185	30.92	3.83	118.38	12.36	7.31	90.37	76.30	1	31.90
171.246	30.99	3.83	118.76	12.24	7.77	95.06	80.00	1	32.00
171.350	30.71	3.87	118.73	12.46	7.23	90.11	75.90	1	32.00
171.495	30.67	3.89	119.20	12.43	7.28	90.46	75.90	1	31.90
171.556	30.76	3.86	118.59	12.32	7.63	94.01	79.30	1	32.00
171.660	30.85	3.83	118.10	12.39	7.69	95.23	80.60	1	31.90
171.805	31.05	3.83	118.93	12.52	7.49	93.81	78.90	1	31.70
171.866	31.29	3.79	118.50	12.42	7.63	94.75	80.00	1	31.60
171.970	31.04	3.79	117.65	12.40	7.68	95.25	81.00	1	31.60
172.115	31.39	3.78	118.52	12.46	7.43	92.59	78.10	1	31.30
172.176	31.50	3.77	118.64	12.48	7.43	92.76	78.20	1	31.30
172.280	31.79	3.71	117.89	12.55	7.28	91.44	77.60	1	31.40
172.425	31.33	3.76	117.89	12.48	7.56	94.31	80.00	1	31.60
172.486	31.57	3.74	118.13	12.51	7.44	93.14	78.80	1	31.60
172.590	31.30	3.76	117.69	12.40	7.63	94.67	80.40	1	31.40
172.735	31.30	3.78	118.22	12.42	7.62	94.67	80.10	1	31.70
172.796	31.36	3.79	118.78	12.48	7.37	91.99	77.40	1	31.70
172.900	31.12	3.79	118.04	12.54	7.48	93.74	79.40	1	31.70
173.045	31.26	3.77	117.99	12.55	7.51	94.25	79.90	1	31.90
173.106	31.31	3.77	118.08	12.53	7.61	95.37	80.80	1	32.00
173.210	30.69	3.83	117.49	12.51	7.36	92.10	78.40	1	32.00
173.355	30.86	3.80	117.32	12.49	7.50	93.62	79.80	1	31.70
173.416	31.11	3.80	118.11	12.44	7.57	94.24	79.80	1	31.90
173.520	31.00	3.82	118.40	12.57	7.29	91.58	77.40	1	32.20
173.665	27.67	3.10	85.70	11.36	6.17	70.12	81.80	1	34.50
173.725	22.23	3.20	71.15	10.57	5.20	54.98	77.30	1	49.50
173.829	12.35	3.70	45.71	8.50	3.86	32.82	71.80	1	50.00
173.974	12.79	2.88	36.82	7.23	3.76	27.18	73.80	1	30.00
174.034	18.72	2.57	48.08	7.37	4.76	35.06	72.90	1	25.00
174.138	30.84	1.40	43.19	6.40	3.86	24.68	57.20	1	10.00
174.283	29.90	1.62	48.52	6.15	5.17	31.76	65.40	1	25.00
174.343	29.51	1.83	53.96	6.51	5.88	38.29	71.00	1	21.00
174.447	24.98	2.06	51.39	6.50	5.94	38.62	75.20	1	29.00
174.592	17.88	2.21	39.52	5.80	5.10	29.57	74.80	1	23.00
174.652	23.88	2.15	51.38	6.29	5.99	37.69	73.30	1	21.00
174.756	29.55	2.06	60.75	6.88	6.67	45.89	75.50	1	21.10
174.901	32.71	1.96	64.03	7.52	6.51	48.99	76.50	1	21.40
174.961	32.99	1.95	64.45	7.65	6.46	49.45	76.70	1	21.60
175.065	33.23	1.95	64.92	7.80	6.46	50.41	77.60	1	21.70
175.210	33.61	1.93	64.73	7.98	6.40	51.11	79.00	1	21.70
175.270	34.06	1.89	64.38	8.10	6.25	50.65	78.70	1	21.60
175.374	34.37	1.87	64.32	8.15	6.15	50.11	77.90	1	21.70
175.519	34.51	1.86	64.29	8.21	6.27	51.48	80.10	1	21.60
175.579	34.77	1.82	63.39	8.34	6.02	50.19	79.20	1	21.70
175.683	34.34	1.85	63.47	8.36	5.99	50.10	78.90	1	21.90
175.828	34.50	1.83	63.01	8.36	6.07	50.70	80.50	1	21.60
175.888	34.48	1.84	63.40	8.33	6.09	50.67	79.90	1	21.70
175.992	34.52	1.85	64.01	8.29	6.21	51.50	80.50	1	21.90
176.137	34.34	1.87	64.19	8.37	6.08	50.85	79.20	1	22.00
176.197	34.30	1.87	64.15	8.41	5.97	50.25	78.30	1	22.00
176.301	34.31	1.85	63.49	8.38	6.05	50.72	79.90	1	22.00
176.446	34.33	1.85	63.54	8.30	6.24	51.78	81.50	1	21.70
176.506	34.39	1.84	63.37	8.32	6.20	51.61	81.40	1	21.90
176.610	34.22	1.89	64.51	8.31	6.23	51.78	80.30	1	22.00
176.755	34.10	1.90	64.72	8.43	5.98	50.37	77.80	1	22.20
176.815	34.23	1.89	64.74	8.46	6.01	50.87	78.60	1	22.30
176.919	33.73	1.94	65.54	8.44	6.21	52.35	79.90	1	22.60
177.064	33.60	1.94	65.13	8.48	6.21	52.65	80.80	1	22.50
177.124	33.65	1.95	65.56	8.50	5.87	49.93	76.20	1	22.50
177.228	33.65	1.95	65.49	8.42	6.27	52.81	80.60	1	22.30
177.373	34.03	1.91	65.03	8.47	6.09	51.53	79.20	1	22.30
177.433	33.86	1.93	65.24	8.43	6.11	51.46	78.90	1	22.20
177.537	34.06	1.90	64.56	8.37	6.31	52.85	81.90	1	22.30
177.682	34.22	1.88	64.28	8.51	5.84	49.64	77.20	1	22.30
177.742	33.87	1.91	64.75	8.45	6.08	51.41	79.40	1	22.30
177.845	33.66	1.93	64.89	8.43	6.23	52.48	80.90	1	22.60
177.990	33.50	1.97	65.95	8.52	5.99	51.01	77.30	1	22.80
178.050	33.24	1.98	65.97	8.48	5.99	50.79	77.00	1	22.90
178.154	33.16	1.97	65.46	8.46	6.37	53.85	82.30	1	22.90
178.299	33.66	1.93	64.81	8.59	6.15	52.86	81.60	1	22.60
178.359	33.58	1.93	64.85	8.68	5.68	49.29	76.00	1	22.80
178.463	33.10	2.00	66.16	8.52	6.22	52.99	80.10	1	23.10
178.608	32.89	2.03	66.77	8.58	5.90	50.65	75.90	1	23.20
178.668	32.65	2.05	66.92	8.48	6.44	54.61	81.60	1	23.40
178.772	32.80	2.04	66.88	8.37	6.84	57.20	85.50	1	23.20
178.917	33.04	2.01	66.56	8.51	6.56	55.88	84.00	1	23.40
178.977	33.07	2.01	66.40	8.48	6.73	57.07	85.90	1	23.40
179.081	32.99	2.00	66.11	8.37	7.06	59.08	89.40	1	23.20
179.226	32.68	2.03	66.49	8.41	7.09	59.62	89.70	1	23.10
179.286	32.41	2.06	66.92	8.43	6.80	57.26	85.60	1	23.10
179.390	32.64	2.04	66.72	8.60	5.99	51.51	77.20	1	23.10
179.535	32.91	2.03	66.95	8.59	5.79	49.74	74.30	1	23.20
179.595	33.11	2.02	66.97	8.62	5.83	50.28	75.10	1	23.20
179.699	33.06	2.02	66.74	8.54	6.24	53.28	79.80	1	23.20
179.844	33.05	2.02	66.73	8.40	6.70	56.24	84.30	1	23.20
179.904	32.66	2.04	66.58	8.40	6.73	56.53	84.90	1	23.40
180.008	32.29	2.07	66.99	8.61	6.05	52.13	77.80	1	23.40
180.153	32.78	2.03	66.69	8.78	5.42	47.63	71.40	1	23.40
180.213	32.99	2.01	66.46	8.73	5.67	49.55	74.60	1	23.50
180.317	32.79	2.01	65.91	8.60	6.50	55.95	84.90	1	23.40
180.462	32.55	2.04	66.53	8.76	5.78	50.67	76.20	1	23.70
180.522	32.65	2.03	66.41	8.72	5.93	51.71	77.90	1	23.70
180.626	32.53	2.04	66.21	8.53	6.75	57.54	86.90	1	23.70
180.771	31.85	2.09	66.71	8.61	5.92	50.93	76.30	1	23.80
180.831	31.84	2.09	66.58	8.52	6.12	52.18	78.40	1	23.80
180.935	31.66	2.11	66.76	8.60	6.07	52.20	78.20	1	23.80
181.080	32.29	2.06	66.44	8.72	5.91	51.51	77.50	1	23.70
181.140	32.33	2.05	66.30	8.69	6.28	54.56	82.30	1	23.70
181.244	32.36	2.04	66.14	8.75	5.86	51.27	77.50	1	23.70
181.389	32.10	2.06	66.25	8.54	6.66	56.88	85.90	1	23.80
181.449	31.75	2.09	66.23	8.59	6.26	53.81	81.30	1	23.80
181.553	31.87	2.09	66.69	8.55	6.19	52.90	79.30	1	24.00
181.698	31.82	2.09	66.61	8.71	5.57	48.53	72.90	1	24.00
181.758	32.07	2.08	66.59	8.70	5.94	51.66	77.60	1	24.00
181.862	32.10	2.06	66.06	8.78	5.84	51.31	77.70	1	23.80
182.007	32.03	2.08	66.59	8.62	6.12	52.72	79.20	1	23.70
182.067	32.19	2.06	66.37	8.62	6.11	52.69	79.40	1	23.50
182.171	31.92	2.08	66.53	8.66	6.00	51.98	78.10	1	23.80
182.316	32.43	2.07	67.01	8.78	6.18	54.23	80.90	1	23.80
182.376	32.47	2.06	66.83	8.82	5.94	52.35	78.30	1	23.80
182.480	32.00	2.07	66.30	8.63	6.25	53.91	81.30	1	23.70
182.625	32.34	2.06	66.70	8.69	5.82	50.56	75.80	1	23.50
182.685	32.70	2.03	66.46	8.74	5.96	52.12	78.40	1	23.70
182.789	32.69	2.03	66.26	8.73	6.05	52.84	79.80	1	23.50
182.934	32.48	2.05	66.74	8.58	6.17	52.92	79.30	1	23.40
182.994	32.55	2.05	66.81	8.66	5.97	51.69	77.40	1	23.40
183.098	32.69	2.02	66.09	8.73	6.03	52.61	79.60	1	23.50
183.243	32.68	2.03	66.47	8.67	6.09	52.81	79.50	1	23.20
183.303	32.89	2.02	66.41	8.60	6.32	54.36	81.90	1	23.10
183.407	33.40	1.97	65.82	8.72	6.00	52.34	79.50	1	23.10
183.552	33.11	2.01	66.50	8.68	6.31	54.77	82.40	1	23.40
183.612	32.78	2.03	66.48	8.69	6.03	52.39	78.80	1	23.50
183.716	32.61	2.04	66.65	8.73	5.83	50.91	76.40	1	23.70
183.861	32.70	2.03	66.31	8.67	6.32	54.79	82.60	1	23.70
183.921	32.40	2.05	66.42	8.69	6.06	52.66	79.30	1	23.80
184.025	32.34	2.06	66.61	8.74	5.95	52.02	78.10	1	23.80
184.170	31.80	2.09	66.60	8.67	6.05	52.50	78.80	1	24.00
184.230	31.81	2.09	66.57	8.64	6.25	53.97	81.10	1	24.10
184.334	31.92	2.08	66.51	8.72	6.16	53.71	80.80	1	24.10
184.479	31.66	2.10	66.36	8.68	6.03	52.32	78.80	1	24.10
184.539	31.41	2.11	66.35	8.62	6.22	53.59	80.80	1	24.10
184.643	31.67	2.10	66.56	8.71	6.17	53.70	80.70	1	24.30
184.788	31.17	2.11	65.82	8.66	6.02	52.11	79.20	1	24.30
184.848	31.27	2.12	66.14	8.62	6.25	53.87	81.40	1	24.10
184.952	31.74	2.10	66.61	8.71	6.09	53.01	79.60	1	24.00
185.097	31.70	2.09	66.33	8.67	6.05	52.46	79.10	1	24.00
185.157	31.80	2.09	66.30	8.69	6.07	52.72	79.50	1	24.00
185.261	32.17	2.07	66.52	8.80	5.96	52.46	78.90	1	24.00
185.406	32.10	2.08	66.69	8.67	6.17	53.53	80.30	1	23.70
185.466	32.34	2.05	66.44	8.76	5.83	51.13	77.00	1	23.70
185.570	32.29	2.05	66.16	8.69	6.26	54.44	82.30	1	23.70
185.715	32.31	2.04	66.07	8.73	6.03	52.60	79.60	1	23.80
185.775	32.35	2.04	65.99	8.76	6.01	52.64	79.80	1	23.70
185.878	32.33	2.05	66.38	8.71	6.06	52.83	79.60	1	23.50
186.023	32.71	2.03	66.51	8.75	6.17	54.00	81.20	1	23.40
186.083	32.86	2.02	66.31	8.70	6.21	54.03	81.50	1	23.40
186.187	32.82	2.00	65.75	8.78	5.94	52.14	79.30	1	23.50
186.332	32.73	2.02	65.99	8.77	6.01	52.71	79.90	1	23.50
186.392	32.93	2.02	66.42	8.76	6.12	53.66	80.80	1	23.70
186.496	32.50	2.04	66.35	8.76	6.10	53.43	80.50	1	23.80
186.641	32.38	2.06	66.67	8.86	5.92	52.40	78.60	1	24.00
186.701	32.03	2.08	66.77	8.77	6.10	53.45	80.10	1	24.00
186.805	32.25	2.08	66.94	8.80	6.02	52.95	79.10	1	24.00
186.950	32.04	2.08	66.50	8.74	6.10	53.35	80.20	1	24.00
187.010	32.22	2.05	66.15	8.78	6.04	52.99	80.10	1	23.80
187.114	32.08	2.07	66.30	8.71	6.12	53.29	80.40	1	24.00
187.259	31.88	2.08	66.32	8.73	6.14	53.60	80.80	1	24.00
187.319	31.73	2.08	65.89	8.71	6.11	53.24	80.80	1	24.00
187.423	31.98	2.07	66.19	8.81	6.01	52.98	80.00	1	24.30
187.568	31.58	2.08	65.55	8.82	5.91	52.12	79.50	1	24.10
187.628	31.66	2.08	66.00	8.78	6.07	53.28	80.70	1	24.30
187.732	31.44	2.10	66.15	8.76	6.00	52.52	79.40	1	24.40
187.877	31.21	2.11	65.72	8.79	5.88	51.65	78.60	1	24.40
187.937	31.48	2.09	65.83	8.80	5.96	52.43	79.60	1	24.30
188.041	31.60	2.10	66.25	8.78	5.82	51.11	77.10	1	24.10
188.186	31.57	2.10	66.25	8.75	6.02	52.64	79.50	1	24.10
188.246	31.69	2.09	66.10	8.79	6.04	53.08	80.30	1	24.10
188.350	31.53	2.09	65.96	8.71	6.07	52.84	80.10	1	24.30
188.495	31.43	2.10	66.07	8.74	6.06	52.95	80.10	1	24.40
188.555	31.41	2.10	65.84	8.74	5.95	52.00	79.00	1	24.30
188.659	31.62	2.09	66.06	8.71	6.14	53.47	80.90	1	24.10
188.804	31.94	2.08	66.33	8.77	6.13	53.72	81.00	1	24.00
188.864	31.72	2.08	66.11	8.74	6.02	52.56	79.50	1	24.00
188.968	31.81	2.08	66.05	8.77	6.05	53.07	80.40	1	24.10
189.113	31.79	2.09	66.44	8.76	6.12	53.62	80.70	1	24.40
189.173	31.32	2.12	66.25	8.72	6.13	53.49	80.70	1	24.40
189.277	31.30	2.11	66.13	8.74	6.12	53.51	80.90	1	24.40
189.422	31.48	2.11	66.28	8.82	5.86	51.64	77.90	1	24.30
189.482	31.46	2.10	66.07	8.76	6.03	52.81	79.90	1	24.10
189.586	31.82	2.09	66.48	8.79	5.96	52.40	78.80	1	24.00
189.731	31.96	2.07	66.31	8.83	5.90	52.15	78.60	1	24.30
189.791	31.83	2.09	66.39	8.79	6.01	52.79	79.50	1	24.40
189.895	31.75	2.08	66.15	8.87	5.95	52.77	79.80	1	24.40
190.040	31.59	2.09	65.99	8.83	5.96	52.62	79.70	1	24.40
190.100	31.27	2.10	65.81	8.74	6.06	52.94	80.40	1	24.40
190.204	31.53	2.10	66.19	8.83	6.04	53.28	80.50	1	24.30
190.349	32.14	2.09	67.02	8.82	6.01	53.02	79.10	1	23.80
190.409	32.53	2.05	66.58	8.88	5.93	52.67	79.10	1	23.80
190.513	32.27	2.06	66.52	8.82	6.08	53.67	80.70	1	24.00
190.658	32.57	2.04	66.49	8.87	5.89	52.26	78.60	1	23.80
190.718	32.59	2.03	66.17	8.88	6.09	54.09	81.70	1	23.80
190.822	32.57	2.02	65.69	8.95	5.86	52.50	79.90	1	23.80
190.967	32.41	2.05	66.57	8.90	6.07	54.01	81.10	1	24.10
191.027	32.00	2.08	66.53	8.88	5.91	52.43	78.80	1	24.30
191.131	31.91	2.08	66.30	8.82	6.08	53.57	80.80	1	24.10
191.276	32.41	2.07	67.01	8.87	5.93	52.62	78.50	1	24.00
191.336	32.33	2.05	66.40	8.87	6.04	53.59	80.70	1	24.00
191.440	32.78	2.08	68.10	8.94	6.16	55.05	80.80	1	23.80
191.585	35.37	2.29	80.97	9.55	6.67	63.70	78.70	1	23.50
191.645	36.00	2.25	81.07	9.62	6.66	64.12	79.10	1	23.40
191.749	36.43	2.18	79.50	9.77	6.44	62.96	79.20	1	23.50
191.894	36.58	2.15	78.58	9.83	6.43	63.19	80.40	1	23.50
191.954	36.52	2.17	79.37	9.83	6.52	64.08	80.70	1	23.50
192.058	36.24	2.21	80.08	9.89	6.51	64.46	80.50	1	23.80
192.203	36.35	2.27	82.37	10.03	6.58	65.99	80.10	1	24.10
192.263	36.41	2.28	82.95	10.07	6.66	67.09	80.90	1	24.30
192.367	36.31	2.36	85.66	10.22	6.62	67.62	78.90	1	24.40
192.512	36.16	2.36	85.28	10.31	6.65	68.48	80.30	1	24.40
192.572	36.39	2.27	82.59	10.30	6.49	66.90	81.00	1	24.30
192.676	36.36	2.27	82.51	10.30	6.45	66.46	80.50	1	24.30
192.821	36.35	2.31	83.80	10.18	6.67	67.88	81.00	1	24.30
192.881	36.31	2.32	84.37	10.23	6.49	66.38	78.70	1	24.10
192.985	36.24	2.30	83.31	10.19	6.62	67.40	80.90	1	24.30
193.130	36.44	2.27	82.68	10.14	6.61	67.06	81.10	1	24.00
193.190	36.45	2.28	83.11	10.18	6.50	66.16	79.60	1	24.10
193.294	36.52	2.28	83.21	10.17	6.61	67.24	80.80	1	24.40
193.439	36.29	2.39	86.90	10.25	6.79	69.63	80.10	1	24.70
193.499	36.41	2.33	84.67	10.32	6.71	69.26	81.80	1	24.60
193.603	36.25	2.40	87.01	10.30	6.77	69.76	80.20	1	24.40
193.748	36.18	2.41	87.28	10.30	6.75	69.45	79.60	1	24.70
193.808	36.32	2.35	85.44	10.33	6.80	70.20	82.20	1	24.90
193.912	36.38	2.31	84.09	10.50	6.29	66.08	78.60	1	24.70
194.057	35.86	2.50	89.58	10.52	6.29	66.14	73.80	1	24.40
194.117	35.83	2.45	87.64	10.28	6.86	70.48	80.40	1	24.40
194.221	36.30	2.32	84.19	10.25	6.75	69.16	82.10	1	24.40
194.366	36.16	2.43	87.78	10.24	6.96	71.31	81.20	1	24.70
194.426	36.33	2.38	86.31	10.23	7.00	71.62	83.00	1	24.60
194.530	36.46	2.32	84.56	10.41	6.37	66.31	78.40	1	24.70
194.675	35.82	2.55	91.22	10.71	6.11	65.48	71.80	1	25.00
194.735	35.90	2.52	90.51	10.73	6.17	66.20	73.10	1	25.20
194.839	35.94	2.47	88.81	10.48	6.90	72.30	81.40	1	25.20
194.984	35.85	2.50	89.60	10.52	7.00	73.67	82.20	1	25.20
195.044	35.76	2.56	91.73	10.61	6.78	71.88	78.40	1	25.00
195.148	35.97	2.47	88.72	10.52	6.86	72.22	81.40	1	25.20
195.293	35.94	2.51	90.05	10.50	7.08	74.33	82.50	1	25.20
195.353	35.81	2.55	91.49	10.62	6.66	70.74	77.30	1	25.00
195.457	36.16	2.42	87.63	10.55	6.79	71.65	81.80	1	25.00
195.602	35.90	2.51	90.06	10.58	6.56	69.38	77.00	1	24.70
195.662	36.15	2.41	87.27	10.52	6.46	67.93	77.80	1	24.70
195.766	36.26	2.34	84.82	10.40	6.63	68.94	81.30	1	24.70
195.911	36.26	2.40	87.17	10.24	7.32	75.00	86.00	1	25.00
195.971	36.01	2.50	89.85	10.21	7.57	77.25	86.00	1	25.20
196.075	35.74	2.60	92.84	10.59	6.71	71.09	76.60	1	25.30
196.220	35.96	2.54	91.35	10.67	6.62	70.64	77.30	1	25.20
196.280	36.21	2.43	87.91	10.58	6.71	70.91	80.70	1	25.00
196.384	35.82	2.53	90.79	10.64	6.60	70.20	77.30	1	25.30
196.529	35.92	2.52	90.52	10.60	6.71	71.14	78.60	1	25.00
196.589	36.03	2.45	88.19	10.60	6.52	69.12	78.40	1	25.00
196.693	35.98	2.48	89.31	10.37	7.20	74.68	83.60	1	25.20
196.838	35.83	2.56	91.86	10.72	6.50	69.65	75.80	1	25.50
196.898	35.94	2.53	91.00	10.67	6.88	73.37	80.60	1	25.30
197.002	36.07	2.49	89.82	10.68	6.66	71.16	79.20	1	25.30
197.147	35.83	2.57	92.00	10.71	6.60	70.73	76.90	1	25.60
197.207	35.89	2.55	91.40	10.64	6.94	73.91	80.90	1	25.50
197.311	35.91	2.54	91.15	10.63	6.91	73.52	80.70	1	25.30
197.456	36.17	2.47	89.16	10.64	6.64	70.69	79.30	1	25.20
197.516	36.04	2.48	89.31	10.55	6.96	73.38	82.20	1	25.30
197.620	35.95	2.52	90.64	10.66	6.70	71.38	78.70	1	25.50
197.765	35.71	2.57	91.66	10.70	6.55	70.02	76.40	1	25.20
197.825	36.12	2.43	87.86	10.69	6.39	68.25	77.70	1	25.00
197.929	35.99	2.43	87.46	10.45	7.05	73.66	84.20	1	25.00
198.074	35.85	2.55	91.37	10.45	6.87	71.86	78.60	1	24.70
198.134	35.80	2.56	91.49	10.53	6.59	69.37	75.80	1	24.60
198.238	35.83	2.51	89.79	10.34	6.94	71.76	79.90	1	24.70
198.383	36.37	2.33	84.87	10.31	6.76	69.63	82.00	1	24.70
198.443	36.21	2.40	86.84	10.45	6.33	66.18	76.20	1	24.60
198.547	36.27	2.37	86.03	10.25	6.79	69.57	80.90	1	24.60
198.692	36.31	2.34	84.86	10.23	6.78	69.34	81.70	1	24.60
198.752	36.24	2.39	86.70	10.37	6.42	66.56	76.80	1	24.40
198.856	36.46	2.33	84.83	10.22	6.60	67.50	79.60	1	24.30
199.001	36.36	2.35	85.33	10.19	6.69	68.19	79.90	1	24.30
199.061	36.30	2.34	85.00	10.18	6.67	67.93	79.90	1	24.10
199.165	36.38	2.32	84.37	10.16	6.71	68.20	80.80	1	24.30
199.310	36.34	2.29	83.26	10.20	6.56	66.96	80.40	1	24.30
199.370	36.34	2.30	83.49	10.15	6.66	67.61	81.00	1	24.30
199.474	36.18	2.37	85.73	10.26	6.63	68.06	79.40	1	24.60
199.619	36.11	2.40	86.75	10.28	6.88	70.69	81.50	1	24.90
199.679	35.98	2.42	87.09	10.42	6.59	68.71	78.90	1	24.70
199.783	36.30	2.35	85.36	10.32	6.83	70.48	82.60	1	24.60
199.928	36.09	2.42	87.30	10.30	6.98	71.93	82.40	1	24.90
199.988	36.19	2.42	87.48	10.42	6.64	69.20	79.10	1	24.70
200.092	36.12	2.41	87.12	10.26	6.97	71.58	82.20	1	24.70
200.237	36.00	2.43	87.38	10.22	6.90	70.50	80.70	1	24.40
200.297	36.13	2.36	85.25	10.30	6.65	68.47	80.30	1	24.60
200.401	36.30	2.33	84.57	10.32	6.63	68.47	81.00	1	24.70
200.546	36.23	2.38	86.12	10.30	6.57	67.65	78.60	1	24.40
200.606	36.07	2.37	85.57	10.25	6.82	69.96	81.80	1	24.60
200.710	36.09	2.39	86.10	10.22	6.84	69.93	81.20	1	24.30
200.855	36.24	2.36	85.63	10.28	6.48	66.68	77.90	1	24.30
200.915	36.31	2.33	84.62	10.18	6.67	67.91	80.30	1	24.30
201.019	36.35	2.33	84.72	10.14	6.70	67.92	80.20	1	24.30
201.164	36.31	2.38	86.28	10.15	6.81	69.09	80.10	1	24.40
201.224	36.13	2.38	86.16	10.20	6.76	68.94	80.00	1	24.60
201.328	35.94	2.42	87.12	10.23	6.84	69.98	80.30	1	24.60
201.473	34.98	2.26	79.12	10.03	6.27	62.92	79.50	1	24.60
201.533	34.16	2.18	74.63	9.82	6.00	58.96	79.00	1	24.70
201.637	32.87	2.19	71.91	9.47	6.09	57.73	80.30	1	29.60
201.782	15.73	3.53	55.59	8.03	4.13	33.14	59.60	1	55.00
201.842	11.68	3.87	45.16	7.20	3.80	27.34	60.50	1	47.50
201.946	12.59	3.97	50.03	7.15	4.74	33.93	67.80	1	37.50
202.091	25.90	2.49	64.40	7.69	5.72	43.95	68.20	1	15.00
202.151	32.34	1.38	44.65	6.36	3.68	23.41	52.40	1	10.00
202.255	33.15	1.45	47.95	6.37	4.58	29.17	60.80	1	25.00
202.399	31.71	1.95	61.73	7.50	5.94	44.53	72.10	1	28.50
202.459	27.15	2.15	58.25	7.54	5.69	42.87	73.60	1	29.00
202.563	20.71	2.34	48.41	7.15	5.04	36.07	74.50	1	30.50
202.708	26.79	2.32	62.16	7.98	5.93	47.28	76.10	1	25.00
202.768	27.88	2.31	64.44	8.18	5.97	48.82	75.80	1	25.20
202.872	29.16	2.29	66.88	8.30	6.80	56.44	84.40	1	25.50
203.017	29.64	2.27	67.34	8.74	6.08	53.15	78.90	1	25.60
203.077	29.81	2.27	67.59	8.78	6.17	54.15	80.10	1	25.80
203.181	29.75	2.28	67.81	8.86	6.09	54.02	79.70	1	25.90
203.326	29.74	2.26	67.32	8.95	6.01	53.79	79.90	1	25.80
203.386	29.65	2.28	67.74	8.88	6.06	53.77	79.40	1	25.90
203.490	29.64	2.28	67.66	8.87	6.05	53.69	79.30	1	25.90
203.635	29.80	2.27	67.74	8.90	5.99	53.30	78.70	1	25.80
203.695	29.85	2.27	67.70	8.91	5.99	53.31	78.70	1	25.60
203.799	30.08	2.26	68.09	8.91	6.06	54.00	79.30	1	25.60
203.944	30.03	2.27	68.18	8.95	5.99	53.59	78.60	1	25.60
204.004	30.15	2.27	68.40	8.97	5.96	53.42	78.10	1	25.50
204.108	30.32	2.25	68.08	8.96	6.08	54.48	80.00	1	25.50
204.253	30.18	2.25	68.03	8.99	6.01	54.06	79.50	1	25.60
204.313	30.10	2.26	67.97	8.94	6.04	54.03	79.50	1	25.60
204.417	30.35	2.24	67.92	9.00	5.85	52.66	77.50	1	25.50
204.562	30.51	2.24	68.36	8.98	6.05	54.32	79.50	1	25.30
204.622	30.61	2.23	68.18	9.03	5.94	53.63	78.70	1	25.30
204.726	30.67	2.23	68.35	8.98	5.95	53.42	78.20	1	25.30
204.871	30.59	2.24	68.56	8.96	6.00	53.79	78.50	1	25.30
204.931	30.61	2.22	68.10	8.99	5.99	53.88	79.10	1	25.20
205.035	30.70	2.22	68.13	8.99	5.99	53.81	79.00	1	25.30
205.180	30.99	2.21	68.43	8.96	6.08	54.51	79.70	1	25.00
205.240	31.23	2.19	68.46	9.04	5.91	53.43	78.10	1	25.00
205.344	31.22	2.20	68.67	9.03	5.95	53.69	78.20	1	25.00
205.489	31.09	2.20	68.51	9.00	6.01	54.12	79.00	1	25.20
205.549	31.02	2.21	68.54	9.03	6.13	55.41	80.80	1	25.30
205.653	30.85	2.21	68.17	8.94	6.16	55.09	80.80	1	25.20
205.798	30.79	2.20	67.78	8.99	5.94	53.42	78.80	1	25.30
205.858	30.72	2.22	68.19	8.97	6.09	54.59	80.10	1	25.30
205.962	30.48	2.23	67.93	8.99	6.02	54.08	79.60	1	25.30
206.107	30.41	2.23	67.66	9.04	5.95	53.84	79.60	1	25.50
206.167	30.30	2.23	67.48	9.00	6.01	54.06	80.10	1	25.30
206.271	30.43	2.23	67.83	8.96	6.02	53.95	79.50	1	25.20
206.416	31.13	2.19	68.29	8.97	6.02	54.02	79.10	1	25.00
206.476	31.03	2.19	68.09	8.96	6.04	54.18	79.60	1	24.90
206.580	31.24	2.18	67.98	8.98	5.96	53.48	78.70	1	24.90
206.725	31.50	2.17	68.23	8.95	5.95	53.24	78.00	1	24.90
206.785	31.34	2.18	68.19	8.92	6.01	53.62	78.60	1	24.90
206.889	31.21	2.19	68.28	8.90	6.06	53.95	79.00	1	25.00
207.033	31.29	2.18	68.28	8.95	6.10	54.59	79.90	1	24.90
207.093	31.25	2.18	68.23	8.93	6.08	54.34	79.60	1	25.00
207.197	31.26	2.19	68.40	8.94	6.14	54.83	80.20	1	25.00
207.342	31.01	2.21	68.65	8.95	6.13	54.83	79.90	1	25.20
207.402	30.84	2.22	68.55	8.95	6.06	54.18	79.00	1	25.30
207.506	30.68	2.21	67.92	8.99	6.01	54.03	79.50	1	25.20
207.651	31.08	2.22	68.90	9.01	5.92	53.33	77.40	1	25.00
207.711	31.09	2.21	68.66	8.96	5.96	53.43	77.80	1	24.90
207.815	31.39	2.18	68.47	8.96	6.11	54.77	80.00	1	24.90
207.960	31.33	2.18	68.32	8.96	6.00	53.74	78.70	1	24.90
208.020	31.40	2.18	68.34	8.93	6.17	55.16	80.70	1	24.70
208.123	31.70	2.16	68.55	8.98	6.12	54.93	80.10	1	24.70
208.268	31.33	2.18	68.31	8.96	6.03	54.05	79.10	1	24.90
208.328	31.42	2.17	68.24	8.94	6.07	54.20	79.40	1	24.70
208.432	31.88	2.15	68.57	9.02	5.93	53.46	78.00	1	24.60
208.577	31.66	2.15	68.07	8.96	6.10	54.69	80.30	1	24.70
208.637	31.61	2.15	67.96	8.97	6.02	54.05	79.50	1	24.60
208.741	31.80	2.14	68.09	8.97	6.06	54.31	79.80	1	24.60
208.885	31.85	2.16	68.69	8.94	6.08	54.35	79.10	1	24.60
208.945	31.67	2.16	68.28	8.93	5.97	53.28	78.00	1	24.70
209.049	31.82	2.15	68.31	8.95	6.02	53.86	78.90	1	24.60
209.194	32.08	2.14	68.54	8.97	6.02	53.99	78.80	1	24.40
209.254	31.91	2.13	68.13	8.98	6.07	54.48	80.00	1	24.60
209.358	31.76	2.14	68.03	8.93	6.12	54.69	80.40	1	24.60
209.503	31.24	2.04	63.86	8.79	5.75	50.52	79.10	1	24.60
209.563	30.35	1.94	58.81	8.60	5.44	46.76	79.50	1	24.40
209.667	27.16	1.61	43.73	7.78	4.43	34.50	78.90	1	27.10
209.812	12.51	2.14	26.77	5.76	2.98	17.13	64.00	1	55.00
209.872	8.41	2.23	18.76	4.79	2.37	11.34	60.50	1	50.00
209.975	5.89	1.75	10.32	3.26	2.02	6.60	63.90	1	40.00
210.119	11.24	2.04	22.99	2.90	5.01	14.53	63.20	1	17.50
210.179	15.87	1.37	21.78	2.52	4.61	11.60	53.30	1	10.00
210.283	28.33	0.96	27.23	2.82	5.61	15.80	58.00	1	10.00
210.428	34.94	1.24	43.27	3.70	7.61	28.13	65.00	1	14.00
210.488	30.88	1.52	46.90	3.79	7.90	29.91	63.80	1	18.00
210.592	26.55	1.76	46.73	3.81	7.92	30.20	64.60	1	18.00
210.737	33.19	2.09	69.48	5.58	8.81	49.18	70.80	1	18.30
210.797	34.88	2.09	72.83	6.09	8.59	52.34	71.90	1	18.40
210.901	36.53	1.89	68.98	6.79	7.61	51.67	74.90	1	18.30
211.046	37.68	1.56	58.85	7.30	6.29	45.93	78.00	1	18.30
211.106	37.81	1.50	56.72	7.41	6.03	44.70	78.80	1	18.40
211.210	35.45	2.21	78.40	8.32	6.64	55.22	70.40	1	33.50
211.355	15.22	3.76	57.30	7.44	4.36	32.43	56.60	1	55.00
211.415	11.98	3.98	47.68	7.00	4.01	28.10	58.90	1	42.50
211.519	14.96	4.12	61.65	7.59	5.63	42.68	69.20	1	30.00
211.664	31.38	2.47	77.40	8.24	5.70	46.97	60.70	1	10.00
211.724	35.62	1.31	46.71	6.53	3.34	21.82	46.70	1	10.00
211.828	35.57	2.05	73.10	7.77	6.14	47.72	65.30	1	25.00
211.973	35.44	2.40	85.03	9.12	6.66	60.78	71.50	1	29.00
212.033	33.41	3.03	101.28	9.83	7.54	74.12	73.20	1	31.50
212.137	28.79	3.75	107.94	10.53	7.89	83.06	77.00	1	33.00
212.282	26.92	4.00	107.66	11.02	7.57	83.37	77.40	1	33.10
212.343	27.00	4.04	109.07	11.21	7.39	82.89	76.00	1	33.30
212.447	26.69	4.07	108.53	11.30	7.44	84.12	77.50	1	33.50
212.592	26.77	4.06	108.66	11.30	7.38	83.41	76.80	1	33.30
212.653	26.86	4.06	109.04	11.37	7.36	83.63	76.70	1	33.10
212.757	27.07	4.05	109.67	11.34	7.57	85.90	78.30	1	32.80
212.902	27.11	4.04	109.55	11.34	7.69	87.22	79.60	1	33.00
212.963	27.29	4.03	110.06	11.43	7.60	86.91	79.00	1	33.10
213.067	27.15	4.04	109.61	11.41	7.56	86.24	78.70	1	33.00
213.212	27.35	4.04	110.45	11.45	7.49	85.80	77.70	1	32.80
213.273	27.56	4.03	111.02	11.43	7.54	86.26	77.70	1	32.70
213.377	27.96	4.01	112.07	11.51	7.44	85.70	76.50	1	32.40
213.522	28.32	3.98	112.62	11.58	7.50	86.87	77.10	1	32.20
213.583	28.46	3.98	113.27	11.56	7.50	86.71	76.60	1	32.10
213.687	28.77	3.96	113.96	11.61	7.55	87.65	76.90	1	31.90
213.832	29.15	3.92	114.15	11.67	7.65	89.28	78.20	1	31.60
213.893	29.44	3.90	114.83	11.68	7.69	89.84	78.20	1	31.50
213.997	29.88	3.88	115.80	11.72	7.71	90.33	78.00	1	31.20
214.142	30.45	3.83	116.53	11.78	7.69	90.66	77.80	1	30.90
214.203	30.64	3.81	116.77	11.76	7.72	90.75	77.70	1	30.90
214.307	31.02	3.77	117.01	11.80	7.75	91.41	78.10	1	30.90
214.452	30.84	3.80	117.06	11.74	7.77	91.22	77.90	1	31.00
214.513	30.52	3.82	116.57	11.74	7.71	90.45	77.60	1	31.20
214.617	30.50	3.81	116.15	11.85	7.60	90.04	77.50	1	31.00
214.762	30.40	3.82	116.17	11.69	7.73	90.31	77.70	1	31.00
214.823	30.52	3.82	116.58	11.71	7.80	91.37	78.40	1	31.00
214.927	30.83	3.79	116.95	11.76	7.76	91.25	78.00	1	30.70
215.072	31.10	3.74	116.39	11.78	7.73	91.06	78.20	1	30.70
215.133	31.17	3.74	116.49	11.81	7.71	91.11	78.20	1	30.70
215.237	31.12	3.76	117.05	11.80	7.63	89.94	76.80	1	30.70
215.382	31.05	3.78	117.35	11.80	7.70	90.86	77.40	1	31.00
215.443	30.86	3.80	117.14	11.83	7.70	91.07	77.70	1	31.00
215.547	31.04	3.78	117.30	11.82	7.67	90.72	77.30	1	30.70
215.692	30.96	3.79	117.36	11.80	7.79	91.98	78.40	1	31.00
215.753	30.78	3.81	117.33	11.79	7.84	92.46	78.80	1	31.00
215.857	30.69	3.80	116.77	11.84	7.61	90.10	77.20	1	30.90
216.002	30.96	3.79	117.27	11.89	7.61	90.51	77.20	1	30.90
216.063	30.95	3.79	117.41	11.84	7.71	91.28	77.70	1	30.70
216.167	31.26	3.74	116.93	11.87	7.71	91.56	78.30	1	30.70
216.312	31.34	3.74	117.24	11.88	7.63	90.70	77.40	1	30.40
216.373	31.36	3.73	116.94	11.81	7.75	91.46	78.20	1	30.40
216.477	31.32	3.74	116.97	11.83	7.76	91.80	78.50	1	30.70
216.622	31.57	3.71	117.22	11.85	7.70	91.17	77.80	1	30.40
216.683	31.61	3.69	116.74	11.83	7.75	91.69	78.50	1	30.40
216.787	31.58	3.71	117.05	11.78	7.79	91.77	78.40	1	30.40
216.932	31.75	3.70	117.31	11.82	7.81	92.34	78.70	1	30.60
216.993	31.43	3.72	116.85	11.86	7.83	92.88	79.50	1	30.70
217.097	31.41	3.74	117.33	11.87	7.71	91.56	78.00	1	30.40
217.242	31.49	3.72	117.30	11.79	7.83	92.37	78.70	1	30.40
217.303	31.52	3.71	117.02	11.84	7.78	92.13	78.70	1	30.40
217.407	31.41	3.72	116.87	11.83	7.68	90.83	77.70	1	30.60
217.552	31.20	3.77	117.71	11.85	7.65	90.70	77.10	1	30.90
217.613	31.09	3.78	117.64	11.87	7.67	91.06	77.40	1	31.00
217.717	30.88	3.80	117.48	11.86	7.83	92.89	79.10	1	31.00
217.862	31.02	3.80	117.82	11.81	7.83	92.48	78.50	1	30.70
217.923	31.02	3.80	117.78	11.80	7.81	92.22	78.30	1	30.60
218.027	31.16	3.76	117.15	11.81	7.74	91.35	78.00	1	30.70
218.172	31.24	3.79	118.32	11.87	7.79	92.47	78.20	1	30.90
218.233	31.14	3.80	118.31	11.88	7.71	91.61	77.40	1	31.00
218.337	30.77	3.83	117.73	11.81	7.82	92.38	78.50	1	31.00
218.482	30.86	3.83	118.06	11.87	7.65	90.79	76.90	1	30.90
218.543	30.93	3.81	117.70	11.88	7.67	91.15	77.40	1	30.90
218.647	30.85	3.81	117.58	11.85	7.71	91.31	77.70	1	31.00
218.792	30.97	3.80	117.73	11.82	7.83	92.57	78.60	1	30.90
218.853	30.92	3.80	117.55	11.85	7.83	92.74	78.90	1	30.70
218.957	31.12	3.79	117.81	11.85	7.78	92.23	78.30	1	30.90
219.102	30.76	3.84	117.98	11.88	7.62	90.45	76.70	1	31.20
219.163	30.60	3.84	117.65	11.79	7.69	90.66	77.10	1	31.20
219.267	30.59	3.83	117.21	11.83	7.74	91.60	78.10	1	31.20
219.412	30.84	3.82	117.80	11.85	7.73	91.58	77.70	1	30.90
219.473	30.82	3.81	117.45	11.82	7.70	91.02	77.50	1	30.90
219.577	30.96	3.79	117.24	11.77	7.79	91.70	78.20	1	30.70
219.722	31.06	3.79	117.68	11.79	7.85	92.52	78.60	1	30.90
219.783	30.99	3.79	117.50	11.85	7.84	92.91	79.10	1	31.00
219.887	31.09	3.80	118.21	11.86	7.83	92.86	78.60	1	30.70
220.032	31.20	3.79	118.27	11.84	7.80	92.33	78.10	1	30.90
220.093	31.18	3.79	118.17	11.86	7.81	92.59	78.40	1	31.00
220.197	30.98	3.81	118.06	11.89	7.81	92.88	78.70	1	31.00
220.342	31.03	3.79	117.71	11.91	7.81	93.08	79.10	1	31.00
220.403	30.89	3.81	117.83	11.92	7.75	92.34	78.40	1	31.20
220.507	30.76	3.82	117.59	11.88	7.78	92.46	78.60	1	31.00
220.652	30.82	3.81	117.58	11.91	7.78	92.59	78.80	1	31.00
220.713	30.92	3.81	117.82	11.91	7.81	92.97	78.90	1	31.00
220.817	31.08	3.80	118.16	11.88	7.76	92.22	78.00	1	30.70
220.962	31.05	3.78	117.33	11.87	7.81	92.74	79.00	1	30.90
221.023	30.92	3.80	117.45	11.86	7.78	92.22	78.50	1	30.90
221.127	31.08	3.79	117.92	11.91	7.75	92.33	78.30	1	31.00
221.272	31.13	3.79	118.01	11.94	7.70	91.89	77.90	1	30.90
221.333	31.24	3.78	118.18	11.88	7.73	91.88	77.80	1	30.70
221.437	31.22	3.78	118.04	11.89	7.75	92.12	78.00	1	30.70
221.582	31.39	3.78	118.78	11.84	7.83	92.69	78.00	1	30.60
221.643	31.54	3.75	118.32	11.90	7.73	91.98	77.70	1	30.60
221.747	31.41	3.74	117.63	11.82	7.76	91.75	78.00	1	30.70
221.892	31.32	3.76	117.66	11.81	7.73	91.35	77.60	1	30.60
221.953	31.54	3.74	117.82	11.84	7.81	92.44	78.50	1	30.40
222.057	31.72	3.70	117.35	11.93	7.62	90.86	77.40	1	30.40
222.202	31.93	3.69	117.85	11.84	7.82	92.66	78.60	1	30.30
222.263	31.83	3.69	117.43	11.83	7.72	91.35	77.80	1	30.40
222.367	31.65	3.70	117.05	11.89	7.70	91.50	78.20	1	30.60
222.512	31.53	3.72	117.16	11.89	7.76	92.28	78.80	1	30.40
222.573	31.64	3.71	117.39	11.90	7.64	90.95	77.50	1	30.40
222.677	31.79	3.70	117.66	11.81	7.82	92.37	78.50	1	30.10
222.822	32.05	3.68	117.95	11.83	7.76	91.80	77.80	1	30.40
222.883	31.97	3.69	117.83	11.87	7.68	91.23	77.40	1	30.40
222.987	31.64	3.71	117.47	11.84	7.71	91.26	77.70	1	30.30
223.132	31.55	3.72	117.50	11.82	7.83	92.56	78.80	1	30.60
223.193	31.49	3.74	117.81	11.85	7.83	92.82	78.80	1	30.60
223.297	31.54	3.73	117.53	11.90	7.71	91.73	78.00	1	30.60
223.442	31.76	3.70	117.65	11.87	7.65	90.77	77.20	1	30.30
223.503	31.63	3.71	117.49	11.85	7.71	91.39	77.80	1	30.40
223.607	31.67	3.70	117.21	11.86	7.61	90.24	77.00	1	30.30
223.752	31.82	3.69	117.32	11.87	7.77	92.16	78.60	1	30.40
223.813	31.60	3.73	117.76	11.85	7.65	90.72	77.00	1	30.60
223.917	31.40	3.76	118.03	11.81	7.83	92.47	78.30	1	30.70
224.062	31.19	3.79	118.26	11.84	7.83	92.72	78.40	1	30.90
224.123	31.10	3.81	118.42	11.87	7.95	94.32	79.60	1	31.00
224.227	30.85	3.85	118.62	11.87	7.86	93.34	78.70	1	31.20
224.372	30.75	3.84	118.06	11.85	7.82	92.61	78.40	1	31.20
224.433	30.83	3.85	118.69	11.85	7.88	93.37	78.70	1	31.30
224.537	30.80	3.84	118.18	11.92	7.72	92.03	77.90	1	31.20
224.682	30.91	3.85	118.98	11.96	7.74	92.62	77.80	1	31.20
224.743	30.86	3.85	118.70	11.93	7.82	93.27	78.60	1	31.00
224.847	30.91	3.84	118.80	11.89	7.78	92.48	77.80	1	31.00
224.992	30.74	3.85	118.20	11.89	7.83	93.10	78.80	1	31.20
225.053	30.70	3.84	117.98	11.93	7.59	90.61	76.80	1	31.20
225.157	30.56	3.86	118.08	11.89	7.79	92.65	78.50	1	31.30
225.302	30.80	3.84	118.26	11.87	7.71	91.52	77.40	1	31.20
225.363	30.88	3.83	118.18	11.91	7.82	93.06	78.70	1	31.20
225.467	30.70	3.85	118.05	11.98	7.61	91.15	77.20	1	31.30
225.612	30.32	3.90	118.37	11.90	7.81	92.97	78.50	1	31.50
225.673	30.18	3.93	118.54	11.89	7.75	92.13	77.70	1	31.60
225.777	30.29	3.90	118.21	11.90	7.75	92.21	78.00	1	31.50
225.922	30.25	3.90	117.96	11.94	7.60	90.78	77.00	1	31.50
225.983	30.10	3.91	117.59	11.86	7.74	91.87	78.10	1	31.60
226.087	30.06	3.92	117.70	11.91	7.79	92.76	78.80	1	31.60
226.232	30.01	3.91	117.44	11.95	7.71	92.15	78.50	1	31.60
226.293	30.06	3.92	117.81	11.91	7.62	90.73	77.00	1	31.60
226.397	29.99	3.94	118.14	11.87	7.82	92.84	78.60	1	31.80
226.542	30.10	3.93	118.16	11.88	7.79	92.60	78.40	1	31.50
226.603	30.17	3.92	118.37	11.89	7.81	92.90	78.50	1	31.50
226.707	30.34	3.91	118.51	11.88	7.72	91.63	77.30	1	31.30
226.852	30.34	3.89	118.00	11.85	7.72	91.53	77.60	1	31.30
226.913	30.42	3.88	117.96	11.87	7.75	92.01	78.00	1	31.30
227.017	30.45	3.88	118.27	11.89	7.76	92.30	78.00	1	31.20
227.162	30.65	3.87	118.50	11.88	7.76	92.26	77.90	1	31.50
227.223	30.41	3.90	118.63	11.83	7.78	92.04	77.60	1	31.50
227.327	30.29	3.90	118.07	11.84	7.88	93.38	79.10	1	31.30
227.472	30.42	3.88	118.15	11.84	7.81	92.45	78.20	1	31.50
227.533	30.32	3.91	118.43	11.81	7.83	92.44	78.10	1	31.50
227.637	30.02	3.91	117.48	11.82	7.78	91.94	78.30	1	31.60
227.782	29.90	3.93	117.46	11.84	7.73	91.56	77.90	1	31.60
227.843	29.88	3.93	117.52	11.83	7.68	90.92	77.40	1	31.80
227.947	29.74	3.95	117.38	11.83	7.62	90.12	76.80	1	31.80
228.092	29.75	3.95	117.45	11.83	7.78	91.99	78.30	1	31.60
228.153	29.93	3.94	117.80	11.82	7.77	91.84	78.00	1	31.50
228.257	30.25	3.92	118.58	11.85	7.82	92.68	78.20	1	31.50
228.402	30.37	3.89	118.15	11.88	7.81	92.73	78.50	1	31.50
228.463	30.16	3.91	117.82	11.84	7.68	90.94	77.20	1	31.50
228.567	30.34	3.90	118.43	11.82	7.86	92.86	78.40	1	31.30
228.712	30.67	3.87	118.69	11.88	7.80	92.71	78.10	1	31.00
228.773	30.73	3.86	118.61	11.86	7.71	91.44	77.10	1	31.00
228.877	30.79	3.85	118.46	11.83	7.76	91.81	77.50	1	31.20
229.022	30.71	3.84	117.97	11.86	7.73	91.72	77.80	1	31.00
229.083	30.75	3.84	118.03	11.87	7.70	91.38	77.40	1	31.00
229.187	30.85	3.84	118.37	11.86	7.79	92.41	78.10	1	30.90
229.332	30.95	3.82	118.19	11.84	7.84	92.83	78.50	1	31.00
229.393	30.80	3.82	117.69	11.83	7.81	92.34	78.50	1	31.00
229.497	30.85	3.82	117.72	11.84	7.86	93.02	79.00	1	31.00
229.642	30.87	3.83	118.28	11.85	7.88	93.37	78.90	1	31.20
229.703	30.76	3.83	117.81	11.88	7.82	92.89	78.80	1	31.20
229.807	30.63	3.86	118.21	11.82	7.82	92.42	78.20	1	31.20
229.952	30.76	3.86	118.88	11.88	7.70	91.47	76.90	1	31.00
230.013	30.95	3.84	118.72	11.86	7.84	92.96	78.30	1	30.90
230.117	31.02	3.83	118.72	11.95	7.65	91.41	77.00	1	31.00
230.262	30.83	3.85	118.71	11.83	7.84	92.77	78.10	1	31.20
230.323	30.70	3.86	118.41	11.81	7.86	92.84	78.40	1	31.00
230.427	30.97	3.82	118.40	11.89	7.78	92.47	78.10	1	31.00
230.572	31.03	3.83	118.78	11.95	7.69	91.88	77.40	1	31.00
230.633	31.03	3.82	118.59	11.92	7.70	91.83	77.40	1	30.90
230.737	30.88	3.84	118.69	11.84	7.85	92.91	78.30	1	31.00
230.882	30.83	3.85	118.59	11.80	7.91	93.33	78.70	1	31.20
230.943	30.86	3.84	118.60	11.85	7.85	93.00	78.40	1	31.20
231.047	30.84	3.85	118.64	11.85	7.87	93.34	78.70	1	31.20
231.192	30.80	3.85	118.50	11.90	7.73	92.00	77.60	1	31.00
231.253	30.83	3.84	118.29	11.90	7.82	93.02	78.60	1	31.20
231.357	30.67	3.85	118.06	11.96	7.61	90.99	77.10	1	31.00
231.502	31.16	3.82	118.95	11.89	7.83	93.07	78.20	1	30.70
231.563	31.11	3.81	118.53	11.86	7.87	93.35	78.80	1	30.70
231.667	31.19	3.79	118.34	11.91	7.74	92.17	77.90	1	30.90
231.812	31.04	3.81	118.25	11.91	7.65	91.09	77.00	1	30.90
231.873	30.88	3.81	117.81	11.90	7.62	90.67	77.00	1	31.00
231.977	30.77	3.82	117.56	11.91	7.80	92.88	79.00	1	30.90
232.122	31.10	3.80	118.32	11.87	7.89	93.64	79.10	1	30.70
232.183	31.24	3.79	118.25	11.90	7.86	93.52	79.10	1	30.70
232.287	31.24	3.79	118.28	11.86	7.81	92.61	78.30	1	30.70
232.432	31.30	3.79	118.50	11.87	7.73	91.77	77.40	1	30.70
232.493	31.21	3.78	118.15	11.84	7.80	92.38	78.20	1	30.90
232.597	30.97	3.81	117.95	11.93	7.67	91.43	77.50	1	31.00
232.742	31.08	3.80	118.08	11.90	7.74	92.20	78.10	1	30.70
232.803	31.05	3.79	117.76	11.87	7.71	91.47	77.70	1	30.70
232.907	31.10	3.78	117.49	11.86	7.87	93.42	79.50	1	30.90
233.052	31.16	3.80	118.36	11.85	7.83	92.80	78.40	1	31.00
233.113	31.02	3.82	118.47	11.85	7.90	93.61	79.00	1	31.20
233.217	30.73	3.84	117.97	11.85	7.80	92.38	78.30	1	31.00
233.362	30.71	3.86	118.56	11.83	7.83	92.60	78.10	1	31.30
233.423	30.60	3.87	118.48	11.87	7.81	92.71	78.20	1	31.50
233.527	30.33	3.89	118.05	11.87	7.72	91.65	77.60	1	31.30
233.672	30.39	3.91	118.91	11.83	7.81	92.38	77.70	1	31.20
233.733	30.51	3.89	118.66	11.82	7.77	91.83	77.40	1	31.20
233.837	30.48	3.88	118.18	11.85	7.79	92.36	78.20	1	31.20
233.982	30.60	3.87	118.44	11.90	7.71	91.68	77.40	1	31.30
234.043	30.41	3.89	118.44	11.84	7.80	92.37	78.00	1	31.50
234.147	30.31	3.90	118.19	11.86	7.78	92.21	78.00	1	31.30
234.292	30.40	3.90	118.63	11.84	7.84	92.79	78.20	1	31.30
234.353	30.43	3.89	118.50	11.85	7.76	92.03	77.70	1	31.20
234.457	30.57	3.87	118.42	11.79	7.82	92.12	77.80	1	31.20
234.602	30.44	3.88	118.13	11.84	7.76	91.87	77.80	1	31.30
234.663	30.61	3.87	118.47	11.86	7.80	92.50	78.10	1	31.30
234.767	30.45	3.88	118.20	11.86	7.70	91.41	77.30	1	31.20
234.912	30.68	3.86	118.55	11.88	7.72	91.71	77.40	1	31.00
234.973	30.79	3.85	118.52	11.88	7.77	92.39	78.00	1	31.20
235.077	30.60	3.87	118.54	11.93	7.68	91.69	77.30	1	31.30
235.222	30.65	3.88	119.07	11.90	7.82	93.11	78.20	1	31.00
235.283	30.73	3.86	118.51	11.90	7.70	91.65	77.30	1	31.00
235.387	30.71	3.86	118.47	11.86	7.81	92.67	78.20	1	31.00
235.532	30.83	3.85	118.65	11.84	7.81	92.48	77.90	1	31.00
235.593	30.95	3.84	118.86	11.87	7.80	92.53	77.80	1	30.90
235.697	30.96	3.83	118.69	11.88	7.80	92.67	78.10	1	31.00
235.842	30.95	3.84	118.83	11.80	7.88	92.90	78.20	1	31.00
235.903	30.74	3.78	116.11	11.76	7.76	91.30	78.60	1	31.00
236.007	29.24	3.44	100.62	11.27	7.06	79.61	79.10	1	31.00
236.152	26.53	3.15	83.69	10.48	6.06	63.56	75.90	1	38.40
236.212	20.01	3.50	70.01	9.64	5.05	48.69	69.50	1	53.40
236.316	11.66	4.00	46.64	7.84	3.86	30.21	64.80	1	47.50
236.461	14.93	3.47	51.75	7.32	4.95	36.26	70.10	1	25.00
236.521	20.52	2.88	59.19	7.50	5.54	41.55	70.20	1	25.00
236.625	32.01	1.40	44.82	6.26	3.78	23.66	52.80	1	10.00
236.770	29.33	1.77	51.87	6.46	5.16	33.32	64.20	1	22.50
236.830	31.23	1.87	58.36	6.97	5.91	41.25	70.70	1	21.00
236.934	25.88	2.08	53.91	7.09	5.64	39.96	74.10	1	29.00
237.079	22.02	2.36	52.03	7.09	5.43	38.45	73.90	1	25.00
237.139	24.43	2.28	55.78	7.32	5.68	41.57	74.50	1	25.00
237.243	26.70	2.22	59.33	7.72	5.85	45.18	76.20	1	25.20
237.388	27.98	2.19	61.29	8.17	5.84	47.65	77.70	1	25.50
237.448	27.89	2.20	61.30	8.19	5.96	48.79	79.60	1	25.60
237.552	27.95	2.20	61.48	8.29	5.69	47.22	76.80	1	25.60
237.697	28.63	2.19	62.79	8.36	5.94	49.70	79.10	1	25.30
237.757	28.71	2.19	62.86	8.45	5.89	49.76	79.20	1	25.30
237.861	29.36	2.17	63.82	8.56	6.00	51.32	80.40	1	25.20
238.006	29.76	2.17	64.58	8.55	6.08	52.04	80.60	1	24.90
238.066	30.00	2.16	64.85	8.65	5.94	51.44	79.30	1	24.70
238.170	30.77	2.14	65.74	8.68	6.04	52.45	79.80	1	24.60
238.315	31.28	2.12	66.34	8.72	6.06	52.80	79.60	1	24.30
238.375	31.64	2.11	66.72	8.74	6.12	53.43	80.10	1	24.10
238.479	32.00	2.08	66.59	8.83	5.97	52.68	79.10	1	24.00
238.624	32.12	2.06	66.32	8.84	5.86	51.77	78.10	1	24.10
238.684	32.28	2.05	66.09	8.82	6.07	53.49	80.90	1	24.00
238.788	32.32	2.05	66.16	8.85	5.97	52.84	79.90	1	23.80
238.933	32.53	2.04	66.48	8.78	6.07	53.32	80.20	1	23.70
238.993	32.62	2.04	66.63	8.77	5.97	52.37	78.60	1	23.70
239.097	32.67	2.02	65.88	8.80	5.99	52.67	79.90	1	23.70
239.242	32.86	2.01	66.07	8.86	5.86	51.88	78.50	1	23.40
239.302	32.77	2.01	65.96	8.80	5.93	52.12	79.00	1	23.40
239.406	32.84	1.99	65.51	8.80	5.95	52.34	79.90	1	23.50
239.551	33.09	1.98	65.67	8.84	5.92	52.28	79.60	1	23.20
239.611	33.03	1.98	65.52	8.80	5.89	51.85	79.10	1	23.40
239.715	33.02	2.00	65.92	8.83	5.83	51.43	78.00	1	23.50
239.860	32.73	2.02	66.08	8.83	6.02	53.17	80.50	1	23.80
239.920	32.56	2.03	66.03	8.82	6.14	54.09	81.90	1	23.80
240.024	32.45	2.04	66.23	8.83	5.91	52.15	78.70	1	23.80
240.169	32.18	2.06	66.31	8.77	5.96	52.25	78.80	1	24.00
240.229	32.22	2.07	66.57	8.80	5.91	51.95	78.00	1	24.00
240.333	32.12	2.07	66.40	8.78	5.97	52.39	78.90	1	24.00
240.478	31.98	2.07	66.34	8.77	5.97	52.35	78.90	1	24.10
240.538	32.23	2.06	66.31	8.81	5.92	52.16	78.70	1	24.00
240.642	32.10	2.06	66.26	8.76	5.97	52.26	78.90	1	24.00
240.787	32.13	2.07	66.58	8.77	6.01	52.71	79.20	1	23.80
240.847	32.24	2.06	66.55	8.80	5.89	51.83	77.90	1	23.70
240.951	32.21	2.06	66.26	8.72	6.04	52.67	79.50	1	23.80
241.096	32.07	2.06	66.06	8.77	6.10	53.50	81.00	1	24.00
241.156	32.13	2.06	66.08	8.75	6.11	53.45	80.90	1	23.80
241.260	32.47	2.05	66.57	8.79	6.16	54.16	81.40	1	23.70
241.405	32.54	2.03	65.98	8.79	5.98	52.57	79.70	1	23.80
241.465	32.45	2.04	66.25	8.75	6.04	52.87	79.80	1	23.80
241.569	32.25	2.05	66.27	8.75	6.01	52.61	79.40	1	24.10
241.714	32.16	2.06	66.30	8.83	5.89	51.98	78.40	1	24.00
241.774	32.11	2.06	66.15	8.78	6.06	53.19	80.40	1	24.10
241.878	31.93	2.08	66.45	8.80	5.93	52.19	78.50	1	24.30
242.023	31.77	2.10	66.84	8.71	6.08	52.94	79.20	1	24.30
242.083	31.52	2.11	66.66	8.68	6.15	53.36	80.00	1	24.40
242.187	31.59	2.12	66.83	8.72	6.11	53.28	79.70	1	24.30
242.332	31.70	2.11	67.03	8.76	5.87	51.42	76.70	1	24.30
242.392	31.75	2.10	66.72	8.78	6.02	52.83	79.20	1	24.10
242.496	31.68	2.10	66.52	8.76	5.89	51.56	77.50	1	24.30
242.641	31.55	2.08	65.60	8.73	6.03	52.68	80.30	1	24.30
242.701	31.54	2.09	65.77	8.75	6.04	52.81	80.30	1	24.10
242.805	31.86	2.08	66.29	8.74	6.06	52.99	79.90	1	24.00
242.950	32.21	2.08	66.87	8.73	6.06	52.92	79.10	1	23.70
243.010	32.40	2.05	66.37	8.78	6.02	52.87	79.70	1	23.80
243.114	32.21	2.06	66.27	8.76	5.96	52.21	78.80	1	23.70
243.259	32.27	2.03	65.59	8.77	6.06	53.10	81.00	1	23.70
243.319	32.34	2.04	65.87	8.80	5.93	52.14	79.20	1	23.80
243.423	32.03	2.06	65.88	8.79	6.08	53.41	81.10	1	24.00
243.567	32.08	2.07	66.32	8.75	6.08	53.17	80.20	1	24.10
243.627	31.90	2.07	66.00	8.80	6.06	53.29	80.70	1	24.10
243.731	32.24	2.06	66.37	8.81	6.05	53.36	80.40	1	24.00
243.876	32.47	2.06	66.82	8.84	5.98	52.90	79.20	1	23.80
243.936	32.07	2.07	66.31	8.79	6.02	52.93	79.80	1	23.80
244.040	32.33	2.06	66.47	8.82	6.08	53.64	80.70	1	24.00
244.185	32.23	2.06	66.40	8.85	5.86	51.89	78.10	1	24.00
244.245	32.19	2.05	66.02	8.80	5.99	52.75	79.90	1	24.00
244.349	32.28	2.07	66.69	8.79	5.98	52.54	78.80	1	23.80
244.494	32.09	2.06	66.08	8.77	5.98	52.43	79.30	1	24.00
244.554	32.25	2.06	66.44	8.78	5.96	52.29	78.70	1	24.00
244.658	32.27	2.05	66.24	8.82	5.90	52.06	78.60	1	24.00
244.803	32.06	2.08	66.62	8.73	6.09	53.21	79.90	1	24.10
244.863	32.04	2.07	66.39	8.80	6.06	53.37	80.40	1	24.10
244.967	31.96	2.07	66.31	8.78	6.05	53.14	80.10	1	24.10
245.112	31.94	2.08	66.37	8.78	5.98	52.50	79.10	1	24.00
245.172	32.01	2.08	66.44	8.82	5.91	52.17	78.50	1	24.00
245.276	31.78	2.08	66.01	8.74	5.97	52.23	79.10	1	24.10
245.421	32.06	2.08	66.54	8.73	6.08	53.05	79.70	1	23.80
245.481	32.28	2.06	66.44	8.78	5.96	52.32	78.70	1	23.70
245.585	32.66	2.04	66.60	8.77	6.10	53.49	80.30	1	23.50
245.730	32.76	2.02	66.26	8.83	5.96	52.62	79.40	1	23.70
245.790	32.50	2.03	66.11	8.80	6.00	52.73	79.80	1	23.70
245.894	32.44	2.03	65.98	8.73	6.11	53.32	80.80	1	23.50
246.039	32.99	2.03	66.88	8.82	5.91	52.14	78.00	1	23.40
246.099	32.98	2.01	66.31	8.79	5.96	52.39	79.00	1	23.40
246.203	32.78	2.02	66.18	8.74	5.99	52.32	79.10	1	23.50
246.348	32.76	2.02	66.10	8.76	5.88	51.54	78.00	1	23.40
246.408	32.89	2.01	66.03	8.78	5.84	51.31	77.70	1	23.40
246.512	32.87	2.00	65.71	8.74	6.13	53.58	81.50	1	23.50
246.657	32.67	2.02	65.96	8.80	5.96	52.43	79.50	1	23.70
246.717	32.64	2.03	66.30	8.76	5.99	52.48	79.20	1	23.80
246.821	32.39	2.04	66.01	8.81	6.01	52.88	80.10	1	23.70
246.966	32.72	2.02	66.21	8.80	6.08	53.46	80.70	1	23.50
247.026	32.84	2.02	66.36	8.80	6.07	53.39	80.50	1	23.50
247.130	33.08	1.99	65.77	8.79	5.90	51.90	78.90	1	23.40
247.275	22.49	1.65	37.02	6.87	4.25	29.21	78.90	1	38.50
247.335	16.57	2.80	46.39	6.63	4.32	28.67	61.80	1	53.50
247.439	9.59	3.79	36.39	5.73	3.64	20.83	57.30	1	45.00
247.583	13.21	3.56	47.04	6.08	5.20	31.63	67.20	1	25.00
247.643	18.71	2.95	55.12	6.51	5.45	35.50	64.40	1	25.00
247.747	31.65	1.40	44.27	5.51	4.17	23.00	52.00	1	10.00
247.892	28.82	1.82	52.33	6.18	5.63	34.81	66.50	1	22.50
247.952	30.97	1.88	58.19	6.74	6.50	43.82	75.30	1	21.00
248.056	25.76	2.10	54.08	6.96	5.88	40.93	75.70	1	29.00
248.201	22.92	2.36	54.00	7.03	5.71	40.09	74.20	1	21.00
248.261	28.23	2.11	59.68	7.38	6.12	45.12	75.60	1	21.00
248.365	32.70	1.89	61.80	7.79	6.29	48.98	79.20	1	21.10
248.510	34.68	1.76	60.96	8.06	6.14	49.44	81.10	1	21.10
248.570	35.13	1.70	59.68	8.22	5.68	46.68	78.20	1	21.00
248.674	35.20	1.72	60.60	8.41	5.32	44.70	73.80	1	21.10
248.819	34.94	1.79	62.43	8.53	5.36	45.71	73.20	1	21.60
248.879	34.77	1.80	62.54	8.57	5.29	45.37	72.60	1	21.60
248.983	34.99	1.76	61.44	8.54	5.24	44.75	72.80	1	21.40
249.128	35.50	1.69	59.82	8.41	5.97	50.25	84.00	1	21.40
249.188	35.41	1.71	60.39	8.28	6.35	52.62	87.10	1	21.60
249.292	34.98	1.76	61.73	8.21	6.68	54.86	88.90	1	21.70
249.437	34.41	1.84	63.31	8.52	5.75	49.02	77.40	1	22.00
249.497	34.48	1.82	62.87	8.58	5.58	47.86	76.10	1	22.20
249.601	34.56	1.82	63.03	8.51	6.05	51.46	81.60	1	22.00
249.746	34.94	1.77	61.92	8.51	6.00	51.06	82.50	1	22.00
249.806	34.67	1.81	62.81	8.50	6.10	51.84	82.50	1	22.20
249.910	34.40	1.82	62.56	8.49	6.13	52.08	83.20	1	22.20
250.055	34.68	1.82	62.94	8.53	5.97	50.93	80.90	1	21.90
250.115	35.04	1.77	62.13	8.59	5.65	48.53	78.10	1	21.70
250.219	34.95	1.78	62.22	8.44	6.29	53.09	85.30	1	22.00
250.364	34.69	1.82	63.27	8.54	5.93	50.58	80.00	1	22.20
250.424	34.37	1.86	63.82	8.43	6.33	53.37	83.60	1	22.20
250.528	34.02	1.87	63.56	8.54	5.93	50.67	79.70	1	22.50
250.673	34.15	1.89	64.47	8.60	6.14	52.85	82.00	1	22.60
250.733	33.96	1.91	64.71	8.65	5.90	51.02	78.90	1	22.80
250.837	33.61	1.92	64.65	8.63	5.92	51.14	79.10	1	22.80
250.982	33.75	1.95	65.85	8.64	6.10	52.68	80.00	1	22.90
251.042	33.57	1.96	65.66	8.59	6.27	53.81	82.00	1	23.10
251.146	33.42	1.98	66.09	8.68	5.96	51.79	78.40	1	23.10
251.291	33.34	1.97	65.76	8.67	6.03	52.23	79.40	1	22.90
251.351	33.54	1.97	66.04	8.67	6.04	52.36	79.30	1	22.80
251.455	33.77	1.93	65.01	8.75	5.90	51.63	79.40	1	22.90
251.600	33.51	1.94	64.87	8.72	5.84	50.94	78.50	1	22.90
251.660	33.46	1.95	65.21	8.72	5.97	52.08	79.90	1	23.10
251.764	33.21	1.96	65.21	8.68	6.01	52.20	80.00	1	23.20
251.909	33.16	1.99	65.90	8.74	6.00	52.45	79.60	1	23.20
251.969	33.10	1.99	65.89	8.69	6.15	53.52	81.20	1	23.10
252.073	33.43	1.96	65.66	8.70	6.00	52.24	79.60	1	23.10
252.218	33.26	1.98	65.80	8.70	6.01	52.26	79.40	1	23.20
252.278	33.20	1.98	65.78	8.74	5.85	51.11	77.70	1	23.40
252.382	33.11	1.97	65.39	8.68	6.14	53.28	81.50	1	23.20
252.527	33.19	2.00	66.25	8.67	6.13	53.10	80.20	1	23.10
252.587	33.16	1.98	65.78	8.67	6.12	53.10	80.70	1	23.10
252.691	33.10	1.99	65.94	8.70	6.06	52.67	79.90	1	23.20
252.836	32.96	2.01	66.34	8.70	5.99	52.11	78.60	1	23.50
252.896	32.79	2.02	66.27	8.71	6.11	53.22	80.30	1	23.50
253.000	32.87	2.01	65.93	8.72	6.08	53.02	80.40	1	23.50
253.145	32.99	2.00	66.09	8.69	6.14	53.34	80.70	1	23.20
253.205	33.11	1.98	65.62	8.68	6.10	52.93	80.70	1	23.20
253.309	32.78	2.00	65.49	8.70	6.08	52.87	80.70	1	23.40
253.454	32.82	2.00	65.80	8.63	6.26	53.97	82.00	1	23.50
253.514	32.71	2.01	65.82	8.64	6.08	52.51	79.80	1	23.50
253.618	32.62	2.05	66.75	8.71	6.13	53.36	79.90	1	23.70
253.763	34.00	2.30	78.10	9.19	6.68	61.41	78.60	1	24.00
253.823	34.85	2.40	83.67	9.48	6.87	65.17	77.90	1	24.10
253.927	35.65	2.44	86.92	9.81	6.97	68.39	78.70	1	24.40
254.072	35.76	2.46	87.82	10.03	6.99	70.08	79.80	1	24.60
254.132	35.81	2.47	88.49	10.08	7.03	70.87	80.10	1	24.60
254.236	35.89	2.47	88.55	10.23	6.73	68.83	77.70	1	24.60
254.381	36.13	2.46	88.90	10.13	7.03	71.13	80.00	1	24.60
254.441	36.12	2.44	87.97	10.19	6.94	70.68	80.30	1	24.70
254.545	35.93	2.51	90.32	10.25	6.87	70.47	78.00	1	24.90
254.690	35.59	2.60	92.40	10.39	7.00	72.73	78.70	1	25.20
254.750	35.59	2.59	92.08	10.38	7.24	75.08	81.50	1	25.30
254.854	35.60	2.62	93.32	10.53	6.84	71.96	77.10	1	25.00
254.999	35.56	2.64	93.83	10.37	7.26	75.32	80.30	1	25.30
255.059	35.73	2.57	91.69	10.43	7.10	74.03	80.70	1	25.20
255.163	35.50	2.65	93.91	10.37	7.15	74.16	79.00	1	25.00
255.308	35.54	2.55	90.80	10.40	7.18	74.68	82.20	1	25.00
255.368	35.60	2.57	91.40	10.53	6.70	70.58	77.20	1	25.20
255.472	35.47	2.64	93.48	10.35	7.19	74.40	79.60	1	25.50
255.617	35.04	2.73	95.75	10.36	7.63	79.08	82.60	1	25.80
255.677	35.26	2.68	94.63	10.38	7.78	80.71	85.30	1	25.60
255.781	35.46	2.61	92.67	10.42	7.68	80.03	86.40	1	25.80
255.926	35.18	2.70	95.03	10.41	7.97	82.96	87.30	1	25.90
255.986	34.92	2.80	97.80	10.49	7.81	81.94	83.80	1	26.10
256.090	35.17	2.78	97.78	10.69	7.28	77.86	79.60	1	26.20
256.235	35.30	2.74	96.76	10.77	6.97	75.13	77.60	1	25.90
256.295	35.17	2.75	96.80	10.65	7.46	79.49	82.10	1	26.10
256.399	35.19	2.77	97.63	10.75	7.25	77.96	79.90	1	26.40
256.544	34.91	2.89	100.81	10.79	7.47	80.66	80.00	1	26.70
256.605	34.68	2.93	101.70	10.85	7.33	79.56	78.20	1	26.90
256.709	34.42	2.99	102.87	10.94	7.46	81.62	79.30	1	27.00
256.854	34.46	2.97	102.31	10.97	7.52	82.41	80.50	1	26.90
256.915	34.60	2.95	102.04	10.96	7.43	81.45	79.80	1	26.70
257.019	34.51	2.96	102.20	10.96	7.41	81.19	79.40	1	26.70
257.164	34.74	2.92	101.29	10.92	7.38	80.55	79.50	1	26.70
257.225	34.77	2.92	101.43	10.94	7.34	80.25	79.10	1	26.90
257.329	34.56	2.97	102.58	10.96	7.41	81.26	79.20	1	27.00
257.474	34.41	3.05	104.94	10.97	7.55	82.89	79.00	1	27.30
257.535	34.28	3.09	105.95	11.11	7.38	81.98	77.40	1	27.50
257.639	34.05	3.14	106.76	11.17	7.51	83.83	78.50	1	27.80
257.784	33.94	3.20	108.47	11.22	7.66	85.91	79.20	1	28.10
257.845	33.85	3.23	109.28	11.23	7.64	85.78	78.50	1	28.10
257.949	33.57	3.28	110.21	11.26	7.66	86.30	78.30	1	28.40
258.094	33.55	3.35	112.26	11.39	7.72	87.92	78.30	1	28.70
258.155	33.33	3.37	112.50	11.36	7.76	88.16	78.40	1	28.80
258.259	33.16	3.43	113.61	11.44	7.74	88.58	78.00	1	29.00
258.404	32.81	3.49	114.49	11.52	7.89	90.88	79.40	1	29.30
258.465	32.69	3.53	115.31	11.56	7.83	90.56	78.50	1	29.40
258.569	32.23	3.58	115.47	11.62	7.76	90.17	78.10	1	29.60
258.714	32.28	3.60	116.30	11.61	7.85	91.19	78.40	1	29.90
258.775	32.12	3.63	116.60	11.64	7.82	91.04	78.10	1	30.00
258.879	31.93	3.66	116.74	11.65	7.89	91.92	78.70	1	30.20
259.024	31.95	3.67	117.12	11.66	7.82	91.21	77.90	1	30.00
259.085	31.86	3.67	117.03	11.63	7.98	92.81	79.30	1	29.90
259.189	31.76	3.68	116.79	11.67	7.79	90.90	77.80	1	30.00
259.334	31.92	3.67	117.10	11.68	7.94	92.71	79.20	1	30.20
259.395	31.72	3.69	116.92	11.72	7.78	91.19	78.00	1	30.00
259.499	31.78	3.66	116.39	11.68	7.79	91.03	78.20	1	30.20
259.644	31.69	3.71	117.59	11.74	7.83	91.90	78.20	1	30.50
259.705	31.44	3.76	118.12	11.71	7.89	92.32	78.20	1	30.60
259.809	31.22	3.78	117.97	11.81	7.78	91.84	77.90	1	30.80
259.954	30.99	3.80	117.91	11.75	7.86	92.40	78.40	1	30.60
260.015	31.31	3.77	117.97	11.79	7.82	92.27	78.20	1	30.60
260.119	31.37	3.75	117.63	11.78	7.83	92.27	78.40	1	30.50
260.264	31.28	3.75	117.19	11.79	7.78	91.69	78.20	1	30.50
260.325	31.43	3.76	118.06	11.76	7.78	91.46	77.50	1	30.60
260.429	31.26	3.78	118.01	11.78	7.87	92.67	78.50	1	30.80
260.574	31.19	3.79	118.21	11.79	7.76	91.43	77.30	1	30.80
260.635	30.91	3.83	118.35	11.76	7.93	93.29	78.80	1	30.90
260.739	31.12	3.80	118.23	11.79	7.81	92.01	77.80	1	30.80
260.884	31.06	3.81	118.33	11.76	7.86	92.45	78.10	1	30.80
260.945	31.14	3.81	118.59	11.81	7.82	92.34	77.90	1	30.60
261.049	31.35	3.78	118.37	11.74	7.87	92.39	78.10	1	30.50
261.194	31.41	3.75	117.80	11.73	7.91	92.78	78.80	1	30.50
261.255	31.52	3.73	117.48	11.80	7.74	91.32	77.70	1	30.30
261.359	31.48	3.72	117.17	11.76	7.81	91.79	78.30	1	30.30
261.504	31.66	3.70	117.26	11.81	7.75	91.49	78.00	1	30.60
261.565	31.39	3.74	117.29	11.72	7.87	92.24	78.60	1	30.80
261.669	31.22	3.79	118.42	11.79	7.73	91.07	76.90	1	30.90
261.814	30.75	3.85	118.51	11.75	7.85	92.25	77.80	1	31.10
261.875	30.68	3.86	118.45	11.79	7.88	92.86	78.40	1	31.20
261.979	30.61	3.87	118.55	11.74	7.89	92.59	78.10	1	30.90
262.124	30.83	3.83	118.12	11.77	7.91	93.06	78.80	1	30.90
262.185	30.99	3.82	118.44	11.78	7.84	92.34	78.00	1	30.90
262.289	30.59	3.84	117.53	11.75	7.80	91.66	78.00	1	30.90
262.434	30.65	3.85	118.02	11.75	7.88	92.57	78.40	1	31.20
262.495	30.47	3.89	118.41	11.75	7.78	91.40	77.20	1	31.40
262.599	30.47	3.88	118.23	11.75	7.86	92.36	78.10	1	31.20
262.744	30.41	3.89	118.31	11.79	7.69	90.67	76.60	1	31.40
262.805	30.09	3.91	117.61	11.69	7.84	91.66	77.90	1	31.50
262.909	30.28	3.89	117.77	11.77	7.77	91.48	77.70	1	31.20
263.054	30.16	3.92	118.13	11.72	7.85	91.97	77.90	1	31.50
263.115	30.10	3.91	117.67	11.77	7.80	91.85	78.10	1	31.40
263.219	30.29	3.90	118.25	11.72	7.87	92.25	78.00	1	31.20
263.364	30.36	3.88	117.79	11.76	7.76	91.29	77.50	1	31.20
263.425	30.28	3.89	117.92	11.74	7.87	92.37	78.30	1	31.40
263.529	30.18	3.91	117.90	11.73	7.85	92.02	78.10	1	31.50
263.674	30.20	3.91	117.98	11.80	7.85	92.64	78.50	1	31.20
263.735	30.43	3.89	118.51	11.79	7.77	91.63	77.30	1	31.10
263.839	30.77	3.85	118.56	11.76	7.83	92.10	77.70	1	30.90
263.984	30.89	3.85	118.98	11.80	7.83	92.37	77.60	1	31.10
264.045	30.60	3.87	118.31	11.76	7.78	91.56	77.40	1	31.20
264.149	30.54	3.88	118.36	11.74	7.97	93.53	79.00	1	31.10
264.294	30.46	3.87	117.92	11.81	7.74	91.44	77.50	1	31.20
264.355	30.42	3.87	117.68	11.75	7.94	93.26	79.20	1	31.20
264.459	30.63	3.85	117.91	11.79	7.80	92.02	78.00	1	30.90
264.604	30.77	3.85	118.60	11.78	7.92	93.25	78.60	1	30.90
264.665	30.85	3.83	118.22	11.82	7.76	91.74	77.60	1	30.90
264.769	30.77	3.84	118.13	11.73	7.88	92.40	78.20	1	30.90
264.914	30.86	3.84	118.40	11.79	7.72	91.08	76.90	1	30.90
264.975	30.96	3.82	118.21	11.79	7.80	91.98	77.80	1	30.80
265.079	31.05	3.80	117.93	11.79	7.78	91.69	77.70	1	30.90
265.224	30.76	3.83	117.88	11.75	7.94	93.25	79.10	1	31.10
265.285	30.76	3.84	118.08	11.80	7.81	92.17	78.10	1	31.10
265.389	30.77	3.83	117.92	11.83	7.88	93.27	79.10	1	31.10
265.534	30.85	3.84	118.57	11.78	7.78	91.62	77.30	1	30.90
265.595	30.91	3.82	117.96	11.75	7.91	92.91	78.80	1	30.80
265.699	30.73	3.83	117.63	11.78	7.74	91.14	77.50	1	30.80
265.844	30.98	3.79	117.57	11.77	7.80	91.81	78.10	1	30.60
265.905	31.03	3.79	117.50	11.76	7.75	91.08	77.50	1	30.80
266.009	30.96	3.82	118.13	11.71	7.90	92.58	78.40	1	30.90
266.154	30.74	3.81	117.23	11.76	7.86	92.41	78.80	1	30.90
266.215	30.67	3.84	117.84	11.77	7.83	92.20	78.20	1	31.10
266.319	30.41	3.87	117.68	11.72	7.94	93.11	79.10	1	31.10
266.464	30.60	3.84	117.48	11.81	7.75	91.54	77.90	1	31.10
266.525	30.54	3.86	118.01	11.76	7.76	91.26	77.30	1	31.10
266.629	30.49	3.87	117.85	11.73	7.91	92.81	78.70	1	31.10
266.774	30.86	3.84	118.46	11.79	7.79	91.89	77.60	1	30.80
266.835	30.85	3.83	118.16	11.73	7.89	92.53	78.30	1	30.80
266.939	30.96	3.81	118.09	11.74	7.92	93.01	78.80	1	30.80
267.084	30.83	3.82	117.75	11.68	7.82	91.37	77.60	1	30.90
267.145	30.78	3.83	117.96	11.68	7.96	92.98	78.80	1	30.90
267.249	30.65	3.83	117.24	11.74	7.84	92.13	78.60	1	30.90
267.394	30.88	3.83	118.13	11.69	7.91	92.51	78.30	1	30.60
267.455	31.08	3.80	118.02	11.70	7.95	92.96	78.80	1	30.50
267.559	31.25	3.79	118.45	11.68	7.84	91.63	77.40	1	30.60
267.704	31.02	3.80	117.78	11.71	7.96	93.24	79.20	1	30.60
267.765	31.23	3.77	117.78	11.76	7.80	91.73	77.90	1	30.80
267.869	30.90	3.80	117.45	11.71	7.87	92.21	78.50	1	30.60
268.014	31.36	3.76	117.84	11.74	7.78	91.30	77.50	1	30.30
268.075	31.32	3.75	117.54	11.65	7.84	91.41	77.80	1	30.50
268.179	31.55	3.74	117.88	11.73	7.79	91.37	77.50	1	30.50
268.324	31.40	3.77	118.53	11.68	7.84	91.54	77.20	1	30.60
268.385	31.20	3.80	118.49	11.70	7.84	91.70	77.40	1	30.80
268.489	31.08	3.79	117.81	11.72	7.82	91.70	77.80	1	30.80
268.634	31.07	3.80	118.03	11.71	7.82	91.61	77.60	1	30.50
268.695	31.34	3.76	117.84	11.75	7.88	92.55	78.50	1	30.50
268.799	31.15	3.79	118.19	11.71	7.93	92.83	78.50	1	30.80
268.944	30.74	3.85	118.26	11.76	7.83	92.08	77.90	1	30.80
269.005	30.99	3.81	118.09	11.75	7.86	92.44	78.30	1	30.60
269.109	31.17	3.80	118.53	11.73	7.88	92.40	77.90	1	30.80
269.254	31.04	3.81	118.27	11.76	7.90	92.86	78.50	1	30.80
269.315	31.10	3.80	118.11	11.73	7.84	91.98	77.90	1	30.60
269.419	31.24	3.80	118.62	11.77	7.85	92.36	77.90	1	30.50
269.564	31.13	3.78	117.51	11.68	7.91	92.35	78.60	1	30.50
269.625	31.13	3.78	117.70	11.64	7.93	92.29	78.40	1	30.50
269.729	31.11	3.77	117.36	11.71	7.85	91.89	78.30	1	30.50
269.874	31.53	3.75	118.25	11.74	7.86	92.29	78.10	1	30.30
269.935	31.59	3.73	117.92	11.71	7.86	92.05	78.10	1	30.20
270.039	31.69	3.70	117.23	11.78	7.75	91.33	77.90	1	30.30
270.184	31.57	3.74	117.94	11.70	7.90	92.39	78.30	1	30.50
270.245	31.58	3.74	118.06	11.76	7.83	92.10	78.00	1	30.60
270.349	31.25	3.77	117.77	11.68	7.86	91.84	78.00	1	30.60
270.494	31.21	3.80	118.64	11.72	7.82	91.73	77.30	1	30.80
270.555	31.10	3.81	118.51	11.77	7.79	91.69	77.40	1	30.90
270.659	30.80	3.84	118.30	11.76	7.80	91.75	77.60	1	30.90
270.804	31.01	3.82	118.39	11.85	7.75	91.90	77.60	1	30.90
270.865	30.86	3.82	118.04	11.79	7.80	91.94	77.90	1	30.90
270.969	30.87	3.81	117.74	11.72	7.97	93.32	79.30	1	30.60
271.114	30.99	3.81	118.04	11.77	7.80	91.79	77.80	1	30.90
271.175	30.75	3.83	117.88	11.74	7.78	91.41	77.50	1	30.90
271.279	30.82	3.82	117.82	11.70	7.88	92.24	78.30	1	30.80
271.424	31.11	3.80	118.29	11.74	7.89	92.69	78.40	1	30.60
271.485	30.98	3.82	118.31	11.74	7.85	92.15	77.90	1	30.80
271.589	31.17	3.80	118.36	11.74	7.88	92.48	78.10	1	30.60
271.734	31.33	3.79	118.75	11.67	7.89	92.09	77.50	1	30.50
271.795	31.38	3.79	118.87	11.70	7.86	91.96	77.40	1	30.30
271.899	31.44	3.77	118.57	11.72	7.87	92.28	77.80	1	30.50
272.044	31.27	3.79	118.43	11.66	7.95	92.74	78.30	1	30.50
272.105	31.45	3.76	118.39	11.71	7.87	92.18	77.90	1	30.50
272.209	31.19	3.77	117.67	11.66	7.93	92.45	78.60	1	30.50
272.354	31.31	3.78	118.35	11.70	7.91	92.46	78.10	1	30.80
272.415	31.21	3.79	118.44	11.76	7.81	91.86	77.60	1	30.80
272.519	30.89	3.82	117.92	11.67	7.95	92.82	78.70	1	30.80
272.664	31.23	3.78	118.07	11.66	7.93	92.50	78.30	1	30.50
272.725	31.31	3.76	117.81	11.77	7.72	90.83	77.10	1	30.50
272.829	31.01	3.78	117.26	11.68	7.97	93.10	79.40	1	30.60
272.974	31.24	3.80	118.67	11.75	7.86	92.38	77.80	1	30.90
273.035	31.02	3.83	118.75	11.76	7.80	91.64	77.20	1	30.90
273.139	30.88	3.83	118.26	11.70	7.86	91.98	77.80	1	30.80
273.284	30.74	3.84	117.99	11.70	7.99	93.55	79.30	1	30.90
273.345	30.71	3.84	118.01	11.67	7.95	92.75	78.60	1	30.80
273.449	30.86	3.82	117.79	11.72	7.80	91.40	77.60	1	30.80
273.594	30.77	3.83	117.92	11.71	7.85	91.88	77.90	1	30.90
273.655	30.66	3.86	118.31	11.70	7.91	92.52	78.20	1	31.10
273.759	30.47	3.88	118.35	11.73	7.87	92.30	78.00	1	31.40
273.904	30.32	3.91	118.43	11.76	7.70	90.47	76.40	1	31.10
273.965	30.41	3.89	118.40	11.70	7.92	92.64	78.20	1	31.20
274.069	30.38	3.89	118.20	11.74	7.88	92.54	78.30	1	31.20
274.214	30.47	3.88	118.17	11.71	7.89	92.38	78.20	1	31.10
274.275	30.57	3.88	118.58	11.76	7.84	92.14	77.70	1	31.10
274.379	30.59	3.86	118.16	11.71	7.89	92.43	78.20	1	31.10
274.524	30.67	3.86	118.47	11.73	7.82	91.71	77.40	1	31.20
274.585	30.62	3.87	118.45	11.76	7.74	91.09	76.90	1	31.10
274.689	30.59	3.87	118.37	11.74	7.87	92.33	78.00	1	31.10
274.834	30.37	3.90	118.43	11.68	7.89	92.15	77.80	1	31.20
274.895	30.55	3.90	119.01	11.71	7.90	92.47	77.70	1	31.40
274.999	30.23	3.91	118.28	11.71	7.82	91.57	77.40	1	31.40
275.144	30.38	3.89	118.31	11.71	7.81	91.47	77.30	1	31.10
275.205	30.45	3.88	118.28	11.72	7.82	91.61	77.50	1	31.10
275.309	30.58	3.87	118.38	11.72	7.93	92.96	78.50	1	31.10
275.454	30.45	3.88	118.16	11.75	7.79	91.58	77.50	1	31.20
275.515	30.25	3.91	118.24	11.72	7.84	91.86	77.70	1	31.40
275.619	30.25	3.92	118.70	11.74	7.92	92.98	78.30	1	31.50
275.764	30.11	3.92	117.98	11.71	7.82	91.54	77.60	1	31.40
275.825	30.02	3.93	117.89	11.67	7.87	91.80	77.90	1	31.40
275.929	30.11	3.91	117.82	11.71	7.96	93.20	79.10	1	31.40
276.074	30.04	3.94	118.28	11.71	7.78	91.16	77.10	1	31.50
276.135	29.76	3.96	117.78	11.67	7.88	92.01	78.10	1	31.40
276.239	30.20	3.92	118.25	11.69	7.80	91.19	77.10	1	31.20
276.384	30.31	3.90	118.06	11.73	7.90	92.62	78.40	1	31.20
276.445	30.34	3.91	118.66	11.72	7.92	92.83	78.20	1	31.40
276.549	30.05	3.93	118.13	11.69	7.81	91.23	77.20	1	31.40
276.694	30.03	3.94	118.22	11.75	7.84	92.16	78.00	1	31.70
276.755	29.98	3.94	118.09	11.74	7.90	92.71	78.50	1	31.70
276.859	29.77	3.95	117.73	11.63	7.85	91.24	77.50	1	31.50
277.004	29.98	3.93	117.88	11.68	7.87	91.88	77.90	1	31.40
277.065	30.07	3.93	118.19	11.64	7.86	91.48	77.40	1	31.20
277.169	30.21	3.91	118.19	11.65	7.94	92.54	78.30	1	31.20
277.314	30.41	3.91	119.04	11.74	7.81	91.63	77.00	1	30.90
277.375	30.60	3.89	118.93	11.70	7.93	92.78	78.00	1	30.90
277.479	30.69	3.86	118.33	11.70	7.96	93.21	78.80	1	31.10
277.624	30.67	3.88	119.06	11.80	7.79	91.87	77.20	1	31.20
277.685	30.43	3.90	118.66	11.72	7.85	92.03	77.60	1	31.40
277.789	30.34	3.91	118.63	11.72	7.85	92.04	77.60	1	31.40
277.934	30.10	3.93	118.19	11.75	7.74	90.90	76.90	1	31.40
277.995	30.24	3.92	118.53	11.69	7.94	92.79	78.30	1	31.20
278.099	30.45	3.90	118.62	11.69	7.91	92.52	78.00	1	31.20
278.244	30.64	3.89	119.15	11.70	7.95	93.07	78.10	1	30.90
278.305	30.71	3.87	118.85	11.74	7.86	92.30	77.70	1	30.90
278.409	30.69	3.86	118.43	11.74	7.80	91.51	77.30	1	30.90
278.554	30.62	3.89	118.99	11.69	7.84	91.65	77.00	1	31.10
278.615	30.66	3.88	119.09	11.75	7.85	92.28	77.50	1	31.20
278.719	30.45	3.90	118.88	11.71	7.86	92.00	77.40	1	31.10
278.864	30.48	3.90	118.97	11.74	7.91	92.82	78.00	1	31.40
278.925	30.34	3.90	118.23	11.75	7.90	92.86	78.50	1	31.20
279.029	30.40	3.90	118.56	11.72	7.96	93.33	78.70	1	31.20
279.174	30.64	3.88	118.96	11.77	7.87	92.57	77.80	1	31.10
279.235	30.70	3.88	119.20	11.79	7.77	91.58	76.80	1	31.10
279.339	30.53	3.87	118.18	11.78	7.78	91.66	77.60	1	31.20
279.484	30.59	3.88	118.58	11.78	7.76	91.46	77.10	1	30.90
279.545	30.76	3.85	118.57	11.81	7.71	91.10	76.80	1	30.90
279.649	31.01	3.82	118.45	11.74	7.80	91.55	77.30	1	30.60
279.794	31.17	3.81	118.90	11.78	7.78	91.69	77.10	1	30.80
279.855	31.02	3.82	118.36	11.80	7.75	91.44	77.30	1	30.90
279.959	30.94	3.82	118.15	11.78	7.75	91.34	77.30	1	30.80
280.104	30.99	3.81	118.17	11.81	7.79	91.95	77.80	1	30.80
280.165	31.04	3.79	117.64	11.79	7.73	91.11	77.40	1	30.60
280.269	31.10	3.81	118.36	11.77	7.76	91.35	77.20	1	30.90
280.414	30.89	3.84	118.59	11.75	7.77	91.34	77.00	1	30.90
280.475	31.03	3.83	118.92	11.80	7.70	90.78	76.30	1	30.80
280.579	31.17	3.81	118.85	11.77	7.78	91.57	77.00	1	30.80
280.724	31.06	3.82	118.76	11.69	7.90	92.31	77.70	1	30.80
280.785	31.22	3.80	118.64	11.77	7.78	91.54	77.20	1	30.80
280.889	31.03	3.82	118.62	11.72	7.85	91.99	77.50	1	30.90
281.034	31.05	3.81	118.44	11.74	7.79	91.49	77.20	1	30.80
281.095	31.13	3.80	118.20	11.77	7.83	92.20	78.00	1	30.90
281.199	30.80	3.85	118.47	11.72	7.87	92.24	77.90	1	31.10
281.344	30.91	3.85	118.94	11.74	7.84	92.04	77.40	1	30.90
281.405	31.11	3.82	118.76	11.80	7.71	90.97	76.60	1	30.80
281.509	31.00	3.81	118.18	11.74	7.82	91.82	77.70	1	30.90
281.654	30.91	3.84	118.68	11.71	7.86	92.10	77.60	1	31.10
281.715	30.72	3.84	118.08	11.79	7.75	91.36	77.40	1	31.10
281.819	30.87	3.84	118.54	11.74	7.88	92.54	78.10	1	30.80
281.964	31.15	3.81	118.82	11.73	7.83	91.88	77.30	1	30.60
282.025	31.35	3.78	118.42	11.75	7.82	91.82	77.50	1	30.50
282.129	31.22	3.79	118.35	11.70	7.96	93.17	78.70	1	30.60
282.274	31.08	3.78	117.60	11.72	7.94	93.09	79.20	1	30.60
282.335	31.33	3.76	117.93	11.76	7.93	93.30	79.10	1	30.50
282.439	31.32	3.76	117.70	11.75	7.86	92.36	78.50	1	30.50
282.584	31.14	3.78	117.73	11.71	7.94	92.98	79.00	1	30.50
282.645	31.40	3.76	118.07	11.73	7.97	93.47	79.20	1	30.30
282.749	31.21	3.76	117.30	11.73	7.87	92.37	78.70	1	30.50
282.894	31.43	3.74	117.68	11.70	7.89	92.25	78.40	1	30.30
282.955	31.72	3.72	117.99	11.73	7.93	93.06	78.90	1	30.20
283.059	31.65	3.71	117.36	11.71	7.91	92.56	78.90	1	30.30
283.204	31.50	3.75	117.98	11.74	7.85	92.15	78.10	1	30.50
283.265	31.46	3.74	117.58	11.76	7.78	91.44	77.80	1	30.30
283.369	31.53	3.73	117.73	11.72	7.85	92.01	78.20	1	30.30
283.514	31.52	3.74	117.87	11.73	7.78	91.23	77.40	1	30.50
283.575	31.57	3.75	118.27	11.78	7.74	91.21	77.10	1	30.60
283.679	31.18	3.78	117.99	11.73	7.87	92.35	78.30	1	30.60
283.824	31.14	3.79	118.05	11.73	7.81	91.65	77.60	1	30.90
283.885	31.05	3.82	118.52	11.77	7.82	92.02	77.60	1	30.90
283.989	30.75	3.88	119.27	11.76	7.87	92.59	77.60	1	31.20
284.134	30.57	3.90	119.27	11.70	7.91	92.51	77.60	1	31.20
284.195	30.59	3.89	119.04	11.77	7.87	92.58	77.80	1	31.20
284.299	30.41	3.91	118.79	11.77	7.82	91.97	77.40	1	31.20
284.444	30.36	3.91	118.61	11.78	7.84	92.36	77.90	1	31.20
284.505	30.34	3.91	118.62	11.78	7.87	92.76	78.20	1	31.40
284.609	30.04	3.94	118.29	11.72	7.87	92.23	78.00	1	31.40
284.754	30.10	3.93	118.46	11.70	7.94	92.85	78.40	1	31.20
284.815	30.34	3.91	118.59	11.75	7.89	92.68	78.10	1	31.20
284.919	30.42	3.91	118.91	11.73	7.85	92.14	77.50	1	31.20
285.064	30.41	3.90	118.59	11.67	7.88	91.91	77.50	1	31.20
285.125	30.50	3.89	118.55	11.71	7.81	91.46	77.20	1	31.10
285.229	30.63	3.88	118.82	11.69	7.92	92.58	77.90	1	30.90
285.374	30.72	3.89	119.40	11.76	7.90	92.90	77.80	1	31.20
285.435	30.54	3.90	119.07	11.78	7.83	92.19	77.40	1	31.20
285.539	30.47	3.89	118.60	11.78	7.85	92.43	77.90	1	31.20
285.684	30.53	3.90	119.17	11.82	7.82	92.50	77.60	1	31.10
285.745	30.75	3.87	119.07	11.81	7.93	93.62	78.60	1	30.90
285.849	30.79	3.87	119.06	11.79	7.85	92.59	77.80	1	31.10
285.994	30.70	3.86	118.65	11.75	7.93	93.17	78.50	1	30.80
286.055	30.90	3.84	118.56	11.75	7.84	92.19	77.80	1	30.80
286.159	30.88	3.84	118.47	11.70	7.98	93.38	78.80	1	30.80
286.304	31.10	3.82	118.75	11.72	8.04	94.19	79.30	1	30.80
286.365	31.15	3.82	119.09	11.78	7.87	92.74	77.90	1	30.80
286.469	30.96	3.84	118.75	11.75	7.93	93.26	78.50	1	30.90
286.614	31.05	3.82	118.57	11.74	7.96	93.49	78.80	1	30.60
286.675	31.06	3.81	118.47	11.80	7.83	92.39	78.00	1	30.80
286.779	31.02	3.83	118.75	11.78	7.90	93.01	78.30	1	30.90
286.924	31.24	3.81	119.07	11.79	7.91	93.32	78.40	1	30.60
286.985	31.35	3.80	119.17	11.83	7.78	92.04	77.20	1	30.50
287.089	31.54	3.78	119.34	11.80	7.81	92.10	77.20	1	30.50
287.234	31.55	3.78	119.10	11.77	7.79	91.73	77.00	1	30.60
287.295	31.46	3.79	119.19	11.80	7.73	91.21	76.50	1	30.80
287.399	31.32	3.79	118.71	11.77	7.79	91.69	77.20	1	30.80
287.544	31.38	3.80	119.21	11.81	7.74	91.39	76.70	1	30.50
287.605	31.60	3.77	118.97	11.82	7.69	90.89	76.40	1	30.50
287.709	31.42	3.77	118.55	11.79	7.73	91.11	76.90	1	30.60
287.854	31.52	3.76	118.53	11.87	7.72	91.65	77.30	1	30.50
287.915	31.33	3.76	117.77	11.86	7.76	92.06	78.20	1	30.60
288.019	31.30	3.76	117.82	11.77	7.81	91.86	78.00	1	30.30
288.164	31.53	3.75	118.22	11.79	7.95	93.68	79.20	1	30.60
288.225	31.43	3.77	118.44	11.80	7.92	93.40	78.90	1	30.60
288.329	31.05	3.82	118.51	11.71	8.00	93.73	79.10	1	30.90
288.474	31.15	3.81	118.71	11.79	7.96	93.86	79.10	1	30.60
288.535	31.23	3.79	118.51	11.81	7.85	92.75	78.30	1	30.80
288.639	31.11	3.81	118.47	11.76	7.99	93.91	79.30	1	30.80
288.784	30.98	3.83	118.67	11.82	7.91	93.50	78.80	1	30.90
288.845	31.05	3.82	118.59	11.83	7.92	93.69	79.00	1	30.90
288.949	31.02	3.84	119.17	11.81	7.90	93.31	78.30	1	31.10
289.094	31.05	3.83	118.98	11.89	7.82	92.93	78.10	1	30.90
289.155	30.83	3.83	118.08	11.84	7.85	93.01	78.80	1	31.10
289.259	30.74	3.85	118.46	11.83	7.90	93.42	78.90	1	31.20
289.404	30.53	3.89	118.65	11.80	7.85	92.61	78.10	1	31.40
289.465	30.43	3.90	118.70	11.77	7.86	92.56	78.00	1	31.40
289.569	30.29	3.93	119.15	11.83	7.88	93.23	78.20	1	31.70
289.714	30.20	3.95	119.39	11.82	7.85	92.82	77.70	1	31.50
289.775	30.15	3.95	119.11	11.78	7.81	92.00	77.20	1	31.50
289.879	30.01	3.95	118.46	11.79	7.84	92.50	78.10	1	31.70
290.024	30.00	3.95	118.63	11.82	7.83	92.48	78.00	1	31.50
290.085	30.26	3.95	119.61	11.78	7.77	91.51	76.50	1	31.40
290.189	30.48	3.91	119.30	11.78	7.88	92.77	77.80	1	31.40
290.334	30.50	3.90	118.99	11.78	7.97	93.92	78.90	1	31.20
290.395	30.46	3.90	118.69	11.82	7.88	93.14	78.50	1	31.20
290.499	30.35	3.92	118.91	11.80	7.95	93.85	78.90	1	31.40
290.644	30.15	3.94	118.71	11.80	7.88	92.91	78.30	1	31.50
290.705	30.13	3.95	118.89	11.82	7.87	93.05	78.30	1	31.70
290.809	29.73	3.97	118.12	11.74	7.90	92.73	78.50	1	31.70
290.954	30.28	3.94	119.37	11.79	7.93	93.57	78.40	1	31.40
291.015	30.52	3.92	119.76	11.84	7.86	93.01	77.70	1	31.20
291.119	30.59	3.89	118.91	11.83	7.90	93.51	78.60	1	31.20
291.264	30.64	3.89	119.21	11.84	7.82	92.58	77.70	1	31.20
291.325	30.65	3.88	118.96	11.82	7.79	92.07	77.40	1	31.10
291.429	30.75	3.87	119.09	11.80	7.86	92.74	77.90	1	31.10
291.574	30.93	3.84	118.90	11.82	7.78	91.95	77.30	1	30.90
291.635	30.86	3.87	119.56	11.77	7.81	91.88	76.80	1	31.10
291.739	30.53	3.89	118.74	11.73	7.89	92.59	78.00	1	31.10
291.884	30.83	3.88	119.54	11.78	7.86	92.55	77.40	1	30.90
291.945	30.85	3.88	119.61	11.79	7.84	92.43	77.30	1	30.80
292.049	30.89	3.86	119.13	11.74	7.92	93.00	78.10	1	30.90
292.194	30.74	3.85	118.31	11.72	7.95	93.14	78.70	1	30.80
292.255	30.96	3.84	119.00	11.76	7.86	92.51	77.70	1	30.90
292.359	30.79	3.87	119.29	11.77	7.85	92.41	77.50	1	31.10
292.504	30.73	3.88	119.17	11.74	7.90	92.76	77.80	1	30.80
292.565	30.88	3.85	118.98	11.78	7.83	92.16	77.50	1	30.80
292.669	30.91	3.85	119.15	11.74	7.91	92.85	77.90	1	30.90
292.814	30.87	3.87	119.40	11.72	7.97	93.47	78.30	1	31.10
292.875	31.08	3.85	119.61	11.82	7.87	93.03	77.80	1	30.90
292.979	30.69	3.86	118.38	11.76	7.89	92.78	78.40	1	31.10
293.124	30.92	3.85	119.03	11.82	7.83	92.57	77.80	1	30.90
293.185	31.03	3.83	118.89	11.83	7.86	92.96	78.20	1	30.80
293.289	31.03	3.83	118.90	11.83	7.79	92.13	77.50	1	30.60
293.434	31.19	3.83	119.55	11.74	7.95	93.37	78.10	1	30.90
293.495	31.07	3.84	119.27	11.79	7.92	93.39	78.30	1	31.10
293.599	30.83	3.87	119.36	11.77	7.88	92.73	77.70	1	30.90
293.744	30.90	3.88	120.04	11.80	7.76	91.52	76.20	1	30.90
293.805	30.97	3.88	120.05	11.75	7.93	93.12	77.60	1	30.80
293.909	30.91	3.84	118.60	11.76	7.91	93.05	78.50	1	30.80
294.054	31.07	3.85	119.47	11.84	7.77	92.01	77.00	1	31.10
294.115	30.90	3.87	119.42	11.81	7.80	92.15	77.20	1	31.20
294.219	30.57	3.91	119.46	11.79	7.80	91.97	77.00	1	31.40
294.364	30.71	3.90	119.71	11.85	7.77	92.10	76.90	1	31.20
294.425	30.57	3.90	119.23	11.79	7.83	92.34	77.40	1	31.10
294.529	30.64	3.89	119.30	11.80	7.86	92.79	77.80	1	31.20
294.674	30.63	3.89	119.27	11.79	7.99	94.18	79.00	1	31.40
294.735	30.37	3.92	119.14	11.73	7.96	93.35	78.40	1	31.40
294.839	30.32	3.92	118.73	11.79	7.96	93.82	79.00	1	31.40
294.984	30.22	3.93	118.62	11.83	7.74	91.60	77.20	1	31.40
295.045	30.14	3.93	118.29	11.83	7.73	91.50	77.40	1	31.50
295.149	30.22	3.93	118.74	11.78	7.82	92.18	77.60	1	31.40
295.294	30.73	3.90	119.71	11.79	8.00	94.35	78.80	1	31.10
295.355	30.81	3.89	119.80	11.74	8.03	94.27	78.70	1	30.90
295.459	30.96	3.86	119.67	11.73	7.97	93.49	78.10	1	30.90
295.604	30.94	3.88	120.00	11.78	7.85	92.45	77.00	1	31.20
295.665	30.73	3.89	119.65	11.79	7.87	92.78	77.50	1	31.10
295.769	30.67	3.89	119.22	11.79	7.82	92.19	77.30	1	31.10
295.914	30.67	3.88	118.87	11.84	7.83	92.68	78.00	1	31.10
295.975	30.80	3.87	119.21	11.83	7.76	91.81	77.00	1	31.10
296.079	30.84	3.86	118.92	11.83	7.76	91.77	77.20	1	31.10
296.224	30.85	3.88	119.59	11.84	7.83	92.76	77.60	1	31.20
296.285	30.72	3.88	119.21	11.89	7.71	91.58	76.80	1	31.20
296.389	30.70	3.90	119.61	11.90	7.72	91.92	76.80	1	31.20
296.534	30.70	3.89	119.42	11.89	7.81	92.82	77.70	1	31.20
296.595	30.67	3.89	119.30	11.91	7.70	91.68	76.80	1	31.20
296.699	30.53	3.90	118.91	11.89	7.75	92.12	77.50	1	31.20
296.844	30.62	3.90	119.47	11.90	7.74	92.12	77.10	1	31.50
296.905	30.51	3.92	119.69	11.92	7.69	91.68	76.60	1	31.50
297.009	30.38	3.93	119.41	11.79	7.88	92.95	77.80	1	31.40
297.154	30.28	3.94	119.32	11.79	7.90	93.16	78.10	1	31.50
297.215	30.35	3.94	119.62	11.84	7.93	93.91	78.50	1	31.70
297.319	30.02	3.97	119.21	11.80	7.87	92.88	77.90	1	31.70
297.464	30.09	3.95	118.97	11.75	8.01	94.09	79.10	1	31.40
297.525	30.17	3.96	119.41	11.77	8.02	94.38	79.00	1	31.50
297.629	30.10	3.97	119.60	11.80	7.90	93.16	77.90	1	31.50
297.774	30.11	3.98	119.77	11.81	7.80	92.12	76.90	1	31.50
297.835	30.19	3.96	119.45	11.86	7.76	92.01	77.00	1	31.40
297.939	30.16	3.95	119.21	11.79	7.80	92.01	77.20	1	31.50
298.084	30.17	3.95	119.29	11.82	7.85	92.88	77.90	1	31.40
298.145	30.35	3.94	119.46	11.84	7.85	92.93	77.80	1	31.20
298.249	30.18	3.94	118.98	11.80	7.82	92.24	77.50	1	31.20
298.394	30.67	3.89	119.36	11.78	7.77	91.57	76.70	1	31.10
298.455	30.77	3.88	119.36	11.81	7.77	91.76	76.90	1	30.90
298.559	30.85	3.87	119.43	11.83	7.79	92.12	77.10	1	31.10
298.704	30.58	3.93	120.25	11.81	7.81	92.21	76.70	1	31.40
298.765	30.39	3.94	119.85	11.81	7.80	92.09	76.80	1	31.50
298.869	30.41	3.93	119.58	11.87	7.90	93.75	78.40	1	31.20
299.014	30.45	3.94	119.95	11.79	7.82	92.23	76.90	1	31.10
299.075	30.53	3.91	119.43	11.77	7.95	93.58	78.40	1	31.10
299.179	30.66	3.90	119.55	11.81	7.85	92.74	77.60	1	31.20
299.324	30.55	3.89	118.88	11.82	7.85	92.77	78.00	1	31.20
299.385	30.44	3.92	119.36	11.75	7.85	92.18	77.20	1	31.40
299.489	30.37	3.94	119.53	11.81	7.83	92.51	77.40	1	31.50
299.634	30.35	3.93	119.34	11.81	7.87	92.93	77.90	1	31.40
299.695	30.34	3.93	119.14	11.80	7.80	92.05	77.30	1	31.20
299.799	30.32	3.93	119.31	11.80	7.90	93.24	78.10	1	31.40
299.944	30.41	3.92	119.19	11.85	7.81	92.57	77.70	1	31.10
300.005	30.60	3.89	118.95	11.89	7.72	91.85	77.20	1	31.20
300.109	30.48	3.91	119.11	11.80	7.91	93.29	78.30	1	31.20
300.254	30.68	3.88	119.19	11.81	7.90	93.30	78.30	1	31.10
300.315	30.93	3.86	119.31	11.84	7.78	92.09	77.20	1	30.90
300.419	30.89	3.86	119.21	11.83	7.75	91.66	76.90	1	31.10
300.564	30.83	3.86	118.98	11.84	7.84	92.81	78.00	1	31.20
300.625	30.78	3.87	119.01	11.87	7.87	93.47	78.50	1	31.10
300.729	30.72	3.87	118.78	11.87	7.82	92.84	78.20	1	31.10
300.874	30.78	3.86	118.76	11.89	7.82	92.91	78.20	1	31.10
300.935	30.76	3.86	118.83	11.89	7.86	93.45	78.60	1	31.20
301.039	30.59	3.90	119.26	11.85	7.85	93.05	78.00	1	31.50
301.184	30.14	3.94	118.86	11.82	7.90	93.34	78.50	1	31.40
301.245	30.38	3.92	119.01	11.85	7.94	94.08	79.10	1	31.40
301.349	30.59	3.90	119.30	11.87	7.81	92.66	77.70	1	31.10
301.494	30.55	3.89	118.70	11.83	7.84	92.68	78.10	1	31.10
301.555	30.86	3.86	119.23	11.87	7.84	93.03	78.00	1	31.10
301.659	30.75	3.87	118.95	11.82	7.80	92.20	77.50	1	31.10
301.804	30.99	3.85	119.34	11.81	7.86	92.88	77.80	1	30.90
301.865	31.17	3.82	118.97	11.89	7.79	92.62	77.90	1	30.90
301.969	30.88	3.86	119.25	11.81	7.83	92.48	77.60	1	31.20
302.114	30.92	3.86	119.29	11.83	7.89	93.36	78.30	1	30.90
302.175	31.14	3.83	119.14	11.92	7.73	92.17	77.40	1	30.80
302.279	30.80	3.83	118.08	11.85	7.86	93.09	78.80	1	30.90
302.424	31.13	3.80	118.40	11.84	7.89	93.42	78.90	1	30.60
302.485	31.29	3.78	118.27	11.87	7.72	91.66	77.50	1	30.80
302.589	31.11	3.80	118.12	11.83	7.81	92.43	78.20	1	30.90
302.734	31.22	3.80	118.59	11.90	7.80	92.86	78.30	1	30.80
302.795	31.24	3.81	118.94	11.86	7.85	93.09	78.30	1	30.60
302.899	31.33	3.77	118.04	11.87	7.91	93.84	79.50	1	30.80
303.044	31.23	3.81	118.92	11.88	7.75	92.03	77.40	1	30.90
303.105	31.13	3.83	119.19	11.82	7.83	92.54	77.60	1	31.10
303.209	30.97	3.85	119.32	11.87	7.79	92.54	77.60	1	31.20
303.354	30.97	3.87	119.83	11.85	7.85	92.97	77.60	1	30.90
303.415	30.84	3.86	119.15	11.80	7.86	92.74	77.80	1	30.90
303.519	30.99	3.86	119.64	11.87	7.89	93.68	78.30	1	31.20
303.664	30.81	3.89	119.81	11.83	7.90	93.45	78.00	1	31.20
303.725	30.59	3.91	119.53	11.80	7.83	92.39	77.30	1	31.40
303.829	30.56	3.90	119.04	11.87	7.80	92.57	77.80	1	31.20
303.974	30.65	3.90	119.53	11.83	7.75	91.72	76.70	1	31.20
304.035	30.70	3.90	119.59	11.80	7.82	92.25	77.10	1	31.10
304.139	31.00	3.85	119.44	11.93	7.72	92.13	77.10	1	30.90
304.284	30.89	3.86	119.24	11.90	7.72	91.89	77.10	1	31.20
304.345	30.71	3.88	119.22	11.84	7.80	92.33	77.40	1	31.10
304.449	30.80	3.86	119.01	11.89	7.69	91.52	76.90	1	31.10
304.594	30.68	3.89	119.22	11.79	7.88	92.85	77.90	1	31.10
304.655	30.77	3.88	119.25	11.78	7.99	94.13	78.90	1	31.10
304.759	30.73	3.88	119.12	11.83	7.91	93.60	78.60	1	30.90
304.904	30.84	3.86	118.96	11.82	7.81	92.29	77.60	1	31.10
304.965	30.75	3.87	118.93	11.79	7.91	93.21	78.40	1	31.20
305.069	30.59	3.90	119.19	11.84	7.75	91.72	77.00	1	31.20
305.214	30.50	3.91	119.18	11.87	7.74	91.91	77.10	1	31.20
305.275	30.51	3.92	119.51	11.81	7.80	92.10	77.10	1	31.10
305.379	30.88	3.86	119.20	11.84	7.69	91.07	76.40	1	30.90
305.524	31.12	3.84	119.45	11.79	7.85	92.57	77.50	1	30.80
305.585	30.95	3.83	118.49	11.79	7.92	93.38	78.80	1	30.80
305.689	31.03	3.84	119.16	11.84	7.87	93.21	78.20	1	31.10
305.834	30.67	3.89	119.38	11.85	7.90	93.63	78.40	1	31.40
305.895	30.43	3.91	118.84	11.78	7.93	93.33	78.50	1	31.20
305.999	30.59	3.89	119.05	11.83	7.85	92.89	78.00	1	31.20
306.144	30.80	3.90	119.98	11.82	7.88	93.20	77.70	1	31.10
306.205	30.85	3.89	119.85	11.78	7.93	93.36	77.90	1	30.90
306.309	30.92	3.86	119.33	11.85	7.88	93.34	78.20	1	31.10
306.454	30.87	3.86	119.05	11.83	7.93	93.88	78.90	1	31.10
306.515	30.75	3.87	119.14	11.83	7.90	93.46	78.40	1	31.20
306.619	30.54	3.89	118.86	11.84	7.89	93.49	78.70	1	31.40
306.764	30.57	3.89	118.91	11.83	7.79	92.12	77.50	1	31.10
306.825	30.53	3.90	119.14	11.78	7.90	93.09	78.10	1	31.20
306.929	30.57	3.88	118.73	11.85	7.74	91.67	77.20	1	31.10
307.074	31.00	3.84	119.10	11.86	7.75	91.97	77.20	1	30.90
307.135	30.87	3.84	118.66	11.82	7.78	91.99	77.50	1	31.10
307.239	30.99	3.83	118.79	11.86	7.85	93.11	78.40	1	31.10
307.384	30.87	3.86	119.27	11.88	7.76	92.13	77.20	1	31.20
307.445	30.64	3.88	118.96	11.85	7.75	91.89	77.20	1	31.20
307.549	30.55	3.89	118.91	11.83	7.83	92.63	77.90	1	31.40
307.694	30.68	3.89	119.20	11.88	7.78	92.44	77.60	1	31.10
307.755	30.57	3.89	118.79	11.84	7.82	92.59	77.90	1	31.10
307.859	30.71	3.88	119.08	11.86	7.87	93.35	78.40	1	31.20
308.004	30.69	3.89	119.28	11.86	7.85	93.10	78.10	1	31.20
308.065	30.62	3.90	119.28	11.81	7.82	92.36	77.40	1	31.10
308.169	30.60	3.88	118.61	11.85	7.81	92.51	78.00	1	31.20
308.314	30.66	3.89	119.41	11.88	7.77	92.36	77.40	1	31.20
308.375	30.34	3.91	118.71	11.83	7.76	91.83	77.40	1	31.40
308.479	30.50	3.89	118.56	11.87	7.77	92.31	77.90	1	31.20
308.624	30.81	3.88	119.43	11.92	7.76	92.55	77.50	1	30.90
308.685	30.89	3.87	119.52	11.86	7.84	93.01	77.80	1	30.80
308.789	31.29	3.80	119.02	11.88	7.82	92.86	78.00	1	30.60
308.934	31.47	3.77	118.64	11.88	7.79	92.56	78.00	1	30.60
308.995	31.50	3.77	118.68	11.87	7.78	92.35	77.80	1	30.50
309.099	31.48	3.76	118.49	11.91	7.67	91.42	77.20	1	30.60
309.244	31.58	3.75	118.43	11.85	7.85	93.09	78.60	1	30.30
309.305	31.81	3.74	118.88	11.85	7.82	92.67	78.00	1	30.20
309.409	31.82	3.72	118.36	11.78	7.88	92.79	78.40	1	30.30
309.554	32.04	3.71	119.02	11.82	7.83	92.53	77.70	1	30.20
309.615	32.13	3.68	118.14	11.83	7.80	92.28	78.10	1	30.00
309.719	31.82	3.70	117.68	11.77	7.80	91.83	78.00	1	30.00
309.864	32.10	3.68	118.05	11.81	7.78	91.81	77.80	1	30.30
309.925	31.70	3.72	118.07	11.75	7.93	93.12	78.90	1	30.30
310.029	31.72	3.73	118.18	11.80	7.85	92.66	78.40	1	30.50
310.174	31.69	3.75	118.93	11.83	7.85	92.94	78.10	1	30.50
310.235	31.62	3.75	118.66	11.81	7.83	92.45	77.90	1	30.60
310.339	31.65	3.75	118.83	11.85	7.79	92.28	77.70	1	30.50
310.484	31.44	3.77	118.47	11.84	7.80	92.38	78.00	1	30.50
310.545	31.51	3.78	119.01	11.81	7.90	93.28	78.40	1	30.60
310.649	31.40	3.79	118.94	11.85	7.86	93.15	78.30	1	30.80
310.794	31.30	3.79	118.72	11.80	7.89	93.05	78.40	1	30.80
310.855	31.28	3.80	118.94	11.84	7.80	92.33	77.60	1	30.90
310.959	31.12	3.83	119.21	11.90	7.74	92.12	77.30	1	31.10
311.104	30.92	3.83	118.45	11.87	7.75	91.95	77.60	1	30.90
311.165	31.02	3.84	119.06	11.84	7.92	93.73	78.70	1	31.10
311.269	30.76	3.87	118.94	11.86	7.85	93.08	78.30	1	31.10
311.414	30.73	3.89	119.43	11.86	7.85	93.06	77.90	1	31.40
311.475	30.69	3.89	119.32	11.89	7.82	92.96	77.90	1	31.50
311.579	30.20	3.93	118.57	11.87	7.77	92.18	77.70	1	31.50
311.724	30.46	3.90	118.77	11.90	7.87	93.62	78.80	1	31.20
311.785	30.68	3.88	119.02	11.98	7.70	92.26	77.50	1	31.40
311.889	30.38	3.91	118.69	11.90	7.78	92.56	78.00	1	31.40
312.034	30.64	3.89	119.13	11.85	7.87	93.25	78.30	1	31.10
312.095	30.79	3.85	118.67	11.88	7.77	92.24	77.70	1	31.10
312.199	30.75	3.86	118.77	11.91	7.81	92.98	78.30	1	31.20
312.344	30.64	3.88	118.94	11.91	7.81	93.04	78.20	1	31.20
312.405	30.63	3.88	118.91	11.85	7.93	93.96	79.00	1	31.10
312.509	30.69	3.87	118.82	11.86	7.91	93.84	79.00	1	31.20
312.654	30.93	3.85	118.93	11.96	7.73	92.39	77.70	1	31.10
312.715	30.90	3.85	118.87	11.88	7.78	92.48	77.80	1	30.90
312.819	31.01	3.82	118.35	11.90	7.78	92.61	78.30	1	30.90
312.964	31.27	3.83	119.82	11.85	7.89	93.45	78.00	1	30.80
313.025	31.28	3.82	119.62	11.84	7.83	92.74	77.50	1	30.60
313.129	31.30	3.79	118.76	11.91	7.70	91.77	77.30	1	30.80
313.274	31.37	3.80	119.28	11.81	7.89	93.11	78.10	1	30.80
313.335	31.24	3.81	119.05	11.81	7.97	94.14	79.10	1	30.90
313.439	31.25	3.82	119.46	11.85	7.81	92.60	77.50	1	30.90
313.584	31.25	3.82	119.49	11.84	7.83	92.69	77.60	1	30.80
313.645	31.35	3.80	119.10	11.87	7.92	94.04	79.00	1	30.80
313.749	31.28	3.82	119.39	11.83	7.91	93.55	78.40	1	30.80
313.894	31.10	3.83	119.09	11.85	7.83	92.78	77.90	1	30.90
313.955	31.07	3.82	118.82	11.82	7.85	92.73	78.00	1	30.80
314.059	31.07	3.84	119.18	11.79	7.81	92.09	77.30	1	30.60
314.204	31.31	3.81	119.37	11.76	7.91	93.03	77.90	1	30.50
314.265	31.35	3.79	118.67	11.77	7.86	92.52	78.00	1	30.50
314.369	31.38	3.80	119.12	11.79	7.87	92.79	77.90	1	30.60
314.514	31.28	3.81	119.02	11.77	7.93	93.30	78.40	1	30.60
314.575	31.37	3.79	118.98	11.80	7.99	94.27	79.20	1	30.60
314.679	31.28	3.82	119.52	11.79	7.95	93.71	78.40	1	30.80
314.824	31.13	3.84	119.66	11.82	8.00	94.61	79.10	1	30.90
314.885	31.16	3.83	119.42	11.85	8.01	94.86	79.40	1	30.90
314.989	30.99	3.84	119.01	11.82	7.97	94.16	79.10	1	30.80
315.134	31.03	3.83	118.77	11.84	7.98	94.42	79.50	1	30.90
315.195	31.05	3.82	118.76	11.84	7.88	93.39	78.60	1	30.90
315.299	30.91	3.84	118.82	11.79	7.86	92.64	78.00	1	30.90
315.444	30.88	3.86	119.22	11.82	7.87	92.98	78.00	1	31.10
315.505	30.81	3.83	117.87	11.84	7.83	92.76	78.70	1	30.90
315.609	30.77	3.88	119.29	11.80	7.99	94.25	79.00	1	31.20
315.754	30.69	3.89	119.45	11.82	7.92	93.69	78.40	1	30.90
315.815	30.89	3.86	119.22	11.83	7.95	94.04	78.90	1	30.90
315.919	30.88	3.85	118.96	11.81	7.86	92.84	78.00	1	30.90
316.064	30.68	3.88	118.94	11.80	7.85	92.57	77.80	1	31.20
316.125	30.60	3.88	118.77	11.85	7.81	92.53	77.90	1	31.20
316.229	30.57	3.87	118.21	11.83	7.85	92.82	78.50	1	31.20
316.374	30.71	3.88	119.14	11.84	7.77	92.03	77.20	1	30.90
316.435	30.92	3.86	119.45	11.85	7.73	91.61	76.70	1	30.90
316.539	30.97	3.84	118.85	11.80	7.80	92.02	77.40	1	30.80
316.684	31.05	3.84	119.14	11.83	7.82	92.42	77.60	1	30.80
316.745	31.23	3.82	119.24	11.83	7.80	92.33	77.40	1	30.60
316.849	31.40	3.80	119.31	11.82	7.82	92.48	77.50	1	30.80
316.994	31.12	3.81	118.55	11.86	7.80	92.54	78.10	1	30.80
317.055	31.17	3.82	119.05	11.88	7.81	92.80	77.90	1	30.90
317.159	30.78	3.84	118.30	11.81	7.82	92.36	78.10	1	30.90
317.304	30.93	3.84	118.84	11.80	7.91	93.36	78.60	1	30.80
317.365	31.04	3.82	118.70	11.82	7.90	93.36	78.70	1	30.60
317.469	31.13	3.82	118.95	11.80	7.84	92.50	77.80	1	30.80
317.614	31.10	3.83	119.16	11.84	7.84	92.79	77.90	1	30.90
317.675	31.09	3.83	119.22	11.78	7.93	93.50	78.40	1	30.90
317.779	30.95	3.85	119.17	11.81	7.80	92.20	77.40	1	31.10
317.924	30.82	3.88	119.65	11.84	7.87	93.25	77.90	1	31.20
317.985	30.67	3.89	119.41	11.84	7.90	93.62	78.40	1	31.20
318.089	30.64	3.88	118.75	11.86	7.83	92.82	78.20	1	31.10
318.234	30.81	3.88	119.56	11.82	7.94	93.80	78.50	1	31.10
318.295	30.82	3.87	119.26	11.84	7.97	94.41	79.20	1	30.90
318.399	30.87	3.86	119.17	11.86	7.87	93.37	78.30	1	31.10
318.544	30.90	3.86	119.37	11.84	7.89	93.49	78.30	1	31.20
318.605	30.71	3.88	119.11	11.87	7.90	93.76	78.70	1	31.20
318.709	30.72	3.87	119.00	11.85	7.83	92.81	78.00	1	31.10
318.854	30.60	3.90	119.37	11.88	7.92	94.13	78.90	1	31.40
318.915	30.43	3.90	118.78	11.85	7.90	93.61	78.80	1	31.20
319.019	30.56	3.88	118.69	11.84	7.87	93.19	78.50	1	31.20
319.164	30.30	3.91	118.42	11.77	8.00	94.21	79.60	1	31.40
319.225	30.39	3.91	118.71	11.81	7.93	93.68	78.90	1	31.20
319.329	30.75	3.88	119.30	11.80	7.96	93.86	78.70	1	30.90
319.474	30.73	3.86	118.71	11.80	7.94	93.67	78.90	1	30.90
319.535	30.83	3.84	118.35	11.78	7.95	93.60	79.10	1	31.10
319.639	30.55	3.86	118.07	11.86	7.86	93.24	79.00	1	31.20
319.784	30.81	3.86	118.82	11.81	7.88	93.13	78.40	1	31.10
319.845	30.85	3.85	118.92	11.81	7.92	93.48	78.60	1	30.90
319.949	31.06	3.82	118.56	11.81	7.88	93.13	78.50	1	30.90
320.094	31.12	3.85	119.73	11.81	7.94	93.77	78.30	1	31.10
320.155	30.92	3.86	119.32	11.82	7.91	93.50	78.40	1	31.10
320.259	30.86	3.87	119.54	11.85	7.92	93.92	78.60	1	31.10
320.404	30.82	3.87	119.29	11.82	7.99	94.50	79.20	1	30.90
320.465	30.78	3.86	118.79	11.85	7.96	94.31	79.40	1	31.10
320.569	30.67	3.88	119.09	11.82	7.98	94.38	79.20	1	31.20
320.714	30.42	3.93	119.64	11.78	7.94	93.51	78.20	1	31.50
320.775	30.29	3.95	119.51	11.75	8.01	94.16	78.80	1	31.50
320.879	30.34	3.94	119.56	11.83	7.86	92.93	77.70	1	31.40
321.024	29.99	3.96	118.73	11.80	7.79	91.98	77.50	1	31.70
321.085	29.96	3.97	118.96	11.80	7.86	92.67	77.90	1	31.50
321.189	30.03	3.96	118.96	11.82	7.72	91.28	76.70	1	31.50
321.334	30.20	3.97	119.80	11.77	7.83	92.07	76.90	1	31.40
321.395	30.26	3.95	119.67	11.76	7.85	92.27	77.10	1	31.20
321.499	30.55	3.91	119.44	11.85	7.77	92.08	77.10	1	31.20
321.644	30.68	3.91	119.89	11.82	7.92	93.61	78.10	1	31.20
321.705	30.46	3.92	119.32	11.77	8.00	94.15	78.90	1	31.40
321.809	30.49	3.91	119.19	11.85	7.91	93.76	78.70	1	31.20
321.954	30.53	3.91	119.33	11.90	7.73	92.02	77.10	1	31.20
322.015	30.57	3.90	119.32	11.84	7.80	92.42	77.50	1	31.10
322.119	30.89	3.86	119.31	11.90	7.80	92.86	77.80	1	30.90
322.264	30.94	3.84	118.74	11.90	7.86	93.50	78.70	1	31.10
322.325	30.94	3.86	119.58	11.85	7.94	94.15	78.70	1	31.10
322.429	31.01	3.87	119.97	11.90	7.93	94.37	78.70	1	31.20
322.574	30.68	3.90	119.63	11.91	7.87	93.69	78.30	1	31.40
322.635	30.59	3.92	119.93	11.83	7.96	94.19	78.50	1	31.40
322.739	30.68	3.90	119.80	11.88	7.89	93.79	78.30	1	31.40
322.884	30.76	3.90	119.81	11.91	7.82	93.13	77.70	1	31.20
322.945	30.79	3.90	120.18	11.84	7.95	94.13	78.30	1	31.20
323.049	30.93	3.86	119.37	11.91	7.86	93.58	78.40	1	31.10
323.194	31.00	3.87	120.04	11.94	7.82	93.37	77.80	1	31.20
323.255	30.72	3.91	119.99	11.86	7.94	94.21	78.50	1	31.40
323.359	30.70	3.90	119.72	11.90	7.91	94.09	78.60	1	31.20
323.504	30.78	3.90	119.99	11.88	7.92	94.09	78.40	1	31.20
323.565	30.70	3.90	119.70	11.84	7.91	93.70	78.30	1	31.10
323.669	30.64	3.90	119.44	11.87	7.92	94.02	78.70	1	31.10
323.814	31.05	3.85	119.61	11.91	7.87	93.72	78.40	1	30.80
323.875	31.06	3.85	119.60	11.84	7.89	93.43	78.10	1	30.80
323.979	31.02	3.84	119.04	11.79	7.83	92.30	77.50	1	30.80
324.124	31.04	3.84	119.26	11.87	7.80	92.63	77.70	1	31.10
324.185	30.86	3.87	119.50	11.86	7.72	91.65	76.70	1	31.10
324.289	30.85	3.86	119.17	11.85	7.83	92.78	77.90	1	30.90
324.434	31.14	3.83	119.31	11.88	7.86	93.39	78.30	1	30.90
324.495	30.92	3.84	118.79	11.85	7.85	92.95	78.20	1	30.90
324.599	30.90	3.85	119.04	11.87	7.88	93.47	78.50	1	31.10
324.744	30.94	3.87	119.81	11.84	7.99	94.53	78.90	1	31.10
324.805	30.81	3.90	120.14	11.83	7.98	94.35	78.50	1	31.20
324.909	30.50	3.93	119.71	11.84	7.90	93.52	78.10	1	31.20
325.054	30.45	3.92	119.24	11.85	7.93	94.03	78.90	1	31.40
325.115	30.42	3.92	119.15	11.92	7.76	92.42	77.60	1	31.40
325.219	30.43	3.92	119.26	11.87	7.86	93.34	78.30	1	31.40
325.364	30.65	3.90	119.40	11.88	7.89	93.79	78.50	1	31.10
325.425	30.74	3.89	119.51	11.89	7.74	92.07	77.00	1	30.90
325.529	30.75	3.89	119.55	11.84	7.87	93.24	78.00	1	31.10
325.674	30.82	3.87	119.26	11.81	7.90	93.35	78.30	1	31.10
325.735	30.92	3.86	119.39	11.87	7.78	92.28	77.30	1	30.90
325.839	31.11	3.84	119.38	11.85	7.83	92.71	77.70	1	30.80
325.984	31.11	3.82	118.76	11.93	7.86	93.81	79.00	1	30.80
326.045	31.14	3.81	118.62	11.94	7.74	92.47	78.00	1	30.80
326.149	31.31	3.80	119.08	11.86	7.85	93.06	78.20	1	30.60
326.294	31.41	3.78	118.78	11.86	7.92	93.86	79.00	1	30.80
326.355	31.28	3.80	118.81	11.86	7.79	92.43	77.80	1	30.90
326.459	30.91	3.84	118.81	11.81	7.81	92.29	77.70	1	31.10
326.604	30.97	3.84	118.99	11.88	7.86	93.43	78.50	1	30.80
326.665	31.09	3.84	119.25	11.83	7.80	92.25	77.40	1	30.60
326.769	31.18	3.82	119.04	11.79	7.92	93.33	78.40	1	30.80
326.914	31.30	3.81	119.36	11.85	7.84	92.90	77.80	1	30.80
326.975	30.96	3.82	118.25	11.78	7.83	92.26	78.00	1	30.80
327.079	31.27	3.78	118.23	11.79	7.82	92.14	77.90	1	30.60
327.224	31.32	3.80	118.93	11.84	7.78	92.13	77.50	1	30.90
327.285	31.08	3.84	119.29	11.80	7.85	92.68	77.70	1	30.90
327.389	30.96	3.85	119.16	11.83	7.85	92.93	78.00	1	30.90
327.534	31.06	3.84	119.18	11.80	7.88	92.94	78.00	1	30.80
327.595	30.96	3.85	119.27	11.77	7.92	93.20	78.10	1	30.90
327.699	31.06	3.83	119.04	11.78	7.97	93.90	78.90	1	30.80
327.844	31.31	3.79	118.78	11.83	7.90	93.42	78.70	1	30.60
327.905	31.18	3.82	119.15	11.72	7.88	92.37	77.50	1	30.80
328.009	31.17	3.82	119.18	11.75	7.94	93.37	78.30	1	30.80
328.154	31.20	3.82	119.09	11.84	7.77	92.04	77.30	1	30.60
328.215	31.19	3.82	119.02	11.83	7.85	92.87	78.00	1	30.50
328.319	31.32	3.79	118.70	11.83	7.82	92.45	77.90	1	30.60
328.464	31.42	3.76	118.02	11.83	7.83	92.60	78.50	1	30.50
328.525	31.30	3.78	118.39	11.77	7.84	92.20	77.90	1	30.60
328.629	31.29	3.80	118.76	11.80	7.89	93.12	78.40	1	30.90
328.774	31.12	3.84	119.50	11.80	7.88	92.93	77.80	1	31.10
328.835	30.92	3.88	119.82	11.73	7.86	92.11	76.90	1	31.20
328.939	30.71	3.89	119.34	11.77	7.96	93.65	78.50	1	31.10
329.084	30.70	3.88	118.98	11.81	7.87	93.00	78.20	1	31.10
329.145	30.62	3.88	118.96	11.79	7.89	92.96	78.10	1	31.10
329.249	30.79	3.87	119.02	11.79	7.84	92.47	77.70	1	31.10
329.394	30.79	3.86	118.76	11.87	7.80	92.65	78.00	1	30.90
329.455	30.74	3.85	118.43	11.84	7.80	92.30	77.90	1	30.90
329.559	30.75	3.86	118.65	11.85	7.78	92.20	77.70	1	31.10
329.704	30.63	3.89	119.27	11.88	7.75	92.06	77.20	1	31.40
329.765	30.39	3.92	119.06	11.80	7.86	92.83	78.00	1	31.40
329.869	30.27	3.92	118.72	11.79	7.91	93.30	78.60	1	31.40
330.014	30.58	3.90	119.29	11.83	7.95	94.03	78.80	1	31.10
330.075	30.75	3.88	119.44	11.76	8.00	94.13	78.80	1	30.90
330.179	30.93	3.84	118.80	11.83	7.99	94.55	79.60	1	30.90
330.324	30.83	3.85	118.73	11.83	7.93	93.87	79.10	1	31.10
330.385	30.71	3.88	119.19	11.77	7.94	93.49	78.40	1	31.20
330.489	30.83	3.88	119.74	11.81	7.99	94.41	78.80	1	31.20
330.634	30.67	3.90	119.55	11.82	7.91	93.54	78.20	1	31.20
330.695	30.59	3.91	119.61	11.78	7.90	93.09	77.80	1	31.20
330.799	30.69	3.90	119.80	11.85	7.85	93.04	77.70	1	31.10
330.944	30.80	3.88	119.63	11.86	7.72	91.54	76.50	1	31.10
331.005	30.63	3.89	119.26	11.77	7.77	91.46	76.70	1	31.20
331.109	30.70	3.88	118.99	11.83	7.73	91.47	76.90	1	31.10
331.254	30.59	3.88	118.55	11.82	7.86	92.90	78.40	1	31.10
331.315	30.61	3.87	118.57	11.76	7.96	93.61	78.90	1	30.90
331.419	30.91	3.84	118.60	11.78	7.97	93.87	79.10	1	30.80
331.564	30.78	3.85	118.46	11.75	7.91	92.91	78.40	1	31.10
331.625	30.71	3.86	118.42	11.72	7.97	93.38	78.90	1	31.10
331.729	30.61	3.88	118.61	11.74	7.92	92.95	78.40	1	31.20
331.874	30.60	3.89	119.15	11.75	7.85	92.21	77.40	1	31.10
331.935	30.51	3.89	118.82	11.75	7.81	91.79	77.30	1	30.90
332.039	30.65	3.88	118.90	11.79	7.73	91.15	76.70	1	31.10
332.184	30.64	3.87	118.68	11.72	7.80	91.48	77.10	1	30.90
332.245	30.69	3.89	119.25	11.69	7.97	93.18	78.10	1	30.90
332.349	30.89	3.85	119.08	11.76	7.86	92.37	77.60	1	30.80
332.494	30.95	3.87	119.63	11.73	7.92	92.93	77.70	1	30.80
332.555	31.05	3.87	120.06	11.68	8.07	94.29	78.50	1	30.60
332.659	31.29	3.82	119.63	11.80	7.96	93.87	78.50	1	30.60
332.804	31.03	3.84	119.12	11.69	8.03	93.91	78.80	1	30.80
332.865	31.14	3.83	119.24	11.73	7.98	93.56	78.50	1	30.60
332.969	31.22	3.80	118.80	11.76	7.91	92.93	78.20	1	30.60
333.114	31.18	3.82	119.23	11.69	8.02	93.77	78.60	1	30.80
333.175	31.21	3.83	119.55	11.69	8.09	94.60	79.10	1	30.90
333.279	31.17	3.83	119.32	11.84	7.85	92.89	77.80	1	30.80
333.424	30.71	3.87	118.71	11.77	7.86	92.57	78.00	1	30.90
333.485	30.67	3.87	118.68	11.77	7.94	93.41	78.70	1	30.90
333.589	30.94	3.85	119.26	11.77	7.84	92.33	77.40	1	31.10
333.734	30.74	3.88	119.11	11.71	7.87	92.12	77.30	1	30.90
333.795	30.73	3.87	119.02	11.73	7.83	91.87	77.20	1	30.90
333.899	31.06	3.84	119.38	11.79	7.83	92.31	77.30	1	30.80
334.044	31.13	3.83	119.19	11.79	7.82	92.16	77.30	1	30.80
334.105	31.03	3.83	118.75	11.78	7.84	92.40	77.80	1	30.90
334.209	30.90	3.85	118.92	11.80	7.89	93.10	78.30	1	31.10
334.354	30.92	3.85	119.15	11.84	7.78	92.07	77.30	1	30.90
334.415	30.93	3.85	119.03	11.77	7.90	93.02	78.10	1	30.80
334.519	31.04	3.85	119.57	11.82	7.81	92.37	77.30	1	31.10
334.664	30.96	3.86	119.48	11.79	7.88	92.89	77.70	1	30.80
334.725	31.00	3.87	119.82	11.76	7.90	92.90	77.50	1	30.60
334.829	31.26	3.82	119.51	11.81	7.83	92.52	77.40	1	30.60
334.974	31.52	3.81	120.00	11.82	7.84	92.68	77.20	1	30.60
335.035	31.39	3.80	119.36	11.74	7.96	93.49	78.30	1	30.50
335.139	31.49	3.78	119.00	11.81	7.89	93.24	78.40	1	30.50
335.284	31.39	3.77	118.35	11.78	7.92	93.27	78.80	1	30.60
335.345	31.32	3.81	119.19	11.74	7.92	93.04	78.10	1	30.80
335.449	31.18	3.83	119.42	11.78	7.90	93.07	77.90	1	30.90
335.594	31.03	3.84	119.29	11.81	7.86	92.84	77.80	1	30.90
335.655	30.83	3.87	119.29	11.75	7.94	93.26	78.20	1	31.10
335.759	30.85	3.86	119.16	11.80	7.83	92.37	77.50	1	30.90
335.904	30.81	3.86	119.06	11.85	7.80	92.46	77.70	1	31.20
335.965	30.64	3.89	119.22	11.78	7.89	92.94	78.00	1	31.20
336.069	30.62	3.88	118.88	11.83	7.82	92.58	77.90	1	31.10
336.214	30.90	3.87	119.52	11.85	7.83	92.84	77.70	1	30.90
336.275	30.98	3.85	119.33	11.78	7.85	92.45	77.50	1	30.80
336.379	30.93	3.83	118.41	11.80	7.84	92.55	78.20	1	30.90
336.524	31.17	3.81	118.73	11.77	7.92	93.26	78.60	1	30.60
336.585	31.20	3.82	119.11	11.80	7.89	93.04	78.10	1	30.60
336.689	31.51	3.78	119.05	11.84	7.75	91.80	77.10	1	30.50
336.834	31.30	3.79	118.72	11.83	7.78	92.02	77.50	1	30.60
336.895	31.36	3.78	118.65	11.79	7.92	93.39	78.70	1	30.50
336.999	31.49	3.76	118.52	11.78	7.83	92.27	77.90	1	30.60
337.144	31.20	3.83	119.38	11.79	7.88	92.94	77.80	1	30.90
337.205	31.00	3.84	119.05	11.82	7.86	92.86	78.00	1	31.10
337.309	30.87	3.85	118.83	11.83	7.78	92.04	77.50	1	30.90
337.454	30.67	3.88	118.92	11.77	7.87	92.68	77.90	1	31.20
337.515	30.71	3.89	119.51	11.80	7.94	93.63	78.30	1	31.40
337.619	30.25	3.92	118.57	11.72	8.01	93.86	79.20	1	31.20
337.764	30.39	3.93	119.50	11.75	7.99	93.87	78.50	1	31.40
337.825	30.40	3.93	119.47	11.81	7.87	92.91	77.80	1	31.50
337.929	30.17	3.95	119.15	11.79	7.92	93.33	78.30	1	31.20
338.074	30.64	3.91	119.70	11.78	7.98	94.01	78.50	1	30.90
338.135	30.88	3.86	119.30	11.81	7.94	93.84	78.70	1	30.90
338.239	30.73	3.88	119.15	11.79	7.97	93.92	78.80	1	31.10
338.384	30.83	3.87	119.41	11.86	7.85	93.04	77.90	1	31.10
338.445	30.72	3.88	119.35	11.88	7.78	92.42	77.40	1	31.20
338.549	30.34	3.91	118.55	11.78	7.91	93.18	78.60	1	31.40
338.694	30.68	3.89	119.36	11.80	7.98	94.16	78.90	1	31.10
338.755	30.68	3.89	119.19	11.77	7.93	93.34	78.30	1	30.90
338.859	30.78	3.86	118.87	11.83	7.94	93.92	79.00	1	30.90
339.004	31.03	3.83	118.79	11.86	7.93	93.97	79.10	1	30.90
339.065	30.97	3.84	118.77	11.84	7.86	93.09	78.40	1	30.80
339.169	30.97	3.84	118.81	11.82	7.91	93.51	78.70	1	30.90
339.314	31.01	3.84	118.97	11.81	7.88	93.07	78.20	1	30.90
339.375	30.91	3.85	118.89	11.79	7.80	91.93	77.30	1	30.90
339.479	31.03	3.83	118.89	11.81	7.83	92.44	77.80	1	30.90
339.624	31.23	3.81	119.06	11.86	7.78	92.25	77.50	1	30.60
339.685	31.18	3.81	118.66	11.83	7.74	91.55	77.20	1	30.60
339.789	31.32	3.79	118.67	11.84	7.82	92.52	78.00	1	30.60
339.934	31.46	3.79	119.08	11.82	7.81	92.32	77.50	1	30.60
339.995	31.17	3.81	118.80	11.74	7.95	93.31	78.50	1	30.80
340.099	31.23	3.81	118.86	11.76	8.02	94.34	79.40	1	30.50
340.244	31.47	3.77	118.52	11.80	7.98	94.20	79.50	1	30.60
340.305	31.34	3.78	118.47	11.77	7.96	93.69	79.10	1	30.60
340.409	31.47	3.78	118.95	11.80	7.90	93.25	78.40	1	30.80
340.554	31.13	3.84	119.63	11.82	7.89	93.28	78.00	1	31.10
340.615	30.95	3.86	119.44	11.81	7.86	92.77	77.70	1	31.10
340.719	30.94	3.83	118.53	11.84	7.82	92.55	78.10	1	30.90
340.864	30.86	3.86	119.11	11.79	7.87	92.78	77.90	1	31.10
340.925	30.57	3.89	119.04	11.75	7.87	92.47	77.70	1	31.20
341.029	30.65	3.89	119.35	11.80	7.85	92.58	77.60	1	31.40
341.174	30.66	3.89	119.38	11.81	7.90	93.22	78.10	1	31.20
341.235	30.61	3.91	119.64	11.77	7.84	92.34	77.20	1	31.10
341.339	30.86	3.85	118.84	11.84	7.74	91.64	77.10	1	30.90
341.484	30.74	3.88	119.13	11.84	7.72	91.39	76.70	1	31.20
341.545	30.43	3.90	118.70	11.79	7.77	91.68	77.20	1	31.20
341.649	30.44	3.88	118.10	11.81	7.76	91.66	77.60	1	31.20
341.794	30.52	3.90	119.11	11.81	7.80	92.16	77.40	1	31.40
341.855	30.29	3.92	118.83	11.76	7.82	91.95	77.40	1	31.40
341.959	30.38	3.92	119.05	11.85	7.76	91.94	77.20	1	31.40
342.104	30.24	3.94	119.17	11.84	7.82	92.63	77.70	1	31.40
342.165	30.19	3.95	119.10	11.77	7.86	92.53	77.70	1	31.20
342.269	30.29	3.93	119.07	11.81	7.85	92.75	77.90	1	31.20
342.414	30.38	3.92	119.21	11.85	7.84	92.89	77.90	1	31.20
342.475	30.40	3.92	119.32	11.72	7.96	93.32	78.20	1	31.20
342.579	30.53	3.91	119.44	11.82	7.89	93.27	78.10	1	31.10
342.724	30.70	3.89	119.58	11.81	7.90	93.31	78.00	1	30.90
342.785	30.72	3.89	119.55	11.76	7.94	93.31	78.00	1	30.90
342.889	30.92	3.87	119.76	11.82	7.88	93.16	77.80	1	30.90
343.034	31.00	3.84	119.09	11.82	7.90	93.33	78.40	1	30.90
343.095	30.91	3.84	118.72	11.79	7.97	93.88	79.10	1	30.80
343.199	30.90	3.86	119.14	11.81	7.90	93.26	78.30	1	31.10
343.344	30.69	3.89	119.27	11.80	7.88	93.05	78.00	1	31.10
343.405	30.56	3.91	119.41	11.78	7.93	93.50	78.30	1	31.20
343.509	30.50	3.92	119.71	11.82	7.86	92.88	77.60	1	31.40
343.654	30.47	3.93	119.66	11.81	7.86	92.85	77.60	1	31.20
343.715	30.60	3.91	119.62	11.77	7.92	93.22	77.90	1	31.10
343.819	30.66	3.89	119.15	11.79	7.91	93.27	78.30	1	31.20
343.964	30.55	3.91	119.45	11.80	7.79	91.87	76.90	1	31.40
344.025	30.36	3.92	118.93	11.76	7.82	92.04	77.40	1	31.20
344.129	30.57	3.90	119.23	11.78	7.83	92.21	77.30	1	31.10
344.274	30.81	3.90	120.03	11.82	7.85	92.84	77.30	1	31.10
344.335	30.76	3.89	119.70	11.80	7.91	93.30	77.90	1	30.90
344.439	30.75	3.87	118.97	11.84	7.88	93.30	78.40	1	30.90
344.584	30.92	3.86	119.29	11.81	7.82	92.43	77.50	1	30.80
344.645	31.09	3.83	119.12	11.79	7.94	93.60	78.60	1	30.80
344.749	31.22	3.82	119.13	11.79	7.81	92.11	77.30	1	30.80
344.894	31.13	3.84	119.59	11.75	7.87	92.55	77.40	1	30.60
344.955	31.03	3.83	118.97	11.79	7.93	93.50	78.60	1	30.80
345.059	31.00	3.85	119.42	11.78	7.90	93.11	78.00	1	30.80
345.204	30.89	3.85	118.84	11.76	7.94	93.46	78.60	1	30.80
345.265	30.96	3.84	118.89	11.79	7.86	92.66	77.90	1	30.90
345.369	30.74	3.87	119.00	11.76	7.93	93.24	78.40	1	31.10
345.514	30.97	3.86	119.53	11.77	7.89	92.88	77.70	1	30.80
345.575	31.24	3.84	119.80	11.85	7.82	92.58	77.30	1	30.60
345.679	31.39	3.81	119.48	11.83	7.83	92.59	77.50	1	30.60
345.824	31.10	3.82	118.74	11.75	7.89	92.76	78.10	1	30.60
345.885	31.39	3.78	118.78	11.78	7.85	92.47	77.90	1	30.50
345.989	31.57	3.76	118.67	11.74	7.91	92.88	78.30	1	30.50
346.134	31.35	3.80	119.03	11.74	7.93	93.13	78.20	1	30.60
346.195	31.40	3.80	119.42	11.81	7.75	91.54	76.70	1	30.80
346.299	31.21	3.82	119.17	11.81	7.76	91.67	76.90	1	30.60
346.444	31.37	3.79	119.02	11.75	7.88	92.64	77.80	1	30.60
346.505	31.42	3.80	119.32	11.78	7.86	92.63	77.60	1	30.80
346.609	31.14	3.83	119.14	11.76	7.97	93.79	78.70	1	30.80
346.754	31.27	3.82	119.36	11.84	7.89	93.39	78.20	1	30.60
346.815	31.32	3.81	119.44	11.84	7.73	91.58	76.70	1	30.60
346.919	31.35	3.80	119.22	11.85	7.80	92.50	77.60	1	30.80
347.064	31.31	3.81	119.28	11.84	7.77	91.99	77.10	1	30.80
347.125	31.18	3.82	119.20	11.79	7.86	92.66	77.70	1	30.90
347.229	31.04	3.81	118.25	11.82	7.97	94.15	79.60	1	30.80
347.374	31.10	3.80	118.08	11.79	7.93	93.52	79.20	1	30.80
347.435	31.00	3.82	118.50	11.79	7.85	92.55	78.10	1	30.80
347.539	31.26	3.79	118.43	11.84	7.79	92.23	77.90	1	30.80
347.684	31.02	3.82	118.61	11.87	7.67	91.04	76.80	1	31.10
347.745	30.84	3.85	118.85	11.76	7.81	91.79	77.20	1	31.10
347.849	30.79	3.87	119.09	11.76	7.93	93.17	78.20	1	31.10
347.994	30.49	3.90	118.82	11.80	7.88	93.02	78.30	1	31.10
348.055	30.61	3.89	118.96	11.76	7.98	93.86	78.90	1	31.10
348.159	31.05	3.85	119.70	11.80	7.87	92.83	77.60	1	30.80
348.304	31.13	3.84	119.52	11.82	7.78	92.00	77.00	1	30.90
348.365	30.99	3.85	119.28	11.82	7.80	92.14	77.20	1	30.90
348.469	31.00	3.82	118.55	11.85	7.71	91.37	77.10	1	30.80
348.614	30.80	3.85	118.62	11.76	7.84	92.23	77.80	1	30.90
348.675	30.78	3.84	118.18	11.75	7.97	93.71	79.30	1	30.80
348.779	31.03	3.82	118.63	11.79	7.92	93.37	78.70	1	30.80
348.924	31.19	3.83	119.46	11.76	7.97	93.73	78.50	1	30.50
348.985	31.37	3.80	119.22	11.79	7.91	93.23	78.20	1	30.50
349.089	31.39	3.78	118.55	11.82	7.72	91.28	77.00	1	30.60
349.234	31.37	3.79	119.02	11.79	7.80	91.96	77.30	1	30.50
349.295	31.55	3.77	118.98	11.77	7.88	92.76	78.00	1	30.30
349.399	31.49	3.77	118.82	11.73	7.92	92.82	78.10	1	30.50
349.544	31.36	3.81	119.37	11.77	7.78	91.51	76.70	1	30.60
349.605	31.21	3.81	118.88	11.74	7.98	93.70	78.80	1	30.80
349.709	31.38	3.80	119.17	11.72	7.97	93.46	78.40	1	30.50
349.854	31.30	3.80	119.03	11.74	7.85	92.16	77.40	1	30.60
349.915	31.20	3.81	118.99	11.74	7.88	92.51	77.70	1	30.80
350.019	31.18	3.81	118.76	11.72	7.96	93.28	78.50	1	30.60
350.164	31.01	3.82	118.47	11.80	7.84	92.45	78.00	1	30.80
350.225	30.88	3.85	118.72	11.73	7.97	93.47	78.70	1	30.90
350.329	30.92	3.85	119.15	11.78	7.84	92.28	77.40	1	31.10
350.474	30.70	3.87	118.85	11.84	7.80	92.39	77.70	1	30.90
350.535	30.76	3.87	119.00	11.75	7.93	93.17	78.30	1	30.80
350.639	31.06	3.83	118.88	11.80	7.82	92.32	77.70	1	30.80
350.784	30.97	3.84	118.95	11.78	7.75	91.28	76.70	1	30.80
350.845	31.13	3.84	119.40	11.74	7.97	93.53	78.30	1	30.60
350.949	31.20	3.79	118.19	11.78	7.83	92.15	78.00	1	30.80
351.094	31.00	3.82	118.50	11.79	7.91	93.20	78.60	1	30.90
351.155	31.11	3.82	118.82	11.80	7.93	93.65	78.80	1	30.90
351.259	30.93	3.87	119.59	11.80	7.91	93.34	78.00	1	31.20
351.404	30.60	3.90	119.41	11.78	7.94	93.54	78.30	1	31.20
351.465	30.68	3.89	119.31	11.84	7.90	93.55	78.40	1	31.20
351.569	30.62	3.90	119.32	11.83	7.85	92.83	77.80	1	31.20
351.714	30.50	3.91	119.13	11.84	7.91	93.65	78.60	1	31.20
351.775	30.74	3.88	119.30	11.85	7.87	93.30	78.20	1	31.10
351.879	30.76	3.86	118.68	11.81	7.86	92.81	78.20	1	31.10
352.024	30.81	3.85	118.61	11.84	7.93	93.96	79.20	1	30.90
352.085	30.94	3.85	119.08	11.81	7.86	92.81	77.90	1	30.80
352.189	30.92	3.83	118.42	11.85	7.75	91.83	77.50	1	30.80
352.334	30.77	3.86	118.70	11.81	7.85	92.75	78.10	1	31.10
352.395	30.79	3.87	119.25	11.77	7.86	92.49	77.60	1	31.10
352.499	30.69	3.90	119.61	11.87	7.80	92.60	77.40	1	31.40
352.644	30.36	3.93	119.17	11.82	7.89	93.27	78.30	1	31.40
352.705	30.40	3.91	118.96	11.81	7.87	92.95	78.10	1	31.20
352.809	30.56	3.91	119.36	11.83	7.84	92.78	77.70	1	31.10
352.954	30.99	3.88	120.26	11.81	7.86	92.77	77.10	1	30.90
353.015	31.04	3.85	119.63	11.80	7.83	92.47	77.30	1	30.80
353.119	30.62	3.85	117.92	11.80	7.84	92.52	78.50	1	30.80
353.264	30.99	3.82	118.30	11.82	7.89	93.26	78.80	1	30.80
353.325	31.19	3.80	118.56	11.82	7.80	92.23	77.80	1	30.80
353.429	30.76	3.86	118.65	11.78	7.87	92.66	78.10	1	31.10
353.574	31.09	3.84	119.27	11.81	7.98	94.22	79.00	1	30.80
353.635	31.12	3.84	119.44	11.81	7.85	92.71	77.60	1	30.60
353.739	31.30	3.82	119.49	11.80	7.95	93.73	78.40	1	30.80
353.884	31.16	3.82	119.06	11.88	7.75	92.03	77.30	1	30.80
353.945	31.10	3.82	118.81	11.77	7.84	92.28	77.70	1	30.80
354.049	31.09	3.82	118.70	11.83	7.73	91.45	77.00	1	30.80
354.194	30.93	3.86	119.39	11.75	7.93	93.25	78.10	1	31.10
354.255	30.74	3.88	119.25	11.79	7.93	93.56	78.50	1	31.20
354.359	30.55	3.90	119.19	11.76	7.89	92.85	77.90	1	31.20
354.504	30.52	3.91	119.28	11.77	7.88	92.81	77.80	1	31.20
354.565	30.57	3.91	119.40	11.80	7.96	93.89	78.60	1	31.40
354.669	30.31	3.94	119.45	11.79	7.85	92.56	77.50	1	31.50
354.814	30.30	3.94	119.51	11.77	7.94	93.46	78.20	1	31.40
354.875	30.16	3.96	119.32	11.78	7.78	91.64	76.80	1	31.20
354.979	30.19	3.94	118.98	11.73	7.90	92.63	77.90	1	31.40
355.124	30.17	3.94	118.92	11.79	7.81	92.11	77.50	1	31.50
355.185	30.11	3.94	118.61	11.74	7.94	93.29	78.70	1	31.40
355.289	30.43	3.91	118.89	11.80	7.91	93.32	78.50	1	31.40
355.434	30.25	3.93	118.91	11.80	7.82	92.34	77.70	1	31.40
355.495	30.20	3.94	119.07	11.75	7.99	93.79	78.80	1	31.40
355.599	30.35	3.94	119.62	11.76	7.87	92.64	77.40	1	31.40
355.744	30.42	3.94	119.89	11.80	7.83	92.46	77.10	1	31.40
355.805	30.39	3.93	119.53	11.77	7.92	93.18	78.00	1	31.40
355.909	30.46	3.92	119.40	11.76	7.98	93.88	78.60	1	31.20
356.054	30.73	3.89	119.57	11.78	7.88	92.79	77.60	1	30.90
356.115	31.00	3.86	119.56	11.81	7.93	93.67	78.30	1	30.90
356.219	30.80	3.87	119.07	11.78	7.84	92.30	77.50	1	31.10
356.364	30.97	3.85	119.19	11.79	7.92	93.39	78.40	1	30.80
356.425	30.88	3.85	118.95	11.81	7.78	91.86	77.20	1	30.90
356.529	30.91	3.85	119.10	11.79	7.93	93.51	78.50	1	30.90
356.674	31.08	3.84	119.24	11.86	7.82	92.74	77.80	1	30.90
356.735	30.94	3.84	118.88	11.78	7.94	93.53	78.70	1	30.80
356.839	31.15	3.82	118.91	11.83	7.87	93.10	78.30	1	30.80
356.984	31.04	3.82	118.52	11.79	7.96	93.91	79.20	1	30.90
357.045	31.11	3.82	118.90	11.78	7.92	93.25	78.40	1	31.10
357.149	30.67	3.86	118.25	11.82	7.85	92.79	78.50	1	31.10
357.294	31.02	3.85	119.40	11.81	7.87	92.96	77.90	1	30.80
357.355	31.11	3.82	118.91	11.83	7.84	92.71	78.00	1	30.60
357.459	31.47	3.78	118.89	11.82	7.81	92.35	77.70	1	30.60
357.604	31.31	3.78	118.29	11.84	7.85	92.92	78.50	1	30.50
357.665	31.32	3.78	118.37	11.82	7.79	92.07	77.80	1	30.50
357.769	31.33	3.78	118.50	11.81	7.87	92.96	78.40	1	30.80
357.914	31.11	3.84	119.33	11.85	7.87	93.27	78.20	1	30.90
357.975	31.19	3.85	120.11	11.82	7.81	92.36	76.90	1	31.10
358.079	30.78	3.88	119.57	11.86	7.83	92.81	77.60	1	31.20
358.224	30.58	3.90	119.20	11.81	7.75	91.50	76.80	1	31.20
358.285	30.52	3.91	119.26	11.81	7.94	93.78	78.60	1	31.40
358.389	30.28	3.93	119.00	11.81	7.79	91.93	77.30	1	31.40
358.534	30.36	3.91	118.70	11.81	7.90	93.27	78.60	1	31.40
358.595	30.36	3.90	118.40	11.89	7.75	92.23	77.90	1	31.40
358.699	30.31	3.94	119.27	11.82	7.96	94.05	78.90	1	31.50
358.844	30.24	3.95	119.37	11.82	7.85	92.71	77.70	1	31.50
358.905	29.99	3.96	118.77	11.77	7.88	92.76	78.10	1	31.70
359.009	30.06	3.94	118.52	11.84	7.80	92.40	78.00	1	31.70
359.154	29.76	3.98	118.45	11.81	7.84	92.59	78.20	1	31.70
359.215	29.80	3.98	118.56	11.79	7.82	92.19	77.80	1	31.80
359.319	29.77	3.98	118.65	11.83	7.79	92.11	77.60	1	31.70
359.464	29.69	4.01	119.01	11.73	7.96	93.36	78.40	1	31.80
359.525	29.59	4.02	118.99	11.77	7.79	91.65	77.00	1	32.00
359.629	29.60	4.00	118.50	11.78	7.82	92.07	77.70	1	32.00
359.774	29.73	3.99	118.72	11.81	7.79	91.98	77.50	1	31.70
359.835	29.78	4.01	119.32	11.76	7.86	92.41	77.40	1	31.70
359.939	30.09	3.98	119.61	11.85	7.80	92.48	77.30	1	31.50
360.084	30.11	3.96	119.36	11.76	7.83	92.00	77.10	1	31.50
360.145	30.10	3.97	119.39	11.79	7.92	93.39	78.20	1	31.50
360.249	30.17	3.95	119.13	11.85	7.74	91.77	77.00	1	31.50
360.394	30.10	3.96	119.18	11.84	7.85	92.97	78.00	1	31.50
360.455	30.25	3.95	119.35	11.85	7.80	92.40	77.40	1	31.40
360.559	30.46	3.93	119.66	11.80	7.92	93.40	78.10	1	31.10
360.704	30.63	3.91	119.75	11.79	7.87	92.82	77.50	1	31.40
360.765	30.54	3.92	119.80	11.82	7.83	92.54	77.20	1	31.50
360.869	30.11	3.94	118.76	11.75	7.97	93.63	78.80	1	31.40
361.014	30.12	3.95	119.03	11.78	7.80	91.91	77.20	1	31.50
361.075	29.90	3.98	118.90	11.74	7.80	91.56	77.00	1	31.70
361.179	29.91	3.97	118.79	11.76	7.95	93.48	78.70	1	31.50
361.324	29.84	3.97	118.44	11.84	7.83	92.77	78.30	1	31.70
361.385	29.80	3.99	118.95	11.78	7.90	93.05	78.20	1	31.80
361.489	29.70	3.99	118.60	11.77	7.76	91.32	77.00	1	31.80
361.634	29.84	3.98	118.91	11.78	7.84	92.37	77.70	1	31.50
361.695	29.93	3.97	118.79	11.79	7.82	92.20	77.60	1	31.50
361.799	30.13	3.96	119.26	11.77	7.91	93.06	78.00	1	31.20
361.944	30.45	3.93	119.77	11.79	7.87	92.71	77.40	1	31.10
362.005	30.71	3.89	119.48	11.82	7.90	93.40	78.20	1	31.10
362.109	30.47	3.90	118.77	11.79	7.85	92.57	77.90	1	31.10
362.254	30.58	3.88	118.62	11.80	7.94	93.69	79.00	1	31.10
362.315	30.60	3.89	118.93	11.82	7.80	92.12	77.50	1	30.90
362.419	31.08	3.82	118.84	11.83	7.88	93.18	78.40	1	30.80
362.564	30.94	3.85	119.17	11.83	7.87	93.14	78.20	1	31.10
362.625	30.85	3.87	119.28	11.77	7.87	92.66	77.70	1	31.10
362.729	30.86	3.87	119.40	11.82	7.82	92.48	77.50	1	30.90
362.874	30.96	3.86	119.58	11.74	7.87	92.33	77.20	1	30.80
362.935	31.19	3.83	119.40	11.75	7.92	93.03	77.90	1	30.60
363.039	31.03	3.81	118.33	11.75	7.92	93.07	78.70	1	30.80
363.184	31.13	3.81	118.73	11.81	7.95	93.92	79.10	1	30.80
363.245	31.00	3.82	118.32	11.81	7.82	92.36	78.10	1	30.90
363.349	31.04	3.81	118.18	11.80	7.93	93.59	79.20	1	30.90
363.494	31.01	3.85	119.24	11.79	7.82	92.25	77.40	1	31.20
363.555	30.71	3.88	119.14	11.76	7.90	92.84	77.90	1	31.40
363.659	30.44	3.91	119.08	11.80	7.80	92.13	77.40	1	31.40
363.804	30.47	3.92	119.58	11.81	7.81	92.30	77.20	1	31.20
363.865	30.76	3.88	119.40	11.85	7.88	93.42	78.20	1	31.10
363.969	30.51	3.89	118.74	11.80	7.85	92.58	78.00	1	31.10
364.114	30.64	3.88	118.73	11.87	7.84	92.99	78.30	1	31.20
364.175	30.63	3.90	119.32	11.82	7.78	92.00	77.10	1	31.20
364.279	30.62	3.88	118.78	11.86	7.84	93.00	78.30	1	31.20
364.424	30.54	3.90	119.03	11.85	7.85	93.04	78.20	1	31.20
364.485	30.72	3.88	119.21	11.82	7.89	93.33	78.30	1	31.10
364.589	30.61	3.88	118.64	11.76	7.89	92.88	78.30	1	31.10
364.734	30.54	3.88	118.58	11.83	7.93	93.79	79.10	1	31.20
364.795	30.34	3.89	118.11	11.81	7.82	92.30	78.10	1	31.20
364.899	30.77	3.86	118.73	11.82	7.87	93.08	78.40	1	30.90
365.044	30.94	3.84	118.86	11.86	7.73	91.71	77.20	1	31.10
365.105	30.74	3.86	118.69	11.79	7.86	92.66	78.10	1	31.20
365.209	30.62	3.86	118.23	11.80	7.90	93.14	78.80	1	31.10
365.354	30.49	3.87	118.15	11.83	7.92	93.76	79.40	1	31.10
365.415	30.89	3.84	118.59	11.91	7.70	91.75	77.40	1	30.90
365.519	31.01	3.81	118.27	11.81	7.87	92.92	78.60	1	30.90
365.664	30.81	3.83	117.92	11.87	7.78	92.37	78.30	1	30.90
365.725	30.77	3.85	118.35	11.82	7.84	92.70	78.30	1	30.90
365.829	30.94	3.82	118.21	11.88	7.70	91.40	77.30	1	30.80
365.974	31.28	3.80	118.86	11.86	7.74	91.75	77.20	1	30.60
366.035	31.45	3.76	118.36	11.84	7.83	92.71	78.30	1	30.50
366.139	31.32	3.78	118.37	11.78	7.88	92.84	78.40	1	30.50
366.284	31.43	3.77	118.35	11.81	7.89	93.14	78.70	1	30.80
366.345	31.19	3.80	118.36	11.82	7.77	91.89	77.60	1	30.80
366.449	31.20	3.78	118.03	11.83	7.82	92.56	78.40	1	30.80
366.594	31.21	3.77	117.70	11.77	7.82	92.07	78.20	1	30.60
366.655	31.08	3.79	117.93	11.74	7.95	93.38	79.20	1	30.80
366.759	31.08	3.79	117.91	11.85	7.75	91.83	77.90	1	30.90
366.904	30.94	3.82	118.05	11.81	7.85	92.66	78.50	1	30.90
366.965	30.94	3.81	117.88	11.86	7.88	93.42	79.20	1	30.90
367.069	30.81	3.83	118.13	11.85	7.72	91.51	77.50	1	30.90
367.214	30.93	3.84	118.73	11.91	7.74	92.17	77.60	1	31.20
367.275	30.75	3.87	119.01	11.84	7.80	92.29	77.50	1	31.20
367.379	30.50	3.88	118.26	11.84	7.91	93.72	79.20	1	31.40
367.524	30.46	3.89	118.50	11.80	7.91	93.29	78.70	1	31.20
367.585	30.59	3.87	118.42	11.84	7.78	92.10	77.80	1	31.10
367.689	30.46	3.88	118.32	11.77	7.84	92.23	77.90	1	31.20
367.834	30.64	3.87	118.62	11.78	7.84	92.33	77.80	1	31.10
367.895	30.63	3.86	118.38	11.83	7.74	91.59	77.40	1	30.90
367.999	31.06	3.83	119.02	11.81	7.84	92.57	77.80	1	30.80
368.144	31.33	3.80	119.15	11.85	7.77	92.08	77.30	1	30.80
368.205	31.28	3.81	119.21	11.79	7.89	92.99	78.00	1	30.80
368.309	31.20	3.80	118.65	11.84	7.71	91.29	76.90	1	30.90
368.454	31.04	3.82	118.63	11.80	7.89	93.13	78.50	1	30.60
368.515	31.20	3.80	118.55	11.80	7.95	93.78	79.10	1	30.60
368.619	31.23	3.79	118.52	11.77	7.87	92.59	78.10	1	30.80
368.764	31.12	3.79	118.09	11.77	7.83	92.19	78.10	1	30.60
368.825	31.35	3.78	118.48	11.78	7.85	92.41	78.00	1	30.50
368.929	31.40	3.76	117.99	11.76	7.90	92.87	78.70	1	30.50
369.074	31.43	3.75	117.80	11.78	7.86	92.60	78.60	1	30.50
369.135	31.36	3.77	118.10	11.75	7.89	92.68	78.50	1	30.60
369.239	31.21	3.78	118.09	11.81	7.85	92.65	78.50	1	30.80
369.384	30.99	3.83	118.74	11.80	7.87	92.87	78.20	1	31.10
369.445	31.00	3.84	119.16	11.82	7.79	92.10	77.30	1	31.20
369.549	30.66	3.88	118.92	11.78	7.85	92.52	77.80	1	31.10
369.694	30.78	3.86	118.81	11.84	7.92	93.72	78.90	1	31.10
369.755	30.73	3.86	118.53	11.85	7.77	92.14	77.70	1	30.90
369.859	30.89	3.85	118.86	11.83	7.86	92.98	78.20	1	31.20
370.004	30.54	3.89	118.84	11.79	7.79	91.80	77.30	1	31.20
370.065	30.52	3.89	118.78	11.77	7.92	93.18	78.50	1	31.40
370.169	30.28	3.90	118.18	11.81	7.80	92.13	78.00	1	31.20
370.314	30.26	3.92	118.47	11.78	7.81	92.02	77.70	1	31.40
370.375	30.38	3.90	118.57	11.80	7.80	92.03	77.60	1	31.50
370.479	30.21	3.92	118.41	11.79	7.90	93.18	78.70	1	31.40
370.624	30.20	3.91	118.17	11.85	7.76	91.95	77.80	1	31.50
370.685	30.17	3.95	119.08	11.78	7.82	92.14	77.40	1	31.50
370.789	30.11	3.96	119.23	11.83	7.77	91.90	77.10	1	31.70
370.934	29.80	3.98	118.57	11.81	7.70	90.93	76.70	1	31.70
370.995	29.90	3.97	118.65	11.77	7.85	92.34	77.80	1	31.70
371.099	29.81	3.96	118.14	11.72	7.82	91.64	77.60	1	31.50
371.244	29.90	3.95	118.26	11.73	7.92	92.88	78.50	1	31.50
371.305	29.97	3.94	118.17	11.74	7.92	92.99	78.70	1	31.40
371.409	30.18	3.93	118.54	11.76	7.85	92.31	77.90	1	31.20
371.554	30.78	3.89	119.83	11.83	7.73	91.38	76.30	1	30.90
371.615	30.91	3.87	119.63	11.76	7.88	92.67	77.50	1	30.80
371.719	30.92	3.85	119.05	11.77	7.88	92.67	77.80	1	30.90
371.864	30.96	3.84	118.76	11.75	7.87	92.51	77.90	1	30.90
371.925	30.94	3.83	118.42	11.78	7.93	93.37	78.80	1	31.10
372.029	30.64	3.87	118.55	11.80	7.83	92.44	78.00	1	31.10
372.174	30.58	3.89	118.96	11.80	7.84	92.45	77.70	1	31.40
372.235	30.38	3.90	118.54	11.81	7.84	92.58	78.10	1	31.20
372.339	30.37	3.90	118.52	11.81	7.84	92.58	78.10	1	31.40
372.484	30.19	3.93	118.65	11.84	7.74	91.60	77.20	1	31.70
372.545	30.11	3.94	118.74	11.76	7.85	92.36	77.80	1	31.50
372.649	30.21	3.93	118.85	11.77	7.86	92.48	77.80	1	31.40
372.794	30.00	3.94	118.12	11.79	7.88	92.89	78.60	1	31.50
372.855	30.08	3.94	118.56	11.84	7.83	92.71	78.20	1	31.50
372.959	29.86	3.96	118.20	11.77	7.85	92.43	78.20	1	31.50
373.104	30.02	3.94	118.36	11.76	7.96	93.65	79.10	1	31.50
373.165	29.98	3.95	118.40	11.77	7.77	91.54	77.30	1	31.40
373.269	30.14	3.94	118.66	11.78	7.92	93.27	78.60	1	31.50
373.414	29.83	3.96	118.12	11.75	7.87	92.44	78.30	1	31.70
373.475	29.86	3.95	117.92	11.72	7.89	92.51	78.40	1	31.50
373.579	29.90	3.96	118.41	11.78	7.76	91.45	77.20	1	31.80
373.724	29.59	3.99	118.07	11.77	7.76	91.43	77.40	1	31.70
373.785	29.88	3.96	118.43	11.80	7.77	91.65	77.40	1	31.70
373.889	29.84	3.96	118.14	11.69	7.94	92.89	78.60	1	31.50
374.034	29.90	3.95	118.18	11.78	7.88	92.80	78.50	1	31.70
374.095	29.74	3.98	118.45	11.75	7.84	92.08	77.70	1	31.80
374.199	29.56	3.99	118.00	11.78	7.69	90.61	76.80	1	31.80
374.344	29.64	3.99	118.40	11.71	7.87	92.13	77.80	1	31.50
374.405	29.86	3.97	118.50	11.73	7.89	92.58	78.10	1	31.40
374.509	29.78	3.95	117.61	11.73	7.83	91.81	78.10	1	31.50
374.654	29.81	3.97	118.24	11.73	7.86	92.26	78.00	1	31.80
374.715	29.55	4.00	118.12	11.74	7.81	91.70	77.60	1	31.80
374.819	29.62	3.99	118.28	11.72	7.87	92.32	78.10	1	32.00
374.964	29.41	4.03	118.37	11.72	7.85	91.99	77.70	1	31.70
375.025	29.60	4.01	118.61	11.72	7.93	92.89	78.30	1	31.70
375.129	29.71	3.99	118.41	11.73	7.86	92.26	77.90	1	31.70
375.274	29.66	3.99	118.26	11.73	7.90	92.64	78.30	1	31.80
375.335	29.36	4.00	117.37	11.73	7.72	90.60	77.20	1	32.00
375.439	29.47	4.00	117.89	11.78	7.73	91.07	77.20	1	31.80
375.584	29.53	4.01	118.26	11.72	7.89	92.50	78.20	1	31.80
375.645	29.52	4.00	118.11	11.76	7.76	91.29	77.30	1	32.00
375.749	29.28	4.03	118.10	11.69	7.74	90.55	76.70	1	32.10
375.894	29.16	4.03	117.41	11.72	7.89	92.48	78.80	1	32.10
375.955	28.94	4.05	117.26	11.70	7.76	90.81	77.40	1	32.30
376.059	29.03	4.04	117.24	11.71	7.75	90.74	77.40	1	32.10
376.204	29.40	4.02	118.12	11.71	7.68	89.87	76.10	1	31.80
376.265	29.57	3.99	118.01	11.80	7.72	91.10	77.20	1	31.70
376.369	29.76	3.99	118.70	11.71	7.89	92.44	77.90	1	31.50
376.514	29.89	3.95	118.03	11.78	7.86	92.58	78.40	1	31.70
376.575	29.71	3.98	118.22	11.72	7.77	91.06	77.00	1	31.70
376.679	29.73	3.97	117.94	11.79	7.70	90.77	77.00	1	31.70
376.824	29.95	3.97	118.77	11.74	7.92	92.94	78.20	1	31.40
376.885	30.07	3.94	118.41	11.75	7.85	92.26	77.90	1	31.20
376.989	30.42	3.90	118.71	11.73	7.94	93.10	78.40	1	31.20
377.134	30.38	3.92	119.07	11.76	7.86	92.48	77.70	1	31.40
377.195	30.29	3.93	119.07	11.74	7.86	92.23	77.50	1	31.40
377.299	30.10	3.95	118.90	11.77	7.77	91.45	76.90	1	31.50
377.444	30.23	3.94	119.16	11.73	7.91	92.81	77.90	1	31.20
377.505	30.20	3.93	118.74	11.80	7.76	91.58	77.10	1	31.40
377.609	30.31	3.93	119.15	11.76	7.86	92.39	77.50	1	31.40
377.754	30.19	3.93	118.79	11.84	7.67	90.81	76.40	1	31.40
377.815	30.11	3.94	118.60	11.77	7.77	91.47	77.10	1	31.40
377.919	30.06	3.95	118.84	11.76	7.89	92.81	78.10	1	31.50
378.064	29.91	3.95	118.20	11.77	7.81	91.98	77.80	1	31.50
378.125	30.05	3.96	118.88	11.81	7.88	93.01	78.20	1	31.50
378.229	30.11	3.95	119.01	11.75	7.79	91.52	76.90	1	31.40
378.374	30.22	3.94	119.03	11.78	7.82	92.16	77.40	1	31.40
378.435	30.05	3.94	118.31	11.71	7.90	92.49	78.20	1	31.40
378.539	30.09	3.92	118.10	11.79	7.76	91.51	77.50	1	31.40
378.684	30.21	3.94	119.05	11.77	7.87	92.64	77.80	1	31.20
378.745	30.41	3.91	118.78	11.79	7.93	93.51	78.70	1	31.20
378.849	30.25	3.92	118.63	11.76	7.83	92.06	77.60	1	31.40
378.994	30.36	3.92	119.03	11.79	7.93	93.55	78.60	1	31.50
379.055	29.99	3.96	118.64	11.76	7.92	93.12	78.50	1	31.70
379.159	30.18	3.93	118.59	11.82	7.84	92.72	78.20	1	31.40
379.304	30.31	3.92	118.87	11.72	7.91	92.65	77.90	1	31.10
379.365	30.53	3.88	118.59	11.77	7.90	93.00	78.40	1	31.10
379.469	30.50	3.89	118.70	11.78	7.79	91.82	77.40	1	31.40
379.614	30.42	3.90	118.52	11.80	7.87	92.84	78.30	1	31.20
379.675	30.46	3.91	119.02	11.72	7.91	92.77	77.90	1	31.10
379.779	30.77	3.87	118.94	11.77	7.89	92.88	78.10	1	30.90
379.924	30.46	3.90	118.92	11.77	7.78	91.57	77.00	1	31.20
379.985	30.57	3.89	119.02	11.75	7.91	92.93	78.10	1	31.10
380.089	30.41	3.89	118.18	11.76	7.89	92.77	78.50	1	31.20
380.234	30.37	3.92	118.94	11.79	7.86	92.70	77.90	1	31.20
380.295	30.42	3.90	118.63	11.81	7.89	93.18	78.50	1	31.10
380.399	30.55	3.91	119.40	11.74	7.93	93.10	78.00	1	31.10
380.544	30.67	3.87	118.54	11.74	7.95	93.39	78.80	1	31.10
380.605	30.43	3.88	118.11	11.69	7.97	93.11	78.80	1	30.90
380.709	30.62	3.87	118.59	11.77	7.90	92.91	78.30	1	31.20
380.854	30.39	3.90	118.55	11.72	7.81	91.55	77.20	1	31.20
380.915	30.51	3.90	118.96	11.71	7.94	92.99	78.20	1	31.40
381.019	30.24	3.92	118.68	11.74	7.73	90.76	76.50	1	31.50
381.164	30.02	3.94	118.39	11.79	7.82	92.14	77.80	1	31.40
381.225	30.22	3.92	118.53	11.80	7.85	92.64	78.20	1	31.40
381.329	30.30	3.94	119.37	11.74	7.84	92.06	77.10	1	31.10
381.474	30.60	3.89	119.11	11.81	7.81	92.30	77.50	1	31.40
381.535	30.36	3.92	118.97	11.75	7.91	92.89	78.10	1	31.40
381.639	30.33	3.92	119.00	11.79	7.86	92.63	77.80	1	31.40
381.784	30.11	3.94	118.75	11.74	7.91	92.87	78.20	1	31.40
381.845	30.10	3.94	118.44	11.71	7.94	93.02	78.50	1	31.50
381.949	30.05	3.95	118.55	11.68	7.94	92.74	78.20	1	31.40
382.094	30.20	3.93	118.79	11.67	7.96	92.89	78.20	1	31.40
382.155	30.04	3.94	118.35	11.71	7.87	92.22	77.90	1	31.50
382.259	30.02	3.95	118.60	11.70	7.83	91.59	77.20	1	31.50
382.404	30.09	3.94	118.46	11.74	7.70	90.46	76.40	1	31.20
382.465	30.05	3.94	118.26	11.68	7.91	92.36	78.10	1	31.40
382.569	30.05	3.95	118.65	11.75	7.86	92.36	77.80	1	31.50
382.714	29.95	3.95	118.35	11.76	7.82	91.87	77.60	1	31.50
382.775	29.99	3.94	118.12	11.76	7.79	91.52	77.50	1	31.50
382.879	29.94	3.96	118.50	11.70	7.86	91.91	77.60	1	31.50
383.024	30.09	3.94	118.67	11.77	7.78	91.62	77.20	1	31.40
383.085	29.95	3.95	118.44	11.68	7.95	92.88	78.40	1	31.40
383.189	30.02	3.95	118.53	11.70	7.97	93.23	78.70	1	31.40
383.334	30.07	3.95	118.80	11.70	7.91	92.51	77.90	1	31.40
383.395	30.14	3.94	118.75	11.74	7.84	92.07	77.50	1	31.40
383.499	30.31	3.92	118.74	11.74	7.89	92.65	78.00	1	31.10
383.644	30.44	3.91	118.85	11.71	7.85	91.95	77.40	1	31.20
383.705	30.39	3.91	118.81	11.73	7.89	92.51	77.90	1	31.20
383.809	30.37	3.90	118.33	11.72	7.92	92.85	78.50	1	31.10
383.954	30.43	3.90	118.73	11.76	7.73	90.90	76.60	1	31.40
384.015	30.24	3.92	118.67	11.68	7.88	92.03	77.50	1	31.50
384.119	30.06	3.93	118.19	11.70	7.94	92.89	78.60	1	31.40
384.264	29.76	3.98	118.38	11.72	7.87	92.27	77.90	1	31.70
384.325	29.89	3.97	118.75	11.73	7.96	93.37	78.60	1	31.50
384.429	30.02	3.97	119.20	11.71	7.83	91.70	76.90	1	31.20
384.574	30.41	3.91	118.98	11.72	7.95	93.18	78.30	1	31.20
384.635	30.38	3.92	119.04	11.78	7.75	91.33	76.70	1	31.40
384.739	30.30	3.93	119.22	11.72	7.96	93.29	78.20	1	31.40
384.884	30.52	3.90	119.04	11.80	7.90	93.17	78.30	1	31.20
384.945	30.68	3.90	119.66	11.76	7.90	92.95	77.70	1	31.10
385.049	30.69	3.89	119.27	11.83	7.92	93.70	78.60	1	31.20
385.194	30.58	3.92	119.79	11.80	7.78	91.88	76.70	1	31.40
385.255	30.41	3.94	119.72	11.74	7.94	93.23	77.90	1	31.40
385.359	30.31	3.92	118.67	11.76	7.81	91.82	77.40	1	31.20
385.504	30.33	3.92	118.84	11.70	7.93	92.72	78.00	1	31.20
385.565	30.15	3.92	118.23	11.76	7.92	93.22	78.80	1	31.40
385.669	30.27	3.93	118.95	11.78	7.83	92.20	77.50	1	31.40
385.814	30.31	3.93	118.98	11.78	7.92	93.27	78.40	1	31.50
385.875	30.09	3.95	118.87	11.75	7.81	91.79	77.20	1	31.50
385.979	30.17	3.94	118.99	11.83	7.83	92.65	77.90	1	31.50
386.124	30.25	3.92	118.68	11.80	7.80	92.06	77.60	1	31.40
386.185	30.35	3.92	119.09	11.78	7.92	93.33	78.40	1	31.20
386.289	30.50	3.90	118.95	11.79	7.79	91.85	77.20	1	31.20
386.434	30.41	3.91	118.89	11.79	7.89	93.00	78.20	1	31.20
386.495	30.63	3.88	118.93	11.83	7.84	92.76	78.00	1	31.20
386.599	30.48	3.91	119.04	11.80	7.94	93.68	78.70	1	31.10
386.744	30.58	3.88	118.78	11.89	7.88	93.63	78.80	1	31.20
386.805	30.42	3.90	118.68	11.79	7.87	92.81	78.20	1	31.40
386.909	30.43	3.89	118.36	11.85	7.90	93.61	79.10	1	31.20
387.054	30.09	3.93	118.40	11.75	7.84	92.13	77.80	1	31.50
387.115	30.11	3.94	118.53	11.78	7.84	92.32	77.90	1	31.50
387.219	29.89	3.96	118.34	11.74	7.83	91.92	77.70	1	31.50
387.364	30.08	3.94	118.37	11.78	7.85	92.49	78.10	1	31.50
387.425	30.12	3.94	118.82	11.75	7.83	91.92	77.40	1	31.70
387.529	29.92	3.97	118.91	11.75	7.93	93.12	78.30	1	31.70
387.674	29.79	3.98	118.60	11.76	7.87	92.59	78.10	1	31.70
387.735	29.80	3.98	118.65	11.74	7.80	91.55	77.20	1	31.70
387.839	29.78	3.98	118.48	11.75	7.85	92.29	77.90	1	31.50
387.984	29.98	3.96	118.83	11.76	7.87	92.48	77.80	1	31.40
388.045	30.11	3.95	118.86	11.78	7.91	93.13	78.40	1	31.40
388.149	30.28	3.93	118.92	11.71	7.87	92.23	77.60	1	31.10
388.294	30.40	3.94	119.61	11.75	7.89	92.69	77.50	1	31.40
388.355	30.19	3.95	119.14	11.71	7.94	93.02	78.10	1	31.40
388.459	30.25	3.92	118.62	11.78	7.95	93.67	79.00	1	31.20
388.604	30.12	3.95	119.04	11.75	7.92	93.09	78.20	1	31.40
388.665	30.02	3.96	118.96	11.77	7.89	92.83	78.00	1	31.50
388.769	30.02	3.97	119.10	11.71	7.97	93.33	78.40	1	31.40
388.914	30.30	3.95	119.65	11.71	7.94	93.02	77.70	1	31.20
388.975	30.39	3.94	119.87	11.73	7.94	93.08	77.70	1	31.10
389.079	30.45	3.93	119.67	11.75	7.91	93.02	77.70	1	31.20
389.224	30.43	3.96	120.39	11.83	7.77	91.92	76.40	1	31.50
389.285	30.15	3.96	119.35	11.74	7.90	92.77	77.70	1	31.50
389.389	30.24	3.94	119.27	11.75	7.81	91.81	77.00	1	31.20
389.534	30.17	3.95	119.14	11.71	7.88	92.34	77.50	1	31.40
389.595	30.13	3.95	118.91	11.78	7.89	92.96	78.20	1	31.40
389.699	30.08	3.96	119.15	11.67	7.91	92.35	77.50	1	31.50
389.844	30.05	3.95	118.71	11.74	7.85	92.10	77.60	1	31.40
389.905	29.81	3.97	118.33	11.65	7.96	92.68	78.30	1	31.50
390.009	29.92	3.96	118.48	11.73	7.93	93.09	78.60	1	31.50
390.154	29.82	3.97	118.34	11.66	7.99	93.13	78.70	1	31.50
390.215	29.93	3.96	118.38	11.70	7.96	93.18	78.70	1	31.50
390.319	29.97	3.95	118.47	11.69	7.92	92.63	78.20	1	31.40
390.464	30.38	3.92	119.06	11.73	7.93	93.05	78.20	1	31.10
390.525	30.18	3.92	118.35	11.71	7.86	92.05	77.80	1	31.20
390.629	30.30	3.91	118.48	11.77	7.89	92.86	78.40	1	31.40
390.774	30.27	3.91	118.36	11.71	7.96	93.21	78.80	1	31.20
390.835	30.35	3.91	118.58	11.72	7.99	93.69	79.00	1	31.20
390.939	30.27	3.92	118.75	11.72	7.88	92.45	77.80	1	31.20
391.084	30.42	3.91	118.84	11.78	7.87	92.65	78.00	1	31.20
391.145	30.34	3.91	118.62	11.70	7.97	93.31	78.70	1	31.10
391.249	30.66	3.87	118.78	11.78	7.87	92.71	78.10	1	31.10
391.394	30.65	3.89	119.23	11.73	7.89	92.56	77.60	1	30.90
391.455	30.81	3.84	118.36	11.75	7.88	92.64	78.30	1	30.80
391.559	30.84	3.84	118.54	11.70	7.88	92.16	77.70	1	30.90
391.704	30.65	3.86	118.21	11.74	7.92	93.01	78.70	1	30.90
391.765	30.53	3.88	118.40	11.71	7.92	92.75	78.30	1	30.80
391.869	30.90	3.83	118.34	11.73	7.97	93.47	79.00	1	30.80
392.014	30.69	3.86	118.56	11.70	7.94	92.89	78.30	1	30.90
392.075	30.65	3.88	118.78	11.74	7.82	91.83	77.30	1	31.10
392.179	30.47	3.89	118.55	11.69	7.86	91.95	77.60	1	30.90
392.324	30.85	3.85	118.93	11.73	7.85	92.13	77.50	1	30.90
392.385	30.78	3.86	118.79	11.73	7.89	92.58	77.90	1	30.90
392.489	30.74	3.85	118.42	11.70	7.99	93.53	79.00	1	30.80
392.634	30.92	3.84	118.68	11.74	7.93	93.12	78.50	1	30.80
392.695	30.99	3.83	118.65	11.75	7.78	91.49	77.10	1	30.60
392.799	31.03	3.82	118.42	11.75	7.84	92.11	77.80	1	30.80
392.944	30.90	3.84	118.82	11.69	7.92	92.66	78.00	1	30.90
393.005	30.85	3.85	118.66	11.76	7.94	93.40	78.70	1	30.90
393.109	30.81	3.85	118.69	11.73	7.94	93.15	78.50	1	30.80
393.254	31.24	3.80	118.70	11.82	7.90	93.40	78.70	1	30.80
393.315	31.09	3.83	119.17	11.76	7.85	92.31	77.50	1	30.90
393.419	30.92	3.84	118.69	11.80	7.82	92.25	77.70	1	30.90
393.564	30.78	3.85	118.55	11.74	7.91	92.87	78.30	1	30.90
393.625	30.71	3.87	118.87	11.73	7.87	92.39	77.70	1	31.10
393.729	30.47	3.90	118.87	11.71	7.87	92.25	77.60	1	31.10
393.874	30.55	3.92	119.62	11.73	7.95	93.29	78.00	1	31.40
393.935	30.29	3.94	119.25	11.69	7.93	92.77	77.80	1	31.40
394.039	30.26	3.92	118.76	11.73	7.84	92.00	77.50	1	31.20
394.184	30.14	3.95	118.91	11.66	7.84	91.42	76.90	1	31.20
394.245	30.47	3.90	118.86	11.73	7.91	92.83	78.10	1	31.10
394.349	30.43	3.90	118.69	11.73	7.83	91.87	77.40	1	31.40
394.494	30.37	3.92	119.08	11.81	7.85	92.64	77.80	1	31.40
394.555	30.26	3.94	119.11	11.74	7.91	92.86	78.00	1	31.40
394.659	30.28	3.92	118.60	11.81	7.83	92.39	77.90	1	31.20
394.804	30.48	3.91	119.33	11.72	7.94	93.05	78.00	1	31.10
394.865	30.59	3.90	119.20	11.74	7.87	92.38	77.50	1	30.90
394.969	30.51	3.90	119.04	11.72	7.84	91.92	77.20	1	31.10
395.114	30.59	3.90	119.46	11.73	7.94	93.15	78.00	1	31.20
395.175	30.33	3.93	119.11	11.71	7.90	92.47	77.60	1	31.40
395.279	30.49	3.91	119.32	11.75	7.82	91.91	77.00	1	31.20
395.424	30.33	3.93	119.32	11.72	7.89	92.45	77.50	1	31.10
395.485	30.50	3.92	119.41	11.71	7.93	92.85	77.80	1	31.20
395.589	30.42	3.89	118.40	11.72	7.87	92.25	77.90	1	31.10
395.734	30.41	3.92	119.20	11.72	7.95	93.17	78.20	1	31.40
395.795	30.16	3.94	118.86	11.73	7.87	92.32	77.70	1	31.50
395.899	30.33	3.93	119.28	11.76	7.88	92.63	77.70	1	31.20
396.044	30.16	3.93	118.52	11.69	7.89	92.19	77.80	1	31.20
396.105	30.30	3.91	118.52	11.74	7.82	91.81	77.50	1	31.20
396.209	30.35	3.91	118.84	11.70	7.92	92.73	78.00	1	31.10
396.354	30.48	3.90	118.78	11.72	7.97	93.36	78.60	1	31.10
396.415	30.48	3.89	118.58	11.77	7.85	92.37	77.90	1	31.20
396.519	30.35	3.91	118.79	11.76	7.90	92.91	78.20	1	31.50
396.664	30.06	3.94	118.50	11.73	7.76	91.07	76.90	1	31.40
396.725	30.21	3.94	118.95	11.74	7.87	92.40	77.70	1	31.40
396.829	30.46	3.91	119.15	11.72	7.93	92.96	78.00	1	31.10
396.974	30.44	3.91	118.90	11.75	7.84	92.11	77.50	1	31.20
397.035	30.40	3.92	119.14	11.77	7.71	90.77	76.20	1	31.40
397.139	30.24	3.92	118.68	11.80	7.83	92.38	77.80	1	31.40
397.284	30.23	3.92	118.49	11.73	7.98	93.65	79.00	1	31.40
397.345	30.27	3.93	118.84	11.76	7.87	92.57	77.90	1	31.40
397.449	30.04	3.94	118.27	11.70	7.95	93.02	78.60	1	31.40
397.594	30.39	3.91	118.95	11.80	7.90	93.22	78.40	1	31.20
397.655	30.42	3.92	119.23	11.74	7.97	93.53	78.40	1	31.10
397.759	30.62	3.89	119.13	11.81	7.79	92.02	77.20	1	31.20
397.904	30.24	3.92	118.54	11.75	7.87	92.40	77.90	1	31.20
397.965	30.50	3.90	119.11	11.78	7.96	93.83	78.80	1	31.20
398.069	30.53	3.90	119.24	11.78	7.94	93.60	78.50	1	31.10
398.214	30.63	3.89	119.22	11.83	7.69	91.01	76.30	1	31.20
398.275	30.50	3.90	119.03	11.74	7.87	92.42	77.60	1	31.20
398.379	30.51	3.88	118.44	11.79	7.78	91.75	77.50	1	31.10
398.524	30.63	3.90	119.48	11.74	8.02	94.14	78.80	1	30.90
398.585	30.87	3.87	119.37	11.79	7.75	91.39	76.60	1	30.80
398.689	30.98	3.83	118.72	11.73	7.85	92.12	77.60	1	30.90
398.834	31.05	3.84	119.27	11.76	7.88	92.74	77.80	1	31.10
398.895	30.84	3.88	119.60	11.74	7.95	93.30	78.00	1	31.10
398.999	30.50	3.91	119.12	11.75	7.94	93.29	78.30	1	31.20
399.144	30.66	3.89	119.33	11.75	7.89	92.69	77.70	1	31.10
399.205	30.71	3.89	119.39	11.76	7.87	92.55	77.50	1	31.10
399.309	30.72	3.87	119.01	11.77	7.90	92.90	78.10	1	31.10
399.454	30.71	3.88	119.04	11.73	7.83	91.79	77.10	1	31.10
399.515	30.74	3.87	118.91	11.71	7.96	93.27	78.40	1	31.10
399.619	30.58	3.88	118.63	11.73	7.85	92.07	77.60	1	31.20
399.764	30.53	3.90	118.91	11.75	7.86	92.39	77.70	1	30.90
399.825	30.52	3.88	118.41	11.78	7.76	91.40	77.20	1	31.10
399.929	30.43	3.90	118.57	11.78	7.85	92.44	78.00	1	31.20
400.074	30.35	3.92	118.91	11.75	7.88	92.63	77.90	1	31.20
400.135	30.28	3.92	118.75	11.73	7.99	93.70	78.90	1	31.40
400.239	30.39	3.91	118.94	11.69	8.02	93.85	78.90	1	31.10
400.384	30.82	3.87	119.33	11.77	7.94	93.42	78.30	1	30.80
400.445	30.68	3.87	118.66	11.75	7.92	93.04	78.40	1	30.90
400.549	30.81	3.84	118.27	11.77	7.92	93.16	78.80	1	30.80
400.694	30.96	3.84	118.78	11.74	7.88	92.58	77.90	1	30.80
400.755	31.07	3.83	119.00	11.75	7.89	92.69	77.90	1	30.60
400.859	31.16	3.81	118.87	11.72	7.84	91.88	77.30	1	30.80
401.004	31.11	3.82	118.98	11.79	7.86	92.64	77.90	1	31.10
401.065	30.72	3.87	118.90	11.71	7.89	92.46	77.80	1	31.10
401.169	30.85	3.85	118.75	11.79	7.91	93.29	78.60	1	30.90
401.314	30.72	3.86	118.59	11.74	7.87	92.38	77.90	1	30.90
401.375	30.79	3.86	118.74	11.74	7.97	93.58	78.80	1	30.90
401.479	30.85	3.86	119.02	11.72	7.98	93.56	78.60	1	30.90
401.624	30.97	3.84	118.92	11.75	7.89	92.69	77.90	1	30.80
401.685	30.88	3.85	118.84	11.74	7.86	92.29	77.70	1	30.90
401.789	31.05	3.83	118.77	11.77	7.95	93.49	78.70	1	30.80
401.934	30.77	3.85	118.32	11.75	7.92	93.07	78.70	1	30.90
401.995	30.76	3.85	118.45	11.78	7.90	93.00	78.50	1	31.10
402.099	30.60	3.89	119.02	11.76	7.81	91.77	77.10	1	31.20
402.244	30.38	3.91	118.90	11.81	7.89	93.18	78.40	1	31.40
402.305	30.19	3.94	118.93	11.74	7.90	92.71	78.00	1	31.40
402.409	29.96	3.95	118.49	11.76	7.80	91.67	77.40	1	31.40
402.554	30.05	3.94	118.40	11.70	7.89	92.36	78.00	1	31.50
402.615	30.10	3.94	118.53	11.73	7.88	92.46	78.00	1	31.70
402.719	29.71	3.97	117.95	11.73	7.76	91.04	77.20	1	31.70
402.864	29.68	3.98	118.01	11.78	7.77	91.56	77.60	1	31.70
402.925	29.66	3.99	118.23	11.71	7.98	93.42	79.00	1	31.80
403.029	29.48	4.01	118.33	11.68	7.93	92.62	78.30	1	32.00
403.174	29.38	4.02	118.19	11.71	7.84	91.86	77.70	1	31.80
403.235	29.42	4.01	118.10	11.68	7.82	91.34	77.30	1	31.80
403.339	29.36	4.02	118.00	11.70	7.74	90.54	76.70	1	31.80
403.484	29.49	4.03	118.73	11.67	7.90	92.17	77.60	1	31.80
403.545	29.55	4.01	118.55	11.73	7.84	91.96	77.60	1	31.70
403.649	29.87	3.98	119.00	11.73	7.93	92.99	78.10	1	31.50
403.794	30.13	3.94	118.82	11.71	7.86	92.06	77.50	1	31.40
403.855	30.11	3.94	118.54	11.76	7.91	93.02	78.50	1	31.40
403.959	29.99	3.96	118.81	11.67	7.85	91.64	77.10	1	31.70
404.104	29.78	3.98	118.69	11.69	7.94	92.79	78.20	1	31.80
404.165	29.56	4.00	118.31	11.71	7.85	91.94	77.70	1	31.70
404.269	29.63	4.00	118.53	11.72	7.92	92.85	78.30	1	31.80
404.414	29.19	4.02	117.49	11.71	7.73	90.50	77.00	1	31.80
404.475	29.47	4.01	118.17	11.76	7.71	90.70	76.80	1	31.80
404.579	29.64	4.00	118.58	11.69	7.85	91.75	77.40	1	31.50
404.724	29.77	3.99	118.68	11.68	7.95	92.90	78.30	1	31.80
404.785	29.60	4.00	118.44	11.70	7.94	92.87	78.40	1	31.80
404.889	29.66	3.99	118.45	11.68	7.90	92.29	77.90	1	31.70
405.034	29.59	4.00	118.26	11.71	8.00	93.69	79.20	1	31.80
405.095	29.43	4.01	117.92	11.74	7.83	91.94	78.00	1	31.80
405.199	29.71	4.00	118.70	11.72	7.94	92.99	78.30	1	31.50
405.344	29.73	3.99	118.72	11.64	8.01	93.20	78.50	1	31.80
405.405	29.62	4.00	118.41	11.68	7.98	93.17	78.70	1	31.80
405.509	29.59	3.99	118.05	11.69	7.86	91.87	77.80	1	31.50
405.654	29.76	3.99	118.87	11.75	7.88	92.56	77.90	1	31.80
405.715	29.55	4.00	118.25	11.66	7.98	93.02	78.70	1	31.80
405.819	29.53	3.99	117.80	11.72	7.82	91.63	77.80	1	31.70
405.964	29.80	3.98	118.70	11.75	7.94	93.24	78.60	1	31.50
406.025	30.05	3.97	119.15	11.78	7.87	92.71	77.80	1	31.40
406.129	30.19	3.94	119.02	11.72	7.86	92.16	77.40	1	31.40
406.274	30.17	3.94	118.79	11.73	7.84	91.96	77.40	1	31.40
406.335	30.24	3.95	119.54	11.67	7.96	92.94	77.80	1	31.40
406.439	30.11	3.96	119.27	11.75	7.87	92.46	77.50	1	31.50
406.584	30.10	3.96	119.18	11.75	7.89	92.77	77.80	1	31.40
406.645	30.27	3.93	119.07	11.69	7.98	93.24	78.30	1	31.20
406.749	30.19	3.94	118.99	11.73	7.85	92.05	77.40	1	31.50
406.894	30.28	3.95	119.50	11.73	7.96	93.34	78.10	1	31.20
406.955	30.14	3.95	119.06	11.70	7.86	91.97	77.20	1	31.20
407.059	30.46	3.92	119.45	11.76	7.91	92.98	77.80	1	31.20
407.204	30.30	3.93	119.17	11.69	8.00	93.47	78.40	1	31.40
407.265	30.09	3.94	118.67	11.70	7.95	92.98	78.40	1	31.50
407.369	30.17	3.94	118.96	11.72	7.88	92.34	77.60	1	31.40
407.514	30.38	3.94	119.61	11.72	7.92	92.80	77.60	1	31.10
407.575	30.49	3.92	119.61	11.74	7.78	91.34	76.40	1	31.10
407.679	30.39	3.91	118.84	11.75	7.85	92.31	77.70	1	31.20
407.824	30.23	3.93	118.79	11.69	7.92	92.55	77.90	1	31.40
407.885	30.35	3.92	118.87	11.75	7.91	92.92	78.20	1	31.20
407.989	30.35	3.92	118.97	11.68	7.95	92.81	78.00	1	31.10
408.134	30.46	3.91	119.14	11.78	7.84	92.37	77.50	1	31.10
408.195	30.66	3.89	119.17	11.73	7.95	93.30	78.30	1	30.90
408.299	30.62	3.87	118.59	11.71	7.91	92.66	78.10	1	31.10
408.444	30.56	3.90	119.25	11.65	7.91	92.18	77.30	1	31.10
408.505	30.56	3.92	119.77	11.64	7.99	93.00	77.60	1	30.90
408.609	30.45	3.91	119.10	11.65	7.95	92.67	77.80	1	31.10
408.754	30.67	3.90	119.56	11.67	8.01	93.47	78.20	1	30.90
408.815	30.72	3.87	118.94	11.73	7.77	91.09	76.60	1	30.80
408.919	30.82	3.86	118.97	11.70	7.86	92.02	77.40	1	30.80
409.064	30.94	3.85	119.12	11.73	7.87	92.25	77.40	1	30.60
409.125	31.05	3.84	119.07	11.73	7.80	91.52	76.90	1	30.60
409.229	31.15	3.82	118.87	11.68	7.97	93.04	78.30	1	30.60
409.374	30.78	3.85	118.58	11.73	7.84	92.02	77.60	1	30.90
409.435	30.83	3.86	119.06	11.76	7.88	92.58	77.80	1	31.10
409.539	30.55	3.90	119.17	11.68	8.01	93.53	78.50	1	31.20
409.684	30.53	3.90	119.21	11.75	7.87	92.45	77.50	1	31.10
409.745	30.58	3.91	119.64	11.70	7.90	92.38	77.20	1	31.10
409.849	30.67	3.87	118.76	11.74	7.72	90.63	76.30	1	31.10
409.994	30.55	3.85	117.55	11.69	7.78	90.91	77.30	1	31.10
410.055	30.60	3.83	117.14	11.65	7.95	92.57	79.00	1	30.90
410.159	30.61	3.82	116.87	11.54	8.03	92.71	79.30	1	30.90
410.304	30.51	3.88	118.30	11.59	7.95	92.18	77.90	1	31.20
410.365	30.29	3.92	118.60	11.62	8.01	93.06	78.50	1	31.40
410.469	30.01	3.96	118.90	11.66	7.94	92.67	77.90	1	31.50
410.614	29.94	3.98	119.09	11.68	7.88	92.05	77.30	1	31.70
410.675	29.88	3.99	119.21	11.66	7.84	91.37	76.60	1	31.80
410.779	29.66	4.00	118.64	11.65	7.91	92.23	77.70	1	31.70
410.924	29.42	4.01	118.11	11.64	7.82	91.09	77.10	1	31.70
410.985	29.74	4.00	118.85	11.66	7.92	92.38	77.70	1	31.50
411.089	29.93	3.97	118.86	11.65	7.96	92.74	78.00	1	31.40
411.234	29.92	3.97	118.91	11.72	7.83	91.76	77.20	1	31.70
411.295	29.88	3.98	118.88	11.67	7.90	92.19	77.50	1	31.80
411.399	29.61	3.99	118.26	11.71	7.91	92.61	78.30	1	31.70
411.544	29.43	4.03	118.61	11.62	7.91	91.87	77.50	1	32.00
411.605	29.28	4.03	118.03	11.66	7.89	91.92	77.90	1	32.00
411.709	29.29	4.01	117.59	11.64	8.01	93.26	79.30	1	31.80
411.854	29.38	4.01	117.78	11.70	7.86	91.99	78.10	1	31.80
411.915	29.27	4.02	117.67	11.61	7.91	91.86	78.10	1	31.80
412.019	29.11	4.03	117.26	11.66	7.69	89.68	76.50	1	32.00
412.164	29.33	4.02	117.84	11.63	7.87	91.58	77.70	1	31.80
412.225	29.64	4.00	118.64	11.72	7.78	91.11	76.80	1	31.70
412.329	29.47	4.00	117.95	11.74	7.86	92.33	78.30	1	31.70
412.474	29.67	3.99	118.34	11.65	7.95	92.58	78.20	1	31.50
412.535	29.79	3.98	118.56	11.68	7.96	93.03	78.50	1	31.40
412.639	30.20	3.95	119.28	11.68	7.93	92.55	77.60	1	31.10
412.784	30.48	3.91	119.31	11.71	7.91	92.62	77.60	1	31.10
412.845	30.43	3.91	118.92	11.72	7.80	91.40	76.90	1	30.90
412.949	30.63	3.89	119.14	11.73	7.91	92.77	77.90	1	30.90
413.094	30.60	3.88	118.89	11.71	7.95	93.09	78.30	1	31.10
413.155	30.66	3.89	119.30	11.76	7.87	92.61	77.60	1	31.10
413.259	30.38	3.91	118.69	11.71	7.92	92.75	78.10	1	31.10
413.404	30.36	3.90	118.45	11.76	7.96	93.62	79.00	1	31.20
413.465	30.35	3.91	118.73	11.77	7.88	92.81	78.20	1	31.40
413.569	30.30	3.93	119.05	11.76	7.94	93.41	78.50	1	31.40
413.714	30.04	3.97	119.17	11.68	7.91	92.34	77.50	1	31.50
413.775	29.99	3.96	118.65	11.72	7.93	92.96	78.30	1	31.40
413.879	29.91	3.96	118.59	11.69	7.92	92.62	78.10	1	31.50
414.024	29.85	3.98	118.89	11.74	7.91	92.87	78.10	1	31.50
414.085	29.70	3.99	118.42	11.65	7.92	92.21	77.90	1	31.50
414.189	29.86	3.98	118.70	11.68	7.90	92.26	77.70	1	31.70
414.334	29.46	4.02	118.47	11.64	7.89	91.82	77.50	1	32.00
414.395	29.34	4.03	118.17	11.68	7.86	91.85	77.70	1	31.80
414.499	29.06	4.03	117.05	11.66	7.73	90.13	77.00	1	32.00
414.644	29.61	4.01	118.73	11.67	7.86	91.69	77.20	1	31.70
414.705	29.65	4.00	118.62	11.66	7.83	91.32	77.00	1	31.50
414.809	29.83	3.98	118.80	11.61	8.03	93.26	78.50	1	31.70
414.954	29.64	4.00	118.61	11.65	7.96	92.70	78.20	1	31.70
415.015	29.69	3.99	118.56	11.74	7.76	91.10	76.80	1	31.70
415.119	29.82	3.99	118.89	11.70	7.89	92.31	77.60	1	31.70
415.264	30.18	3.96	119.38	11.72	7.97	93.44	78.30	1	31.40
415.325	29.93	3.96	118.62	11.73	8.02	94.00	79.20	1	31.50
415.429	29.88	3.97	118.72	11.67	7.95	92.75	78.10	1	31.50
415.574	30.13	3.94	118.58	11.71	7.91	92.62	78.10	1	31.40
415.635	30.11	3.94	118.75	11.69	7.96	92.98	78.30	1	31.20
415.739	30.39	3.92	119.07	11.74	7.95	93.34	78.40	1	31.10
415.884	30.78	3.89	119.78	11.80	7.78	91.80	76.60	1	31.10
415.945	30.70	3.88	119.26	11.69	7.98	93.27	78.20	1	30.90
416.049	30.67	3.89	119.38	11.71	7.99	93.57	78.40	1	31.20
416.194	30.48	3.91	119.26	11.76	7.85	92.29	77.40	1	31.10
416.255	30.71	3.89	119.53	11.73	7.93	93.02	77.80	1	31.10
416.359	30.84	3.86	119.15	11.71	7.96	93.25	78.30	1	30.80
416.504	30.66	3.88	119.04	11.74	7.83	91.86	77.20	1	30.90
416.565	30.76	3.87	119.12	11.72	7.91	92.76	77.90	1	30.90
416.669	30.64	3.89	119.28	11.72	7.94	93.05	78.00	1	31.10
416.814	30.80	3.88	119.45	11.71	8.03	94.06	78.70	1	30.90
416.875	30.64	3.89	119.13	11.71	7.86	92.08	77.30	1	30.90
416.979	30.80	3.88	119.35	11.72	7.93	92.94	77.90	1	30.90
417.124	30.77	3.88	119.42	11.71	7.88	92.19	77.20	1	30.80
417.185	30.87	3.86	119.09	11.69	7.94	92.81	77.90	1	30.80
417.289	31.00	3.85	119.20	11.67	8.03	93.76	78.70	1	30.80
417.434	30.92	3.85	119.11	11.68	8.01	93.56	78.60	1	30.80
417.495	30.89	3.86	119.15	11.69	7.91	92.42	77.60	1	30.60
417.599	31.34	3.78	118.54	11.75	7.82	91.88	77.50	1	30.60
417.744	31.48	3.79	119.37	11.66	8.01	93.45	78.30	1	30.30
417.805	31.55	3.77	118.80	11.72	7.93	92.89	78.20	1	30.50
417.909	31.41	3.78	118.69	11.66	7.98	92.99	78.30	1	30.30
418.054	31.52	3.75	118.23	11.79	7.80	91.94	77.80	1	30.50
418.115	31.47	3.78	118.84	11.72	7.86	92.03	77.40	1	30.50
418.219	31.34	3.78	118.48	11.68	7.93	92.64	78.20	1	30.30
418.364	31.49	3.77	118.66	11.66	7.99	93.19	78.50	1	30.00
418.425	31.66	3.73	118.11	11.72	7.73	90.60	76.70	1	30.00
418.529	31.64	3.71	117.52	11.63	7.91	92.05	78.30	1	30.00
418.674	31.91	3.70	118.00	11.62	7.92	92.09	78.00	1	30.00
418.735	31.89	3.71	118.29	11.61	8.03	93.17	78.80	1	30.20
418.839	31.52	3.77	118.83	11.60	7.97	92.42	77.80	1	30.30
418.984	31.18	3.80	118.39	11.67	7.94	92.60	78.20	1	30.50
419.045	31.36	3.77	118.35	11.66	7.83	91.34	77.20	1	30.30
419.149	31.55	3.76	118.59	11.73	7.83	91.84	77.40	1	30.30
419.294	31.59	3.75	118.42	11.67	7.85	91.56	77.30	1	30.30
419.355	31.51	3.75	118.06	11.67	7.94	92.69	78.50	1	30.30
419.459	31.59	3.73	117.75	11.69	7.83	91.60	77.80	1	30.20
419.604	31.61	3.73	118.07	11.71	7.89	92.31	78.20	1	30.20
419.665	31.60	3.74	118.26	11.60	8.00	92.79	78.50	1	30.00
419.769	31.66	3.71	117.59	11.69	7.79	91.13	77.50	1	30.20
419.914	31.88	3.69	117.55	11.69	7.83	91.52	77.90	1	29.90
419.975	32.03	3.66	117.22	11.72	7.86	92.18	78.60	1	29.90
420.079	31.98	3.67	117.47	11.62	7.95	92.38	78.60	1	30.00
420.224	31.81	3.73	118.79	11.68	7.91	92.38	77.80	1	30.30
420.285	31.62	3.77	119.24	11.63	8.09	94.07	78.90	1	30.50
420.389	31.30	3.80	118.99	11.68	7.97	93.09	78.20	1	30.50
420.534	31.55	3.77	118.87	11.75	7.89	92.65	77.90	1	30.20
420.595	31.64	3.74	118.17	11.73	7.86	92.14	78.00	1	30.20
420.699	31.60	3.74	118.15	11.69	7.96	93.04	78.80	1	30.30
420.844	31.29	3.80	118.81	11.66	7.93	92.47	77.80	1	30.60
420.905	31.22	3.80	118.64	11.71	7.83	91.71	77.30	1	30.60
421.009	31.09	3.82	118.60	11.68	7.98	93.15	78.50	1	30.60
421.154	31.33	3.78	118.26	11.68	7.99	93.27	78.90	1	30.30
421.215	31.18	3.79	118.33	11.66	7.99	93.25	78.80	1	30.50
421.319	31.35	3.78	118.37	11.73	7.85	92.09	77.80	1	30.50
421.464	31.14	3.81	118.75	11.68	7.93	92.62	78.00	1	30.50
421.525	31.29	3.79	118.53	11.67	7.95	92.79	78.30	1	30.50
421.629	31.28	3.78	118.29	11.67	7.90	92.27	78.00	1	30.50
421.774	31.59	3.75	118.41	11.72	7.94	93.11	78.60	1	30.30
421.835	31.45	3.77	118.45	11.70	7.92	92.73	78.30	1	30.30
421.939	31.55	3.76	118.49	11.77	7.73	91.00	76.80	1	30.30
422.084	31.37	3.77	118.14	11.74	7.83	91.94	77.80	1	30.60
422.145	31.37	3.78	118.64	11.72	7.94	93.07	78.40	1	30.80
422.249	31.05	3.82	118.60	11.68	7.98	93.22	78.60	1	30.60
422.394	31.23	3.79	118.38	11.73	7.87	92.37	78.00	1	30.60
422.455	31.30	3.80	119.05	11.68	7.94	92.71	77.90	1	30.50
422.559	31.21	3.80	118.60	11.71	7.84	91.78	77.40	1	30.60
422.704	31.18	3.79	118.24	11.71	7.94	92.99	78.60	1	30.50
422.765	31.34	3.79	118.70	11.75	7.93	93.12	78.50	1	30.50
422.869	31.42	3.79	119.11	11.71	7.87	92.17	77.40	1	30.30
423.014	31.46	3.76	118.35	11.72	7.90	92.59	78.20	1	30.30
423.075	31.45	3.78	118.95	11.65	7.91	92.15	77.50	1	30.20
423.179	31.69	3.74	118.52	11.72	7.87	92.27	77.90	1	30.20
423.324	31.60	3.78	119.51	11.69	7.87	92.07	77.00	1	30.50
423.385	31.51	3.78	119.20	11.73	7.90	92.69	77.80	1	30.60
423.489	31.17	3.80	118.41	11.67	8.01	93.52	79.00	1	30.60
423.634	31.33	3.81	119.49	11.73	7.97	93.56	78.30	1	30.80
423.695	31.05	3.85	119.66	11.69	8.00	93.61	78.20	1	30.90
423.799	31.00	3.87	119.82	11.68	7.92	92.48	77.20	1	30.80
423.944	31.00	3.85	119.37	11.71	7.96	93.19	78.10	1	30.80
424.005	31.03	3.84	119.18	11.76	7.97	93.69	78.60	1	30.80
424.109	31.04	3.85	119.45	11.70	7.94	92.87	77.80	1	30.60
424.254	31.35	3.82	119.69	11.72	7.91	92.73	77.50	1	30.50
424.315	31.38	3.82	119.76	11.68	7.95	92.77	77.50	1	30.30
424.419	31.50	3.79	119.45	11.75	7.86	92.34	77.30	1	30.50
424.564	31.44	3.78	118.94	11.72	7.92	92.84	78.10	1	30.50
424.625	31.37	3.79	118.86	11.73	7.96	93.30	78.50	1	30.60
424.729	31.05	3.85	119.57	11.67	7.96	92.96	77.70	1	30.90
424.874	30.80	3.88	119.42	11.73	8.06	94.53	79.20	1	30.90
424.935	30.63	3.87	118.49	11.76	8.03	94.39	79.70	1	30.90
425.039	30.60	3.87	118.52	11.81	7.81	92.16	77.80	1	31.10
425.184	30.62	3.90	119.26	11.74	7.98	93.72	78.60	1	31.20
425.245	30.59	3.90	119.16	11.81	7.91	93.36	78.40	1	31.40
425.349	30.28	3.94	119.28	11.77	7.83	92.22	77.30	1	31.20
425.494	30.46	3.90	118.90	11.75	7.88	92.56	77.90	1	31.10
425.555	30.38	3.93	119.52	11.68	7.96	92.97	77.80	1	31.20
425.659	30.28	3.94	119.23	11.69	7.91	92.44	77.50	1	31.20
425.804	30.18	3.95	119.27	11.70	7.84	91.76	76.90	1	31.40
425.865	30.09	3.94	118.51	11.75	7.90	92.84	78.30	1	31.40
425.969	30.04	3.98	119.43	11.63	8.04	93.48	78.30	1	31.40
426.114	30.27	3.93	118.80	11.74	7.87	92.43	77.80	1	31.20
426.175	30.11	3.93	118.33	11.71	7.93	92.86	78.50	1	31.40
426.279	30.01	3.95	118.40	11.72	7.98	93.49	79.00	1	31.20
426.424	30.50	3.92	119.43	11.69	7.94	92.87	77.80	1	30.90
426.485	30.70	3.87	118.91	11.76	7.84	92.25	77.60	1	30.90
426.589	30.76	3.87	119.16	11.68	7.96	93.02	78.10	1	30.90
426.734	30.73	3.89	119.47	11.81	7.76	91.59	76.70	1	31.10
426.795	30.66	3.91	119.82	11.76	7.82	91.99	76.80	1	31.20
426.899	30.59	3.90	119.26	11.72	7.96	93.23	78.20	1	31.20
427.044	30.48	3.91	119.25	11.71	7.87	92.17	77.30	1	31.20
427.105	30.47	3.91	119.25	11.75	7.90	92.91	77.90	1	31.20
427.209	30.24	3.94	119.24	11.68	8.01	93.62	78.50	1	31.40
427.354	30.45	3.92	119.36	11.74	7.93	93.14	78.00	1	31.20
427.415	30.43	3.93	119.68	11.71	7.92	92.73	77.50	1	31.10
427.519	30.83	3.89	120.04	11.76	7.82	91.92	76.60	1	30.90
427.664	30.62	3.90	119.50	11.68	8.00	93.42	78.20	1	30.90
427.725	30.76	3.89	119.54	11.73	7.99	93.68	78.40	1	30.90
427.829	30.79	3.86	118.75	11.74	7.96	93.38	78.60	1	30.90
427.974	30.81	3.85	118.79	11.71	7.95	93.16	78.40	1	30.80
428.035	30.97	3.85	119.35	11.74	7.74	90.86	76.10	1	30.60
428.139	31.10	3.82	118.88	11.77	7.90	92.93	78.20	1	30.60
428.284	30.89	3.86	119.26	11.72	7.86	92.11	77.20	1	30.90
428.345	30.89	3.85	119.07	11.69	7.95	92.99	78.10	1	30.90
428.449	30.71	3.89	119.46	11.72	7.88	92.38	77.30	1	31.10
428.594	30.64	3.89	119.29	11.72	7.96	93.24	78.20	1	30.90
428.655	30.71	3.89	119.43	11.74	7.87	92.31	77.30	1	30.80
428.759	30.95	3.86	119.40	11.73	7.90	92.71	77.60	1	30.60
428.904	31.10	3.84	119.53	11.75	7.91	92.97	77.80	1	30.60
428.965	31.06	3.82	118.68	11.72	7.89	92.54	78.00	1	30.50
429.069	31.18	3.82	119.07	11.72	7.85	92.00	77.30	1	30.80
429.214	31.19	3.84	119.69	11.68	7.89	92.17	77.00	1	30.50
429.275	31.28	3.80	118.88	11.72	7.95	93.18	78.40	1	30.50
429.379	31.03	3.85	119.55	11.74	7.89	92.65	77.50	1	30.80
429.524	30.99	3.86	119.76	11.79	7.94	93.56	78.10	1	30.90
429.585	30.82	3.88	119.70	11.68	7.99	93.36	78.00	1	31.10
429.689	30.86	3.87	119.43	11.76	7.90	92.86	77.70	1	30.90
429.834	30.74	3.90	119.73	11.76	8.03	94.37	78.80	1	31.10
429.895	30.58	3.92	119.86	11.75	8.01	94.10	78.50	1	31.20
429.999	30.51	3.92	119.54	11.67	7.93	92.55	77.40	1	31.10
430.144	30.44	3.92	119.41	11.69	8.01	93.69	78.50	1	31.20
430.205	30.25	3.93	118.76	11.74	7.88	92.50	77.90	1	31.10
430.309	30.40	3.91	118.79	11.76	7.92	93.18	78.40	1	31.20
430.454	30.25	3.94	119.13	11.82	7.73	91.39	76.70	1	31.40
430.515	30.30	3.95	119.56	11.73	7.91	92.81	77.60	1	31.50
430.619	30.04	3.99	119.74	11.70	8.02	93.88	78.40	1	31.70
430.764	29.83	4.00	119.28	11.73	7.80	91.50	76.70	1	31.50
430.825	29.93	3.98	119.12	11.70	7.89	92.29	77.50	1	31.40
430.929	30.06	3.94	118.58	11.72	7.98	93.53	78.90	1	31.40
431.074	29.99	3.97	118.96	11.75	7.75	91.01	76.50	1	31.50
431.135	30.05	3.97	119.28	11.73	7.94	93.05	78.00	1	31.70
431.239	29.89	3.99	119.19	11.68	7.96	93.01	78.00	1	31.50
431.384	29.82	4.00	119.12	11.72	7.96	93.22	78.30	1	31.70
431.445	29.72	3.99	118.62	11.75	7.82	91.86	77.40	1	31.70
431.549	29.79	4.00	119.11	11.76	7.96	93.63	78.60	1	31.80
431.694	29.64	4.02	119.30	11.66	8.01	93.36	78.30	1	31.70
431.755	29.87	3.99	119.07	11.70	7.98	93.45	78.50	1	31.50
431.859	29.96	3.98	119.25	11.72	7.85	91.99	77.10	1	31.40
432.004	30.26	3.95	119.60	11.77	7.92	93.19	77.90	1	31.40
432.065	30.21	3.95	119.21	11.70	7.99	93.40	78.30	1	31.20
432.169	30.45	3.93	119.52	11.73	8.01	93.89	78.60	1	31.10
432.314	30.59	3.94	120.47	11.73	7.92	92.90	77.10	1	31.40
432.375	30.49	3.91	119.26	11.79	7.84	92.46	77.50	1	31.20
432.479	30.51	3.93	119.80	11.72	8.05	94.31	78.70	1	31.10
432.624	30.86	3.89	119.93	11.85	7.81	92.58	77.20	1	31.10
432.685	30.69	3.88	119.04	11.83	7.78	92.05	77.30	1	31.10
432.789	30.55	3.92	119.66	11.76	7.96	93.63	78.20	1	31.40
432.934	30.29	3.95	119.61	11.75	7.93	93.20	77.90	1	31.40
432.995	30.36	3.93	119.22	11.79	7.87	92.74	77.80	1	31.20
433.099	30.46	3.93	119.57	11.74	7.93	93.06	77.80	1	31.40
433.244	30.07	3.96	119.13	11.77	7.82	92.05	77.30	1	31.70
433.305	30.04	3.98	119.42	11.72	7.88	92.38	77.40	1	31.50
433.409	29.86	3.98	118.80	11.76	7.74	90.96	76.60	1	31.70
433.554	29.85	3.99	119.06	11.66	7.99	93.21	78.30	1	31.70
433.615	29.79	3.99	118.99	11.70	7.91	92.50	77.70	1	31.70
433.719	29.71	3.99	118.63	11.72	7.95	93.25	78.60	1	31.70
433.864	29.55	4.00	118.18	11.70	7.91	92.61	78.40	1	31.70
433.925	29.77	3.99	118.87	11.71	7.98	93.38	78.60	1	31.50
434.029	29.96	3.97	119.01	11.72	7.82	91.61	77.00	1	31.40
434.174	29.20	3.73	108.85	11.49	7.25	83.27	76.50	1	31.40
434.235	28.11	3.51	98.73	11.05	7.08	78.25	79.30	1	31.50
434.339	25.44	3.10	78.79	10.15	6.10	61.92	78.60	1	36.40
434.484	12.49	3.94	49.20	7.85	4.19	32.89	66.90	1	55.00
434.544	11.01	4.10	45.10	7.24	4.21	30.50	67.60	1	40.00
434.648	15.68	4.20	65.79	7.71	5.98	46.14	70.10	1	27.50
434.793	31.88	2.37	75.58	7.75	5.48	42.50	56.20	1	10.00
434.853	35.70	1.30	46.28	6.18	3.57	22.08	47.70	1	12.50
434.957	35.00	2.29	80.22	7.82	6.62	51.79	64.60	1	25.00
435.102	33.08	2.40	79.28	8.64	6.65	57.43	72.40	1	29.00
435.162	29.03	2.58	74.99	8.68	6.27	54.39	72.50	1	33.00
435.266	24.02	2.56	61.48	8.20	5.95	48.83	79.40	1	25.00
435.411	22.45	2.81	63.02	8.36	5.03	42.06	66.70	1	45.00
435.471	15.70	3.50	54.99	7.48	4.43	33.16	60.30	1	55.00
435.575	10.74	4.03	43.22	6.63	3.89	25.82	59.70	1	40.00
435.720	17.76	3.23	57.33	7.05	5.53	39.02	68.10	1	25.00
435.780	23.48	2.76	64.76	7.35	6.06	44.50	68.70	1	17.50
435.884	33.92	1.14	38.71	5.60	3.59	20.11	52.00	1	12.50
436.029	30.41	1.93	58.76	6.74	6.15	41.45	70.50	1	21.00
436.089	31.81	1.96	62.25	7.24	6.38	46.15	74.10	1	26.00
436.193	24.56	2.25	55.24	7.26	5.75	41.75	75.60	1	33.00
436.338	23.92	2.40	57.46	7.42	5.93	43.97	76.50	1	25.00
436.398	25.96	2.35	60.97	7.70	6.12	47.12	77.30	1	25.00
436.502	27.82	2.29	63.73	8.03	6.32	50.73	79.60	1	25.30
436.647	28.18	2.28	64.28	8.28	5.92	48.97	76.20	1	25.60
436.707	27.98	2.28	63.67	8.24	6.45	53.20	83.50	1	25.50
436.811	28.24	2.27	64.17	8.26	6.76	55.88	87.10	1	25.50
436.956	28.73	2.25	64.76	8.44	6.14	51.82	80.00	1	25.30
437.016	28.87	2.26	65.15	8.46	6.14	51.94	79.70	1	25.20
437.120	29.92	2.22	66.48	8.67	6.12	53.04	79.80	1	25.00
437.264	30.09	2.21	66.61	8.62	6.17	53.19	79.80	1	24.90
437.324	30.10	2.22	66.77	8.61	6.17	53.13	79.60	1	24.90
437.428	30.69	2.19	67.15	8.74	5.93	51.80	77.10	1	24.90
437.573	30.20	2.21	66.67	8.57	6.23	53.42	80.10	1	25.00
437.633	30.34	2.20	66.73	8.70	5.88	51.13	76.60	1	25.00
437.737	30.55	2.18	66.55	8.76	6.02	52.73	79.20	1	24.90
437.882	30.35	2.19	66.54	8.58	6.26	53.70	80.70	1	24.90
437.942	30.01	2.20	66.04	8.67	5.89	51.03	77.30	1	25.00
438.045	30.20	2.21	66.69	8.71	6.11	53.21	79.80	1	25.20
438.190	29.56	2.22	65.71	8.58	6.12	52.53	79.90	1	25.00
438.250	29.97	2.21	66.24	8.56	6.23	53.33	80.50	1	24.90
438.354	30.30	2.20	66.52	8.73	5.64	49.27	74.10	1	24.70
438.499	31.09	2.15	66.82	8.72	6.31	54.97	82.30	1	24.40
438.559	30.91	2.16	66.62	8.66	6.18	53.46	80.20	1	24.40
438.663	31.16	2.16	67.24	8.76	5.90	51.65	76.80	1	24.30
438.808	31.81	2.12	67.48	8.71	6.44	56.13	83.20	1	24.00
438.868	31.95	2.13	67.95	8.71	6.19	53.95	79.40	1	24.00
438.972	32.21	2.10	67.63	8.74	6.18	54.00	79.80	1	24.00
439.117	32.04	2.11	67.66	8.65	6.34	54.82	81.00	1	24.00
439.177	32.04	2.10	67.26	8.78	5.95	52.25	77.70	1	24.00
439.281	32.05	2.10	67.42	8.68	6.38	55.42	82.20	1	24.10
439.426	32.06	2.10	67.40	8.72	6.06	52.87	78.40	1	24.00
439.486	32.21	2.09	67.17	8.78	6.01	52.76	78.50	1	24.00
439.590	32.04	2.12	67.93	8.64	6.25	53.96	79.40	1	23.70
439.735	32.39	2.08	67.25	8.81	5.99	52.73	78.40	1	23.70
439.795	32.13	2.09	67.03	8.69	6.26	54.38	81.10	1	23.80
439.899	32.07	2.10	67.44	8.75	5.92	51.76	76.80	1	24.00
440.044	32.14	2.10	67.43	8.71	6.29	54.82	81.30	1	23.80
440.104	32.07	2.10	67.36	8.63	6.35	54.79	81.30	1	23.70
440.208	32.61	2.05	66.70	8.79	6.02	52.96	79.40	1	23.70
440.353	32.32	2.11	68.12	8.70	6.15	53.53	78.60	1	24.00
440.413	32.36	2.10	67.96	8.75	6.25	54.64	80.40	1	24.00
440.517	31.97	2.12	67.77	8.72	6.13	53.47	78.90	1	24.00
440.662	32.25	2.12	68.33	8.78	6.17	54.18	79.30	1	24.10
440.722	31.86	2.14	68.17	8.69	6.37	55.36	81.20	1	24.30
440.826	31.72	2.15	68.35	8.77	5.99	52.55	76.90	1	24.30
440.971	31.71	2.14	67.91	8.74	6.17	53.89	79.40	1	24.10
441.031	31.84	2.13	67.84	8.83	5.99	52.88	77.90	1	24.10
441.135	31.88	2.12	67.68	8.78	6.29	55.19	81.50	1	24.30
441.280	31.64	2.13	67.52	8.74	6.13	53.58	79.40	1	24.30
441.340	31.43	2.08	65.52	8.71	5.99	52.17	79.60	1	24.40
441.444	30.23	2.07	62.49	8.44	6.15	51.92	83.10	1	24.30
441.589	29.42	2.04	60.06	8.14	6.24	50.74	84.50	1	24.30
441.649	29.56	2.02	59.72	8.22	5.98	49.20	82.40	1	24.40
441.753	29.58	2.02	59.72	8.19	5.84	47.82	80.10	1	24.30
441.898	29.95	2.05	61.43	8.28	5.79	47.91	78.00	1	24.10
441.958	30.20	2.09	63.10	8.26	5.99	49.52	78.50	1	24.00
442.062	30.79	2.09	64.31	8.31	6.41	53.22	82.80	1	23.80
442.207	31.46	2.05	64.39	8.55	5.76	49.28	76.50	1	23.70
442.267	31.29	2.04	63.84	8.59	5.70	48.95	76.70	1	23.80
442.371	31.28	2.03	63.50	8.54	5.95	50.83	80.00	1	23.70
442.516	31.85	1.98	63.00	8.57	5.82	49.86	79.10	1	23.70
442.576	31.69	1.97	62.58	8.57	5.41	46.32	74.00	1	23.70
442.680	31.06	2.01	62.37	8.33	5.88	48.96	78.50	1	23.70
442.825	30.63	2.01	61.47	8.18	6.30	51.56	83.90	1	23.70
442.885	30.91	2.00	61.78	8.32	6.05	50.33	81.50	1	23.50
442.989	31.68	1.97	62.26	8.44	5.67	47.84	76.80	1	23.40
443.134	31.81	1.97	62.55	8.34	5.78	48.24	77.10	1	23.10
443.194	31.70	1.99	63.05	8.30	5.94	49.35	78.30	1	22.90
443.298	32.79	1.93	63.13	8.31	6.38	53.01	84.00	1	22.80
443.443	32.85	1.92	63.22	8.58	5.77	49.50	78.30	1	23.10
443.503	32.74	1.94	63.53	8.55	6.09	52.05	81.90	1	23.20
443.607	32.67	1.91	62.46	8.40	6.36	53.42	85.50	1	23.10
443.752	32.03	1.92	61.39	8.33	5.84	48.63	79.20	1	23.10
443.812	31.63	1.92	60.60	8.23	5.84	48.10	79.40	1	23.10
443.916	31.89	1.90	60.73	8.29	5.94	49.26	81.10	1	23.20
444.061	31.49	2.01	63.17	8.29	6.18	51.26	81.20	1	23.50
444.121	31.56	1.99	62.89	8.35	6.19	51.65	82.10	1	23.50
444.225	31.60	1.98	62.47	8.35	6.30	52.65	84.30	1	23.40
444.370	31.55	1.99	62.65	8.35	5.95	49.72	79.40	1	23.20
444.430	31.88	1.98	63.07	8.38	5.96	49.93	79.20	1	23.20
444.534	31.89	2.01	64.07	8.44	5.86	49.48	77.20	1	23.10
444.679	32.61	1.96	63.86	8.24	6.70	55.21	86.50	1	22.90
444.739	32.83	1.94	63.73	8.40	6.27	52.62	82.60	1	23.10
444.843	33.04	1.94	64.20	8.55	5.77	49.36	76.90	1	22.80
444.988	33.34	1.96	65.33	8.75	5.65	49.45	75.70	1	22.50
445.048	33.50	1.94	65.09	8.77	5.65	49.54	76.10	1	22.50
445.152	33.78	1.93	65.19	8.75	5.54	48.42	74.30	1	22.60
445.297	33.94	1.91	64.99	8.59	6.13	52.72	81.10	1	22.60
445.357	33.85	1.93	65.28	8.44	6.65	56.06	85.90	1	22.60
445.461	33.36	1.99	66.28	8.45	6.42	54.26	81.90	1	22.30
445.606	33.85	1.92	64.89	8.54	5.61	47.92	73.80	1	22.50
445.666	33.83	1.91	64.74	8.56	5.50	47.09	72.70	1	22.50
445.770	34.07	1.89	64.38	8.59	5.47	47.02	73.00	1	22.50
445.915	33.97	1.91	65.02	8.64	5.55	47.96	73.80	1	22.60
445.975	33.82	1.93	65.27	8.63	5.72	49.39	75.70	1	22.80
446.079	33.65	1.98	66.56	8.49	6.29	53.43	80.30	1	22.90
446.224	33.23	1.99	66.19	8.72	5.70	49.68	75.10	1	23.10
446.284	33.53	1.94	64.94	8.73	5.82	50.82	78.30	1	22.90
446.388	33.09	1.99	65.80	8.67	6.14	53.22	80.90	1	23.20
446.533	32.64	2.06	67.20	8.60	6.34	54.48	81.10	1	23.50
446.593	32.52	2.06	67.11	8.64	6.12	52.88	78.80	1	23.70
446.697	32.42	2.08	67.57	8.78	5.88	51.63	76.40	1	23.80
446.842	32.16	2.12	68.33	8.64	6.45	55.80	81.70	1	24.00
446.902	31.88	2.14	68.19	8.70	6.12	53.27	78.10	1	24.10
447.006	32.05	2.12	68.03	8.81	5.89	51.89	76.30	1	24.10
447.151	31.48	2.14	67.25	8.65	6.41	55.42	82.40	1	24.10
447.211	31.56	2.13	67.29	8.66	6.16	53.30	79.20	1	24.30
447.315	31.56	2.16	68.04	8.72	5.91	51.56	75.80	1	24.40
447.460	31.18	2.18	67.86	8.61	6.52	56.17	82.80	1	24.40
447.520	31.32	2.18	68.20	8.63	6.27	54.13	79.40	1	24.30
447.624	31.47	2.15	67.78	8.73	6.02	52.59	77.60	1	24.40
447.769	31.44	2.17	68.12	8.68	6.14	53.29	78.20	1	24.10
447.829	31.51	2.16	68.08	8.75	6.15	53.78	79.00	1	24.10
447.933	32.04	2.12	67.86	8.84	6.04	53.39	78.70	1	24.30
448.078	31.54	2.12	67.01	8.66	6.17	53.45	79.80	1	24.10
448.138	31.31	2.13	66.68	8.72	5.99	52.23	78.30	1	24.30
448.242	31.64	2.11	66.79	8.73	6.16	53.78	80.50	1	24.10
448.387	31.72	2.13	67.42	8.61	6.12	52.68	78.10	1	24.00
448.447	31.61	2.14	67.51	8.59	6.29	54.00	80.00	1	23.80
448.551	32.15	2.12	68.09	8.72	6.18	53.86	79.10	1	23.70
448.696	32.55	2.17	70.55	8.73	6.40	55.86	79.20	1	24.00
448.756	32.88	2.21	72.77	8.90	6.43	57.29	78.70	1	24.10
448.860	33.27	2.26	75.32	9.08	6.52	59.21	78.60	1	24.30
449.005	33.20	2.31	76.78	9.19	6.70	61.54	80.20	1	24.60
449.065	33.07	2.32	76.70	9.25	6.78	62.71	81.80	1	24.70
449.169	32.88	2.35	77.28	9.35	6.53	61.08	79.00	1	24.90
449.314	32.86	2.37	78.01	9.40	6.52	61.31	78.60	1	25.00
449.374	32.80	2.38	78.03	9.39	6.66	62.55	80.20	1	25.00
449.478	32.80	2.38	78.17	9.44	6.63	62.57	80.00	1	25.20
449.623	32.62	2.41	78.61	9.40	6.67	62.74	79.80	1	25.30
449.683	32.47	2.43	78.79	9.46	6.50	61.48	78.00	1	25.50
449.787	32.05	2.45	78.67	9.39	6.58	61.82	78.60	1	25.50
449.932	32.12	2.45	78.79	9.36	6.65	62.30	79.10	1	25.50
449.992	31.93	2.46	78.51	9.34	6.76	63.12	80.40	1	25.60
450.096	31.76	2.46	78.09	9.32	6.68	62.30	79.80	1	25.60
450.241	31.87	2.44	77.90	9.34	6.65	62.15	79.80	1	25.50
450.301	31.59	2.45	77.36	9.32	6.67	62.14	80.30	1	25.50
450.405	31.52	2.44	76.98	9.32	6.65	61.92	80.40	1	25.60
450.550	31.60	2.45	77.46	9.32	6.51	60.67	78.30	1	25.50
450.610	31.88	2.44	77.77	9.37	6.47	60.62	78.00	1	25.30
450.714	31.55	2.40	75.59	9.23	6.48	59.76	79.10	1	25.30
450.859	30.56	2.25	68.65	8.90	6.11	54.38	79.20	1	25.30
450.919	30.65	2.28	69.90	8.92	6.31	56.30	80.50	1	25.50
451.023	30.52	2.35	71.71	8.94	6.32	56.54	78.80	1	25.60
451.168	30.43	2.38	72.47	9.01	6.33	57.08	78.80	1	25.60
451.228	30.39	2.41	73.34	8.98	6.46	58.07	79.20	1	25.80
451.332	30.21	2.42	72.98	9.01	6.42	57.79	79.20	1	25.90
451.477	30.64	2.42	74.18	9.13	6.38	58.24	78.50	1	25.50
451.537	30.59	2.40	73.43	9.03	6.49	58.64	79.90	1	25.50
451.641	30.55	2.39	73.14	9.05	6.36	57.53	78.70	1	25.50
451.786	31.07	2.38	73.94	9.12	6.35	57.89	78.30	1	25.20
451.846	31.28	2.36	73.78	9.13	6.29	57.48	77.90	1	25.30
451.950	31.27	2.35	73.36	9.13	6.31	57.62	78.60	1	25.20
452.095	31.75	2.33	74.02	9.17	6.51	59.70	80.60	1	24.90
452.155	31.99	2.29	73.40	9.11	6.41	58.41	79.60	1	24.70
452.259	31.21	2.23	69.59	8.93	6.13	54.77	78.70	1	24.70
452.404	30.72	2.19	67.28	8.72	6.22	54.23	80.60	1	24.70
452.464	30.63	2.17	66.36	8.66	6.00	51.97	78.30	1	24.90
452.568	30.16	2.24	67.52	8.65	6.17	53.38	79.10	1	25.00
452.713	30.47	2.33	71.08	8.85	6.24	55.22	77.70	1	25.30
452.773	30.40	2.36	71.89	8.84	6.44	56.95	79.20	1	25.50
452.877	30.65	2.42	74.17	9.01	6.40	57.66	77.70	1	25.80
453.022	30.30	2.48	75.08	9.08	6.54	59.40	79.10	1	26.10
453.082	29.84	2.45	73.21	9.02	6.45	58.14	79.40	1	26.10
453.186	28.66	2.30	65.78	8.72	6.05	52.75	80.20	1	26.10
453.331	28.27	2.23	63.04	8.62	5.13	44.25	70.20	1	25.90
453.391	27.76	2.24	62.29	8.48	5.37	45.56	73.10	1	26.10
453.495	24.01	2.33	55.99	7.99	5.30	42.38	75.70	1	38.60
453.640	10.68	3.87	41.31	6.47	4.06	26.28	63.60	1	50.00
453.700	10.55	4.02	42.43	6.45	4.39	28.27	66.60	1	40.00
453.804	14.18	3.48	49.30	6.71	5.03	33.74	68.40	1	25.00
453.949	30.11	1.58	47.43	6.02	4.28	25.78	54.40	1	10.00
454.009	34.23	1.06	36.45	5.37	3.88	20.83	57.10	1	17.50
454.113	28.83	1.81	52.29	6.28	5.52	34.64	66.20	1	22.50
454.258	26.83	2.18	58.36	7.13	6.00	42.78	73.30	1	29.00
454.318	22.92	2.39	54.89	7.11	5.65	40.14	73.10	1	33.00
454.422	23.43	2.41	56.43	7.26	5.82	42.23	74.80	1	21.00
454.567	32.82	1.93	63.44	7.96	6.10	48.54	76.50	1	21.10
454.627	33.97	1.89	64.11	8.06	6.29	50.66	79.00	1	21.30
454.731	34.96	1.83	64.03	8.29	6.12	50.74	79.20	1	21.10
454.876	35.31	1.79	63.34	8.34	5.96	49.69	78.50	1	21.40
454.936	35.16	1.76	61.72	8.26	6.16	50.87	82.40	1	21.30
455.040	34.45	1.75	60.18	8.13	5.92	48.14	80.00	1	21.30
455.185	34.71	1.76	60.97	8.20	5.79	47.51	77.90	1	21.60
455.245	34.63	1.77	61.22	8.22	5.98	49.13	80.30	1	21.60
455.348	34.61	1.82	62.84	8.33	5.90	49.16	78.20	1	21.90
455.493	34.42	1.86	64.16	8.42	6.22	52.39	81.70	1	22.20
455.553	34.77	1.82	63.43	8.52	5.90	50.26	79.20	1	22.00
455.657	33.94	1.84	62.30	8.42	5.72	48.17	77.30	1	22.20
455.802	33.92	1.82	61.73	8.37	5.78	48.38	78.40	1	22.20
455.862	33.63	1.84	61.95	8.29	5.83	48.33	78.00	1	22.20
455.965	33.26	1.87	62.20	8.25	6.17	50.89	81.80	1	22.50
456.110	33.12	1.89	62.75	8.23	6.06	49.87	79.50	1	22.20
456.170	33.47	1.87	62.58	8.29	6.00	49.74	79.50	1	22.20
456.274	33.65	1.84	62.06	8.35	5.98	49.92	80.40	1	22.30
456.419	33.24	1.89	62.72	8.32	6.17	51.33	81.80	1	22.60
456.479	33.04	1.90	62.77	8.37	5.99	50.14	79.90	1	22.60
456.583	32.88	1.92	62.98	8.31	6.07	50.40	80.00	1	22.80
456.728	32.86	1.92	62.94	8.39	6.04	50.68	80.50	1	22.90
456.788	32.46	1.95	63.30	8.37	6.06	50.74	80.20	1	22.90
456.892	32.68	1.95	63.81	8.42	6.22	52.36	82.10	1	23.10
457.037	32.55	1.96	63.93	8.45	5.85	49.44	77.30	1	23.20
457.097	32.29	1.99	64.17	8.37	6.25	52.27	81.50	1	23.40
457.201	32.19	1.99	63.92	8.42	6.27	52.78	82.60	1	23.40
457.345	32.19	1.97	63.57	8.47	5.95	50.36	79.20	1	23.20
457.405	31.78	2.01	64.02	8.40	5.92	49.77	77.70	1	23.40
457.509	31.86	2.02	64.43	8.47	5.99	50.74	78.80	1	23.70
457.654	31.44	2.05	64.50	8.49	5.98	50.77	78.70	1	23.80
457.714	31.26	2.06	64.25	8.43	5.79	48.83	76.00	1	23.70
457.818	31.35	2.05	64.15	8.42	6.02	50.69	79.00	1	23.80
457.963	31.27	2.06	64.36	8.55	5.80	49.65	77.10	1	23.80
458.023	31.03	2.06	63.95	8.47	5.82	49.28	77.10	1	24.00
458.127	30.92	2.06	63.71	8.42	5.89	49.59	77.80	1	24.00
458.272	30.64	2.06	63.19	8.37	5.85	48.94	77.40	1	24.00
458.332	30.46	2.07	63.02	8.26	6.22	51.37	81.50	1	24.10
458.436	30.70	2.07	63.50	8.38	6.04	50.68	79.80	1	24.30
458.581	30.38	2.08	63.30	8.25	6.22	51.37	81.10	1	24.00
458.641	30.47	2.08	63.35	8.33	6.13	51.06	80.60	1	24.00
458.745	30.61	2.06	63.03	8.36	5.92	49.50	78.50	1	24.00
458.890	30.06	2.02	60.84	8.24	6.04	49.78	81.80	1	24.10
458.950	30.02	2.04	61.14	8.23	5.94	48.93	80.00	1	24.10
459.054	29.68	2.02	60.09	8.17	5.87	47.97	79.80	1	24.10
459.199	30.37	2.07	62.77	8.24	6.09	50.23	80.00	1	23.80
459.259	31.02	2.12	65.63	8.35	6.25	52.21	79.60	1	23.70
459.363	31.87	2.17	69.00	8.57	5.91	50.64	73.40	1	23.50
459.508	33.03	2.14	70.73	8.73	6.27	54.75	77.40	1	23.20
459.568	33.70	2.09	70.43	8.83	6.13	54.13	76.90	1	23.10
459.672	33.51	2.10	70.44	8.81	6.47	56.95	80.90	1	23.20
459.817	33.65	2.01	67.68	8.78	6.23	54.70	80.80	1	23.20
459.877	33.37	2.03	67.70	8.77	6.14	53.86	79.60	1	23.10
459.981	32.92	2.03	66.85	8.52	6.56	55.85	83.50	1	23.20
460.126	32.84	2.00	65.72	8.55	5.73	49.01	74.60	1	23.20
460.186	32.62	1.99	65.07	8.50	5.64	47.94	73.70	1	23.10
460.290	32.22	1.98	63.84	8.47	5.36	45.36	71.00	1	23.10
460.435	32.44	1.99	64.52	8.36	6.27	52.44	81.30	1	22.80
460.495	32.79	1.97	64.70	8.46	5.91	49.99	77.30	1	22.80
460.599	33.16	1.94	64.25	8.42	6.34	53.42	83.10	1	22.60
460.744	32.84	1.96	64.52	8.46	5.99	50.64	78.50	1	22.90
460.804	32.92	1.98	65.33	8.44	6.16	51.97	79.60	1	23.10
460.908	33.28	2.05	68.28	8.60	5.93	50.98	74.70	1	23.20
461.053	33.37	2.12	70.65	8.84	6.06	53.57	75.80	1	23.50
461.113	33.30	2.12	70.53	8.86	6.34	56.18	79.70	1	23.70
461.217	32.80	2.12	69.44	8.77	6.31	55.38	79.70	1	23.70
461.362	33.28	2.14	71.32	8.91	6.36	56.64	79.40	1	23.80
461.422	33.56	2.21	74.18	9.00	6.64	59.82	80.60	1	24.00
461.526	33.85	2.28	77.34	9.20	6.59	60.68	78.50	1	24.10
461.671	35.23	2.45	86.26	9.68	7.12	68.91	79.90	1	24.40
461.731	35.29	2.55	90.02	9.80	7.27	71.24	79.10	1	24.60
461.835	35.62	2.56	91.27	10.03	7.21	72.29	79.20	1	24.90
461.980	35.63	2.60	92.64	10.29	7.09	72.92	78.70	1	25.00
462.040	35.55	2.60	92.54	10.30	7.14	73.52	79.40	1	25.20
462.144	35.36	2.67	94.45	10.39	7.11	73.89	78.20	1	25.30
462.289	35.28	2.73	96.36	10.44	7.25	75.64	78.50	1	25.50
462.349	35.36	2.72	96.15	10.41	7.32	76.22	79.30	1	25.60
462.453	35.35	2.70	95.48	10.49	7.26	76.18	79.80	1	25.80
462.598	35.47	2.71	96.19	10.44	7.31	76.34	79.40	1	25.60
462.658	35.09	2.78	97.67	10.50	7.24	75.99	77.80	1	25.60
462.762	35.14	2.75	96.48	10.53	7.19	75.69	78.50	1	25.60
462.907	35.24	2.74	96.54	10.41	7.42	77.27	80.00	1	25.60
462.967	35.18	2.78	97.92	10.39	7.58	78.73	80.40	1	25.80
463.071	35.48	2.71	96.24	10.61	7.01	74.33	77.20	1	25.60
463.216	35.19	2.75	96.63	10.48	7.24	75.90	78.50	1	25.30
463.276	35.47	2.66	94.34	10.49	7.19	75.45	80.00	1	25.50
463.380	35.40	2.72	96.37	10.41	7.28	75.80	78.70	1	25.20
463.525	35.42	2.65	93.75	10.43	7.17	74.81	79.80	1	25.20
463.585	35.42	2.63	93.23	10.42	7.14	74.37	79.80	1	25.30
463.689	35.20	2.72	95.72	10.37	7.38	76.53	79.90	1	25.50
463.834	35.33	2.69	95.10	10.45	7.20	75.29	79.20	1	25.20
463.894	35.44	2.68	95.08	10.44	7.11	74.19	78.00	1	25.20
463.998	35.50	2.62	93.01	10.47	7.13	74.63	80.20	1	25.20
464.143	35.58	2.64	93.78	10.41	7.06	73.51	78.40	1	25.20
464.203	35.50	2.67	94.94	10.36	7.25	75.12	79.10	1	25.20
464.307	35.49	2.69	95.37	10.43	7.28	75.91	79.60	1	25.50
464.452	35.23	2.77	97.71	10.43	7.44	77.58	79.40	1	25.80
464.512	35.06	2.82	99.03	10.51	7.40	77.75	78.50	1	25.90
464.616	35.25	2.76	97.20	10.64	7.03	74.84	77.00	1	25.80
464.761	35.12	2.80	98.30	10.55	7.45	78.62	80.00	1	26.10
464.821	35.12	2.83	99.46	10.69	7.16	76.49	76.90	1	25.90
464.925	35.10	2.82	99.16	10.55	7.58	79.92	80.60	1	25.90
465.070	35.11	2.83	99.42	10.68	7.04	75.13	75.60	1	25.60
465.130	35.21	2.78	97.90	10.48	7.47	78.29	80.00	1	25.50
465.234	35.46	2.68	94.96	10.52	7.22	75.95	80.00	1	25.60
465.379	35.32	2.73	96.60	10.44	7.38	77.06	79.80	1	25.50
465.439	35.27	2.76	97.27	10.44	7.31	76.35	78.50	1	25.50
465.543	35.48	2.67	94.77	10.47	7.32	76.58	80.80	1	25.50
465.688	35.20	2.75	96.94	10.40	7.49	77.87	80.30	1	25.80
465.748	35.14	2.80	98.53	10.55	7.17	75.62	76.80	1	25.90
465.852	35.15	2.82	99.13	10.51	7.45	78.34	79.00	1	26.10
465.997	35.00	2.88	100.87	10.57	7.95	84.01	83.30	1	26.40
466.058	35.06	2.83	99.21	10.57	7.98	84.43	85.10	1	26.20
466.162	34.93	2.86	99.96	10.55	8.17	86.27	86.30	1	26.40
466.307	34.70	2.99	103.75	10.88	7.49	81.48	78.50	1	26.90
466.368	34.62	2.97	102.84	10.80	7.75	83.69	81.40	1	26.90
466.472	34.44	3.01	103.66	10.88	7.35	79.99	77.20	1	26.60
466.617	34.68	3.00	104.08	10.98	7.30	80.17	77.00	1	26.90
466.678	34.63	2.99	103.70	10.85	7.72	83.76	80.80	1	26.70
466.782	34.82	2.93	102.11	10.93	7.34	80.23	78.60	1	26.60
466.927	34.66	2.96	102.58	10.91	7.55	82.42	80.30	1	26.90
466.988	34.41	3.04	104.60	10.86	7.69	83.57	79.90	1	26.70
467.092	34.69	2.97	103.15	10.78	7.66	82.59	80.10	1	26.70
467.237	34.48	3.06	105.56	10.84	7.63	82.64	78.30	1	26.90
467.298	34.57	3.00	103.55	10.92	7.49	81.84	79.00	1	26.70
467.402	34.50	2.99	103.11	10.87	7.66	83.28	80.80	1	26.90
467.547	34.29	3.05	104.70	10.92	7.53	82.29	78.60	1	26.90
467.608	34.20	3.08	105.41	10.86	7.62	82.67	78.40	1	26.90
467.712	34.36	3.02	103.92	10.95	7.45	81.60	78.50	1	27.00
467.857	34.17	3.10	105.78	10.93	7.70	84.17	79.60	1	27.30
467.918	34.08	3.11	106.13	10.92	7.83	85.47	80.50	1	27.50
468.022	34.04	3.16	107.70	11.04	7.62	84.11	78.10	1	27.60
468.167	33.84	3.23	109.35	11.13	7.67	85.41	78.10	1	27.90
468.228	33.80	3.23	109.10	11.16	7.71	85.98	78.80	1	27.80
468.332	33.83	3.22	108.94	11.14	7.65	85.23	78.20	1	27.60
468.477	33.95	3.22	109.32	11.17	7.69	85.92	78.60	1	27.90
468.538	33.90	3.24	109.73	11.21	7.73	86.60	78.90	1	27.90
468.642	33.78	3.29	111.13	11.25	7.71	86.72	78.00	1	28.20
468.787	33.40	3.38	112.94	11.34	7.80	88.44	78.30	1	28.50
468.848	33.42	3.37	112.69	11.35	7.82	88.78	78.80	1	28.70
468.952	33.15	3.42	113.36	11.36	7.84	89.05	78.60	1	28.80
469.097	32.86	3.51	115.22	11.48	7.79	89.42	77.60	1	29.10
469.158	32.55	3.54	115.16	11.49	7.93	91.16	79.20	1	29.30
469.262	32.56	3.56	116.04	11.50	7.94	91.37	78.70	1	29.40
469.407	32.22	3.64	117.29	11.53	8.10	93.38	79.60	1	29.70
469.468	32.02	3.66	117.17	11.59	7.91	91.72	78.30	1	29.90
469.572	31.79	3.72	118.25	11.58	8.01	92.75	78.40	1	30.00
469.717	31.56	3.76	118.82	11.59	8.02	92.93	78.20	1	30.20
469.778	31.52	3.78	119.04	11.65	7.99	93.02	78.10	1	30.30
469.882	31.50	3.77	118.75	11.70	7.90	92.48	77.90	1	30.30
470.027	31.52	3.78	119.16	11.64	8.01	93.21	78.20	1	30.20
470.088	31.49	3.77	118.61	11.60	8.08	93.76	79.00	1	30.30
470.192	31.44	3.79	119.31	11.68	7.97	93.16	78.10	1	30.50
470.337	31.25	3.83	119.63	11.66	8.09	94.30	78.80	1	30.60
470.398	31.01	3.85	119.36	11.68	8.00	93.48	78.30	1	30.80
470.502	30.97	3.87	119.75	11.71	7.98	93.39	78.00	1	30.60
470.647	31.21	3.83	119.67	11.68	8.00	93.46	78.10	1	30.50
470.708	31.04	3.83	118.94	11.61	8.14	94.47	79.40	1	30.50
470.812	31.06	3.85	119.62	11.69	7.91	92.45	77.30	1	30.80
470.957	30.61	3.93	120.16	11.65	8.03	93.49	77.80	1	31.10
471.018	30.43	3.93	119.61	11.63	8.06	93.76	78.40	1	30.90
471.122	30.68	3.90	119.68	11.66	8.10	94.52	79.00	1	30.80
471.267	30.91	3.89	120.08	11.63	8.03	93.42	77.80	1	30.80
471.328	30.97	3.86	119.66	11.70	7.98	93.41	78.10	1	30.60
471.432	30.79	3.88	119.59	11.64	8.01	93.23	78.00	1	30.90
471.577	30.58	3.93	120.13	11.68	8.03	93.76	78.10	1	31.10
471.638	30.50	3.95	120.36	11.68	7.99	93.29	77.50	1	31.20
471.742	30.34	3.95	119.95	11.60	8.13	94.35	78.70	1	31.20
471.887	30.35	3.94	119.55	11.60	8.06	93.52	78.20	1	31.10
471.948	30.41	3.94	119.72	11.67	8.07	94.18	78.70	1	31.20
472.052	30.07	3.96	119.21	11.64	7.88	91.69	76.90	1	31.20
472.197	30.30	3.96	119.88	11.67	7.95	92.81	77.40	1	30.90
472.258	30.69	3.92	120.33	11.66	8.08	94.25	78.30	1	30.80
472.362	30.80	3.89	119.91	11.70	8.02	93.78	78.20	1	30.80
472.507	30.89	3.91	120.66	11.69	7.96	93.09	77.20	1	31.10
472.568	30.62	3.94	120.50	11.68	8.01	93.58	77.70	1	31.10
472.672	30.42	3.96	120.38	11.73	7.94	93.14	77.40	1	31.20
472.817	30.65	3.93	120.61	11.72	7.85	91.96	76.30	1	30.90
472.878	30.71	3.94	120.88	11.60	8.01	92.95	76.90	1	30.90
472.982	30.72	3.91	120.22	11.64	8.03	93.48	77.80	1	30.90
473.127	30.60	3.93	120.29	11.65	8.01	93.39	77.60	1	30.90
473.188	30.63	3.93	120.34	11.69	7.91	92.51	76.90	1	30.90
473.292	30.75	3.93	120.87	11.64	8.03	93.49	77.30	1	30.90
473.437	30.64	3.93	120.31	11.54	8.25	95.24	79.20	1	30.90
473.498	30.66	3.93	120.60	11.64	8.20	95.52	79.20	1	31.10
473.602	30.42	3.96	120.39	11.69	8.04	94.01	78.10	1	31.10
473.747	30.38	3.95	119.98	11.74	7.84	92.02	76.70	1	31.20
473.808	30.46	3.95	120.38	11.74	7.80	91.54	76.00	1	31.40
473.912	30.21	3.99	120.47	11.64	7.97	92.84	77.10	1	31.50
474.057	29.84	4.03	120.26	11.70	7.90	92.40	76.80	1	31.50
474.118	29.72	4.04	120.02	11.67	7.89	92.13	76.80	1	31.50
474.222	29.67	4.04	119.88	11.61	7.95	92.25	76.90	1	31.70
474.367	29.56	4.05	119.63	11.65	7.94	92.53	77.30	1	31.50
474.428	29.57	4.04	119.39	11.59	8.03	93.09	78.00	1	31.50
474.532	29.91	4.00	119.76	11.66	8.07	94.08	78.60	1	31.50
474.677	30.15	4.00	120.62	11.66	8.08	94.17	78.10	1	31.50
474.738	29.83	4.01	119.59	11.65	7.92	92.28	77.20	1	31.70
474.842	29.91	4.01	119.98	11.66	7.96	92.82	77.40	1	31.50
474.987	30.08	4.02	120.86	11.63	8.03	93.34	77.20	1	31.20
475.048	30.07	3.99	120.00	11.62	8.07	93.81	78.20	1	31.20
475.152	30.17	3.99	120.31	11.64	8.12	94.43	78.50	1	31.50
475.297	30.18	3.98	120.27	11.71	7.85	91.93	76.40	1	31.20
475.358	30.22	3.98	120.20	11.73	7.85	92.06	76.60	1	31.40
475.462	30.12	3.99	120.18	11.66	7.99	93.13	77.50	1	31.50
475.607	29.94	4.01	119.95	11.65	7.92	92.33	77.00	1	31.50
475.668	30.14	3.99	120.26	11.72	7.82	91.70	76.30	1	31.40
475.772	30.06	3.99	120.04	11.65	7.99	93.09	77.50	1	31.40
475.917	30.14	3.97	119.74	11.66	8.00	93.22	77.90	1	31.20
475.978	30.28	3.96	119.95	11.65	8.15	95.01	79.20	1	31.40
476.082	30.10	3.98	119.74	11.67	8.00	93.39	78.00	1	31.40
476.227	30.35	3.95	119.87	11.74	7.85	92.16	76.90	1	31.20
476.288	30.44	3.95	120.33	11.70	7.98	93.37	77.60	1	31.10
476.392	30.62	3.93	120.33	11.77	7.86	92.51	76.90	1	30.90
476.537	30.70	3.91	119.98	11.78	7.84	92.27	76.90	1	30.90
476.598	30.61	3.91	119.56	11.69	7.80	91.21	76.30	1	31.10
476.702	30.54	3.93	119.98	11.71	7.90	92.59	77.20	1	31.20
476.847	30.48	3.92	119.58	11.64	8.07	93.91	78.50	1	31.10
476.908	30.54	3.92	119.73	11.64	8.12	94.48	78.90	1	31.20
477.012	30.35	3.97	120.33	11.62	8.25	95.84	79.60	1	31.40
477.157	29.99	4.01	120.18	11.70	8.01	93.77	78.00	1	31.20
477.218	30.17	3.98	120.08	11.78	7.92	93.35	77.70	1	31.20
477.322	30.18	3.98	120.09	11.73	7.92	92.87	77.30	1	31.40
477.467	30.25	3.97	120.20	11.63	8.10	94.15	78.30	1	31.40
477.528	30.16	3.99	120.24	11.68	8.05	94.03	78.20	1	31.50
477.632	30.03	3.98	119.64	11.74	7.90	92.74	77.50	1	31.40
477.777	30.22	3.97	119.94	11.74	7.90	92.78	77.40	1	31.40
477.838	30.03	3.99	119.89	11.71	7.88	92.31	77.00	1	31.50
477.942	29.99	3.99	119.75	11.70	7.96	93.08	77.70	1	31.40
478.087	30.22	3.98	120.19	11.75	7.98	93.75	78.00	1	31.20
478.148	30.21	3.97	119.79	11.64	8.13	94.62	79.00	1	31.20
478.252	30.45	3.94	119.88	11.76	7.81	91.83	76.60	1	31.40
478.397	30.16	3.96	119.51	11.74	7.89	92.59	77.50	1	31.40
478.458	30.10	3.96	119.09	11.67	7.91	92.28	77.50	1	31.20
478.562	30.04	3.97	119.32	11.70	7.95	93.09	78.00	1	31.50
478.707	29.89	3.99	119.35	11.69	7.91	92.49	77.50	1	31.50
478.768	29.72	4.01	119.15	11.64	7.96	92.72	77.80	1	31.70
478.872	29.77	4.01	119.33	11.69	7.96	93.04	78.00	1	31.50
479.017	30.00	4.00	119.95	11.65	7.99	93.04	77.60	1	31.20
479.078	30.17	3.96	119.45	11.65	8.04	93.74	78.50	1	31.10
479.182	30.19	3.93	118.72	11.73	7.83	91.87	77.40	1	31.20
479.327	30.46	3.93	119.59	11.72	8.04	94.17	78.70	1	30.80
479.388	30.56	3.91	119.54	11.70	7.97	93.20	78.00	1	30.80
479.492	30.82	3.89	119.78	11.62	8.14	94.62	79.00	1	30.60
479.637	30.86	3.89	119.97	11.70	8.02	93.86	78.20	1	30.90
479.698	30.81	3.88	119.68	11.71	8.04	94.11	78.60	1	30.90
479.802	30.84	3.88	119.82	11.73	7.88	92.50	77.20	1	30.80
479.947	31.06	3.87	120.24	11.72	7.83	91.82	76.40	1	30.60
480.008	31.11	3.84	119.54	11.74	7.84	92.05	77.00	1	30.50
480.112	31.12	3.85	119.73	11.73	7.82	91.78	76.70	1	30.60
480.257	31.14	3.85	119.75	11.76	7.87	92.52	77.30	1	30.60
480.318	31.07	3.85	119.62	11.74	7.86	92.32	77.20	1	30.50
480.422	31.27	3.83	119.84	11.72	7.94	93.04	77.60	1	30.60
480.567	31.08	3.86	119.86	11.69	8.11	94.83	79.10	1	30.80
480.628	31.11	3.87	120.26	11.61	8.13	94.43	78.50	1	30.80
480.732	30.97	3.89	120.47	11.64	8.14	94.83	78.70	1	30.90
480.877	30.68	3.92	120.32	11.70	7.94	92.88	77.20	1	30.80
480.938	30.71	3.89	119.56	11.72	7.96	93.32	78.10	1	30.90
481.042	30.70	3.90	119.69	11.62	8.07	93.79	78.40	1	30.90
481.187	30.69	3.91	119.87	11.71	7.82	91.62	76.40	1	30.90
481.248	30.65	3.91	119.89	11.70	7.86	92.03	76.80	1	30.90
481.352	30.78	3.89	119.82	11.74	7.93	93.04	77.70	1	30.90
481.497	30.76	3.90	120.00	11.64	8.04	93.61	78.00	1	31.10
481.558	30.47	3.92	119.43	11.67	7.88	91.98	77.00	1	31.10
481.662	30.67	3.90	119.53	11.69	7.95	92.96	77.80	1	30.90
481.807	30.80	3.90	120.06	11.60	8.18	94.86	79.00	1	30.80
481.868	30.70	3.89	119.58	11.70	7.99	93.43	78.10	1	30.90
481.972	30.57	3.93	120.01	11.73	7.91	92.72	77.30	1	30.90
482.117	30.70	3.92	120.28	11.68	8.11	94.68	78.70	1	30.90
482.178	30.80	3.92	120.74	11.62	8.18	95.05	78.70	1	30.80
482.282	30.69	3.89	119.51	11.68	7.97	93.04	77.80	1	30.80
482.427	30.89	3.88	119.83	11.71	7.90	92.46	77.20	1	30.80
482.488	30.89	3.89	120.01	11.69	8.01	93.60	78.00	1	30.60
482.592	31.11	3.86	120.18	11.67	8.07	94.22	78.40	1	30.60
482.737	31.06	3.87	120.12	11.71	7.93	92.88	77.30	1	30.60
482.798	31.28	3.83	119.65	11.74	8.01	93.99	78.60	1	30.50
482.902	31.07	3.86	119.84	11.62	8.15	94.74	79.10	1	30.80
483.047	30.82	3.91	120.52	11.69	7.95	92.92	77.10	1	31.10
483.108	30.76	3.93	120.84	11.68	8.01	93.62	77.50	1	31.20
483.212	30.44	3.97	120.82	11.71	7.96	93.23	77.20	1	31.20
483.357	30.44	3.95	120.37	11.69	8.02	93.77	77.90	1	31.10
483.418	30.52	3.95	120.48	11.63	8.08	93.97	78.00	1	30.90
483.522	30.52	3.94	120.18	11.69	7.97	93.16	77.50	1	31.10
483.667	30.75	3.92	120.46	11.67	8.02	93.58	77.70	1	30.80
483.728	30.88	3.90	120.38	11.71	7.99	93.56	77.70	1	30.80
483.832	30.75	3.92	120.43	11.70	8.02	93.85	77.90	1	30.80
483.977	30.92	3.90	120.70	11.62	7.98	92.75	76.80	1	30.80
484.038	30.81	3.90	120.18	11.62	8.08	93.95	78.20	1	30.80
484.142	30.80	3.89	119.89	11.67	7.86	91.80	76.60	1	30.90
484.287	30.54	3.94	120.31	11.69	8.03	93.93	78.10	1	31.10
484.348	30.32	3.96	120.04	11.72	7.87	92.22	76.80	1	31.20
484.452	30.34	3.95	119.97	11.64	8.11	94.38	78.70	1	31.10
484.597	30.61	3.95	120.83	11.65	8.08	94.11	77.90	1	30.90
484.658	30.54	3.91	119.55	11.70	8.03	93.94	78.60	1	31.10
484.762	30.47	3.93	119.74	11.69	7.96	93.03	77.70	1	31.10
484.907	30.51	3.94	120.14	11.71	8.00	93.68	78.00	1	31.20
484.968	30.28	3.95	119.65	11.67	8.04	93.86	78.40	1	31.20
485.072	30.34	3.96	120.21	11.71	8.01	93.80	78.00	1	31.20
485.217	30.28	3.95	119.72	11.69	7.97	93.14	77.80	1	31.10
485.278	30.38	3.93	119.45	11.70	8.06	94.36	79.00	1	31.20
485.382	30.30	3.97	120.33	11.70	7.94	92.88	77.20	1	31.40
485.527	30.02	3.99	119.84	11.77	7.82	92.06	76.80	1	31.40
485.588	30.02	3.99	119.83	11.70	7.91	92.61	77.30	1	31.50
485.692	29.93	4.00	119.59	11.71	7.92	92.79	77.60	1	31.70
485.837	29.98	4.00	119.92	11.63	8.16	94.85	79.10	1	31.40
485.898	29.95	3.99	119.58	11.64	8.07	93.94	78.60	1	31.40
486.002	29.67	4.02	119.40	11.67	8.11	94.62	79.20	1	31.50
486.147	30.09	3.98	119.81	11.63	8.02	93.33	77.90	1	31.20
486.208	30.23	3.97	119.86	11.70	7.95	93.07	77.70	1	31.10
486.312	30.35	3.95	119.97	11.63	8.09	94.07	78.40	1	31.10
486.457	30.45	3.94	119.97	11.69	8.05	94.05	78.40	1	31.20
486.518	30.34	3.94	119.51	11.62	8.09	93.97	78.60	1	31.20
486.622	30.33	3.93	119.31	11.74	7.91	92.88	77.80	1	31.10
486.767	30.39	3.93	119.36	11.67	7.99	93.30	78.20	1	31.10
486.828	30.53	3.93	119.92	11.76	7.86	92.47	77.10	1	31.20
486.932	30.35	3.93	119.39	11.66	8.02	93.52	78.30	1	31.10
487.077	30.73	3.90	119.85	11.65	8.07	94.02	78.40	1	30.90
487.138	30.55	3.90	119.21	11.61	8.14	94.48	79.30	1	30.90
487.242	30.48	3.92	119.60	11.73	7.93	93.05	77.80	1	31.10
487.387	30.49	3.92	119.65	11.70	7.93	92.82	77.60	1	31.20
487.448	30.31	3.94	119.55	11.67	7.94	92.70	77.50	1	31.10
487.552	30.60	3.91	119.64	11.67	8.03	93.77	78.40	1	30.90
487.697	30.53	3.90	119.12	11.65	7.99	93.09	78.10	1	31.10
487.758	30.54	3.90	119.04	11.72	7.91	92.71	77.90	1	31.10
487.862	30.54	3.93	119.88	11.71	7.89	92.37	77.10	1	31.10
488.007	30.41	3.94	119.83	11.63	8.04	93.54	78.10	1	31.20
488.068	30.41	3.95	119.99	11.59	8.13	94.30	78.60	1	31.20
488.172	30.40	3.95	120.03	11.66	7.92	92.34	76.90	1	31.10
488.317	30.73	3.91	120.19	11.72	7.94	93.08	77.40	1	30.90
488.378	30.65	3.91	119.76	11.63	8.02	93.25	77.90	1	31.10
488.482	30.67	3.89	119.19	11.72	7.89	92.41	77.50	1	30.90
488.627	30.56	3.90	119.33	11.66	8.04	93.70	78.50	1	31.10
488.688	30.65	3.90	119.45	11.67	8.03	93.73	78.50	1	31.10
488.792	30.46	3.92	119.43	11.69	7.91	92.55	77.50	1	31.10
488.937	30.29	3.92	118.66	11.72	7.94	93.07	78.40	1	31.10
488.998	30.56	3.91	119.35	11.68	8.11	94.68	79.30	1	30.90
489.102	30.69	3.90	119.59	11.61	8.08	93.87	78.50	1	30.90
489.247	30.92	3.87	119.71	11.77	7.83	92.20	77.00	1	30.60
489.308	31.00	3.85	119.47	11.76	7.85	92.34	77.30	1	30.50
489.412	31.14	3.85	120.04	11.76	7.90	92.85	77.30	1	30.80
489.557	31.11	3.85	119.85	11.68	7.99	93.27	77.80	1	30.50
489.618	31.24	3.81	119.14	11.75	7.84	92.16	77.40	1	30.60
489.722	31.15	3.85	119.81	11.70	7.84	91.70	76.50	1	30.80
489.867	30.86	3.88	119.68	11.65	8.08	94.07	78.60	1	30.90
489.928	30.80	3.88	119.42	11.67	8.02	93.61	78.40	1	30.90
490.032	30.80	3.89	119.69	11.74	7.81	91.67	76.60	1	30.80
490.177	31.07	3.84	119.20	11.68	8.19	95.59	80.20	1	30.80
490.238	30.91	3.86	119.21	11.68	8.03	93.73	78.60	1	30.80
490.342	31.12	3.84	119.63	11.74	7.91	92.89	77.60	1	30.50
490.487	31.32	3.82	119.49	11.64	8.11	94.42	79.00	1	30.30
490.548	31.46	3.79	119.27	11.69	7.81	91.32	76.60	1	30.50
490.652	31.31	3.82	119.57	11.70	7.78	90.97	76.10	1	30.50
490.797	31.13	3.84	119.46	11.67	8.05	93.90	78.60	1	30.60
490.858	31.20	3.83	119.64	11.67	8.06	94.01	78.60	1	30.60
490.962	31.01	3.85	119.36	11.73	7.83	91.84	76.90	1	30.60
491.107	31.30	3.81	119.14	11.75	7.92	93.05	78.10	1	30.60
491.168	31.21	3.82	119.08	11.71	8.00	93.69	78.70	1	30.60
491.272	31.19	3.83	119.48	11.67	8.17	95.30	79.80	1	30.80
491.417	31.00	3.87	119.99	11.68	8.03	93.79	78.20	1	30.80
491.478	30.90	3.89	120.28	11.70	7.97	93.29	77.60	1	30.90
491.582	30.69	3.91	119.92	11.66	8.12	94.67	78.90	1	30.90
491.727	30.49	3.91	119.35	11.68	7.97	93.19	78.10	1	30.90
491.788	30.49	3.91	119.07	11.70	8.01	93.72	78.70	1	31.10
491.892	30.48	3.90	118.97	11.65	7.95	92.59	77.80	1	30.90
492.037	30.94	3.87	119.66	11.69	8.10	94.62	79.10	1	30.80
492.098	30.87	3.87	119.34	11.65	8.11	94.50	79.20	1	30.60
492.202	31.04	3.86	119.94	11.76	7.91	92.95	77.50	1	30.80
492.347	30.70	3.89	119.51	11.73	7.92	92.90	77.70	1	30.80
492.408	30.87	3.87	119.52	11.77	7.78	91.63	76.70	1	30.80
492.512	30.90	3.86	119.25	11.66	8.03	93.62	78.50	1	30.60
492.657	30.85	3.88	119.82	11.73	7.85	92.03	76.80	1	30.90
492.718	30.73	3.89	119.52	11.72	7.95	93.25	78.00	1	30.90
492.822	30.85	3.88	119.67	11.62	8.16	94.80	79.20	1	30.80
492.967	31.18	3.86	120.32	11.71	7.92	92.67	77.00	1	30.50
493.028	31.14	3.86	120.07	11.65	8.03	93.50	77.90	1	30.60
493.132	31.19	3.82	119.15	11.71	7.87	92.21	77.40	1	30.50
493.277	31.09	3.82	118.69	11.67	8.00	93.33	78.60	1	30.60
493.338	31.31	3.79	118.77	11.73	7.86	92.17	77.60	1	30.50
493.442	31.34	3.79	118.71	11.73	7.88	92.34	77.80	1	30.30
493.587	31.64	3.76	118.84	11.70	7.99	93.48	78.70	1	30.20
493.648	31.74	3.76	119.27	11.63	8.10	94.16	78.90	1	30.30
493.752	31.72	3.78	120.01	11.59	8.18	94.77	79.00	1	30.60
493.897	31.20	3.83	119.60	11.69	8.00	93.56	78.20	1	30.60
493.958	31.12	3.85	119.79	11.70	7.95	93.03	77.70	1	30.60
494.062	31.17	3.85	120.10	11.74	7.90	92.71	77.20	1	30.80
494.207	30.81	3.87	119.36	11.65	7.95	92.61	77.60	1	30.80
494.268	30.99	3.85	119.33	11.74	7.81	91.77	76.90	1	30.60
494.372	31.02	3.86	119.65	11.68	8.04	93.94	78.50	1	30.60
494.517	31.30	3.82	119.71	11.67	7.96	92.88	77.60	1	30.50
494.578	31.37	3.81	119.49	11.61	8.12	94.25	78.90	1	30.50
494.682	31.28	3.82	119.44	11.67	7.96	92.90	77.80	1	30.50
494.827	31.30	3.80	118.95	11.71	7.96	93.20	78.40	1	30.60
494.888	31.04	3.83	118.96	11.69	7.92	92.54	77.80	1	30.80
494.992	30.91	3.87	119.53	11.67	8.06	94.04	78.70	1	30.90
495.137	30.50	3.93	119.71	11.71	7.93	92.83	77.50	1	31.20
495.198	30.37	3.94	119.64	11.71	8.00	93.70	78.30	1	31.20
495.302	30.27	3.95	119.58	11.60	8.08	93.76	78.40	1	31.20
495.447	30.19	3.97	119.97	11.69	8.06	94.27	78.60	1	31.40
495.508	30.11	3.98	119.72	11.63	8.11	94.34	78.80	1	31.40
495.612	30.19	3.97	119.81	11.72	7.80	91.38	76.30	1	31.20
495.757	30.26	3.95	119.59	11.70	7.97	93.28	78.00	1	31.20
495.818	30.16	3.96	119.43	11.74	7.85	92.15	77.20	1	31.40
495.922	30.31	3.95	119.69	11.68	8.02	93.63	78.20	1	31.10
496.067	30.42	3.94	119.85	11.68	7.97	93.12	77.70	1	30.90
496.128	30.60	3.91	119.61	11.70	8.00	93.67	78.30	1	31.10
496.232	30.37	3.94	119.54	11.64	7.95	92.52	77.40	1	31.20
496.377	30.59	3.92	119.87	11.74	7.90	92.76	77.40	1	31.20
496.438	30.31	3.94	119.55	11.68	7.99	93.28	78.00	1	31.40
496.542	30.19	3.93	118.80	11.73	7.88	92.43	77.80	1	31.20
496.687	30.06	3.98	119.54	11.66	8.10	94.50	79.10	1	31.70
496.748	29.93	3.99	119.35	11.59	8.16	94.53	79.20	1	31.70
496.852	29.74	4.00	118.91	11.57	8.14	94.16	79.20	1	31.50
496.997	29.76	4.01	119.41	11.55	8.16	94.22	78.90	1	31.50
497.058	29.94	4.01	119.91	11.63	8.12	94.42	78.70	1	31.40
497.162	29.90	3.99	119.39	11.65	7.99	93.11	78.00	1	31.40
497.307	29.99	3.98	119.28	11.69	7.93	92.74	77.70	1	31.40
497.368	29.88	4.00	119.38	11.68	8.06	94.13	78.80	1	31.50
497.472	29.74	4.01	119.14	11.66	8.12	94.69	79.50	1	31.40
497.617	30.28	3.95	119.71	11.65	8.11	94.48	78.90	1	31.10
497.678	30.42	3.95	120.10	11.59	8.16	94.51	78.70	1	31.10
497.782	30.61	3.92	120.12	11.66	7.99	93.21	77.60	1	30.90
497.927	30.72	3.90	119.90	11.66	7.94	92.62	77.20	1	30.90
497.988	30.76	3.90	119.81	11.73	7.88	92.47	77.20	1	31.10
498.092	30.58	3.92	119.96	11.68	8.03	93.79	78.20	1	31.10
498.237	30.55	3.93	120.09	11.68	8.01	93.55	77.90	1	31.20
498.298	30.38	3.94	119.58	11.68	8.08	94.40	78.90	1	31.10
498.402	30.39	3.93	119.30	11.67	8.08	94.31	79.10	1	31.20
498.547	30.41	3.92	119.25	11.73	7.97	93.52	78.40	1	31.10
498.608	30.45	3.92	119.34	11.69	8.04	93.98	78.70	1	31.10
498.712	30.56	3.91	119.44	11.73	7.92	92.93	77.80	1	31.10
498.857	30.69	3.88	119.14	11.70	8.08	94.53	79.30	1	30.90
498.918	30.79	3.88	119.34	11.76	7.95	93.48	78.30	1	30.90
499.022	30.49	3.91	119.20	11.71	7.95	93.12	78.10	1	30.90
499.167	30.58	3.91	119.49	11.68	8.07	94.25	78.90	1	31.10
499.228	30.43	3.92	119.21	11.67	7.99	93.19	78.20	1	31.10
499.332	30.53	3.91	119.54	11.78	7.75	91.33	76.40	1	31.10
499.477	30.45	3.93	119.54	11.65	8.15	95.01	79.50	1	31.20
499.538	30.35	3.93	119.25	11.66	7.98	93.13	78.10	1	31.10
499.642	30.31	3.94	119.55	11.70	7.90	92.39	77.30	1	31.40
499.787	29.96	4.00	119.99	11.58	8.09	93.76	78.10	1	31.70
499.848	29.90	4.01	119.81	11.67	8.00	93.34	77.90	1	31.50
499.952	29.64	4.03	119.33	11.66	7.87	91.81	76.90	1	31.70
500.097	29.50	4.02	118.63	11.72	7.95	93.20	78.60	1	31.50
500.158	29.45	4.03	118.61	11.67	8.04	93.77	79.10	1	31.70
500.262	29.45	4.04	118.91	11.66	7.96	92.79	78.00	1	31.80
500.407	29.23	4.05	118.42	11.69	7.87	91.96	77.70	1	31.70
500.468	29.12	4.05	117.96	11.65	7.87	91.69	77.70	1	31.80
500.572	29.10	4.05	118.01	11.66	7.77	90.60	76.80	1	31.80
500.717	29.30	4.06	118.86	11.55	7.96	91.92	77.30	1	32.00
500.778	29.22	4.06	118.54	11.58	7.97	92.27	77.80	1	32.00
500.882	29.07	4.08	118.58	11.60	7.93	91.98	77.60	1	32.10
501.027	28.72	4.09	117.48	11.53	7.90	91.12	77.60	1	32.10
501.088	28.69	4.09	117.24	11.54	7.85	90.63	77.30	1	32.10
501.192	28.88	4.08	117.80	11.50	8.05	92.63	78.60	1	31.80
501.337	28.97	4.08	118.30	11.51	7.99	91.93	77.70	1	32.10
501.398	29.09	4.07	118.48	11.52	8.10	93.37	78.80	1	32.00
501.502	28.77	4.08	117.47	11.54	7.86	90.69	77.20	1	32.10
501.647	28.97	4.08	118.24	11.51	7.93	91.29	77.20	1	32.10
501.708	28.87	4.09	117.95	11.53	7.81	90.07	76.40	1	32.30
501.812	28.61	4.09	117.03	11.51	7.93	91.22	78.00	1	32.30
501.957	28.57	4.11	117.48	11.51	7.95	91.46	77.80	1	32.40
502.018	28.56	4.12	117.54	11.54	7.72	89.15	75.80	1	32.30
502.122	28.46	4.12	117.16	11.47	7.94	91.04	77.70	1	32.10
502.267	28.93	4.08	117.94	11.51	7.98	91.81	77.80	1	31.80
502.328	29.06	4.07	118.17	11.59	7.90	91.54	77.50	1	32.00
502.432	28.94	4.08	117.98	11.55	7.95	91.86	77.90	1	32.00
502.577	28.95	4.08	118.13	11.55	7.84	90.56	76.70	1	32.10
502.638	28.95	4.08	118.14	11.51	7.99	91.91	77.80	1	32.10
502.742	28.71	4.07	116.96	11.50	7.88	90.57	77.40	1	32.00
502.887	29.13	4.06	118.21	11.57	7.93	91.71	77.60	1	31.70
502.948	29.29	4.05	118.59	11.53	7.95	91.67	77.30	1	31.70
503.052	29.63	4.01	118.90	11.53	8.03	92.58	77.90	1	31.50
503.197	29.76	3.98	118.46	11.65	8.07	93.96	79.30	1	31.70
503.258	29.28	3.90	114.31	11.51	7.76	89.34	78.20	1	31.70
503.362	26.65	3.26	86.77	10.60	6.43	68.21	78.60	1	31.70
503.507	16.69	3.57	59.61	8.49	5.01	42.55	71.40	1	55.00
503.567	11.85	3.92	46.45	7.40	4.24	31.40	67.60	1	55.00
503.671	11.23	4.09	45.93	6.83	4.66	31.78	69.20	1	40.00
503.816	20.68	2.99	61.77	7.04	5.84	41.11	66.60	1	22.50
503.876	27.39	2.24	61.35	6.86	5.44	37.33	60.80	1	10.00
503.980	34.56	1.23	42.50	5.68	4.38	24.88	58.60	1	22.50
504.125	30.69	1.92	58.96	6.77	6.00	40.60	68.90	1	21.00
504.185	28.24	2.05	58.04	6.92	6.14	42.50	73.20	1	29.00
504.289	20.87	2.36	49.34	6.67	5.42	36.14	73.30	1	33.00
504.434	23.39	2.31	53.96	7.05	5.78	40.73	75.50	1	25.00
504.494	24.98	2.27	56.61	7.26	6.05	43.92	77.60	1	25.20
504.598	26.22	2.22	58.26	7.52	6.12	46.06	79.00	1	25.30
504.743	26.98	2.23	60.26	7.80	6.05	47.19	78.30	1	25.60
504.803	27.30	2.29	62.39	7.98	6.07	48.39	77.60	1	25.80
504.906	27.10	2.28	61.80	7.99	6.20	49.52	80.10	1	25.90
505.051	27.45	2.28	62.45	8.12	6.04	49.01	78.50	1	25.60
505.111	27.41	2.26	62.05	8.14	5.83	47.43	76.40	1	25.60
505.215	27.49	2.24	61.57	8.15	5.97	48.68	79.10	1	25.60
505.360	27.86	2.24	62.43	8.16	5.92	48.28	77.30	1	25.50
505.420	27.79	2.23	61.86	8.08	6.22	50.25	81.20	1	25.50
505.524	27.91	2.22	62.06	8.14	6.14	50.03	80.60	1	25.50
505.669	27.46	2.21	60.59	8.07	6.06	48.84	80.60	1	25.60
505.729	27.69	2.21	61.07	8.08	6.08	49.15	80.50	1	25.50
505.833	27.52	2.20	60.50	8.10	5.96	48.25	79.80	1	25.50
505.978	27.59	2.20	60.72	8.02	5.99	48.01	79.10	1	25.50
506.038	27.69	2.21	61.11	8.04	5.99	48.11	78.70	1	25.30
506.142	27.97	2.21	61.83	8.08	5.97	48.27	78.10	1	25.20
506.287	28.90	2.20	63.55	8.18	6.24	51.00	80.20	1	24.90
506.347	29.18	2.19	63.95	8.32	5.75	47.86	74.80	1	24.70
506.451	29.36	2.19	64.31	8.25	5.94	49.01	76.20	1	24.40
506.596	29.85	2.16	64.32	8.28	6.46	53.49	83.20	1	24.70
506.656	29.82	2.15	64.16	8.30	6.14	51.00	79.50	1	24.70
506.760	29.59	2.17	64.15	8.33	6.37	53.04	82.70	1	24.70
506.905	29.53	2.16	63.88	8.45	5.52	46.69	73.10	1	24.90
506.965	29.16	2.18	63.48	8.28	5.96	49.37	77.80	1	24.70
507.069	29.48	2.17	64.00	8.28	5.97	49.40	77.20	1	24.70
507.214	29.77	2.16	64.42	8.20	6.64	54.49	84.60	1	24.60
507.274	30.19	2.15	64.86	8.37	6.26	52.43	80.80	1	24.40
507.378	30.64	2.12	64.86	8.47	5.76	48.77	75.20	1	24.10
507.523	31.16	2.12	65.92	8.56	5.55	47.53	72.10	1	24.00
507.583	31.16	2.10	65.35	8.54	5.51	47.02	72.00	1	24.10
507.687	31.10	2.09	65.10	8.58	5.46	46.85	72.00	1	24.00
507.832	30.75	2.11	64.84	8.53	5.95	50.74	78.30	1	24.10
507.892	30.62	2.12	64.77	8.38	6.41	53.74	83.00	1	24.30
507.995	30.78	2.08	64.12	8.27	6.56	54.25	84.60	1	24.30
508.140	30.13	2.10	63.19	8.20	6.14	50.35	79.70	1	24.30
508.200	30.28	2.11	64.03	8.27	5.92	48.96	76.50	1	24.40
508.304	29.87	2.17	64.72	8.20	6.52	53.50	82.70	1	24.60
508.449	30.01	2.16	64.94	8.36	5.96	49.81	76.70	1	24.60
508.509	29.74	2.17	64.44	8.42	5.73	48.25	74.90	1	24.70
508.613	29.66	2.19	65.07	8.30	6.44	53.42	82.10	1	24.60
508.758	30.75	2.14	65.95	8.41	6.40	53.82	81.60	1	24.10
508.818	30.92	2.12	65.57	8.48	6.20	52.62	80.20	1	24.10
508.922	30.95	2.12	65.71	8.46	6.29	53.19	81.00	1	24.40
509.067	30.90	2.12	65.36	8.45	6.49	54.88	84.00	1	24.10
509.127	30.94	2.11	65.18	8.44	6.55	55.25	84.80	1	24.30
509.231	30.91	2.12	65.60	8.37	6.53	54.64	83.30	1	24.30
509.376	30.81	2.11	65.01	8.52	5.82	49.58	76.30	1	24.30
509.436	30.63	2.12	65.02	8.48	5.61	47.56	73.20	1	24.40
509.540	30.25	2.15	65.09	8.55	5.52	47.18	72.50	1	24.10
509.685	30.08	2.17	65.30	8.38	6.32	52.99	81.10	1	24.40
509.745	29.89	2.18	65.03	8.25	6.56	54.13	83.20	1	24.40
509.849	30.15	2.16	65.06	8.24	6.69	55.12	84.70	1	24.40
509.994	30.73	2.15	66.14	8.29	6.63	54.96	83.10	1	24.10
510.054	31.06	2.13	66.18	8.35	6.49	54.21	81.90	1	24.00
510.158	31.01	2.13	65.99	8.36	6.36	53.19	80.60	1	24.10
510.303	31.06	2.13	66.00	8.32	6.58	54.72	82.90	1	24.10
510.363	31.10	2.13	66.33	8.33	6.61	55.06	83.00	1	24.10
510.467	30.76	2.15	66.09	8.22	6.77	55.64	84.20	1	24.30
510.612	30.78	2.13	65.42	8.24	6.80	56.01	85.60	1	24.10
510.672	30.56	2.13	65.07	8.19	6.81	55.74	85.70	1	24.30
510.776	30.70	2.11	64.87	8.29	6.49	53.79	82.90	1	24.10
510.921	30.10	2.14	64.42	8.30	5.74	47.68	74.00	1	24.30
510.981	30.12	2.14	64.56	8.18	6.37	52.08	80.70	1	24.10
511.085	30.44	2.11	64.17	8.30	6.00	49.84	77.70	1	24.30
511.230	30.72	2.11	64.73	8.36	5.97	49.90	77.10	1	24.00
511.290	30.52	2.11	64.54	8.33	6.02	50.16	77.70	1	24.00
511.394	30.54	2.10	64.17	8.33	5.92	49.25	76.80	1	24.10
511.539	30.85	2.09	64.60	8.27	6.26	51.75	80.10	1	24.00
511.599	30.78	2.09	64.26	8.35	5.95	49.74	77.40	1	23.80
511.703	30.99	2.07	63.99	8.32	6.33	52.64	82.30	1	23.80
511.848	30.53	2.05	62.66	8.29	6.03	49.99	79.80	1	23.80
511.908	30.41	2.06	62.50	8.19	6.14	50.32	80.50	1	24.00
512.012	30.44	2.03	61.92	8.19	6.17	50.54	81.60	1	23.80
512.157	30.07	2.05	61.74	8.17	6.14	50.14	81.20	1	24.00
512.217	30.15	2.06	62.16	8.19	6.02	49.28	79.30	1	24.00
512.321	30.15	2.08	62.76	8.19	6.05	49.58	79.00	1	24.10
512.466	29.95	2.10	62.98	8.24	6.05	49.86	79.20	1	24.40
512.526	29.99	2.12	63.53	8.24	6.31	52.01	81.90	1	24.40
512.630	29.68	2.15	63.81	8.24	6.11	50.36	78.90	1	24.60
512.775	29.90	2.15	64.32	8.26	6.03	49.79	77.40	1	24.30
512.835	30.18	2.15	64.91	8.25	6.43	53.06	81.70	1	24.10
512.939	30.58	2.14	65.39	8.46	5.86	49.56	75.80	1	24.00
513.084	30.74	2.13	65.60	8.26	6.45	53.24	81.20	1	24.10
513.144	30.79	2.14	65.89	8.37	6.16	51.58	78.30	1	24.30
513.248	30.67	2.14	65.78	8.42	5.89	49.63	75.40	1	24.30
513.393	31.06	2.15	66.71	8.46	5.71	48.26	72.40	1	24.00
513.453	31.27	2.14	66.96	8.50	5.81	49.36	73.70	1	23.80
513.557	31.43	2.13	66.81	8.41	6.25	52.52	78.60	1	23.80
513.702	31.14	2.13	66.20	8.30	6.75	56.06	84.70	1	23.80
513.762	31.39	2.17	68.07	8.42	6.63	55.86	82.10	1	23.70
513.866	32.56	2.14	69.83	8.70	6.28	54.65	78.30	1	23.50
514.011	34.02	2.19	74.35	8.87	6.72	59.57	80.10	1	23.10
514.071	34.65	2.19	75.94	9.06	6.63	60.02	79.00	1	23.10
514.175	35.21	2.19	76.96	9.13	6.68	60.97	79.20	1	22.80
514.320	35.84	2.12	76.04	9.24	6.58	60.80	80.00	1	22.90
514.380	35.87	2.16	77.55	9.25	6.64	61.39	79.20	1	23.10
514.484	35.86	2.18	78.18	9.30	6.68	62.11	79.50	1	23.20
514.629	35.67	2.25	80.41	9.42	6.72	63.33	78.80	1	23.50
514.689	35.51	2.28	80.87	9.47	6.76	64.04	79.20	1	23.70
514.793	35.45	2.28	80.97	9.47	6.87	65.04	80.30	1	23.70
514.938	35.15	2.34	82.28	9.60	6.74	64.72	78.70	1	24.00
514.998	35.10	2.33	81.93	9.65	6.63	64.05	78.20	1	23.80
515.102	35.26	2.33	82.07	9.63	6.65	64.06	78.00	1	23.70
515.247	35.16	2.32	81.54	9.61	6.75	64.86	79.60	1	23.80
515.307	35.27	2.30	80.96	9.56	6.78	64.81	80.10	1	23.70
515.411	35.12	2.34	82.30	9.60	6.69	64.25	78.10	1	24.00
515.556	35.34	2.31	81.75	9.56	6.77	64.78	79.20	1	23.80
515.616	35.30	2.31	81.64	9.52	6.85	65.15	79.80	1	23.80
515.720	35.17	2.35	82.56	9.54	6.93	66.10	80.10	1	24.10
515.865	34.80	2.41	83.86	9.67	6.80	65.77	78.40	1	24.40
515.925	34.80	2.43	84.58	9.63	6.99	67.27	79.50	1	24.60
516.029	34.56	2.47	85.24	9.73	7.01	68.22	80.00	1	24.70
516.173	34.49	2.52	87.03	9.76	7.08	69.12	79.40	1	25.00
516.233	34.43	2.55	87.69	9.86	7.06	69.55	79.30	1	25.20
516.337	34.18	2.58	88.27	9.91	6.89	68.25	77.30	1	25.50
516.482	33.95	2.66	90.33	9.95	7.07	70.29	77.80	1	25.80
516.542	33.72	2.67	90.04	9.98	7.09	70.78	78.60	1	25.90
516.646	33.42	2.70	90.07	10.01	7.06	70.68	78.50	1	25.90
516.791	33.09	2.73	90.30	10.03	7.05	70.69	78.30	1	26.10
516.851	33.22	2.72	90.24	10.08	7.06	71.10	78.80	1	26.10
516.955	33.08	2.74	90.65	10.03	7.16	71.80	79.20	1	26.40
517.100	33.15	2.74	90.71	10.12	7.06	71.45	78.80	1	26.10
517.160	33.03	2.74	90.59	10.07	7.12	71.71	79.20	1	26.10
517.264	33.12	2.74	90.90	10.08	7.09	71.45	78.60	1	26.10
517.409	33.25	2.71	90.10	10.06	7.11	71.54	79.40	1	26.10
517.469	33.23	2.71	90.15	10.09	7.01	70.76	78.50	1	26.10
517.573	33.22	2.72	90.20	10.06	7.07	71.08	78.80	1	26.10
517.718	32.86	2.75	90.24	10.10	7.02	70.92	78.60	1	26.20
517.778	33.01	2.74	90.36	10.13	7.08	71.68	79.30	1	26.20
517.882	33.08	2.75	90.89	10.07	7.13	71.86	79.10	1	25.90
518.027	33.12	2.74	90.82	10.00	7.20	72.02	79.30	1	26.10
518.087	32.91	2.74	90.33	10.08	7.05	71.08	78.70	1	26.10
518.191	33.08	2.73	90.43	10.08	7.05	71.05	78.60	1	25.90
518.336	33.01	2.73	90.10	10.07	7.03	70.79	78.60	1	26.10
518.396	33.25	2.72	90.27	10.04	7.14	71.74	79.50	1	25.90
518.500	33.45	2.71	90.67	10.00	7.18	71.83	79.20	1	25.60
518.645	33.53	2.69	90.07	10.02	7.09	71.08	78.90	1	25.80
518.705	33.49	2.68	89.68	10.03	7.06	70.83	79.00	1	25.60
518.809	33.58	2.67	89.61	10.02	7.04	70.55	78.70	1	25.60
518.954	33.42	2.69	90.02	10.01	7.01	70.13	77.90	1	25.80
519.014	33.52	2.69	90.07	10.02	7.03	70.41	78.20	1	25.90
519.118	33.13	2.73	90.46	9.97	7.15	71.28	78.80	1	26.10
519.263	33.08	2.75	91.08	10.04	7.13	71.55	78.60	1	26.40
519.323	32.83	2.78	91.27	10.01	7.20	72.14	79.00	1	26.40
519.427	32.75	2.78	91.19	10.01	7.19	72.04	79.00	1	26.40
519.572	32.83	2.77	90.95	10.04	7.12	71.49	78.60	1	26.40
519.632	32.84	2.77	90.98	10.07	7.11	71.64	78.70	1	26.40
519.736	32.81	2.78	91.21	10.07	7.18	72.35	79.30	1	26.40
519.881	32.98	2.77	91.29	10.09	7.19	72.55	79.50	1	26.20
519.941	33.13	2.74	90.91	10.11	7.05	71.35	78.50	1	26.10
520.045	33.05	2.75	91.00	10.09	7.11	71.73	78.80	1	26.20
520.190	33.19	2.73	90.77	10.07	7.14	71.85	79.20	1	26.10
520.250	33.25	2.74	90.96	10.04	7.29	73.23	80.50	1	26.10
520.354	33.04	2.74	90.48	10.09	7.11	71.78	79.30	1	26.20
520.499	32.92	2.77	91.25	10.09	7.15	72.14	79.10	1	26.50
520.559	32.79	2.78	91.27	10.06	7.06	71.07	77.90	1	26.70
520.663	32.74	2.80	91.73	10.13	7.13	72.23	78.70	1	26.80
520.808	32.03	2.85	91.36	10.07	7.15	71.99	78.80	1	26.80
520.868	32.22	2.83	91.20	10.15	7.05	71.52	78.40	1	26.80
520.972	31.93	2.85	91.07	10.13	7.11	72.01	79.10	1	27.00
521.117	31.66	2.88	91.09	10.11	7.03	71.04	78.00	1	27.00
521.177	31.85	2.87	91.47	10.10	7.11	71.86	78.60	1	27.00
521.281	31.82	2.87	91.39	10.08	7.05	71.12	77.80	1	27.00
521.426	32.41	2.82	91.41	10.18	7.05	71.79	78.50	1	26.80
521.486	32.40	2.82	91.31	10.14	7.19	72.87	79.80	1	26.80
521.590	32.26	2.84	91.66	10.14	7.03	71.31	77.80	1	27.00
521.735	32.03	2.86	91.53	10.12	7.04	71.23	77.80	1	27.00
521.795	31.97	2.86	91.42	10.09	7.22	72.91	79.80	1	27.00
521.899	32.12	2.85	91.57	10.13	7.14	72.27	78.90	1	26.80
522.044	32.43	2.84	92.18	10.12	7.15	72.32	78.50	1	26.80
522.104	32.44	2.83	91.67	10.15	7.07	71.78	78.30	1	26.70
522.208	32.30	2.83	91.31	10.12	7.16	72.43	79.30	1	26.70
522.353	31.97	2.85	91.01	10.09	7.14	72.03	79.10	1	26.80
522.413	32.05	2.85	91.25	10.17	7.00	71.14	78.00	1	26.80
522.517	32.24	2.85	91.87	10.12	7.09	71.71	78.10	1	27.00
522.662	31.91	2.89	92.11	10.14	7.07	71.66	77.80	1	27.10
522.722	31.81	2.89	91.91	10.10	7.14	72.11	78.50	1	27.30
522.826	31.62	2.89	91.52	10.08	7.11	71.71	78.30	1	27.10
522.971	31.70	2.89	91.70	10.20	7.00	71.35	77.80	1	27.40
523.031	31.46	2.90	91.40	10.15	7.08	71.88	78.60	1	27.40
523.135	31.40	2.91	91.51	10.11	7.10	71.75	78.40	1	27.10
523.280	31.64	2.89	91.53	10.06	7.08	71.18	77.80	1	27.00
523.340	31.83	2.87	91.34	10.07	7.19	72.35	79.20	1	27.10
523.444	31.74	2.88	91.37	10.09	7.09	71.50	78.30	1	27.00
523.589	32.25	2.84	91.64	10.13	7.08	71.74	78.30	1	26.80
523.649	32.25	2.83	91.41	10.13	7.19	72.86	79.70	1	26.70
523.753	32.21	2.83	91.13	10.11	7.13	72.04	79.00	1	26.80
523.898	32.27	2.81	90.67	10.11	7.26	73.37	80.90	1	26.50
523.958	32.43	2.79	90.61	10.16	7.05	71.64	79.10	1	26.70
524.062	32.20	2.82	90.74	10.11	7.20	72.78	80.20	1	26.80
524.207	31.85	2.86	91.14	10.15	7.07	71.78	78.80	1	27.10
524.267	31.78	2.87	91.19	10.10	7.24	73.15	80.20	1	27.10
524.371	31.58	2.88	91.10	10.07	7.16	72.14	79.20	1	27.10
524.516	31.75	2.89	91.89	10.04	7.10	71.30	77.60	1	27.30
524.576	31.65	2.90	91.73	10.10	7.06	71.25	77.70	1	27.30
524.680	31.47	2.90	91.39	10.07	7.15	72.06	78.80	1	27.30
524.825	31.35	2.90	90.93	10.04	7.18	72.12	79.30	1	27.30
524.885	31.45	2.88	90.66	10.10	7.09	71.67	79.10	1	27.10
524.989	31.40	2.90	90.93	10.01	7.21	72.18	79.40	1	27.10
525.134	31.61	2.88	91.10	10.09	7.04	71.00	77.90	1	27.00
525.194	31.69	2.89	91.50	10.03	7.17	71.94	78.60	1	27.10
525.298	31.40	2.91	91.22	10.02	7.16	71.76	78.70	1	27.30
525.443	31.67	2.89	91.68	10.07	7.18	72.24	78.80	1	27.10
525.503	31.60	2.89	91.38	10.08	7.23	72.89	79.80	1	27.10
525.607	31.78	2.89	91.69	10.16	7.03	71.45	77.90	1	27.00
525.752	32.00	2.86	91.49	10.08	7.21	72.67	79.40	1	26.80
525.812	32.08	2.86	91.73	10.08	7.15	72.13	78.60	1	26.80
525.916	32.19	2.84	91.50	10.10	7.18	72.48	79.20	1	26.80
526.061	32.36	2.84	91.76	10.11	7.19	72.65	79.20	1	26.70
526.121	32.27	2.84	91.51	10.07	7.15	72.04	78.70	1	26.70
526.225	32.24	2.83	91.20	10.08	7.21	72.66	79.70	1	26.80
526.370	32.02	2.86	91.52	10.05	7.11	71.40	78.00	1	27.00
526.430	31.85	2.87	91.49	10.01	7.27	72.80	79.60	1	27.00
526.534	31.78	2.89	91.76	10.07	7.13	71.81	78.30	1	27.10
526.679	31.91	2.87	91.72	10.08	7.16	72.15	78.70	1	27.10
526.739	31.62	2.90	91.61	10.03	7.12	71.44	78.00	1	27.10
526.843	31.55	2.89	91.11	10.04	7.14	71.73	78.70	1	27.00
526.988	31.54	2.90	91.37	10.08	7.04	70.95	77.60	1	27.10
527.048	31.47	2.90	91.22	10.05	7.16	71.93	78.90	1	27.30
527.152	31.49	2.90	91.42	10.04	7.19	72.23	79.00	1	27.10
527.297	31.75	2.88	91.45	10.00	7.15	71.52	78.20	1	27.00
527.357	31.75	2.89	91.65	10.00	7.20	72.01	78.60	1	27.00
527.461	31.58	2.90	91.49	10.05	7.15	71.84	78.50	1	27.30
527.606	31.54	2.91	91.74	10.04	7.06	70.87	77.20	1	27.00
527.666	31.57	2.90	91.61	10.01	7.13	71.40	77.90	1	27.00
527.770	31.60	2.90	91.65	9.99	7.24	72.36	79.00	1	27.10
527.915	31.42	2.91	91.35	9.98	7.21	71.99	78.80	1	27.30
527.975	31.22	2.92	91.13	10.00	7.07	70.76	77.60	1	27.10
528.079	31.65	2.90	91.70	10.04	7.19	72.16	78.70	1	26.80
528.224	32.07	2.88	92.27	10.03	7.22	72.42	78.50	1	27.10
528.284	31.74	2.88	91.54	10.05	7.10	71.38	78.00	1	27.10
528.388	31.72	2.87	91.17	10.06	7.20	72.47	79.50	1	27.10
528.533	31.96	2.86	91.33	10.07	7.23	72.79	79.70	1	26.80
528.593	32.16	2.84	91.48	10.15	7.01	71.17	77.80	1	26.70
528.697	32.14	2.83	90.86	10.08	7.08	71.39	78.60	1	26.70
528.842	32.07	2.87	91.99	10.08	7.07	71.24	77.40	1	27.00
528.902	31.91	2.87	91.73	10.09	7.25	73.14	79.70	1	27.10
529.006	31.77	2.88	91.46	10.09	7.05	71.16	77.80	1	27.10
529.151	31.66	2.88	91.14	10.11	7.11	71.87	78.90	1	27.10
529.211	31.62	2.89	91.25	10.10	7.12	71.84	78.70	1	27.10
529.315	31.66	2.88	91.25	10.08	7.12	71.79	78.70	1	27.10
529.460	31.71	2.88	91.42	10.11	7.12	71.94	78.70	1	27.00
529.520	31.76	2.87	91.28	10.11	7.18	72.62	79.60	1	27.00
529.624	31.75	2.88	91.30	10.10	7.11	71.85	78.70	1	27.10
529.769	31.34	2.91	91.26	10.05	7.07	71.12	77.90	1	27.10
529.829	31.45	2.90	91.32	10.06	7.21	72.52	79.40	1	27.10
529.933	31.68	2.89	91.58	10.07	7.06	71.05	77.60	1	27.00
530.078	31.74	2.88	91.33	10.06	7.10	71.43	78.20	1	27.10
530.138	31.70	2.88	91.29	10.06	7.13	71.74	78.60	1	27.10
530.242	31.71	2.87	91.04	10.07	7.15	71.94	79.00	1	27.10
530.387	31.67	2.88	91.19	10.09	7.16	72.20	79.20	1	27.30
530.447	31.27	2.90	90.73	10.10	7.13	71.98	79.30	1	27.30
530.551	31.49	2.89	90.96	10.08	7.17	72.29	79.50	1	27.10
530.696	31.65	2.89	91.38	10.07	7.09	71.43	78.20	1	27.10
530.756	31.63	2.88	90.95	10.08	7.11	71.62	78.80	1	27.00
530.860	31.59	2.88	91.02	10.11	7.16	72.38	79.50	1	27.10
531.005	31.36	2.91	91.34	10.08	7.01	70.71	77.40	1	27.40
531.065	31.08	2.93	91.02	10.03	7.17	71.98	79.10	1	27.40
531.169	31.06	2.94	91.30	10.08	7.13	71.88	78.70	1	27.60
531.314	31.01	2.94	91.27	10.08	7.10	71.61	78.50	1	27.30
531.374	31.17	2.93	91.36	10.03	7.17	71.95	78.80	1	27.40
531.478	31.17	2.93	91.21	10.07	7.07	71.21	78.10	1	27.40
531.623	31.31	2.92	91.58	10.11	7.22	72.95	79.70	1	27.10
531.683	31.54	2.92	92.11	10.11	7.10	71.75	77.90	1	27.00
531.787	31.73	2.89	91.80	10.06	7.06	70.97	77.30	1	27.00
531.932	31.78	2.88	91.46	10.05	7.21	72.50	79.30	1	26.80
531.992	32.05	2.87	91.84	10.03	7.22	72.43	78.90	1	26.80
532.096	32.26	2.85	92.05	10.06	7.19	72.38	78.60	1	26.70
532.241	32.31	2.84	91.79	10.11	7.05	71.33	77.70	1	26.70
532.301	32.31	2.85	92.09	10.02	7.28	72.88	79.10	1	26.70
532.405	32.33	2.84	91.66	10.10	7.07	71.38	77.90	1	26.70
532.550	32.27	2.84	91.68	10.05	7.26	73.02	79.60	1	26.70
532.610	32.39	2.82	91.51	10.09	7.08	71.43	78.10	1	26.50
532.714	32.40	2.83	91.54	10.08	7.18	72.33	79.00	1	26.70
532.859	32.23	2.85	91.95	10.10	6.94	70.11	76.20	1	27.00
532.919	32.10	2.88	92.31	10.04	7.20	72.26	78.30	1	27.10
533.023	31.70	2.89	91.56	10.06	7.06	71.00	77.50	1	27.00
533.168	31.95	2.85	91.14	10.10	7.16	72.35	79.40	1	27.00
533.228	31.94	2.86	91.36	10.08	7.14	72.00	78.80	1	26.80
533.332	32.19	2.85	91.64	10.06	7.16	72.04	78.60	1	26.70
533.477	32.07	2.84	90.92	10.07	7.20	72.50	79.70	1	26.70
533.537	32.24	2.82	91.07	10.05	7.06	70.95	77.90	1	26.50
533.641	32.54	2.81	91.51	10.05	7.19	72.25	78.90	1	26.40
533.786	32.71	2.78	91.09	10.09	7.07	71.34	78.30	1	26.40
533.846	32.91	2.77	91.30	10.08	7.10	71.59	78.40	1	26.20
533.950	32.99	2.77	91.32	10.05	7.07	71.06	77.80	1	26.20
534.095	33.04	2.78	91.72	9.99	7.21	72.06	78.60	1	26.10
534.155	33.25	2.73	90.88	10.08	7.09	71.41	78.60	1	25.90
534.259	32.97	2.75	90.62	10.02	7.24	72.55	80.10	1	26.10
534.404	33.15	2.73	90.63	10.07	7.08	71.26	78.60	1	25.80
534.464	33.33	2.72	90.81	10.01	7.25	72.60	80.00	1	25.80
534.568	33.36	2.73	90.97	9.99	7.22	72.13	79.30	1	25.90
534.713	33.17	2.76	91.42	10.06	7.12	71.59	78.30	1	26.20
534.773	33.05	2.77	91.44	10.06	7.31	73.52	80.40	1	26.40
534.877	33.04	2.77	91.42	10.08	7.06	71.22	77.90	1	26.10
535.022	33.04	2.77	91.63	10.02	7.23	72.41	79.00	1	26.40
535.082	32.84	2.79	91.55	10.05	7.19	72.24	78.90	1	26.40
535.186	32.82	2.79	91.71	10.01	7.23	72.40	78.90	1	26.20
535.331	33.13	2.75	91.20	10.08	7.05	71.09	77.90	1	26.20
535.391	32.93	2.76	90.89	10.06	7.12	71.69	78.90	1	26.20
535.495	33.15	2.75	91.08	10.05	7.12	71.54	78.50	1	26.10
535.640	33.03	2.76	91.19	10.01	7.24	72.40	79.40	1	26.10
535.700	32.97	2.76	90.92	10.05	7.01	70.45	77.50	1	26.10
535.804	33.08	2.75	91.06	10.05	7.20	72.42	79.50	1	26.20
535.949	32.81	2.80	91.78	10.09	7.16	72.30	78.80	1	26.50
536.009	32.75	2.80	91.80	10.11	7.02	70.98	77.30	1	26.70
536.113	32.67	2.80	91.65	10.11	7.14	72.22	78.80	1	26.50
