211.933	30.61	3.33	101.80	10.33	6.41	66.16	65.00	1	40.00
211.994	21.57	3.86	83.34	9.41	5.55	52.25	62.70	1	55.00
212.098	12.10	4.30	52.05	7.45	4.49	33.48	64.30	1	42.50
212.243	19.48	4.22	82.24	8.29	6.58	54.53	66.30	1	25.00
212.303	26.22	3.77	98.71	8.93	7.27	64.95	65.80	1	22.50
212.407	34.75	1.62	56.29	6.68	3.95	26.40	46.90	1	10.00
212.552	35.04	2.44	85.65	8.08	6.90	55.72	65.10	1	21.00
212.612	35.85	2.20	79.03	8.25	6.76	55.75	70.50	1	21.00
212.716	33.01	3.20	105.70	9.49	7.85	74.48	70.50	1	29.00
212.861	27.74	4.12	114.41	10.59	7.76	82.19	71.80	1	33.00
212.922	27.16	4.23	114.90	10.76	7.97	85.72	74.60	1	33.00
213.026	27.21	4.30	117.10	11.08	7.98	88.38	75.50	1	33.30
213.171	26.97	4.35	117.23	11.28	7.92	89.37	76.20	1	33.00
213.232	27.39	4.33	118.59	11.33	7.89	89.35	75.30	1	32.80
213.336	27.78	4.31	119.73	11.44	7.80	89.18	74.50	1	32.70
213.481	28.27	4.26	120.56	11.54	7.94	91.62	76.00	1	32.40
213.542	28.41	4.25	120.63	11.50	8.13	93.51	77.50	1	32.20
213.646	28.41	4.25	120.76	11.53	7.95	91.74	76.00	1	32.10
213.791	29.02	4.22	122.33	11.64	7.93	92.32	75.50	1	31.80
213.852	29.10	4.19	122.04	11.57	8.12	93.95	77.00	1	31.80
213.956	29.21	4.19	122.34	11.63	7.93	92.27	75.40	1	31.80
214.101	29.71	4.14	123.03	11.64	8.14	94.74	77.00	1	31.50
214.162	29.75	4.13	122.98	11.68	7.93	92.69	75.40	1	31.50
214.266	29.95	4.12	123.36	11.65	8.01	93.30	75.60	1	31.50
214.411	30.37	4.09	124.30	11.71	7.99	93.59	75.30	1	31.00
214.472	30.28	4.09	123.96	11.68	7.96	92.93	75.00	1	31.00
214.576	30.42	4.05	123.15	11.74	7.86	92.22	74.90	1	31.00
214.721	30.62	4.04	123.71	11.61	8.06	93.64	75.70	1	30.70
214.782	30.84	4.00	123.50	11.64	8.08	94.06	76.20	1	30.70
214.886	30.46	4.02	122.38	11.57	8.33	96.35	78.70	1	30.90
215.031	30.94	3.98	123.28	11.59	8.21	95.14	77.20	1	30.60
215.092	31.12	3.95	122.98	11.64	8.15	94.86	77.10	1	30.60
215.196	30.98	3.98	123.40	11.59	8.19	94.95	76.90	1	30.70
215.341	30.74	3.99	122.51	11.63	8.19	95.17	77.70	1	30.70
215.402	30.74	4.00	122.85	11.55	8.23	95.07	77.40	1	30.70
215.506	30.90	3.97	122.69	11.69	7.97	93.16	75.90	1	30.60
215.651	31.04	3.96	123.00	11.78	7.87	92.66	75.30	1	30.70
215.712	30.75	4.00	123.05	11.71	7.97	93.32	75.80	1	30.90
215.816	30.76	4.00	123.00	11.75	7.95	93.37	75.90	1	30.90
215.961	30.74	4.03	123.99	11.65	7.98	93.03	75.00	1	31.00
216.022	30.75	4.03	123.91	11.71	7.98	93.47	75.40	1	31.20
216.126	30.46	4.04	123.19	11.62	8.09	94.04	76.30	1	31.00
216.271	30.40	4.04	122.78	11.60	8.24	95.56	77.80	1	31.20
216.332	30.45	4.04	123.17	11.66	8.23	95.89	77.90	1	31.30
216.436	30.21	4.08	123.12	11.59	8.19	95.01	77.20	1	31.30
216.581	30.33	4.09	124.02	11.74	7.96	93.44	75.30	1	31.50
216.642	30.03	4.12	123.59	11.70	7.97	93.25	75.50	1	31.50
216.746	30.07	4.10	123.34	11.80	7.82	92.31	74.80	1	31.50
216.891	30.07	4.09	122.98	11.79	7.79	91.85	74.70	1	31.50
216.952	29.88	4.12	122.98	11.68	7.91	92.37	75.10	1	31.60
217.056	29.78	4.11	122.29	11.67	8.01	93.41	76.40	1	31.50
217.201	29.43	4.16	122.49	11.57	8.30	96.05	78.40	1	31.80
217.262	29.45	4.16	122.41	11.69	8.07	94.36	77.10	1	31.60
217.366	29.57	4.15	122.70	11.65	8.12	94.64	77.10	1	31.60
217.511	29.65	4.15	123.15	11.58	8.29	96.00	78.00	1	31.50
217.572	29.89	4.13	123.48	11.62	8.23	95.70	77.50	1	31.30
217.676	29.89	4.11	122.95	11.67	8.09	94.40	76.80	1	31.30
217.821	29.76	4.14	123.09	11.73	7.86	92.20	74.90	1	31.60
217.882	29.82	4.13	123.07	11.76	7.90	92.95	75.50	1	31.50
217.986	29.76	4.13	122.87	11.74	7.86	92.28	75.10	1	31.50
218.131	30.06	4.10	123.24	11.75	8.08	95.01	77.10	1	31.50
218.192	30.00	4.11	123.37	11.69	8.12	94.93	76.90	1	31.60
218.296	29.98	4.12	123.40	11.68	8.21	95.90	77.70	1	31.60
218.441	29.81	4.12	122.89	11.67	8.20	95.68	77.90	1	31.50
218.502	29.99	4.12	123.49	11.68	8.11	94.73	76.70	1	31.30
218.606	30.21	4.09	123.51	11.64	8.28	96.31	78.00	1	31.30
218.751	30.12	4.11	123.88	11.62	8.11	94.28	76.10	1	31.20
218.812	30.15	4.09	123.43	11.72	8.02	93.97	76.10	1	31.20
218.916	30.03	4.10	123.09	11.70	8.06	94.27	76.60	1	31.20
219.061	30.42	4.06	123.56	11.64	8.20	95.39	77.20	1	31.20
219.122	30.24	4.08	123.43	11.63	8.21	95.46	77.30	1	31.30
219.226	30.02	4.08	122.59	11.73	7.88	92.37	75.30	1	31.30
219.371	30.16	4.06	122.46	11.76	7.92	93.08	76.00	1	31.20
219.432	30.20	4.06	122.75	11.72	7.96	93.30	76.00	1	31.00
219.536	30.45	4.03	122.74	11.74	8.00	93.94	76.50	1	31.00
219.681	30.45	4.05	123.31	11.71	7.96	93.14	75.50	1	31.00
219.742	30.64	4.03	123.42	11.76	7.89	92.81	75.20	1	30.90
219.846	30.50	4.03	122.98	11.66	8.04	93.76	76.20	1	31.00
219.991	30.58	4.04	123.41	11.68	8.01	93.57	75.80	1	31.00
220.052	30.42	4.02	122.43	11.72	7.97	93.43	76.30	1	31.20
220.156	30.39	4.04	122.80	11.70	7.84	91.74	74.70	1	31.00
220.301	30.61	4.02	123.18	11.77	7.87	92.66	75.20	1	31.00
220.362	30.58	4.03	123.28	11.72	7.96	93.30	75.70	1	30.90
220.466	30.86	4.00	123.32	11.70	8.15	95.44	77.40	1	31.00
220.611	30.54	4.03	123.13	11.64	8.24	95.88	77.90	1	31.00
220.672	30.55	4.02	122.94	11.65	8.10	94.31	76.70	1	31.00
220.776	30.60	4.02	123.12	11.64	8.23	95.77	77.80	1	31.20
220.921	30.46	4.04	123.09	11.64	8.27	96.22	78.20	1	31.20
220.982	30.64	4.02	123.16	11.70	8.27	96.77	78.60	1	31.20
221.086	30.67	4.03	123.53	11.70	8.10	94.77	76.70	1	30.90
221.231	30.47	4.02	122.49	11.75	7.78	91.43	74.60	1	30.90
221.292	30.78	4.00	123.22	11.74	7.84	91.98	74.60	1	31.00
221.396	30.28	4.04	122.29	11.63	8.06	93.71	76.60	1	31.20
221.541	30.58	4.02	122.86	11.74	7.93	93.10	75.80	1	30.90
221.602	30.48	4.04	123.01	11.69	7.96	93.06	75.70	1	30.90
221.706	30.40	4.02	122.22	11.77	7.86	92.50	75.70	1	30.90
221.851	30.62	4.00	122.59	11.76	7.85	92.33	75.30	1	30.90
221.912	30.35	4.02	121.97	11.71	7.90	92.52	75.90	1	31.00
222.016	30.61	4.01	122.83	11.74	7.82	91.78	74.70	1	31.00
222.161	30.30	4.06	122.97	11.63	7.99	92.91	75.60	1	31.20
222.222	30.23	4.06	122.60	11.67	7.86	91.74	74.80	1	31.30
222.326	30.23	4.07	122.95	11.61	8.07	93.66	76.20	1	31.00
222.471	30.29	4.05	122.79	11.60	8.10	93.88	76.50	1	31.20
222.532	30.41	4.04	122.74	11.65	7.99	93.10	75.90	1	31.20
222.636	30.20	4.07	122.79	11.62	8.03	93.32	76.00	1	31.30
222.781	30.13	4.07	122.56	11.68	7.96	92.99	75.90	1	31.30
222.842	29.83	4.09	121.96	11.65	8.01	93.28	76.50	1	31.50
222.946	29.74	4.12	122.41	11.72	7.82	91.65	74.90	1	31.60
223.091	29.46	4.12	121.50	11.75	7.80	91.61	75.40	1	31.80
223.152	29.39	4.16	122.14	11.67	7.90	92.20	75.50	1	31.80
223.256	29.40	4.17	122.74	11.66	7.84	91.37	74.40	1	32.10
223.401	29.13	4.20	122.24	11.65	8.23	95.83	78.40	1	31.90
223.462	29.12	4.20	122.28	11.68	8.02	93.66	76.60	1	31.90
223.566	29.30	4.19	122.71	11.61	8.16	94.72	77.20	1	31.80
223.711	29.28	4.16	121.71	11.63	8.00	93.08	76.50	1	31.80
223.772	29.56	4.13	122.17	11.75	7.84	92.11	75.40	1	31.60
223.876	29.77	4.12	122.67	11.66	7.89	92.02	75.00	1	31.30
224.021	29.98	4.09	122.76	11.65	8.07	94.02	76.60	1	31.30
224.082	30.04	4.09	122.81	11.72	8.02	93.97	76.50	1	31.50
224.186	29.70	4.13	122.54	11.69	8.00	93.46	76.30	1	31.60
224.331	29.86	4.13	123.21	11.79	7.75	91.35	74.10	1	31.50
224.392	29.71	4.13	122.70	11.72	7.84	91.91	74.90	1	31.30
224.496	29.79	4.11	122.32	11.78	7.71	90.86	74.30	1	31.30
224.641	29.96	4.09	122.61	11.73	7.85	92.08	75.10	1	31.30
224.702	29.83	4.11	122.54	11.69	7.91	92.49	75.50	1	31.20
224.806	30.28	4.06	122.95	11.76	7.81	91.91	74.80	1	31.00
224.951	30.34	4.05	122.88	11.68	7.92	92.46	75.20	1	31.00
225.012	30.52	4.02	122.74	11.73	7.87	92.30	75.20	1	31.00
225.116	30.35	4.06	123.12	11.62	8.03	93.29	75.80	1	31.20
225.261	30.16	4.08	122.95	11.61	8.08	93.81	76.30	1	31.20
225.322	30.36	4.06	123.31	11.67	8.02	93.52	75.80	1	31.20
225.426	30.39	4.06	123.41	11.60	8.01	92.96	75.30	1	31.00
225.571	30.51	4.06	123.72	11.76	7.81	91.82	74.20	1	31.00
225.632	30.51	4.06	123.98	11.71	7.86	92.06	74.30	1	30.90
225.736	30.67	4.03	123.61	11.74	7.92	92.97	75.20	1	31.00
225.881	30.65	4.01	122.88	11.64	8.22	95.65	77.80	1	30.90
225.942	30.61	4.01	122.66	11.60	8.20	95.11	77.50	1	30.70
226.046	30.65	3.99	122.18	11.66	8.08	94.22	77.10	1	30.70
226.191	31.01	3.99	123.58	11.67	7.93	92.59	74.90	1	30.60
226.252	31.11	3.96	123.05	11.72	7.90	92.54	75.20	1	30.40
226.356	31.14	3.95	123.06	11.64	8.04	93.55	76.00	1	30.40
226.501	31.18	3.94	122.87	11.54	8.14	93.93	76.40	1	30.40
226.562	31.34	3.92	122.86	11.56	8.17	94.46	76.90	1	30.30
226.666	31.35	3.91	122.73	11.61	8.09	93.86	76.50	1	30.30
226.811	31.39	3.90	122.53	11.58	8.17	94.56	77.20	1	30.30
226.872	31.35	3.91	122.72	11.51	8.23	94.73	77.20	1	30.30
226.976	31.39	3.90	122.32	11.58	8.12	94.04	76.90	1	30.30
227.121	31.06	3.92	121.88	11.59	7.91	91.69	75.20	1	30.30
227.182	31.11	3.91	121.73	11.62	7.98	92.72	76.20	1	30.40
227.286	30.95	3.94	121.96	11.57	8.04	93.01	76.30	1	30.60
227.431	30.96	3.94	121.84	11.57	8.14	94.19	77.30	1	30.60
227.492	31.07	3.96	122.93	11.59	8.14	94.36	76.80	1	30.60
227.596	30.75	4.01	123.17	11.61	8.11	94.13	76.40	1	30.90
227.741	30.80	4.01	123.42	11.64	8.12	94.50	76.60	1	30.70
227.802	30.70	4.01	122.97	11.65	7.97	92.83	75.50	1	30.60
227.906	30.89	3.97	122.65	11.63	8.08	93.91	76.60	1	30.70
228.051	30.94	3.98	123.26	11.60	8.18	94.95	77.00	1	30.60
228.112	31.13	3.96	123.12	11.60	8.15	94.55	76.80	1	30.40
228.216	30.97	3.97	122.90	11.57	8.14	94.19	76.60	1	30.60
228.361	30.98	3.95	122.42	11.62	8.09	94.08	76.80	1	30.60
228.422	30.86	3.96	122.30	11.56	8.14	94.11	76.90	1	30.40
228.526	31.04	3.94	122.42	11.62	8.03	93.33	76.20	1	30.40
228.671	30.88	3.96	122.25	11.65	8.03	93.48	76.50	1	30.40
228.732	31.10	3.93	122.08	11.61	8.09	93.90	76.90	1	30.30
228.836	31.30	3.91	122.28	11.63	7.95	92.50	75.60	1	30.30
228.981	31.49	3.89	122.37	11.52	8.08	93.05	76.00	1	30.30
229.042	31.47	3.89	122.58	11.54	8.11	93.66	76.40	1	30.40
229.146	31.22	3.93	122.74	11.59	8.02	92.92	75.70	1	30.40
229.291	31.32	3.91	122.57	11.58	8.16	94.48	77.10	1	30.30
229.352	31.21	3.91	122.20	11.54	8.11	93.58	76.60	1	30.30
229.456	31.21	3.92	122.37	11.63	8.04	93.49	76.40	1	30.40
229.601	31.01	3.95	122.39	11.60	8.09	93.88	76.70	1	30.30
229.662	31.08	3.93	122.20	11.61	8.07	93.73	76.70	1	30.30
229.766	31.20	3.92	122.26	11.55	8.14	94.06	76.90	1	30.40
229.911	30.97	3.97	122.82	11.61	8.02	93.10	75.80	1	30.70
229.972	30.79	3.99	122.90	11.55	8.18	94.45	76.90	1	30.90
230.076	30.72	4.02	123.54	11.67	7.98	93.13	75.40	1	30.90
230.221	30.55	4.03	123.03	11.62	8.03	93.34	75.90	1	30.90
230.282	30.57	4.02	122.76	11.57	8.10	93.75	76.40	1	30.70
230.386	30.45	4.04	122.94	11.57	8.16	94.42	76.80	1	30.90
230.531	30.43	4.05	123.35	11.58	8.16	94.46	76.60	1	30.90
230.592	30.60	4.03	123.27	11.66	7.95	92.68	75.20	1	30.70
230.696	30.66	4.02	123.36	11.58	8.05	93.24	75.60	1	30.90
230.841	30.46	4.03	122.71	11.61	8.08	93.85	76.50	1	30.90
230.902	30.30	4.06	122.89	11.57	8.15	94.34	76.80	1	31.00
231.006	30.37	4.05	122.95	11.61	8.10	94.09	76.50	1	31.00
231.151	30.31	4.08	123.58	11.55	8.23	95.06	76.90	1	31.20
231.212	30.20	4.09	123.37	11.59	8.17	94.67	76.70	1	31.20
231.316	30.19	4.08	123.14	11.63	8.05	93.59	76.00	1	31.00
231.461	30.56	4.04	123.55	11.61	8.11	94.15	76.20	1	30.90
231.522	30.38	4.05	123.17	11.59	8.16	94.54	76.80	1	30.90
231.626	30.51	4.04	123.25	11.66	8.01	93.39	75.80	1	31.00
231.771	30.31	4.07	123.37	11.59	8.18	94.83	76.90	1	30.90
231.832	30.46	4.04	123.07	11.64	8.09	94.18	76.50	1	30.90
231.936	30.52	4.03	123.05	11.65	7.94	92.44	75.10	1	30.90
232.081	30.64	4.03	123.35	11.66	8.09	94.28	76.40	1	31.00
232.142	30.45	4.05	123.36	11.59	8.13	94.24	76.40	1	31.20
232.246	30.19	4.09	123.35	11.65	8.04	93.65	75.90	1	31.30
232.391	30.17	4.08	123.13	11.61	8.06	93.56	76.00	1	31.20
232.452	30.22	4.08	123.34	11.65	8.09	94.29	76.40	1	31.20
232.556	30.01	4.10	123.17	11.57	8.18	94.63	76.80	1	31.20
232.701	30.15	4.08	123.03	11.71	8.01	93.75	76.20	1	31.30
232.762	30.03	4.10	123.20	11.61	8.14	94.54	76.70	1	31.50
232.866	29.84	4.12	122.95	11.66	8.02	93.56	76.10	1	31.60
233.011	29.54	4.15	122.45	11.63	7.98	92.82	75.80	1	31.50
233.072	29.73	4.13	122.75	11.63	7.98	92.86	75.70	1	31.50
233.176	29.96	4.11	123.14	11.65	7.91	92.19	74.90	1	31.30
233.321	30.32	4.11	124.52	11.64	8.03	93.40	75.00	1	31.20
233.382	30.23	4.11	124.14	11.62	8.15	94.77	76.30	1	31.00
233.486	30.23	4.08	123.32	11.66	8.00	93.25	75.60	1	31.20
233.631	30.41	4.05	123.25	11.64	8.08	94.07	76.30	1	31.20
233.692	30.18	4.07	122.92	11.63	7.89	91.70	74.60	1	31.30
233.796	30.21	4.07	122.82	11.63	7.99	92.98	75.70	1	31.20
233.941	30.27	4.07	123.30	11.61	8.10	94.06	76.30	1	31.00
234.002	30.50	4.06	123.83	11.66	8.13	94.71	76.50	1	31.00
234.106	30.62	4.04	123.62	11.56	8.18	94.59	76.50	1	30.90
234.251	30.55	4.04	123.43	11.67	7.99	93.21	75.50	1	31.20
234.312	30.40	4.05	122.96	11.66	7.92	92.37	75.10	1	31.00
234.416	30.60	4.03	123.35	11.70	8.06	94.26	76.40	1	31.00
234.561	30.63	4.03	123.30	11.59	8.22	95.30	77.30	1	30.90
234.622	30.51	4.05	123.49	11.65	8.13	94.72	76.70	1	31.00
234.726	30.28	4.07	123.38	11.56	8.22	95.00	77.00	1	31.00
234.871	30.20	4.07	122.91	11.60	8.13	94.29	76.70	1	31.20
234.932	30.20	4.08	123.20	11.63	8.06	93.67	76.00	1	31.30
235.036	30.11	4.08	122.81	11.68	7.88	92.01	74.90	1	31.20
235.181	30.43	4.07	123.72	11.68	8.12	94.80	76.60	1	31.00
235.242	30.29	4.06	123.03	11.64	8.08	94.14	76.50	1	31.00
235.346	30.35	4.07	123.42	11.68	8.16	95.28	77.20	1	31.30
235.491	29.85	4.13	123.27	11.59	8.19	94.90	77.00	1	31.30
235.552	29.98	4.11	123.23	11.64	7.98	92.96	75.40	1	31.30
235.656	29.80	4.12	122.84	11.62	7.93	92.18	75.00	1	31.30
235.801	29.90	4.11	122.81	11.65	8.05	93.75	76.30	1	31.30
235.862	29.95	4.10	122.79	11.70	8.08	94.56	77.00	1	31.30
235.966	29.79	4.12	122.78	11.57	8.17	94.49	77.00	1	31.50
236.111	29.66	4.14	122.82	11.61	7.97	92.52	75.30	1	31.50
236.172	29.65	4.15	123.09	11.57	8.09	93.59	76.00	1	31.50
236.276	29.82	4.13	123.23	11.59	8.10	93.85	76.20	1	31.20
236.421	30.05	4.12	123.79	11.55	8.11	93.64	75.60	1	31.20
236.482	30.17	4.10	123.53	11.64	7.95	92.51	74.90	1	31.20
236.586	30.00	4.09	122.81	11.59	8.00	92.77	75.50	1	31.20
236.731	29.80	4.12	122.71	11.60	8.08	93.79	76.40	1	31.50
236.792	29.89	4.12	123.13	11.58	8.19	94.80	77.00	1	31.30
236.896	30.06	4.10	123.27	11.64	7.92	92.20	74.80	1	31.20
237.041	30.10	4.10	123.31	11.69	7.87	91.97	74.60	1	31.30
237.102	29.98	4.11	123.12	11.69	7.84	91.71	74.50	1	31.30
237.206	29.98	4.10	123.05	11.61	8.14	94.52	76.80	1	31.50
237.351	29.84	4.12	122.92	11.68	8.06	94.14	76.60	1	31.30
237.412	29.77	4.13	123.03	11.69	8.06	94.20	76.60	1	31.50
237.516	29.76	4.14	123.11	11.60	8.21	95.16	77.30	1	31.60
237.661	29.64	4.14	122.83	11.60	8.07	93.68	76.30	1	31.50
237.722	29.60	4.16	123.23	11.60	8.01	92.94	75.40	1	31.30
237.826	29.72	4.13	122.67	11.70	7.89	92.28	75.20	1	31.50
237.971	29.58	4.14	122.45	11.61	8.11	94.18	76.90	1	31.60
238.032	29.59	4.14	122.58	11.62	7.99	92.79	75.70	1	31.50
238.136	29.98	4.10	123.01	11.68	7.89	92.21	75.00	1	31.30
238.281	30.09	4.09	122.98	11.69	7.87	92.06	74.90	1	31.00
238.342	30.34	4.06	123.13	11.72	7.97	93.32	75.80	1	31.00
238.446	30.48	4.03	122.78	11.62	8.15	94.75	77.20	1	30.90
238.591	30.78	4.01	123.41	11.62	8.12	94.34	76.40	1	30.70
238.652	30.70	4.01	123.11	11.59	8.17	94.74	77.00	1	30.70
238.756	30.57	4.02	122.96	11.60	8.24	95.57	77.70	1	30.90
238.901	30.66	4.04	123.85	11.62	8.03	93.31	75.30	1	31.00
238.962	30.42	4.08	124.03	11.61	8.11	94.09	75.90	1	31.20
239.066	30.13	4.09	123.35	11.60	8.09	93.85	76.10	1	31.20
239.211	30.23	4.09	123.64	11.59	8.08	93.65	75.70	1	31.20
239.272	30.23	4.08	123.34	11.64	8.07	93.84	76.10	1	31.00
239.376	30.25	4.09	123.65	11.56	8.15	94.17	76.20	1	31.00
239.521	30.43	4.05	123.31	11.62	8.14	94.55	76.70	1	31.00
239.582	30.36	4.07	123.43	11.62	8.05	93.51	75.80	1	31.20
239.686	30.20	4.08	123.37	11.62	8.12	94.33	76.50	1	31.20
239.831	30.26	4.08	123.52	11.62	8.05	93.52	75.70	1	31.00
239.892	30.31	4.07	123.42	11.63	8.12	94.45	76.50	1	31.20
239.996	30.13	4.08	123.06	11.60	8.07	93.62	76.10	1	31.20
240.141	30.12	4.09	123.11	11.63	8.03	93.40	75.90	1	31.20
240.202	30.16	4.09	123.47	11.59	8.05	93.35	75.60	1	31.20
240.306	30.21	4.08	123.40	11.61	8.15	94.61	76.70	1	31.30
240.451	30.06	4.12	123.90	11.58	8.22	95.20	76.80	1	31.50
240.512	29.88	4.13	123.51	11.64	8.03	93.39	75.60	1	31.50
240.616	29.92	4.12	123.12	11.61	7.97	92.55	75.20	1	31.50
240.761	29.75	4.13	122.96	11.59	8.01	92.82	75.50	1	31.50
240.822	29.78	4.13	123.14	11.62	8.10	94.21	76.50	1	31.30
240.926	29.85	4.12	122.90	11.61	8.16	94.74	77.10	1	31.30
241.071	29.85	4.12	123.13	11.64	8.14	94.68	76.90	1	31.50
241.132	29.74	4.13	122.74	11.65	7.94	92.50	75.40	1	31.50
241.236	30.13	4.11	123.75	11.63	8.08	93.97	75.90	1	31.20
241.381	30.33	4.08	123.65	11.62	8.12	94.28	76.20	1	31.00
241.442	30.40	4.05	123.20	11.65	8.09	94.19	76.40	1	31.20
241.546	30.24	4.08	123.40	11.62	8.07	93.81	76.00	1	31.00
241.691	30.45	4.05	123.27	11.67	7.99	93.31	75.70	1	31.00
241.752	30.32	4.06	123.23	11.63	8.08	93.99	76.30	1	31.20
241.856	30.39	4.05	122.91	11.69	8.08	94.50	76.90	1	31.00
242.001	30.61	4.05	123.99	11.56	8.25	95.38	76.90	1	30.70
242.062	30.70	4.03	123.66	11.65	7.98	92.97	75.20	1	30.70
242.166	30.79	4.00	123.30	11.60	8.09	93.90	76.20	1	30.90
242.311	30.76	4.00	123.17	11.65	8.07	93.97	76.30	1	30.90
242.372	30.59	4.02	122.87	11.65	8.14	94.82	77.20	1	31.00
242.476	30.41	4.05	123.30	11.65	8.11	94.47	76.60	1	31.00
242.621	30.28	4.09	123.75	11.62	8.16	94.81	76.60	1	31.30
242.682	29.96	4.10	122.89	11.64	8.01	93.24	75.90	1	31.30
242.786	30.17	4.09	123.27	11.62	8.10	94.09	76.30	1	31.00
242.931	30.36	4.08	123.92	11.59	8.18	94.73	76.40	1	31.00
242.992	30.23	4.08	123.33	11.61	8.11	94.11	76.30	1	31.00
243.096	30.19	4.07	122.94	11.59	8.00	92.75	75.40	1	31.00
243.241	30.12	4.09	123.28	11.59	8.11	94.05	76.30	1	31.30
243.302	29.91	4.11	122.94	11.57	8.17	94.54	76.90	1	31.30
243.406	29.99	4.11	123.22	11.67	7.99	93.26	75.70	1	31.30
243.551	29.96	4.12	123.46	11.56	8.10	93.59	75.80	1	31.30
243.612	29.87	4.13	123.26	11.56	8.09	93.45	75.80	1	31.50
243.716	29.59	4.16	123.08	11.57	8.13	94.04	76.40	1	31.60
243.861	29.53	4.15	122.55	11.62	8.05	93.61	76.40	1	31.50
243.922	29.51	4.14	122.31	11.58	8.17	94.60	77.30	1	31.50
244.026	29.55	4.14	122.26	11.65	8.01	93.33	76.30	1	31.50
244.171	29.65	4.15	123.12	11.56	8.08	93.35	75.80	1	31.50
244.232	29.61	4.14	122.71	11.63	7.96	92.57	75.40	1	31.50
244.336	29.69	4.14	122.94	11.57	8.09	93.62	76.20	1	31.50
244.481	29.60	4.16	123.08	11.56	8.01	92.58	75.20	1	31.60
244.542	29.65	4.15	122.95	11.55	8.07	93.12	75.70	1	31.60
244.646	29.49	4.17	122.96	11.61	7.99	92.72	75.40	1	31.60
244.791	29.50	4.17	122.91	11.58	8.05	93.26	75.90	1	31.60
244.852	29.36	4.18	122.77	11.55	8.16	94.20	76.70	1	31.60
244.956	29.45	4.17	122.74	11.60	8.01	92.94	75.70	1	31.80
245.101	29.30	4.21	123.44	11.60	8.11	94.06	76.20	1	32.10
245.162	29.12	4.22	122.82	11.58	8.15	94.42	76.90	1	31.90
245.266	28.84	4.23	122.07	11.56	7.99	92.30	75.60	1	32.10
245.411	28.79	4.23	121.86	11.58	7.99	92.59	76.00	1	31.90
245.472	28.85	4.24	122.24	11.58	8.08	93.58	76.60	1	32.10
245.576	28.64	4.25	121.83	11.59	7.99	92.62	76.00	1	32.10
245.721	28.51	4.28	121.91	11.56	7.90	91.32	74.90	1	32.20
245.782	28.44	4.27	121.50	11.53	7.90	91.16	75.00	1	32.40
245.886	28.54	4.26	121.65	11.46	8.11	93.01	76.50	1	32.20
246.031	28.82	4.24	122.28	11.54	7.93	91.52	74.80	1	32.10
246.092	28.88	4.23	122.27	11.50	7.96	91.52	74.90	1	31.90
246.196	29.03	4.22	122.54	11.50	8.10	93.10	76.00	1	31.90
246.341	28.78	4.24	122.10	11.56	7.96	92.05	75.40	1	32.10
246.402	28.70	4.24	121.70	11.60	7.85	91.10	74.90	1	31.90
246.506	28.88	4.23	122.09	11.52	7.99	92.14	75.50	1	31.80
246.651	29.14	4.20	122.50	11.48	8.23	94.45	77.10	1	31.90
246.712	29.10	4.21	122.42	11.51	8.22	94.68	77.30	1	32.10
246.816	28.93	4.22	122.04	11.52	8.19	94.32	77.30	1	31.90
246.961	28.87	4.23	122.17	11.57	8.03	92.83	76.00	1	31.80
247.022	29.01	4.22	122.37	11.57	8.12	93.96	76.80	1	31.80
247.126	28.99	4.20	121.70	11.58	8.05	93.30	76.70	1	31.80
247.271	29.21	4.20	122.72	11.56	8.20	94.81	77.30	1	31.90
247.332	29.16	4.21	122.71	11.50	8.30	95.37	77.70	1	31.90
247.436	29.12	4.20	122.28	11.52	8.10	93.35	76.30	1	31.90
247.581	28.85	4.21	121.52	11.55	7.98	92.19	75.90	1	31.90
247.642	28.94	4.20	121.60	11.60	7.88	91.36	75.10	1	31.80
247.746	28.91	4.20	121.43	11.60	7.96	92.40	76.10	1	31.60
247.891	29.56	4.16	122.98	11.48	8.11	93.07	75.70	1	31.30
247.952	29.77	4.13	122.93	11.60	7.94	92.12	74.90	1	31.30
248.056	29.79	4.13	122.92	11.60	8.01	92.86	75.50	1	31.30
248.201	29.79	4.13	122.91	11.65	8.01	93.31	75.90	1	31.50
248.262	29.72	4.14	123.08	11.61	8.14	94.43	76.70	1	31.60
248.366	29.54	4.16	122.87	11.61	7.98	92.71	75.50	1	31.60
248.511	29.66	4.16	123.47	11.60	8.02	93.02	75.30	1	31.30
248.572	29.97	4.13	123.62	11.63	8.06	93.66	75.80	1	31.20
248.676	29.95	4.10	122.86	11.63	8.07	93.78	76.30	1	31.30
248.821	30.01	4.10	123.16	11.70	8.03	93.94	76.30	1	31.30
248.882	29.97	4.11	123.26	11.60	8.25	95.68	77.60	1	31.30
248.986	29.82	4.13	123.14	11.66	7.97	93.01	75.50	1	31.50
249.131	30.00	4.10	123.01	11.67	7.89	92.15	74.90	1	31.50
249.192	29.70	4.11	122.20	11.63	7.92	92.15	75.40	1	31.50
249.296	29.73	4.10	121.77	11.60	8.08	93.73	77.00	1	31.50
249.441	29.76	4.14	123.28	11.61	8.14	94.50	76.70	1	31.60
249.502	29.70	4.15	123.16	11.66	7.97	92.89	75.40	1	31.80
249.606	29.51	4.15	122.41	11.64	8.03	93.42	76.30	1	31.60
249.751	29.56	4.15	122.68	11.62	8.06	93.73	76.40	1	31.80
249.812	29.38	4.16	122.32	11.58	8.08	93.55	76.50	1	31.80
249.916	29.43	4.16	122.28	11.67	7.92	92.46	75.60	1	31.60
250.061	29.55	4.15	122.68	11.68	7.99	93.30	76.10	1	31.50
250.122	29.76	4.15	123.42	11.65	7.97	92.84	75.20	1	31.30
250.226	29.96	4.12	123.37	11.60	8.21	95.17	77.10	1	31.50
250.371	29.68	4.15	123.31	11.65	8.05	93.87	76.10	1	31.60
250.432	29.65	4.16	123.24	11.68	7.99	93.31	75.70	1	31.50
250.536	29.77	4.15	123.52	11.59	8.18	94.78	76.70	1	31.30
250.681	29.95	4.11	123.19	11.67	7.96	92.87	75.40	1	31.50
250.742	29.85	4.13	123.20	11.65	7.97	92.89	75.40	1	31.60
250.846	29.87	4.13	123.33	11.66	7.98	93.14	75.50	1	31.60
250.991	29.95	4.12	123.27	11.63	8.12	94.42	76.60	1	31.30
251.052	30.01	4.10	123.07	11.66	8.05	93.86	76.30	1	31.30
251.156	29.83	4.12	122.86	11.66	8.16	95.09	77.40	1	31.50
251.301	29.49	4.15	122.48	11.60	8.13	94.28	77.00	1	31.50
251.362	29.68	4.12	122.38	11.65	7.98	92.99	76.00	1	31.50
251.466	29.46	4.15	122.25	11.62	7.99	92.87	76.00	1	31.60
251.611	29.43	4.17	122.75	11.72	7.82	91.64	74.70	1	31.80
251.672	29.23	4.19	122.51	11.65	7.91	92.11	75.20	1	31.80
251.776	29.39	4.18	122.76	11.58	8.07	93.40	76.10	1	31.80
251.921	29.53	4.17	123.11	11.63	7.99	92.92	75.50	1	31.60
251.982	29.46	4.16	122.65	11.63	7.88	91.60	74.70	1	31.50
252.086	29.61	4.15	123.01	11.59	8.03	93.05	75.60	1	31.60
252.231	29.44	4.15	122.29	11.57	7.99	92.44	75.60	1	31.50
252.292	29.58	4.15	122.64	11.62	7.98	92.73	75.60	1	31.30
252.396	29.98	4.11	123.21	11.54	8.21	94.70	76.90	1	31.20
252.541	30.37	4.05	123.11	11.59	8.11	93.99	76.30	1	31.00
252.602	30.27	4.06	122.79	11.62	8.02	93.11	75.80	1	31.20
252.706	30.15	4.06	122.44	11.60	8.15	94.55	77.20	1	31.00
252.851	30.44	4.04	123.08	11.59	8.21	95.10	77.30	1	31.00
252.912	30.40	4.05	123.04	11.64	8.09	94.14	76.50	1	31.20
253.016	30.15	4.06	122.41	11.62	8.10	94.11	76.90	1	31.00
253.161	30.58	4.03	123.22	11.64	8.12	94.54	76.70	1	30.90
253.222	30.60	4.03	123.29	11.60	8.17	94.81	76.90	1	30.90
253.326	30.52	4.03	123.02	11.64	8.10	94.26	76.60	1	30.90
253.471	30.40	4.05	123.20	11.64	8.04	93.61	76.00	1	31.20
253.532	30.23	4.07	122.92	11.66	7.90	92.11	74.90	1	31.20
253.636	30.50	4.04	123.28	11.59	8.11	94.06	76.30	1	30.90
253.781	30.29	4.05	122.64	11.54	8.20	94.60	77.10	1	31.00
253.842	30.36	4.05	122.86	11.64	8.05	93.74	76.30	1	31.20
253.946	30.07	4.09	123.03	11.57	8.07	93.37	75.90	1	31.30
254.091	30.02	4.10	122.96	11.57	8.13	94.08	76.50	1	31.30
254.152	29.88	4.10	122.61	11.60	8.04	93.32	76.10	1	31.30
254.256	30.04	4.08	122.62	11.62	8.09	94.02	76.70	1	31.20
254.401	30.25	4.06	122.85	11.65	8.00	93.18	75.90	1	31.00
254.462	30.46	4.05	123.23	11.63	8.07	93.84	76.10	1	31.00
254.566	30.33	4.04	122.58	11.64	7.99	92.97	75.80	1	31.00
254.711	30.25	4.08	123.29	11.61	8.10	94.10	76.30	1	31.30
254.772	30.07	4.10	123.35	11.65	8.15	94.90	76.90	1	31.50
254.876	29.95	4.12	123.39	11.62	8.03	93.33	75.60	1	31.50
255.021	29.98	4.10	122.95	11.65	8.07	94.03	76.50	1	31.30
255.082	29.94	4.10	122.77	11.62	8.05	93.59	76.20	1	31.50
255.186	29.87	4.10	122.40	11.71	7.91	92.59	75.60	1	31.30
255.331	29.92	4.10	122.56	11.58	8.17	94.65	77.20	1	31.30
255.392	30.00	4.09	122.80	11.61	8.10	94.02	76.60	1	31.30
255.496	30.15	4.10	123.46	11.64	8.01	93.18	75.50	1	31.20
255.641	30.59	4.06	124.13	11.68	8.09	94.47	76.10	1	30.90
255.702	30.53	4.04	123.41	11.60	8.22	95.44	77.30	1	30.90
255.806	30.55	4.04	123.32	11.71	7.91	92.67	75.10	1	31.00
255.951	30.44	4.03	122.80	11.73	8.11	95.11	77.40	1	30.90
256.012	30.37	4.04	122.62	11.69	7.91	92.50	75.40	1	31.00
256.116	30.54	4.02	122.69	11.67	8.07	94.12	76.70	1	30.90
256.261	30.57	4.03	123.30	11.67	8.07	94.18	76.40	1	30.90
256.322	30.80	4.00	123.28	11.67	8.05	93.92	76.20	1	30.70
256.426	30.60	4.02	122.98	11.64	8.06	93.81	76.30	1	30.70
256.571	30.82	3.98	122.72	11.72	8.02	94.00	76.60	1	30.90
256.632	30.70	4.00	122.68	11.69	8.03	93.87	76.50	1	30.90
256.736	30.70	4.01	123.18	11.63	8.05	93.61	76.00	1	31.00
256.881	30.33	4.06	123.26	11.64	8.19	95.25	77.30	1	31.00
256.942	30.42	4.04	122.91	11.68	8.05	94.06	76.50	1	31.00
257.046	30.25	4.07	123.10	11.67	7.95	92.79	75.40	1	31.30
257.191	30.31	4.08	123.57	11.60	8.02	93.01	75.30	1	31.00
257.252	30.27	4.05	122.60	11.69	7.92	92.63	75.60	1	31.20
257.356	30.35	4.05	122.84	11.69	7.95	92.98	75.70	1	31.20
257.501	30.15	4.08	123.02	11.74	7.97	93.57	76.10	1	31.20
257.562	30.24	4.08	123.26	11.66	8.09	94.33	76.50	1	31.00
257.666	30.42	4.05	123.09	11.62	8.02	93.15	75.70	1	31.00
257.811	30.32	4.05	122.77	11.63	8.05	93.60	76.20	1	31.20
257.872	30.31	4.05	122.66	11.65	8.01	93.33	76.10	1	31.20
257.976	30.25	4.08	123.42	11.62	8.12	94.42	76.50	1	31.30
258.121	29.96	4.11	123.17	11.67	8.17	95.33	77.40	1	31.30
258.182	29.86	4.11	122.83	11.60	8.08	93.71	76.30	1	31.30
258.286	29.99	4.11	123.22	11.61	8.07	93.70	76.00	1	31.30
258.431	29.85	4.11	122.69	11.62	8.03	93.37	76.10	1	31.50
258.492	29.63	4.14	122.57	11.63	8.01	93.11	76.00	1	31.60
258.596	29.47	4.16	122.70	11.59	8.09	93.80	76.40	1	31.80
258.741	29.56	4.17	123.13	11.60	8.17	94.82	77.00	1	31.50
258.802	29.84	4.13	123.20	11.66	8.03	93.66	76.00	1	31.30
258.906	29.91	4.11	123.04	11.65	7.97	92.88	75.50	1	31.30
259.051	29.78	4.12	122.54	11.64	7.98	92.87	75.80	1	31.30
259.112	29.88	4.10	122.57	11.58	8.12	93.98	76.70	1	31.20
259.216	29.96	4.08	122.33	11.64	8.04	93.57	76.50	1	31.30
259.361	30.01	4.12	123.68	11.63	7.99	92.84	75.10	1	31.60
259.422	29.84	4.13	123.25	11.62	8.10	94.20	76.40	1	31.60
259.526	29.59	4.15	122.74	11.59	8.00	92.71	75.50	1	31.50
259.671	29.54	4.17	123.13	11.61	7.98	92.60	75.20	1	31.80
259.732	29.16	4.20	122.42	11.60	7.98	92.61	75.60	1	31.90
259.836	29.43	4.17	122.84	11.62	8.04	93.43	76.10	1	31.80
259.981	29.20	4.19	122.45	11.64	7.90	91.89	75.00	1	31.90
260.042	29.03	4.21	122.21	11.62	7.90	91.73	75.10	1	31.90
260.146	29.16	4.20	122.34	11.53	8.12	93.69	76.60	1	31.90
260.291	29.14	4.22	122.84	11.56	8.08	93.41	76.00	1	32.10
260.352	28.95	4.24	122.73	11.61	7.95	92.33	75.20	1	32.20
260.456	28.70	4.25	121.91	11.61	7.97	92.55	75.90	1	32.10
260.601	28.64	4.28	122.54	11.56	7.97	92.11	75.20	1	32.40
260.662	28.47	4.28	121.88	11.55	8.00	92.40	75.80	1	32.50
260.766	28.52	4.27	121.64	11.50	7.96	91.58	75.30	1	32.40
260.911	28.58	4.26	121.71	11.56	7.93	91.71	75.30	1	32.40
260.972	28.51	4.26	121.60	11.48	7.94	91.19	75.00	1	32.20
261.076	28.41	4.26	121.15	11.56	7.94	91.75	75.70	1	32.20
261.221	28.61	4.27	122.29	11.49	8.08	92.83	75.90	1	32.40
261.282	28.17	4.28	120.61	11.45	8.06	92.27	76.50	1	32.50
261.386	28.24	4.28	120.74	11.44	8.17	93.51	77.40	1	32.40
261.531	28.39	4.27	121.18	11.47	8.04	92.22	76.10	1	32.10
261.592	28.70	4.24	121.81	11.44	8.17	93.45	76.70	1	31.90
261.696	29.01	4.22	122.43	11.57	7.97	92.22	75.30	1	31.80
261.841	29.31	4.21	123.31	11.60	7.93	92.03	74.60	1	31.60
261.902	29.48	4.18	123.22	11.62	7.79	90.52	73.50	1	31.50
262.006	29.62	4.16	123.24	11.65	7.80	90.82	73.70	1	31.30
262.151	29.85	4.14	123.47	11.62	7.95	92.39	74.80	1	31.20
262.212	30.05	4.10	123.17	11.59	8.09	93.78	76.10	1	31.20
262.316	30.16	4.09	123.21	11.63	8.03	93.44	75.80	1	31.00
262.461	30.31	4.04	122.61	11.68	8.06	94.20	76.80	1	31.20
262.522	30.15	4.07	122.72	11.67	7.96	92.89	75.70	1	31.00
262.626	30.26	4.05	122.50	11.62	8.18	94.99	77.50	1	30.90
262.771	30.24	4.08	123.34	11.64	8.10	94.28	76.40	1	31.00
262.832	30.34	4.07	123.50	11.65	8.02	93.37	75.60	1	31.20
262.936	30.22	4.08	123.26	11.62	8.04	93.39	75.80	1	31.20
263.081	30.28	4.06	122.98	11.71	8.05	94.33	76.70	1	31.20
263.142	30.20	4.08	123.35	11.65	7.99	93.14	75.50	1	31.30
263.246	30.13	4.10	123.50	11.69	7.99	93.37	75.60	1	31.50
263.391	29.81	4.13	123.26	11.58	8.12	94.04	76.30	1	31.50
263.452	29.65	4.13	122.50	11.60	8.07	93.63	76.40	1	31.50
263.556	29.60	4.13	122.24	11.55	8.05	92.94	76.00	1	31.50
263.701	29.80	4.13	123.13	11.65	8.03	93.54	76.00	1	31.60
263.762	29.64	4.15	123.06	11.57	8.20	94.85	77.10	1	31.80
263.866	29.38	4.18	122.76	11.59	8.10	93.94	76.50	1	31.80
264.011	29.60	4.17	123.36	11.59	8.17	94.64	76.70	1	31.50
264.072	29.61	4.13	122.38	11.68	8.06	94.08	76.90	1	31.30
264.176	29.74	4.13	122.70	11.59	8.09	93.82	76.50	1	31.50
264.321	29.68	4.13	122.52	11.72	7.96	93.31	76.20	1	31.50
264.382	29.64	4.12	122.26	11.68	8.08	94.38	77.20	1	31.50
264.486	29.63	4.14	122.80	11.68	8.03	93.88	76.50	1	31.80
264.631	29.25	4.19	122.66	11.60	8.17	94.77	77.30	1	31.80
264.692	29.28	4.19	122.63	11.65	7.95	92.64	75.50	1	31.90
264.796	29.13	4.20	122.32	11.60	7.99	92.73	75.80	1	31.80
264.941	29.61	4.15	123.00	11.66	7.88	91.82	74.70	1	31.50
265.002	29.91	4.12	123.36	11.68	7.91	92.37	74.90	1	31.30
265.106	30.15	4.10	123.46	11.61	8.02	93.07	75.40	1	31.20
265.251	30.27	4.07	123.34	11.64	8.13	94.66	76.70	1	31.20
265.312	30.14	4.09	123.25	11.61	8.12	94.33	76.50	1	31.30
265.416	30.09	4.09	123.12	11.64	8.14	94.75	77.00	1	31.20
265.561	30.29	4.06	123.13	11.63	8.05	93.70	76.10	1	31.00
265.622	30.43	4.05	123.30	11.68	8.13	94.95	77.00	1	31.00
265.726	30.30	4.07	123.38	11.68	8.05	93.99	76.20	1	30.90
265.871	30.65	4.02	123.19	11.72	7.88	92.38	75.00	1	30.90
265.932	30.61	4.02	123.20	11.66	7.97	92.95	75.40	1	30.90
266.036	30.89	3.98	123.08	11.63	7.95	92.48	75.10	1	30.70
266.181	30.79	3.99	122.81	11.63	8.07	93.80	76.40	1	30.90
266.242	30.68	4.02	123.24	11.60	8.06	93.46	75.80	1	31.00
266.346	30.51	4.03	123.08	11.59	8.21	95.19	77.30	1	30.90
266.491	30.50	4.02	122.61	11.60	8.09	93.92	76.60	1	30.90
266.552	30.55	4.01	122.52	11.62	8.07	93.75	76.50	1	30.90
266.656	30.58	4.01	122.57	11.68	7.90	92.32	75.30	1	30.70
266.801	30.83	3.98	122.70	11.68	8.00	93.40	76.10	1	30.70
266.862	30.80	3.99	122.98	11.64	8.07	93.87	76.30	1	30.90
266.966	30.71	4.01	123.08	11.64	8.08	94.10	76.40	1	31.00
267.111	30.60	4.01	122.79	11.66	7.99	93.19	75.90	1	30.90
267.172	30.84	3.99	122.90	11.73	8.01	93.98	76.50	1	30.90
267.276	30.79	3.99	122.88	11.66	8.03	93.62	76.20	1	30.90
267.421	30.66	4.02	123.33	11.64	8.02	93.35	75.70	1	31.00
267.482	30.41	4.05	123.24	11.64	8.17	95.08	77.20	1	31.00
267.586	30.41	4.05	123.27	11.69	7.93	92.74	75.20	1	31.20
267.731	30.35	4.07	123.49	11.68	8.03	93.80	76.00	1	31.20
267.792	30.20	4.09	123.40	11.65	7.99	93.16	75.50	1	31.30
267.896	30.06	4.09	122.82	11.62	8.17	95.01	77.40	1	31.30
268.041	29.92	4.11	123.05	11.61	8.11	94.17	76.50	1	31.50
268.102	29.95	4.11	123.02	11.64	8.10	94.30	76.70	1	31.50
268.206	29.82	4.13	123.13	11.63	8.04	93.54	76.00	1	31.50
268.351	29.69	4.13	122.59	11.62	8.11	94.22	76.90	1	31.50
268.412	29.54	4.15	122.56	11.59	8.11	93.99	76.70	1	31.60
268.516	29.54	4.16	122.85	11.65	8.07	94.04	76.50	1	31.80
268.661	29.47	4.18	123.05	11.58	8.12	94.07	76.50	1	31.90
268.722	29.34	4.19	122.95	11.63	7.99	92.89	75.60	1	31.90
268.826	29.20	4.20	122.51	11.61	8.02	93.15	76.00	1	31.80
268.971	29.18	4.19	122.21	11.56	8.19	94.74	77.50	1	31.80
269.032	29.13	4.19	122.03	11.51	8.26	95.07	77.90	1	31.80
269.136	29.34	4.18	122.59	11.58	7.93	91.86	74.90	1	31.80
269.281	29.07	4.19	121.75	11.62	7.98	92.71	76.10	1	31.90
269.342	29.09	4.19	121.92	11.57	8.12	93.98	77.10	1	31.80
269.446	29.18	4.18	121.92	11.59	8.10	93.87	77.00	1	31.80
269.591	29.14	4.20	122.40	11.59	8.01	92.81	75.80	1	32.10
269.652	29.07	4.21	122.40	11.59	8.19	94.89	77.50	1	32.20
269.756	28.90	4.24	122.57	11.53	8.17	94.17	76.80	1	32.20
269.901	28.72	4.25	122.11	11.49	8.18	93.93	76.90	1	32.20
269.962	28.78	4.25	122.19	11.55	8.20	94.66	77.50	1	32.20
270.066	28.53	4.26	121.40	11.54	7.96	91.91	75.70	1	32.40
270.211	28.41	4.27	121.41	11.56	7.96	92.07	75.80	1	32.40
270.272	28.28	4.28	121.15	11.54	7.97	91.96	75.90	1	32.40
270.376	28.48	4.25	121.15	11.52	8.02	92.41	76.30	1	32.20
270.521	28.80	4.24	121.97	11.50	8.15	93.65	76.80	1	32.10
270.582	28.89	4.23	122.20	11.48	8.19	94.03	76.90	1	31.90
270.686	28.87	4.22	121.95	11.61	8.04	93.36	76.60	1	32.10
270.831	28.84	4.23	122.11	11.54	8.05	92.87	76.10	1	32.40
270.892	28.65	4.24	121.47	11.49	8.07	92.74	76.30	1	32.40
270.996	28.69	4.24	121.65	11.58	7.85	90.90	74.70	1	32.20
271.141	28.65	4.26	121.92	11.49	8.21	94.35	77.40	1	32.10
271.202	28.77	4.25	122.24	11.56	8.00	92.52	75.70	1	31.90
271.306	29.06	4.22	122.54	11.54	8.10	93.50	76.30	1	31.90
271.451	29.40	4.20	123.39	11.48	8.30	95.33	77.30	1	31.60
271.512	29.53	4.17	123.11	11.52	8.38	96.48	78.40	1	31.50
271.616	29.54	4.17	123.16	11.49	8.34	95.84	77.80	1	31.80
271.761	29.55	4.16	123.07	11.51	8.20	94.38	76.70	1	31.50
271.822	29.59	4.15	122.86	11.55	8.17	94.32	76.80	1	31.50
271.926	29.54	4.17	123.05	11.63	8.04	93.55	76.00	1	31.60
272.071	29.57	4.17	123.20	11.60	8.11	94.08	76.40	1	31.60
272.132	29.56	4.16	123.01	11.60	8.10	93.97	76.40	1	31.50
272.236	29.49	4.16	122.58	11.63	8.15	94.71	77.30	1	31.50
272.381	29.87	4.12	123.16	11.61	8.12	94.26	76.50	1	31.30
272.442	29.92	4.12	123.30	11.59	8.11	93.99	76.20	1	31.20
272.546	29.95	4.11	123.07	11.62	8.06	93.68	76.10	1	31.30
272.691	30.08	4.08	122.77	11.67	7.98	93.09	75.80	1	31.20
272.752	30.12	4.08	122.83	11.60	8.13	94.24	76.70	1	31.00
272.856	30.32	4.07	123.52	11.58	8.21	95.11	77.00	1	31.00
273.001	30.59	4.05	123.87	11.62	8.08	93.91	75.80	1	30.70
273.062	30.76	4.01	123.42	11.63	8.09	94.04	76.20	1	30.70
273.166	30.59	4.03	123.39	11.56	8.20	94.83	76.90	1	30.90
273.311	30.65	4.04	123.73	11.62	7.98	92.64	74.90	1	31.00
273.372	30.53	4.05	123.54	11.60	7.99	92.62	75.00	1	31.00
273.476	30.48	4.06	123.60	11.62	8.09	94.04	76.10	1	31.00
273.621	30.28	4.06	122.98	11.57	8.22	95.06	77.30	1	31.00
273.682	30.49	4.04	123.18	11.64	8.02	93.43	75.80	1	30.90
273.786	30.55	4.03	123.06	11.62	8.06	93.62	76.10	1	30.90
273.931	30.36	4.05	122.97	11.63	8.06	93.74	76.20	1	31.00
273.992	30.36	4.06	123.30	11.64	7.96	92.66	75.20	1	31.00
274.096	30.46	4.05	123.27	11.63	8.09	94.13	76.40	1	31.00
274.241	30.29	4.09	123.91	11.56	8.13	94.03	75.90	1	31.20
274.302	30.36	4.07	123.50	11.68	7.89	92.12	74.60	1	31.20
274.406	30.28	4.07	123.27	11.61	8.07	93.71	76.00	1	31.00
274.551	30.22	4.06	122.78	11.64	8.06	93.82	76.40	1	31.20
274.612	30.14	4.07	122.80	11.65	7.99	93.09	75.80	1	31.00
274.716	30.42	4.04	122.91	11.65	8.09	94.25	76.70	1	30.90
274.861	30.56	4.03	123.14	11.58	8.16	94.56	76.80	1	30.90
274.922	30.75	4.01	123.39	11.64	7.94	92.37	74.90	1	30.70
275.026	30.60	4.01	122.62	11.57	8.13	94.01	76.70	1	30.90
275.171	30.74	3.99	122.74	11.60	8.07	93.54	76.20	1	30.60
275.232	30.75	3.98	122.53	11.61	8.15	94.64	77.20	1	30.60
275.336	30.71	3.99	122.58	11.63	8.03	93.32	76.10	1	30.90
275.481	30.74	3.99	122.80	11.59	8.12	94.09	76.60	1	30.70
275.542	30.60	4.01	122.61	11.61	8.00	92.91	75.80	1	30.70
275.646	30.86	3.98	122.88	11.55	8.23	95.11	77.40	1	30.60
275.791	30.96	3.99	123.66	11.58	8.08	93.51	75.60	1	30.70
275.852	30.82	4.00	123.14	11.63	8.08	94.04	76.40	1	30.90
275.956	30.60	4.01	122.62	11.62	7.99	92.83	75.70	1	30.90
276.101	30.42	4.06	123.53	11.67	7.96	92.89	75.20	1	31.20
276.162	30.36	4.07	123.44	11.60	8.06	93.47	75.70	1	31.30
276.266	30.22	4.08	123.21	11.65	8.09	94.22	76.50	1	31.20
276.411	30.46	4.06	123.71	11.61	8.17	94.86	76.70	1	31.00
276.472	30.44	4.06	123.43	11.69	7.98	93.27	75.60	1	30.90
276.576	30.37	4.06	123.35	11.59	8.10	93.93	76.10	1	31.00
276.721	30.53	4.05	123.63	11.64	8.10	94.25	76.20	1	31.00
276.782	30.26	4.07	123.08	11.59	8.17	94.71	76.90	1	30.90
276.886	30.47	4.05	123.36	11.66	8.04	93.72	76.00	1	30.70
277.031	30.65	4.02	123.22	11.64	8.08	94.08	76.40	1	30.90
277.092	30.73	4.00	122.91	11.67	8.05	93.99	76.50	1	30.90
277.196	30.71	4.00	122.94	11.63	8.13	94.54	76.90	1	30.70
277.341	30.76	4.00	123.16	11.62	8.02	93.22	75.70	1	30.90
277.402	30.65	4.01	122.96	11.57	8.20	94.91	77.20	1	30.90
277.506	30.81	3.99	122.88	11.69	7.87	92.03	74.90	1	30.70
277.651	30.84	4.00	123.25	11.64	8.01	93.27	75.70	1	30.90
277.712	30.63	4.02	123.24	11.66	7.91	92.25	74.90	1	31.00
277.816	30.49	4.05	123.57	11.61	8.24	95.61	77.40	1	31.20
277.961	30.27	4.08	123.43	11.65	8.16	95.09	77.00	1	31.20
278.022	30.34	4.06	123.04	11.66	8.10	94.37	76.70	1	31.00
278.126	30.28	4.06	123.06	11.65	8.06	93.85	76.30	1	31.20
278.271	30.44	4.04	123.10	11.71	7.99	93.49	76.00	1	31.00
278.332	30.43	4.05	123.37	11.66	8.07	94.03	76.20	1	30.90
278.436	30.76	4.00	123.05	11.66	8.07	94.03	76.40	1	30.70
278.581	30.44	4.03	122.71	11.58	8.15	94.44	77.00	1	30.70
278.642	30.70	3.99	122.40	11.63	8.01	93.17	76.10	1	30.60
278.746	30.81	3.98	122.70	11.58	8.09	93.60	76.30	1	30.90
278.891	30.90	3.98	123.02	11.61	8.07	93.68	76.10	1	30.70
278.952	30.78	4.00	123.09	11.58	8.18	94.70	76.90	1	30.60
279.056	31.02	3.98	123.37	11.63	8.08	94.00	76.20	1	30.40
279.201	31.13	3.94	122.69	11.62	8.10	94.15	76.70	1	30.40
279.262	30.87	3.96	122.17	11.62	7.96	92.53	75.70	1	30.60
279.366	31.05	3.95	122.61	11.57	8.16	94.35	77.00	1	30.60
279.511	30.79	3.99	122.87	11.58	8.08	93.62	76.20	1	30.40
279.572	30.96	3.95	122.43	11.62	8.07	93.83	76.60	1	30.40
279.676	31.04	3.96	122.85	11.61	7.99	92.77	75.50	1	30.30
279.821	31.19	3.94	122.81	11.62	7.98	92.65	75.40	1	30.40
279.882	31.10	3.94	122.70	11.56	8.05	93.08	75.90	1	30.40
279.986	31.19	3.93	122.62	11.58	8.06	93.29	76.10	1	30.40
280.131	31.11	3.95	122.76	11.58	8.06	93.40	76.10	1	30.40
280.192	31.05	3.95	122.68	11.67	7.92	92.50	75.40	1	30.40
280.296	31.10	3.94	122.55	11.58	8.07	93.40	76.20	1	30.30
280.441	31.25	3.93	122.77	11.64	8.10	94.20	76.70	1	30.60
280.502	31.03	3.96	122.76	11.59	8.10	93.87	76.50	1	30.70
280.606	30.81	3.96	122.13	11.63	8.21	95.47	78.20	1	30.60
280.751	30.76	4.02	123.78	11.62	8.15	94.64	76.50	1	30.90
280.812	30.70	4.03	123.56	11.67	8.00	93.37	75.60	1	31.00
280.916	30.60	4.03	123.41	11.64	8.05	93.75	76.00	1	30.90
281.061	30.62	4.04	123.57	11.61	8.06	93.65	75.80	1	31.20
281.122	30.53	4.05	123.67	11.63	8.12	94.46	76.40	1	31.30
281.226	30.30	4.06	123.06	11.74	7.95	93.31	75.80	1	31.20
281.371	30.32	4.06	122.96	11.72	8.02	94.04	76.50	1	31.30
281.432	30.23	4.08	123.28	11.71	7.95	93.07	75.50	1	31.20
281.536	30.59	4.04	123.61	11.68	8.10	94.57	76.50	1	31.00
281.681	30.54	4.06	124.03	11.65	8.13	94.66	76.30	1	31.30
281.742	30.39	4.06	123.42	11.73	8.00	93.78	76.00	1	31.30
281.846	30.17	4.08	123.09	11.67	8.03	93.76	76.20	1	31.30
281.991	30.34	4.06	123.24	11.74	7.96	93.40	75.80	1	31.20
282.052	30.31	4.06	123.21	11.74	7.88	92.50	75.10	1	31.00
282.156	30.45	4.05	123.31	11.72	8.08	94.66	76.80	1	31.20
282.301	30.29	4.08	123.44	11.69	8.13	95.11	77.10	1	31.30
282.362	30.27	4.08	123.62	11.73	7.95	93.27	75.40	1	31.30
282.466	30.07	4.10	123.43	11.70	8.11	94.89	76.90	1	31.20
282.611	30.22	4.07	123.08	11.64	8.23	95.87	77.90	1	31.20
282.672	30.40	4.05	123.12	11.70	8.05	94.13	76.50	1	31.20
282.776	30.20	4.08	123.37	11.67	8.04	93.82	76.00	1	31.30
282.921	30.07	4.10	123.17	11.68	8.05	93.97	76.30	1	31.30
282.982	29.92	4.11	122.90	11.66	7.92	92.37	75.20	1	31.50
283.086	29.98	4.11	123.34	11.74	7.93	93.06	75.50	1	31.60
283.231	29.81	4.13	123.18	11.62	8.14	94.60	76.80	1	31.60
283.292	29.80	4.13	123.11	11.63	7.97	92.77	75.40	1	31.50
283.396	29.70	4.13	122.75	11.67	8.06	94.09	76.60	1	31.60
283.541	29.64	4.15	122.95	11.61	8.22	95.44	77.60	1	31.60
283.602	29.66	4.15	122.95	11.64	8.08	94.03	76.50	1	31.80
283.706	29.39	4.18	122.94	11.62	7.99	92.85	75.50	1	31.90
283.851	29.33	4.17	122.43	11.73	7.83	91.82	75.00	1	31.80
283.912	29.28	4.19	122.56	11.67	7.85	91.59	74.70	1	31.80
284.016	29.63	4.15	123.10	11.78	7.73	90.99	73.90	1	31.50
284.161	29.96	4.11	123.14	11.72	7.84	91.86	74.60	1	31.30
284.222	29.77	4.12	122.75	11.65	7.91	92.13	75.10	1	31.50
284.326	29.97	4.10	122.88	11.69	7.87	92.05	74.90	1	31.30
284.471	30.05	4.10	123.31	11.67	7.90	92.25	74.80	1	31.30
284.532	30.10	4.10	123.52	11.73	7.86	92.16	74.60	1	31.50
284.636	29.83	4.13	123.30	11.61	8.10	94.01	76.20	1	31.60
284.781	29.96	4.13	123.70	11.64	7.96	92.68	74.90	1	31.50
284.842	29.97	4.11	123.30	11.69	7.96	93.08	75.50	1	31.30
284.946	29.87	4.12	123.00	11.71	7.86	92.02	74.80	1	31.50
285.091	30.01	4.13	123.97	11.68	8.06	94.12	75.90	1	31.50
285.152	29.71	4.16	123.59	11.60	8.16	94.62	76.60	1	31.60
285.256	29.84	4.14	123.44	11.56	8.24	95.24	77.20	1	31.60
285.401	29.57	4.16	123.10	11.60	8.10	93.90	76.30	1	31.50
285.462	29.64	4.16	123.27	11.65	8.04	93.72	76.00	1	31.30
285.566	29.86	4.14	123.48	11.59	8.12	94.08	76.20	1	31.30
285.711	30.19	4.09	123.56	11.66	7.99	93.20	75.40	1	31.20
285.772	30.28	4.08	123.62	11.70	8.09	94.62	76.50	1	31.30
285.876	30.19	4.09	123.46	11.65	7.99	93.13	75.40	1	31.20
286.021	30.45	4.05	123.47	11.69	8.05	94.11	76.20	1	31.00
286.082	30.40	4.06	123.56	11.64	8.14	94.74	76.70	1	31.00
286.186	30.31	4.07	123.39	11.59	8.15	94.40	76.50	1	31.20
286.331	30.01	4.11	123.36	11.62	8.20	95.25	77.20	1	31.20
286.392	30.24	4.09	123.65	11.69	7.98	93.34	75.50	1	31.00
286.496	30.21	4.09	123.48	11.67	7.98	93.10	75.40	1	31.20
286.641	30.22	4.07	123.06	11.72	7.90	92.62	75.30	1	31.00
286.702	30.33	4.05	122.82	11.72	8.06	94.48	76.90	1	31.00
286.806	30.29	4.07	123.27	11.62	8.11	94.27	76.50	1	31.30
286.951	30.04	4.10	123.06	11.72	7.98	93.58	76.00	1	31.30
287.012	30.03	4.11	123.53	11.61	8.09	93.93	76.00	1	31.20
287.116	30.28	4.07	123.18	11.73	7.96	93.46	75.90	1	31.20
287.261	30.28	4.08	123.46	11.66	8.08	94.27	76.40	1	31.30
287.322	30.32	4.07	123.38	11.70	8.00	93.58	75.80	1	31.50
287.426	29.99	4.10	122.96	11.68	7.89	92.22	75.00	1	31.50
287.571	29.93	4.10	122.76	11.74	7.90	92.71	75.50	1	31.30
287.632	30.07	4.10	123.30	11.69	8.11	94.76	76.90	1	31.20
287.736	30.12	4.08	122.91	11.62	8.15	94.75	77.10	1	31.30
287.881	29.98	4.10	123.06	11.75	7.94	93.26	75.80	1	31.50
287.942	29.65	4.14	122.86	11.71	7.97	93.24	75.90	1	31.60
288.046	29.60	4.16	123.06	11.72	7.95	93.19	75.70	1	31.80
288.191	29.30	4.17	122.27	11.52	8.22	94.64	77.40	1	31.80
288.252	29.46	4.18	123.03	11.58	8.06	93.28	75.80	1	31.80
288.356	29.03	4.21	122.11	11.58	7.93	91.86	75.20	1	31.80
288.501	29.26	4.19	122.66	11.64	8.03	93.41	76.10	1	31.60
288.562	29.47	4.16	122.57	11.64	8.13	94.59	77.20	1	31.50
288.666	29.71	4.14	122.93	11.58	8.08	93.62	76.20	1	31.30
288.811	29.89	4.11	123.01	11.64	8.17	95.06	77.30	1	31.30
288.872	29.91	4.12	123.17	11.62	8.11	94.24	76.50	1	31.30
288.976	30.11	4.10	123.57	11.70	7.96	93.17	75.40	1	31.20
289.121	30.02	4.10	123.13	11.67	8.00	93.39	75.90	1	31.30
289.182	30.14	4.07	122.66	11.68	8.04	93.93	76.60	1	31.20
289.286	30.27	4.07	123.23	11.66	8.03	93.67	76.00	1	31.00
289.431	30.47	4.03	122.80	11.67	8.04	93.81	76.40	1	30.90
289.492	30.41	4.05	123.25	11.62	8.17	94.91	77.00	1	31.00
289.596	30.30	4.07	123.28	11.70	7.93	92.71	75.20	1	31.20
289.741	30.54	4.04	123.37	11.65	8.02	93.41	75.70	1	30.90
289.802	30.54	4.03	123.21	11.69	7.85	91.68	74.40	1	30.90
289.906	30.57	4.02	122.75	11.62	8.07	93.75	76.40	1	31.00
290.051	30.45	4.07	123.77	11.73	8.05	94.45	76.30	1	31.20
290.112	30.53	4.05	123.57	11.73	8.11	95.09	77.00	1	31.30
290.216	30.23	4.08	123.29	11.71	8.00	93.60	75.90	1	31.20
290.361	30.36	4.05	122.87	11.72	8.01	93.84	76.40	1	31.00
290.422	30.40	4.05	123.09	11.69	7.91	92.41	75.10	1	31.00
290.526	30.64	4.01	122.91	11.73	8.00	93.78	76.30	1	30.90
290.671	30.92	4.00	123.54	11.65	8.22	95.74	77.50	1	30.70
290.732	31.05	3.98	123.67	11.60	8.18	94.89	76.70	1	30.60
290.836	31.01	3.97	122.98	11.58	8.22	95.11	77.30	1	30.70
290.981	30.92	3.97	122.84	11.57	8.10	93.70	76.30	1	30.60
291.042	31.13	3.96	123.14	11.62	8.16	94.79	77.00	1	30.60
291.146	31.10	3.95	122.80	11.50	8.21	94.45	76.90	1	30.60
291.291	30.99	3.99	123.53	11.59	8.17	94.65	76.60	1	30.90
291.352	30.81	4.00	123.16	11.59	8.20	95.05	77.20	1	30.90
291.456	30.76	4.03	123.87	11.67	7.95	92.70	74.80	1	30.90
291.601	30.66	4.04	123.96	11.72	7.98	93.55	75.50	1	30.90
291.662	30.66	4.03	123.52	11.62	8.10	94.14	76.20	1	30.70
291.766	30.78	4.01	123.37	11.70	7.94	92.91	75.30	1	31.00
291.911	30.38	4.06	123.41	11.64	8.02	93.33	75.60	1	31.00
291.972	30.61	4.04	123.57	11.67	7.98	93.15	75.40	1	31.00
292.076	30.41	4.06	123.49	11.62	8.13	94.45	76.50	1	31.20
292.221	30.20	4.08	123.22	11.67	8.02	93.61	76.00	1	31.20
292.282	30.11	4.10	123.34	11.62	8.18	95.08	77.10	1	31.20
292.386	30.35	4.07	123.56	11.72	7.91	92.70	75.00	1	31.20
292.531	30.38	4.05	123.02	11.67	8.14	94.95	77.20	1	31.20
292.592	30.28	4.07	123.15	11.63	8.02	93.31	75.80	1	31.20
292.696	30.36	4.07	123.68	11.71	7.95	93.10	75.30	1	31.20
292.841	30.28	4.08	123.40	11.62	8.26	96.01	77.80	1	31.20
292.902	30.33	4.06	123.06	11.72	8.06	94.51	76.80	1	31.20
293.006	30.25	4.08	123.47	11.68	8.00	93.42	75.70	1	31.20
293.151	30.29	4.09	123.91	11.71	8.12	95.02	76.70	1	31.20
293.212	30.29	4.09	123.84	11.64	8.16	94.98	76.70	1	31.00
293.316	30.34	4.06	123.14	11.76	7.82	91.95	74.70	1	31.00
293.461	30.82	4.00	123.41	11.69	8.12	94.94	76.90	1	30.70
293.522	30.76	4.01	123.26	11.65	8.11	94.46	76.60	1	30.90
293.626	30.77	3.98	122.60	11.74	7.91	92.82	75.70	1	30.70
293.771	30.67	4.01	123.11	11.72	7.98	93.54	76.00	1	31.00
293.832	30.56	4.01	122.47	11.72	8.15	95.54	78.00	1	31.00
293.936	30.52	4.03	123.07	11.63	8.16	94.87	77.10	1	31.20
294.081	30.16	4.09	123.31	11.66	8.10	94.45	76.60	1	31.30
294.142	29.99	4.12	123.49	11.59	8.20	95.00	76.90	1	31.30
294.246	29.96	4.11	123.23	11.71	7.89	92.38	75.00	1	31.50
294.391	30.01	4.10	122.96	11.71	8.03	94.01	76.50	1	31.50
294.452	29.84	4.12	122.94	11.71	7.89	92.48	75.20	1	31.50
294.556	29.98	4.12	123.61	11.65	8.18	95.30	77.10	1	31.50
294.701	29.70	4.14	123.00	11.70	7.99	93.45	76.00	1	31.60
294.762	29.75	4.13	122.94	11.73	8.02	94.15	76.60	1	31.60
294.866	29.41	4.16	122.31	11.60	8.10	93.94	76.80	1	31.60
295.011	29.58	4.15	122.79	11.72	7.90	92.60	75.40	1	31.60
295.072	29.62	4.16	123.15	11.63	8.01	93.15	75.60	1	31.50
295.176	29.88	4.12	123.18	11.70	7.96	93.10	75.60	1	31.50
295.321	29.94	4.13	123.56	11.61	8.14	94.55	76.50	1	31.50
295.382	30.00	4.12	123.45	11.61	8.02	93.13	75.40	1	31.30
295.486	29.72	4.14	122.93	11.62	8.16	94.77	77.10	1	31.50
295.631	29.89	4.12	123.12	11.59	8.09	93.70	76.10	1	31.20
295.692	30.17	4.09	123.37	11.65	8.07	93.96	76.20	1	31.20
295.796	30.07	4.08	122.82	11.66	7.89	91.97	74.90	1	31.20
295.941	30.28	4.07	123.25	11.69	8.12	94.85	77.00	1	31.20
296.002	30.23	4.08	123.38	11.65	8.06	93.99	76.20	1	31.00
296.106	30.37	4.06	123.16	11.64	8.07	93.93	76.30	1	31.00
296.251	30.23	4.07	123.15	11.62	8.01	93.11	75.60	1	31.00
296.312	30.36	4.05	122.82	11.65	8.04	93.73	76.30	1	31.20
296.416	30.17	4.08	123.01	11.65	8.06	93.92	76.30	1	31.20
296.561	29.89	4.09	122.37	11.67	8.08	94.27	77.00	1	31.20
296.622	30.01	4.10	122.91	11.64	8.23	95.73	77.90	1	31.20
296.726	30.27	4.07	123.12	11.71	7.87	92.22	74.90	1	31.20
296.871	30.42	4.04	122.96	11.73	8.06	94.53	76.90	1	31.00
296.932	30.37	4.04	122.83	11.68	8.12	94.79	77.20	1	31.00
297.036	30.35	4.04	122.61	11.65	8.03	93.55	76.30	1	31.20
297.181	30.24	4.07	123.00	11.71	7.97	93.26	75.80	1	31.20
297.242	30.28	4.07	123.11	11.75	8.03	94.34	76.60	1	31.30
297.346	30.02	4.10	123.01	11.65	8.11	94.55	76.90	1	31.30
297.491	29.93	4.11	122.95	11.58	8.23	95.35	77.60	1	31.50
297.552	29.89	4.11	122.93	11.55	8.34	96.33	78.40	1	31.50
297.656	30.01	4.12	123.62	11.55	8.16	94.22	76.20	1	31.20
297.801	30.20	4.08	123.09	11.69	7.99	93.35	75.80	1	31.00
297.862	30.22	4.08	123.25	11.68	8.05	93.98	76.30	1	31.20
297.966	30.27	4.08	123.47	11.71	8.08	94.58	76.60	1	31.30
298.111	29.93	4.10	122.84	11.69	7.89	92.25	75.10	1	31.20
298.172	30.02	4.09	122.69	11.77	7.80	91.78	74.80	1	31.30
298.276	30.06	4.10	123.12	11.67	7.99	93.25	75.70	1	31.50
298.421	29.76	4.14	123.08	11.69	7.90	92.37	75.00	1	31.60
298.482	29.79	4.14	123.28	11.74	7.86	92.20	74.80	1	31.60
298.586	29.54	4.17	123.02	11.74	7.86	92.22	75.00	1	31.80
298.731	29.81	4.15	123.75	11.69	8.12	94.84	76.60	1	31.80
298.792	29.57	4.17	123.17	11.64	8.12	94.58	76.80	1	31.90
298.896	29.58	4.16	123.15	11.65	8.22	95.73	77.70	1	31.80
299.041	29.43	4.18	122.91	11.70	8.15	95.34	77.60	1	31.80
299.102	29.31	4.19	122.83	11.67	8.01	93.53	76.10	1	31.80
299.206	29.27	4.18	122.47	11.71	8.03	94.06	76.80	1	31.90
299.351	29.08	4.20	122.14	11.65	7.90	92.01	75.30	1	31.90
299.412	29.28	4.20	122.89	11.72	7.83	91.81	74.70	1	31.90
299.516	29.07	4.22	122.60	11.58	7.91	91.64	74.80	1	32.10
299.661	29.15	4.21	122.66	11.55	8.17	94.37	76.90	1	31.90
299.722	29.19	4.21	122.80	11.62	8.11	94.23	76.70	1	31.90
299.826	28.95	4.21	121.90	11.59	7.90	91.61	75.20	1	32.10
299.971	28.79	4.24	122.03	11.57	7.97	92.16	75.50	1	32.10
300.032	28.79	4.23	121.81	11.58	8.10	93.80	77.00	1	32.10
300.136	28.92	4.22	122.09	11.58	7.86	91.07	74.60	1	31.90
300.281	29.54	4.18	123.40	11.62	8.15	94.70	76.70	1	31.60
300.342	29.46	4.19	123.40	11.63	8.04	93.51	75.80	1	31.60
300.446	29.64	4.16	123.27	11.72	7.90	92.52	75.10	1	31.80
300.591	29.47	4.18	123.25	11.64	8.15	94.86	77.00	1	31.80
300.652	29.33	4.19	122.89	11.58	8.13	94.12	76.60	1	31.80
300.756	29.43	4.16	122.47	11.69	8.03	93.92	76.70	1	31.90
300.901	29.03	4.22	122.39	11.59	8.03	92.97	76.00	1	31.90
300.962	29.12	4.21	122.55	11.63	8.00	93.10	76.00	1	31.90
301.066	29.29	4.20	123.15	11.63	8.05	93.69	76.10	1	31.80
301.211	29.63	4.17	123.50	11.56	8.23	95.20	77.10	1	31.50
301.272	29.85	4.14	123.47	11.64	8.26	96.12	77.80	1	31.50
301.376	29.79	4.13	123.04	11.54	8.30	95.73	77.80	1	31.50
301.521	29.86	4.15	123.93	11.60	8.09	93.85	75.70	1	31.60
301.582	29.65	4.16	123.28	11.63	8.12	94.45	76.60	1	31.80
301.686	29.55	4.18	123.45	11.68	8.02	93.65	75.90	1	31.60
301.831	30.21	4.12	124.60	11.66	8.08	94.19	75.60	1	31.30
301.892	30.25	4.10	124.08	11.65	8.02	93.39	75.30	1	31.20
301.996	30.21	4.08	123.38	11.70	7.99	93.43	75.70	1	31.20
302.141	30.17	4.10	123.61	11.64	7.95	92.62	74.90	1	31.50
302.202	30.10	4.09	122.99	11.74	7.91	92.86	75.50	1	31.30
302.306	29.92	4.11	122.96	11.70	8.06	94.26	76.70	1	31.50
302.451	29.72	4.16	123.48	11.61	8.15	94.70	76.70	1	31.80
302.512	29.60	4.17	123.31	11.64	8.19	95.28	77.30	1	31.90
302.616	29.42	4.19	123.27	11.64	8.00	93.13	75.60	1	31.80
302.761	29.40	4.21	123.78	11.75	7.92	93.06	75.20	1	32.10
302.822	29.12	4.24	123.33	11.68	7.90	92.25	74.80	1	31.90
302.926	29.03	4.23	122.77	11.72	7.82	91.61	74.60	1	32.10
303.071	29.04	4.23	122.71	11.69	8.05	94.15	76.70	1	31.80
303.132	29.24	4.22	123.31	11.68	8.02	93.64	75.90	1	31.60
303.236	29.49	4.18	123.24	11.58	8.08	93.56	75.90	1	31.50
303.381	29.85	4.15	123.89	11.60	8.11	94.10	76.00	1	31.60
303.442	29.82	4.15	123.65	11.66	8.08	94.22	76.20	1	31.60
303.546	29.58	4.18	123.67	11.67	7.98	93.12	75.30	1	31.80
303.691	29.40	4.21	123.68	11.66	8.00	93.32	75.40	1	31.60
303.752	29.34	4.20	123.31	11.66	8.04	93.73	76.00	1	31.60
303.856	29.75	4.15	123.31	11.68	8.01	93.56	75.90	1	31.50
304.001	29.83	4.15	123.76	11.62	8.05	93.51	75.60	1	31.50
304.062	29.89	4.13	123.43	11.65	8.08	94.12	76.30	1	31.50
304.166	29.92	4.13	123.67	11.63	8.18	95.10	76.90	1	31.20
304.311	30.06	4.10	123.35	11.71	8.03	94.07	76.30	1	31.30
304.372	30.03	4.12	123.76	11.67	8.04	93.85	75.80	1	31.50
304.476	30.07	4.11	123.68	11.76	7.92	93.06	75.20	1	31.60
304.621	29.72	4.13	122.88	11.75	7.95	93.47	76.10	1	31.60
304.682	29.63	4.16	123.15	11.70	7.94	92.92	75.50	1	31.80
304.786	29.56	4.17	123.14	11.60	8.22	95.36	77.40	1	31.80
304.931	29.31	4.18	122.40	11.63	7.98	92.82	75.80	1	31.60
304.992	29.49	4.17	122.93	11.73	7.90	92.63	75.40	1	31.50
305.096	29.74	4.15	123.32	11.64	8.10	94.32	76.50	1	31.30
305.241	30.14	4.08	123.00	11.74	7.91	92.87	75.50	1	31.30
305.302	29.94	4.10	122.79	11.69	7.94	92.82	75.60	1	31.30
305.406	30.13	4.08	123.04	11.81	7.78	91.84	74.60	1	31.30
305.551	30.12	4.09	123.10	11.67	8.14	94.98	77.20	1	31.50
305.612	29.95	4.11	123.11	11.65	8.07	93.99	76.30	1	31.50
305.716	29.84	4.13	123.11	11.71	7.92	92.68	75.30	1	31.50
305.861	29.88	4.12	123.05	11.68	8.02	93.65	76.10	1	31.30
305.922	30.04	4.10	123.09	11.69	8.13	95.03	77.20	1	31.50
306.026	29.85	4.12	123.06	11.56	8.24	95.29	77.40	1	31.50
306.171	29.81	4.14	123.30	11.64	8.01	93.18	75.60	1	31.60
306.232	29.77	4.13	122.97	11.60	8.09	93.87	76.30	1	31.50
306.336	29.64	4.14	122.86	11.68	8.03	93.75	76.30	1	31.60
306.481	29.64	4.16	123.22	11.66	8.03	93.67	76.00	1	31.80
306.542	29.46	4.18	123.22	11.63	8.04	93.52	75.90	1	31.90
306.646	29.36	4.17	122.47	11.69	7.84	91.67	74.90	1	31.80
306.791	29.12	4.20	122.37	11.64	7.90	92.02	75.20	1	31.90
306.852	29.30	4.20	122.95	11.71	7.70	90.20	73.40	1	31.90
306.956	29.11	4.22	122.75	11.61	8.00	92.83	75.60	1	32.10
307.101	29.38	4.21	123.66	11.57	8.10	93.75	75.80	1	31.80
307.162	29.53	4.17	123.25	11.68	8.03	93.80	76.10	1	31.80
307.266	29.34	4.19	122.90	11.61	8.12	94.21	76.70	1	31.80
307.411	29.27	4.19	122.72	11.63	8.06	93.73	76.40	1	31.90
307.472	29.13	4.20	122.50	11.58	8.09	93.68	76.50	1	32.10
307.576	29.21	4.19	122.36	11.64	7.86	91.41	74.70	1	31.90
307.721	29.29	4.19	122.66	11.72	7.75	90.83	74.10	1	32.20
307.782	28.91	4.22	121.96	11.62	7.79	90.54	74.20	1	32.20
307.886	29.10	4.19	122.00	11.68	7.78	90.86	74.50	1	32.10
308.031	29.06	4.22	122.58	11.56	8.15	94.24	76.90	1	31.90
308.092	28.98	4.22	122.30	11.61	7.96	92.49	75.60	1	31.80
308.196	28.99	4.22	122.36	11.58	8.01	92.76	75.80	1	31.90
308.341	29.05	4.21	122.30	11.54	8.12	93.74	76.60	1	31.90
308.402	29.25	4.19	122.68	11.56	8.26	95.46	77.80	1	31.90
308.506	29.03	4.22	122.49	11.54	8.13	93.89	76.60	1	32.10
308.651	28.99	4.23	122.52	11.59	8.08	93.64	76.40	1	31.90
308.712	29.22	4.20	122.58	11.61	8.17	94.90	77.40	1	31.90
308.816	28.90	4.21	121.80	11.59	8.07	93.50	76.80	1	32.10
308.961	29.08	4.23	122.93	11.65	7.92	92.30	75.10	1	32.10
309.022	29.03	4.24	123.08	11.52	8.14	93.81	76.20	1	31.90
309.126	29.17	4.21	122.91	11.65	7.98	92.97	75.60	1	31.90
309.271	29.17	4.21	122.93	11.66	8.04	93.73	76.20	1	32.10
309.332	29.01	4.23	122.79	11.52	8.15	93.90	76.50	1	31.90
309.436	29.21	4.21	122.98	11.54	8.27	95.50	77.70	1	31.90
309.581	29.00	4.22	122.43	11.62	8.15	94.72	77.40	1	32.10
309.642	28.87	4.24	122.30	11.64	7.96	92.64	75.70	1	32.10
309.746	29.05	4.21	122.28	11.66	7.97	92.90	76.00	1	31.90
309.891	29.40	4.16	122.46	11.54	8.19	94.45	77.10	1	31.60
309.952	29.58	4.15	122.69	11.63	8.09	94.12	76.70	1	31.60
310.056	29.71	4.14	123.05	11.66	8.01	93.35	75.90	1	31.50
310.201	29.75	4.14	123.20	11.71	8.02	93.87	76.20	1	31.60
310.262	29.78	4.12	122.73	11.74	8.00	93.88	76.50	1	31.80
310.366	29.44	4.16	122.52	11.64	8.09	94.12	76.80	1	31.80
310.511	29.85	4.13	123.27	11.64	8.10	94.26	76.50	1	31.50
310.572	29.94	4.12	123.46	11.61	8.07	93.68	75.90	1	31.30
310.676	30.16	4.08	123.05	11.71	8.07	94.51	76.80	1	31.30
310.821	30.13	4.08	122.93	11.64	8.15	94.91	77.20	1	31.20
310.882	30.22	4.08	123.24	11.73	8.02	94.04	76.30	1	31.00
310.986	30.47	4.06	123.62	11.66	8.12	94.73	76.60	1	30.90
311.131	30.62	4.04	123.57	11.68	8.01	93.51	75.70	1	31.00
311.192	30.70	4.02	123.53	11.69	8.15	95.23	77.10	1	31.20
311.296	30.44	4.05	123.24	11.74	7.83	91.91	74.60	1	31.00
311.441	30.42	4.03	122.74	11.74	8.12	95.27	77.60	1	31.20
311.502	30.26	4.06	122.82	11.64	8.16	94.95	77.30	1	31.20
311.606	30.27	4.07	123.08	11.74	7.89	92.70	75.30	1	31.20
311.751	30.08	4.10	123.34	11.71	8.04	94.16	76.30	1	31.30
311.812	30.15	4.09	123.26	11.80	7.82	92.32	74.90	1	31.30
311.916	30.26	4.06	123.00	11.68	8.05	94.07	76.50	1	31.20
312.061	30.25	4.07	123.25	11.74	7.94	93.18	75.60	1	31.30
312.122	30.24	4.06	122.91	11.69	8.15	95.26	77.50	1	31.30
312.226	30.16	4.09	123.52	11.76	7.96	93.65	75.80	1	31.50
312.371	30.03	4.13	123.96	11.79	8.02	94.59	76.30	1	31.60
312.432	29.87	4.15	123.86	11.68	8.15	95.18	76.80	1	31.60
312.536	29.93	4.12	123.38	11.67	8.13	94.89	76.90	1	31.50
312.681	29.66	4.15	123.05	11.72	7.87	92.25	75.00	1	31.50
312.742	29.92	4.13	123.43	11.81	7.81	92.26	74.80	1	31.50
312.846	30.13	4.10	123.55	11.70	7.96	93.18	75.40	1	31.30
312.991	30.14	4.10	123.48	11.78	7.91	93.20	75.50	1	31.30
313.052	30.23	4.08	123.48	11.70	8.16	95.51	77.40	1	31.20
313.156	30.33	4.07	123.44	11.70	8.06	94.36	76.40	1	31.20
313.301	30.17	4.08	123.03	11.76	8.09	95.16	77.30	1	31.30
313.362	30.10	4.09	123.12	11.64	8.22	95.70	77.70	1	31.20
313.466	30.35	4.06	123.24	11.74	7.97	93.57	75.90	1	31.00
313.611	30.52	4.04	123.36	11.70	8.05	94.26	76.40	1	31.20
313.672	30.69	4.02	123.45	11.75	8.04	94.45	76.50	1	31.30
313.776	30.36	4.06	123.21	11.75	7.94	93.26	75.70	1	31.30
313.921	30.26	4.06	122.81	11.82	7.80	92.16	75.00	1	31.20
313.982	30.21	4.05	122.48	11.82	7.92	93.62	76.40	1	31.20
314.086	30.20	4.07	123.05	11.78	7.87	92.69	75.30	1	31.20
314.231	30.51	4.04	123.25	11.82	8.12	96.06	77.90	1	31.30
314.292	30.30	4.07	123.18	11.71	8.20	96.00	77.90	1	31.30
314.396	30.26	4.06	122.87	11.69	8.32	97.23	79.10	1	31.30
314.541	30.22	4.09	123.46	11.65	8.26	96.22	77.90	1	31.30
314.602	30.14	4.08	123.10	11.68	8.07	94.26	76.60	1	31.20
314.706	30.21	4.07	123.10	11.70	8.06	94.38	76.70	1	31.20
314.851	30.28	4.08	123.45	11.73	8.04	94.37	76.40	1	31.00
314.912	30.44	4.04	123.00	11.77	8.05	94.74	77.00	1	31.00
315.016	30.39	4.06	123.37	11.64	8.16	95.00	77.00	1	31.30
315.161	30.14	4.07	122.75	11.73	7.89	92.54	75.40	1	31.30
315.222	30.08	4.10	123.17	11.72	7.81	91.58	74.40	1	31.20
315.326	30.26	4.07	123.20	11.76	7.87	92.47	75.10	1	31.00
315.471	30.54	4.03	123.14	11.75	8.01	94.16	76.50	1	30.90
315.532	30.47	4.05	123.27	11.74	7.92	92.96	75.40	1	31.00
315.636	30.55	4.04	123.38	11.65	8.18	95.28	77.20	1	31.20
315.781	30.17	4.10	123.64	11.68	8.17	95.36	77.10	1	31.50
315.842	30.18	4.09	123.53	11.75	8.05	94.53	76.50	1	31.50
315.946	29.93	4.13	123.53	11.71	7.97	93.27	75.50	1	31.30
316.091	30.20	4.09	123.62	11.73	8.01	93.91	76.00	1	31.50
316.152	30.02	4.12	123.65	11.74	7.91	92.85	75.10	1	31.60
316.256	29.96	4.13	123.81	11.73	8.08	94.74	76.50	1	31.60
316.401	29.89	4.17	124.53	11.62	8.14	94.57	75.90	1	31.90
316.462	29.71	4.19	124.47	11.69	7.99	93.34	75.00	1	31.90
316.566	29.46	4.20	123.65	11.66	8.16	95.17	77.00	1	31.80
316.711	29.35	4.21	123.48	11.69	8.09	94.62	76.60	1	31.90
316.772	29.42	4.19	123.31	11.75	8.04	94.56	76.70	1	31.80
316.876	29.37	4.19	123.10	11.70	8.03	93.90	76.30	1	31.80
317.021	29.34	4.19	122.89	11.74	7.92	92.99	75.70	1	31.90
317.082	29.28	4.19	122.82	11.70	8.05	94.20	76.70	1	31.90
317.186	29.35	4.20	123.18	11.66	8.07	94.11	76.40	1	32.10
317.331	29.54	4.18	123.40	11.78	7.87	92.80	75.20	1	32.10
317.392	29.18	4.19	122.39	11.65	7.97	92.84	75.90	1	32.20
317.496	29.13	4.21	122.53	11.74	7.75	91.05	74.30	1	32.10
317.641	29.06	4.22	122.62	11.74	7.97	93.60	76.30	1	32.10
317.702	29.05	4.22	122.49	11.62	8.04	93.46	76.30	1	32.10
317.806	29.23	4.20	122.88	11.71	8.02	93.84	76.40	1	31.90
317.951	29.58	4.17	123.26	11.71	7.99	93.53	75.90	1	31.80
318.012	29.49	4.18	123.20	11.70	7.91	92.50	75.10	1	31.80
318.116	29.57	4.16	122.98	11.77	7.94	93.47	76.00	1	31.90
318.261	29.28	4.20	123.05	11.68	8.03	93.80	76.20	1	32.10
318.322	29.09	4.21	122.62	11.62	8.07	93.82	76.50	1	32.20
318.426	29.00	4.22	122.32	11.70	8.04	94.08	76.90	1	32.10
318.571	28.85	4.24	122.23	11.63	7.92	92.05	75.30	1	32.20
318.632	28.85	4.22	121.86	11.71	7.80	91.35	75.00	1	32.20
318.736	28.84	4.23	121.88	11.58	8.09	93.67	76.90	1	32.10
318.881	29.17	4.22	123.17	11.63	8.09	94.05	76.40	1	31.80
318.942	29.56	4.19	123.78	11.65	8.22	95.72	77.30	1	31.60
319.046	29.66	4.16	123.28	11.62	8.27	96.07	77.90	1	31.50
319.191	30.00	4.12	123.70	11.69	8.17	95.46	77.20	1	31.50
319.252	30.09	4.11	123.60	11.65	8.31	96.84	78.40	1	31.30
319.356	30.24	4.09	123.82	11.67	8.18	95.46	77.10	1	31.20
319.501	30.46	4.07	124.12	11.79	8.03	94.67	76.30	1	31.20
319.562	30.34	4.08	123.77	11.72	8.10	94.84	76.60	1	31.00
319.666	30.70	4.03	123.64	11.71	8.13	95.25	77.00	1	30.90
319.811	30.53	4.05	123.77	11.71	7.94	92.89	75.10	1	31.00
319.872	30.73	4.02	123.65	11.77	7.93	93.30	75.50	1	31.00
319.976	30.52	4.06	123.96	11.74	8.00	93.90	75.80	1	31.20
320.121	30.32	4.07	123.48	11.71	8.13	95.12	77.00	1	31.00
320.182	30.38	4.08	123.89	11.65	8.13	94.69	76.40	1	30.90
320.286	30.71	4.03	123.76	11.78	7.89	92.92	75.10	1	31.00
320.431	30.77	4.03	123.99	11.72	8.05	94.25	76.00	1	31.00
320.492	30.68	4.04	123.92	11.69	8.06	94.21	76.00	1	31.00
320.596	30.41	4.07	123.70	11.72	8.00	93.75	75.80	1	31.20
320.741	30.61	4.05	123.92	11.77	7.84	92.34	74.50	1	30.90
320.802	30.85	4.01	123.70	11.76	7.98	93.93	75.90	1	30.90
320.906	30.81	4.01	123.62	11.70	8.00	93.64	75.70	1	30.90
321.051	30.63	4.04	123.65	11.72	8.12	95.15	76.90	1	31.00
321.112	30.47	4.07	123.91	11.62	8.19	95.16	76.80	1	31.20
321.216	30.37	4.07	123.59	11.68	8.05	94.04	76.10	1	31.00
321.361	30.43	4.05	123.33	11.68	7.95	92.81	75.30	1	31.00
321.422	30.56	4.03	123.07	11.73	8.05	94.42	76.70	1	30.90
321.526	30.49	4.05	123.34	11.68	8.11	94.68	76.80	1	31.20
321.671	30.26	4.08	123.37	11.73	7.96	93.36	75.70	1	31.20
321.732	30.20	4.09	123.59	11.70	7.97	93.23	75.40	1	31.20
321.836	30.31	4.08	123.63	11.75	7.95	93.43	75.60	1	31.30
321.981	30.11	4.12	124.05	11.68	8.21	95.94	77.30	1	31.30
322.042	30.11	4.12	124.10	11.74	7.97	93.53	75.40	1	31.50
322.146	30.08	4.12	123.94	11.70	7.98	93.40	75.40	1	31.30
322.291	30.04	4.12	123.71	11.74	8.12	95.33	77.10	1	31.30
322.352	30.05	4.12	123.84	11.70	8.04	94.03	75.90	1	31.30
322.456	30.21	4.10	123.79	11.76	7.94	93.36	75.40	1	31.30
322.601	30.32	4.10	124.34	11.66	8.21	95.81	77.10	1	31.20
322.662	30.42	4.08	124.13	11.71	8.10	94.80	76.40	1	31.00
322.766	30.40	4.07	123.72	11.69	7.99	93.44	75.50	1	31.20
322.911	30.20	4.10	123.72	11.65	8.09	94.29	76.20	1	31.30
322.972	30.03	4.10	123.15	11.67	8.19	95.52	77.60	1	31.30
323.076	30.19	4.08	123.22	11.75	7.89	92.73	75.30	1	31.20
323.221	30.38	4.06	123.33	11.74	7.98	93.65	75.90	1	31.20
323.282	30.38	4.06	123.23	11.69	8.08	94.45	76.60	1	31.20
323.386	30.35	4.08	123.92	11.67	8.18	95.49	77.10	1	31.00
323.531	30.53	4.07	124.37	11.70	7.97	93.20	74.90	1	31.20
323.592	30.49	4.07	124.19	11.71	7.94	93.03	74.90	1	31.30
323.696	30.38	4.08	123.93	11.69	7.99	93.42	75.40	1	31.20
323.841	30.41	4.07	123.68	11.69	8.12	94.87	76.70	1	31.20
323.902	30.21	4.09	123.59	11.67	8.11	94.65	76.60	1	31.20
324.006	30.34	4.06	123.29	11.74	8.01	94.05	76.30	1	31.20
324.151	30.06	4.11	123.66	11.66	8.09	94.32	76.30	1	31.50
324.212	30.19	4.09	123.57	11.70	8.10	94.80	76.70	1	31.30
324.316	30.22	4.10	124.02	11.67	8.05	93.94	75.70	1	31.00
324.461	30.45	4.06	123.56	11.72	8.07	94.54	76.50	1	31.20
324.522	30.30	4.08	123.74	11.69	8.08	94.47	76.30	1	31.30
324.626	30.24	4.09	123.74	11.72	8.03	94.05	76.00	1	31.30
324.771	30.16	4.12	124.30	11.72	7.98	93.55	75.30	1	31.50
324.832	30.09	4.12	123.99	11.71	8.07	94.44	76.20	1	31.60
324.936	29.83	4.14	123.54	11.65	8.09	94.27	76.30	1	31.50
325.081	29.87	4.12	123.10	11.75	7.97	93.66	76.10	1	31.50
325.142	29.77	4.13	122.92	11.72	7.93	93.00	75.70	1	31.50
325.246	29.83	4.13	123.15	11.72	8.07	94.56	76.80	1	31.60
325.391	29.50	4.16	122.81	11.66	7.98	93.02	75.70	1	31.60
325.452	29.73	4.13	122.79	11.74	7.97	93.66	76.30	1	31.60
325.556	29.70	4.14	122.85	11.70	8.08	94.56	77.00	1	31.60
325.701	29.91	4.14	123.73	11.73	8.02	94.03	76.00	1	31.50
325.762	29.87	4.13	123.26	11.72	7.94	92.98	75.40	1	31.30
325.866	30.00	4.10	122.92	11.74	8.00	93.86	76.40	1	31.50
326.011	29.86	4.13	123.36	11.71	8.16	95.49	77.40	1	31.60
326.072	29.85	4.13	123.25	11.78	7.96	93.82	76.10	1	31.50
326.176	29.75	4.13	122.74	11.73	7.96	93.39	76.10	1	31.50
326.321	29.92	4.14	123.84	11.75	7.91	92.96	75.10	1	31.60
326.382	29.89	4.14	123.65	11.67	8.17	95.33	77.10	1	31.80
326.486	29.60	4.17	123.46	11.71	8.00	93.64	75.80	1	31.60
326.631	29.93	4.15	124.08	11.74	7.95	93.35	75.20	1	31.60
326.692	29.63	4.16	123.40	11.70	8.00	93.63	75.90	1	31.60
326.796	29.81	4.14	123.41	11.73	8.00	93.78	76.00	1	31.60
326.941	29.74	4.15	123.36	11.64	8.13	94.60	76.70	1	31.50
327.002	29.79	4.13	123.17	11.73	8.02	94.05	76.40	1	31.50
327.106	29.88	4.12	123.21	11.64	8.06	93.84	76.20	1	31.30
327.251	30.20	4.06	122.70	11.72	7.73	90.64	73.90	1	31.50
327.312	30.01	4.09	122.68	11.71	7.73	90.55	73.80	1	31.50
327.416	29.97	4.10	122.97	11.84	7.78	92.05	74.90	1	31.80
327.561	29.70	4.13	122.74	11.75	8.07	94.77	77.20	1	31.60
327.622	29.71	4.13	122.59	11.70	8.13	95.04	77.50	1	31.50
327.726	29.78	4.13	122.98	11.69	8.18	95.67	77.80	1	31.60
327.871	29.60	4.18	123.76	11.68	8.12	94.89	76.70	1	31.80
327.932	29.56	4.17	123.25	11.71	8.09	94.76	76.90	1	31.90
328.036	29.38	4.19	123.14	11.67	7.98	93.09	75.60	1	31.90
328.181	29.36	4.18	122.74	11.78	7.78	91.61	74.60	1	31.80
328.242	29.36	4.18	122.68	11.71	7.97	93.27	76.00	1	31.80
328.346	29.85	4.14	123.61	11.78	7.90	92.98	75.20	1	31.60
328.491	29.59	4.16	122.96	11.68	8.12	94.89	77.20	1	31.60
328.552	29.58	4.16	123.08	11.65	8.09	94.26	76.60	1	31.80
328.656	29.31	4.19	122.85	11.63	8.21	95.47	77.70	1	31.80
328.801	29.37	4.19	122.99	11.61	8.05	93.45	76.00	1	31.80
328.862	29.38	4.18	122.78	11.65	8.03	93.62	76.20	1	31.90
328.966	29.34	4.19	122.80	11.68	7.88	92.00	74.90	1	31.90
329.111	29.48	4.17	123.00	11.72	8.10	94.91	77.20	1	31.80
329.172	29.35	4.18	122.83	11.63	8.16	94.81	77.20	1	31.80
329.276	29.44	4.16	122.46	11.71	7.97	93.35	76.20	1	31.80
329.421	29.17	4.21	122.68	11.64	8.00	93.09	75.90	1	32.10
329.482	29.27	4.18	122.46	11.72	7.80	91.37	74.60	1	32.10
329.586	29.26	4.19	122.55	11.70	7.77	90.98	74.20	1	31.80
329.731	29.70	4.15	123.24	11.74	7.87	92.34	74.90	1	31.60
329.792	29.77	4.14	123.13	11.73	8.02	94.09	76.40	1	31.50
329.896	30.03	4.10	123.22	11.73	8.03	94.15	76.40	1	31.30
330.041	30.21	4.09	123.45	11.69	8.31	97.10	78.70	1	31.50
330.102	29.99	4.12	123.55	11.58	8.37	96.86	78.40	1	31.60
330.206	29.71	4.15	123.30	11.56	8.34	96.48	78.20	1	31.60
330.351	29.21	4.18	122.04	11.59	8.22	95.26	78.10	1	31.60
330.412	29.40	4.17	122.59	11.65	8.13	94.65	77.20	1	31.50
330.516	29.65	4.16	123.26	11.64	8.16	94.91	77.00	1	31.50
330.661	29.83	4.11	122.65	11.67	7.95	92.76	75.60	1	31.30
330.722	30.05	4.09	123.04	11.73	7.89	92.57	75.20	1	31.30
330.826	30.32	4.07	123.44	11.68	8.07	94.27	76.40	1	31.00
330.971	30.67	4.03	123.61	11.70	8.17	95.57	77.30	1	30.90
331.032	30.66	4.04	123.89	11.64	8.10	94.33	76.10	1	30.90
331.136	30.71	4.01	123.19	11.70	7.97	93.25	75.70	1	30.90
331.281	30.50	4.03	122.77	11.70	8.02	93.85	76.40	1	30.90
331.342	30.75	4.00	122.97	11.74	8.06	94.63	77.00	1	30.70
331.446	30.76	4.00	123.08	11.66	8.00	93.34	75.80	1	30.70
331.591	30.97	3.96	122.58	11.73	7.96	93.38	76.20	1	30.90
331.652	30.75	4.00	123.03	11.71	8.01	93.82	76.30	1	30.90
331.756	30.60	4.03	123.29	11.70	8.11	94.85	76.90	1	31.20
331.901	30.14	4.08	123.11	11.66	8.06	93.91	76.30	1	31.30
331.962	30.21	4.07	122.94	11.77	7.89	92.83	75.50	1	31.30
332.066	30.21	4.07	123.08	11.71	7.95	93.12	75.70	1	31.20
332.211	30.56	4.06	124.07	11.67	8.14	94.93	76.50	1	31.20
332.272	30.25	4.09	123.60	11.67	8.19	95.54	77.30	1	31.30
332.376	30.27	4.08	123.51	11.74	7.99	93.82	76.00	1	31.30
332.521	30.30	4.07	123.21	11.75	7.97	93.62	76.00	1	31.30
332.582	30.22	4.06	122.70	11.68	8.06	94.19	76.80	1	31.20
332.686	30.31	4.07	123.40	11.66	8.20	95.60	77.50	1	31.00
332.831	30.82	4.01	123.63	11.69	8.06	94.29	76.30	1	30.90
332.892	30.93	3.98	123.05	11.78	7.93	93.37	75.90	1	30.70
332.996	30.91	3.98	122.92	11.75	8.01	94.06	76.50	1	30.90
333.141	30.80	4.02	123.90	11.75	8.09	95.08	76.70	1	31.20
333.202	30.48	4.07	123.97	11.71	8.09	94.77	76.40	1	31.30
333.306	30.40	4.06	123.50	11.72	8.04	94.16	76.20	1	31.20
333.451	30.23	4.09	123.78	11.68	7.98	93.18	75.30	1	31.30
333.512	30.22	4.09	123.58	11.74	7.98	93.72	75.80	1	31.30
333.616	29.92	4.11	122.92	11.67	8.08	94.25	76.70	1	31.30
333.761	30.37	4.06	123.16	11.72	7.93	92.90	75.40	1	31.20
333.822	30.28	4.07	123.16	11.65	8.03	93.55	76.00	1	31.20
333.926	30.36	4.07	123.64	11.71	8.06	94.44	76.40	1	31.30
334.071	30.05	4.11	123.36	11.70	7.98	93.42	75.70	1	31.30
334.132	30.24	4.09	123.75	11.70	8.02	93.84	75.80	1	31.50
334.236	29.97	4.12	123.45	11.65	8.15	94.99	76.90	1	31.30
334.381	30.59	4.06	124.36	11.77	7.93	93.38	75.10	1	31.00
334.442	30.67	4.04	124.03	11.72	8.03	94.12	75.90	1	30.90
334.546	30.88	4.02	124.06	11.72	8.02	94.03	75.80	1	30.90
334.691	30.68	4.02	123.50	11.68	8.01	93.61	75.80	1	30.90
334.752	30.85	4.01	123.72	11.75	8.09	95.00	76.80	1	30.90
334.856	30.86	4.02	124.02	11.64	8.19	95.31	76.80	1	30.70
335.001	30.84	4.02	123.93	11.73	8.10	95.03	76.70	1	31.00
335.062	30.53	4.06	123.82	11.70	8.06	94.25	76.10	1	31.20
335.166	30.53	4.04	123.44	11.75	8.03	94.27	76.40	1	31.20
335.311	30.20	4.10	123.81	11.68	8.09	94.57	76.40	1	31.30
335.372	30.20	4.09	123.46	11.72	8.06	94.46	76.50	1	31.20
335.476	30.10	4.08	122.89	11.74	7.92	93.00	75.70	1	31.30
335.621	30.15	4.11	123.83	11.75	8.07	94.79	76.60	1	31.50
335.682	29.95	4.13	123.76	11.68	8.13	94.94	76.70	1	31.50
335.786	30.01	4.12	123.58	11.65	8.15	94.89	76.80	1	31.50
335.931	30.13	4.10	123.66	11.64	8.10	94.34	76.30	1	31.20
335.992	30.25	4.07	123.12	11.69	8.10	94.64	76.90	1	31.20
336.096	30.09	4.09	123.08	11.74	7.95	93.26	75.80	1	31.30
336.241	30.13	4.11	123.97	11.66	8.13	94.77	76.40	1	31.50
336.302	29.91	4.12	123.26	11.71	8.04	94.20	76.40	1	31.50
336.406	30.03	4.11	123.41	11.72	8.06	94.47	76.60	1	31.30
336.551	30.23	4.10	123.84	11.75	8.03	94.35	76.20	1	31.30
336.612	30.20	4.09	123.58	11.72	8.07	94.52	76.50	1	31.30
336.716	30.14	4.09	123.33	11.75	7.99	93.83	76.10	1	31.50
336.861	30.01	4.12	123.55	11.72	7.97	93.41	75.60	1	31.30
336.922	30.21	4.09	123.50	11.76	8.05	94.75	76.70	1	31.20
337.026	30.22	4.10	123.81	11.71	8.11	94.93	76.70	1	31.30
337.171	30.21	4.09	123.69	11.82	7.96	94.07	76.10	1	31.50
337.232	30.12	4.11	123.89	11.73	8.11	95.19	76.80	1	31.50
337.336	29.97	4.12	123.36	11.81	8.02	94.69	76.80	1	31.50
337.481	30.37	4.11	124.68	11.76	8.00	94.08	75.50	1	31.20
337.542	30.50	4.07	124.20	11.77	8.09	95.27	76.70	1	31.20
337.646	30.34	4.09	124.04	11.71	8.04	94.21	76.00	1	31.20
337.791	30.52	4.07	124.29	11.76	7.92	93.13	74.90	1	31.20
337.852	30.44	4.07	123.91	11.69	8.02	93.75	75.70	1	31.00
337.956	30.41	4.06	123.45	11.70	8.17	95.55	77.40	1	31.20
338.101	30.47	4.07	124.07	11.67	8.11	94.62	76.30	1	30.90
338.162	30.71	4.03	123.65	11.76	7.87	92.53	74.80	1	30.90
338.266	30.60	4.03	123.43	11.72	7.95	93.17	75.50	1	31.00
338.411	30.69	4.02	123.29	11.66	8.08	94.17	76.40	1	30.70
338.472	30.67	4.02	123.30	11.65	8.19	95.38	77.40	1	30.90
338.576	30.65	4.02	123.29	11.73	7.86	92.22	74.80	1	31.00
338.721	30.64	4.02	123.14	11.76	7.99	93.97	76.30	1	31.00
338.782	30.55	4.04	123.54	11.69	8.07	94.32	76.30	1	31.20
338.886	30.24	4.09	123.56	11.71	8.08	94.61	76.60	1	31.30
339.031	30.28	4.08	123.59	11.77	7.97	93.75	75.90	1	31.30
339.092	30.27	4.09	123.81	11.70	8.19	95.79	77.40	1	31.50
339.196	29.93	4.12	123.24	11.75	7.92	93.09	75.50	1	31.50
339.341	30.07	4.10	123.15	11.73	8.14	95.48	77.50	1	31.30
339.402	29.96	4.10	122.93	11.72	8.10	94.88	77.20	1	31.30
339.506	30.01	4.10	123.13	11.75	7.91	93.00	75.50	1	31.30
339.651	29.94	4.09	122.60	11.74	8.01	94.06	76.70	1	31.50
339.712	30.01	4.09	122.90	11.70	8.12	95.02	77.30	1	31.50
339.816	29.86	4.11	122.83	11.75	7.91	93.02	75.70	1	31.60
339.961	29.86	4.14	123.64	11.73	8.06	94.59	76.50	1	31.60
340.022	29.65	4.16	123.40	11.69	8.11	94.86	76.90	1	31.80
340.126	29.42	4.19	123.36	11.69	8.05	94.02	76.20	1	31.90
340.271	29.47	4.19	123.38	11.71	7.96	93.17	75.50	1	31.80
340.332	29.73	4.17	123.96	11.69	8.21	95.93	77.40	1	31.80
340.436	29.48	4.19	123.51	11.67	8.09	94.38	76.40	1	31.80
340.581	29.34	4.17	122.47	11.72	8.06	94.51	77.20	1	31.80
340.642	29.44	4.17	122.91	11.72	7.91	92.74	75.50	1	31.60
340.746	29.71	4.15	123.35	11.65	8.15	95.00	77.00	1	31.50
340.891	29.39	4.14	121.57	11.69	8.03	93.88	77.20	1	31.60
340.952	29.79	4.11	122.35	11.73	8.08	94.84	77.50	1	31.50
341.056	29.96	4.11	123.24	11.73	8.05	94.40	76.60	1	31.20
341.201	30.52	4.06	123.78	11.80	8.02	94.67	76.50	1	31.00
341.262	30.58	4.04	123.57	11.72	8.07	94.62	76.60	1	31.00
341.366	30.40	4.07	123.65	11.69	8.12	94.93	76.80	1	31.20
341.511	30.14	4.09	123.15	11.76	7.88	92.67	75.30	1	31.30
341.572	30.38	4.08	123.96	11.71	8.11	94.93	76.60	1	31.20
341.676	30.42	4.06	123.63	11.69	8.13	95.10	76.90	1	31.00
341.821	30.59	4.03	123.32	11.73	8.02	94.16	76.40	1	31.20
341.882	30.55	4.05	123.81	11.74	7.97	93.50	75.50	1	31.30
341.986	30.19	4.09	123.54	11.68	8.20	95.79	77.50	1	31.50
342.131	29.92	4.11	122.95	11.68	8.06	94.13	76.60	1	31.50
342.192	29.99	4.09	122.76	11.73	8.09	94.97	77.40	1	31.30
342.296	30.17	4.09	123.37	11.76	7.92	93.17	75.50	1	31.30
342.441	30.49	4.07	124.06	11.82	7.98	94.35	76.00	1	30.90
342.502	30.63	4.05	124.13	11.70	8.15	95.32	76.80	1	30.90
342.606	30.98	3.98	123.25	11.76	7.96	93.64	76.00	1	30.90
342.751	30.87	3.98	122.92	11.76	7.82	91.97	74.80	1	30.90
342.812	30.94	3.98	123.03	11.83	7.92	93.67	76.10	1	30.90
342.916	30.86	3.98	122.92	11.70	8.20	95.86	78.00	1	30.90
343.061	30.91	4.02	124.27	11.73	8.03	94.17	75.80	1	31.00
343.122	30.63	4.04	123.64	11.72	8.16	95.60	77.30	1	31.20
343.226	30.57	4.05	123.89	11.73	8.14	95.55	77.10	1	30.90
343.371	30.82	4.01	123.57	11.72	8.02	94.05	76.10	1	30.90
343.432	30.68	4.02	123.21	11.72	7.97	93.42	75.80	1	30.90
343.536	30.75	4.00	123.00	11.80	7.96	93.94	76.40	1	31.00
343.681	30.42	4.06	123.49	11.75	7.91	92.96	75.30	1	31.30
343.742	30.41	4.07	123.69	11.81	7.89	93.19	75.30	1	31.30
343.846	30.24	4.08	123.51	11.68	8.14	95.10	77.00	1	31.30
343.991	30.26	4.08	123.58	11.76	8.07	94.86	76.80	1	31.00
344.052	30.16	4.07	122.88	11.75	7.98	93.77	76.30	1	31.20
344.156	30.45	4.03	122.61	11.81	7.90	93.38	76.20	1	31.00
344.301	30.74	4.00	123.08	11.80	8.04	94.89	77.10	1	30.90
344.362	30.86	3.99	123.04	11.78	8.04	94.66	76.90	1	30.70
344.466	30.80	4.01	123.37	11.74	8.18	96.04	77.80	1	30.90
344.611	30.58	4.04	123.47	11.74	8.02	94.20	76.30	1	31.20
344.672	30.56	4.03	123.27	11.77	8.07	94.95	77.00	1	31.20
344.776	30.66	4.03	123.64	11.78	7.95	93.63	75.70	1	30.90
344.921	30.70	4.03	123.89	11.76	8.05	94.67	76.40	1	31.20
344.982	30.48	4.07	123.94	11.72	8.09	94.82	76.50	1	31.20
345.086	30.61	4.05	124.06	11.81	7.95	93.93	75.70	1	31.20
345.231	30.51	4.05	123.65	11.76	8.10	95.23	77.00	1	31.00
345.292	30.66	4.01	122.88	11.81	8.03	94.81	77.20	1	31.00
345.396	30.42	4.05	123.06	11.76	7.87	92.53	75.20	1	31.30
345.541	30.47	4.07	123.94	11.80	8.03	94.83	76.50	1	31.20
345.602	30.50	4.06	123.98	11.69	8.16	95.44	77.00	1	31.00
345.706	30.60	4.03	123.42	11.75	8.08	94.98	77.00	1	31.00
345.851	30.40	4.05	123.19	11.74	8.06	94.66	76.80	1	31.00
345.912	30.66	4.03	123.57	11.81	8.02	94.75	76.70	1	30.90
346.016	30.70	4.01	123.05	11.75	7.99	93.85	76.30	1	30.90
346.161	30.87	3.97	122.67	11.76	8.03	94.44	77.00	1	31.00
346.222	30.68	4.01	123.09	11.73	8.08	94.81	77.00	1	30.90
346.326	30.94	3.97	122.77	11.77	8.00	94.10	76.70	1	30.70
346.471	30.83	3.99	123.15	11.69	8.06	94.22	76.50	1	30.90
346.532	30.76	4.00	122.88	11.72	8.14	95.35	77.60	1	31.00
346.636	30.58	4.02	123.07	11.72	8.06	94.45	76.70	1	31.00
346.781	31.02	3.99	123.64	11.79	7.99	94.14	76.10	1	30.70
346.842	30.84	3.99	123.16	11.76	7.99	94.02	76.30	1	30.70
346.946	30.81	4.00	123.30	11.73	8.01	93.96	76.20	1	30.90
347.091	30.64	4.03	123.60	11.74	7.96	93.53	75.70	1	31.00
347.152	30.93	3.99	123.25	11.81	7.97	94.09	76.30	1	30.90
347.256	30.95	3.98	123.16	11.76	8.05	94.67	76.90	1	30.70
347.401	30.90	3.98	123.05	11.76	8.07	94.91	77.10	1	30.90
347.462	30.82	4.00	123.32	11.68	8.20	95.77	77.70	1	30.90
347.566	30.83	3.98	122.78	11.78	7.90	93.03	75.80	1	30.70
347.711	30.76	3.99	122.69	11.72	8.03	94.12	76.70	1	30.70
347.772	30.88	3.98	122.83	11.65	8.14	94.79	77.20	1	30.60
347.876	30.99	3.98	123.42	11.63	8.16	94.84	76.80	1	30.60
348.021	30.98	3.97	123.02	11.70	7.96	93.06	75.70	1	30.70
348.082	30.96	3.98	123.29	11.68	8.05	94.02	76.30	1	30.90
348.186	30.74	4.03	123.80	11.73	8.06	94.54	76.40	1	31.20
348.331	30.50	4.05	123.61	11.73	8.02	94.10	76.10	1	31.20
348.392	30.35	4.07	123.65	11.75	7.97	93.62	75.70	1	31.20
348.496	30.33	4.08	123.59	11.68	8.17	95.48	77.20	1	31.00
348.641	30.53	4.04	123.37	11.65	8.13	94.75	76.80	1	31.00
348.702	30.66	4.02	123.25	11.73	8.05	94.42	76.60	1	30.90
348.806	30.61	4.03	123.26	11.71	8.10	94.86	77.00	1	31.00
348.951	30.42	4.06	123.43	11.70	7.95	93.04	75.40	1	31.20
349.012	30.41	4.06	123.32	11.71	8.03	94.03	76.20	1	31.20
349.116	30.36	4.08	123.87	11.67	8.10	94.51	76.30	1	31.30
349.261	30.26	4.08	123.53	11.70	7.98	93.36	75.60	1	31.20
349.322	30.23	4.09	123.67	11.68	8.16	95.27	77.00	1	31.30
349.426	30.05	4.10	123.11	11.75	7.98	93.75	76.20	1	31.50
349.571	30.17	4.11	124.11	11.64	8.17	95.12	76.60	1	31.30
349.632	30.21	4.09	123.46	11.72	7.93	92.90	75.20	1	31.20
349.736	30.10	4.11	123.62	11.66	8.12	94.70	76.60	1	31.30
349.881	30.12	4.10	123.42	11.72	8.11	95.03	77.00	1	31.20
349.942	30.16	4.09	123.38	11.68	8.12	94.87	76.90	1	31.00
350.046	30.49	4.04	123.23	11.75	8.08	94.95	77.10	1	31.00
350.191	30.25	4.09	123.80	11.65	8.09	94.32	76.20	1	31.30
350.252	30.21	4.09	123.55	11.71	8.04	94.14	76.20	1	31.50
350.356	30.04	4.12	123.67	11.66	8.04	93.79	75.80	1	31.30
350.501	29.84	4.12	122.93	11.71	7.96	93.28	75.90	1	31.30
350.562	30.01	4.12	123.48	11.67	8.02	93.56	75.80	1	31.20
350.666	29.89	4.11	122.86	11.69	8.04	93.98	76.50	1	31.30
350.811	29.88	4.12	123.13	11.72	8.07	94.54	76.80	1	31.50
350.872	29.89	4.13	123.53	11.71	8.00	93.69	75.80	1	31.50
350.976	29.88	4.12	123.19	11.66	8.14	94.98	77.10	1	31.50
351.121	29.87	4.15	124.04	11.67	7.97	93.00	75.00	1	31.80
351.182	29.77	4.16	123.74	11.72	8.08	94.68	76.50	1	31.80
351.286	29.58	4.16	123.17	11.69	8.05	94.11	76.40	1	31.80
351.431	29.58	4.16	123.09	11.65	8.13	94.70	76.90	1	31.60
351.492	29.58	4.16	123.14	11.65	8.05	93.85	76.20	1	31.50
351.596	29.71	4.14	123.07	11.68	8.09	94.50	76.80	1	31.60
351.741	29.57	4.17	123.32	11.62	8.11	94.25	76.40	1	31.60
351.802	29.57	4.17	123.16	11.66	8.12	94.64	76.80	1	31.80
351.906	29.51	4.16	122.83	11.62	8.12	94.37	76.80	1	31.60
352.051	29.88	4.13	123.42	11.70	8.06	94.30	76.40	1	31.60
352.112	29.78	4.15	123.45	11.66	8.05	93.83	76.00	1	31.80
352.216	29.61	4.17	123.53	11.67	7.97	93.00	75.30	1	31.60
352.361	29.58	4.18	123.62	11.68	8.07	94.20	76.20	1	31.80
352.422	29.31	4.21	123.34	11.65	8.03	93.57	75.90	1	31.90
352.526	29.27	4.18	122.46	11.66	8.09	94.29	77.00	1	31.90
352.671	29.19	4.22	123.32	11.65	7.95	92.69	75.20	1	32.10
352.732	29.25	4.21	123.10	11.66	7.99	93.24	75.70	1	32.10
352.836	28.99	4.22	122.27	11.61	8.03	93.25	76.30	1	31.90
352.981	29.02	4.21	122.12	11.64	7.90	91.95	75.30	1	31.90
353.042	28.99	4.20	121.73	11.61	7.97	92.50	76.00	1	31.90
353.146	28.89	4.21	121.72	11.63	7.97	92.71	76.20	1	31.90
353.291	28.95	4.23	122.45	11.61	7.93	92.12	75.20	1	32.20
353.352	28.89	4.23	122.17	11.64	7.96	92.68	75.90	1	32.20
353.456	28.74	4.24	121.72	11.57	8.05	93.05	76.40	1	32.20
353.601	28.53	4.26	121.42	11.58	8.05	93.27	76.80	1	32.20
353.662	28.46	4.26	121.17	11.50	8.16	93.90	77.50	1	32.20
353.766	28.63	4.25	121.60	11.59	7.81	90.56	74.50	1	32.20
353.911	28.59	4.24	121.25	11.60	8.08	93.75	77.30	1	32.40
353.972	28.49	4.25	121.23	11.53	8.04	92.72	76.50	1	32.50
354.076	28.36	4.26	120.79	11.58	7.89	91.36	75.60	1	32.50
354.221	28.31	4.26	120.66	11.51	7.86	90.48	75.00	1	32.50
354.282	28.42	4.25	120.90	11.58	7.84	90.79	75.10	1	32.50
354.386	28.31	4.28	121.04	11.55	7.83	90.38	74.70	1	32.70
354.531	28.19	4.28	120.68	11.51	7.98	91.77	76.00	1	32.50
354.592	28.35	4.27	121.07	11.53	8.13	93.72	77.40	1	32.50
354.696	28.17	4.28	120.66	11.41	8.22	93.83	77.80	1	32.50
354.841	28.29	4.29	121.38	11.53	8.05	92.77	76.40	1	32.50
354.902	28.16	4.29	120.85	11.50	8.05	92.49	76.50	1	32.50
355.006	28.10	4.29	120.51	11.53	7.86	90.69	75.30	1	32.70
355.151	28.12	4.29	120.64	11.57	7.82	90.48	75.00	1	32.70
355.212	27.93	4.31	120.29	11.47	7.87	90.25	75.00	1	32.80
355.316	27.89	4.31	120.16	11.45	7.92	90.78	75.50	1	32.80
355.461	28.05	4.33	121.47	11.44	8.05	92.10	75.80	1	32.50
355.522	28.02	4.32	120.92	11.42	8.03	91.67	75.80	1	32.50
355.626	27.97	4.31	120.55	11.46	7.95	91.08	75.60	1	32.50
355.771	28.40	4.28	121.69	11.47	8.00	91.77	75.40	1	32.20
355.832	28.36	4.28	121.29	11.55	7.87	90.87	74.90	1	32.20
355.936	28.45	4.26	121.34	11.54	7.91	91.33	75.30	1	32.10
356.081	28.56	4.26	121.56	11.53	8.13	93.74	77.10	1	32.40
356.142	28.60	4.25	121.57	11.56	8.15	94.19	77.50	1	32.40
356.246	28.55	4.26	121.57	11.49	8.07	92.72	76.30	1	32.50
356.391	28.53	4.26	121.45	11.60	7.91	91.74	75.50	1	32.50
356.452	28.25	4.27	120.63	11.56	7.88	91.10	75.50	1	32.70
356.556	28.33	4.28	121.29	11.64	7.86	91.56	75.50	1	32.50
356.701	28.51	4.27	121.75	11.58	7.82	90.57	74.40	1	32.50
356.762	28.48	4.27	121.47	11.50	8.02	92.21	75.90	1	32.40
356.866	28.64	4.25	121.75	11.55	8.09	93.41	76.70	1	32.40
357.011	28.59	4.25	121.50	11.58	8.05	93.20	76.70	1	32.50
357.072	28.59	4.25	121.52	11.62	7.98	92.71	76.30	1	32.70
357.176	28.29	4.27	120.94	11.56	7.98	92.27	76.30	1	32.50
357.321	28.11	4.29	120.73	11.54	7.88	90.94	75.30	1	32.70
357.382	28.08	4.30	120.74	11.59	7.76	90.01	74.50	1	32.80
357.486	27.88	4.30	119.88	11.48	7.89	90.59	75.60	1	32.70
357.631	27.96	4.31	120.53	11.44	7.98	91.29	75.70	1	32.50
357.692	28.17	4.30	121.07	11.48	8.14	93.46	77.20	1	32.50
357.796	28.08	4.30	120.76	11.54	7.99	92.22	76.40	1	32.50
357.941	28.52	4.26	121.43	11.54	7.96	91.81	75.60	1	32.20
358.002	28.65	4.26	122.12	11.53	8.02	92.52	75.80	1	32.10
358.106	28.96	4.23	122.63	11.62	7.93	92.20	75.20	1	31.90
358.251	28.99	4.23	122.53	11.59	8.06	93.42	76.20	1	32.10
358.312	28.81	4.24	122.13	11.62	7.87	91.48	74.90	1	32.20
358.416	29.07	4.23	122.90	11.63	8.07	93.92	76.40	1	31.90
358.561	29.27	4.21	123.12	11.60	8.09	93.89	76.30	1	31.80
358.622	29.32	4.19	122.87	11.67	8.02	93.53	76.10	1	31.90
358.726	29.11	4.22	122.87	11.59	8.03	93.05	75.70	1	31.90
358.871	29.42	4.18	122.91	11.69	8.01	93.64	76.20	1	31.80
358.932	29.42	4.18	122.99	11.62	8.14	94.54	76.90	1	31.60
359.036	29.77	4.14	123.20	11.73	8.03	94.15	76.40	1	31.50
359.181	29.89	4.14	123.87	11.68	8.05	94.03	75.90	1	31.30
359.242	30.03	4.10	123.15	11.71	8.16	95.58	77.60	1	31.50
359.346	29.89	4.12	123.20	11.65	8.08	94.07	76.40	1	31.50
359.491	29.98	4.12	123.64	11.72	8.04	94.24	76.20	1	31.60
359.552	29.73	4.15	123.24	11.63	8.05	93.66	76.00	1	31.60
359.656	30.00	4.13	123.81	11.70	8.06	94.25	76.10	1	31.50
359.801	29.99	4.12	123.58	11.67	8.17	95.36	77.20	1	31.50
359.862	29.97	4.12	123.42	11.70	8.02	93.84	76.00	1	31.50
359.966	29.83	4.14	123.57	11.63	8.12	94.37	76.40	1	31.60
360.111	29.78	4.13	123.13	11.72	8.01	93.87	76.20	1	31.60
360.172	29.61	4.16	123.23	11.63	8.14	94.67	76.80	1	31.80
360.276	29.66	4.15	123.12	11.69	8.03	93.89	76.30	1	31.60
360.421	29.79	4.17	124.18	11.64	8.09	94.13	75.80	1	31.50
360.482	29.96	4.14	124.02	11.73	8.01	94.01	75.80	1	31.30
360.586	30.08	4.12	124.01	11.73	8.01	94.00	75.80	1	31.30
360.731	30.04	4.11	123.34	11.67	8.16	95.20	77.20	1	31.30
360.792	30.03	4.10	123.26	11.71	8.00	93.72	76.00	1	31.30
360.896	29.88	4.10	122.40	11.71	8.03	94.06	76.80	1	31.50
361.041	30.00	4.14	124.11	11.75	7.91	92.91	74.90	1	31.60
361.102	29.80	4.15	123.52	11.69	7.99	93.37	75.60	1	31.80
361.206	29.81	4.15	123.63	11.71	8.00	93.67	75.80	1	31.60
361.351	29.80	4.15	123.54	11.72	8.12	95.14	77.00	1	31.80
361.412	29.68	4.15	123.20	11.78	7.93	93.46	75.90	1	31.60
361.516	29.61	4.16	123.20	11.66	8.00	93.29	75.70	1	31.80
361.661	29.63	4.18	123.73	11.70	7.98	93.37	75.50	1	31.80
361.722	29.41	4.19	123.26	11.67	8.03	93.67	76.00	1	31.80
361.826	29.57	4.17	123.20	11.67	8.12	94.81	77.00	1	31.80
361.971	29.35	4.19	122.99	11.64	8.11	94.40	76.80	1	31.80
362.032	29.51	4.18	123.37	11.71	8.02	93.88	76.10	1	31.80
362.136	29.42	4.17	122.84	11.67	8.08	94.28	76.70	1	31.80
362.281	29.59	4.19	123.87	11.74	8.07	94.71	76.50	1	31.90
362.342	29.34	4.20	123.33	11.69	7.91	92.51	75.00	1	32.10
362.446	29.26	4.21	123.33	11.64	8.18	95.17	77.20	1	32.10
362.591	29.17	4.22	122.98	11.64	8.03	93.50	76.00	1	32.10
362.652	29.07	4.22	122.68	11.69	7.99	93.43	76.20	1	32.20
362.756	28.93	4.23	122.24	11.57	8.05	93.20	76.20	1	32.20
362.901	29.14	4.21	122.83	11.70	7.96	93.15	75.80	1	31.90
362.962	29.05	4.21	122.40	11.60	8.04	93.31	76.20	1	31.90
363.066	29.20	4.19	122.42	11.71	7.96	93.26	76.20	1	31.90
363.211	29.05	4.22	122.61	11.59	8.07	93.51	76.30	1	32.10
363.272	28.99	4.24	122.80	11.70	7.95	92.98	75.70	1	32.20
363.376	28.80	4.24	122.10	11.60	8.09	93.85	76.90	1	32.10
363.521	29.00	4.20	121.90	11.76	7.72	90.78	74.50	1	32.10
363.582	29.01	4.23	122.77	11.68	7.88	92.08	75.00	1	31.90
363.686	29.49	4.19	123.43	11.73	7.92	92.93	75.30	1	31.80
363.831	29.46	4.19	123.47	11.65	8.16	95.07	77.00	1	31.80
363.892	29.46	4.18	123.26	11.71	8.09	94.65	76.80	1	31.60
363.996	29.40	4.18	122.91	11.70	7.89	92.40	75.20	1	31.80
364.141	29.38	4.17	122.60	11.73	7.87	92.35	75.30	1	31.80
364.202	29.47	4.16	122.46	11.71	8.02	93.90	76.70	1	31.80
364.306	29.22	4.19	122.40	11.68	7.96	93.02	76.00	1	32.10
364.451	29.30	4.18	122.38	11.73	8.01	94.01	76.80	1	31.80
364.512	29.40	4.18	122.99	11.69	8.02	93.67	76.20	1	31.60
364.616	29.74	4.12	122.65	11.76	7.90	92.89	75.70	1	31.50
364.761	29.79	4.12	122.83	11.69	8.14	95.13	77.40	1	31.50
364.822	29.92	4.10	122.76	11.72	8.07	94.57	77.00	1	31.30
364.926	29.99	4.10	122.99	11.74	7.90	92.71	75.40	1	31.30
365.071	30.28	4.07	123.33	11.77	8.09	95.19	77.20	1	31.30
365.132	30.04	4.08	122.66	11.71	8.09	94.71	77.20	1	31.50
365.236	30.05	4.09	122.91	11.75	8.02	94.24	76.70	1	31.50
365.381	29.81	4.12	122.96	11.72	8.08	94.65	77.00	1	31.50
365.442	29.85	4.11	122.58	11.78	7.98	93.97	76.70	1	31.50
365.546	29.84	4.11	122.69	11.73	8.03	94.15	76.70	1	31.80
365.691	29.62	4.14	122.75	11.76	7.94	93.42	76.10	1	31.80
365.752	29.64	4.15	122.97	11.76	7.95	93.42	76.00	1	31.80
365.856	29.51	4.17	123.10	11.71	8.09	94.73	77.00	1	31.90
366.001	29.33	4.18	122.47	11.69	8.00	93.58	76.40	1	31.90
366.062	29.41	4.17	122.67	11.73	8.04	94.34	76.90	1	31.90
366.166	29.21	4.18	122.01	11.70	7.92	92.61	75.90	1	31.90
366.311	29.66	4.14	122.91	11.72	8.07	94.66	77.00	1	31.50
366.372	29.66	4.13	122.49	11.62	8.17	94.90	77.50	1	31.50
366.476	29.73	4.13	122.87	11.72	8.01	93.82	76.40	1	31.80
366.621	29.55	4.15	122.57	11.66	8.24	96.01	78.30	1	31.60
366.682	29.75	4.14	123.07	11.69	8.14	95.18	77.30	1	31.50
366.786	29.77	4.13	123.07	11.70	7.98	93.40	75.90	1	31.50
366.931	29.91	4.12	123.10	11.69	8.02	93.76	76.20	1	31.50
366.992	30.14	4.08	123.13	11.69	8.06	94.24	76.50	1	31.30
367.096	30.06	4.10	123.16	11.73	7.83	91.83	74.60	1	31.30
367.241	30.16	4.10	123.51	11.71	8.16	95.49	77.30	1	31.50
367.302	29.97	4.12	123.40	11.71	8.08	94.57	76.60	1	31.60
367.406	29.87	4.12	123.09	11.73	8.04	94.31	76.60	1	31.50
367.551	29.68	4.15	123.15	11.73	7.90	92.68	75.30	1	31.50
367.612	30.08	4.11	123.62	11.76	7.95	93.53	75.70	1	31.30
367.716	30.22	4.11	124.03	11.69	8.03	93.88	75.70	1	31.20
367.861	30.16	4.09	123.44	11.68	8.11	94.68	76.70	1	31.30
367.922	29.96	4.11	123.11	11.65	8.01	93.30	75.80	1	31.30
368.026	30.19	4.10	123.79	11.68	7.95	92.90	75.00	1	31.50
368.171	30.21	4.09	123.47	11.68	8.09	94.50	76.50	1	31.30
368.232	30.09	4.10	123.22	11.69	8.10	94.63	76.80	1	31.30
368.336	29.90	4.12	123.27	11.67	8.00	93.38	75.80	1	31.50
368.481	29.85	4.12	123.10	11.70	7.86	91.90	74.70	1	31.60
368.542	29.84	4.12	122.85	11.70	8.03	93.89	76.40	1	31.60
368.646	29.90	4.12	123.24	11.63	8.07	93.85	76.20	1	31.30
368.791	30.50	4.07	124.22	11.69	8.04	94.02	75.70	1	31.20
368.852	30.32	4.08	123.73	11.65	8.10	94.41	76.30	1	31.00
368.956	30.43	4.05	123.21	11.74	7.97	93.53	75.90	1	31.20
369.101	30.07	4.11	123.57	11.68	8.09	94.49	76.50	1	31.50
369.162	29.89	4.12	123.31	11.71	8.02	93.89	76.10	1	31.60
369.266	29.61	4.14	122.56	11.66	8.02	93.54	76.30	1	31.60
369.411	29.95	4.11	123.20	11.72	8.02	94.02	76.30	1	31.30
369.472	29.88	4.11	122.89	11.63	8.14	94.67	77.00	1	31.20
369.576	30.23	4.07	122.93	11.70	8.07	94.46	76.80	1	31.00
369.721	30.16	4.08	123.02	11.68	7.95	92.86	75.50	1	31.30
369.782	30.22	4.06	122.77	11.78	7.95	93.64	76.30	1	31.20
369.886	30.45	4.06	123.59	11.70	8.07	94.37	76.40	1	30.90
370.031	30.58	4.05	123.74	11.66	8.23	95.89	77.50	1	31.00
370.092	30.49	4.05	123.53	11.68	8.07	94.26	76.30	1	31.00
370.196	30.63	4.00	122.62	11.76	7.96	93.63	76.40	1	30.90
370.341	31.30	3.95	123.63	11.66	8.15	95.01	76.90	1	30.60
370.402	31.20	3.96	123.58	11.69	8.07	94.34	76.30	1	30.60
370.506	31.20	3.95	123.24	11.65	8.17	95.16	77.20	1	30.40
370.651	31.04	3.94	122.40	11.67	7.91	92.33	75.40	1	30.40
370.712	31.16	3.90	121.58	11.76	7.91	92.98	76.50	1	30.40
370.816	31.07	3.94	122.39	11.68	8.03	93.77	76.60	1	30.70
370.961	31.07	3.92	121.90	11.75	7.93	93.12	76.40	1	30.60
371.022	31.15	3.93	122.27	11.69	7.94	92.78	75.90	1	30.40
371.126	31.24	3.90	121.79	11.72	7.86	92.09	75.60	1	30.60
371.271	31.38	3.90	122.27	11.64	8.10	94.29	77.10	1	30.40
371.332	31.41	3.89	122.20	11.59	8.08	93.71	76.70	1	30.30
371.436	31.37	3.89	122.08	11.64	8.07	93.94	77.00	1	30.30
371.581	31.39	3.87	121.61	11.67	7.92	92.49	76.10	1	30.40
371.642	31.50	3.88	122.11	11.69	7.97	93.24	76.40	1	30.60
371.746	31.12	3.94	122.51	11.58	8.21	95.14	77.70	1	30.70
371.891	30.95	3.98	123.05	11.70	8.05	94.16	76.50	1	30.70
371.952	31.02	3.98	123.47	11.66	8.17	95.22	77.10	1	30.60
372.056	31.08	3.95	122.84	11.74	7.85	92.19	75.10	1	30.70
372.201	31.05	3.96	122.81	11.65	8.09	94.26	76.80	1	30.70
372.262	30.94	3.97	122.84	11.65	7.96	92.79	75.50	1	30.90
372.366	30.89	3.97	122.66	11.70	8.02	93.83	76.50	1	30.70
372.511	30.85	3.99	123.10	11.64	8.09	94.11	76.40	1	30.70
372.572	31.02	3.97	123.19	11.71	8.04	94.14	76.40	1	30.90
372.676	30.86	3.99	123.03	11.64	8.06	93.78	76.20	1	30.70
372.821	30.89	3.99	123.40	11.70	7.95	93.00	75.40	1	31.00
372.882	30.72	4.02	123.57	11.70	8.00	93.62	75.80	1	31.00
372.986	30.56	4.04	123.45	11.68	8.07	94.27	76.40	1	31.20
373.131	30.28	4.08	123.46	11.62	8.12	94.38	76.40	1	31.20
373.192	30.30	4.06	123.01	11.73	7.87	92.27	75.00	1	31.00
373.296	30.40	4.04	122.97	11.69	7.99	93.42	76.00	1	31.20
373.441	30.39	4.06	123.43	11.66	8.07	94.03	76.20	1	31.20
373.502	30.35	4.07	123.44	11.64	8.15	94.86	76.90	1	31.30
373.606	30.15	4.09	123.31	11.70	8.08	94.53	76.70	1	31.30
373.751	30.24	4.07	122.97	11.69	8.08	94.49	76.80	1	31.20
373.812	30.13	4.07	122.55	11.68	7.96	92.98	75.90	1	31.30
373.916	30.25	4.07	123.02	11.72	8.03	94.09	76.50	1	31.20
374.061	30.36	4.08	123.74	11.70	8.07	94.41	76.30	1	31.20
374.122	30.38	4.07	123.64	11.71	8.11	95.01	76.80	1	31.30
374.226	30.01	4.08	122.58	11.73	8.02	94.08	76.80	1	31.20
374.371	30.54	4.04	123.43	11.70	8.04	94.12	76.30	1	30.90
374.432	30.52	4.03	123.10	11.61	8.11	94.16	76.50	1	30.90
374.536	30.66	4.01	123.03	11.70	8.04	94.07	76.50	1	30.90
374.681	30.63	4.04	123.66	11.67	8.10	94.57	76.50	1	31.00
374.742	30.59	4.03	123.28	11.73	8.05	94.41	76.60	1	31.20
374.846	30.55	4.03	123.23	11.64	8.21	95.59	77.60	1	31.00
374.991	30.31	4.05	122.71	11.71	8.01	93.75	76.40	1	31.00
375.052	30.46	4.04	123.13	11.67	8.00	93.42	75.90	1	31.00
375.156	30.67	4.02	123.20	11.71	8.03	94.03	76.30	1	30.90
375.301	30.63	4.02	123.08	11.64	8.22	95.69	77.70	1	31.00
375.362	30.50	4.02	122.62	11.70	8.03	93.86	76.50	1	30.90
375.466	30.68	4.01	123.01	11.69	8.02	93.75	76.20	1	30.70
375.611	30.88	3.98	122.95	11.68	8.03	93.77	76.30	1	30.70
375.672	30.91	3.97	122.78	11.62	8.19	95.08	77.40	1	30.70
375.776	30.77	3.99	122.67	11.67	8.09	94.46	77.00	1	30.70
375.921	30.66	3.99	122.31	11.69	8.10	94.64	77.40	1	30.90
375.982	30.62	4.01	122.65	11.65	8.01	93.37	76.10	1	30.90
376.086	30.68	4.01	123.15	11.72	8.05	94.35	76.60	1	31.00
376.231	30.40	4.07	123.69	11.67	8.13	94.92	76.70	1	31.20
376.292	30.33	4.07	123.41	11.71	8.08	94.57	76.60	1	31.30
376.396	30.14	4.08	122.98	11.66	8.05	93.88	76.30	1	31.30
376.541	30.31	4.06	123.06	11.68	8.15	95.21	77.40	1	31.00
376.602	30.29	4.07	123.24	11.66	8.08	94.22	76.40	1	31.00
376.706	30.50	4.04	123.10	11.69	8.08	94.48	76.80	1	31.00
376.851	30.69	4.02	123.36	11.70	7.99	93.46	75.80	1	30.90
376.912	30.74	3.99	122.78	11.73	8.07	94.62	77.10	1	30.70
377.016	30.67	4.02	123.26	11.67	8.07	94.18	76.40	1	30.90
377.161	30.52	4.05	123.70	11.75	7.93	93.11	75.30	1	31.20
377.222	30.41	4.06	123.57	11.69	8.03	93.84	75.90	1	31.20
377.326	30.49	4.05	123.59	11.73	8.05	94.45	76.40	1	31.20
377.471	30.35	4.09	124.07	11.65	8.24	95.94	77.30	1	31.00
377.532	30.48	4.05	123.54	11.70	8.06	94.27	76.30	1	30.90
377.636	30.50	4.05	123.44	11.67	8.06	94.00	76.20	1	31.00
377.781	30.61	4.03	123.27	11.70	8.02	93.80	76.10	1	30.90
377.842	30.74	4.00	122.88	11.66	8.13	94.82	77.20	1	30.90
377.946	30.46	4.04	122.98	11.69	8.07	94.35	76.70	1	31.20
378.091	30.44	4.06	123.57	11.69	8.01	93.62	75.80	1	31.30
378.152	30.11	4.10	123.35	11.68	8.01	93.57	75.90	1	31.30
378.256	30.12	4.10	123.46	11.70	8.05	94.11	76.20	1	31.50
378.401	29.97	4.11	123.06	11.72	8.01	93.82	76.20	1	31.50
378.462	29.88	4.10	122.52	11.70	8.13	95.10	77.60	1	31.50
378.566	30.02	4.10	123.14	11.61	8.19	95.14	77.30	1	31.20
378.711	30.30	4.09	123.82	11.75	8.13	95.51	77.10	1	31.00
378.772	30.45	4.08	124.16	11.66	8.27	96.38	77.60	1	30.90
378.876	30.39	4.05	122.97	11.70	7.91	92.60	75.30	1	31.00
379.021	30.72	4.02	123.58	11.73	8.02	94.08	76.10	1	30.90
379.082	30.70	4.02	123.42	11.65	8.14	94.80	76.80	1	30.70
379.186	30.82	3.99	122.90	11.64	8.06	93.81	76.30	1	30.90
379.331	30.73	3.99	122.71	11.71	7.89	92.39	75.30	1	30.90
379.392	30.78	4.00	122.98	11.73	7.99	93.74	76.20	1	30.90
379.496	30.59	4.03	123.33	11.63	8.18	95.17	77.20	1	31.00
379.641	30.47	4.07	123.90	11.64	8.07	93.94	75.80	1	31.20
379.702	30.20	4.08	123.09	11.61	8.19	95.11	77.30	1	31.00
379.806	30.16	4.07	122.72	11.64	8.16	94.99	77.40	1	31.20
379.951	30.27	4.07	123.13	11.69	8.03	93.87	76.20	1	31.20
380.012	30.08	4.10	123.22	11.63	8.12	94.41	76.60	1	31.30
380.116	30.10	4.09	123.01	11.68	7.97	93.13	75.70	1	31.20
380.261	30.50	4.05	123.52	11.68	8.07	94.27	76.30	1	31.00
380.322	30.66	4.03	123.53	11.69	8.16	95.41	77.20	1	30.90
380.426	30.57	4.03	123.34	11.67	8.07	94.14	76.30	1	30.90
380.571	30.67	4.04	123.91	11.70	8.18	95.70	77.20	1	31.00
380.632	30.41	4.06	123.41	11.64	8.26	96.09	77.90	1	31.20
380.736	30.45	4.05	123.25	11.72	7.89	92.50	75.00	1	31.00
380.881	30.51	4.02	122.61	11.72	8.00	93.71	76.40	1	31.20
380.942	30.28	4.06	122.84	11.65	8.06	93.88	76.40	1	31.20
381.046	30.29	4.06	122.94	11.65	8.13	94.74	77.10	1	31.20
381.191	30.30	4.05	122.67	11.69	7.98	93.29	76.00	1	31.00
381.252	30.33	4.04	122.46	11.76	7.94	93.36	76.20	1	31.20
381.356	30.27	4.06	122.92	11.68	8.10	94.59	77.00	1	31.00
381.501	30.63	4.01	122.87	11.63	8.06	93.71	76.30	1	31.00
381.562	30.51	4.03	122.83	11.64	8.14	94.75	77.10	1	31.00
381.666	30.33	4.05	122.78	11.68	8.07	94.18	76.70	1	31.00
381.811	30.58	4.04	123.50	11.69	8.06	94.27	76.30	1	31.00
381.872	30.39	4.06	123.35	11.62	8.17	94.88	76.90	1	31.20
381.976	30.41	4.05	123.22	11.68	8.08	94.41	76.60	1	31.20
382.121	30.29	4.06	122.83	11.60	8.31	96.40	78.50	1	31.00
382.182	30.31	4.06	122.92	11.66	8.21	95.72	77.90	1	31.20
382.286	30.10	4.08	122.66	11.55	8.35	96.45	78.60	1	31.00
382.431	30.08	4.08	122.66	11.61	8.10	93.98	76.60	1	31.20
382.492	30.22	4.07	122.97	11.65	8.14	94.84	77.10	1	31.30
382.596	30.01	4.10	122.93	11.65	7.94	92.56	75.30	1	31.50
382.741	30.30	4.09	124.06	11.64	8.12	94.46	76.10	1	31.20
382.802	30.22	4.08	123.33	11.55	8.24	95.16	77.20	1	31.00
382.906	30.10	4.08	122.66	11.60	8.19	95.01	77.50	1	31.00
383.051	30.39	4.05	123.04	11.59	8.20	94.99	77.20	1	30.70
383.112	30.60	4.01	122.75	11.60	8.16	94.67	77.10	1	30.90
383.216	30.48	4.02	122.59	11.63	8.06	93.75	76.50	1	30.90
383.361	30.55	4.01	122.66	11.60	8.11	94.08	76.70	1	30.70
383.422	30.88	3.98	122.76	11.63	8.15	94.77	77.20	1	30.60
383.526	30.73	3.98	122.43	11.62	7.93	92.19	75.30	1	30.70
383.671	30.61	4.00	122.46	11.67	8.07	94.19	76.90	1	30.90
383.732	30.54	4.01	122.52	11.58	8.21	95.08	77.60	1	30.90
383.836	30.44	4.04	122.89	11.66	8.06	94.03	76.50	1	31.00
383.981	30.08	4.07	122.44	11.59	8.09	93.72	76.50	1	31.20
384.042	30.17	4.07	122.87	11.68	7.89	92.21	75.00	1	31.20
384.146	30.24	4.07	123.04	11.60	7.96	92.38	75.10	1	31.20
384.291	30.13	4.07	122.56	11.64	8.03	93.48	76.30	1	31.20
384.352	30.32	4.04	122.59	11.62	8.19	95.20	77.70	1	31.00
384.456	30.19	4.05	122.40	11.67	8.15	95.11	77.70	1	31.20
384.601	30.22	4.08	123.20	11.70	8.07	94.36	76.60	1	31.30
384.662	29.95	4.10	122.79	11.61	8.18	94.96	77.30	1	31.20
384.766	30.27	4.07	123.08	11.71	8.02	93.93	76.30	1	31.00
384.911	30.33	4.06	123.10	11.72	7.95	93.16	75.70	1	31.20
384.972	30.30	4.07	123.34	11.68	8.07	94.30	76.50	1	31.30
385.076	30.21	4.08	123.34	11.57	8.27	95.68	77.60	1	31.50
385.221	29.93	4.15	124.18	11.56	8.24	95.20	76.70	1	31.50
385.282	29.99	4.13	123.91	11.57	8.28	95.86	77.40	1	31.30
385.386	30.06	4.11	123.64	11.54	8.17	94.24	76.20	1	31.30
385.531	29.96	4.11	123.10	11.65	8.07	94.00	76.40	1	31.50
385.592	29.89	4.13	123.44	11.65	8.04	93.65	75.90	1	31.50
385.696	29.65	4.16	123.34	11.71	7.97	93.40	75.70	1	31.60
385.841	29.75	4.16	123.80	11.68	8.06	94.09	76.00	1	31.30
385.902	29.87	4.14	123.58	11.71	7.96	93.19	75.40	1	31.30
386.006	29.74	4.15	123.52	11.65	8.11	94.54	76.50	1	31.60
386.151	29.47	4.18	123.25	11.67	8.01	93.53	75.90	1	31.60
386.212	29.51	4.17	123.07	11.73	7.98	93.59	76.00	1	31.60
386.316	29.43	4.18	123.03	11.66	8.06	94.01	76.40	1	31.60
386.461	29.60	4.19	123.93	11.69	8.10	94.66	76.40	1	31.60
386.522	29.57	4.19	123.89	11.65	8.14	94.84	76.60	1	31.80
386.626	29.44	4.19	123.35	11.71	7.97	93.36	75.70	1	31.60
386.771	29.76	4.15	123.56	11.67	8.03	93.71	75.80	1	31.50
386.832	29.62	4.15	123.02	11.58	8.16	94.53	76.80	1	31.60
386.936	29.68	4.15	123.06	11.59	8.25	95.69	77.80	1	31.80
387.081	29.36	4.19	122.93	11.66	8.05	93.86	76.40	1	31.80
387.142	29.28	4.19	122.66	11.61	7.97	92.48	75.40	1	31.80
387.246	29.36	4.18	122.83	11.59	8.07	93.47	76.10	1	31.80
387.391	29.03	4.21	122.09	11.57	8.03	92.93	76.10	1	32.10
387.452	28.92	4.21	121.71	11.61	7.93	92.08	75.70	1	31.90
387.556	28.72	4.22	121.10	11.59	7.83	90.74	74.90	1	31.90
387.701	28.67	4.23	121.33	11.46	8.09	92.73	76.40	1	32.10
387.762	28.74	4.24	121.81	11.55	8.07	93.23	76.50	1	32.20
387.866	28.55	4.26	121.71	11.49	8.03	92.20	75.80	1	32.20
388.011	28.67	4.25	121.91	11.50	8.02	92.18	75.60	1	31.90
388.072	28.94	4.22	122.01	11.58	7.97	92.30	75.70	1	31.90
388.176	28.76	4.21	121.19	11.50	8.04	92.43	76.30	1	32.10
388.321	28.99	4.21	122.08	11.64	7.77	90.39	74.00	1	31.80
388.382	28.93	4.21	121.68	11.51	8.05	92.68	76.20	1	31.60
388.486	29.34	4.18	122.59	11.48	8.18	93.92	76.60	1	31.50
388.631	29.79	4.14	123.24	11.55	8.23	95.11	77.20	1	31.50
388.692	29.64	4.15	123.00	11.50	8.31	95.56	77.70	1	31.60
388.796	29.78	4.12	122.78	11.55	8.18	94.49	77.00	1	31.60
388.941	29.37	4.17	122.53	11.59	7.90	91.54	74.70	1	31.60
389.002	29.45	4.15	122.10	11.69	7.76	90.71	74.30	1	31.60
389.106	29.28	4.16	121.68	11.68	7.87	91.87	75.50	1	31.80
389.251	29.59	4.15	122.70	11.66	7.92	92.42	75.30	1	31.50
389.312	29.88	4.11	122.69	11.73	7.83	91.83	74.80	1	31.30
389.416	29.76	4.12	122.69	11.59	8.00	92.66	75.50	1	31.60
389.561	29.45	4.16	122.63	11.58	8.17	94.60	77.10	1	31.60
389.622	29.45	4.18	123.03	11.55	8.29	95.82	77.90	1	31.50
389.726	29.64	4.15	122.99	11.63	8.03	93.42	76.00	1	31.30
389.871	29.91	4.12	123.32	11.72	7.97	93.37	75.70	1	31.50
389.932	29.66	4.15	123.24	11.64	8.01	93.25	75.70	1	31.60
390.036	29.67	4.14	122.72	11.70	7.98	93.34	76.10	1	31.50
390.181	30.04	4.10	123.18	11.58	8.16	94.47	76.70	1	31.20
390.242	30.14	4.08	122.97	11.57	8.13	94.11	76.50	1	31.20
390.346	30.24	4.07	123.21	11.59	8.25	95.56	77.60	1	31.30
390.491	30.19	4.06	122.70	11.67	8.14	94.96	77.40	1	31.20
390.552	30.34	4.05	122.84	11.72	8.08	94.70	77.10	1	31.20
390.656	30.24	4.06	122.71	11.71	7.94	93.04	75.80	1	31.20
390.801	30.26	4.06	123.00	11.77	7.84	92.31	75.10	1	31.20
390.862	30.36	4.04	122.62	11.80	7.86	92.84	75.70	1	31.00
390.966	30.22	4.06	122.81	11.76	7.79	91.62	74.60	1	31.30
391.111	30.56	4.03	123.17	11.81	7.77	91.76	74.50	1	31.20
391.172	30.36	4.05	122.82	11.74	7.77	91.30	74.30	1	31.00
391.276	30.50	4.02	122.71	11.76	7.74	91.06	74.20	1	31.00
391.421	30.29	4.05	122.82	11.72	7.91	92.64	75.40	1	31.30
391.482	30.13	4.08	123.01	11.66	7.80	91.00	74.00	1	31.50
391.586	29.99	4.11	123.11	11.67	8.03	93.74	76.10	1	31.60
391.731	29.74	4.12	122.56	11.63	7.99	92.89	75.80	1	31.50
391.792	29.87	4.11	122.64	11.75	7.85	92.25	75.20	1	31.60
391.896	29.55	4.14	122.44	11.70	7.89	92.31	75.40	1	31.60
392.041	29.46	4.16	122.48	11.60	8.15	94.50	77.20	1	31.60
392.102	29.48	4.15	122.44	11.69	8.07	94.29	77.00	1	31.60
392.206	29.72	4.14	123.14	11.63	8.16	94.87	77.00	1	31.50
392.351	29.98	4.11	123.08	11.65	8.01	93.38	75.90	1	31.20
392.412	30.13	4.07	122.73	11.70	8.04	94.09	76.70	1	31.20
392.516	30.04	4.09	122.90	11.61	8.07	93.71	76.20	1	31.30
392.661	30.01	4.10	123.15	11.76	7.79	91.61	74.40	1	31.50
392.722	29.68	4.14	122.80	11.67	7.95	92.84	75.60	1	31.60
392.826	29.65	4.13	122.37	11.64	8.10	94.34	77.10	1	31.50
392.971	29.85	4.12	122.97	11.72	8.04	94.27	76.70	1	31.30
393.032	29.88	4.13	123.40	11.64	8.11	94.47	76.60	1	31.30
393.136	30.30	4.07	123.30	11.70	8.12	94.94	77.00	1	31.20
393.281	30.22	4.06	122.76	11.57	8.27	95.71	78.00	1	31.20
393.342	30.34	4.05	122.80	11.63	8.17	94.98	77.30	1	31.00
393.446	30.27	4.03	122.14	11.71	8.07	94.53	77.40	1	31.20
393.591	30.32	4.03	122.29	11.68	7.96	93.00	76.10	1	31.00
393.652	30.51	4.02	122.55	11.75	7.89	92.70	75.60	1	30.90
393.756	30.62	4.01	122.65	11.68	7.93	92.61	75.50	1	30.70
393.901	30.99	4.00	123.97	11.60	8.12	94.20	76.00	1	30.60
393.962	30.93	3.98	123.20	11.67	8.02	93.63	76.00	1	30.70
394.066	30.87	3.98	123.01	11.57	8.11	93.83	76.30	1	30.60
394.211	30.96	3.96	122.61	11.68	7.94	92.76	75.70	1	30.70
394.272	30.99	3.96	122.73	11.69	7.90	92.35	75.20	1	30.70
394.376	30.96	3.96	122.59	11.61	8.06	93.60	76.40	1	30.60
394.521	30.98	3.94	122.04	11.67	7.90	92.13	75.50	1	30.60
394.582	31.00	3.95	122.54	11.59	8.17	94.66	77.20	1	30.60
394.686	30.77	3.99	122.64	11.61	8.19	95.06	77.50	1	30.90
394.831	30.59	4.03	123.31	11.68	8.09	94.49	76.60	1	30.90
394.892	30.56	4.03	123.21	11.61	8.15	94.63	76.80	1	31.00
394.996	30.52	4.02	122.83	11.64	8.25	96.04	78.20	1	31.00
395.141	30.83	3.99	123.17	11.64	8.20	95.43	77.50	1	30.70
395.202	30.73	3.99	122.70	11.68	8.04	93.89	76.50	1	30.90
395.306	30.71	3.99	122.43	11.71	8.03	94.03	76.80	1	30.90
395.451	30.65	4.00	122.73	11.73	7.93	93.02	75.80	1	30.90
395.512	30.73	3.99	122.65	11.77	7.90	93.03	75.80	1	31.00
395.616	30.43	4.03	122.60	11.71	7.97	93.28	76.10	1	31.00
395.761	30.36	4.07	123.53	11.70	7.93	92.76	75.10	1	31.30
395.822	30.24	4.09	123.58	11.71	8.04	94.19	76.20	1	31.50
395.926	29.96	4.12	123.41	11.73	7.91	92.81	75.20	1	31.50
396.071	29.82	4.11	122.46	11.72	7.88	92.41	75.50	1	31.50
396.132	29.66	4.13	122.40	11.68	7.87	91.92	75.10	1	31.50
396.236	29.92	4.10	122.80	11.77	7.85	92.41	75.30	1	31.30
396.381	30.02	4.09	122.65	11.76	7.87	92.54	75.40	1	31.30
396.442	29.93	4.08	122.15	11.79	7.82	92.16	75.50	1	31.30
396.546	29.93	4.09	122.41	11.75	7.98	93.75	76.60	1	31.30
396.691	30.10	4.09	122.97	11.66	8.05	93.83	76.30	1	31.00
396.752	30.34	4.05	122.89	11.71	8.04	94.23	76.70	1	31.00
396.856	30.50	4.03	122.94	11.68	8.04	93.89	76.40	1	30.90
397.001	30.52	4.03	122.91	11.73	7.93	93.01	75.70	1	31.00
397.062	30.48	4.03	122.89	11.77	7.94	93.53	76.10	1	31.20
397.166	30.20	4.05	122.46	11.75	7.79	91.61	74.80	1	31.00
397.311	30.74	4.01	123.20	11.70	7.94	92.91	75.40	1	30.90
397.372	30.70	4.01	122.99	11.63	8.01	93.21	75.80	1	30.70
397.476	30.78	3.98	122.53	11.71	7.93	92.87	75.80	1	30.90
397.621	30.78	4.00	123.11	11.73	7.96	93.37	75.80	1	31.00
397.682	30.47	4.03	122.85	11.68	7.93	92.61	75.40	1	31.00
397.786	30.58	4.00	122.23	11.73	7.90	92.72	75.90	1	30.90
397.931	30.45	4.05	123.20	11.62	8.10	94.09	76.40	1	31.00
397.992	30.45	4.03	122.84	11.70	7.99	93.45	76.10	1	31.20
398.096	30.40	4.05	123.04	11.62	8.08	93.91	76.30	1	30.90
398.241	30.51	4.02	122.73	11.65	7.96	92.77	75.60	1	31.00
398.302	30.54	4.02	122.68	11.73	7.93	93.02	75.80	1	31.00
398.406	30.38	4.05	123.14	11.66	8.04	93.81	76.20	1	31.00
398.551	30.40	4.07	123.64	11.75	7.92	93.11	75.30	1	31.30
398.612	30.09	4.09	122.95	11.68	8.00	93.41	76.00	1	31.50
398.716	30.04	4.11	123.36	11.69	7.98	93.31	75.60	1	31.30
398.861	29.99	4.13	123.84	11.61	8.08	93.88	75.80	1	31.20
398.922	30.23	4.09	123.51	11.70	8.05	94.24	76.30	1	31.20
399.026	30.18	4.09	123.50	11.65	8.11	94.41	76.40	1	31.20
399.171	30.25	4.07	123.07	11.69	8.08	94.45	76.70	1	31.20
399.232	30.10	4.08	122.86	11.64	8.11	94.45	76.90	1	31.30
399.336	30.01	4.09	122.78	11.67	8.13	94.92	77.30	1	31.30
399.481	29.90	4.12	123.32	11.64	8.01	93.19	75.60	1	31.50
399.542	29.88	4.13	123.28	11.67	8.11	94.59	76.70	1	31.60
399.646	29.45	4.15	122.26	11.64	8.02	93.29	76.30	1	31.50
399.791	29.85	4.13	123.16	11.66	8.04	93.78	76.10	1	31.30
399.852	29.86	4.13	123.23	11.60	8.06	93.53	75.90	1	31.20
399.956	30.14	4.09	123.29	11.65	8.11	94.39	76.60	1	31.30
400.101	29.84	4.14	123.65	11.66	7.99	93.11	75.30	1	31.50
400.162	29.88	4.13	123.49	11.61	8.20	95.14	77.00	1	31.50
400.266	29.91	4.13	123.53	11.70	7.96	93.10	75.40	1	31.50
400.411	29.94	4.12	123.35	11.65	8.16	95.12	77.10	1	31.30
400.472	30.17	4.09	123.43	11.70	8.03	93.89	76.10	1	31.20
400.576	30.10	4.11	123.62	11.64	8.12	94.46	76.40	1	31.20
400.721	30.32	4.07	123.50	11.66	8.10	94.40	76.40	1	31.20
400.782	30.22	4.09	123.64	11.66	8.13	94.77	76.70	1	31.30
400.886	30.17	4.09	123.51	11.68	8.07	94.26	76.30	1	31.30
401.031	30.01	4.10	122.98	11.63	8.18	95.18	77.40	1	31.20
401.092	30.20	4.07	123.01	11.71	7.99	93.52	76.00	1	31.20
401.196	30.38	4.06	123.29	11.68	8.09	94.49	76.60	1	30.90
401.341	30.58	4.03	123.28	11.65	8.08	94.18	76.40	1	31.00
401.402	30.38	4.05	122.99	11.67	8.02	93.59	76.10	1	31.00
401.506	30.30	4.06	122.92	11.66	8.06	93.93	76.40	1	31.20
401.651	30.39	4.04	122.64	11.69	7.95	92.89	75.70	1	30.90
401.712	30.49	4.04	123.18	11.63	8.06	93.73	76.10	1	31.00
401.816	30.37	4.06	123.26	11.67	7.99	93.28	75.70	1	31.20
401.961	30.42	4.07	123.84	11.61	8.12	94.23	76.10	1	31.00
402.022	30.58	4.07	124.38	11.66	8.00	93.34	75.00	1	30.90
402.126	30.62	4.05	123.94	11.61	8.07	93.65	75.60	1	30.90
402.271	30.54	4.03	122.96	11.68	8.01	93.62	76.10	1	30.90
402.332	30.41	4.03	122.68	11.67	8.13	94.84	77.30	1	31.00
402.436	30.52	4.01	122.36	11.71	8.03	94.04	76.90	1	31.00
402.581	30.29	4.06	122.94	11.58	8.11	93.95	76.40	1	31.20
402.642	30.32	4.05	122.94	11.62	8.15	94.65	77.00	1	31.30
402.746	30.11	4.08	122.78	11.59	8.16	94.61	77.10	1	31.20
402.891	30.31	4.06	123.06	11.64	8.12	94.48	76.80	1	31.00
402.952	30.39	4.06	123.31	11.64	7.99	93.01	75.40	1	30.90
403.056	30.54	4.03	123.19	11.62	8.16	94.77	76.90	1	30.90
403.201	30.34	4.06	123.09	11.61	8.08	93.79	76.20	1	31.00
403.262	30.44	4.04	122.84	11.68	8.02	93.70	76.30	1	31.00
403.366	30.25	4.08	123.41	11.67	8.03	93.69	75.90	1	31.30
403.511	30.27	4.08	123.59	11.66	8.19	95.50	77.30	1	31.30
403.572	30.02	4.10	123.18	11.67	8.00	93.41	75.80	1	31.30
403.676	30.07	4.09	122.96	11.60	8.16	94.62	77.00	1	31.20
403.821	30.35	4.06	123.18	11.65	8.15	94.94	77.10	1	30.90
403.882	30.38	4.02	122.25	11.64	8.13	94.67	77.40	1	30.90
403.986	30.43	4.04	122.89	11.58	8.15	94.35	76.80	1	31.20
404.131	30.25	4.08	123.33	11.63	8.00	92.97	75.40	1	31.30
404.192	30.02	4.10	123.16	11.56	8.06	93.15	75.60	1	31.50
404.296	29.81	4.13	123.12	11.59	8.10	93.87	76.20	1	31.60
404.441	29.56	4.16	123.00	11.55	8.13	93.90	76.30	1	31.60
404.502	29.49	4.17	122.85	11.50	8.22	94.57	77.00	1	31.80
404.606	29.29	4.18	122.37	11.53	8.04	92.68	75.70	1	31.80
404.751	29.56	4.17	123.39	11.57	8.15	94.29	76.40	1	31.50
404.812	29.61	4.16	123.12	11.55	8.15	94.13	76.50	1	31.30
404.916	29.85	4.12	122.85	11.65	7.89	91.99	74.90	1	31.50
405.061	29.58	4.12	121.99	11.63	8.10	94.20	77.20	1	31.30
405.122	29.59	4.13	122.14	11.65	7.94	92.58	75.80	1	31.50
405.226	29.70	4.12	122.23	11.59	8.16	94.58	77.40	1	31.60
405.371	29.56	4.14	122.50	11.64	8.04	93.54	76.40	1	31.30
405.432	29.83	4.11	122.65	11.69	8.03	93.85	76.50	1	31.30
405.536	29.96	4.11	123.12	11.59	8.11	94.05	76.40	1	31.20
405.681	30.12	4.07	122.61	11.70	8.04	94.14	76.80	1	31.20
405.742	30.14	4.07	122.67	11.66	7.98	93.07	75.90	1	31.20
405.846	30.16	4.05	122.05	11.68	8.08	94.31	77.30	1	31.00
405.991	30.12	4.10	123.42	11.63	8.14	94.67	76.70	1	31.30
406.052	30.04	4.10	123.20	11.71	7.91	92.67	75.20	1	31.50
406.156	29.99	4.11	123.28	11.59	8.06	93.49	75.80	1	31.30
406.301	29.94	4.13	123.70	11.61	8.03	93.31	75.40	1	31.60
406.362	29.67	4.16	123.29	11.61	8.10	94.03	76.30	1	31.80
406.466	29.60	4.15	122.72	11.67	7.98	93.09	75.90	1	31.60
406.611	29.60	4.16	123.23	11.64	8.12	94.47	76.70	1	31.60
406.672	29.72	4.15	123.33	11.63	8.08	94.02	76.20	1	31.50
406.776	29.68	4.15	123.12	11.60	8.06	93.48	75.90	1	31.50
406.921	29.82	4.14	123.50	11.63	8.02	93.30	75.60	1	31.30
406.982	30.06	4.12	123.95	11.58	8.19	94.75	76.40	1	31.20
407.086	30.08	4.10	123.30	11.60	8.06	93.46	75.80	1	31.20
407.231	30.06	4.08	122.59	11.66	8.02	93.46	76.20	1	31.20
407.292	30.12	4.07	122.65	11.64	8.04	93.65	76.40	1	31.20
407.396	30.31	4.07	123.26	11.63	8.21	95.46	77.40	1	31.00
407.541	30.34	4.05	122.96	11.58	8.10	93.77	76.30	1	31.00
407.602	30.50	4.04	123.11	11.66	7.98	93.10	75.60	1	31.00
407.706	30.42	4.05	123.31	11.62	8.03	93.26	75.60	1	31.20
407.851	30.17	4.07	122.88	11.67	8.02	93.64	76.20	1	31.20
407.912	30.03	4.09	122.82	11.62	8.06	93.62	76.20	1	31.30
408.016	30.04	4.10	123.13	11.63	8.12	94.41	76.70	1	31.30
408.161	29.99	4.13	123.81	11.62	8.13	94.45	76.30	1	31.30
408.222	30.08	4.09	123.17	11.65	8.13	94.74	76.90	1	31.20
408.326	30.11	4.10	123.54	11.62	8.06	93.66	75.80	1	31.30
408.471	30.25	4.08	123.37	11.64	8.05	93.74	76.00	1	31.00
408.532	30.18	4.07	122.90	11.63	7.97	92.74	75.50	1	31.20
408.636	30.37	4.07	123.59	11.66	8.10	94.39	76.40	1	31.20
408.781	30.19	4.09	123.43	11.58	8.15	94.39	76.50	1	31.20
408.842	30.32	4.07	123.36	11.71	7.96	93.25	75.60	1	31.20
408.946	30.29	4.09	123.77	11.67	8.01	93.47	75.50	1	31.50
409.091	29.88	4.12	123.23	11.69	8.03	93.84	76.20	1	31.50
409.152	29.70	4.13	122.81	11.59	8.18	94.88	77.30	1	31.50
409.256	29.84	4.13	123.26	11.65	8.11	94.46	76.60	1	31.50
409.401	29.90	4.14	123.79	11.62	8.12	94.33	76.20	1	31.50
409.462	29.93	4.11	123.13	11.66	8.07	94.10	76.40	1	31.30
409.566	29.86	4.12	123.10	11.59	8.16	94.66	76.90	1	31.50
409.711	29.78	4.15	123.67	11.57	8.18	94.70	76.60	1	31.50
409.772	29.69	4.15	123.36	11.59	8.04	93.24	75.60	1	31.50
409.876	29.67	4.15	123.17	11.63	8.02	93.26	75.70	1	31.60
410.021	29.74	4.15	123.41	11.62	8.11	94.25	76.40	1	31.30
410.082	29.92	4.13	123.53	11.66	8.09	94.31	76.30	1	31.50
410.186	29.75	4.13	123.02	11.59	8.18	94.79	77.00	1	31.50
410.331	30.02	4.11	123.52	11.60	8.12	94.25	76.30	1	31.20
410.392	30.14	4.11	123.86	11.59	8.02	92.94	75.00	1	31.00
410.496	30.54	4.05	123.66	11.61	8.14	94.50	76.40	1	31.00
410.641	30.41	4.06	123.53	11.62	8.19	95.20	77.10	1	31.00
410.702	30.34	4.08	123.81	11.64	8.08	93.99	75.90	1	31.00
410.806	30.33	4.08	123.69	11.63	8.03	93.34	75.50	1	31.00
410.951	30.32	4.07	123.35	11.63	8.04	93.59	75.90	1	31.20
411.012	30.18	4.08	123.22	11.63	8.19	95.27	77.30	1	31.30
411.116	30.11	4.10	123.55	11.70	7.98	93.33	75.50	1	31.50
411.261	30.11	4.12	123.90	11.63	8.18	95.16	76.80	1	31.20
411.322	30.01	4.11	123.33	11.67	8.06	94.01	76.20	1	31.30
411.426	30.04	4.11	123.46	11.64	8.00	93.17	75.50	1	31.20
411.571	30.25	4.10	123.89	11.63	8.06	93.75	75.70	1	31.20
411.632	30.31	4.10	124.34	11.61	8.20	95.24	76.60	1	31.00
411.736	30.28	4.08	123.43	11.65	8.04	93.68	75.90	1	31.20
411.881	30.38	4.06	123.20	11.63	8.15	94.74	76.90	1	31.20
411.942	30.19	4.07	123.00	11.63	8.08	93.98	76.40	1	31.20
412.046	30.19	4.08	123.25	11.62	8.04	93.43	75.80	1	31.30
412.191	30.22	4.08	123.37	11.61	8.05	93.42	75.70	1	31.00
412.252	30.35	4.07	123.60	11.61	8.15	94.58	76.50	1	30.90
412.356	30.52	4.05	123.53	11.66	7.94	92.57	74.90	1	31.00
412.501	30.38	4.08	123.97	11.67	8.11	94.67	76.40	1	31.20
412.562	30.10	4.10	123.32	11.63	8.10	94.19	76.40	1	31.30
412.666	30.07	4.11	123.67	11.60	8.16	94.74	76.60	1	31.00
412.811	30.33	4.08	123.86	11.60	8.08	93.77	75.70	1	31.00
412.872	30.52	4.05	123.73	11.66	8.07	94.03	76.00	1	30.90
412.976	30.41	4.05	123.28	11.62	8.11	94.24	76.40	1	31.00
413.121	30.46	4.06	123.65	11.67	8.12	94.74	76.60	1	31.00
413.182	30.37	4.06	123.45	11.64	7.98	92.88	75.20	1	30.90
413.286	30.64	4.02	123.21	11.62	8.18	95.03	77.10	1	31.00
413.431	30.31	4.08	123.56	11.57	8.20	94.84	76.80	1	31.00
413.492	30.46	4.05	123.41	11.65	8.09	94.27	76.40	1	30.90
413.596	30.42	4.05	123.28	11.62	8.09	94.03	76.30	1	31.00
413.741	30.50	4.05	123.43	11.63	8.09	94.15	76.30	1	31.00
413.802	30.16	4.07	122.87	11.60	8.15	94.55	77.00	1	31.20
413.906	30.22	4.06	122.57	11.67	8.04	93.85	76.60	1	31.00
414.051	30.41	4.07	123.77	11.61	8.16	94.69	76.50	1	31.30
414.112	30.37	4.09	124.23	11.68	8.06	94.12	75.80	1	31.30
414.216	30.02	4.12	123.75	11.60	8.07	93.63	75.70	1	31.30
414.361	29.97	4.13	123.74	11.69	8.04	93.91	75.90	1	31.50
414.422	29.87	4.14	123.61	11.61	8.13	94.35	76.30	1	31.60
414.526	29.64	4.16	123.32	11.68	7.93	92.70	75.20	1	31.80
414.671	29.59	4.18	123.68	11.67	7.88	91.92	74.30	1	31.80
414.732	29.55	4.17	123.34	11.70	7.89	92.26	74.80	1	31.90
414.836	29.35	4.19	122.98	11.57	8.11	93.81	76.30	1	31.80
414.981	29.34	4.20	123.34	11.59	7.99	92.52	75.00	1	31.80
415.042	29.49	4.18	123.37	11.67	7.94	92.74	75.20	1	31.60
415.146	29.18	4.20	122.53	11.63	7.92	92.12	75.20	1	31.80
415.291	29.67	4.17	123.65	11.69	8.02	93.83	75.90	1	31.50
415.352	29.75	4.15	123.53	11.63	8.05	93.61	75.80	1	31.30
415.456	29.83	4.14	123.42	11.59	8.25	95.62	77.50	1	31.50
415.601	29.85	4.15	124.02	11.54	8.23	94.98	76.60	1	31.80
415.662	29.46	4.17	122.89	11.58	7.99	92.61	75.40	1	31.60
415.766	29.32	4.19	122.71	11.63	8.10	94.20	76.80	1	31.80
415.911	29.10	4.21	122.62	11.62	7.96	92.44	75.40	1	31.80
415.972	29.08	4.22	122.69	11.66	7.91	92.24	75.20	1	31.80
416.076	28.95	4.22	122.30	11.62	8.05	93.47	76.40	1	31.90
416.221	29.35	4.20	123.42	11.65	8.06	93.87	76.10	1	31.50
416.282	29.50	4.18	123.22	11.62	8.21	95.39	77.40	1	31.50
416.386	29.60	4.17	123.33	11.60	8.16	94.64	76.70	1	31.80
416.531	29.68	4.15	123.27	11.68	7.96	92.96	75.40	1	31.50
416.592	29.63	4.16	123.40	11.63	8.04	93.55	75.80	1	31.50
416.696	29.92	4.11	123.10	11.66	8.11	94.59	76.80	1	31.30
416.841	29.76	4.13	123.02	11.60	8.19	95.07	77.30	1	31.50
416.902	29.85	4.13	123.38	11.71	7.97	93.33	75.60	1	31.50
417.006	29.76	4.14	123.19	11.63	8.10	94.25	76.50	1	31.50
417.151	29.77	4.13	122.92	11.68	8.05	94.03	76.50	1	31.60
417.212	29.81	4.14	123.51	11.66	8.04	93.72	75.90	1	31.50
417.316	29.99	4.12	123.46	11.64	8.16	95.00	76.90	1	31.30
417.461	30.28	4.09	123.99	11.69	8.05	94.03	75.80	1	31.20
417.522	30.52	4.06	123.89	11.74	7.95	93.35	75.30	1	31.00
417.626	30.40	4.07	123.77	11.66	8.05	93.87	75.80	1	31.20
417.771	30.37	4.08	123.83	11.71	8.04	94.09	76.00	1	31.00
417.832	30.31	4.07	123.47	11.66	8.17	95.17	77.10	1	31.00
417.936	30.41	4.05	123.24	11.75	7.87	92.43	75.00	1	31.00
418.081	30.50	4.03	122.92	11.67	8.06	94.10	76.60	1	31.00
418.142	30.38	4.04	122.88	11.68	7.93	92.61	75.40	1	31.00
418.246	30.67	4.02	123.40	11.68	8.10	94.60	76.70	1	30.90
418.391	30.54	4.04	123.47	11.66	8.03	93.62	75.80	1	31.00
418.452	30.39	4.05	123.04	11.73	7.96	93.35	75.90	1	31.00
418.556	30.55	4.04	123.54	11.58	8.10	93.82	75.90	1	31.00
418.701	30.37	4.05	123.01	11.74	7.84	92.10	74.90	1	31.00
418.762	30.25	4.06	122.82	11.67	8.00	93.39	76.00	1	30.90
418.866	30.38	4.03	122.42	11.70	7.96	93.17	76.10	1	31.00
419.011	30.36	4.07	123.48	11.72	8.02	93.99	76.10	1	31.30
419.072	30.12	4.10	123.65	11.62	8.13	94.53	76.40	1	31.50
419.176	29.91	4.13	123.64	11.66	8.21	95.75	77.40	1	31.50
419.321	29.69	4.15	123.18	11.66	8.12	94.66	76.80	1	31.60
419.382	29.79	4.14	123.22	11.70	8.01	93.71	76.00	1	31.50
419.486	29.72	4.14	123.16	11.58	8.15	94.34	76.60	1	31.50
419.631	29.85	4.15	123.74	11.61	8.15	94.65	76.50	1	31.50
419.692	29.89	4.13	123.57	11.57	8.09	93.61	75.80	1	31.30
419.796	29.95	4.13	123.59	11.68	8.01	93.58	75.70	1	31.30
419.941	30.11	4.10	123.49	11.61	8.03	93.21	75.50	1	31.20
420.002	30.16	4.08	123.17	11.63	8.08	94.04	76.40	1	31.30
420.106	30.01	4.12	123.55	11.58	8.16	94.49	76.50	1	31.30
420.251	30.05	4.11	123.50	11.65	8.09	94.31	76.40	1	31.30
420.312	29.93	4.11	122.98	11.59	8.17	94.72	77.00	1	31.20
420.416	30.02	4.10	123.21	11.63	8.10	94.20	76.50	1	31.30
420.561	29.82	4.14	123.55	11.59	8.12	94.02	76.10	1	31.20
420.622	29.97	4.13	123.65	11.62	8.13	94.42	76.40	1	31.20
420.726	30.21	4.09	123.62	11.56	8.22	94.97	76.80	1	30.90
420.871	30.50	4.05	123.48	11.66	8.08	94.27	76.30	1	31.00
420.932	30.43	4.06	123.53	11.57	8.20	94.89	76.80	1	30.90
421.036	30.68	4.02	123.44	11.67	8.15	95.08	77.00	1	30.70
421.181	30.43	4.05	123.20	11.60	8.09	93.81	76.10	1	31.00
421.242	30.56	4.04	123.52	11.60	8.20	95.09	77.00	1	30.90
421.346	30.48	4.04	123.12	11.61	8.19	95.04	77.20	1	31.00
421.491	30.49	4.06	123.94	11.64	8.07	93.92	75.80	1	31.20
421.552	30.26	4.09	123.88	11.63	8.06	93.69	75.60	1	31.30
421.656	30.07	4.12	124.02	11.66	8.00	93.22	75.20	1	31.50
421.801	29.89	4.16	124.25	11.61	8.02	93.19	75.00	1	31.50
421.862	29.87	4.14	123.62	11.64	8.08	94.07	76.10	1	31.50
421.966	29.83	4.13	123.18	11.60	8.19	95.01	77.10	1	31.30
422.111	30.03	4.10	123.16	11.72	7.94	93.05	75.60	1	31.30
422.172	30.02	4.12	123.60	11.67	8.03	93.63	75.80	1	31.50
422.276	29.93	4.13	123.73	11.70	8.06	94.28	76.20	1	31.50
422.421	29.71	4.16	123.71	11.63	8.16	94.95	76.80	1	31.60
422.482	29.62	4.17	123.46	11.67	8.08	94.26	76.30	1	31.60
422.586	29.58	4.17	123.22	11.62	8.11	94.16	76.40	1	31.60
422.731	29.67	4.15	123.15	11.62	8.15	94.67	76.90	1	31.50
422.792	29.98	4.13	123.94	11.70	8.07	94.47	76.20	1	31.50
422.896	30.06	4.11	123.70	11.65	8.02	93.45	75.50	1	31.50
423.041	29.96	4.13	123.59	11.69	8.05	94.04	76.10	1	31.30
423.102	29.99	4.12	123.65	11.62	8.12	94.32	76.30	1	31.20
423.206	30.25	4.09	123.67	11.67	8.12	94.76	76.60	1	31.20
423.351	30.37	4.07	123.57	11.60	8.15	94.57	76.50	1	31.00
423.412	30.38	4.06	123.48	11.70	8.00	93.60	75.80	1	31.20
423.516	30.24	4.09	123.78	11.62	8.11	94.28	76.20	1	31.30
423.661	30.18	4.09	123.52	11.71	8.07	94.49	76.50	1	31.20
423.722	30.16	4.09	123.40	11.66	8.15	95.10	77.10	1	31.20
423.826	30.30	4.07	123.16	11.71	8.07	94.55	76.80	1	31.20
423.971	30.02	4.09	122.83	11.62	8.13	94.43	76.90	1	31.20
424.032	30.19	4.07	122.97	11.64	8.18	95.17	77.40	1	31.00
424.136	30.30	4.07	123.34	11.65	8.09	94.28	76.40	1	30.90
424.281	30.74	4.01	123.33	11.70	7.98	93.40	75.70	1	30.70
424.342	30.73	4.01	123.16	11.60	8.13	94.32	76.60	1	30.90
424.446	30.57	4.03	123.19	11.62	8.20	95.29	77.40	1	31.00
424.591	30.30	4.09	123.98	11.59	8.17	94.67	76.40	1	31.20
424.652	30.28	4.09	123.70	11.71	7.93	92.88	75.10	1	31.30
424.756	30.18	4.08	123.22	11.63	8.04	93.51	75.90	1	31.20
424.901	29.96	4.14	123.95	11.65	8.01	93.31	75.30	1	31.50
424.962	29.77	4.15	123.62	11.60	8.13	94.35	76.30	1	31.50
425.066	29.76	4.13	122.96	11.68	7.93	92.66	75.40	1	31.50
425.211	29.84	4.15	123.81	11.58	8.23	95.34	77.00	1	31.60
425.272	29.56	4.18	123.42	11.58	8.13	94.15	76.30	1	31.60
425.376	29.50	4.19	123.46	11.61	8.00	92.89	75.20	1	31.60
425.521	29.67	4.15	123.11	11.61	8.04	93.40	75.90	1	31.60
425.582	29.65	4.16	123.29	11.59	8.21	95.17	77.20	1	31.60
425.686	29.46	4.17	122.86	11.65	8.04	93.70	76.30	1	31.60
425.831	29.53	4.17	123.17	11.67	8.04	93.77	76.10	1	31.60
425.892	29.55	4.17	123.31	11.63	7.98	92.80	75.30	1	31.60
425.996	29.61	4.17	123.36	11.61	8.14	94.49	76.60	1	31.50
426.141	29.50	4.16	122.82	11.58	8.14	94.28	76.80	1	31.50
426.202	29.73	4.14	123.12	11.65	8.05	93.84	76.20	1	31.50
426.306	29.79	4.14	123.28	11.59	8.06	93.43	75.80	1	31.20
426.451	30.15	4.08	123.05	11.69	8.08	94.49	76.80	1	31.20
426.512	30.14	4.09	123.39	11.64	7.99	93.01	75.40	1	31.30
426.616	30.08	4.10	123.38	11.63	8.15	94.80	76.80	1	31.50
426.761	29.83	4.13	123.32	11.61	8.14	94.53	76.70	1	31.50
426.822	29.83	4.14	123.41	11.69	7.98	93.34	75.60	1	31.60
426.926	29.70	4.16	123.52	11.58	8.05	93.17	75.40	1	31.60
427.071	29.74	4.15	123.39	11.68	8.03	93.78	76.00	1	31.60
427.132	29.62	4.17	123.47	11.62	8.17	94.94	76.90	1	31.60
427.236	29.49	4.17	122.91	11.67	8.05	93.92	76.40	1	31.60
427.381	29.34	4.19	122.83	11.65	8.05	93.70	76.30	1	31.60
427.442	29.61	4.16	123.27	11.67	8.05	93.91	76.20	1	31.50
427.546	29.53	4.16	122.94	11.58	8.14	94.26	76.70	1	31.50
427.691	29.72	4.15	123.27	11.65	8.09	94.28	76.50	1	31.50
427.752	29.74	4.15	123.39	11.59	8.14	94.37	76.50	1	31.30
427.856	30.13	4.10	123.55	11.64	8.08	94.07	76.10	1	31.20
428.001	30.22	4.10	123.84	11.61	8.18	94.92	76.60	1	31.20
428.062	30.28	4.09	123.86	11.66	8.06	93.97	75.90	1	31.00
428.166	30.39	4.07	123.66	11.63	8.13	94.55	76.50	1	31.00
428.311	30.15	4.09	123.27	11.73	7.99	93.69	76.00	1	31.30
428.372	30.14	4.09	123.19	11.66	8.11	94.54	76.70	1	31.20
428.476	30.31	4.08	123.55	11.72	8.03	94.07	76.10	1	31.00
428.621	30.70	4.06	124.50	11.65	8.10	94.35	75.80	1	30.90
428.682	30.85	4.02	124.13	11.69	8.06	94.17	75.90	1	30.70
428.786	30.69	4.03	123.60	11.66	7.96	92.79	75.10	1	30.90
428.931	30.73	4.01	123.17	11.68	8.07	94.30	76.60	1	30.90
428.992	30.62	4.03	123.32	11.67	8.10	94.56	76.70	1	30.70
429.096	30.82	3.99	122.90	11.68	7.97	93.11	75.80	1	30.60
429.241	31.14	3.97	123.72	11.60	8.14	94.46	76.30	1	30.40
429.302	31.24	3.94	123.06	11.67	8.03	93.72	76.20	1	30.40
429.406	30.92	3.96	122.32	11.67	7.94	92.63	75.70	1	30.40
429.551	30.95	3.95	122.35	11.71	7.97	93.30	76.30	1	30.70
429.612	30.85	3.98	122.93	11.64	8.09	94.13	76.60	1	30.90
429.716	30.77	3.99	122.66	11.67	8.08	94.29	76.90	1	30.90
429.861	30.81	4.00	123.17	11.61	8.18	94.99	77.10	1	30.70
429.922	31.00	3.97	122.94	11.72	8.02	93.95	76.40	1	30.60
430.026	31.11	3.95	122.86	11.61	8.16	94.77	77.10	1	30.60
430.171	31.29	3.92	122.64	11.67	8.04	93.87	76.50	1	30.40
430.232	31.24	3.92	122.48	11.65	8.00	93.26	76.10	1	30.30
430.336	31.31	3.90	122.22	11.66	8.09	94.38	77.20	1	30.40
430.481	31.05	3.96	122.95	11.65	8.17	95.22	77.40	1	30.60
430.542	30.89	3.98	123.11	11.65	8.14	94.86	77.10	1	30.70
430.646	30.64	4.00	122.52	11.63	8.08	93.93	76.70	1	30.60
430.791	30.74	3.98	122.40	11.64	8.12	94.53	77.20	1	30.60
430.852	31.00	3.95	122.50	11.70	8.03	93.87	76.60	1	30.40
430.956	31.08	3.94	122.32	11.69	7.87	92.06	75.30	1	30.30
431.101	31.33	3.92	122.87	11.65	8.17	95.14	77.40	1	30.60
431.162	31.08	3.96	123.02	11.63	8.14	94.62	76.90	1	30.70
431.266	30.82	4.00	123.36	11.69	8.03	93.83	76.10	1	30.90
431.411	30.59	4.03	123.40	11.64	8.05	93.77	76.00	1	30.90
431.472	30.70	4.02	123.44	11.67	8.05	93.89	76.10	1	30.90
431.576	30.63	4.03	123.46	11.64	8.02	93.36	75.60	1	30.90
431.721	30.83	3.99	122.98	11.65	8.09	94.29	76.70	1	30.70
431.782	30.66	4.00	122.77	11.63	8.17	94.95	77.30	1	30.90
431.886	30.78	3.99	122.79	11.74	7.97	93.55	76.20	1	30.90
432.031	30.57	4.02	122.91	11.74	7.97	93.57	76.10	1	30.90
432.092	30.53	4.03	123.18	11.71	7.98	93.47	75.90	1	31.00
432.196	30.50	4.05	123.54	11.67	8.13	94.85	76.80	1	31.20
432.341	30.21	4.07	123.08	11.63	8.24	95.82	77.90	1	31.20
432.402	30.36	4.06	123.36	11.69	8.13	95.00	77.00	1	31.30
432.506	30.05	4.11	123.59	11.64	8.12	94.50	76.50	1	31.50
432.651	30.01	4.11	123.28	11.73	8.01	93.94	76.20	1	31.50
432.712	29.98	4.11	123.20	11.69	8.03	93.83	76.20	1	31.30
432.816	30.17	4.10	123.61	11.68	8.16	95.30	77.10	1	31.20
432.961	30.23	4.08	123.27	11.70	8.12	94.94	77.00	1	31.20
433.022	30.27	4.07	123.05	11.71	8.08	94.60	76.90	1	31.00
433.126	30.26	4.06	122.85	11.63	8.17	95.02	77.30	1	30.90
433.271	30.51	4.03	123.03	11.66	8.11	94.61	76.90	1	30.90
433.332	30.63	4.00	122.61	11.68	8.09	94.47	77.00	1	30.70
433.436	30.69	4.01	123.06	11.73	7.89	92.64	75.30	1	30.90
433.581	30.60	4.02	123.13	11.68	8.10	94.59	76.80	1	31.00
433.642	30.49	4.04	123.26	11.68	8.05	94.07	76.30	1	31.00
433.746	30.44	4.07	123.82	11.70	8.06	94.39	76.20	1	31.30
433.891	30.21	4.10	123.78	11.67	8.00	93.37	75.40	1	31.30
433.952	30.28	4.08	123.47	11.70	8.07	94.46	76.50	1	31.50
434.056	30.06	4.11	123.47	11.66	8.08	94.29	76.40	1	31.50
434.201	30.12	4.10	123.65	11.70	8.09	94.62	76.50	1	31.30
434.262	30.07	4.11	123.53	11.67	8.23	96.05	77.70	1	31.20
434.366	30.10	4.10	123.33	11.68	8.10	94.61	76.70	1	31.50
434.511	30.26	4.10	124.16	11.67	8.11	94.59	76.20	1	31.30
434.572	30.09	4.11	123.76	11.59	8.19	94.89	76.70	1	31.20
434.676	30.16	4.09	123.31	11.72	8.01	93.80	76.10	1	31.30
434.821	30.12	4.11	123.75	11.63	8.14	94.70	76.50	1	31.30
434.882	30.17	4.12	124.23	11.72	7.98	93.51	75.30	1	31.50
434.986	29.88	4.15	124.01	11.62	8.17	94.91	76.50	1	31.50
435.131	30.01	4.12	123.70	11.70	7.91	92.49	74.80	1	31.20
435.192	30.11	4.11	123.74	11.67	7.96	92.83	75.00	1	31.20
435.296	30.21	4.09	123.44	11.65	8.05	93.78	76.00	1	31.30
435.441	30.12	4.09	123.25	11.62	8.18	95.04	77.10	1	31.30
435.502	29.94	4.11	123.09	11.56	8.14	94.14	76.50	1	31.30
435.606	29.89	4.13	123.34	11.59	8.26	95.71	77.60	1	31.30
435.751	29.71	4.16	123.52	11.61	8.04	93.30	75.50	1	31.60
435.812	29.74	4.14	123.18	11.61	8.06	93.60	76.00	1	31.60
435.916	29.72	4.15	123.32	11.65	7.89	91.89	74.50	1	31.30
436.061	29.72	4.14	123.11	11.59	8.16	94.61	76.80	1	31.50
436.122	29.63	4.16	123.17	11.60	8.10	94.01	76.30	1	31.50
436.226	29.78	4.13	123.06	11.63	8.14	94.64	76.90	1	31.50
436.371	30.00	4.11	123.44	11.63	8.03	93.34	75.60	1	31.20
436.432	30.28	4.08	123.50	11.68	8.01	93.55	75.70	1	31.00
436.536	30.41	4.06	123.54	11.62	8.18	95.07	77.00	1	31.00
436.681	30.33	4.07	123.60	11.66	8.08	94.17	76.20	1	31.00
436.742	30.33	4.07	123.44	11.65	8.05	93.69	75.90	1	30.90
436.846	30.75	4.01	123.19	11.72	8.01	93.86	76.20	1	30.70
436.991	30.80	4.02	123.75	11.63	8.18	95.10	76.80	1	30.90
437.052	30.54	4.04	123.35	11.66	8.15	95.01	77.00	1	31.00
437.156	30.41	4.05	123.17	11.67	7.97	92.99	75.50	1	31.00
437.301	30.46	4.04	123.16	11.68	7.91	92.38	75.00	1	31.00
437.362	30.57	4.05	123.71	11.70	8.03	93.98	76.00	1	31.20
437.466	30.44	4.06	123.47	11.62	8.13	94.50	76.50	1	31.00
437.611	30.45	4.04	123.08	11.65	8.13	94.65	76.90	1	31.00
437.672	30.37	4.06	123.27	11.62	8.10	94.09	76.30	1	30.90
437.776	30.51	4.03	123.12	11.70	8.07	94.40	76.70	1	31.00
437.921	30.46	4.07	124.02	11.68	8.06	94.08	75.90	1	31.30
437.982	30.47	4.08	124.21	11.68	8.21	95.89	77.20	1	31.30
438.086	30.11	4.13	124.36	11.63	8.12	94.39	75.90	1	31.30
438.231	30.03	4.12	123.63	11.63	8.17	95.02	76.90	1	31.30
438.292	29.92	4.13	123.63	11.63	8.07	93.88	75.90	1	31.30
438.396	30.22	4.09	123.65	11.70	7.98	93.33	75.50	1	31.20
438.541	30.37	4.06	123.21	11.72	8.03	94.04	76.30	1	31.00
438.602	30.34	4.06	123.32	11.65	8.11	94.52	76.70	1	31.20
438.706	30.21	4.10	123.95	11.64	8.24	95.92	77.40	1	31.50
438.851	29.77	4.13	123.04	11.61	8.17	94.83	77.10	1	31.30
438.912	30.07	4.11	123.56	11.70	8.10	94.81	76.70	1	31.30
439.016	29.85	4.14	123.59	11.62	8.06	93.63	75.80	1	31.50
439.161	29.93	4.15	124.17	11.67	8.15	95.12	76.60	1	31.50
439.222	29.93	4.13	123.72	11.63	8.18	95.07	76.80	1	31.30
439.326	30.02	4.12	123.77	11.67	8.16	95.23	76.90	1	31.50
439.471	30.00	4.12	123.50	11.65	8.04	93.62	75.80	1	31.20
439.532	30.20	4.08	123.32	11.72	7.95	93.21	75.60	1	31.30
439.636	30.04	4.11	123.52	11.62	8.19	95.23	77.10	1	31.30
439.781	30.15	4.12	124.33	11.69	8.05	94.09	75.70	1	31.30
439.842	30.13	4.13	124.33	11.69	7.99	93.43	75.10	1	31.20
439.946	30.21	4.09	123.65	11.72	7.93	92.96	75.20	1	31.30
440.091	30.24	4.11	124.23	11.61	8.22	95.40	76.80	1	31.50
440.152	29.94	4.13	123.61	11.63	8.10	94.20	76.20	1	31.50
440.256	29.93	4.13	123.65	11.62	8.04	93.40	75.50	1	31.30
440.401	29.92	4.12	123.43	11.69	7.85	91.74	74.30	1	31.30
440.462	30.06	4.10	123.36	11.68	8.03	93.82	76.00	1	31.20
440.566	30.29	4.08	123.50	11.66	8.03	93.65	75.80	1	31.00
440.711	30.34	4.07	123.52	11.68	8.08	94.30	76.30	1	31.20
440.772	30.07	4.10	123.35	11.60	8.11	94.13	76.30	1	31.20
440.876	30.27	4.06	123.03	11.70	8.01	93.73	76.20	1	31.00
441.021	30.51	4.07	124.15	11.61	8.19	95.12	76.60	1	30.90
441.082	30.68	4.03	123.56	11.65	8.06	93.88	76.00	1	30.70
441.186	30.55	4.04	123.45	11.61	7.94	92.25	74.70	1	30.90
441.331	30.79	4.00	123.14	11.65	8.09	94.24	76.50	1	30.70
441.392	30.75	4.01	123.21	11.56	8.17	94.39	76.60	1	30.60
441.496	31.12	3.95	122.93	11.63	8.03	93.42	76.00	1	30.60
441.641	31.12	3.96	123.31	11.64	8.13	94.68	76.80	1	30.30
441.702	31.30	3.92	122.70	11.68	8.11	94.70	77.20	1	30.30
441.806	31.22	3.93	122.76	11.63	8.02	93.29	76.00	1	30.30
441.951	31.48	3.92	123.40	11.70	7.94	92.92	75.30	1	30.60
442.012	31.15	3.96	123.25	11.60	8.16	94.67	76.80	1	30.70
442.116	31.03	3.97	123.19	11.67	8.13	94.83	77.00	1	30.60
442.261	31.07	3.96	122.99	11.60	8.01	92.86	75.50	1	30.60
442.322	31.06	3.96	122.98	11.67	8.04	93.89	76.30	1	30.60
442.426	30.96	3.99	123.40	11.60	8.21	95.16	77.10	1	30.60
442.571	30.79	3.98	122.63	11.67	8.04	93.91	76.60	1	30.60
442.632	30.81	4.00	123.18	11.64	8.08	93.98	76.30	1	30.70
442.736	30.77	4.03	123.95	11.64	8.12	94.54	76.30	1	30.90
442.881	30.58	4.05	123.78	11.60	8.20	95.16	76.90	1	30.90
442.942	30.60	4.04	123.59	11.65	8.13	94.71	76.60	1	30.90
443.046	30.70	4.03	123.81	11.64	8.08	94.10	76.00	1	30.90
443.191	30.81	4.03	124.12	11.65	8.04	93.59	75.40	1	30.90
443.252	30.82	4.03	124.06	11.65	7.96	92.77	74.80	1	30.90
443.356	30.67	4.04	123.94	11.60	8.28	95.96	77.40	1	30.90
443.501	30.69	4.03	123.57	11.69	7.89	92.29	74.70	1	30.90
443.562	30.70	4.03	123.59	11.64	8.14	94.80	76.70	1	31.00
443.666	30.48	4.06	123.74	11.66	8.04	93.82	75.80	1	31.20
443.811	30.54	4.04	123.46	11.71	7.97	93.32	75.60	1	30.90
443.872	30.63	4.03	123.58	11.65	8.06	93.97	76.00	1	30.90
443.976	30.55	4.04	123.52	11.63	8.20	95.44	77.30	1	30.90
444.121	30.46	4.05	123.49	11.63	8.03	93.46	75.70	1	31.00
444.182	30.47	4.04	123.04	11.70	7.93	92.75	75.40	1	31.00
444.286	30.48	4.04	123.23	11.66	8.08	94.20	76.40	1	31.00
444.431	30.56	4.03	123.28	11.70	8.09	94.67	76.80	1	30.70
444.492	30.56	4.04	123.41	11.64	8.04	93.54	75.80	1	30.70
444.596	30.97	4.00	123.82	11.66	8.08	94.25	76.10	1	30.70
444.741	30.75	4.00	122.92	11.60	8.20	95.11	77.40	1	30.70
444.802	30.89	3.98	122.97	11.68	8.13	94.95	77.20	1	30.60
444.906	30.94	3.97	122.93	11.64	8.00	93.10	75.70	1	30.40
445.051	30.96	3.98	123.15	11.68	8.13	94.98	77.10	1	30.70
445.112	30.79	4.02	123.73	11.61	8.13	94.42	76.30	1	30.90
445.216	30.62	4.04	123.74	11.69	8.12	94.92	76.70	1	31.00
445.361	30.65	4.04	123.86	11.62	8.17	94.97	76.70	1	30.70
445.422	30.79	4.02	123.72	11.69	7.99	93.37	75.50	1	30.70
445.526	30.75	4.04	124.10	11.62	8.12	94.29	76.00	1	30.90
445.671	30.54	4.02	122.71	11.72	8.04	94.26	76.80	1	30.90
445.732	30.44	4.06	123.58	11.66	8.10	94.42	76.40	1	31.00
445.836	30.37	4.06	123.40	11.67	8.10	94.59	76.70	1	31.00
445.981	30.62	4.04	123.81	11.62	8.14	94.67	76.50	1	30.90
446.042	30.62	4.05	123.87	11.69	8.06	94.15	76.00	1	30.90
446.146	30.49	4.05	123.55	11.58	8.14	94.22	76.30	1	30.70
446.291	30.86	4.02	123.98	11.72	8.10	94.91	76.60	1	30.90
446.352	30.54	4.06	123.91	11.63	8.19	95.27	76.90	1	31.00
446.456	30.50	4.06	123.84	11.65	8.13	94.79	76.50	1	31.00
446.601	30.21	4.10	123.72	11.62	8.19	95.22	77.00	1	31.00
446.662	30.43	4.07	123.97	11.67	8.13	94.83	76.50	1	31.00
446.766	30.47	4.08	124.21	11.66	8.04	93.73	75.50	1	31.00
446.911	30.57	4.05	123.91	11.68	8.10	94.55	76.30	1	31.00
446.972	30.20	4.07	123.04	11.66	8.03	93.64	76.10	1	31.20
447.076	30.40	4.08	123.95	11.62	8.26	96.03	77.50	1	31.00
447.221	30.40	4.05	122.99	11.68	7.94	92.70	75.40	1	31.00
447.282	30.74	4.01	123.37	11.70	8.08	94.51	76.60	1	30.90
447.386	30.73	4.02	123.49	11.66	8.10	94.46	76.50	1	30.70
447.531	30.87	4.00	123.35	11.67	8.04	93.85	76.10	1	30.70
447.592	30.82	4.01	123.56	11.64	8.07	93.87	76.00	1	30.70
447.696	30.92	4.01	123.90	11.62	8.22	95.58	77.10	1	30.60
447.841	31.04	3.99	123.83	11.64	8.08	94.04	75.90	1	30.70
447.902	31.11	3.99	124.05	11.68	8.07	94.23	76.00	1	30.90
448.006	30.92	4.02	124.26	11.64	8.11	94.40	76.00	1	30.90
448.151	30.68	4.02	123.38	11.69	8.13	94.99	77.00	1	30.90
448.212	30.56	4.04	123.61	11.63	8.10	94.19	76.20	1	31.00
448.316	30.57	4.03	123.29	11.68	8.08	94.29	76.50	1	31.00
448.461	30.59	4.06	124.10	11.64	8.12	94.48	76.10	1	30.90
448.522	30.81	4.03	124.07	11.73	8.05	94.37	76.10	1	30.70
448.626	30.78	4.03	123.98	11.61	8.09	94.00	75.80	1	30.90
448.771	30.63	4.04	123.72	11.69	8.07	94.38	76.30	1	30.90
448.832	30.54	4.05	123.58	11.70	7.96	93.11	75.30	1	30.90
448.936	30.51	4.07	124.11	11.65	8.19	95.43	76.90	1	31.20
449.081	30.19	4.12	124.33	11.62	7.99	92.87	74.70	1	31.20
449.142	30.20	4.09	123.59	11.64	8.11	94.37	76.40	1	31.20
449.246	30.20	4.11	124.22	11.66	8.01	93.40	75.20	1	31.30
449.391	30.07	4.13	124.19	11.64	8.22	95.65	77.00	1	31.50
449.452	29.90	4.14	123.77	11.71	8.00	93.67	75.70	1	31.50
449.556	29.99	4.13	123.71	11.66	8.05	93.94	75.90	1	31.30
449.701	29.97	4.12	123.35	11.73	7.97	93.49	75.80	1	31.30
449.762	29.97	4.12	123.37	11.68	8.09	94.43	76.50	1	31.20
449.866	30.36	4.09	124.08	11.70	8.00	93.67	75.50	1	31.00
450.011	30.52	4.07	124.22	11.64	8.09	94.15	75.80	1	31.00
450.072	30.43	4.07	123.81	11.67	8.14	95.05	76.80	1	31.20
450.176	30.35	4.07	123.59	11.70	7.96	93.08	75.30	1	31.20
450.321	30.25	4.09	123.66	11.70	8.09	94.59	76.50	1	31.20
450.382	30.26	4.09	123.67	11.70	7.99	93.51	75.60	1	31.20
450.486	30.03	4.10	123.14	11.66	8.13	94.77	77.00	1	31.20
450.631	30.04	4.12	123.66	11.68	8.06	94.12	76.10	1	31.50
450.692	29.93	4.13	123.69	11.69	7.98	93.32	75.40	1	31.60
450.796	29.80	4.14	123.26	11.69	8.07	94.37	76.60	1	31.50
450.941	30.04	4.13	124.16	11.69	8.04	93.98	75.70	1	31.20
451.002	30.11	4.11	123.67	11.71	8.01	93.80	75.90	1	31.20
451.106	29.93	4.13	123.63	11.66	8.10	94.39	76.30	1	31.50
451.251	30.24	4.10	124.10	11.75	7.98	93.82	75.60	1	31.20
451.312	30.12	4.10	123.59	11.64	8.12	94.49	76.50	1	31.20
451.416	30.34	4.08	123.73	11.72	8.07	94.60	76.50	1	31.20
451.561	30.19	4.10	123.83	11.66	8.18	95.37	77.00	1	31.20
451.622	30.26	4.08	123.41	11.77	8.00	94.24	76.40	1	31.30
451.726	30.25	4.09	123.83	11.71	8.12	95.08	76.80	1	31.00
451.871	30.25	4.09	123.68	11.68	8.05	94.05	76.00	1	31.30
451.932	30.14	4.11	123.92	11.65	8.11	94.41	76.20	1	31.30
452.036	30.04	4.13	124.04	11.68	8.00	93.45	75.30	1	31.50
452.181	30.09	4.13	124.15	11.70	8.11	94.93	76.50	1	31.30
452.242	30.02	4.13	123.99	11.70	8.05	94.14	75.90	1	31.30
452.346	29.99	4.12	123.43	11.73	8.09	94.98	76.90	1	31.30
452.491	30.28	4.12	124.66	11.70	7.98	93.43	75.00	1	31.00
452.552	30.52	4.08	124.62	11.72	8.06	94.47	75.80	1	30.90
452.656	30.50	4.07	124.23	11.66	8.16	95.17	76.60	1	31.00
452.801	30.79	4.02	123.92	11.73	8.04	94.30	76.10	1	30.90
452.862	30.87	4.03	124.53	11.66	8.07	94.05	75.50	1	30.70
452.966	31.11	3.98	123.78	11.71	8.04	94.07	76.00	1	30.60
453.111	30.94	3.98	123.28	11.65	8.09	94.23	76.40	1	30.70
453.172	30.83	3.98	122.70	11.66	8.11	94.64	77.10	1	30.70
453.276	30.75	4.02	123.61	11.66	8.00	93.31	75.50	1	30.90
453.421	30.78	3.99	122.74	11.65	8.13	94.70	77.20	1	30.60
453.482	30.82	4.00	123.19	11.65	7.97	92.87	75.40	1	30.60
453.586	31.02	3.97	123.14	11.61	8.22	95.46	77.50	1	30.40
453.731	31.08	4.00	124.29	11.70	7.99	93.41	75.20	1	30.70
453.792	30.99	4.01	124.25	11.64	8.18	95.20	76.60	1	30.90
453.896	30.90	4.01	124.01	11.69	7.98	93.28	75.20	1	30.70
454.041	30.90	4.01	124.08	11.63	8.18	95.13	76.70	1	30.90
454.102	30.74	4.03	123.95	11.67	8.08	94.30	76.10	1	31.00
454.206	30.57	4.05	123.70	11.68	8.12	94.84	76.70	1	31.00
454.351	30.55	4.08	124.67	11.70	8.00	93.63	75.10	1	31.20
454.412	30.34	4.09	124.20	11.72	8.05	94.34	76.00	1	31.30
454.516	30.25	4.09	123.70	11.70	8.09	94.61	76.50	1	31.30
454.661	30.05	4.11	123.52	11.69	8.13	95.03	76.90	1	31.30
454.722	30.10	4.11	123.78	11.72	8.03	94.10	76.00	1	31.20
454.826	30.05	4.11	123.43	11.62	8.13	94.43	76.50	1	31.20
454.971	30.10	4.13	124.22	11.72	8.00	93.81	75.50	1	31.50
455.032	29.93	4.13	123.48	11.65	8.11	94.52	76.50	1	31.30
455.136	30.00	4.13	123.95	11.72	8.01	93.83	75.70	1	31.50
455.281	29.71	4.18	124.08	11.67	8.13	94.92	76.50	1	31.60
455.342	29.74	4.16	123.57	11.69	8.07	94.42	76.40	1	31.60
455.446	29.75	4.15	123.36	11.66	7.98	93.09	75.50	1	31.50
455.591	30.04	4.14	124.23	11.71	8.09	94.74	76.30	1	31.30
455.652	30.07	4.13	124.33	11.64	8.12	94.55	76.10	1	31.20
455.756	30.43	4.08	124.02	11.72	7.97	93.43	75.30	1	31.00
455.901	30.35	4.09	124.06	11.65	8.21	95.59	77.10	1	31.00
455.962	30.44	4.07	123.77	11.72	8.13	95.32	77.00	1	31.00
456.066	30.34	4.07	123.49	11.73	8.07	94.69	76.70	1	31.20
456.211	30.30	4.10	124.22	11.75	8.01	94.17	75.80	1	31.30
456.272	30.23	4.11	124.28	11.72	8.02	94.00	75.60	1	31.50
456.376	29.91	4.15	124.03	11.71	8.01	93.81	75.60	1	31.50
456.521	30.06	4.12	123.96	11.65	8.06	93.94	75.80	1	31.50
456.582	29.91	4.14	123.84	11.63	8.18	95.16	76.80	1	31.50
456.686	30.06	4.12	123.72	11.70	8.05	94.21	76.10	1	31.30
456.831	30.08	4.12	123.87	11.73	8.05	94.35	76.20	1	31.20
456.892	30.33	4.08	123.82	11.72	8.05	94.37	76.20	1	31.30
456.996	30.18	4.11	123.98	11.72	8.09	94.75	76.40	1	31.50
457.141	30.01	4.12	123.56	11.72	8.04	94.22	76.30	1	31.30
457.202	29.98	4.12	123.58	11.70	8.10	94.74	76.70	1	31.50
457.306	29.93	4.13	123.70	11.73	8.07	94.68	76.50	1	31.60
457.451	29.53	4.16	122.86	11.73	8.05	94.40	76.80	1	31.60
457.512	29.77	4.15	123.57	11.74	8.06	94.67	76.60	1	31.60
457.616	29.86	4.15	123.89	11.63	8.18	95.18	76.80	1	31.30
457.761	30.16	4.11	123.84	11.70	8.00	93.65	75.60	1	31.30
457.822	30.06	4.13	124.09	11.63	8.11	94.41	76.10	1	31.50
457.926	29.98	4.15	124.48	11.66	8.10	94.47	75.90	1	31.60
458.071	29.77	4.16	123.73	11.64	8.15	94.86	76.70	1	31.50
458.132	29.94	4.16	124.51	11.72	8.08	94.63	76.00	1	31.50
458.236	29.90	4.14	123.90	11.64	8.17	95.12	76.80	1	31.50
458.381	30.15	4.12	124.31	11.71	8.02	93.95	75.60	1	31.20
458.442	30.16	4.11	124.11	11.63	8.17	94.98	76.50	1	31.30
458.546	30.10	4.10	123.30	11.73	8.02	94.07	76.30	1	31.20
458.691	29.92	4.13	123.62	11.70	8.14	95.28	77.10	1	31.50
458.752	30.06	4.12	123.85	11.74	8.09	94.94	76.70	1	31.50
458.856	29.96	4.13	123.71	11.72	8.06	94.54	76.40	1	31.50
459.001	29.99	4.15	124.30	11.71	8.03	94.06	75.70	1	31.60
459.062	29.69	4.15	123.32	11.66	8.07	94.05	76.30	1	31.50
459.166	29.71	4.16	123.61	11.66	8.13	94.80	76.70	1	31.50
459.311	29.62	4.17	123.50	11.68	7.93	92.66	75.00	1	31.60
459.372	29.71	4.17	123.84	11.69	8.05	94.13	76.00	1	31.80
459.476	29.62	4.18	123.89	11.69	8.06	94.26	76.10	1	31.60
459.621	30.00	4.13	123.87	11.71	8.12	95.08	76.80	1	31.50
459.682	29.89	4.13	123.59	11.71	7.97	93.33	75.50	1	31.50
459.786	30.06	4.11	123.65	11.65	8.17	95.25	77.00	1	31.30
459.931	30.13	4.13	124.44	11.61	8.18	95.01	76.30	1	31.30
459.992	30.21	4.11	124.26	11.72	8.06	94.46	76.00	1	31.20
460.096	30.29	4.11	124.44	11.67	8.11	94.58	76.00	1	31.30
460.241	30.12	4.13	124.49	11.69	8.02	93.76	75.30	1	31.30
460.302	30.21	4.12	124.34	11.65	8.08	94.13	75.70	1	31.20
460.406	29.97	4.13	123.70	11.65	8.15	94.92	76.70	1	31.20
460.551	30.06	4.11	123.59	11.66	8.08	94.19	76.20	1	31.50
460.612	29.82	4.14	123.59	11.63	8.20	95.40	77.20	1	31.60
460.716	29.75	4.14	123.25	11.71	8.05	94.18	76.40	1	31.50
460.861	29.46	4.18	123.11	11.65	8.19	95.46	77.50	1	31.80
460.922	29.43	4.16	122.55	11.71	7.98	93.44	76.20	1	31.80
461.026	29.65	4.16	123.26	11.68	7.96	92.94	75.40	1	31.50
461.171	29.92	4.14	123.83	11.68	8.08	94.41	76.20	1	31.30
461.232	30.03	4.13	124.15	11.65	8.04	93.74	75.50	1	31.20
461.336	30.31	4.09	123.90	11.68	8.07	94.25	76.10	1	31.30
461.481	30.13	4.11	123.83	11.66	8.20	95.53	77.10	1	31.30
461.542	30.08	4.11	123.64	11.69	8.10	94.66	76.60	1	31.20
461.646	30.25	4.08	123.45	11.72	8.02	93.93	76.10	1	31.00
461.791	30.35	4.08	123.82	11.69	8.05	94.11	76.00	1	31.50
461.852	30.11	4.11	123.86	11.64	8.23	95.80	77.30	1	31.50
461.956	29.97	4.13	123.89	11.68	8.05	94.00	75.90	1	31.60
462.101	29.93	4.14	123.81	11.66	8.15	95.04	76.80	1	31.50
462.162	29.86	4.14	123.67	11.72	7.94	93.09	75.30	1	31.30
462.266	30.04	4.11	123.47	11.65	8.16	95.09	77.00	1	31.50
462.411	29.62	4.15	123.06	11.63	8.17	95.04	77.20	1	31.60
462.472	29.72	4.13	122.84	11.69	8.07	94.34	76.80	1	31.50
462.576	29.50	4.15	122.54	11.65	8.03	93.60	76.40	1	31.50
462.721	30.20	4.11	124.08	11.72	8.09	94.75	76.40	1	31.20
462.782	30.21	4.11	124.20	11.70	8.07	94.45	76.00	1	31.20
462.886	30.40	4.07	123.67	11.68	8.16	95.30	77.10	1	31.00
463.031	30.47	4.06	123.74	11.71	7.99	93.50	75.60	1	31.00
463.092	30.58	4.03	123.13	11.75	7.94	93.27	75.80	1	30.90
463.196	30.55	4.04	123.46	11.71	8.05	94.30	76.40	1	31.20
463.341	30.28	4.09	123.73	11.73	8.10	94.97	76.80	1	31.30
463.402	30.12	4.11	123.92	11.69	8.23	96.21	77.60	1	31.30
463.506	30.15	4.12	124.10	11.69	8.09	94.56	76.20	1	31.30
463.651	30.17	4.11	124.02	11.73	8.05	94.45	76.20	1	31.30
463.712	30.05	4.13	124.17	11.64	8.13	94.60	76.20	1	31.30
463.816	30.13	4.10	123.66	11.73	7.95	93.27	75.40	1	31.30
463.961	30.30	4.08	123.70	11.70	8.12	95.01	76.80	1	31.20
464.022	30.37	4.06	123.38	11.71	8.23	96.30	78.10	1	31.20
464.126	30.12	4.10	123.41	11.67	8.10	94.53	76.60	1	31.20
464.271	30.54	4.07	124.30	11.70	8.13	95.14	76.50	1	31.00
464.332	30.54	4.08	124.48	11.67	8.08	94.22	75.70	1	30.90
464.436	30.50	4.05	123.45	11.72	7.94	93.10	75.40	1	31.00
464.581	30.67	4.03	123.53	11.71	7.97	93.32	75.50	1	30.90
464.642	30.78	4.01	123.34	11.68	8.00	93.44	75.80	1	30.70
464.746	30.96	3.99	123.64	11.63	8.22	95.63	77.30	1	30.60
464.891	31.17	3.99	124.24	11.67	8.14	95.03	76.50	1	30.40
464.952	31.27	3.95	123.40	11.67	8.11	94.72	76.80	1	30.60
465.056	31.27	3.95	123.39	11.63	8.10	94.18	76.30	1	30.40
465.201	31.36	3.92	122.94	11.72	7.80	91.48	74.40	1	30.40
465.262	31.14	3.95	122.89	11.65	7.98	92.91	75.60	1	30.60
465.366	30.99	3.94	122.22	11.65	7.89	91.87	75.20	1	30.40
465.511	31.44	3.92	123.27	11.63	8.02	93.26	75.70	1	30.30
465.572	31.34	3.92	122.92	11.58	8.16	94.53	76.90	1	30.30
465.676	31.35	3.92	122.76	11.64	8.12	94.49	77.00	1	30.30
465.821	31.67	3.89	123.14	11.64	8.08	94.06	76.40	1	30.10
465.882	31.55	3.89	122.64	11.60	8.05	93.40	76.20	1	30.30
465.986	31.51	3.89	122.56	11.68	8.06	94.14	76.80	1	30.30
466.131	31.25	3.91	122.26	11.62	7.99	92.81	75.90	1	30.40
466.192	31.27	3.91	122.35	11.61	8.07	93.69	76.60	1	30.40
466.296	30.94	3.97	122.83	11.63	8.16	94.96	77.30	1	30.70
466.441	30.72	4.03	123.74	11.57	8.26	95.60	77.30	1	30.90
466.502	30.71	4.02	123.55	11.63	8.25	95.95	77.70	1	31.00
466.606	30.55	4.05	123.58	11.69	8.08	94.50	76.50	1	31.00
466.751	30.46	4.05	123.49	11.71	7.77	91.00	73.70	1	31.00
466.812	30.53	4.05	123.71	11.79	7.81	92.13	74.50	1	31.20
466.916	30.28	4.08	123.56	11.70	7.88	92.13	74.60	1	31.20
467.061	30.46	4.06	123.77	11.71	7.91	92.58	74.80	1	31.20
467.122	30.29	4.08	123.52	11.67	7.91	92.26	74.70	1	31.20
467.226	30.39	4.06	123.53	11.75	7.83	92.00	74.50	1	31.30
467.371	30.13	4.09	123.18	11.73	8.02	94.05	76.30	1	31.20
467.432	30.12	4.09	123.30	11.64	8.12	94.46	76.60	1	31.20
467.536	30.48	4.08	124.29	11.63	8.18	95.19	76.60	1	30.90
467.681	30.49	4.06	123.70	11.60	8.26	95.79	77.40	1	31.00
467.742	30.53	4.04	123.44	11.68	8.13	94.96	76.90	1	31.00
467.846	30.46	4.05	123.42	11.63	8.12	94.40	76.50	1	30.90
467.991	30.97	3.99	123.59	11.67	8.18	95.42	77.20	1	30.60
468.052	30.87	4.01	123.79	11.66	8.15	95.03	76.80	1	30.70
468.156	30.87	4.02	123.96	11.65	8.13	94.68	76.40	1	30.90
468.301	30.58	4.06	124.09	11.67	8.02	93.53	75.40	1	30.90
468.362	30.71	4.04	124.05	11.67	8.17	95.34	76.80	1	30.90
468.466	30.48	4.06	123.88	11.64	8.21	95.62	77.20	1	31.00
468.611	30.63	4.06	124.31	11.70	8.11	94.85	76.30	1	31.00
468.672	30.49	4.07	124.24	11.64	8.22	95.61	77.00	1	31.20
468.776	30.38	4.08	123.91	11.71	8.08	94.64	76.40	1	31.00
468.921	30.40	4.06	123.47	11.64	8.03	93.47	75.70	1	31.00
468.982	30.47	4.06	123.82	11.70	8.08	94.55	76.40	1	31.20
469.086	30.12	4.11	123.94	11.64	8.11	94.36	76.10	1	31.30
469.231	30.08	4.13	124.22	11.69	8.00	93.51	75.30	1	31.50
469.292	29.99	4.14	124.27	11.63	8.02	93.34	75.10	1	31.50
469.396	30.04	4.13	124.19	11.67	8.16	95.15	76.60	1	31.50
469.541	29.74	4.16	123.81	11.59	8.17	94.70	76.50	1	31.50
469.602	29.73	4.16	123.71	11.67	7.98	93.12	75.30	1	31.50
469.706	29.93	4.13	123.69	11.66	7.97	92.99	75.20	1	31.20
469.851	30.23	4.10	123.97	11.65	8.10	94.38	76.10	1	31.00
469.912	30.29	4.09	123.91	11.62	8.28	96.16	77.60	1	31.00
470.016	30.55	4.06	124.18	11.72	8.00	93.71	75.50	1	31.00
470.161	30.51	4.06	123.85	11.63	8.15	94.82	76.60	1	31.00
470.222	30.49	4.06	123.93	11.67	8.11	94.66	76.40	1	30.90
470.326	30.40	4.07	123.82	11.64	8.06	93.83	75.80	1	31.00
470.471	30.43	4.07	123.94	11.68	7.98	93.13	75.10	1	31.30
470.532	30.28	4.09	123.76	11.66	8.16	95.13	76.90	1	31.30
470.636	30.34	4.10	124.25	11.74	7.94	93.23	75.00	1	31.00
470.781	30.61	4.07	124.65	11.72	8.08	94.63	75.90	1	31.20
470.842	30.39	4.09	124.41	11.70	8.07	94.39	75.90	1	31.30
470.946	30.26	4.11	124.37	11.68	8.17	95.48	76.80	1	31.20
471.091	30.20	4.11	124.09	11.70	8.02	93.86	75.60	1	31.30
471.152	30.22	4.11	124.25	11.77	7.99	94.05	75.70	1	31.50
471.256	30.02	4.13	124.09	11.67	8.07	94.19	75.90	1	31.30
471.401	30.18	4.10	123.78	11.68	8.07	94.20	76.10	1	31.20
471.462	30.13	4.13	124.33	11.63	8.14	94.70	76.20	1	31.20
471.566	30.30	4.10	124.16	11.69	8.05	94.05	75.80	1	31.20
471.711	30.17	4.12	124.28	11.60	8.15	94.46	76.00	1	31.30
471.772	30.08	4.13	124.15	11.66	8.14	94.95	76.50	1	31.50
471.876	30.13	4.12	124.05	11.69	8.02	93.83	75.60	1	31.30
472.021	30.14	4.11	124.00	11.72	8.03	94.06	75.90	1	31.60
472.082	29.81	4.15	123.73	11.63	8.13	94.55	76.40	1	31.50
472.186	29.98	4.13	123.89	11.68	8.11	94.74	76.50	1	31.30
472.331	29.98	4.13	123.97	11.61	8.14	94.58	76.30	1	31.50
472.392	29.78	4.13	122.84	11.73	8.08	94.77	77.20	1	31.60
472.496	29.80	4.14	123.45	11.71	7.87	92.22	74.70	1	31.50
472.641	30.04	4.12	123.85	11.75	8.09	95.01	76.70	1	31.60
472.702	29.91	4.15	124.09	11.64	8.18	95.15	76.70	1	31.60
472.806	29.72	4.17	123.98	11.70	8.10	94.80	76.50	1	31.60
472.951	29.53	4.18	123.29	11.63	8.10	94.20	76.40	1	31.60
473.012	29.58	4.16	123.18	11.66	8.13	94.78	76.90	1	31.60
473.116	29.58	4.17	123.26	11.63	8.13	94.63	76.80	1	31.50
473.261	29.56	4.17	123.38	11.70	7.84	91.76	74.40	1	31.80
473.322	29.54	4.18	123.52	11.63	7.94	92.31	74.70	1	31.80
473.426	29.47	4.18	123.26	11.72	7.94	93.05	75.50	1	31.80
473.571	29.67	4.18	124.04	11.66	8.25	96.20	77.60	1	31.60
473.632	29.71	4.17	124.00	11.64	8.21	95.53	77.00	1	31.50
473.736	29.64	4.18	123.81	11.63	8.22	95.58	77.20	1	31.60
473.881	29.73	4.19	124.51	11.54	8.23	94.98	76.30	1	31.60
473.942	29.77	4.17	124.11	11.66	8.07	94.10	75.80	1	31.80
474.046	29.53	4.18	123.36	11.65	8.07	93.95	76.20	1	31.60
474.191	29.96	4.14	124.03	11.71	7.99	93.58	75.40	1	31.50
474.252	29.87	4.14	123.65	11.68	7.99	93.42	75.60	1	31.50
474.356	30.10	4.13	124.17	11.69	8.19	95.70	77.10	1	31.30
474.501	30.17	4.11	124.07	11.65	8.27	96.39	77.70	1	31.30
474.562	30.09	4.12	124.09	11.69	8.19	95.74	77.20	1	31.50
474.666	29.85	4.14	123.68	11.69	8.01	93.64	75.70	1	31.50
474.811	30.13	4.11	123.77	11.73	7.94	93.13	75.20	1	31.30
474.872	30.13	4.10	123.45	11.67	8.22	95.94	77.70	1	31.30
474.976	29.89	4.15	124.08	11.68	8.16	95.27	76.80	1	31.60
475.121	30.04	4.13	124.16	11.70	8.12	94.98	76.50	1	31.30
475.182	30.08	4.13	124.08	11.72	7.98	93.52	75.40	1	31.20
475.286	30.31	4.09	123.94	11.68	8.17	95.45	77.00	1	31.20
475.431	30.07	4.12	123.92	11.68	8.24	96.33	77.70	1	31.30
475.492	30.10	4.09	123.22	11.74	8.10	95.14	77.20	1	31.30
475.596	30.22	4.09	123.64	11.66	8.06	94.05	76.10	1	31.00
475.741	30.56	4.07	124.26	11.71	8.14	95.35	76.70	1	31.30
475.802	30.22	4.11	124.09	11.69	8.14	95.13	76.70	1	31.50
475.906	30.13	4.11	123.78	11.74	8.06	94.57	76.40	1	31.30
476.051	30.24	4.08	123.47	11.72	8.07	94.67	76.70	1	31.30
476.112	30.23	4.08	123.40	11.74	8.04	94.38	76.50	1	31.20
476.216	30.27	4.10	124.04	11.67	8.15	95.10	76.70	1	31.00
476.361	30.59	4.05	123.98	11.77	8.05	94.68	76.40	1	31.20
476.422	30.39	4.08	123.96	11.66	8.13	94.78	76.50	1	31.30
476.526	30.30	4.10	124.22	11.76	8.08	95.08	76.50	1	31.50
476.671	30.03	4.12	123.75	11.71	8.00	93.76	75.80	1	31.50
476.732	30.09	4.11	123.76	11.73	8.13	95.29	77.00	1	31.60
476.836	29.90	4.15	123.98	11.69	8.13	94.99	76.60	1	31.50
476.981	30.43	4.08	124.09	11.71	8.03	94.08	75.80	1	31.20
477.042	30.24	4.09	123.67	11.70	8.06	94.25	76.20	1	31.20
477.146	30.11	4.12	123.98	11.71	8.06	94.47	76.20	1	31.50
477.291	30.01	4.12	123.81	11.68	8.02	93.62	75.60	1	31.50
477.352	30.02	4.11	123.51	11.70	8.08	94.45	76.50	1	31.30
477.456	30.02	4.12	123.82	11.65	8.16	95.07	76.80	1	31.30
477.601	30.51	4.08	124.33	11.73	8.05	94.48	76.00	1	31.00
477.662	30.49	4.07	124.21	11.70	8.17	95.59	77.00	1	31.00
477.766	30.67	4.05	124.10	11.73	8.08	94.87	76.40	1	31.20
477.911	30.34	4.07	123.33	11.73	8.07	94.66	76.80	1	31.00
477.972	30.57	4.04	123.58	11.76	8.11	95.34	77.10	1	31.00
478.076	30.60	4.05	123.77	11.66	8.12	94.61	76.40	1	30.90
478.221	30.73	4.03	123.92	11.75	8.05	94.64	76.40	1	31.00
478.282	30.54	4.06	124.07	11.67	8.08	94.22	75.90	1	31.20
478.386	30.46	4.06	123.59	11.68	8.14	95.03	76.90	1	31.00
478.531	30.51	4.04	123.19	11.73	7.98	93.59	76.00	1	31.00
478.592	30.48	4.05	123.34	11.77	8.12	95.59	77.50	1	31.20
478.696	30.32	4.09	123.97	11.67	8.22	95.91	77.40	1	31.30
478.841	30.47	4.07	123.98	11.77	8.00	94.19	76.00	1	31.20
478.902	30.44	4.08	124.09	11.72	8.11	95.00	76.60	1	31.00
479.006	30.68	4.06	124.43	11.78	8.03	94.68	76.10	1	30.90
479.151	30.80	4.06	125.08	11.71	7.98	93.50	74.80	1	30.70
479.212	31.04	4.01	124.37	11.74	8.00	93.87	75.50	1	30.70
479.316	30.86	4.01	123.60	11.68	8.08	94.43	76.40	1	30.70
479.461	30.87	4.03	124.40	11.67	8.16	95.30	76.60	1	30.90
479.522	30.62	4.05	124.04	11.71	8.05	94.31	76.00	1	31.00
479.626	30.55	4.05	123.66	11.71	8.01	93.83	75.90	1	31.20
479.771	30.54	4.06	123.99	11.66	8.21	95.82	77.30	1	31.00
479.832	30.63	4.05	124.21	11.70	8.20	95.86	77.20	1	30.90
479.936	30.49	4.06	123.79	11.70	7.99	93.52	75.60	1	31.00
480.081	30.64	4.03	123.51	11.74	7.91	92.88	75.20	1	30.70
480.142	30.72	4.00	123.01	11.68	8.14	95.14	77.30	1	30.90
480.246	30.56	4.04	123.44	11.69	8.14	95.13	77.10	1	31.00
480.391	30.39	4.09	124.17	11.74	8.13	95.46	76.90	1	31.30
480.452	30.23	4.10	123.88	11.73	7.93	92.97	75.10	1	31.30
480.556	30.19	4.10	123.62	11.68	8.19	95.61	77.30	1	31.20
480.701	30.21	4.10	124.00	11.71	8.08	94.56	76.30	1	31.00
480.762	30.43	4.08	124.00	11.75	8.01	94.11	75.90	1	30.90
480.866	30.70	4.04	124.10	11.76	8.09	95.15	76.70	1	30.90
481.011	30.85	4.00	123.50	11.73	8.10	95.04	77.00	1	30.90
481.072	30.73	4.03	123.84	11.72	7.92	92.79	74.90	1	30.90
481.176	30.79	4.03	124.21	11.68	8.23	96.18	77.40	1	31.00
481.321	30.57	4.08	124.59	11.69	8.16	95.39	76.60	1	30.90
481.382	30.77	4.05	124.52	11.73	8.12	95.22	76.50	1	30.90
481.486	30.82	4.03	124.32	11.68	8.06	94.12	75.70	1	30.90
481.631	30.74	4.02	123.62	11.68	8.13	94.93	76.80	1	30.70
481.692	30.72	4.03	123.71	11.67	8.11	94.61	76.50	1	30.90
481.796	30.62	4.03	123.45	11.69	8.08	94.44	76.50	1	30.90
481.941	30.87	4.02	124.15	11.58	8.16	94.45	76.10	1	30.60
482.002	31.13	3.96	123.34	11.65	8.05	93.76	76.00	1	30.40
482.106	31.01	3.98	123.35	11.68	7.99	93.24	75.60	1	30.60
482.251	31.20	3.97	123.86	11.76	8.08	95.06	76.70	1	30.70
482.312	31.01	4.00	123.95	11.67	8.18	95.43	77.00	1	30.70
482.416	30.93	4.00	123.84	11.74	8.07	94.68	76.50	1	30.90
482.561	30.71	4.01	123.18	11.69	8.09	94.49	76.70	1	30.90
482.622	30.80	4.01	123.41	11.73	8.10	95.08	77.10	1	31.00
482.726	30.39	4.07	123.65	11.69	7.99	93.41	75.50	1	31.20
482.871	30.59	4.04	123.69	11.70	8.18	95.75	77.40	1	30.90
482.932	30.55	4.05	123.64	11.68	8.10	94.64	76.50	1	30.90
483.036	30.85	4.03	124.24	11.70	8.16	95.50	76.90	1	30.70
483.181	31.01	4.01	124.43	11.67	8.14	94.95	76.30	1	30.70
483.242	31.00	4.02	124.64	11.73	8.06	94.57	75.90	1	30.90
483.346	30.81	4.04	124.51	11.70	8.13	95.15	76.40	1	30.90
483.491	30.74	4.04	124.07	11.76	8.05	94.76	76.40	1	30.90
483.552	30.84	4.03	124.14	11.74	8.13	95.41	76.90	1	30.90
483.656	30.92	4.02	124.30	11.70	8.05	94.20	75.80	1	30.60
483.801	31.01	3.98	123.38	11.69	8.04	93.95	76.10	1	30.60
483.862	31.04	3.98	123.60	11.64	8.17	95.13	77.00	1	30.60
483.966	31.13	3.97	123.45	11.72	7.98	93.55	75.80	1	30.60
484.111	31.09	3.97	123.36	11.71	8.07	94.57	76.70	1	30.70
484.172	30.94	4.01	123.93	11.71	8.06	94.36	76.10	1	30.90
484.276	30.65	4.07	124.73	11.69	8.03	93.79	75.20	1	31.20
484.421	30.32	4.11	124.51	11.66	8.08	94.16	75.60	1	31.20
484.482	30.22	4.11	124.07	11.67	8.19	95.49	77.00	1	31.30
484.586	30.24	4.11	124.39	11.71	8.03	94.03	75.60	1	31.30
484.731	29.91	4.16	124.48	11.66	8.25	96.17	77.30	1	31.50
484.792	29.95	4.15	124.40	11.73	7.95	93.25	75.00	1	31.50
484.896	29.99	4.15	124.37	11.68	8.03	93.79	75.40	1	31.50
485.041	30.11	4.16	125.28	11.67	8.06	94.12	75.10	1	31.60
485.102	29.85	4.18	124.90	11.68	8.04	93.92	75.20	1	31.50
485.206	29.97	4.16	124.66	11.72	8.11	94.98	76.20	1	31.60
485.351	29.84	4.18	124.78	11.65	8.23	95.90	76.90	1	31.50
485.412	29.90	4.16	124.33	11.74	8.01	94.04	75.60	1	31.30
485.516	29.98	4.15	124.48	11.72	8.08	94.66	76.00	1	31.50
485.661	29.87	4.18	124.89	11.72	8.13	95.32	76.30	1	31.80
485.722	29.72	4.19	124.42	11.73	8.01	93.93	75.50	1	31.80
485.826	29.93	4.15	124.26	11.78	8.03	94.62	76.10	1	31.60
485.971	29.60	4.22	125.02	11.70	8.23	96.29	77.00	1	31.90
486.032	29.51	4.22	124.39	11.76	8.01	94.19	75.70	1	32.10
486.136	29.21	4.23	123.72	11.70	7.95	93.00	75.20	1	31.90
486.281	29.20	4.22	123.27	11.72	7.92	92.86	75.30	1	31.90
486.342	29.36	4.21	123.54	11.77	8.05	94.71	76.70	1	31.80
486.446	29.55	4.20	124.04	11.72	8.08	94.70	76.30	1	31.60
486.591	29.80	4.17	124.15	11.78	8.05	94.76	76.30	1	31.50
486.652	29.79	4.17	124.27	11.69	8.17	95.49	76.80	1	31.60
486.756	29.82	4.15	123.81	11.75	8.07	94.88	76.60	1	31.50
486.901	30.15	4.11	124.02	11.73	8.01	93.92	75.70	1	31.20
486.962	30.41	4.08	123.97	11.79	8.06	95.07	76.70	1	31.00
487.066	30.78	4.05	124.73	11.72	8.10	94.99	76.20	1	30.70
487.211	30.85	4.02	124.06	11.76	8.11	95.32	76.80	1	30.90
487.272	30.78	4.04	124.45	11.74	8.03	94.29	75.80	1	30.90
487.376	30.93	4.01	124.02	11.79	8.05	94.94	76.60	1	30.90
487.521	30.91	4.00	123.65	11.71	8.19	95.98	77.60	1	30.90
487.582	30.92	4.01	124.10	11.73	8.10	95.06	76.60	1	31.00
487.686	30.43	4.08	124.09	11.68	8.24	96.30	77.60	1	31.20
487.831	30.44	4.10	124.70	11.68	8.15	95.25	76.40	1	31.30
487.892	30.30	4.10	124.13	11.68	8.22	96.06	77.40	1	31.30
487.996	30.18	4.11	124.03	11.70	8.03	93.94	75.70	1	31.30
488.141	30.17	4.14	124.85	11.75	8.07	94.81	75.90	1	31.50
488.202	30.00	4.15	124.45	11.67	8.13	94.91	76.30	1	31.60
488.306	30.02	4.14	124.26	11.73	8.12	95.26	76.70	1	31.50
488.451	29.67	4.18	123.93	11.66	8.23	95.92	77.40	1	31.60
488.512	29.71	4.19	124.46	11.75	8.02	94.23	75.70	1	31.60
488.616	29.59	4.19	123.90	11.66	8.11	94.62	76.40	1	31.60
488.761	29.86	4.17	124.63	11.76	8.07	94.93	76.20	1	31.50
488.822	29.81	4.17	124.36	11.71	8.10	94.80	76.20	1	31.50
488.926	30.04	4.15	124.64	11.73	8.07	94.64	75.90	1	31.30
489.071	29.98	4.17	124.89	11.71	8.05	94.29	75.50	1	31.50
489.132	30.16	4.14	124.91	11.73	8.11	95.13	76.20	1	31.60
489.236	29.83	4.16	124.08	11.69	8.15	95.33	76.80	1	31.60
489.381	29.71	4.20	124.84	11.71	8.13	95.19	76.20	1	31.80
489.442	29.53	4.21	124.28	11.68	8.15	95.14	76.60	1	31.60
489.546	29.66	4.19	124.16	11.74	8.00	93.91	75.60	1	31.80
489.691	29.36	4.22	123.76	11.70	8.10	94.76	76.60	1	31.80
489.752	29.44	4.21	123.83	11.65	8.11	94.45	76.30	1	31.80
489.856	29.29	4.22	123.68	11.62	8.18	95.12	76.90	1	31.90
490.001	29.42	4.23	124.33	11.63	8.16	94.94	76.40	1	32.10
490.062	29.25	4.22	123.43	11.72	7.99	93.70	75.90	1	32.10
490.166	29.20	4.24	123.75	11.66	8.11	94.54	76.40	1	31.90
490.311	29.58	4.19	124.00	11.71	8.08	94.63	76.30	1	31.60
490.372	29.52	4.20	123.97	11.68	8.04	93.89	75.70	1	31.60
490.476	29.86	4.17	124.45	11.70	8.18	95.65	76.90	1	31.50
490.621	30.34	4.14	125.49	11.70	8.16	95.51	76.10	1	31.20
490.682	30.51	4.10	125.21	11.75	8.12	95.40	76.20	1	31.00
490.786	30.31	4.11	124.44	11.71	8.07	94.53	76.00	1	31.00
490.931	30.51	4.11	125.28	11.73	8.05	94.39	75.30	1	31.20
490.992	30.46	4.10	124.97	11.79	8.07	95.15	76.10	1	31.30
491.096	30.40	4.09	124.49	11.74	8.08	94.87	76.20	1	31.20
491.241	30.39	4.08	123.96	11.70	8.14	95.17	76.80	1	31.00
491.302	30.38	4.10	124.55	11.66	8.16	95.11	76.40	1	31.20
491.406	30.31	4.10	124.42	11.76	8.00	94.10	75.60	1	31.20
491.551	30.55	4.09	124.90	11.70	8.12	95.07	76.10	1	30.90
491.612	30.74	4.05	124.47	11.68	8.15	95.23	76.50	1	31.00
491.716	30.46	4.07	123.88	11.65	8.09	94.23	76.10	1	30.90
491.861	30.57	4.08	124.60	11.80	8.06	95.16	76.40	1	31.20
491.922	30.34	4.10	124.32	11.66	8.18	95.37	76.70	1	31.30
492.026	30.36	4.10	124.53	11.71	8.07	94.48	75.90	1	31.20
492.171	30.27	4.10	124.15	11.69	8.15	95.26	76.70	1	31.20
492.232	30.45	4.08	124.20	11.72	8.11	95.03	76.50	1	31.20
492.336	30.17	4.12	124.36	11.71	7.99	93.53	75.20	1	31.50
492.481	30.08	4.15	124.72	11.74	8.05	94.49	75.80	1	31.60
492.542	29.71	4.17	123.95	11.67	8.12	94.70	76.40	1	31.50
492.646	30.00	4.15	124.56	11.76	8.10	95.26	76.50	1	31.50
492.791	30.03	4.15	124.63	11.72	8.08	94.72	76.00	1	31.50
492.852	30.07	4.15	124.82	11.76	8.09	95.07	76.20	1	31.60
492.956	29.85	4.17	124.55	11.69	8.13	95.04	76.30	1	31.50
493.101	30.09	4.13	124.18	11.77	8.12	95.64	77.00	1	31.30
493.162	30.16	4.14	124.72	11.71	8.13	95.15	76.30	1	31.30
493.266	30.42	4.12	125.36	11.79	8.05	94.93	75.70	1	31.20
493.411	30.39	4.09	124.35	11.72	8.13	95.31	76.60	1	31.20
493.472	30.61	4.06	124.34	11.79	8.10	95.51	76.80	1	31.00
493.576	30.58	4.07	124.50	11.69	8.21	95.94	77.10	1	30.90
493.721	30.68	4.05	124.38	11.71	8.18	95.76	77.00	1	31.00
493.782	30.59	4.07	124.51	11.70	8.09	94.70	76.10	1	31.20
493.886	30.69	4.06	124.67	11.77	8.02	94.33	75.70	1	31.20
494.031	30.43	4.09	124.59	11.70	8.19	95.79	76.90	1	31.20
494.092	30.58	4.10	125.22	11.73	8.10	94.96	75.80	1	31.00
494.196	30.67	4.08	125.24	11.66	8.28	96.59	77.10	1	30.90
494.341	30.67	4.08	125.16	11.72	8.15	95.54	76.30	1	31.20
494.402	30.64	4.07	124.79	11.74	8.19	96.09	77.00	1	31.20
494.506	30.57	4.08	124.82	11.75	7.99	93.81	75.20	1	31.00
494.651	30.49	4.09	124.82	11.76	8.08	94.98	76.10	1	31.00
494.712	30.44	4.09	124.56	11.65	8.25	96.04	77.10	1	30.90
494.816	30.60	4.06	124.35	11.71	8.16	95.55	76.80	1	31.00
494.961	30.35	4.11	124.81	11.64	8.18	95.22	76.30	1	31.20
495.022	30.30	4.12	124.81	11.70	8.10	94.80	76.00	1	31.30
495.126	30.13	4.13	124.51	11.63	8.20	95.34	76.60	1	31.20
495.271	30.15	4.14	124.79	11.73	8.07	94.68	75.90	1	31.50
495.332	30.07	4.16	125.12	11.67	8.17	95.38	76.20	1	31.60
495.436	29.95	4.17	124.93	11.73	8.11	95.20	76.20	1	31.50
495.581	30.14	4.14	124.68	11.68	8.11	94.67	75.90	1	31.20
495.642	30.23	4.12	124.60	11.70	8.16	95.52	76.70	1	31.30
495.746	30.23	4.13	124.93	11.68	8.15	95.11	76.10	1	31.50
495.891	30.14	4.15	125.20	11.67	8.20	95.74	76.50	1	31.60
495.952	29.94	4.17	124.84	11.68	7.96	92.95	74.50	1	31.60
496.056	29.87	4.19	125.11	11.65	8.24	96.03	76.80	1	31.60
496.201	29.91	4.18	124.90	11.70	8.03	93.96	75.20	1	31.50
496.262	30.19	4.15	125.29	11.68	8.13	95.03	75.90	1	31.30
496.366	30.17	4.15	125.12	11.72	8.04	94.27	75.30	1	31.30
496.511	30.05	4.14	124.38	11.67	8.17	95.27	76.60	1	31.30
496.572	30.09	4.14	124.61	11.68	8.12	94.85	76.10	1	31.30
496.676	30.11	4.14	124.56	11.66	8.10	94.42	75.80	1	31.30
496.821	30.04	4.15	124.71	11.69	8.13	95.00	76.20	1	31.50
496.882	29.93	4.17	124.92	11.66	8.17	95.32	76.30	1	31.60
496.986	29.75	4.18	124.30	11.70	8.12	95.02	76.40	1	31.80
497.131	29.78	4.20	125.15	11.66	8.15	95.03	75.90	1	31.50
497.192	29.89	4.16	124.27	11.71	8.08	94.57	76.10	1	31.30
497.296	29.88	4.18	125.02	11.63	8.20	95.42	76.30	1	31.60
497.441	29.63	4.20	124.36	11.69	8.07	94.33	75.90	1	31.60
497.502	29.67	4.19	124.38	11.63	8.13	94.59	76.10	1	31.80
497.606	29.58	4.22	124.72	11.66	8.10	94.48	75.80	1	31.90
497.751	29.70	4.23	125.68	11.65	8.15	94.91	75.50	1	31.60
497.812	29.92	4.19	125.30	11.69	8.15	95.27	76.00	1	31.50
497.916	29.69	4.20	124.81	11.61	8.15	94.63	75.80	1	31.60
498.061	29.85	4.18	124.78	11.74	8.01	94.07	75.40	1	31.50
498.122	29.98	4.17	125.14	11.65	8.09	94.27	75.30	1	31.30
498.226	30.21	4.14	124.96	11.73	8.03	94.12	75.30	1	31.20
498.371	30.19	4.14	125.03	11.64	8.14	94.71	75.70	1	31.20
498.432	30.35	4.11	124.67	11.72	8.14	95.37	76.50	1	31.00
498.536	30.31	4.11	124.55	11.65	8.16	95.02	76.30	1	31.20
498.681	30.43	4.10	124.90	11.72	8.07	94.55	75.70	1	31.20
498.742	30.36	4.11	124.91	11.63	8.16	94.89	76.00	1	31.20
498.846	30.27	4.12	124.56	11.71	8.02	93.91	75.40	1	31.20
498.991	30.46	4.11	125.25	11.64	8.20	95.48	76.20	1	31.20
499.052	30.38	4.11	124.87	11.72	8.09	94.82	75.90	1	31.30
499.156	30.30	4.13	125.02	11.67	8.15	95.17	76.10	1	31.30
499.301	30.40	4.14	125.73	11.70	8.10	94.74	75.30	1	31.30
499.362	30.18	4.15	125.20	11.73	8.14	95.50	76.30	1	31.50
499.466	30.07	4.15	124.84	11.67	8.15	95.11	76.20	1	31.50
499.611	30.14	4.16	125.24	11.72	8.11	94.98	75.80	1	31.30
499.672	30.09	4.15	124.80	11.64	8.20	95.39	76.40	1	31.20
499.776	30.22	4.13	124.68	11.74	8.07	94.76	76.00	1	31.30
499.921	30.28	4.10	124.29	11.68	8.13	94.93	76.40	1	31.00
499.982	30.43	4.09	124.56	11.75	8.16	95.92	77.00	1	31.20
500.086	30.20	4.12	124.27	11.67	8.22	95.92	77.20	1	31.20
500.231	30.12	4.12	124.06	11.71	8.11	94.98	76.60	1	31.50
500.292	30.01	4.14	124.37	11.66	8.19	95.51	76.80	1	31.60
500.396	29.84	4.17	124.38	11.66	8.14	94.93	76.30	1	31.60
500.541	29.75	4.19	124.60	11.63	8.25	95.99	77.00	1	31.60
500.602	29.72	4.18	124.34	11.70	8.20	95.86	77.10	1	31.80
500.706	29.70	4.19	124.39	11.65	8.03	93.60	75.30	1	31.60
500.851	29.92	4.15	124.24	11.71	8.14	95.33	76.70	1	31.50
500.912	29.81	4.16	124.16	11.69	8.07	94.43	76.10	1	31.50
501.016	29.74	4.17	124.10	11.65	8.17	95.21	76.70	1	31.50
501.161	29.91	4.15	124.20	11.65	8.16	95.05	76.50	1	31.30
501.222	30.03	4.15	124.48	11.66	8.13	94.78	76.10	1	31.20
501.326	30.22	4.10	124.02	11.71	8.16	95.60	77.10	1	31.30
501.471	30.07	4.15	124.78	11.66	8.08	94.24	75.50	1	31.30
501.532	30.18	4.14	125.01	11.71	8.10	94.84	75.90	1	31.50
501.636	29.81	4.18	124.65	11.67	8.11	94.67	75.90	1	31.60
501.781	30.00	4.15	124.63	11.70	8.13	95.08	76.30	1	31.30
501.842	29.84	4.16	124.24	11.62	8.24	95.69	77.00	1	31.50
501.946	29.91	4.16	124.39	11.65	8.24	95.99	77.20	1	31.50
502.091	29.83	4.19	124.87	11.70	7.93	92.78	74.30	1	31.80
502.152	29.76	4.20	125.13	11.63	8.20	95.33	76.20	1	31.60
502.256	29.76	4.19	124.59	11.69	8.01	93.68	75.20	1	31.80
502.401	29.42	4.21	123.74	11.63	8.28	96.27	77.80	1	31.80
502.462	29.49	4.20	123.73	11.74	8.02	94.09	76.00	1	31.80
502.566	29.45	4.20	123.76	11.66	8.15	94.96	76.70	1	31.60
502.711	29.92	4.15	124.19	11.67	8.05	93.99	75.70	1	31.30
502.772	29.90	4.16	124.42	11.62	8.17	94.97	76.30	1	31.50
502.876	29.95	4.15	124.37	11.68	8.19	95.59	76.90	1	31.60
503.021	30.05	4.15	124.65	11.69	8.11	94.77	76.00	1	31.30
503.082	30.14	4.14	124.64	11.71	8.16	95.48	76.60	1	31.30
503.186	30.00	4.15	124.41	11.73	8.03	94.17	75.70	1	31.50
503.331	30.09	4.14	124.46	11.79	8.10	95.49	76.70	1	31.50
503.392	29.92	4.16	124.32	11.74	8.13	95.38	76.70	1	31.50
503.496	29.95	4.14	123.99	11.76	8.10	95.23	76.80	1	31.50
503.641	29.74	4.17	123.96	11.68	8.19	95.63	77.10	1	31.60
503.702	29.88	4.17	124.49	11.72	8.17	95.71	76.90	1	31.50
503.806	30.01	4.14	124.29	11.70	8.02	93.81	75.50	1	31.30
503.951	30.09	4.14	124.68	11.66	8.22	95.83	76.90	1	31.50
504.012	29.88	4.16	124.23	11.69	8.00	93.48	75.20	1	31.50
504.116	29.87	4.17	124.56	11.65	8.24	95.93	77.00	1	31.50
504.261	30.00	4.16	124.76	11.70	8.05	94.25	75.50	1	31.50
504.322	30.09	4.16	125.22	11.66	8.25	96.19	76.80	1	31.30
504.426	30.33	4.11	124.67	11.74	8.08	94.92	76.10	1	31.30
504.571	30.36	4.13	125.30	11.64	8.27	96.30	76.90	1	31.00
504.632	30.46	4.09	124.69	11.76	7.99	94.00	75.40	1	31.20
504.736	30.40	4.09	124.44	11.68	8.15	95.24	76.50	1	31.00
504.881	30.51	4.07	124.10	11.74	8.08	94.81	76.40	1	31.00
504.942	30.62	4.07	124.49	11.68	8.20	95.79	76.90	1	30.90
505.046	30.80	4.04	124.40	11.72	8.13	95.23	76.60	1	30.90
505.191	30.79	4.05	124.60	11.69	8.16	95.36	76.50	1	30.90
505.252	30.83	4.04	124.55	11.80	8.03	94.73	76.10	1	30.90
505.356	30.75	4.05	124.40	11.70	8.13	95.09	76.40	1	30.90
505.501	30.73	4.04	124.01	11.75	8.12	95.39	76.90	1	30.90
505.562	30.60	4.04	123.74	11.68	8.18	95.50	77.20	1	30.90
505.666	30.65	4.04	123.73	11.68	8.17	95.38	77.10	1	30.90
505.811	30.96	4.04	125.13	11.64	8.19	95.32	76.20	1	30.70
505.872	30.94	4.01	124.05	11.69	8.17	95.58	77.10	1	30.60
505.976	30.98	4.01	124.28	11.68	8.10	94.60	76.10	1	30.90
506.121	30.97	4.02	124.36	11.69	8.17	95.47	76.80	1	30.70
506.182	30.85	4.03	124.31	11.71	7.98	93.48	75.20	1	30.70
506.286	30.97	4.02	124.47	11.67	8.23	96.02	77.10	1	30.60
506.431	31.11	4.02	125.03	11.72	7.94	93.05	74.40	1	30.70
506.492	31.09	4.01	124.73	11.65	8.14	94.84	76.00	1	30.90
506.596	30.96	4.01	124.20	11.72	7.97	93.43	75.20	1	30.90
506.741	30.66	4.07	124.69	11.64	8.22	95.76	76.80	1	31.20
506.802	30.46	4.08	124.33	11.76	8.04	94.54	76.00	1	31.20
506.906	30.40	4.08	124.04	11.74	8.09	94.98	76.60	1	31.00
507.051	30.77	4.05	124.61	11.76	7.98	93.83	75.30	1	30.90
507.112	30.68	4.05	124.37	11.69	8.05	94.09	75.70	1	31.00
507.216	30.70	4.04	124.06	11.76	8.04	94.55	76.20	1	30.90
507.361	30.94	4.03	124.82	11.68	8.11	94.71	75.90	1	30.70
507.422	31.01	4.02	124.53	11.74	8.09	94.91	76.20	1	30.70
507.526	30.71	4.04	124.16	11.63	8.19	95.26	76.70	1	30.90
507.671	31.04	4.00	124.28	11.70	8.08	94.58	76.10	1	30.70
507.732	30.92	4.02	124.26	11.67	8.13	94.87	76.40	1	30.70
507.836	31.02	4.01	124.32	11.72	8.11	95.02	76.40	1	30.70
507.981	30.69	4.03	123.55	11.63	8.17	95.00	76.90	1	30.70
508.042	30.82	4.01	123.62	11.70	8.05	94.16	76.20	1	30.70
508.146	30.79	4.04	124.50	11.69	8.09	94.55	75.90	1	31.00
508.291	30.51	4.05	123.66	11.64	8.20	95.42	77.20	1	31.00
508.352	30.46	4.07	123.81	11.74	8.01	94.00	75.90	1	31.20
508.456	30.28	4.11	124.31	11.63	8.15	94.84	76.30	1	31.30
508.601	30.39	4.12	125.19	11.69	8.11	94.82	75.70	1	31.30
508.662	29.94	4.15	124.34	11.65	8.19	95.45	76.80	1	31.50
508.766	30.15	4.13	124.59	11.69	8.17	95.54	76.70	1	31.50
508.911	30.13	4.15	124.91	11.67	8.18	95.50	76.50	1	31.30
508.972	30.05	4.13	124.15	11.67	8.17	95.33	76.80	1	31.50
509.076	29.93	4.17	124.67	11.64	8.19	95.26	76.40	1	31.60
509.221	29.82	4.17	124.46	11.66	8.15	95.06	76.40	1	31.50
509.282	29.98	4.16	124.63	11.67	8.17	95.38	76.50	1	31.30
509.386	30.09	4.15	124.73	11.69	8.08	94.44	75.70	1	31.30
509.531	30.19	4.12	124.31	11.72	8.04	94.27	75.80	1	31.30
509.592	30.08	4.13	124.12	11.66	8.12	94.76	76.30	1	31.30
509.696	30.16	4.12	124.35	11.72	8.13	95.29	76.60	1	31.50
509.841	29.78	4.18	124.35	11.64	8.19	95.25	76.60	1	31.50
509.902	29.89	4.16	124.39	11.71	8.17	95.59	76.80	1	31.30
510.006	30.19	4.13	124.78	11.68	8.09	94.45	75.70	1	31.20
510.151	30.19	4.13	124.78	11.66	8.17	95.28	76.40	1	31.30
510.212	30.20	4.13	124.67	11.67	8.11	94.67	75.90	1	31.30
510.316	30.05	4.15	124.78	11.68	8.14	95.03	76.20	1	31.30
510.461	30.21	4.15	125.28	11.68	8.14	95.09	75.90	1	31.50
510.522	30.05	4.16	125.15	11.67	8.21	95.76	76.50	1	31.50
510.626	30.14	4.14	124.69	11.76	8.02	94.33	75.70	1	31.30
510.771	30.11	4.14	124.69	11.64	8.07	93.99	75.40	1	31.20
510.832	30.36	4.09	124.24	11.68	8.04	93.94	75.60	1	31.20
510.936	30.11	4.12	124.15	11.63	8.18	95.04	76.60	1	31.20
511.081	30.45	4.10	124.99	11.67	8.15	95.11	76.10	1	31.00
511.142	30.37	4.11	124.68	11.63	8.14	94.70	76.00	1	31.20
511.246	30.27	4.11	124.48	11.68	8.17	95.43	76.70	1	31.20
511.391	30.45	4.09	124.45	11.62	8.21	95.37	76.60	1	30.90
511.452	30.54	4.07	124.20	11.69	8.08	94.42	76.00	1	31.00
511.556	30.35	4.06	123.26	11.69	8.16	95.48	77.50	1	30.90
511.701	30.33	4.08	123.70	11.69	8.15	95.28	77.00	1	31.00
511.762	30.37	4.09	124.07	11.66	8.17	95.25	76.80	1	31.00
511.866	30.58	4.05	123.94	11.65	8.01	93.32	75.30	1	30.90
512.011	30.90	4.04	124.82	11.69	8.02	93.73	75.10	1	30.70
512.072	30.85	4.03	124.35	11.64	8.10	94.27	75.80	1	30.60
512.176	30.91	4.00	123.78	11.68	8.15	95.19	76.90	1	30.70
512.321	31.02	4.03	124.95	11.65	8.19	95.40	76.40	1	30.90
512.382	30.90	4.04	124.78	11.67	8.21	95.78	76.80	1	31.00
512.486	30.71	4.07	125.03	11.65	8.10	94.39	75.50	1	31.00
512.631	30.66	4.07	124.77	11.72	8.11	95.07	76.20	1	30.90
512.692	30.74	4.06	124.66	11.66	8.12	94.59	75.90	1	30.90
512.796	30.60	4.07	124.47	11.66	8.10	94.43	75.90	1	30.90
512.941	30.51	4.09	124.85	11.70	8.15	95.39	76.40	1	31.20
513.002	30.18	4.12	124.23	11.68	8.10	94.57	76.10	1	31.30
513.106	30.34	4.10	124.42	11.67	8.17	95.31	76.60	1	31.20
513.251	30.42	4.09	124.40	11.66	8.06	94.00	75.60	1	31.00
513.312	30.60	4.07	124.45	11.73	8.04	94.35	75.80	1	31.00
513.416	30.32	4.10	124.45	11.63	8.13	94.60	76.00	1	31.00
513.561	30.73	4.05	124.48	11.70	8.03	93.97	75.50	1	31.00
513.622	30.49	4.08	124.33	11.62	8.18	95.10	76.50	1	31.00
513.726	30.53	4.07	124.27	11.64	8.11	94.46	76.00	1	31.20
513.871	30.23	4.11	124.38	11.64	8.10	94.30	75.80	1	31.30
513.932	30.17	4.11	123.93	11.67	8.14	94.91	76.60	1	31.30
514.036	30.20	4.12	124.38	11.64	8.09	94.14	75.70	1	31.00
514.181	30.47	4.07	124.11	11.65	8.23	95.85	77.20	1	31.00
514.242	30.44	4.07	123.96	11.65	8.09	94.21	76.00	1	30.90
514.346	30.53	4.07	124.15	11.62	8.21	95.41	76.90	1	30.90
514.491	30.85	4.02	124.14	11.66	8.06	94.01	75.70	1	30.70
514.552	30.88	4.04	124.82	11.63	8.24	95.86	76.80	1	30.70
514.656	31.00	3.99	123.81	11.68	8.07	94.33	76.20	1	30.70
514.801	30.83	4.04	124.43	11.66	8.16	95.12	76.40	1	30.90
514.862	30.96	4.02	124.45	11.74	8.00	93.88	75.40	1	30.90
514.966	30.77	4.03	123.96	11.65	8.15	94.97	76.60	1	30.70
515.111	31.05	4.00	124.23	11.74	8.03	94.22	75.80	1	30.60
515.172	30.98	4.00	123.77	11.68	8.11	94.64	76.50	1	30.60
515.276	31.07	4.01	124.44	11.74	8.02	94.13	75.60	1	30.90
515.421	30.79	4.02	123.73	11.66	8.07	94.02	76.00	1	30.90
515.482	30.85	4.02	123.93	11.69	8.15	95.27	76.90	1	31.00
515.586	30.57	4.08	124.67	11.65	8.17	95.21	76.40	1	31.20
515.731	30.63	4.07	124.53	11.73	8.07	94.68	76.00	1	31.00
515.792	30.59	4.07	124.49	11.66	8.12	94.71	76.10	1	30.90
515.896	30.58	4.05	123.99	11.70	8.09	94.67	76.40	1	31.00
516.041	30.50	4.06	123.82	11.70	8.12	94.99	76.70	1	31.20
516.102	30.54	4.06	124.08	11.77	8.10	95.32	76.80	1	31.20
516.206	30.24	4.09	123.76	11.66	8.18	95.45	77.10	1	31.00
516.351	30.63	4.03	123.36	11.69	8.15	95.32	77.30	1	31.00
516.412	30.43	4.06	123.43	11.65	8.15	94.91	76.90	1	30.90
516.516	30.66	4.04	123.91	11.65	8.23	95.87	77.40	1	30.90
516.661	30.86	4.01	123.79	11.69	8.06	94.30	76.20	1	30.60
516.722	31.02	4.00	124.01	11.74	8.03	94.27	76.00	1	30.70
516.826	30.92	4.01	123.92	11.70	8.07	94.47	76.20	1	30.70
516.971	31.04	4.00	124.23	11.75	8.05	94.61	76.20	1	30.70
517.032	31.00	4.01	124.24	11.69	8.19	95.71	77.00	1	30.90
517.136	30.77	4.05	124.65	11.70	8.04	94.13	75.50	1	31.00
517.281	30.51	4.07	124.12	11.74	8.00	93.93	75.70	1	31.00
517.342	30.60	4.06	124.11	11.68	8.19	95.65	77.10	1	30.90
517.446	30.80	4.02	123.87	11.76	7.93	93.19	75.20	1	30.90
517.591	30.95	4.01	123.97	11.65	8.25	96.08	77.50	1	30.70
517.652	30.94	4.01	123.92	11.74	8.10	95.02	76.70	1	30.70
517.756	30.79	4.00	123.18	11.71	8.02	93.88	76.20	1	30.90
517.901	30.79	4.00	123.30	11.75	7.99	93.93	76.20	1	30.70
517.962	30.57	4.01	122.65	11.70	8.09	94.68	77.20	1	30.90
518.066	30.78	4.00	123.09	11.78	7.97	93.89	76.30	1	30.70
518.211	30.94	4.00	123.67	11.68	8.15	95.16	76.90	1	30.60
518.272	31.15	3.97	123.66	11.73	8.16	95.70	77.40	1	30.60
518.376	31.20	3.96	123.42	11.75	8.01	94.14	76.30	1	30.60
518.521	31.19	3.98	124.02	11.73	8.14	95.52	77.00	1	30.70
518.582	31.18	3.98	123.95	11.72	8.04	94.25	76.00	1	30.60
518.686	30.91	4.01	123.82	11.66	8.18	95.39	77.00	1	30.70
518.831	30.82	4.04	124.43	11.72	8.06	94.52	76.00	1	31.00
518.892	30.53	4.09	124.79	11.68	8.21	95.98	76.90	1	31.20
518.996	30.48	4.09	124.56	11.78	8.02	94.40	75.80	1	31.20
519.141	30.34	4.12	125.00	11.70	8.15	95.42	76.30	1	31.20
519.202	30.52	4.08	124.60	11.80	7.95	93.80	75.30	1	31.00
519.306	30.51	4.08	124.34	11.72	8.11	95.12	76.50	1	31.20
519.451	30.61	4.06	124.24	11.75	8.09	95.09	76.50	1	31.00
519.512	30.53	4.08	124.47	11.69	8.20	95.78	77.00	1	31.00
519.616	30.68	4.05	124.30	11.73	8.09	94.86	76.30	1	31.00
519.761	30.42	4.09	124.56	11.68	8.04	93.93	75.40	1	31.30
519.822	30.52	4.09	124.79	11.72	8.04	94.26	75.50	1	31.50
519.926	30.14	4.13	124.56	11.71	7.97	93.31	74.90	1	31.50
520.071	29.90	4.15	124.12	11.73	8.14	95.49	76.90	1	31.50
520.132	29.90	4.16	124.49	11.75	7.98	93.74	75.30	1	31.50
520.236	30.05	4.16	125.00	11.67	8.24	96.14	76.90	1	31.30
520.381	30.12	4.12	124.06	11.70	8.06	94.25	76.00	1	31.30
520.442	29.92	4.14	123.95	11.65	8.25	96.13	77.60	1	31.30
520.546	30.21	4.11	124.29	11.75	8.06	94.74	76.20	1	31.50
520.691	30.25	4.13	124.89	11.72	8.05	94.36	75.60	1	31.30
520.752	30.36	4.11	124.86	11.74	8.15	95.61	76.60	1	31.20
520.856	30.49	4.10	125.01	11.65	8.20	95.54	76.40	1	31.00
521.001	30.53	4.09	124.84	11.75	8.05	94.52	75.70	1	31.20
521.062	30.46	4.10	124.94	11.71	8.11	94.91	76.00	1	31.20
521.166	30.38	4.09	124.12	11.72	8.08	94.66	76.30	1	31.00
521.311	30.34	4.07	123.46	11.69	8.10	94.69	76.70	1	31.20
521.372	30.39	4.07	123.56	11.70	8.13	95.13	77.00	1	31.00
521.476	30.58	4.07	124.43	11.74	7.94	93.20	74.90	1	30.90
521.621	30.80	4.03	124.21	11.67	8.13	94.85	76.40	1	30.90
521.682	30.78	4.03	124.18	11.76	7.96	93.53	75.30	1	31.00
521.786	30.62	4.06	124.25	11.67	8.13	94.87	76.40	1	30.70
521.931	30.97	4.01	124.08	11.74	8.11	95.27	76.80	1	30.60
521.992	30.83	4.01	123.52	11.69	8.15	95.19	77.10	1	30.70
522.096	30.82	3.99	123.11	11.71	8.16	95.55	77.60	1	30.60
522.241	30.70	4.01	123.02	11.69	8.17	95.51	77.60	1	30.70
522.302	30.85	4.00	123.36	11.74	8.09	94.96	77.00	1	30.90
522.406	30.81	4.04	124.34	11.79	8.00	94.23	75.80	1	31.00
522.551	30.47	4.10	124.79	11.71	8.22	96.30	77.20	1	31.30
522.612	30.44	4.09	124.40	11.78	8.05	94.84	76.20	1	31.30
522.716	30.34	4.11	124.69	11.74	8.14	95.61	76.70	1	31.20
522.861	30.78	4.06	124.89	11.77	8.00	94.21	75.40	1	30.90
522.922	30.82	4.06	125.18	11.72	8.06	94.44	75.40	1	30.90
523.026	30.78	4.04	124.50	11.71	8.18	95.71	76.90	1	31.00
523.171	30.72	4.05	124.27	11.75	8.07	94.84	76.30	1	31.00
523.232	30.61	4.06	124.40	11.69	8.24	96.35	77.50	1	31.00
523.336	30.74	4.04	124.26	11.74	8.13	95.42	76.80	1	31.00
523.481	30.54	4.06	124.09	11.67	8.09	94.39	76.10	1	30.90
523.542	30.87	4.03	124.44	11.71	8.12	95.15	76.50	1	30.70
523.646	30.88	4.02	124.25	11.68	8.13	95.02	76.50	1	30.70
523.791	30.87	4.02	124.04	11.77	8.02	94.37	76.10	1	30.70
523.852	30.96	4.01	124.02	11.67	8.12	94.73	76.40	1	30.60
523.956	31.04	3.99	123.71	11.74	8.10	95.14	76.90	1	30.70
524.101	30.80	4.05	124.69	11.70	8.03	93.98	75.40	1	30.90
524.162	30.96	4.04	125.04	11.67	8.13	94.90	75.90	1	31.00
524.266	30.77	4.06	125.07	11.74	7.99	93.79	75.00	1	31.20
524.411	30.62	4.09	125.13	11.68	8.18	95.49	76.30	1	30.90
524.472	30.57	4.05	123.89	11.71	8.18	95.78	77.30	1	30.90
524.576	30.58	4.07	124.40	11.68	8.18	95.62	76.90	1	31.00
524.721	30.74	4.09	125.81	11.73	8.13	95.37	75.80	1	31.50
524.782	30.28	4.13	124.92	11.71	8.07	94.48	75.60	1	31.50
524.886	30.03	4.14	124.38	11.65	8.25	96.14	77.30	1	31.50
525.031	30.26	4.13	124.99	11.71	8.09	94.72	75.80	1	31.20
525.092	30.33	4.11	124.49	11.72	8.06	94.39	75.80	1	31.00
525.196	30.52	4.09	124.79	11.74	8.01	94.01	75.30	1	31.20
525.341	30.10	4.10	123.52	11.73	8.06	94.53	76.50	1	31.20
525.402	30.30	4.09	124.03	11.72	8.11	94.96	76.60	1	31.30
525.506	30.11	4.13	124.21	11.70	8.08	94.44	76.00	1	31.50
525.651	30.06	4.14	124.56	11.75	8.11	95.22	76.40	1	31.60
525.712	29.84	4.17	124.36	11.72	8.14	95.45	76.80	1	31.60
525.816	29.82	4.18	124.74	11.68	8.21	95.89	76.90	1	31.60
525.961	29.83	4.18	124.72	11.75	8.16	95.90	76.90	1	31.80
526.022	29.67	4.19	124.37	11.71	8.12	95.18	76.50	1	31.60
526.126	29.66	4.19	124.20	11.72	8.06	94.47	76.10	1	31.60
526.271	29.90	4.17	124.61	11.65	8.04	93.71	75.20	1	31.30
526.332	30.13	4.13	124.51	11.69	8.19	95.71	76.90	1	31.50
526.436	30.15	4.12	124.29	11.76	7.97	93.69	75.40	1	31.30
526.581	30.23	4.13	124.77	11.71	8.07	94.43	75.70	1	31.20
526.642	30.40	4.09	124.41	11.75	8.12	95.43	76.70	1	31.30
526.746	30.27	4.10	124.22	11.71	8.14	95.28	76.70	1	31.20
526.891	30.55	4.07	124.21	11.76	8.10	95.24	76.70	1	31.20
526.952	30.36	4.09	124.05	11.67	8.24	96.13	77.50	1	31.20
527.056	30.50	4.07	123.97	11.71	8.14	95.24	76.80	1	31.00
527.201	30.60	4.05	124.06	11.72	8.02	94.02	75.80	1	30.90
527.262	30.68	4.05	124.24	11.68	8.21	95.85	77.10	1	31.00
527.366	30.54	4.05	123.84	11.75	8.02	94.26	76.10	1	31.20
527.511	30.26	4.09	123.73	11.72	8.02	94.00	76.00	1	31.00
527.572	30.49	4.07	123.99	11.78	8.05	94.85	76.50	1	31.20
527.676	30.31	4.10	124.25	11.75	8.03	94.37	76.00	1	31.30
527.821	30.21	4.10	124.00	11.79	7.98	94.14	75.90	1	31.30
527.882	29.96	4.12	123.58	11.69	8.14	95.17	77.00	1	31.20
527.986	30.33	4.09	123.93	11.68	8.16	95.36	76.90	1	31.00
528.131	30.57	4.06	124.18	11.72	8.00	93.82	75.60	1	30.90
528.192	30.61	4.05	124.11	11.68	8.24	96.25	77.60	1	30.90
528.296	30.65	4.04	123.89	11.76	8.06	94.86	76.60	1	31.00
528.441	30.45	4.07	123.83	11.74	8.04	94.46	76.30	1	31.00
528.502	30.41	4.06	123.46	11.79	7.97	93.96	76.10	1	31.20
528.606	30.29	4.09	123.87	11.76	8.02	94.27	76.10	1	31.20
528.751	30.51	4.11	125.37	11.74	8.16	95.85	76.40	1	31.50
528.812	30.17	4.13	124.66	11.75	8.04	94.51	75.80	1	31.60
528.916	29.94	4.16	124.41	11.72	8.09	94.89	76.30	1	31.50
529.061	30.08	4.15	124.75	11.76	8.06	94.75	76.00	1	31.50
529.122	30.10	4.15	124.84	11.72	8.07	94.67	75.80	1	31.50
529.226	30.18	4.12	124.40	11.74	8.12	95.33	76.60	1	31.50
529.371	30.09	4.14	124.59	11.74	8.12	95.35	76.50	1	31.30
529.432	30.30	4.11	124.65	11.76	8.15	95.84	76.90	1	31.20
529.536	30.41	4.10	124.77	11.74	8.11	95.17	76.30	1	31.30
529.681	30.37	4.11	124.90	11.73	8.11	95.17	76.20	1	31.30
529.742	30.32	4.12	124.85	11.74	8.17	95.94	76.80	1	31.20
529.846	30.44	4.10	124.83	11.74	8.09	94.95	76.10	1	31.30
529.991	30.23	4.14	125.10	11.80	7.97	94.01	75.20	1	31.60
530.052	30.04	4.16	124.87	11.75	8.01	94.13	75.40	1	31.50
530.156	30.01	4.16	124.84	11.75	8.04	94.48	75.70	1	31.60
530.301	29.78	4.22	125.62	11.71	8.15	95.39	75.90	1	31.80
530.362	29.61	4.22	125.09	11.74	8.04	94.44	75.50	1	31.90
530.466	29.37	4.22	124.09	11.69	7.99	93.45	75.30	1	31.90
530.611	29.64	4.19	124.25	11.71	8.12	95.07	76.50	1	31.80
530.672	29.42	4.21	123.94	11.68	8.12	94.78	76.50	1	31.80
530.776	29.63	4.20	124.51	11.64	8.17	95.11	76.40	1	31.60
530.921	29.60	4.20	124.28	11.68	7.98	93.21	75.00	1	31.80
530.982	29.45	4.21	123.98	11.61	8.22	95.48	77.00	1	31.90
531.086	29.10	4.22	122.72	11.71	8.02	93.94	76.60	1	31.80
531.231	29.08	4.24	123.40	11.63	8.23	95.79	77.60	1	31.90
531.292	29.28	4.21	123.34	11.70	8.03	93.95	76.20	1	31.90
531.396	29.05	4.25	123.33	11.63	8.08	93.92	76.20	1	32.10
531.541	29.37	4.22	123.98	11.73	8.07	94.73	76.40	1	31.80
531.602	29.39	4.23	124.21	11.68	8.16	95.35	76.80	1	31.60
531.706	29.67	4.18	124.09	11.70	8.13	95.13	76.70	1	31.50
531.851	29.60	4.19	124.10	11.61	8.20	95.17	76.70	1	31.60
531.912	29.79	4.18	124.64	11.68	8.17	95.40	76.50	1	31.60
532.016	29.61	4.20	124.22	11.63	8.17	95.01	76.50	1	31.60
532.161	29.87	4.18	124.74	11.71	8.06	94.30	75.60	1	31.60
532.222	29.75	4.19	124.55	11.62	8.08	93.89	75.40	1	31.80
532.326	29.60	4.20	124.32	11.67	8.03	93.72	75.40	1	31.80
532.471	29.47	4.20	123.86	11.73	8.04	94.30	76.10	1	31.80
532.532	29.52	4.20	124.12	11.70	8.07	94.38	76.00	1	31.80
532.636	29.51	4.20	123.99	11.73	8.06	94.63	76.30	1	31.80
532.781	29.40	4.23	124.20	11.66	8.11	94.59	76.20	1	31.90
532.842	29.43	4.22	124.30	11.70	8.11	94.83	76.30	1	32.10
532.946	29.10	4.26	123.84	11.59	8.11	94.02	75.90	1	31.90
533.091	29.51	4.23	124.86	11.68	8.08	94.34	75.60	1	31.80
533.152	29.42	4.22	124.24	11.59	8.17	94.67	76.20	1	31.60
533.256	29.52	4.21	124.24	11.68	8.06	94.12	75.80	1	31.80
533.401	29.29	4.23	123.99	11.60	8.12	94.16	75.90	1	31.80
533.462	29.49	4.22	124.32	11.67	8.01	93.51	75.20	1	31.80
533.566	29.37	4.22	123.97	11.65	8.07	94.00	75.80	1	31.90
533.711	29.41	4.24	124.68	11.66	8.20	95.57	76.70	1	32.10
533.772	29.20	4.25	124.11	11.69	8.09	94.53	76.20	1	32.10
533.876	29.22	4.23	123.62	11.68	8.05	93.97	76.00	1	31.90
534.021	29.21	4.25	124.21	11.63	8.11	94.32	75.90	1	32.10
534.082	29.08	4.26	123.97	11.63	8.11	94.37	76.10	1	32.20
534.186	29.15	4.25	123.82	11.69	7.97	93.14	75.20	1	32.20
534.331	28.98	4.26	123.34	11.56	8.24	95.18	77.20	1	31.90
534.392	28.97	4.25	123.26	11.57	8.14	94.11	76.40	1	31.80
534.496	29.29	4.23	123.80	11.58	8.06	93.39	75.40	1	31.60
534.641	29.72	4.19	124.48	11.67	8.10	94.50	75.90	1	31.50
534.702	29.76	4.18	124.48	11.66	8.10	94.48	75.90	1	31.30
534.806	29.94	4.15	124.40	11.68	8.11	94.75	76.20	1	31.30
534.951	30.14	4.15	124.99	11.63	8.19	95.30	76.20	1	31.30
535.012	30.20	4.14	124.87	11.70	8.16	95.44	76.40	1	31.20
535.116	30.11	4.13	124.41	11.68	8.05	94.04	75.60	1	31.30
535.261	30.13	4.13	124.50	11.72	8.05	94.40	75.80	1	31.30
535.322	30.06	4.14	124.44	11.73	8.08	94.79	76.20	1	31.50
535.426	29.98	4.14	124.03	11.69	8.07	94.28	76.00	1	31.30
535.571	30.15	4.14	124.68	11.71	8.19	95.89	76.90	1	31.20
535.632	30.20	4.13	124.61	11.69	8.12	94.98	76.20	1	31.20
535.736	30.22	4.11	124.06	11.68	8.15	95.16	76.70	1	31.30
535.881	30.22	4.10	123.98	11.67	8.06	94.00	75.80	1	31.20
535.942	30.32	4.10	124.19	11.68	8.18	95.54	76.90	1	31.20
536.046	30.40	4.07	123.84	11.73	8.04	94.23	76.10	1	31.00
536.191	30.46	4.08	124.29	11.69	8.05	94.09	75.70	1	31.00
536.252	30.41	4.07	123.70	11.69	8.15	95.27	77.00	1	31.00
536.356	30.40	4.09	124.38	11.68	8.15	95.17	76.50	1	31.30
536.501	30.17	4.12	124.21	11.71	8.12	95.15	76.60	1	31.30
536.562	30.00	4.13	123.88	11.66	8.14	94.91	76.60	1	31.20
536.666	30.25	4.11	124.44	11.64	8.26	96.11	77.20	1	31.00
536.811	30.23	4.10	124.08	11.63	8.16	94.83	76.40	1	31.20
536.872	30.01	4.14	124.13	11.59	8.27	95.86	77.20	1	31.30
536.976	30.20	4.10	123.69	11.69	8.22	96.10	77.70	1	31.20
537.121	30.42	4.08	124.12	11.65	8.11	94.54	76.20	1	31.00
537.182	30.35	4.07	123.54	11.63	8.23	95.70	77.50	1	31.20
537.286	30.15	4.11	123.92	11.60	8.17	94.78	76.50	1	31.30
537.431	30.10	4.15	124.80	11.71	8.11	94.89	76.00	1	31.60
537.492	29.65	4.19	124.20	11.60	8.16	94.64	76.20	1	31.80
537.596	29.61	4.19	124.16	11.57	8.27	95.76	77.10	1	31.60
537.741	29.88	4.17	124.62	11.65	8.07	94.03	75.40	1	31.30
537.802	29.80	4.16	124.08	11.60	8.30	96.27	77.60	1	31.30
537.906	29.97	4.15	124.26	11.68	8.12	94.83	76.30	1	31.50
538.051	29.80	4.16	123.92	11.64	8.08	94.06	75.90	1	31.60
538.112	29.84	4.16	124.14	11.69	8.14	95.13	76.60	1	31.80
538.216	29.54	4.19	123.84	11.62	8.15	94.75	76.50	1	31.60
538.361	29.75	4.19	124.55	11.70	8.05	94.22	75.60	1	31.60
538.422	29.58	4.18	123.60	11.59	8.13	94.30	76.30	1	31.50
538.526	29.65	4.18	123.82	11.61	8.22	95.42	77.10	1	31.60
538.671	29.51	4.18	123.37	11.64	8.09	94.16	76.30	1	31.50
538.732	29.61	4.19	124.07	11.60	8.20	95.11	76.70	1	31.30
538.836	29.83	4.14	123.48	11.68	8.14	95.01	76.90	1	31.30
538.981	29.73	4.17	123.87	11.63	8.25	95.99	77.50	1	31.60
539.042	29.79	4.15	123.72	11.71	8.09	94.77	76.60	1	31.60
539.146	29.68	4.18	123.96	11.65	8.14	94.88	76.50	1	31.60
539.291	29.52	4.19	123.66	11.65	8.17	95.21	77.00	1	31.60
539.352	29.51	4.19	123.71	11.64	8.18	95.20	77.00	1	31.50
539.456	29.69	4.16	123.61	11.65	8.15	94.95	76.80	1	31.50
539.601	30.17	4.13	124.47	11.68	8.08	94.33	75.80	1	31.20
539.662	30.10	4.12	123.98	11.60	8.23	95.50	77.00	1	31.20
539.766	30.17	4.11	123.86	11.67	8.10	94.59	76.40	1	31.30
539.911	30.00	4.13	123.92	11.67	8.08	94.25	76.10	1	31.30
539.972	30.05	4.13	124.17	11.66	8.25	96.12	77.40	1	31.30
540.076	29.92	4.14	123.75	11.70	8.16	95.54	77.20	1	31.30
540.221	30.04	4.12	123.80	11.64	8.10	94.26	76.10	1	31.30
540.282	30.09	4.13	124.15	11.70	8.08	94.59	76.20	1	31.50
540.386	29.92	4.16	124.37	11.69	8.01	93.72	75.40	1	31.60
540.531	29.79	4.17	124.09	11.70	8.04	94.14	75.90	1	31.60
540.592	29.64	4.18	123.98	11.66	8.10	94.44	76.20	1	31.80
540.696	29.51	4.18	123.31	11.65	8.04	93.59	75.90	1	31.80
540.841	29.45	4.20	123.80	11.70	7.96	93.11	75.20	1	31.90
540.902	29.31	4.21	123.46	11.62	8.08	93.90	76.10	1	31.80
541.006	29.55	4.20	124.12	11.65	8.11	94.49	76.10	1	31.60
541.151	29.74	4.19	124.60	11.60	8.20	95.15	76.40	1	31.50
541.212	29.93	4.16	124.52	11.70	8.09	94.67	76.00	1	31.30
541.316	30.19	4.12	124.42	11.75	7.97	93.69	75.30	1	31.30
541.461	30.29	4.13	124.96	11.68	8.11	94.70	75.80	1	31.00
541.522	30.51	4.07	124.28	11.71	8.07	94.52	76.10	1	31.20
541.626	30.22	4.09	123.61	11.65	8.17	95.11	76.90	1	31.00
541.771	30.46	4.07	123.94	11.71	8.18	95.75	77.30	1	31.00
541.832	30.51	4.07	124.19	11.70	8.04	94.06	75.70	1	30.90
541.936	30.54	4.04	123.53	11.68	8.02	93.67	75.80	1	30.90
542.081	30.71	4.03	123.81	11.73	8.05	94.42	76.30	1	30.70
542.142	30.66	4.01	123.04	11.68	8.17	95.39	77.50	1	30.70
542.246	30.65	4.02	123.22	11.68	8.15	95.19	77.30	1	31.00
542.391	30.34	4.08	123.70	11.69	8.10	94.67	76.50	1	31.20
542.452	30.49	4.08	124.43	11.67	8.17	95.40	76.70	1	31.30
542.556	30.19	4.10	123.88	11.71	8.02	93.94	75.80	1	31.50
542.701	30.02	4.13	124.03	11.64	8.14	94.71	76.40	1	31.50
542.762	30.01	4.14	124.35	11.75	8.02	94.27	75.80	1	31.60
542.866	29.59	4.18	123.64	11.68	7.98	93.30	75.50	1	31.60
543.011	29.78	4.16	123.91	11.73	8.05	94.45	76.20	1	31.60
543.072	29.76	4.17	124.03	11.66	8.15	95.09	76.70	1	31.60
543.176	29.79	4.16	123.96	11.69	8.02	93.77	75.60	1	31.60
543.321	29.89	4.15	124.09	11.69	8.03	93.87	75.60	1	31.50
543.382	29.78	4.16	123.92	11.65	8.09	94.28	76.10	1	31.50
543.486	29.88	4.14	123.77	11.72	8.13	95.22	76.90	1	31.60
543.631	29.57	4.18	123.70	11.68	8.10	94.65	76.50	1	31.60
543.692	29.82	4.16	124.10	11.70	8.13	95.14	76.70	1	31.50
543.796	29.83	4.14	123.45	11.75	7.94	93.27	75.60	1	31.50
543.941	29.73	4.15	123.43	11.70	8.09	94.61	76.70	1	31.50
544.002	30.03	4.13	124.01	11.75	8.09	95.01	76.60	1	31.30
544.106	30.19	4.11	124.02	11.66	8.19	95.53	77.00	1	31.20
544.251	30.33	4.07	123.38	11.78	7.97	93.90	76.10	1	31.30
544.312	30.02	4.11	123.36	11.66	8.10	94.49	76.60	1	31.30
544.416	30.12	4.12	124.09	11.67	8.20	95.73	77.10	1	31.50
544.561	30.19	4.11	124.20	11.70	8.12	95.03	76.50	1	31.30
544.622	30.19	4.11	124.17	11.70	8.02	93.89	75.60	1	31.20
544.726	30.35	4.09	124.15	11.73	8.00	93.82	75.60	1	31.20
544.871	30.42	4.08	124.12	11.64	8.09	94.16	75.90	1	31.00
544.932	30.51	4.07	124.04	11.65	8.14	94.82	76.40	1	31.00
545.036	30.34	4.09	124.20	11.65	8.16	95.09	76.60	1	31.30
545.181	30.18	4.14	124.83	11.63	8.25	95.92	76.80	1	31.30
545.242	30.27	4.11	124.47	11.71	8.08	94.63	76.00	1	31.30
545.346	30.04	4.14	124.26	11.65	8.06	93.93	75.60	1	31.30
545.491	30.09	4.11	123.65	11.69	8.11	94.78	76.70	1	31.30
545.552	30.21	4.10	123.83	11.71	8.00	93.73	75.70	1	31.20
545.656	30.30	4.09	123.84	11.72	8.06	94.48	76.30	1	31.20
545.801	30.62	4.06	124.25	11.79	7.96	93.88	75.60	1	31.00
545.862	30.57	4.06	124.07	11.71	8.12	95.17	76.70	1	31.00
545.966	30.72	4.03	123.85	11.77	8.09	95.24	76.90	1	31.00
546.111	30.72	4.05	124.40	11.69	8.13	95.04	76.40	1	31.00
546.172	30.69	4.04	124.09	11.75	8.07	94.79	76.40	1	31.00
546.276	30.60	4.06	124.28	11.72	8.06	94.49	76.00	1	31.00
546.421	30.75	4.06	124.81	11.66	8.23	95.92	76.90	1	31.20
546.482	30.45	4.07	123.93	11.73	7.97	93.51	75.50	1	31.20
546.586	30.43	4.07	124.00	11.68	8.09	94.50	76.20	1	31.00
546.731	30.53	4.06	123.89	11.71	8.07	94.50	76.30	1	31.20
546.792	30.37	4.09	124.20	11.64	8.07	93.91	75.60	1	31.30
546.896	30.34	4.09	124.13	11.73	8.07	94.66	76.30	1	31.30
547.041	30.18	4.12	124.35	11.64	8.13	94.64	76.10	1	31.30
547.102	30.20	4.12	124.48	11.73	8.05	94.39	75.80	1	31.50
547.206	30.00	4.14	124.12	11.74	7.97	93.55	75.40	1	31.50
547.351	30.04	4.15	124.52	11.66	8.25	96.16	77.20	1	31.30
547.412	30.08	4.13	124.26	11.75	7.98	93.75	75.40	1	31.20
547.516	30.09	4.14	124.47	11.67	8.18	95.50	76.70	1	31.30
547.661	30.29	4.12	124.64	11.73	8.19	96.03	77.00	1	31.30
547.722	30.22	4.13	124.84	11.64	8.20	95.42	76.40	1	31.20
547.826	30.29	4.10	124.31	11.69	8.11	94.81	76.30	1	31.30
547.971	30.04	4.16	124.89	11.68	8.03	93.78	75.10	1	31.50
548.032	30.06	4.14	124.44	11.68	8.13	94.99	76.30	1	31.30
548.136	30.10	4.13	124.29	11.72	8.04	94.32	75.90	1	31.50
548.281	29.74	4.18	124.21	11.65	8.23	95.92	77.20	1	31.60
548.342	29.94	4.15	124.15	11.74	7.98	93.63	75.40	1	31.50
548.446	29.85	4.17	124.35	11.68	8.10	94.57	76.00	1	31.60
548.591	29.86	4.15	123.90	11.73	7.97	93.49	75.50	1	31.60
548.652	29.74	4.16	123.85	11.64	8.20	95.40	77.00	1	31.60
548.756	29.89	4.15	124.11	11.71	8.17	95.61	77.00	1	31.50
548.901	29.86	4.16	124.09	11.70	8.14	95.24	76.80	1	31.60
548.962	29.71	4.18	124.09	11.77	8.02	94.35	76.00	1	31.80
549.066	29.48	4.18	123.33	11.69	8.04	94.01	76.20	1	31.60
549.211	29.59	4.18	123.74	11.76	8.15	95.78	77.40	1	31.80
549.272	29.33	4.22	123.67	11.65	8.14	94.77	76.60	1	31.90
549.376	29.48	4.20	123.76	11.74	8.04	94.34	76.20	1	31.90
549.521	29.54	4.20	124.15	11.68	8.03	93.81	75.60	1	31.60
549.582	29.84	4.16	124.25	11.74	8.03	94.31	75.90	1	31.50
549.686	29.81	4.17	124.28	11.66	8.18	95.36	76.70	1	31.30
549.831	30.11	4.12	124.17	11.77	7.88	92.76	74.70	1	31.30
549.892	30.16	4.13	124.50	11.70	8.04	94.09	75.60	1	31.30
549.996	30.03	4.12	123.73	11.71	8.16	95.55	77.20	1	31.30
550.141	29.81	4.16	123.96	11.66	8.22	95.87	77.30	1	31.60
550.202	29.85	4.15	123.87	11.74	7.87	92.41	74.60	1	31.60
550.306	29.86	4.16	124.12	11.67	7.98	93.20	75.10	1	31.80
550.451	29.77	4.18	124.33	11.67	8.12	94.73	76.20	1	31.60
550.512	29.70	4.17	124.01	11.62	8.25	95.89	77.30	1	31.50
550.616	29.88	4.15	123.87	11.79	7.94	93.55	75.50	1	31.60
550.761	30.11	4.15	124.94	11.68	8.25	96.37	77.10	1	31.30
550.822	30.11	4.14	124.58	11.72	8.13	95.30	76.50	1	31.30
550.926	30.18	4.12	124.23	11.70	8.06	94.32	75.90	1	31.30
551.071	30.24	4.08	123.52	11.74	8.04	94.38	76.40	1	31.20
551.132	30.15	4.10	123.51	11.68	8.23	96.11	77.80	1	31.30
551.236	30.12	4.11	123.77	11.76	7.84	92.21	74.50	1	31.50
551.381	30.15	4.11	123.87	11.70	8.18	95.68	77.20	1	31.30
551.442	30.04	4.12	123.83	11.69	8.12	94.97	76.70	1	31.30
551.546	30.23	4.12	124.39	11.76	7.99	93.97	75.50	1	31.00
551.691	30.83	4.06	125.22	11.71	8.16	95.58	76.30	1	31.00
551.752	30.44	4.07	124.03	11.66	8.27	96.40	77.70	1	31.00
551.856	30.65	4.03	123.60	11.78	7.95	93.61	75.70	1	30.90
552.001	30.99	4.01	124.32	11.66	8.21	95.70	77.00	1	30.70
552.062	30.98	4.01	124.29	11.72	8.07	94.52	76.00	1	30.60
552.166	30.90	4.00	123.74	11.71	7.97	93.38	75.50	1	30.60
552.311	30.98	4.00	123.85	11.67	8.11	94.67	76.40	1	30.90
552.372	30.81	4.02	123.92	11.63	8.33	96.91	78.20	1	31.00
552.476	30.69	4.04	124.03	11.76	7.99	94.00	75.80	1	30.90
552.621	30.88	4.02	124.13	11.78	8.03	94.56	76.20	1	30.90
552.682	30.78	4.03	124.19	11.67	8.20	95.72	77.10	1	31.00
552.786	30.47	4.09	124.56	11.64	8.28	96.43	77.40	1	31.20
552.931	30.53	4.08	124.57	11.69	8.00	93.61	75.10	1	31.20
552.992	30.60	4.06	124.32	11.71	8.10	94.90	76.30	1	31.20
553.096	30.49	4.07	124.18	11.68	8.15	95.14	76.60	1	31.00
553.241	30.48	4.07	124.09	11.73	8.07	94.67	76.30	1	31.20
553.302	30.29	4.10	124.09	11.68	8.00	93.48	75.30	1	31.30
553.406	30.36	4.09	124.10	11.63	8.27	96.18	77.50	1	31.20
553.551	30.48	4.09	124.77	11.68	8.10	94.64	75.80	1	31.00
553.612	30.78	4.05	124.64	11.79	8.02	94.51	75.80	1	30.90
553.716	30.79	4.03	124.15	11.72	8.06	94.49	76.10	1	31.00
553.861	30.83	4.03	124.33	11.78	8.08	95.12	76.50	1	31.00
553.922	30.66	4.05	124.16	11.78	7.93	93.33	75.20	1	31.00
554.026	30.63	4.06	124.44	11.71	8.21	96.17	77.30	1	31.20
554.171	30.43	4.08	124.26	11.75	8.05	94.50	76.10	1	31.20
554.232	30.64	4.05	124.03	11.77	8.04	94.64	76.30	1	31.00
554.336	30.58	4.06	124.22	11.69	8.11	94.84	76.40	1	31.00
554.481	30.76	4.03	123.89	11.77	8.05	94.80	76.50	1	31.00
554.542	30.60	4.06	124.26	11.70	8.06	94.32	75.90	1	31.00
554.646	30.71	4.03	123.73	11.76	8.01	94.21	76.10	1	30.90
554.791	30.79	4.03	124.17	11.69	8.16	95.38	76.80	1	30.70
554.852	30.92	3.99	123.51	11.78	8.02	94.49	76.50	1	30.70
554.956	30.76	4.01	123.45	11.69	8.02	93.73	75.90	1	30.90
555.101	31.00	4.03	125.00	11.81	7.97	94.13	75.30	1	31.30
555.162	30.60	4.08	124.74	11.74	8.17	95.87	76.90	1	31.30
555.266	30.45	4.08	124.28	11.81	8.08	95.45	76.80	1	31.20
555.411	30.50	4.09	124.71	11.78	7.94	93.49	75.00	1	31.20
555.472	30.71	4.05	124.29	11.82	7.96	94.12	75.70	1	31.00
555.576	30.43	4.08	124.24	11.71	8.13	95.25	76.70	1	31.20
555.721	30.25	4.08	123.54	11.79	7.94	93.54	75.70	1	31.30
555.782	30.22	4.09	123.58	11.73	8.01	94.01	76.10	1	31.20
555.886	30.56	4.07	124.51	11.79	8.04	94.72	76.10	1	30.90
556.031	30.72	4.05	124.58	11.70	8.03	93.95	75.40	1	31.20
556.092	30.78	4.05	124.69	11.75	8.12	95.48	76.60	1	31.30
556.196	30.44	4.10	124.85	11.70	8.16	95.44	76.40	1	31.30
556.341	30.51	4.09	124.85	11.82	8.03	94.97	76.10	1	31.20
556.402	30.41	4.09	124.26	11.74	8.11	95.27	76.70	1	31.00
556.506	30.47	4.06	123.65	11.78	8.06	94.93	76.80	1	31.00
556.651	30.72	4.06	124.67	11.74	8.15	95.71	76.80	1	30.90
556.712	30.79	4.04	124.27	11.78	8.07	95.04	76.50	1	30.90
556.816	30.56	4.06	124.07	11.69	7.99	93.44	75.30	1	31.00
556.961	30.69	4.06	124.43	11.70	8.10	94.77	76.20	1	31.00
557.022	30.41	4.08	123.99	11.69	8.00	93.53	75.40	1	31.00
557.126	30.54	4.07	124.25	11.68	8.16	95.33	76.70	1	31.00
557.271	30.48	4.04	123.17	11.78	8.07	95.12	77.20	1	30.90
557.332	30.65	4.03	123.63	11.80	7.98	94.14	76.10	1	30.90
557.436	30.86	3.99	123.04	11.80	8.08	95.40	77.50	1	30.90
557.581	30.67	4.06	124.43	11.72	8.04	94.16	75.70	1	31.20
557.642	30.64	4.04	123.87	11.79	8.12	95.67	77.20	1	31.20
557.746	30.47	4.09	124.52	11.72	8.10	94.88	76.20	1	31.20
557.891	30.46	4.08	124.38	11.77	8.04	94.67	76.10	1	31.20
557.952	30.24	4.08	123.34	11.66	8.06	93.98	76.20	1	31.20
558.056	30.19	4.10	123.67	11.68	8.12	94.83	76.70	1	31.50
558.201	29.87	4.18	124.86	11.64	8.15	94.79	75.90	1	31.80
558.262	29.91	4.17	124.76	11.71	8.08	94.63	75.90	1	31.90
558.366	29.64	4.19	124.30	11.65	8.06	93.84	75.50	1	31.80
558.511	29.62	4.21	124.60	11.71	8.09	94.68	76.00	1	31.80
558.572	29.74	4.20	124.94	11.68	8.08	94.35	75.50	1	31.60
558.676	29.57	4.20	124.03	11.69	8.06	94.22	76.00	1	31.80
558.821	29.46	4.20	123.67	11.67	8.10	94.53	76.40	1	31.80
558.882	29.46	4.21	124.11	11.67	8.06	94.01	75.70	1	31.80
558.986	29.62	4.19	124.11	11.71	8.10	94.87	76.40	1	31.60
559.131	29.80	4.18	124.51	11.67	8.10	94.50	75.90	1	31.60
559.192	29.73	4.18	124.31	11.74	8.03	94.30	75.90	1	31.80
559.296	29.53	4.20	124.14	11.65	8.07	94.05	75.80	1	31.80
559.441	30.03	4.15	124.62	11.78	8.09	95.28	76.50	1	31.60
559.502	29.81	4.17	124.36	11.75	8.00	94.04	75.60	1	31.60
559.606	29.67	4.19	124.21	11.67	8.21	95.81	77.10	1	31.60
559.751	29.74	4.17	123.97	11.69	8.16	95.42	77.00	1	31.60
559.812	29.56	4.19	123.79	11.71	8.07	94.52	76.40	1	31.80
559.916	29.75	4.18	124.27	11.73	8.15	95.53	76.90	1	31.80
560.061	29.51	4.21	124.19	11.73	8.03	94.19	75.80	1	31.80
560.122	29.80	4.18	124.46	11.80	8.05	94.96	76.30	1	31.60
560.226	29.53	4.19	123.76	11.72	8.02	94.02	76.00	1	31.80
560.371	29.66	4.18	123.93	11.76	8.00	94.11	75.90	1	31.90
560.432	29.46	4.20	123.60	11.72	8.00	93.77	75.90	1	31.80
560.536	29.71	4.18	124.18	11.73	8.19	96.14	77.40	1	31.80
560.681	29.45	4.18	123.18	11.75	7.93	93.22	75.70	1	31.80
560.742	29.54	4.19	123.66	11.73	8.22	96.43	78.00	1	31.80
560.846	29.40	4.21	123.74	11.83	7.88	93.22	75.30	1	31.80
560.991	29.54	4.20	123.98	11.71	8.26	96.79	78.10	1	31.60
561.052	29.64	4.18	123.94	11.80	7.89	93.07	75.10	1	31.60
561.156	29.74	4.17	123.96	11.72	8.14	95.38	76.90	1	31.60
561.301	29.76	4.16	123.70	11.75	8.06	94.70	76.60	1	31.60
561.362	29.85	4.17	124.41	11.71	8.13	95.22	76.50	1	31.50
561.466	29.91	4.14	123.80	11.76	8.15	95.82	77.40	1	31.60
561.611	29.81	4.16	124.00	11.64	8.12	94.59	76.30	1	31.30
561.672	30.05	4.12	123.87	11.74	8.11	95.13	76.80	1	31.30
561.776	29.97	4.14	124.14	11.71	8.13	95.22	76.70	1	31.60
561.921	29.86	4.17	124.48	11.70	8.22	96.16	77.20	1	31.60
561.982	29.73	4.17	124.06	11.76	8.00	94.07	75.80	1	31.60
562.086	29.68	4.18	124.18	11.68	8.17	95.45	76.90	1	31.60
562.231	29.89	4.15	124.10	11.74	8.04	94.37	76.00	1	31.60
562.292	29.77	4.16	123.85	11.67	8.16	95.23	76.90	1	31.50
562.396	29.86	4.15	123.86	11.74	8.04	94.43	76.20	1	31.60
562.541	29.53	4.22	124.49	11.66	8.03	93.60	75.20	1	31.90
562.602	29.57	4.20	124.05	11.70	8.09	94.63	76.30	1	31.80
562.706	29.32	4.21	123.31	11.66	8.06	94.02	76.20	1	31.90
562.851	29.44	4.19	123.36	11.73	8.12	95.25	77.20	1	31.80
562.912	29.59	4.18	123.82	11.67	8.12	94.73	76.50	1	31.60
563.016	29.72	4.17	124.05	11.70	8.03	93.93	75.70	1	31.50
563.161	30.04	4.15	124.53	11.72	8.11	95.05	76.30	1	31.30
563.222	29.86	4.14	123.71	11.71	7.99	93.51	75.60	1	31.50
563.326	30.10	4.12	123.99	11.76	8.11	95.32	76.90	1	31.60
563.471	30.16	4.17	125.70	11.75	8.02	94.19	74.90	1	31.60
563.532	30.02	4.16	125.05	11.78	8.10	95.44	76.30	1	31.80
563.636	29.78	4.18	124.37	11.69	8.16	95.39	76.70	1	31.60
563.781	29.96	4.16	124.68	11.73	8.04	94.40	75.70	1	31.50
563.842	29.81	4.17	124.28	11.70	8.08	94.57	76.10	1	31.50
563.946	29.95	4.14	123.98	11.77	8.05	94.75	76.40	1	31.60
564.091	29.54	4.19	123.66	11.68	8.13	94.92	76.80	1	31.80
564.152	29.73	4.16	123.66	11.76	8.08	94.97	76.80	1	31.60
564.256	29.79	4.16	123.77	11.72	8.03	94.13	76.10	1	31.50
564.401	29.80	4.16	124.01	11.76	8.09	95.19	76.80	1	31.80
564.462	29.77	4.17	124.01	11.76	7.92	93.18	75.10	1	31.60
564.566	29.84	4.17	124.51	11.65	8.19	95.43	76.60	1	31.30
564.711	30.21	4.12	124.52	11.74	8.02	94.12	75.60	1	31.30
564.772	29.99	4.13	123.92	11.67	8.23	96.03	77.50	1	31.30
564.876	30.36	4.09	124.27	11.79	7.98	94.09	75.70	1	31.30
565.021	30.31	4.10	124.32	11.68	8.25	96.31	77.50	1	31.20
565.082	30.28	4.09	123.73	11.80	7.95	93.73	75.80	1	31.30
565.186	30.37	4.09	124.32	11.76	8.00	94.12	75.70	1	31.00
565.331	30.53	4.04	123.25	11.79	7.94	93.57	75.90	1	31.00
565.392	30.58	4.03	123.30	11.74	7.97	93.63	75.90	1	30.90
565.496	30.85	4.00	123.40	11.77	7.98	93.88	76.10	1	30.70
565.641	30.92	4.01	123.97	11.73	7.99	93.74	75.60	1	30.70
565.702	31.05	3.99	123.89	11.71	7.98	93.41	75.40	1	30.90
565.806	30.78	4.03	123.95	11.64	8.12	94.55	76.30	1	30.90
565.951	30.57	4.06	124.02	11.76	8.01	94.13	75.90	1	31.00
566.012	30.49	4.07	124.24	11.67	8.17	95.39	76.80	1	31.00
566.116	30.57	4.04	123.64	11.74	8.03	94.26	76.20	1	31.00
566.261	30.64	4.08	125.02	11.68	8.11	94.81	75.80	1	31.00
566.322	30.56	4.05	123.82	11.72	8.02	93.96	75.90	1	31.20
566.426	30.54	4.08	124.68	11.71	7.96	93.28	74.80	1	31.00
566.571	30.59	4.04	123.51	11.75	8.09	95.06	77.00	1	31.00
566.632	30.62	4.04	123.68	11.72	7.98	93.57	75.70	1	30.90
566.736	30.74	4.04	124.03	11.68	8.22	96.04	77.40	1	30.70
566.881	30.65	4.01	122.82	11.73	7.92	92.99	75.70	1	30.70
566.942	30.88	3.98	123.00	11.67	8.21	95.83	77.90	1	30.90
567.046	30.60	4.02	122.98	11.73	8.00	93.88	76.30	1	31.00
567.191	30.71	4.01	123.24	11.80	8.00	94.43	76.60	1	31.00
567.252	30.63	4.04	123.83	11.71	8.13	95.25	76.90	1	31.20
567.356	30.16	4.10	123.67	11.69	8.01	93.67	75.70	1	31.20
567.501	30.55	4.08	124.51	11.73	8.05	94.41	75.80	1	31.00
567.562	30.47	4.08	124.36	11.71	8.23	96.32	77.40	1	31.00
567.666	30.52	4.05	123.66	11.76	7.98	93.90	75.90	1	31.00
567.811	30.48	4.07	124.00	11.71	8.19	95.84	77.30	1	31.20
567.872	30.42	4.08	124.18	11.79	7.92	93.35	75.20	1	31.30
567.976	30.31	4.11	124.42	11.75	7.98	93.74	75.30	1	31.50
568.121	30.00	4.13	124.04	11.74	8.02	94.11	75.90	1	31.30
568.182	30.07	4.12	123.96	11.76	7.99	93.90	75.70	1	31.30
568.286	30.19	4.10	123.79	11.77	8.14	95.78	77.40	1	31.30
568.431	30.42	4.09	124.50	11.78	7.97	93.95	75.50	1	31.00
568.492	30.80	4.05	124.74	11.80	7.99	94.23	75.50	1	30.90
568.596	30.83	4.04	124.46	11.70	8.18	95.73	76.90	1	30.90
568.741	30.72	4.03	123.82	11.76	7.96	93.67	75.60	1	31.00
568.802	30.74	4.03	123.95	11.73	8.07	94.60	76.30	1	30.90
568.906	30.98	4.00	123.88	11.74	8.12	95.36	77.00	1	30.70
569.051	30.88	4.02	124.06	11.68	8.14	95.13	76.70	1	30.70
569.112	31.10	3.99	123.96	11.76	8.00	94.00	75.80	1	30.70
569.216	30.91	4.01	123.84	11.66	8.14	94.96	76.70	1	30.70
569.361	31.04	4.00	124.05	11.77	7.90	93.01	75.00	1	30.70
569.422	30.97	4.00	123.81	11.72	8.02	93.98	75.90	1	30.90
569.526	30.98	3.98	123.31	11.74	8.09	94.98	77.00	1	30.70
569.671	31.04	4.00	124.17	11.69	8.09	94.53	76.10	1	30.60
569.732	31.14	3.95	123.13	11.75	7.93	93.25	75.70	1	30.70
569.836	31.08	3.97	123.50	11.70	8.11	94.83	76.80	1	30.60
569.981	31.11	3.94	122.65	11.70	8.05	94.15	76.80	1	30.60
570.042	31.11	3.96	123.22	11.73	7.94	93.18	75.60	1	30.60
570.146	31.20	3.95	123.27	11.77	7.97	93.81	76.10	1	30.70
570.291	30.83	4.05	124.94	11.69	8.26	96.58	77.30	1	31.20
570.352	30.79	4.06	124.93	11.78	7.98	93.98	75.20	1	31.20
570.456	30.46	4.10	124.72	11.71	8.13	95.24	76.40	1	31.20
570.601	30.48	4.09	124.76	11.74	8.03	94.26	75.60	1	31.00
570.662	30.59	4.07	124.51	11.75	8.03	94.28	75.70	1	31.00
570.766	30.62	4.04	123.61	11.77	8.13	95.64	77.40	1	31.00
570.911	30.19	4.12	124.27	11.68	8.00	93.42	75.20	1	31.30
570.972	30.25	4.11	124.48	11.72	8.05	94.37	75.80	1	31.50
571.076	29.87	4.17	124.45	11.66	8.18	95.40	76.70	1	31.60
571.221	29.95	4.16	124.44	11.72	8.10	95.02	76.40	1	31.60
571.282	29.81	4.17	124.16	11.69	8.17	95.51	76.90	1	31.80
571.386	29.76	4.17	123.97	11.79	8.09	95.36	76.90	1	31.60
571.531	30.04	4.13	124.13	11.69	8.13	95.06	76.60	1	31.30
571.592	30.11	4.11	123.88	11.73	8.14	95.48	77.10	1	31.30
571.696	30.15	4.12	124.30	11.72	8.14	95.32	76.70	1	31.60
571.841	30.00	4.14	124.12	11.81	8.09	95.53	77.00	1	31.60
571.902	29.72	4.16	123.75	11.74	7.95	93.32	75.40	1	31.50
572.006	29.99	4.14	124.18	11.66	8.23	95.91	77.20	1	31.30
572.151	29.80	4.16	123.91	11.70	8.06	94.29	76.10	1	31.60
572.212	29.92	4.16	124.39	11.76	8.01	94.22	75.70	1	31.80
572.316	29.65	4.19	124.20	11.72	8.10	94.93	76.40	1	31.80
572.461	29.76	4.19	124.74	11.71	8.07	94.57	75.80	1	31.80
572.522	29.70	4.18	124.30	11.66	8.13	94.85	76.30	1	31.80
572.626	29.53	4.19	123.86	11.66	8.19	95.47	77.10	1	31.60
572.771	29.51	4.19	123.74	11.69	7.98	93.31	75.40	1	31.60
572.832	29.75	4.17	124.05	11.65	8.19	95.42	76.90	1	31.50
572.936	29.91	4.14	123.86	11.73	8.04	94.29	76.10	1	31.30
573.081	30.00	4.14	124.15	11.80	8.04	94.93	76.50	1	31.50
573.142	29.92	4.15	124.11	11.75	8.08	94.98	76.50	1	31.60
573.246	29.69	4.18	124.05	11.73	8.13	95.33	76.90	1	31.80
573.391	29.64	4.17	123.70	11.69	7.94	92.88	75.10	1	31.50
573.452	29.75	4.15	123.50	11.65	8.22	95.75	77.50	1	31.60
573.556	29.51	4.19	123.57	11.68	8.17	95.45	77.20	1	31.80
573.701	29.86	4.17	124.49	11.70	8.11	94.89	76.20	1	31.50
573.762	29.91	4.14	123.85	11.69	7.97	93.16	75.20	1	31.30
573.866	30.04	4.13	124.12	11.63	8.21	95.52	77.00	1	31.50
574.011	29.75	4.13	122.74	11.65	8.07	93.95	76.50	1	31.50
574.072	30.06	4.12	123.82	11.74	8.07	94.69	76.50	1	31.60
574.176	29.99	4.14	124.13	11.73	8.05	94.43	76.10	1	31.60
574.321	29.73	4.16	123.75	11.69	8.12	94.96	76.70	1	31.60
574.382	29.58	4.18	123.63	11.68	8.10	94.62	76.50	1	31.60
574.486	29.90	4.16	124.38	11.78	8.02	94.49	76.00	1	31.60
574.631	29.61	4.18	123.89	11.68	8.17	95.44	77.00	1	31.80
574.692	29.74	4.16	123.77	11.73	8.08	94.76	76.60	1	31.80
574.796	29.51	4.18	123.36	11.68	8.05	94.02	76.20	1	31.60
574.941	29.62	4.19	124.00	11.69	8.06	94.29	76.00	1	31.90
575.002	29.29	4.22	123.58	11.61	8.11	94.20	76.20	1	32.10
575.106	29.21	4.21	123.11	11.70	8.03	93.97	76.30	1	31.90
575.251	29.12	4.27	124.23	11.62	8.14	94.57	76.10	1	32.20
575.312	28.88	4.27	123.23	11.69	8.07	94.28	76.50	1	32.40
575.416	28.75	4.28	123.00	11.61	8.13	94.48	76.80	1	32.10
575.561	29.21	4.24	123.81	11.73	7.80	91.50	73.90	1	32.10
575.622	29.08	4.24	123.36	11.65	7.98	92.96	75.40	1	32.20
575.726	29.10	4.23	123.14	11.70	7.99	93.54	76.00	1	32.10
575.871	29.34	4.21	123.63	11.63	8.24	95.90	77.60	1	31.80
575.932	29.32	4.21	123.53	11.66	8.15	95.02	76.90	1	31.80
576.036	29.38	4.21	123.82	11.64	8.09	94.15	76.00	1	31.80
576.181	29.46	4.21	123.92	11.73	7.89	92.57	74.70	1	32.10
576.242	29.35	4.22	123.80	11.73	8.12	95.26	76.90	1	31.90
576.346	29.38	4.23	124.18	11.70	8.13	95.10	76.60	1	31.80
576.491	29.86	4.18	124.77	11.76	8.08	95.00	76.10	1	31.60
576.552	29.72	4.19	124.64	11.72	7.97	93.41	74.90	1	31.50
576.656	29.92	4.16	124.38	11.65	8.31	96.75	77.80	1	31.60
576.801	29.96	4.15	124.42	11.69	8.09	94.65	76.10	1	31.50
576.862	30.20	4.12	124.35	11.79	8.08	95.25	76.60	1	31.50
576.966	30.10	4.13	124.44	11.72	8.12	95.21	76.50	1	31.50
577.111	30.31	4.12	124.75	11.73	8.15	95.51	76.60	1	31.30
577.172	30.23	4.12	124.50	11.70	8.05	94.16	75.60	1	31.20
577.276	30.21	4.11	124.05	11.68	8.15	95.25	76.80	1	31.30
577.421	29.97	4.14	124.21	11.71	8.05	94.35	76.00	1	31.50
577.482	30.18	4.12	124.37	11.78	8.03	94.56	76.00	1	31.30
577.586	29.96	4.12	123.40	11.74	8.09	94.90	76.90	1	31.50
577.731	29.90	4.15	124.12	11.77	8.04	94.56	76.20	1	31.80
577.792	29.71	4.18	124.07	11.73	7.91	92.77	74.80	1	31.90
577.896	29.42	4.19	123.28	11.68	8.23	96.08	77.90	1	31.80
578.041	29.17	4.22	123.23	11.63	8.04	93.59	75.90	1	32.10
578.102	29.31	4.21	123.39	11.71	8.06	94.33	76.50	1	31.90
578.206	29.49	4.20	123.82	11.73	7.95	93.30	75.30	1	31.60
578.351	29.60	4.19	124.11	11.74	8.03	94.33	76.00	1	31.90
578.412	29.37	4.20	123.48	11.65	8.05	93.80	76.00	1	31.90
578.516	29.38	4.20	123.45	11.77	8.03	94.54	76.60	1	32.10
578.661	29.20	4.23	123.51	11.65	8.13	94.75	76.70	1	32.10
578.722	29.19	4.23	123.60	11.73	7.99	93.78	75.90	1	32.20
578.826	28.80	4.26	122.64	11.63	8.00	93.01	75.80	1	32.20
578.971	29.14	4.21	122.58	11.73	7.94	93.14	76.00	1	32.10
579.032	29.12	4.22	122.77	11.71	7.94	92.95	75.70	1	32.10
579.136	29.42	4.19	123.21	11.73	8.13	95.33	77.40	1	31.80
579.281	29.73	4.17	124.00	11.72	8.26	96.86	78.10	1	31.50
579.342	29.82	4.17	124.36	11.70	8.19	95.77	77.00	1	31.30
579.446	29.79	4.16	123.85	11.74	7.99	93.79	75.70	1	31.50
579.591	29.99	4.14	124.14	11.69	8.04	93.99	75.70	1	31.50
579.652	29.94	4.14	124.06	11.67	8.21	95.77	77.20	1	31.50
579.756	29.92	4.13	123.59	11.79	7.98	94.10	76.10	1	31.30
579.901	30.33	4.09	124.17	11.72	8.19	96.00	77.30	1	31.20
579.962	30.47	4.10	124.85	11.75	8.09	95.10	76.20	1	31.00
580.066	30.36	4.08	124.03	11.73	7.96	93.39	75.30	1	31.20
580.211	30.64	4.08	124.87	11.72	8.11	95.08	76.10	1	31.20
580.272	30.29	4.11	124.39	11.70	8.18	95.64	76.90	1	31.30
580.376	30.48	4.06	123.66	11.80	8.00	94.36	76.30	1	31.30
580.521	30.26	4.14	125.17	11.70	8.28	96.85	77.40	1	31.60
580.582	30.14	4.14	124.75	11.81	7.89	93.17	74.70	1	31.50
580.686	30.12	4.13	124.28	11.76	8.03	94.48	76.00	1	31.60
580.831	30.01	4.14	124.15	11.80	8.00	94.37	76.00	1	31.50
580.892	30.04	4.13	124.19	11.77	8.00	94.12	75.80	1	31.50
580.996	30.19	4.13	124.65	11.80	8.07	95.25	76.40	1	31.50
581.141	30.02	4.13	124.09	11.76	7.97	93.81	75.60	1	31.30
581.202	30.42	4.09	124.38	11.85	7.98	94.59	76.00	1	31.30
581.306	30.45	4.09	124.41	11.74	8.11	95.27	76.60	1	31.20
581.451	30.61	4.06	124.26	11.83	7.90	93.45	75.20	1	31.30
581.512	30.40	4.09	124.24	11.78	8.04	94.73	76.30	1	31.50
581.616	30.38	4.09	124.31	11.85	8.00	94.77	76.20	1	31.30
581.761	30.42	4.10	124.62	11.78	7.96	93.69	75.20	1	31.30
581.822	30.33	4.09	124.09	11.84	7.93	93.97	75.70	1	31.50
581.926	30.19	4.11	123.97	11.76	8.09	95.19	76.80	1	31.30
582.071	30.27	4.10	124.06	11.84	7.88	93.30	75.20	1	31.30
582.132	30.28	4.10	124.14	11.78	7.89	93.03	74.90	1	31.50
582.236	30.36	4.08	123.72	11.82	8.08	95.44	77.10	1	31.30
582.381	30.29	4.10	124.11	11.75	8.24	96.81	78.00	1	31.20
582.442	30.48	4.06	123.85	11.85	7.91	93.65	75.60	1	31.20
582.546	30.33	4.08	123.80	11.79	7.94	93.63	75.60	1	31.30
582.691	30.39	4.07	123.85	11.79	7.97	93.97	75.90	1	31.30
582.752	30.45	4.07	123.81	11.73	8.25	96.79	78.20	1	31.50
582.856	30.00	4.13	124.03	11.74	8.15	95.75	77.20	1	31.60
583.001	29.90	4.12	123.10	11.82	8.03	94.90	77.10	1	31.60
583.062	29.79	4.13	123.01	11.77	8.09	95.21	77.40	1	31.50
583.166	29.93	4.10	122.84	11.86	7.95	94.24	76.70	1	31.50
583.311	29.83	4.16	124.11	11.73	8.15	95.66	77.10	1	31.90
583.372	29.74	4.18	124.21	11.83	8.01	94.74	76.30	1	31.90
583.476	29.39	4.20	123.57	11.69	8.14	95.12	77.00	1	31.90
583.621	29.52	4.17	123.21	11.82	7.79	92.01	74.70	1	31.80
583.682	29.48	4.18	123.30	11.80	7.85	92.70	75.20	1	31.90
583.786	29.74	4.15	123.41	11.81	7.90	93.28	75.60	1	31.90
583.931	29.66	4.17	123.73	11.82	7.90	93.40	75.50	1	31.80
583.992	29.71	4.16	123.62	11.80	7.87	92.87	75.10	1	31.60
584.096	29.95	4.14	123.89	11.78	8.19	96.43	77.80	1	31.60
584.241	29.68	4.15	123.19	11.79	8.11	95.64	77.60	1	31.60
584.302	29.71	4.15	123.43	11.84	8.08	95.64	77.50	1	31.60
584.406	29.75	4.17	124.01	11.72	8.10	94.88	76.50	1	31.60
584.551	29.94	4.15	124.38	11.79	7.92	93.35	75.10	1	31.60
584.612	30.00	4.14	124.29	11.79	7.91	93.29	75.10	1	31.50
584.716	29.99	4.15	124.52	11.77	8.15	95.94	77.00	1	31.80
584.861	29.57	4.21	124.38	11.65	8.24	95.97	77.20	1	31.80
584.922	29.68	4.18	124.16	11.75	7.92	93.06	75.00	1	31.80
585.026	29.73	4.18	124.18	11.75	7.92	93.04	74.90	1	31.60
585.171	29.92	4.15	124.01	11.76	7.98	93.89	75.70	1	31.60
585.232	29.91	4.15	124.04	11.71	8.21	96.10	77.50	1	31.80
585.336	29.69	4.17	123.81	11.74	8.10	95.15	76.80	1	31.80
585.481	29.83	4.14	123.50	11.79	8.02	94.57	76.60	1	31.80
585.542	29.70	4.16	123.66	11.78	7.87	92.75	75.00	1	31.80
585.646	29.69	4.16	123.60	11.77	8.08	95.18	77.00	1	31.80
585.791	29.62	4.19	124.00	11.70	8.12	94.92	76.50	1	31.80
585.852	29.77	4.15	123.70	11.79	8.06	95.02	76.80	1	31.60
585.956	29.70	4.16	123.68	11.75	7.96	93.53	75.60	1	31.60
586.101	29.98	4.14	124.21	11.80	7.90	93.17	75.00	1	31.60
586.162	29.96	4.13	123.81	11.76	8.01	94.18	76.10	1	31.50
586.266	29.87	4.14	123.69	11.81	8.10	95.67	77.30	1	31.50
586.411	30.09	4.13	124.28	11.72	8.07	94.60	76.10	1	31.20
586.472	30.42	4.09	124.35	11.83	7.82	92.55	74.40	1	31.20
586.576	30.45	4.07	123.86	11.81	7.86	92.81	74.90	1	31.30
586.721	30.35	4.10	124.31	11.74	8.05	94.48	76.00	1	31.30
586.782	30.22	4.09	123.73	11.70	8.24	96.45	78.00	1	31.30
586.886	29.97	4.13	123.69	11.74	8.17	95.83	77.50	1	31.50
587.031	30.12	4.12	123.97	11.80	8.04	94.85	76.50	1	31.50
587.092	29.99	4.12	123.61	11.79	7.89	93.02	75.30	1	31.50
587.196	30.14	4.10	123.57	11.80	8.14	96.07	77.70	1	31.50
587.341	29.75	4.17	123.95	11.72	8.16	95.68	77.20	1	31.80
587.402	29.91	4.14	123.72	11.79	8.02	94.54	76.40	1	31.60
587.506	29.77	4.15	123.69	11.73	7.99	93.74	75.80	1	31.60
587.651	30.01	4.13	124.05	11.86	8.00	94.82	76.40	1	31.50
587.712	29.94	4.14	123.92	11.74	8.21	96.42	77.80	1	31.50
587.816	30.13	4.11	123.88	11.85	8.01	94.94	76.60	1	31.50
587.961	30.11	4.15	124.96	11.79	7.91	93.30	74.70	1	31.60
588.022	30.05	4.14	124.28	11.84	7.85	92.91	74.80	1	31.80
588.126	29.87	4.16	124.12	11.76	7.91	93.05	75.00	1	31.60
588.271	30.13	4.14	124.64	11.73	8.08	94.76	76.00	1	31.60
588.332	30.05	4.14	124.56	11.73	8.21	96.33	77.30	1	31.50
588.436	30.03	4.14	124.30	11.78	8.09	95.29	76.70	1	31.50
588.581	29.94	4.12	123.38	11.83	8.04	95.04	77.00	1	31.50
588.642	29.91	4.13	123.54	11.79	7.89	93.05	75.30	1	31.50
588.746	30.08	4.12	123.83	11.82	8.03	94.95	76.70	1	31.60
588.891	29.67	4.17	123.87	11.72	8.12	95.26	76.90	1	31.60
588.952	29.96	4.15	124.20	11.80	8.08	95.35	76.80	1	31.50
589.056	30.00	4.12	123.59	11.74	8.00	93.99	76.10	1	31.50
589.201	30.40	4.08	123.94	11.90	7.84	93.29	75.30	1	31.20
589.262	30.36	4.07	123.73	11.79	8.01	94.44	76.30	1	31.20
589.366	30.52	4.06	123.95	11.80	8.05	94.97	76.60	1	31.20
589.511	30.29	4.09	123.86	11.69	8.13	95.08	76.80	1	31.20
589.572	30.45	4.06	123.55	11.81	7.79	91.99	74.50	1	31.00
589.676	30.57	4.04	123.53	11.75	7.98	93.76	75.90	1	31.00
589.821	30.68	4.04	123.99	11.70	8.06	94.32	76.10	1	30.90
589.882	30.81	4.02	123.86	11.68	8.21	95.89	77.40	1	30.90
589.986	30.79	4.02	123.92	11.71	8.16	95.52	77.10	1	30.70
590.131	31.12	4.00	124.63	11.78	8.03	94.59	75.90	1	31.00
590.192	30.76	4.04	124.40	11.72	8.06	94.43	75.90	1	31.20
590.296	30.69	4.04	124.02	11.76	8.11	95.42	76.90	1	31.00
590.441	30.52	4.06	123.87	11.66	8.19	95.58	77.20	1	31.00
590.502	30.67	4.02	123.32	11.77	8.02	94.38	76.50	1	31.00
590.606	30.50	4.05	123.58	11.76	7.92	93.08	75.30	1	31.20
590.751	30.50	4.08	124.44	11.81	8.03	94.85	76.20	1	31.30
590.812	30.26	4.10	124.16	11.71	8.05	94.30	75.90	1	31.50
590.916	30.26	4.09	123.70	11.82	7.98	94.27	76.20	1	31.30
591.061	29.87	4.14	123.65	11.73	8.11	95.04	76.90	1	31.60
591.122	30.07	4.11	123.49	11.82	8.02	94.87	76.80	1	31.50
591.226	29.92	4.14	123.76	11.79	7.96	93.81	75.80	1	31.80
591.371	29.60	4.17	123.58	11.75	8.06	94.73	76.70	1	31.80
591.432	29.54	4.18	123.58	11.71	8.06	94.40	76.40	1	31.80
591.536	29.83	4.15	123.93	11.82	7.95	93.98	75.80	1	31.60
591.681	29.66	4.18	124.05	11.72	8.13	95.27	76.80	1	31.80
591.742	29.69	4.17	123.72	11.77	7.98	94.00	76.00	1	31.90
591.846	29.50	4.18	123.40	11.73	7.96	93.44	75.70	1	31.80
591.991	29.65	4.17	123.56	11.76	8.01	94.24	76.30	1	31.80
592.052	29.53	4.18	123.50	11.65	8.10	94.34	76.40	1	31.80
592.156	29.65	4.16	123.41	11.77	8.00	94.24	76.40	1	31.80
592.301	29.93	4.18	125.01	11.67	8.11	94.65	75.70	1	31.50
592.362	30.20	4.12	124.46	11.76	8.03	94.50	75.90	1	31.30
592.466	30.08	4.13	124.11	11.76	7.99	93.90	75.70	1	31.50
592.611	30.38	4.11	124.85	11.77	8.07	95.02	76.10	1	31.30
592.672	30.33	4.10	124.37	11.72	8.08	94.62	76.10	1	31.20
592.776	30.48	4.08	124.47	11.76	8.15	95.79	77.00	1	31.30
592.921	30.34	4.09	124.21	11.75	8.05	94.63	76.20	1	31.20
592.982	30.53	4.07	124.22	11.84	7.96	94.30	75.90	1	31.20
593.086	30.47	4.07	124.05	11.75	8.05	94.54	76.20	1	31.00
593.231	30.57	4.03	123.35	11.80	8.05	95.04	77.00	1	31.00
593.292	30.38	4.06	123.31	11.75	7.94	93.32	75.70	1	31.00
593.396	30.57	4.05	123.77	11.69	8.25	96.37	77.90	1	30.90
593.541	30.77	4.03	123.94	11.69	8.03	93.91	75.80	1	30.90
593.602	30.83	3.99	123.01	11.77	8.01	94.20	76.60	1	30.70
593.706	30.86	3.99	123.26	11.71	7.95	93.02	75.50	1	30.90
593.851	30.72	4.04	124.04	11.68	8.21	95.85	77.30	1	31.20
593.912	30.42	4.08	124.05	11.67	8.18	95.52	77.00	1	31.30
594.016	30.31	4.09	123.90	11.77	8.02	94.38	76.20	1	31.20
594.161	30.46	4.07	123.87	11.73	8.00	93.75	75.70	1	31.20
594.222	30.59	4.05	123.96	11.80	7.89	93.12	75.10	1	31.20
594.326	30.45	4.06	123.56	11.71	8.01	93.83	75.90	1	31.00
594.471	30.73	4.05	124.34	11.73	8.07	94.68	76.10	1	30.90
594.532	30.86	4.03	124.24	11.67	8.32	97.03	78.10	1	31.00
594.636	30.46	4.07	124.12	11.70	8.14	95.26	76.80	1	31.20
594.781	30.42	4.07	123.71	11.76	8.06	94.80	76.60	1	31.20
594.842	30.35	4.08	123.82	11.69	8.08	94.43	76.30	1	31.00
594.946	30.54	4.03	123.21	11.73	8.11	95.14	77.20	1	31.20
595.091	30.12	4.12	124.00	11.64	8.29	96.47	77.80	1	31.50
595.152	30.09	4.13	124.12	11.72	8.04	94.19	75.90	1	31.30
595.256	30.09	4.13	124.17	11.64	8.10	94.26	75.90	1	31.20
595.401	30.66	4.07	124.90	11.71	8.19	95.89	76.80	1	31.20
595.462	30.43	4.10	124.73	11.67	8.19	95.50	76.60	1	31.30
595.566	30.30	4.10	124.19	11.73	8.06	94.58	76.20	1	31.20
595.711	30.25	4.13	124.99	11.64	8.24	95.91	76.70	1	31.50
595.772	30.19	4.13	124.57	11.77	8.04	94.65	76.00	1	31.50
595.876	30.04	4.13	124.13	11.66	8.17	95.31	76.80	1	31.30
596.021	30.29	4.11	124.50	11.74	8.07	94.83	76.20	1	31.20
596.082	30.28	4.10	124.25	11.68	8.17	95.37	76.80	1	31.00
596.186	30.46	4.07	123.90	11.75	8.10	95.12	76.80	1	31.20
596.331	30.41	4.09	124.30	11.66	8.13	94.78	76.30	1	31.30
596.392	30.38	4.09	124.15	11.73	8.04	94.31	76.00	1	31.30
596.496	30.23	4.10	123.96	11.71	8.04	94.16	76.00	1	31.20
596.641	30.30	4.10	124.14	11.74	8.07	94.77	76.30	1	31.20
596.702	30.13	4.11	123.88	11.64	8.16	95.04	76.70	1	31.20
596.806	30.20	4.09	123.47	11.70	8.16	95.41	77.30	1	31.30
596.951	30.24	4.09	123.83	11.70	8.09	94.71	76.50	1	31.20
597.012	30.53	4.06	123.97	11.78	8.08	95.19	76.80	1	31.00
597.116	30.45	4.09	124.41	11.68	8.12	94.91	76.30	1	30.90
597.261	30.94	4.01	124.15	11.73	8.09	94.97	76.50	1	30.90
597.322	30.73	4.04	124.23	11.68	8.15	95.19	76.60	1	30.90
597.426	30.80	4.03	124.01	11.71	8.04	94.08	75.90	1	30.70
597.571	30.90	4.01	123.94	11.69	8.06	94.22	76.00	1	30.70
597.632	30.95	4.00	123.86	11.67	8.00	93.36	75.40	1	30.60
597.736	31.12	3.96	123.28	11.73	8.00	93.85	76.10	1	30.60
597.881	31.21	3.97	124.04	11.60	8.24	95.58	77.10	1	30.40
597.942	31.28	3.94	123.20	11.72	7.89	92.45	75.00	1	30.60
598.046	31.28	3.93	123.09	11.69	8.01	93.58	76.00	1	30.60
598.191	30.94	4.01	124.00	11.65	8.12	94.67	76.30	1	30.90
598.252	30.78	4.02	123.86	11.64	8.15	94.84	76.60	1	30.90
598.356	30.95	4.01	123.96	11.72	7.99	93.63	75.50	1	30.90
598.501	30.89	4.02	124.25	11.69	8.21	96.01	77.30	1	31.00
598.562	30.63	4.06	124.28	11.67	8.15	95.19	76.60	1	31.00
598.666	30.51	4.06	123.83	11.66	8.08	94.15	76.00	1	31.00
598.811	30.67	4.04	123.87	11.69	8.12	94.92	76.60	1	30.70
598.872	30.65	4.03	123.65	11.71	8.09	94.76	76.60	1	30.70
598.976	30.87	3.99	123.31	11.72	8.10	94.89	76.90	1	30.70
599.121	30.48	4.06	123.89	11.67	8.03	93.78	75.70	1	31.00
599.182	30.84	4.03	124.22	11.74	8.08	94.87	76.40	1	30.90
599.286	30.85	4.02	124.01	11.69	8.19	95.73	77.20	1	30.90
599.431	30.86	3.99	123.00	11.71	8.02	93.93	76.40	1	30.90
599.492	30.67	4.02	123.34	11.63	8.22	95.59	77.50	1	31.00
599.596	30.54	4.04	123.38	11.74	8.17	95.92	77.70	1	31.20
599.741	30.23	4.09	123.70	11.69	8.11	94.82	76.70	1	31.20
599.802	30.39	4.07	123.58	11.74	8.04	94.43	76.40	1	31.20
599.906	30.36	4.07	123.59	11.71	8.03	94.08	76.10	1	31.00
600.051	30.27	4.07	123.14	11.72	8.05	94.40	76.70	1	31.00
600.112	30.40	4.06	123.49	11.68	8.05	94.11	76.20	1	30.90
600.216	30.55	4.05	123.87	11.70	8.07	94.37	76.20	1	30.90
600.361	30.73	4.03	123.70	11.66	8.11	94.59	76.50	1	30.90
600.422	30.61	4.05	123.97	11.68	8.12	94.90	76.60	1	31.00
600.526	30.63	4.04	123.79	11.72	8.12	95.22	76.90	1	31.00
600.671	30.47	4.08	124.22	11.68	8.08	94.42	76.00	1	31.20
600.732	30.49	4.07	124.04	11.72	8.18	95.85	77.30	1	31.20
600.836	30.36	4.09	124.06	11.67	8.18	95.44	76.90	1	31.20
600.981	30.57	4.06	124.08	11.76	8.00	94.14	75.90	1	30.90
601.042	30.62	4.05	123.98	11.68	8.13	94.95	76.60	1	30.70
601.146	30.76	4.00	123.12	11.73	8.09	94.85	77.00	1	30.90
601.291	30.99	3.99	123.67	11.65	8.08	94.10	76.10	1	30.60
601.352	31.06	3.97	123.45	11.71	8.01	93.82	76.00	1	30.70
601.456	31.00	3.99	123.58	11.67	8.06	94.02	76.10	1	30.40
601.601	31.21	3.94	122.96	11.72	7.98	93.56	76.10	1	30.40
601.662	31.18	3.94	122.87	11.62	8.15	94.74	77.10	1	30.40
601.766	31.21	3.96	123.49	11.62	8.24	95.76	77.50	1	30.30
601.911	31.55	3.91	123.41	11.63	8.02	93.22	75.50	1	30.30
601.972	31.56	3.90	122.99	11.64	8.16	94.94	77.20	1	30.40
602.076	31.30	3.94	123.36	11.62	8.13	94.49	76.60	1	30.60
602.221	31.36	3.92	122.97	11.71	8.01	93.78	76.30	1	30.30
602.282	31.41	3.92	123.17	11.62	8.16	94.83	77.00	1	30.30
602.386	31.35	3.93	123.14	11.59	8.21	95.08	77.20	1	30.10
602.531	31.54	3.89	122.52	11.61	8.00	92.89	75.80	1	30.10
602.592	31.66	3.85	122.03	11.68	8.00	93.41	76.60	1	30.10
602.696	31.48	3.88	122.28	11.57	8.16	94.39	77.20	1	30.30
602.841	31.25	3.93	122.83	11.62	8.00	93.01	75.70	1	30.70
602.902	31.05	3.98	123.43	11.63	8.06	93.67	75.90	1	30.70
603.006	30.90	3.98	122.88	11.71	8.02	93.94	76.40	1	30.70
603.151	30.62	4.04	123.80	11.63	8.19	95.28	77.00	1	31.00
603.212	30.69	4.03	123.78	11.75	8.05	94.60	76.40	1	31.20
603.316	30.35	4.08	123.88	11.74	7.97	93.50	75.50	1	31.30
603.461	30.65	4.06	124.35	11.71	8.04	94.10	75.70	1	31.00
603.522	30.48	4.07	124.11	11.64	8.10	94.37	76.00	1	31.00
603.626	30.52	4.05	123.54	11.71	8.14	95.32	77.20	1	31.00
603.771	30.61	4.05	123.89	11.68	8.07	94.27	76.10	1	30.90
603.832	30.80	4.01	123.58	11.73	8.00	93.86	75.90	1	31.00
603.936	30.56	4.05	123.82	11.69	8.13	95.05	76.80	1	31.20
604.081	30.56	4.05	123.78	11.75	8.03	94.31	76.20	1	31.00
604.142	30.56	4.05	123.84	11.73	7.99	93.73	75.70	1	31.00
604.246	30.33	4.07	123.34	11.66	8.23	95.95	77.80	1	31.20
604.391	30.55	4.05	123.88	11.70	7.97	93.25	75.30	1	30.90
604.452	30.74	4.03	123.84	11.66	8.24	96.07	77.60	1	30.70
604.556	30.84	4.01	123.65	11.75	7.89	92.68	74.90	1	30.70
604.701	30.88	4.00	123.64	11.66	8.24	96.07	77.70	1	30.90
604.762	30.75	4.03	123.96	11.69	8.08	94.54	76.30	1	31.00
604.866	30.54	4.05	123.64	11.72	8.00	93.78	75.80	1	31.20
605.011	30.58	4.04	123.68	11.72	7.97	93.44	75.50	1	31.00
605.072	30.55	4.04	123.47	11.71	8.04	94.20	76.30	1	31.00
605.176	30.68	4.02	123.40	11.71	8.08	94.56	76.60	1	30.90
605.321	30.67	4.04	123.95	11.66	8.16	95.21	76.80	1	30.90
605.382	30.79	4.02	123.73	11.72	8.05	94.32	76.20	1	30.70
605.486	30.78	4.03	124.00	11.69	8.07	94.32	76.10	1	30.90
605.631	30.70	4.00	122.82	11.71	8.03	94.05	76.60	1	30.70
605.692	30.55	4.02	122.80	11.67	8.15	95.09	77.40	1	30.90
605.796	30.65	4.02	123.23	11.67	8.13	94.87	77.00	1	31.00
605.941	30.62	4.06	124.28	11.76	7.96	93.54	75.30	1	31.20
606.002	30.55	4.08	124.52	11.69	8.18	95.63	76.80	1	31.30
606.106	30.47	4.08	124.47	11.71	8.12	95.09	76.40	1	31.20
606.251	30.40	4.09	124.44	11.66	8.15	95.03	76.40	1	31.20
606.312	30.26	4.10	124.10	11.73	8.11	95.08	76.60	1	31.30
606.416	30.20	4.13	124.63	11.69	8.01	93.66	75.20	1	31.00
606.561	30.67	4.08	125.19	11.67	8.11	94.69	75.60	1	30.90
606.622	30.50	4.08	124.35	11.64	8.06	93.88	75.50	1	31.00
606.726	30.47	4.08	124.30	11.61	8.25	95.77	77.00	1	31.00
606.871	30.71	4.05	124.47	11.59	8.11	94.00	75.50	1	30.70
606.932	30.81	4.05	124.67	11.61	8.23	95.58	76.70	1	30.70
607.036	30.63	4.04	123.82	11.63	8.08	93.95	75.90	1	30.90
607.181	30.58	4.05	123.97	11.62	8.18	95.09	76.70	1	30.60
607.242	30.84	4.01	123.78	11.65	8.03	93.60	75.60	1	30.60
607.346	30.75	4.01	123.44	11.56	8.18	94.63	76.70	1	30.60
607.491	30.98	3.99	123.47	11.62	8.09	93.96	76.10	1	30.70
607.552	30.81	4.02	123.82	11.60	8.19	95.01	76.70	1	30.90
607.656	30.67	4.05	124.08	11.64	8.18	95.28	76.80	1	31.00
607.801	30.66	4.06	124.45	11.67	8.17	95.43	76.70	1	31.00
607.862	30.51	4.08	124.36	11.71	8.07	94.44	75.90	1	31.20
607.966	30.29	4.10	124.04	11.64	8.10	94.33	76.00	1	31.00
608.111	30.42	4.10	124.67	11.73	8.13	95.30	76.40	1	31.30
608.172	30.17	4.12	124.44	11.64	8.20	95.46	76.70	1	31.50
608.276	30.24	4.12	124.46	11.71	8.10	94.85	76.20	1	31.30
608.421	30.06	4.14	124.46	11.67	8.12	94.74	76.10	1	31.30
608.482	30.00	4.14	124.09	11.73	8.05	94.36	76.00	1	31.50
608.586	29.84	4.16	123.98	11.68	8.17	95.37	76.90	1	31.30
608.731	30.36	4.11	124.70	11.76	8.03	94.46	75.80	1	31.30
608.792	30.29	4.11	124.54	11.66	8.09	94.38	75.80	1	31.50
608.896	30.01	4.14	124.23	11.69	8.03	93.80	75.50	1	31.30
609.041	30.11	4.10	123.53	11.66	8.19	95.55	77.40	1	31.30
609.102	30.04	4.12	123.64	11.64	8.26	96.18	77.80	1	31.20
609.206	30.30	4.07	123.45	11.72	8.08	94.69	76.70	1	31.00
609.351	30.23	4.11	124.15	11.66	8.14	94.93	76.50	1	31.30
609.412	30.34	4.09	124.09	11.72	8.10	94.97	76.50	1	31.30
609.516	30.10	4.13	124.29	11.69	8.15	95.22	76.60	1	31.30
609.661	30.13	4.12	124.04	11.68	8.12	94.83	76.50	1	31.30
609.722	30.12	4.13	124.33	11.65	8.14	94.89	76.30	1	31.20
609.826	30.36	4.10	124.62	11.68	8.11	94.72	76.00	1	31.20
609.971	30.42	4.11	124.98	11.65	8.19	95.41	76.30	1	31.20
610.032	30.34	4.09	124.09	11.76	8.10	95.19	76.70	1	31.30
610.136	30.28	4.09	123.91	11.67	8.18	95.50	77.10	1	31.30
610.281	30.11	4.11	123.90	11.73	8.10	95.01	76.70	1	31.30
610.342	30.09	4.13	124.22	11.69	8.11	94.75	76.30	1	31.50
610.446	29.87	4.17	124.52	11.64	8.19	95.34	76.60	1	31.60
610.591	29.82	4.16	124.04	11.67	8.14	94.97	76.60	1	31.50
610.652	29.81	4.16	124.03	11.64	8.26	96.17	77.50	1	31.50
610.756	30.16	4.13	124.45	11.72	7.97	93.34	75.00	1	31.20
610.901	30.12	4.12	124.04	11.63	8.28	96.26	77.60	1	31.30
610.962	30.11	4.12	123.98	11.71	7.96	93.24	75.20	1	31.30
611.066	30.09	4.10	123.49	11.67	8.08	94.27	76.30	1	31.20
611.211	30.18	4.10	123.80	11.68	8.12	94.83	76.60	1	31.20
611.272	30.35	4.09	124.09	11.68	8.13	94.91	76.50	1	31.00
611.376	30.54	4.06	123.93	11.68	8.22	96.01	77.50	1	31.00
611.521	30.54	4.05	123.70	11.68	8.05	94.01	76.00	1	31.00
611.582	30.64	4.04	123.66	11.70	8.08	94.52	76.40	1	31.00
611.686	30.48	4.06	123.86	11.62	8.24	95.82	77.40	1	31.20
611.831	30.11	4.10	123.53	11.76	7.96	93.57	75.70	1	31.20
611.892	30.29	4.08	123.64	11.67	8.14	95.05	76.90	1	31.00
611.996	30.29	4.07	123.40	11.70	8.21	96.05	77.80	1	31.20
612.141	30.06	4.12	123.98	11.72	8.02	93.93	75.80	1	31.30
612.202	30.33	4.10	124.31	11.75	8.02	94.29	75.80	1	31.30
612.306	30.02	4.14	124.13	11.65	8.23	95.84	77.20	1	31.50
612.451	29.95	4.14	123.88	11.72	8.04	94.22	76.10	1	31.30
612.512	29.96	4.13	123.73	11.67	8.07	94.26	76.20	1	31.30
612.616	30.06	4.13	124.15	11.69	8.08	94.37	76.00	1	31.30
612.761	30.22	4.11	124.12	11.67	8.07	94.17	75.90	1	31.30
612.822	30.10	4.13	124.17	11.69	8.17	95.51	76.90	1	31.50
612.926	29.80	4.18	124.47	11.64	8.19	95.30	76.60	1	31.60
613.071	29.93	4.15	124.25	11.71	8.03	94.00	75.70	1	31.50
613.132	29.77	4.16	123.78	11.63	8.17	95.03	76.80	1	31.60
613.236	29.82	4.17	124.29	11.73	8.05	94.36	75.90	1	31.60
613.381	29.67	4.17	123.80	11.69	8.04	94.08	76.00	1	31.50
613.442	29.98	4.14	124.17	11.70	8.04	94.15	75.80	1	31.30
613.546	30.12	4.13	124.28	11.62	8.25	95.90	77.20	1	31.20
613.691	30.18	4.10	123.80	11.73	7.96	93.30	75.40	1	31.30
613.752	30.14	4.10	123.55	11.68	8.04	93.92	76.00	1	31.30
613.856	30.32	4.09	124.01	11.73	8.07	94.66	76.30	1	31.00
614.001	30.82	4.06	125.00	11.66	8.05	93.87	75.10	1	31.00
614.062	30.64	4.06	124.41	11.67	8.20	95.77	77.00	1	31.20
614.166	30.42	4.08	124.27	11.59	8.25	95.62	76.90	1	31.00
614.311	30.49	4.06	123.86	11.70	8.11	94.83	76.60	1	31.20
614.372	30.27	4.10	124.25	11.65	8.11	94.45	76.00	1	31.30
614.476	30.13	4.11	123.84	11.70	8.09	94.63	76.40	1	31.30
614.621	29.90	4.14	123.84	11.65	8.25	96.12	77.60	1	31.60
614.682	29.79	4.15	123.54	11.72	8.18	95.79	77.50	1	31.50
614.786	29.85	4.15	123.77	11.64	8.11	94.47	76.30	1	31.30
614.931	30.25	4.12	124.60	11.73	8.13	95.36	76.50	1	31.30
614.992	30.16	4.12	124.16	11.66	8.22	95.90	77.20	1	31.20
615.096	30.08	4.10	123.20	11.72	8.09	94.80	77.00	1	31.20
615.241	30.35	4.09	124.27	11.67	8.15	95.11	76.50	1	31.00
615.302	30.55	4.06	124.02	11.74	8.12	95.29	76.80	1	31.20
615.406	30.28	4.09	123.76	11.69	8.09	94.58	76.40	1	31.30
615.551	30.54	4.07	124.41	11.73	8.03	94.14	75.70	1	31.00
615.612	30.43	4.07	123.86	11.64	8.18	95.20	76.90	1	30.90
615.716	30.52	4.06	123.96	11.69	8.06	94.21	76.00	1	31.00
615.861	30.33	4.09	123.99	11.62	8.24	95.79	77.30	1	31.20
615.922	30.38	4.08	123.84	11.70	8.15	95.39	77.00	1	31.20
616.026	30.40	4.08	123.88	11.69	8.06	94.18	76.00	1	31.20
616.171	30.48	4.07	124.06	11.69	8.12	94.98	76.60	1	31.20
616.232	30.35	4.10	124.36	11.66	8.14	94.93	76.30	1	31.30
616.336	30.28	4.09	123.83	11.76	7.99	93.92	75.80	1	31.20
616.481	30.11	4.10	123.52	11.66	8.19	95.54	77.30	1	31.20
616.542	30.26	4.09	123.78	11.66	8.14	94.88	76.60	1	31.30
616.646	30.07	4.12	123.77	11.65	7.99	93.06	75.20	1	31.50
616.791	29.92	4.11	123.13	11.74	8.12	95.31	77.40	1	31.50
616.852	29.81	4.14	123.49	11.67	8.23	96.03	77.80	1	31.30
616.956	30.05	4.11	123.47	11.68	8.15	95.23	77.10	1	31.20
617.101	30.35	4.09	124.01	11.68	8.03	93.76	75.60	1	31.00
617.162	30.53	4.05	123.71	11.75	8.00	94.01	76.00	1	30.90
617.266	30.26	4.06	122.90	11.64	8.25	96.09	78.20	1	30.90
617.411	30.84	4.04	124.49	11.68	8.12	94.82	76.20	1	30.60
617.472	30.94	4.02	124.33	11.68	8.04	93.86	75.50	1	30.70
617.576	31.11	3.97	123.40	11.70	8.01	93.68	75.90	1	30.60
617.721	31.13	3.96	123.19	11.64	8.24	95.97	77.90	1	30.70
617.782	30.92	4.00	123.73	11.65	8.17	95.15	76.90	1	30.90
617.886	30.51	4.05	123.65	11.64	8.25	96.09	77.70	1	31.00
618.031	30.59	4.04	123.59	11.69	8.10	94.66	76.60	1	30.90
618.092	30.67	4.02	123.24	11.74	8.03	94.24	76.50	1	30.90
618.196	30.47	4.07	123.88	11.64	8.14	94.72	76.50	1	31.20
618.341	30.19	4.07	123.00	11.70	8.12	94.96	77.20	1	31.00
618.402	30.26	4.08	123.35	11.69	7.99	93.36	75.70	1	31.20
618.506	30.04	4.10	123.30	11.65	8.28	96.42	78.20	1	31.30
618.651	30.26	4.10	124.13	11.73	8.01	94.03	75.80	1	31.20
618.712	30.53	4.07	124.15	11.71	8.18	95.80	77.20	1	31.00
618.816	30.53	4.05	123.76	11.70	8.05	94.24	76.20	1	31.00
618.961	30.52	4.06	123.77	11.68	8.24	96.23	77.80	1	31.20
619.022	30.33	4.09	124.18	11.67	8.19	95.51	76.90	1	31.30
619.126	30.22	4.10	124.02	11.67	8.08	94.29	76.00	1	31.30
619.271	30.34	4.10	124.42	11.66	8.12	94.62	76.10	1	31.00
619.332	30.43	4.08	124.17	11.69	8.04	94.04	75.70	1	30.90
619.436	30.76	4.03	123.99	11.72	8.13	95.31	76.90	1	31.00
619.581	30.41	4.08	124.00	11.72	8.04	94.26	76.00	1	31.00
619.642	30.70	4.05	124.24	11.74	8.03	94.25	75.90	1	30.90
619.746	30.55	4.06	124.06	11.64	8.14	94.68	76.30	1	30.90
619.891	30.73	4.03	123.86	11.74	8.14	95.59	77.20	1	30.90
619.952	30.68	4.04	124.06	11.71	8.13	95.21	76.70	1	30.70
620.056	30.83	4.01	123.70	11.77	8.10	95.32	77.10	1	30.90
620.201	30.44	4.09	124.61	11.68	8.22	95.99	77.00	1	31.30
620.262	30.28	4.09	123.81	11.74	8.10	95.16	76.90	1	31.30
620.366	30.31	4.09	123.86	11.68	8.17	95.37	77.00	1	31.30
620.511	30.08	4.12	123.98	11.73	8.12	95.23	76.80	1	31.50
620.572	30.10	4.12	124.14	11.73	8.03	94.14	75.80	1	31.30
620.676	30.08	4.13	124.20	11.68	8.16	95.39	76.80	1	31.20
620.821	30.37	4.08	123.99	11.76	8.02	94.28	76.00	1	31.20
620.882	30.35	4.11	124.63	11.69	8.30	97.05	77.90	1	31.30
620.986	30.13	4.13	124.54	11.77	7.93	93.35	75.00	1	31.50
621.131	30.07	4.13	124.11	11.66	8.27	96.42	77.70	1	31.50
621.192	29.93	4.14	123.99	11.75	8.14	95.67	77.20	1	31.50
621.296	30.01	4.12	123.56	11.72	8.02	94.01	76.10	1	31.30
621.441	30.10	4.12	124.13	11.77	8.04	94.61	76.20	1	31.30
621.502	30.19	4.12	124.23	11.72	8.14	95.39	76.80	1	31.20
621.606	30.46	4.07	124.12	11.74	8.00	93.83	75.60	1	31.20
621.751	30.45	4.10	124.80	11.65	8.22	95.71	76.70	1	30.90
621.812	30.74	4.05	124.45	11.78	7.95	93.58	75.20	1	30.90
621.916	30.78	4.03	123.96	11.70	8.10	94.71	76.40	1	31.00
622.061	30.65	4.04	123.89	11.69	8.02	93.73	75.70	1	30.90
622.122	30.71	4.03	123.63	11.68	8.05	94.01	76.00	1	30.70
622.226	30.94	4.00	123.79	11.73	8.14	95.50	77.10	1	30.90
622.371	30.56	4.09	124.86	11.72	8.02	93.99	75.30	1	31.30
622.432	30.51	4.07	124.32	11.75	8.05	94.54	76.00	1	31.30
622.536	30.34	4.09	124.13	11.71	8.18	95.78	77.20	1	31.30
622.681	30.33	4.09	124.13	11.77	8.02	94.39	76.00	1	31.20
622.742	30.42	4.08	124.20	11.74	8.09	94.98	76.50	1	31.00
622.846	30.80	4.04	124.55	11.76	8.07	94.93	76.20	1	30.90
622.991	30.82	4.03	124.26	11.73	8.01	93.98	75.60	1	31.00
623.052	30.73	4.04	124.06	11.75	8.19	96.21	77.60	1	31.20
623.156	30.40	4.10	124.57	11.69	8.24	96.28	77.30	1	31.30
623.301	30.30	4.11	124.41	11.81	8.04	94.97	76.30	1	31.30
623.362	30.22	4.11	124.26	11.73	8.15	95.66	77.00	1	31.30
623.466	30.51	4.07	124.32	11.79	8.14	95.97	77.20	1	31.20
623.611	30.36	4.08	123.86	11.77	8.06	94.86	76.60	1	31.20
623.672	30.36	4.08	123.92	11.77	8.16	96.04	77.50	1	31.30
623.776	29.98	4.12	123.64	11.66	8.23	95.90	77.60	1	31.30
623.921	30.23	4.10	123.78	11.74	8.15	95.68	77.30	1	31.20
623.982	30.28	4.10	124.03	11.74	8.17	95.87	77.30	1	31.20
624.086	30.40	4.06	123.56	11.74	8.08	94.93	76.80	1	31.00
624.231	30.57	4.07	124.27	11.69	8.23	96.21	77.40	1	31.00
624.292	30.58	4.06	124.21	11.77	8.08	95.04	76.50	1	31.00
624.396	30.63	4.06	124.35	11.70	8.09	94.63	76.10	1	30.90
624.541	30.87	4.04	124.61	11.80	8.09	95.40	76.60	1	30.70
624.602	30.79	4.03	124.05	11.68	8.19	95.73	77.20	1	30.70
624.706	30.81	4.01	123.44	11.76	8.05	94.69	76.70	1	30.70
624.851	30.75	4.03	124.03	11.71	8.20	96.00	77.40	1	30.90
624.912	30.83	4.01	123.63	11.77	8.09	95.19	77.00	1	31.00
625.016	30.72	4.02	123.59	11.78	7.88	92.81	75.10	1	30.90
625.161	30.77	4.06	124.80	11.75	8.08	94.90	76.00	1	31.20
625.222	30.35	4.09	124.14	11.68	8.13	94.99	76.50	1	31.30
625.326	30.31	4.08	123.70	11.77	8.01	94.23	76.20	1	31.30
625.471	30.00	4.14	124.10	11.66	8.14	94.86	76.40	1	31.50
625.532	30.22	4.11	124.34	11.72	8.02	94.02	75.60	1	31.50
625.636	29.95	4.13	123.85	11.69	8.02	93.71	75.70	1	31.50
625.781	29.98	4.16	124.59	11.73	8.02	94.07	75.50	1	31.60
625.842	29.76	4.17	124.01	11.65	8.08	94.10	75.90	1	31.80
625.946	29.93	4.15	124.18	11.75	8.03	94.28	75.90	1	31.60
626.091	29.85	4.16	124.12	11.67	8.19	95.65	77.10	1	31.60
626.152	29.92	4.15	124.04	11.79	8.09	95.34	76.90	1	31.60
626.256	29.80	4.16	123.95	11.74	8.00	93.98	75.80	1	31.60
626.401	30.05	4.14	124.28	11.73	8.13	95.34	76.70	1	31.50
626.462	29.92	4.14	124.03	11.68	8.14	95.06	76.60	1	31.30
626.566	30.02	4.12	123.61	11.71	8.18	95.73	77.40	1	31.50
626.711	29.75	4.19	124.53	11.65	8.10	94.34	75.80	1	31.90
626.772	29.76	4.18	124.26	11.75	8.03	94.37	75.90	1	31.90
626.876	29.52	4.18	123.51	11.70	8.05	94.12	76.20	1	31.90
627.021	29.43	4.19	123.22	11.76	8.12	95.48	77.50	1	31.90
627.082	29.32	4.21	123.39	11.69	8.07	94.33	76.40	1	31.80
627.186	29.71	4.16	123.76	11.74	7.98	93.67	75.70	1	31.60
627.331	29.62	4.19	123.98	11.68	8.15	95.18	76.80	1	31.60
627.392	29.88	4.14	123.79	11.72	8.09	94.86	76.60	1	31.50
627.496	29.67	4.18	123.92	11.68	7.98	93.20	75.20	1	31.80
627.641	29.79	4.17	124.38	11.73	8.06	94.51	76.00	1	31.50
627.702	29.70	4.17	123.76	11.64	8.16	94.93	76.70	1	31.60
627.806	29.89	4.15	124.02	11.72	8.09	94.79	76.40	1	31.50
627.951	29.52	4.18	123.34	11.66	8.16	95.12	77.10	1	31.60
628.012	29.76	4.16	123.68	11.72	8.14	95.34	77.10	1	31.60
628.116	29.41	4.19	123.12	11.66	8.02	93.51	76.00	1	31.60
628.261	30.00	4.14	124.28	11.76	8.08	95.03	76.50	1	31.30
628.322	29.96	4.15	124.28	11.68	8.23	96.15	77.40	1	31.20
628.426	30.22	4.09	123.53	11.80	8.04	94.90	76.80	1	31.30
628.571	30.12	4.13	124.44	11.72	8.19	95.99	77.10	1	31.50
628.632	30.07	4.13	124.16	11.79	8.06	95.01	76.50	1	31.60
628.736	29.86	4.16	124.06	11.69	8.08	94.44	76.10	1	31.50
628.881	30.09	4.13	124.34	11.75	8.09	95.05	76.40	1	31.30
628.942	30.05	4.14	124.38	11.68	8.17	95.47	76.80	1	31.30
629.046	30.26	4.10	124.21	11.75	8.11	95.27	76.70	1	31.30
629.191	30.29	4.12	124.69	11.70	8.15	95.34	76.50	1	31.30
629.252	30.38	4.11	124.78	11.75	8.07	94.80	76.00	1	31.20
629.356	30.30	4.10	124.37	11.72	8.07	94.56	76.00	1	31.20
629.501	30.43	4.09	124.36	11.73	8.05	94.41	75.90	1	31.20
629.562	30.32	4.09	124.04	11.65	8.21	95.62	77.10	1	31.00
629.666	30.42	4.07	123.83	11.74	8.07	94.74	76.50	1	31.00
629.811	30.30	4.09	123.96	11.68	8.13	94.99	76.60	1	31.30
629.872	30.33	4.09	124.21	11.72	8.11	95.08	76.60	1	31.50
629.976	29.92	4.14	123.93	11.65	8.14	94.87	76.50	1	31.50
630.121	30.33	4.11	124.59	11.70	8.10	94.81	76.10	1	31.20
630.182	30.32	4.11	124.55	11.67	8.16	95.24	76.50	1	31.00
630.286	30.37	4.07	123.74	11.73	8.09	94.92	76.70	1	31.00
630.431	30.49	4.07	124.12	11.69	8.11	94.83	76.40	1	31.00
630.492	30.59	4.05	124.01	11.78	8.05	94.81	76.50	1	30.90
630.596	30.51	4.06	123.86	11.68	8.10	94.61	76.40	1	31.00
630.741	30.71	4.04	124.19	11.73	8.19	96.02	77.30	1	31.00
630.802	30.50	4.07	124.08	11.68	8.15	95.26	76.80	1	31.20
630.906	30.51	4.06	123.74	11.72	8.13	95.28	77.00	1	31.20
631.051	30.60	4.04	123.54	11.77	8.07	94.94	76.80	1	31.20
631.112	30.40	4.05	123.22	11.77	8.22	96.69	78.50	1	31.20
631.216	30.41	4.07	123.81	11.67	8.22	95.92	77.50	1	30.90
631.361	30.66	4.06	124.50	11.73	8.00	93.88	75.40	1	31.20
631.422	30.50	4.09	124.60	11.74	8.11	95.14	76.40	1	31.30
631.526	30.48	4.09	124.78	11.78	8.13	95.79	76.80	1	31.20
631.671	30.44	4.09	124.52	11.74	8.02	94.18	75.60	1	31.20
631.732	30.55	4.07	124.29	11.78	7.97	93.91	75.60	1	31.20
631.836	30.41	4.09	124.23	11.71	8.17	95.61	77.00	1	31.20
631.981	30.42	4.12	125.37	11.70	8.17	95.62	76.30	1	31.30
632.042	30.30	4.13	125.25	11.70	8.08	94.47	75.40	1	31.50
632.146	30.32	4.12	124.78	11.73	8.06	94.57	75.80	1	31.30
632.291	30.06	4.16	125.16	11.70	8.26	96.58	77.20	1	31.60
632.352	29.91	4.17	124.63	11.72	8.16	95.61	76.70	1	31.50
632.456	29.76	4.16	123.81	11.72	8.03	94.15	76.00	1	31.50
632.601	29.92	4.16	124.50	11.66	8.16	95.19	76.50	1	31.80
632.662	29.64	4.18	123.89	11.66	8.27	96.41	77.80	1	31.80
632.766	29.32	4.20	123.08	11.69	8.01	93.68	76.10	1	31.60
632.911	29.55	4.19	123.81	11.76	8.05	94.61	76.40	1	31.90
632.972	29.29	4.21	123.43	11.66	8.12	94.74	76.80	1	31.90
633.076	29.38	4.22	123.86	11.65	8.25	96.13	77.60	1	31.80
633.221	29.51	4.19	123.60	11.66	8.17	95.25	77.10	1	31.80
633.282	29.66	4.18	123.89	11.74	8.05	94.54	76.30	1	31.80
633.386	29.41	4.22	124.00	11.62	8.14	94.58	76.30	1	32.10
633.531	29.46	4.22	124.29	11.71	8.03	94.03	75.70	1	31.90
633.592	29.08	4.24	123.28	11.59	8.16	94.67	76.80	1	32.10
633.696	29.24	4.23	123.60	11.65	8.13	94.74	76.60	1	31.90
633.841	29.48	4.22	124.54	11.59	8.21	95.20	76.40	1	31.60
633.902	29.75	4.18	124.33	11.68	8.19	95.68	77.00	1	31.50
634.006	29.83	4.16	124.20	11.65	8.13	94.71	76.30	1	31.60
634.151	29.77	4.17	124.13	11.74	8.13	95.44	76.90	1	31.60
634.212	29.69	4.18	124.03	11.70	8.08	94.52	76.20	1	31.60
634.316	29.82	4.17	124.34	11.69	8.28	96.76	77.80	1	31.60
634.461	29.59	4.17	123.35	11.69	8.02	93.74	76.00	1	31.50
634.522	29.84	4.15	123.97	11.65	8.20	95.59	77.10	1	31.60
634.626	29.67	4.19	124.37	11.75	7.92	93.09	74.80	1	31.90
634.771	29.58	4.23	125.05	11.67	8.25	96.32	77.00	1	32.10
634.832	29.27	4.25	124.40	11.65	8.11	94.46	75.90	1	31.90
634.936	29.16	4.24	123.75	11.66	7.99	93.15	75.30	1	32.10
635.081	29.40	4.22	124.12	11.63	8.18	95.17	76.70	1	31.90
635.142	29.37	4.22	123.98	11.65	8.23	95.92	77.40	1	31.80
635.246	29.46	4.20	123.76	11.69	7.97	93.23	75.30	1	31.80
635.391	29.41	4.21	123.72	11.64	8.26	96.14	77.70	1	31.80
635.452	29.36	4.21	123.62	11.66	8.14	94.86	76.70	1	31.80
635.556	29.58	4.19	124.00	11.66	8.14	94.88	76.50	1	31.60
635.701	29.48	4.20	123.93	11.66	8.10	94.44	76.20	1	31.90
635.762	29.36	4.22	123.91	11.67	8.05	93.93	75.80	1	31.90
635.866	29.43	4.23	124.34	11.70	8.14	95.16	76.50	1	31.90
636.011	29.33	4.24	124.28	11.70	8.04	94.04	75.70	1	31.80
636.072	29.59	4.19	123.90	11.71	8.06	94.41	76.20	1	31.60
636.176	29.49	4.21	124.07	11.63	8.09	94.13	75.90	1	31.90
636.321	29.62	4.19	124.05	11.72	8.10	94.98	76.60	1	31.90
636.382	29.37	4.21	123.70	11.64	8.17	95.12	76.90	1	32.10
636.486	29.25	4.22	123.28	11.73	8.03	94.22	76.40	1	31.90
636.631	29.24	4.23	123.71	11.67	8.05	93.91	75.90	1	32.10
636.692	29.15	4.23	123.40	11.68	8.02	93.65	75.90	1	32.20
636.796	28.98	4.26	123.49	11.63	8.07	93.92	76.10	1	32.10
636.941	29.14	4.24	123.50	11.75	8.09	94.99	76.90	1	32.10
637.002	29.04	4.25	123.32	11.66	8.12	94.71	76.80	1	32.10
637.106	29.10	4.24	123.37	11.72	8.02	93.98	76.20	1	32.20
637.251	29.06	4.24	123.33	11.70	8.09	94.64	76.70	1	31.90
637.312	29.33	4.22	123.78	11.74	8.03	94.21	76.10	1	31.80
637.416	29.63	4.20	124.48	11.66	8.10	94.38	75.80	1	31.60
637.561	29.88	4.16	124.41	11.70	8.14	95.19	76.50	1	31.60
637.622	29.50	4.18	123.42	11.68	8.11	94.67	76.70	1	31.60
637.726	29.80	4.14	123.42	11.75	8.10	95.19	77.10	1	31.60
637.871	29.55	4.19	123.73	11.70	8.12	95.02	76.80	1	31.80
637.932	29.63	4.18	123.86	11.73	8.07	94.64	76.40	1	31.90
638.036	29.42	4.22	124.19	11.70	7.98	93.42	75.20	1	31.90
638.181	29.52	4.22	124.46	11.74	8.05	94.47	75.90	1	31.90
638.242	29.35	4.22	123.90	11.68	8.03	93.80	75.70	1	31.80
638.346	29.52	4.21	124.20	11.72	8.04	94.30	75.90	1	31.90
638.491	29.08	4.24	123.21	11.66	8.15	95.03	77.10	1	31.90
638.552	29.26	4.21	123.13	11.73	8.03	94.26	76.60	1	32.10
638.656	29.08	4.22	122.81	11.72	7.93	92.92	75.70	1	31.90
638.801	29.42	4.21	123.92	11.73	8.03	94.25	76.10	1	31.80
638.862	29.51	4.21	124.35	11.64	8.15	94.86	76.30	1	31.60
638.966	29.96	4.16	124.69	11.72	8.11	95.10	76.30	1	31.30
639.111	30.16	4.14	124.76	11.67	8.18	95.48	76.50	1	31.30
639.172	30.28	4.11	124.44	11.74	8.09	95.06	76.40	1	31.50
639.276	30.12	4.14	124.54	11.67	8.15	95.17	76.40	1	31.50
639.421	30.08	4.13	124.30	11.80	8.18	96.51	77.60	1	31.50
639.482	29.99	4.15	124.43	11.74	8.22	96.42	77.50	1	31.60
639.586	29.64	4.17	123.53	11.70	8.07	94.35	76.40	1	31.50
639.731	29.56	4.19	123.76	11.67	8.16	95.19	76.90	1	31.60
639.792	29.64	4.18	123.97	11.71	8.01	93.83	75.70	1	31.60
639.896	29.91	4.15	124.24	11.78	8.07	95.02	76.50	1	31.50
640.041	30.09	4.13	124.39	11.73	8.02	94.11	75.70	1	31.30
640.102	30.14	4.12	124.12	11.76	8.08	95.11	76.60	1	31.30
640.206	29.94	4.15	124.16	11.69	8.14	95.10	76.60	1	31.50
640.351	30.16	4.12	124.29	11.79	8.01	94.45	76.00	1	31.50
640.412	29.92	4.15	124.25	11.70	8.09	94.60	76.10	1	31.60
640.516	29.97	4.15	124.35	11.69	8.18	95.58	76.90	1	31.50
640.661	30.04	4.16	124.83	11.68	8.10	94.63	75.80	1	31.50
640.722	30.16	4.13	124.47	11.74	8.11	95.21	76.50	1	31.30
640.826	30.14	4.11	123.94	11.79	7.97	93.97	75.80	1	31.30
640.971	30.01	4.11	123.37	11.74	8.11	95.24	77.20	1	31.50
641.032	29.98	4.13	123.91	11.73	8.11	95.22	76.80	1	31.30
641.136	30.27	4.11	124.27	11.72	8.09	94.80	76.30	1	31.20
641.281	30.44	4.10	124.86	11.75	8.15	95.70	76.60	1	31.00
641.342	30.53	4.08	124.68	11.74	8.10	95.02	76.20	1	31.20
641.446	30.52	4.08	124.57	11.76	8.06	94.77	76.10	1	31.20
641.591	30.49	4.07	124.20	11.71	8.02	93.90	75.60	1	31.20
641.652	30.50	4.08	124.42	11.75	8.15	95.81	77.00	1	31.30
641.756	30.16	4.12	124.14	11.69	8.15	95.22	76.70	1	31.50
641.901	30.30	4.12	124.77	11.73	8.10	95.05	76.20	1	31.00
641.962	30.42	4.09	124.57	11.65	8.09	94.34	75.70	1	31.00
642.066	30.47	4.07	123.88	11.70	8.18	95.64	77.20	1	31.20
642.211	30.19	4.11	124.16	11.69	8.08	94.47	76.10	1	31.30
642.272	30.29	4.11	124.45	11.73	8.19	96.01	77.10	1	31.50
642.376	30.06	4.13	124.22	11.76	7.96	93.63	75.40	1	31.60
642.521	29.91	4.15	124.10	11.71	8.22	96.25	77.60	1	31.50
642.582	30.08	4.12	123.91	11.75	8.04	94.42	76.20	1	31.30
642.686	29.90	4.15	123.99	11.67	8.19	95.50	77.00	1	31.60
642.831	29.91	4.15	124.09	11.72	8.12	95.25	76.80	1	31.60
642.892	29.68	4.17	123.69	11.67	8.19	95.56	77.30	1	31.60
642.996	29.71	4.16	123.65	11.76	8.08	95.03	76.90	1	31.80
643.141	29.93	4.17	124.93	11.67	8.12	94.80	75.90	1	31.50
643.202	30.11	4.14	124.57	11.76	8.08	95.09	76.30	1	31.30
643.306	30.01	4.14	124.16	11.76	8.12	95.47	76.90	1	31.30
643.451	30.50	4.10	124.90	11.74	8.18	96.00	76.90	1	31.20
643.512	30.47	4.10	124.89	11.73	8.15	95.62	76.60	1	31.20
643.616	30.32	4.10	124.43	11.74	8.06	94.53	76.00	1	31.30
643.761	30.17	4.13	124.49	11.73	8.03	94.21	75.70	1	31.30
643.822	30.17	4.13	124.50	11.69	8.12	94.94	76.30	1	31.30
643.926	30.08	4.13	124.18	11.76	8.07	94.92	76.40	1	31.50
644.071	30.19	4.13	124.54	11.70	8.12	95.04	76.30	1	31.30
644.132	30.43	4.12	125.33	11.76	8.06	94.77	75.60	1	31.30
644.236	30.24	4.12	124.45	11.70	8.14	95.19	76.50	1	31.30
644.381	30.29	4.11	124.41	11.77	8.12	95.63	76.90	1	31.30
644.442	30.10	4.13	124.25	11.71	8.12	95.07	76.50	1	31.20
644.546	30.28	4.11	124.31	11.68	8.25	96.38	77.50	1	31.30
644.691	30.20	4.13	124.69	11.77	7.96	93.65	75.10	1	31.30
644.752	30.14	4.14	124.65	11.71	8.25	96.56	77.50	1	31.50
644.856	30.24	4.11	124.39	11.75	7.99	93.93	75.50	1	31.30
645.001	30.03	4.13	124.11	11.71	8.09	94.65	76.30	1	31.50
645.062	30.23	4.12	124.47	11.75	8.10	95.23	76.50	1	31.50
645.166	30.03	4.15	124.58	11.71	8.15	95.46	76.60	1	31.60
645.311	29.85	4.18	124.75	11.80	8.05	95.02	76.20	1	31.80
645.372	29.55	4.21	124.49	11.69	8.16	95.41	76.60	1	31.90
645.476	29.70	4.19	124.53	11.75	8.08	95.01	76.30	1	31.80
645.621	29.33	4.21	123.53	11.71	8.11	95.01	76.90	1	31.80
645.682	29.53	4.19	123.72	11.78	8.02	94.54	76.40	1	31.80
645.786	29.60	4.19	124.08	11.72	8.11	95.08	76.60	1	31.60
645.931	29.86	4.15	123.97	11.76	8.08	95.07	76.70	1	31.60
645.992	29.73	4.17	123.94	11.74	8.09	95.04	76.70	1	31.60
646.096	29.78	4.17	124.10	11.73	8.02	93.99	75.70	1	31.60
646.241	29.89	4.16	124.37	11.72	8.11	95.02	76.40	1	31.50
646.302	29.93	4.16	124.56	11.71	8.07	94.47	75.80	1	31.50
646.406	30.25	4.12	124.59	11.77	8.09	95.24	76.40	1	31.30
646.551	30.07	4.13	124.29	11.74	8.03	94.19	75.80	1	31.50
646.612	30.17	4.12	124.30	11.73	8.10	95.03	76.40	1	31.50
646.716	29.91	4.17	124.67	11.70	8.15	95.36	76.50	1	31.60
646.861	29.83	4.17	124.52	11.75	8.10	95.16	76.40	1	31.60
646.922	29.81	4.18	124.47	11.71	8.12	95.14	76.40	1	31.50
647.026	29.83	4.14	123.65	11.74	8.16	95.83	77.50	1	31.60
647.171	29.67	4.19	124.26	11.65	8.19	95.43	76.80	1	31.80
647.232	29.73	4.18	124.15	11.72	8.10	94.92	76.50	1	31.60
647.336	29.85	4.18	124.78	11.68	8.14	95.06	76.20	1	31.50
647.481	30.12	4.14	124.54	11.74	8.15	95.75	76.90	1	31.50
647.542	29.96	4.15	124.22	11.74	8.08	94.85	76.40	1	31.60
647.646	29.74	4.18	124.31	11.73	8.15	95.55	76.90	1	31.60
647.791	29.87	4.16	124.27	11.68	8.17	95.43	76.80	1	31.30
647.852	29.82	4.17	124.46	11.65	8.31	96.80	77.80	1	31.50
647.956	30.03	4.14	124.42	11.72	8.17	95.70	76.90	1	31.50
648.101	29.75	4.17	124.19	11.71	8.06	94.45	76.10	1	31.50
648.162	29.87	4.15	123.98	11.74	8.13	95.47	77.00	1	31.60
648.266	29.73	4.18	124.31	11.68	8.14	95.07	76.50	1	31.60
648.411	29.90	4.15	124.13	11.73	8.11	95.10	76.60	1	31.30
648.472	30.00	4.15	124.44	11.71	8.10	94.84	76.20	1	31.30
648.576	30.46	4.09	124.47	11.78	8.06	95.01	76.30	1	31.00
648.721	30.46	4.09	124.52	11.68	8.16	95.37	76.60	1	31.20
648.782	30.56	4.07	124.31	11.75	8.14	95.66	77.00	1	31.20
648.886	30.51	4.09	124.66	11.64	8.24	95.88	76.90	1	31.20
649.031	30.31	4.11	124.44	11.78	8.11	95.56	76.80	1	31.30
649.092	30.36	4.11	124.63	11.72	8.11	95.05	76.30	1	31.20
649.196	30.11	4.12	123.99	11.73	8.09	94.92	76.60	1	31.30
649.341	30.19	4.14	125.01	11.64	8.08	94.01	75.20	1	31.60
649.402	29.86	4.18	124.79	11.64	8.18	95.25	76.30	1	31.80
649.506	29.70	4.17	123.80	11.69	8.12	94.86	76.60	1	31.60
649.651	29.48	4.22	124.29	11.65	8.07	94.01	75.60	1	31.80
649.712	29.56	4.19	123.86	11.71	8.04	94.13	76.00	1	31.90
649.816	29.41	4.21	123.92	11.64	8.15	94.82	76.50	1	31.80
649.961	29.64	4.19	124.04	11.68	8.04	93.94	75.70	1	31.80
650.022	29.52	4.20	124.11	11.62	8.21	95.37	76.80	1	31.90
650.126	29.39	4.23	124.32	11.68	8.12	94.80	76.30	1	32.10
650.271	29.26	4.23	123.68	11.61	8.15	94.67	76.50	1	32.10
650.332	29.14	4.24	123.54	11.68	8.11	94.74	76.70	1	32.10
650.436	28.96	4.25	123.02	11.59	8.16	94.60	76.90	1	32.10
650.581	29.26	4.22	123.50	11.70	8.01	93.71	75.90	1	32.10
650.642	29.15	4.24	123.60	11.67	8.17	95.31	77.10	1	32.10
650.746	28.94	4.24	122.68	11.70	8.04	94.10	76.70	1	32.10
650.891	28.63	4.26	122.09	11.61	8.01	93.02	76.20	1	32.20
650.952	28.82	4.25	122.53	11.63	8.00	92.96	75.90	1	32.40
651.056	28.65	4.29	122.78	11.60	8.08	93.69	76.30	1	32.40
651.201	28.44	4.30	122.24	11.55	8.05	93.03	76.10	1	32.50
651.262	28.54	4.29	122.36	11.61	8.20	95.23	77.80	1	32.40
651.366	28.56	4.28	122.32	11.62	8.16	94.82	77.50	1	32.20
651.511	28.97	4.26	123.38	11.64	8.07	93.97	76.20	1	32.10
651.572	28.86	4.26	122.92	11.58	8.08	93.54	76.10	1	32.10
651.676	28.90	4.24	122.52	11.70	8.01	93.71	76.50	1	32.10
651.821	28.86	4.27	123.32	11.59	8.10	93.84	76.10	1	32.20
651.882	28.92	4.26	123.31	11.65	8.02	93.43	75.80	1	32.40
651.986	28.69	4.28	122.65	11.63	8.00	93.02	75.80	1	32.20
652.131	28.97	4.26	123.33	11.57	8.22	95.18	77.20	1	31.90
652.192	29.03	4.24	122.96	11.58	8.33	96.48	78.50	1	32.10
652.296	29.02	4.24	123.09	11.57	8.14	94.20	76.50	1	31.90
652.441	29.40	4.22	123.95	11.67	8.05	93.96	75.80	1	31.60
652.502	29.50	4.20	123.99	11.66	8.11	94.54	76.20	1	31.50
652.606	29.80	4.15	123.60	11.73	8.06	94.49	76.40	1	31.30
652.751	29.75	4.17	124.04	11.65	8.18	95.28	76.80	1	31.60
652.812	29.84	4.15	123.99	11.78	7.92	93.32	75.30	1	31.60
652.916	29.76	4.16	123.72	11.69	7.96	93.07	75.20	1	31.60
653.061	29.81	4.18	124.59	11.63	8.05	93.61	75.10	1	31.60
653.122	29.91	4.16	124.53	11.73	8.01	93.98	75.50	1	31.50
653.226	29.78	4.17	124.33	11.66	8.09	94.39	75.90	1	31.60
653.371	29.72	4.18	124.28	11.74	7.99	93.82	75.50	1	31.60
653.432	29.67	4.19	124.32	11.65	8.15	94.98	76.40	1	31.50
653.536	29.90	4.15	123.95	11.71	8.06	94.39	76.20	1	31.50
653.681	29.88	4.14	123.81	11.68	8.04	93.92	75.90	1	31.60
653.742	29.99	4.13	123.95	11.76	8.03	94.43	76.20	1	31.80
653.846	29.75	4.15	123.49	11.65	8.20	95.61	77.40	1	31.60
653.991	29.84	4.16	124.17	11.72	8.16	95.61	77.00	1	31.50
654.052	29.84	4.15	123.90	11.67	8.10	94.54	76.30	1	31.30
654.156	30.19	4.13	124.53	11.72	8.06	94.48	75.90	1	31.60
654.301	30.02	4.14	124.17	11.64	8.30	96.57	77.80	1	31.50
654.362	29.83	4.16	123.98	11.63	8.15	94.83	76.50	1	31.60
654.466	29.67	4.17	123.75	11.68	8.06	94.20	76.10	1	31.60
654.611	29.88	4.17	124.47	11.67	8.06	94.09	75.60	1	31.60
654.672	29.70	4.18	124.25	11.64	8.23	95.81	77.10	1	31.80
654.776	29.65	4.17	123.67	11.71	8.03	94.04	76.00	1	31.60
654.921	29.43	4.18	123.13	11.64	8.26	96.10	78.10	1	31.80
654.982	29.52	4.19	123.79	11.70	7.98	93.42	75.50	1	31.80
655.086	29.39	4.20	123.59	11.68	8.04	93.90	76.00	1	31.90
655.231	29.14	4.25	123.71	11.65	8.08	94.10	76.10	1	32.10
655.292	29.11	4.25	123.68	11.64	8.02	93.31	75.40	1	31.90
655.396	29.12	4.24	123.39	11.65	8.13	94.78	76.80	1	32.10
655.541	28.93	4.27	123.56	11.57	8.06	93.24	75.50	1	32.20
655.602	28.81	4.26	122.84	11.62	7.96	92.51	75.30	1	32.20
655.706	28.76	4.26	122.57	11.56	8.16	94.27	76.90	1	32.10
655.851	29.05	4.25	123.37	11.67	7.94	92.60	75.10	1	31.90
655.912	29.13	4.23	123.27	11.66	8.04	93.77	76.10	1	31.80
656.016	29.38	4.20	123.49	11.68	8.09	94.58	76.60	1	31.80
656.161	29.55	4.20	124.04	11.65	8.02	93.43	75.30	1	31.80
656.222	29.65	4.18	124.05	11.69	8.17	95.46	77.00	1	31.60
656.326	29.61	4.18	123.89	11.61	8.20	95.26	76.90	1	31.80
656.471	29.63	4.19	124.14	11.71	8.10	94.87	76.40	1	31.60
656.532	29.47	4.18	123.32	11.65	8.20	95.55	77.50	1	31.60
656.636	29.53	4.19	123.68	11.68	8.06	94.19	76.20	1	31.60
656.781	29.88	4.16	124.37	11.63	8.16	94.93	76.30	1	31.30
656.842	30.23	4.12	124.57	11.71	8.07	94.47	75.80	1	31.20
656.946	30.30	4.10	124.23	11.74	8.01	94.01	75.70	1	31.30
657.091	30.46	4.08	124.39	11.69	8.15	95.26	76.60	1	31.50
657.152	30.23	4.12	124.65	11.68	8.15	95.24	76.40	1	31.50
657.256	29.88	4.16	124.18	11.67	8.09	94.47	76.10	1	31.60
657.401	30.06	4.13	124.20	11.75	8.03	94.34	76.00	1	31.50
657.462	30.02	4.13	123.91	11.70	8.03	94.01	75.90	1	31.30
657.566	30.08	4.12	123.92	11.75	7.99	93.89	75.80	1	31.50
657.711	30.07	4.16	125.06	11.66	8.13	94.85	75.80	1	31.60
657.772	29.78	4.17	124.31	11.72	7.99	93.72	75.40	1	31.80
657.876	29.53	4.18	123.50	11.66	8.01	93.44	75.70	1	31.80
658.021	29.47	4.17	123.03	11.67	8.15	95.14	77.30	1	31.60
658.082	29.37	4.18	122.84	11.67	8.07	94.16	76.70	1	31.80
658.186	29.39	4.19	123.27	11.69	8.14	95.08	77.10	1	31.90
658.331	29.16	4.22	123.08	11.71	8.01	93.73	76.20	1	31.90
658.392	29.14	4.21	122.67	11.69	8.10	94.66	77.20	1	32.10
658.496	29.13	4.22	123.00	11.67	8.13	94.83	77.10	1	31.80
658.641	29.68	4.17	123.85	11.72	8.06	94.47	76.30	1	31.50
658.702	29.80	4.16	123.87	11.70	8.00	93.65	75.60	1	31.50
658.806	29.98	4.15	124.37	11.65	8.16	95.12	76.50	1	31.30
658.951	29.92	4.13	123.52	11.71	7.97	93.36	75.60	1	31.50
659.012	30.03	4.12	123.84	11.68	8.18	95.50	77.10	1	31.30
659.116	30.27	4.09	123.76	11.75	8.06	94.64	76.50	1	31.20
659.261	30.00	4.12	123.44	11.64	8.21	95.55	77.40	1	31.30
659.322	30.17	4.09	123.47	11.74	8.01	94.10	76.20	1	31.30
659.426	30.09	4.11	123.67	11.71	8.09	94.73	76.60	1	31.30
659.571	30.08	4.10	123.31	11.74	8.10	95.13	77.10	1	31.30
659.632	30.16	4.11	124.00	11.69	8.15	95.33	76.90	1	31.20
659.736	30.45	4.06	123.79	11.76	8.10	95.28	77.00	1	31.00
659.881	30.45	4.07	124.05	11.71	8.03	94.01	75.80	1	31.20
659.942	30.39	4.08	124.01	11.75	7.99	93.86	75.70	1	31.30
660.046	30.02	4.13	124.03	11.71	8.03	94.03	75.80	1	31.30
660.191	30.49	4.08	124.52	11.75	8.08	94.95	76.20	1	31.30
660.252	30.21	4.11	124.10	11.70	8.15	95.35	76.80	1	31.50
660.356	30.25	4.10	124.11	11.72	8.12	95.13	76.60	1	31.30
660.501	29.85	4.13	123.33	11.70	8.07	94.39	76.50	1	31.50
660.562	29.93	4.12	123.45	11.73	8.11	95.14	77.10	1	31.50
660.666	29.72	4.15	123.44	11.73	7.95	93.27	75.60	1	31.50
660.811	30.13	4.12	124.13	11.66	8.15	95.06	76.60	1	31.20
660.872	30.27	4.11	124.38	11.72	7.98	93.54	75.20	1	31.00
660.976	30.34	4.08	123.89	11.64	8.14	94.77	76.50	1	31.20
661.121	30.20	4.08	123.18	11.68	8.05	94.06	76.40	1	31.20
661.182	30.07	4.09	122.98	11.65	8.14	94.84	77.10	1	31.00
661.286	30.29	4.07	123.29	11.69	8.11	94.80	76.90	1	31.20
661.431	30.15	4.12	124.33	11.66	8.10	94.44	76.00	1	31.50
661.492	30.10	4.11	123.80	11.71	8.09	94.72	76.50	1	31.50
661.596	30.12	4.11	123.68	11.72	7.97	93.41	75.50	1	31.50
661.741	30.00	4.12	123.55	11.74	8.10	95.08	77.00	1	31.50
661.802	30.06	4.12	123.74	11.73	8.00	93.87	75.90	1	31.30
661.906	29.98	4.12	123.58	11.65	8.20	95.52	77.30	1	31.20
662.051	30.20	4.10	123.83	11.66	8.06	93.96	75.90	1	31.30
662.112	29.99	4.13	123.86	11.63	8.14	94.70	76.50	1	31.50
662.216	30.21	4.10	123.90	11.68	8.08	94.38	76.20	1	31.30
662.361	30.16	4.10	123.62	11.70	8.04	94.08	76.10	1	31.30
662.422	30.19	4.09	123.35	11.71	8.13	95.18	77.20	1	31.20
662.526	30.27	4.08	123.63	11.66	8.09	94.38	76.30	1	31.00
662.671	30.64	4.03	123.57	11.71	8.07	94.53	76.50	1	30.90
662.732	30.47	4.05	123.49	11.64	8.16	94.99	76.90	1	31.00
662.836	30.73	4.02	123.42	11.71	8.08	94.61	76.70	1	30.90
662.981	30.84	4.03	124.19	11.67	8.00	93.32	75.10	1	30.70
663.042	30.99	4.00	123.92	11.68	8.15	95.14	76.80	1	30.90
663.146	30.80	4.00	123.23	11.70	8.00	93.53	75.90	1	30.70
663.291	30.77	3.99	122.84	11.64	8.22	95.65	77.90	1	30.70
663.352	30.89	3.99	123.17	11.71	7.96	93.18	75.60	1	30.70
663.456	31.00	3.98	123.48	11.64	8.10	94.29	76.40	1	30.60
663.601	31.29	3.93	123.07	11.74	7.97	93.56	76.00	1	30.60
663.662	31.13	3.95	122.93	11.65	8.08	94.19	76.60	1	30.60
663.766	31.00	3.99	123.58	11.68	8.04	93.93	76.00	1	30.90
663.911	30.69	4.03	123.73	11.64	8.17	95.13	76.90	1	30.90
663.972	30.85	4.01	123.77	11.69	8.07	94.40	76.30	1	30.90
664.076	30.55	4.04	123.33	11.70	7.98	93.32	75.70	1	31.00
664.221	30.70	4.00	122.91	11.65	8.16	95.07	77.30	1	30.70
664.282	30.75	4.02	123.54	11.65	8.07	94.03	76.10	1	30.90
664.386	30.56	4.06	124.13	11.67	8.10	94.51	76.10	1	31.20
664.531	30.50	4.05	123.60	11.68	8.12	94.75	76.70	1	31.00
664.592	30.38	4.05	123.13	11.66	8.01	93.33	75.80	1	31.20
664.696	30.32	4.08	123.59	11.71	8.01	93.71	75.80	1	31.20
664.841	30.19	4.09	123.62	11.62	8.21	95.39	77.20	1	31.20
664.902	30.32	4.07	123.53	11.68	8.13	94.92	76.80	1	31.20
665.006	30.25	4.08	123.56	11.67	8.03	93.65	75.80	1	31.20
665.151	30.35	4.07	123.39	11.72	8.12	95.18	77.10	1	31.00
665.212	30.50	4.06	123.95	11.66	8.12	94.67	76.40	1	31.00
665.316	30.31	4.07	123.35	11.64	8.15	94.87	76.90	1	31.20
665.461	30.43	4.07	123.90	11.64	8.01	93.31	75.30	1	31.00
665.522	30.41	4.05	123.22	11.63	8.09	94.14	76.40	1	30.90
665.626	30.51	4.05	123.51	11.64	8.12	94.56	76.60	1	31.00
665.771	30.19	4.08	123.11	11.62	8.12	94.41	76.70	1	31.20
665.832	30.24	4.08	123.28	11.65	8.16	95.09	77.10	1	31.20
665.936	30.09	4.10	123.39	11.64	8.17	95.14	77.10	1	31.30
666.081	30.21	4.11	124.08	11.65	8.21	95.66	77.10	1	31.30
666.142	30.08	4.11	123.50	11.71	8.04	94.18	76.30	1	31.50
666.246	29.83	4.12	122.96	11.64	8.13	94.72	77.00	1	31.50
666.391	30.36	4.08	123.80	11.71	8.05	94.35	76.20	1	31.20
666.452	30.19	4.08	123.18	11.62	8.18	95.03	77.10	1	31.00
666.556	30.35	4.06	123.15	11.70	8.07	94.39	76.60	1	31.20
666.701	30.25	4.09	123.80	11.62	8.14	94.60	76.40	1	31.20
666.762	30.32	4.07	123.48	11.68	8.11	94.76	76.70	1	31.00
666.866	30.40	4.07	123.88	11.68	8.09	94.44	76.20	1	31.20
667.011	30.37	4.08	123.86	11.70	8.11	94.90	76.60	1	31.20
667.072	30.38	4.07	123.65	11.70	8.09	94.66	76.60	1	31.00
667.176	30.35	4.07	123.39	11.70	8.09	94.61	76.70	1	31.00
667.321	30.69	4.04	123.87	11.76	8.00	94.13	76.00	1	30.90
667.382	30.73	4.03	123.94	11.68	8.10	94.62	76.30	1	30.70
667.486	30.83	4.00	123.17	11.68	8.13	94.90	77.00	1	30.90
667.631	30.37	4.07	123.63	11.64	8.13	94.67	76.60	1	31.20
667.692	30.46	4.05	123.46	11.68	8.10	94.68	76.70	1	31.20
667.796	30.37	4.07	123.57	11.64	8.09	94.19	76.20	1	31.00
667.941	30.70	4.03	123.82	11.67	8.04	93.88	75.80	1	30.90
668.002	30.64	4.03	123.40	11.64	8.00	93.14	75.50	1	30.90
668.106	30.54	4.06	123.91	11.66	8.07	94.11	75.90	1	31.20
668.251	30.47	4.09	124.48	11.72	8.00	93.82	75.40	1	31.30
668.312	30.36	4.08	124.02	11.68	8.04	93.93	75.70	1	31.30
668.416	30.34	4.09	124.25	11.74	8.02	94.13	75.80	1	31.30
668.561	30.10	4.09	123.09	11.65	8.14	94.90	77.10	1	31.20
668.622	30.23	4.07	123.11	11.71	8.07	94.53	76.80	1	31.30
668.726	30.00	4.09	122.83	11.72	7.99	93.66	76.20	1	31.20
668.871	30.59	4.04	123.46	11.76	8.05	94.67	76.70	1	31.00
668.932	30.46	4.05	123.30	11.71	8.00	93.70	76.00	1	31.00
669.036	30.55	4.04	123.49	11.64	8.23	95.82	77.60	1	30.90
669.181	30.53	4.02	122.81	11.73	7.99	93.70	76.30	1	30.90
669.242	30.60	4.02	122.90	11.64	8.24	95.94	78.10	1	31.00
669.346	30.42	4.05	123.19	11.75	7.92	93.04	75.50	1	31.20
669.491	30.61	4.04	123.55	11.68	8.23	96.06	77.80	1	30.90
669.552	30.63	4.03	123.55	11.70	8.06	94.32	76.30	1	30.90
669.656	30.67	4.02	123.33	11.69	8.03	93.94	76.20	1	30.90
669.801	30.47	4.04	122.98	11.68	8.08	94.40	76.80	1	31.00
669.862	30.44	4.04	123.06	11.67	8.10	94.53	76.80	1	30.90
669.966	30.88	3.99	123.17	11.72	8.04	94.28	76.50	1	30.70
670.111	30.92	3.99	123.22	11.65	8.19	95.47	77.50	1	30.70
670.172	30.84	3.99	123.02	11.69	8.11	94.72	77.00	1	30.70
670.276	30.68	4.00	122.74	11.67	8.11	94.60	77.10	1	30.70
670.421	30.85	3.98	122.80	11.64	8.24	95.87	78.10	1	30.70
670.482	30.86	3.97	122.40	11.67	8.16	95.19	77.80	1	30.70
670.586	30.76	4.00	123.04	11.68	8.00	93.43	75.90	1	30.70
670.731	30.62	4.04	123.80	11.62	8.24	95.80	77.40	1	31.00
670.792	30.42	4.08	124.25	11.63	8.16	94.82	76.30	1	31.20
670.896	30.32	4.11	124.48	11.69	8.06	94.22	75.70	1	31.50
671.041	30.06	4.12	123.83	11.66	8.07	94.13	76.00	1	31.50
671.102	30.21	4.11	124.28	11.69	8.12	94.90	76.40	1	31.60
671.206	29.83	4.14	123.40	11.64	8.25	95.97	77.80	1	31.50
671.351	30.03	4.14	124.24	11.64	8.14	94.80	76.30	1	31.20
671.412	30.19	4.11	124.03	11.68	8.01	93.61	75.50	1	31.00
671.516	30.31	4.08	123.59	11.65	8.03	93.59	75.70	1	31.20
671.661	30.15	4.10	123.66	11.60	8.25	95.73	77.40	1	31.20
671.722	30.23	4.09	123.74	11.69	8.01	93.56	75.60	1	31.00
671.826	30.31	4.08	123.69	11.65	8.12	94.59	76.50	1	31.20
671.971	30.49	4.07	124.05	11.66	8.05	93.84	75.70	1	31.00
672.032	30.62	4.05	123.93	11.67	8.04	93.75	75.60	1	30.90
672.136	30.61	4.04	123.67	11.70	8.14	95.32	77.10	1	31.00
672.281	30.51	4.05	123.52	11.67	8.13	94.87	76.80	1	30.70
672.342	30.90	4.00	123.59	11.75	7.99	93.90	76.00	1	30.70
672.446	30.65	4.00	122.69	11.67	8.11	94.59	77.10	1	30.90
672.591	30.66	4.05	124.05	11.72	8.08	94.72	76.40	1	31.00
672.652	30.45	4.05	123.33	11.74	7.99	93.79	76.00	1	31.00
672.756	30.76	4.01	123.25	11.76	8.07	94.93	77.00	1	30.90
672.901	30.85	4.00	123.42	11.68	8.22	95.99	77.80	1	30.60
672.962	30.95	3.98	123.22	11.71	7.99	93.58	75.90	1	30.70
673.066	31.01	3.97	123.16	11.64	8.01	93.30	75.80	1	30.60
673.211	30.87	3.97	122.65	11.65	8.12	94.61	77.10	1	30.70
673.272	30.73	4.00	122.98	11.63	8.24	95.84	77.90	1	30.90
673.376	30.75	4.02	123.61	11.72	7.97	93.44	75.60	1	31.00
673.521	30.60	4.04	123.50	11.66	8.21	95.74	77.50	1	31.00
673.582	30.48	4.06	123.71	11.66	8.19	95.49	77.20	1	31.00
673.686	30.42	4.06	123.40	11.67	8.10	94.46	76.50	1	31.00
673.831	30.29	4.08	123.43	11.68	8.09	94.50	76.60	1	31.30
673.892	30.13	4.10	123.41	11.69	8.01	93.63	75.90	1	31.30
673.996	30.09	4.12	123.91	11.71	8.17	95.64	77.20	1	31.50
674.141	29.84	4.15	123.71	11.69	8.07	94.31	76.20	1	31.50
674.202	30.05	4.12	123.69	11.70	8.09	94.73	76.60	1	31.30
674.306	29.91	4.14	123.77	11.66	8.14	94.82	76.60	1	31.50
674.451	30.16	4.10	123.75	11.76	8.07	94.98	76.80	1	31.20
674.512	29.95	4.11	122.98	11.69	8.16	95.39	77.60	1	31.20
674.616	30.12	4.08	122.88	11.72	8.10	94.90	77.20	1	31.30
674.761	29.93	4.11	123.05	11.73	8.09	94.85	77.10	1	31.30
674.822	30.16	4.09	123.43	11.76	8.03	94.42	76.50	1	31.50
674.926	29.85	4.13	123.31	11.74	8.00	93.86	76.10	1	31.50
675.071	29.96	4.12	123.58	11.72	8.08	94.68	76.60	1	31.60
675.132	29.76	4.15	123.53	11.67	8.16	95.22	77.10	1	31.60
675.236	29.94	4.13	123.71	11.72	8.15	95.56	77.20	1	31.30
675.381	29.96	4.13	123.69	11.68	8.06	94.08	76.10	1	31.60
675.442	30.02	4.12	123.60	11.72	8.14	95.40	77.20	1	31.50
675.546	30.02	4.11	123.35	11.72	8.01	93.92	76.10	1	31.50
675.691	30.22	4.10	124.02	11.71	8.07	94.46	76.20	1	31.30
675.752	30.03	4.10	123.23	11.66	8.14	94.96	77.10	1	31.20
675.856	30.19	4.08	123.22	11.73	8.06	94.47	76.70	1	31.50
676.001	29.90	4.14	123.89	11.64	8.15	94.89	76.60	1	31.60
676.062	29.96	4.13	123.81	11.73	8.16	95.75	77.30	1	31.80
676.166	29.71	4.15	123.30	11.75	7.95	93.43	75.80	1	31.60
676.311	30.06	4.13	124.18	11.74	8.06	94.70	76.30	1	31.50
676.372	29.90	4.14	123.64	11.68	8.11	94.68	76.60	1	31.30
676.476	29.90	4.12	123.32	11.73	8.03	94.18	76.40	1	31.50
676.621	29.71	4.16	123.70	11.64	8.12	94.47	76.40	1	31.80
676.682	29.76	4.16	123.68	11.70	7.98	93.38	75.50	1	31.80
676.786	29.32	4.19	122.84	11.64	8.12	94.55	77.00	1	31.80
676.931	29.73	4.17	123.98	11.66	8.02	93.50	75.40	1	31.50
676.992	29.57	4.17	123.33	11.59	8.16	94.62	76.70	1	31.30
677.096	29.75	4.16	123.75	11.57	8.11	93.84	75.80	1	31.50
677.241	29.78	4.16	123.83	11.58	8.05	93.21	75.30	1	31.50
677.302	29.81	4.15	123.65	11.60	8.15	94.62	76.50	1	31.30
677.406	29.60	4.16	123.17	11.54	8.23	95.00	77.10	1	31.30
677.551	30.15	4.12	124.28	11.62	8.09	93.97	75.60	1	31.00
677.612	30.38	4.10	124.50	11.62	8.16	94.81	76.10	1	30.90
677.716	30.40	4.07	123.66	11.63	8.09	94.13	76.10	1	31.00
677.861	30.68	4.05	124.10	11.67	8.05	93.92	75.70	1	31.00
677.922	30.29	4.08	123.54	11.64	8.10	94.27	76.30	1	31.20
678.026	30.46	4.06	123.53	11.72	7.98	93.58	75.80	1	31.00
678.171	30.60	4.04	123.70	11.64	8.22	95.75	77.40	1	31.00
678.232	30.48	4.06	123.84	11.66	8.02	93.53	75.50	1	30.90
678.336	30.73	4.03	123.84	11.66	8.16	95.19	76.90	1	30.90
678.481	30.82	4.04	124.57	11.68	8.17	95.46	76.60	1	30.90
678.542	30.92	4.00	123.81	11.70	8.07	94.48	76.30	1	30.70
678.646	30.72	4.03	123.63	11.65	8.09	94.23	76.20	1	30.90
678.791	30.69	4.03	123.84	11.71	7.97	93.40	75.40	1	31.00
678.852	30.75	4.05	124.50	11.66	8.15	95.07	76.40	1	31.00
678.956	30.51	4.06	123.94	11.72	8.10	94.97	76.60	1	31.00
679.101	30.31	4.10	124.12	11.65	8.14	94.87	76.40	1	31.30
679.162	30.32	4.10	124.21	11.68	8.13	95.01	76.50	1	31.50
679.266	30.02	4.14	124.15	11.67	8.08	94.37	76.00	1	31.50
679.411	30.20	4.12	124.39	11.71	8.01	93.84	75.40	1	31.30
679.472	30.09	4.12	123.93	11.61	8.16	94.65	76.40	1	31.20
679.576	30.10	4.10	123.35	11.70	8.07	94.41	76.50	1	31.20
679.721	30.26	4.09	123.65	11.62	8.16	94.88	76.70	1	31.20
679.782	30.33	4.09	124.11	11.68	8.13	94.97	76.50	1	31.30
679.886	30.10	4.10	123.56	11.61	8.15	94.68	76.60	1	31.30
680.031	30.09	4.09	123.18	11.65	8.10	94.40	76.60	1	31.30
680.092	29.94	4.12	123.24	11.65	7.99	93.17	75.60	1	31.50
680.196	29.94	4.13	123.52	11.63	8.23	95.72	77.50	1	31.60
680.341	29.61	4.16	123.10	11.64	8.10	94.20	76.50	1	31.50
680.402	29.79	4.13	123.03	11.70	8.09	94.66	76.90	1	31.50
680.506	29.77	4.14	123.28	11.62	8.13	94.52	76.70	1	31.50
680.651	30.08	4.11	123.64	11.70	8.08	94.59	76.50	1	31.20
680.712	30.01	4.12	123.51	11.65	8.18	95.33	77.20	1	31.20
680.816	30.12	4.10	123.38	11.64	8.23	95.80	77.70	1	31.30
680.961	29.85	4.14	123.53	11.62	8.23	95.61	77.40	1	31.60
681.022	29.84	4.14	123.61	11.68	8.18	95.49	77.30	1	31.60
681.126	29.60	4.16	123.26	11.64	8.07	93.93	76.20	1	31.50
681.271	29.96	4.13	123.72	11.66	8.07	94.03	76.00	1	31.30
681.332	30.00	4.14	124.34	11.61	8.13	94.40	75.90	1	31.20
681.436	30.31	4.08	123.59	11.69	8.07	94.32	76.30	1	31.00
681.581	30.18	4.10	123.81	11.61	8.18	95.04	76.80	1	31.20
681.642	30.48	4.07	124.01	11.68	8.07	94.24	76.00	1	31.20
681.746	30.12	4.09	123.34	11.66	8.01	93.37	75.70	1	31.00
681.891	30.63	4.05	124.08	11.71	8.04	94.17	75.90	1	30.90
681.952	30.45	4.05	123.41	11.61	8.23	95.58	77.50	1	31.00
682.056	30.51	4.04	123.15	11.67	8.11	94.63	76.80	1	31.00
682.201	30.60	4.06	124.13	11.61	8.18	94.91	76.50	1	31.00
682.262	30.41	4.08	123.95	11.68	8.04	93.89	75.80	1	31.20
682.366	30.12	4.10	123.50	11.60	8.19	95.07	77.00	1	31.00
682.511	30.40	4.07	123.63	11.69	8.12	94.96	76.80	1	31.20
682.572	30.26	4.08	123.47	11.62	8.25	95.81	77.60	1	31.20
682.676	30.33	4.08	123.83	11.66	8.15	95.09	76.80	1	31.20
682.821	30.34	4.09	124.24	11.67	8.06	94.04	75.70	1	31.20
682.882	30.50	4.07	124.30	11.74	8.07	94.76	76.20	1	31.00
682.986	30.44	4.09	124.48	11.65	8.13	94.75	76.10	1	31.20
683.131	30.29	4.10	124.21	11.69	8.02	93.67	75.40	1	31.30
683.192	30.14	4.11	123.88	11.66	8.06	93.94	75.80	1	31.30
683.296	30.14	4.09	123.41	11.70	8.16	95.49	77.40	1	31.30
683.441	30.14	4.11	123.86	11.63	8.27	96.20	77.70	1	31.20
683.502	30.16	4.08	123.13	11.72	7.95	93.11	75.60	1	31.00
683.606	30.26	4.07	123.18	11.66	8.06	93.97	76.30	1	31.20
683.751	30.29	4.10	124.07	11.67	8.09	94.34	76.00	1	31.30
683.812	30.24	4.12	124.54	11.64	8.23	95.77	76.90	1	31.50
683.916	29.70	4.17	123.75	11.66	8.14	95.00	76.80	1	31.50
684.061	29.65	4.16	123.42	11.71	8.04	94.10	76.20	1	31.60
684.122	29.51	4.18	123.40	11.63	8.12	94.40	76.50	1	31.80
684.226	29.59	4.18	123.73	11.68	7.99	93.40	75.50	1	31.80
684.371	29.49	4.18	123.24	11.61	8.15	94.61	76.80	1	31.60
684.432	29.68	4.17	123.79	11.60	8.29	96.13	77.70	1	31.60
684.536	29.71	4.16	123.63	11.55	8.30	95.85	77.50	1	31.50
684.681	29.93	4.15	124.22	11.61	8.18	94.91	76.40	1	31.50
684.742	29.78	4.16	123.87	11.54	8.33	96.08	77.60	1	31.50
684.846	29.80	4.13	123.20	11.67	8.00	93.28	75.70	1	31.30
684.991	29.81	4.14	123.50	11.68	8.14	95.07	77.00	1	31.60
685.052	29.57	4.17	123.27	11.66	8.04	93.75	76.10	1	31.80
685.156	29.58	4.17	123.29	11.75	7.96	93.50	75.80	1	31.80
685.301	29.30	4.20	123.04	11.53	8.32	95.90	77.90	1	31.60
685.362	29.60	4.19	124.08	11.60	8.30	96.30	77.60	1	31.60
685.466	29.57	4.19	124.00	11.58	8.16	94.47	76.20	1	31.50
685.611	29.82	4.16	124.04	11.67	7.96	92.93	74.90	1	31.50
685.672	29.74	4.16	123.69	11.62	8.05	93.52	75.60	1	31.60
685.776	29.78	4.16	123.82	11.66	8.04	93.81	75.80	1	31.60
685.921	29.78	4.16	123.91	11.63	8.21	95.49	77.10	1	31.50
685.982	29.86	4.15	124.02	11.57	8.25	95.41	76.90	1	31.30
686.086	29.89	4.14	123.86	11.61	8.21	95.37	77.00	1	31.30
686.231	29.92	4.11	123.00	11.60	8.08	93.69	76.20	1	31.30
686.292	30.05	4.10	123.15	11.66	8.09	94.31	76.60	1	31.20
686.396	30.11	4.10	123.30	11.61	8.07	93.66	76.00	1	31.20
686.541	30.27	4.09	123.88	11.62	8.22	95.53	77.10	1	31.20
686.602	30.09	4.11	123.74	11.58	8.21	95.11	76.90	1	31.30
686.706	30.16	4.12	124.14	11.71	8.05	94.28	75.90	1	31.00
686.851	30.19	4.09	123.55	11.67	7.99	93.22	75.50	1	31.00
686.912	30.43	4.05	123.33	11.73	7.94	93.18	75.50	1	31.20
687.016	30.35	4.06	123.28	11.63	8.10	94.13	76.40	1	31.20
687.161	30.20	4.09	123.66	11.67	8.06	94.02	76.00	1	31.30
687.222	30.19	4.11	124.05	11.59	8.28	95.89	77.30	1	31.30
687.326	30.05	4.13	124.25	11.58	8.18	94.71	76.20	1	31.30
687.471	29.92	4.15	124.23	11.70	8.04	94.11	75.80	1	31.30
687.532	29.78	4.15	123.66	11.65	8.19	95.38	77.10	1	31.30
687.636	29.90	4.15	123.98	11.67	8.16	95.26	76.80	1	31.50
687.781	29.67	4.19	124.24	11.51	8.29	95.43	76.80	1	31.60
687.842	29.68	4.18	123.96	11.53	8.11	93.49	75.40	1	31.60
687.946	29.58	4.20	124.11	11.54	8.11	93.57	75.40	1	31.80
688.091	29.25	4.20	122.83	11.59	7.99	92.59	75.40	1	31.80
688.152	29.44	4.17	122.69	11.69	7.96	93.12	75.90	1	31.60
688.256	29.47	4.19	123.34	11.63	7.98	92.85	75.30	1	31.50
688.401	29.71	4.16	123.74	11.64	7.97	92.73	74.90	1	31.30
688.462	29.68	4.16	123.48	11.57	8.13	94.11	76.20	1	31.30
688.566	30.11	4.11	123.69	11.61	8.16	94.81	76.70	1	31.20
688.711	29.87	4.14	123.66	11.66	8.04	93.77	75.80	1	31.50
688.772	29.77	4.16	123.71	11.61	8.07	93.68	75.70	1	31.50
688.876	29.77	4.16	123.99	11.59	8.32	96.46	77.80	1	31.60
689.021	29.48	4.20	123.77	11.53	8.22	94.80	76.60	1	31.60
689.082	29.60	4.19	124.00	11.60	8.10	93.98	75.80	1	31.60
689.186	29.34	4.22	123.65	11.58	8.05	93.18	75.40	1	31.60
689.331	29.25	4.21	123.19	11.65	7.94	92.45	75.00	1	31.80
689.392	29.29	4.22	123.46	11.60	8.08	93.67	75.90	1	31.60
689.496	29.31	4.21	123.51	11.66	7.99	93.10	75.40	1	31.60
689.641	29.56	4.21	124.33	11.68	7.99	93.30	75.00	1	31.30
689.702	29.58	4.19	124.01	11.60	8.11	94.12	75.90	1	31.30
689.806	29.67	4.19	124.24	11.62	8.12	94.41	76.00	1	31.60
689.951	29.80	4.17	124.16	11.50	8.34	95.92	77.30	1	31.50
690.012	29.81	4.17	124.24	11.53	8.14	93.90	75.60	1	31.30
690.116	29.72	4.17	123.84	11.58	8.09	93.77	75.70	1	31.50
690.261	29.76	4.19	124.73	11.59	8.04	93.20	74.70	1	31.60
690.322	29.74	4.19	124.74	11.67	8.04	93.79	75.20	1	31.80
690.426	29.46	4.21	124.11	11.55	8.23	95.10	76.60	1	31.60
690.571	29.69	4.19	124.45	11.58	8.13	94.13	75.60	1	31.80
690.632	29.52	4.21	124.18	11.57	8.12	93.95	75.70	1	31.90
690.736	29.40	4.21	123.83	11.63	7.99	92.89	75.00	1	31.80
690.881	29.22	4.23	123.52	11.70	7.94	92.96	75.30	1	31.90
690.942	29.11	4.24	123.35	11.60	7.95	92.31	74.80	1	31.80
691.046	29.27	4.21	123.22	11.62	7.96	92.57	75.10	1	31.90
691.191	29.16	4.23	123.24	11.60	7.93	91.95	74.60	1	31.80
691.252	29.37	4.21	123.49	11.62	7.97	92.62	75.00	1	31.60
691.356	29.45	4.19	123.43	11.60	7.96	92.38	74.80	1	31.50
691.501	29.77	4.16	123.94	11.63	7.95	92.48	74.60	1	31.30
691.562	30.02	4.13	123.98	11.69	7.98	93.30	75.30	1	31.20
691.666	30.12	4.12	124.03	11.67	7.99	93.18	75.10	1	31.20
691.811	30.19	4.09	123.48	11.63	8.31	96.63	78.30	1	31.30
691.872	30.10	4.12	123.97	11.52	8.38	96.56	77.90	1	31.30
691.976	29.93	4.14	123.93	11.60	8.18	94.83	76.50	1	31.30
692.121	30.02	4.14	124.36	11.62	8.19	95.24	76.60	1	31.20
692.182	30.05	4.13	124.12	11.67	8.14	94.95	76.50	1	31.20
692.286	30.13	4.12	124.17	11.59	8.29	96.12	77.40	1	31.20
692.431	30.29	4.09	123.95	11.59	8.18	94.84	76.50	1	31.20
692.492	30.44	4.07	123.78	11.69	8.04	93.98	75.90	1	31.00
692.596	30.24	4.09	123.58	11.65	8.05	93.81	75.90	1	31.00
692.741	30.55	4.06	124.15	11.75	7.93	93.16	75.00	1	30.90
692.802	30.47	4.06	123.72	11.67	8.02	93.57	75.60	1	31.00
692.906	30.63	4.04	123.66	11.72	8.06	94.47	76.40	1	31.00
693.051	30.72	4.04	124.13	11.65	8.14	94.81	76.40	1	30.90
693.112	30.66	4.04	123.97	11.65	8.00	93.20	75.20	1	30.70
693.216	30.53	4.03	123.16	11.71	8.02	93.93	76.30	1	30.70
693.361	30.86	4.01	123.59	11.59	8.27	95.79	77.50	1	30.60
693.422	31.01	3.98	123.34	11.59	8.30	96.14	77.90	1	30.60
693.526	31.09	3.98	123.75	11.54	8.32	95.96	77.50	1	30.60
693.671	31.27	3.95	123.64	11.55	8.14	94.03	76.10	1	30.40
693.732	31.18	3.95	123.03	11.56	8.16	94.34	76.70	1	30.40
693.836	30.96	4.00	123.68	11.60	8.01	92.90	75.10	1	30.60
693.981	30.85	4.04	124.60	11.70	8.05	94.22	75.60	1	31.00
694.042	30.53	4.08	124.45	11.56	8.26	95.47	76.70	1	31.00
694.146	30.48	4.05	123.38	11.65	8.09	94.21	76.40	1	30.90
694.291	30.68	4.06	124.56	11.61	8.15	94.54	75.90	1	31.00
694.352	30.51	4.06	123.78	11.68	8.14	95.09	76.80	1	31.20
694.456	30.37	4.09	124.30	11.56	8.34	96.33	77.50	1	31.20
694.601	30.08	4.13	124.17	11.61	8.20	95.18	76.70	1	31.20
694.662	30.15	4.13	124.61	11.57	8.33	96.31	77.30	1	31.20
694.766	30.25	4.09	123.76	11.69	7.95	92.85	75.00	1	31.20
694.911	30.33	4.06	123.12	11.66	8.19	95.49	77.60	1	31.20
694.972	30.20	4.08	123.20	11.61	8.12	94.31	76.60	1	31.00
695.076	30.35	4.07	123.42	11.69	8.01	93.62	75.90	1	31.00
695.221	30.32	4.06	122.98	11.71	8.00	93.68	76.20	1	31.00
695.282	30.33	4.06	123.23	11.74	8.02	94.17	76.40	1	31.20
695.386	30.09	4.11	123.66	11.66	8.14	94.87	76.70	1	31.50
695.531	30.08	4.14	124.48	11.68	8.11	94.69	76.10	1	31.20
695.592	30.27	4.10	124.14	11.71	8.16	95.58	77.00	1	31.20
695.696	30.01	4.11	123.38	11.65	8.13	94.65	76.70	1	31.30
695.841	30.24	4.10	124.00	11.61	8.35	96.95	78.20	1	31.20
695.902	30.31	4.09	124.01	11.57	8.46	97.89	78.90	1	31.00
696.006	30.45	4.07	124.02	11.56	8.44	97.63	78.70	1	31.00
696.151	30.65	4.05	124.21	11.56	8.37	96.74	77.90	1	30.90
696.212	30.58	4.06	124.17	11.53	8.25	95.14	76.60	1	30.90
696.316	30.62	4.06	124.27	11.61	8.17	94.88	76.40	1	30.70
696.461	30.50	4.06	123.73	11.63	8.17	95.04	76.80	1	30.90
696.522	30.58	4.06	124.02	11.67	8.12	94.73	76.40	1	31.00
696.626	30.37	4.08	124.01	11.54	8.31	95.85	77.30	1	31.00
696.771	30.28	4.11	124.32	11.63	7.94	92.32	74.30	1	31.20
696.832	30.19	4.11	124.09	11.65	7.93	92.40	74.50	1	31.20
696.936	30.34	4.08	123.75	11.67	8.01	93.48	75.50	1	31.20
697.081	30.10	4.12	124.02	11.66	8.06	94.06	75.80	1	31.50
697.142	29.95	4.15	124.25	11.66	8.02	93.47	75.20	1	31.60
697.246	29.87	4.16	124.15	11.64	8.21	95.55	77.00	1	31.50
697.391	29.92	4.16	124.38	11.47	8.47	97.13	78.10	1	31.50
697.452	29.90	4.16	124.34	11.52	8.47	97.58	78.50	1	31.60
697.556	29.63	4.18	123.85	11.45	8.49	97.17	78.50	1	31.50
697.701	29.94	4.15	124.21	11.50	8.42	96.79	77.90	1	31.20
697.762	30.15	4.12	124.13	11.51	8.48	97.65	78.70	1	31.20
697.866	29.97	4.12	123.47	11.47	8.42	96.57	78.20	1	31.30
698.011	30.12	4.15	124.96	11.52	8.37	96.45	77.20	1	31.50
698.072	29.92	4.17	124.84	11.52	8.33	95.90	76.80	1	31.60
698.176	29.86	4.17	124.57	11.60	8.26	95.84	76.90	1	31.50
698.321	29.66	4.18	123.85	11.58	8.32	96.32	77.80	1	31.50
698.382	29.72	4.18	124.12	11.58	8.18	94.66	76.30	1	31.50
698.486	30.04	4.14	124.38	11.55	8.39	96.95	77.90	1	31.20
698.631	29.98	4.14	124.11	11.49	8.53	98.08	79.00	1	31.50
698.692	29.93	4.15	124.07	11.55	8.46	97.72	78.80	1	31.60
698.796	29.88	4.17	124.50	11.53	8.45	97.35	78.20	1	31.50
698.941	30.09	4.15	124.91	11.51	8.35	96.18	77.00	1	31.50
699.002	29.91	4.15	124.15	11.53	8.47	97.74	78.70	1	31.60
699.106	29.77	4.17	124.23	11.52	8.40	96.79	77.90	1	31.30
699.251	29.97	4.13	123.72	11.63	8.36	97.23	78.60	1	31.30
699.312	30.01	4.12	123.73	11.61	8.34	96.86	78.30	1	31.30
699.416	30.01	4.13	123.95	11.69	8.23	96.19	77.60	1	31.50
699.561	29.79	4.17	124.25	11.72	8.09	94.81	76.30	1	31.60
699.622	29.70	4.18	124.24	11.68	8.03	93.84	75.50	1	31.80
699.726	29.74	4.17	123.89	11.67	8.16	95.26	76.90	1	31.60
699.871	29.44	4.21	123.83	11.65	8.01	93.27	75.30	1	31.80
699.932	29.45	4.21	123.85	11.70	7.87	92.06	74.30	1	31.80
700.036	29.25	4.21	123.23	11.57	8.14	94.17	76.40	1	31.60
700.181	29.59	4.20	124.35	11.62	8.14	94.63	76.10	1	31.30
700.242	29.84	4.17	124.38	11.65	8.06	93.87	75.50	1	31.20
700.346	29.81	4.16	123.94	11.51	8.25	94.98	76.60	1	31.30
700.491	30.40	4.09	124.40	11.56	8.30	96.00	77.20	1	30.90
700.552	30.59	4.06	124.16	11.62	8.27	96.14	77.40	1	30.90
700.656	30.48	4.08	124.20	11.66	8.12	94.62	76.20	1	30.90
700.801	30.52	4.05	123.55	11.73	8.01	93.99	76.10	1	31.00
700.862	30.47	4.06	123.79	11.71	8.03	94.04	76.00	1	31.00
700.966	30.56	4.05	123.90	11.73	8.00	93.79	75.70	1	31.00
701.111	30.63	4.05	124.03	11.73	8.01	93.98	75.80	1	30.90
701.172	30.61	4.04	123.73	11.68	7.98	93.18	75.30	1	30.70
701.276	30.70	4.03	123.75	11.72	7.94	93.07	75.20	1	30.90
701.421	30.52	4.05	123.61	11.66	8.01	93.40	75.60	1	30.90
701.482	30.65	4.02	123.23	11.67	7.99	93.19	75.60	1	31.00
701.586	30.48	4.05	123.34	11.63	8.02	93.24	75.60	1	30.90
701.731	30.65	4.02	123.26	11.56	8.21	94.91	77.00	1	30.70
701.792	30.89	3.99	123.13	11.61	8.25	95.76	77.80	1	30.70
701.896	30.79	4.01	123.58	11.62	8.17	94.91	76.80	1	30.60
702.041	30.96	3.99	123.52	11.64	8.00	93.18	75.40	1	30.60
702.102	31.01	3.99	123.84	11.55	8.29	95.72	77.30	1	30.40
702.206	31.00	3.99	123.68	11.59	8.10	93.92	75.90	1	30.40
702.351	31.14	3.97	123.58	11.61	8.31	96.46	78.10	1	30.60
702.412	30.98	3.99	123.66	11.61	8.19	95.03	76.90	1	30.70
702.516	31.11	3.98	123.79	11.58	8.14	94.25	76.10	1	30.60
702.661	30.89	4.00	123.65	11.61	7.98	92.72	75.00	1	30.90
702.722	30.60	4.05	123.93	11.52	8.13	93.67	75.60	1	30.90
702.826	30.36	4.08	123.91	11.60	8.08	93.74	75.70	1	31.20
702.971	29.99	4.17	125.11	11.59	8.21	95.18	76.10	1	31.30
703.032	29.85	4.17	124.61	11.62	8.04	93.42	75.00	1	31.50
703.136	29.73	4.19	124.52	11.63	8.15	94.73	76.10	1	31.50
703.281	29.66	4.19	124.17	11.62	8.14	94.55	76.10	1	31.50
703.342	29.74	4.18	124.26	11.65	8.05	93.83	75.50	1	31.50
703.446	29.60	4.19	124.03	11.56	8.16	94.24	76.00	1	31.30
703.591	29.52	4.20	123.96	11.62	8.04	93.42	75.40	1	31.60
703.652	29.48	4.20	123.82	11.65	8.15	94.91	76.70	1	31.50
703.756	29.61	4.20	124.31	11.65	7.97	92.89	74.70	1	31.50
703.901	29.73	4.17	124.07	11.69	7.94	92.78	74.80	1	31.30
703.962	29.65	4.19	124.31	11.62	8.07	93.78	75.40	1	31.30
704.066	29.98	4.16	124.78	11.71	7.99	93.54	75.00	1	31.00
704.211	30.10	4.14	124.50	11.62	8.32	96.70	77.70	1	31.30
704.272	29.95	4.15	124.29	11.59	8.22	95.34	76.70	1	31.20
704.376	30.01	4.14	124.17	11.54	8.35	96.35	77.60	1	31.20
704.521	30.15	4.13	124.55	11.58	8.26	95.67	76.80	1	31.20
704.582	30.27	4.11	124.54	11.66	8.11	94.58	75.90	1	31.00
704.686	30.31	4.11	124.53	11.60	8.21	95.25	76.50	1	31.00
704.831	30.09	4.13	124.19	11.65	8.03	93.53	75.30	1	31.00
704.892	30.22	4.11	124.20	11.64	8.17	95.11	76.60	1	31.00
704.996	30.38	4.09	124.33	11.59	8.06	93.40	75.10	1	31.00
705.141	30.39	4.10	124.66	11.59	8.23	95.45	76.60	1	31.20
705.202	30.27	4.11	124.40	11.53	8.27	95.40	76.70	1	31.00
705.306	30.48	4.07	124.16	11.55	8.40	96.98	78.10	1	30.90
705.451	30.60	4.05	124.00	11.56	8.44	97.50	78.60	1	31.00
705.512	30.52	4.06	123.92	11.54	8.32	96.02	77.50	1	30.90
705.616	30.61	4.04	123.60	11.65	8.24	95.96	77.60	1	31.00
705.761	30.45	4.05	123.46	11.66	8.03	93.63	75.80	1	30.90
705.822	30.69	4.03	123.56	11.67	8.08	94.23	76.30	1	30.70
705.926	30.62	4.03	123.33	11.66	8.12	94.60	76.70	1	30.70
706.071	30.48	4.06	123.80	11.64	8.02	93.35	75.40	1	31.00
706.132	30.61	4.04	123.63	11.70	7.93	92.76	75.00	1	31.00
706.236	30.40	4.08	124.07	11.57	8.14	94.17	75.90	1	31.20
706.381	30.01	4.14	124.18	11.60	8.13	94.31	75.90	1	31.30
706.442	29.84	4.14	123.44	11.60	8.22	95.33	77.20	1	31.20
706.546	29.76	4.14	123.22	11.61	8.05	93.43	75.80	1	31.30
706.691	29.81	4.15	123.84	11.63	8.10	94.24	76.10	1	31.50
706.752	29.68	4.18	124.04	11.54	8.19	94.42	76.10	1	31.60
706.856	29.67	4.18	124.14	11.52	8.42	96.98	78.10	1	31.80
707.001	29.36	4.21	123.56	11.62	8.29	96.35	78.00	1	31.80
707.062	29.36	4.22	123.87	11.57	8.19	94.79	76.50	1	31.80
707.166	29.69	4.17	123.85	11.69	8.04	94.03	75.90	1	31.80
707.311	29.69	4.19	124.39	11.62	8.14	94.59	76.00	1	31.50
707.372	29.74	4.17	123.94	11.54	8.22	94.85	76.50	1	31.30
707.476	29.96	4.12	123.57	11.63	8.16	94.94	76.80	1	31.30
707.621	30.04	4.13	124.21	11.61	8.14	94.51	76.10	1	31.30
707.682	30.05	4.12	123.77	11.67	7.92	92.42	74.70	1	31.20
707.786	30.02	4.12	123.59	11.55	8.20	94.72	76.60	1	31.20
707.931	30.12	4.13	124.39	11.64	8.14	94.72	76.10	1	31.00
707.992	30.35	4.10	124.57	11.62	8.21	95.40	76.60	1	30.90
708.096	30.57	4.07	124.27	11.52	8.40	96.81	77.90	1	30.90
708.241	30.56	4.08	124.62	11.62	8.14	94.60	75.90	1	30.90
708.302	30.64	4.03	123.58	11.68	8.13	94.99	76.90	1	30.70
708.406	30.54	4.04	123.42	11.58	8.25	95.46	77.30	1	30.90
708.551	30.80	4.03	124.01	11.67	7.98	93.16	75.10	1	30.60
708.612	30.89	4.01	124.02	11.66	8.02	93.43	75.30	1	30.40
708.716	31.01	3.98	123.40	11.61	8.04	93.33	75.60	1	30.60
708.861	30.92	4.00	123.72	11.74	7.99	93.74	75.80	1	30.60
708.922	30.66	4.02	123.22	11.61	8.17	94.87	77.00	1	30.70
709.026	30.69	3.99	122.30	11.56	8.34	96.48	78.90	1	30.60
709.171	30.79	4.00	123.23	11.62	8.19	95.16	77.20	1	30.90
709.232	30.59	4.03	123.38	11.55	8.24	95.16	77.10	1	30.90
709.336	30.75	4.01	123.31	11.71	8.05	94.30	76.50	1	30.90
709.481	30.64	4.06	124.28	11.62	8.29	96.36	77.50	1	31.00
709.542	30.34	4.10	124.53	11.64	8.14	94.73	76.10	1	31.20
709.646	30.23	4.11	124.30	11.62	8.23	95.61	76.90	1	31.20
709.791	30.16	4.12	124.29	11.55	8.46	97.71	78.60	1	31.20
709.852	30.42	4.09	124.30	11.62	8.38	97.36	78.30	1	31.00
709.956	30.33	4.09	123.93	11.66	8.24	96.01	77.50	1	31.20
710.101	30.20	4.11	124.14	11.59	8.23	95.42	76.90	1	31.20
710.162	30.35	4.09	123.99	11.65	8.26	96.27	77.60	1	31.30
710.266	30.11	4.11	123.79	11.62	8.03	93.33	75.40	1	31.20
710.411	30.11	4.13	124.45	11.62	8.10	94.11	75.60	1	31.30
710.472	29.94	4.15	124.31	11.62	8.17	94.94	76.40	1	31.50
710.576	29.78	4.16	123.94	11.58	8.04	93.12	75.10	1	31.50
710.721	29.90	4.16	124.41	11.65	8.23	95.88	77.10	1	31.60
710.782	29.75	4.17	124.06	11.61	8.08	93.82	75.60	1	31.50
710.886	29.87	4.15	123.96	11.66	8.03	93.61	75.50	1	31.50
711.031	29.88	4.17	124.58	11.64	7.96	92.62	74.30	1	31.60
711.092	29.57	4.21	124.50	11.59	8.10	93.90	75.40	1	31.80
711.196	29.63	4.20	124.44	11.64	8.19	95.34	76.60	1	31.60
711.341	29.91	4.18	124.95	11.65	8.21	95.62	76.50	1	31.50
711.402	29.76	4.17	124.12	11.54	8.28	95.50	76.90	1	31.50
711.506	29.73	4.16	123.60	11.67	7.97	93.03	75.30	1	31.50
711.651	29.87	4.16	124.36	11.65	8.23	95.82	77.10	1	31.30
711.712	29.88	4.15	124.13	11.58	8.19	94.79	76.40	1	31.20
711.816	30.28	4.10	124.01	11.58	8.36	96.87	78.10	1	31.00
711.961	30.23	4.11	124.14	11.63	8.17	94.97	76.50	1	31.30
712.022	30.11	4.12	123.97	11.67	8.15	95.08	76.70	1	31.50
712.126	30.01	4.16	124.71	11.64	8.11	94.39	75.70	1	31.20
712.271	30.00	4.13	124.00	11.59	8.22	95.26	76.80	1	31.20
712.332	30.16	4.12	124.34	11.69	8.10	94.69	76.10	1	31.00
712.436	30.15	4.13	124.45	11.65	8.14	94.78	76.20	1	31.00
712.581	30.49	4.09	124.79	11.60	8.19	94.97	76.10	1	31.00
712.642	30.67	4.08	124.99	11.58	8.37	96.89	77.50	1	31.20
712.746	30.28	4.11	124.45	11.53	8.35	96.25	77.30	1	31.00
712.891	30.29	4.09	123.98	11.61	8.26	95.93	77.40	1	31.30
712.952	30.11	4.11	123.90	11.64	8.21	95.54	77.10	1	31.30
713.056	30.02	4.13	123.99	11.67	8.07	94.12	75.90	1	31.30
713.201	29.96	4.13	123.85	11.73	8.01	93.99	75.90	1	31.30
713.262	29.79	4.15	123.50	11.69	8.01	93.62	75.80	1	31.30
713.366	30.12	4.12	124.23	11.70	8.04	94.12	75.80	1	31.20
713.511	30.33	4.10	124.32	11.57	8.23	95.17	76.60	1	30.90
713.572	30.41	4.08	124.11	11.57	8.34	96.43	77.70	1	30.90
713.676	30.35	4.09	124.27	11.51	8.43	97.06	78.10	1	31.00
713.821	30.52	4.08	124.58	11.62	8.15	94.75	76.10	1	30.70
713.882	30.72	4.06	124.70	11.60	8.26	95.89	76.90	1	30.60
713.986	30.71	4.02	123.57	11.56	8.28	95.79	77.50	1	30.70
714.131	30.95	3.98	123.19	11.59	8.14	94.30	76.60	1	30.60
714.192	30.86	4.00	123.52	11.57	8.15	94.36	76.40	1	30.70
714.296	30.83	4.03	124.22	11.67	8.00	93.30	75.10	1	31.00
714.441	30.43	4.08	124.24	11.59	8.11	94.00	75.70	1	31.00
714.502	30.44	4.08	124.19	11.69	7.97	93.21	75.10	1	31.00
714.606	30.30	4.09	124.02	11.65	7.99	93.09	75.10	1	31.00
714.751	30.34	4.09	124.19	11.64	8.07	93.88	75.60	1	31.00
714.812	30.38	4.07	123.80	11.68	8.06	94.12	76.00	1	31.20
714.916	30.25	4.11	124.34	11.62	8.19	95.15	76.50	1	31.30
715.061	30.15	4.14	124.78	11.67	8.19	95.57	76.60	1	31.50
715.122	29.96	4.16	124.48	11.61	8.27	95.97	77.10	1	31.50
715.226	30.05	4.15	124.59	11.62	8.21	95.43	76.60	1	31.30
715.371	30.21	4.11	124.09	11.58	8.33	96.42	77.70	1	31.20
715.432	30.03	4.13	124.15	11.51	8.31	95.64	77.00	1	31.30
715.536	30.10	4.13	124.40	11.62	8.20	95.34	76.60	1	31.30
715.681	30.05	4.14	124.29	11.62	8.15	94.73	76.20	1	31.30
715.742	30.17	4.12	124.25	11.62	8.15	94.72	76.20	1	31.30
715.846	30.02	4.13	123.90	11.61	8.21	95.29	76.90	1	31.50
715.991	29.73	4.17	124.01	11.54	8.32	96.03	77.40	1	31.50
716.052	29.89	4.16	124.37	11.63	8.27	96.17	77.30	1	31.60
716.156	29.70	4.18	124.21	11.55	8.28	95.67	77.00	1	31.60
716.301	29.83	4.18	124.55	11.64	8.07	93.92	75.40	1	31.60
716.362	29.74	4.19	124.54	11.65	8.00	93.13	74.80	1	31.60
716.466	29.67	4.18	124.05	11.68	7.97	93.11	75.10	1	31.50
716.611	29.84	4.15	123.95	11.70	7.97	93.31	75.30	1	31.30
716.672	29.90	4.15	124.25	11.67	7.93	92.54	74.50	1	31.30
716.776	29.86	4.14	123.66	11.70	7.98	93.41	75.50	1	31.50
716.921	29.58	4.19	123.95	11.64	8.05	93.66	75.60	1	31.60
716.982	29.65	4.19	124.21	11.70	8.02	93.89	75.60	1	31.60
717.086	29.49	4.21	124.09	11.64	8.07	93.92	75.70	1	31.60
717.231	29.55	4.19	123.95	11.68	7.97	93.07	75.10	1	31.60
717.292	29.75	4.18	124.37	11.73	8.01	93.96	75.50	1	31.80
717.396	29.39	4.21	123.79	11.63	7.94	92.34	74.60	1	31.60
717.541	29.70	4.18	124.13	11.67	8.07	94.11	75.80	1	31.50
717.602	29.48	4.19	123.37	11.62	8.16	94.87	76.90	1	31.60
717.706	29.69	4.18	124.01	11.62	8.32	96.66	77.90	1	31.50
717.851	29.99	4.14	124.19	11.55	8.39	96.94	78.10	1	31.30
717.912	29.77	4.16	123.73	11.62	8.23	95.60	77.30	1	31.30
718.016	29.87	4.14	123.59	11.59	8.20	95.05	76.90	1	31.30
718.161	29.96	4.12	123.41	11.66	8.16	95.08	77.00	1	31.30
718.222	30.12	4.11	123.68	11.69	8.22	96.01	77.60	1	31.30
718.326	29.99	4.14	124.18	11.65	8.04	93.68	75.40	1	31.50
718.471	29.94	4.15	124.30	11.69	8.05	94.08	75.70	1	31.50
718.532	29.88	4.15	123.96	11.65	8.07	93.97	75.80	1	31.30
718.636	29.86	4.16	124.35	11.70	8.06	94.32	75.80	1	31.60
718.781	29.64	4.18	123.91	11.73	8.05	94.46	76.20	1	31.60
718.842	29.48	4.20	123.72	11.64	8.06	93.85	75.90	1	31.60
718.946	29.58	4.20	124.12	11.67	8.04	93.88	75.60	1	31.80
719.091	29.65	4.18	124.06	11.62	8.07	93.77	75.60	1	31.60
719.152	29.78	4.16	123.97	11.66	8.01	93.36	75.30	1	31.60
719.256	29.60	4.18	123.73	11.64	7.99	93.08	75.20	1	31.80
719.401	29.47	4.21	124.18	11.55	8.17	94.42	76.00	1	31.90
719.462	29.62	4.20	124.44	11.61	8.22	95.45	76.70	1	32.10
719.566	29.15	4.23	123.32	11.55	8.06	93.05	75.50	1	31.90
719.711	29.13	4.25	123.88	11.62	8.11	94.25	76.10	1	31.90
719.772	29.05	4.25	123.40	11.60	8.17	94.81	76.80	1	31.80
719.876	29.31	4.22	123.71	11.51	8.26	95.09	76.90	1	31.60
720.021	30.10	4.15	125.06	11.64	8.20	95.45	76.30	1	31.20
720.082	30.11	4.13	124.45	11.64	8.15	94.91	76.30	1	31.20
720.186	30.11	4.12	123.99	11.68	8.12	94.89	76.50	1	31.20
720.331	30.08	4.12	123.92	11.66	8.24	96.05	77.50	1	31.30
720.392	30.05	4.13	124.05	11.58	8.28	95.87	77.30	1	31.30
720.496	29.95	4.14	123.92	11.57	8.44	97.60	78.80	1	31.50
720.641	29.84	4.16	124.20	11.59	8.28	95.94	77.20	1	31.30
720.702	29.97	4.12	123.41	11.62	8.24	95.69	77.50	1	31.20
720.806	29.87	4.14	123.74	11.60	8.16	94.69	76.50	1	31.30
720.951	30.01	4.12	123.70	11.69	8.13	95.02	76.80	1	31.30
721.012	30.04	4.13	124.02	11.61	8.30	96.33	77.70	1	31.30
721.116	29.95	4.12	123.54	11.70	8.13	95.12	77.00	1	31.30
721.261	29.83	4.18	124.73	11.64	8.15	94.85	76.00	1	31.60
721.322	29.70	4.19	124.39	11.71	7.99	93.61	75.30	1	31.80
721.426	29.63	4.18	123.86	11.62	8.08	93.90	75.80	1	31.80
721.571	29.51	4.19	123.66	11.60	8.14	94.41	76.30	1	31.80
721.632	29.57	4.20	124.11	11.54	8.35	96.37	77.70	1	31.90
721.736	29.19	4.24	123.91	11.57	8.15	94.25	76.10	1	31.90
721.881	29.29	4.22	123.47	11.64	8.07	93.88	76.00	1	31.80
721.942	29.37	4.21	123.70	11.55	8.29	95.72	77.40	1	31.60
722.046	29.73	4.16	123.72	11.64	8.05	93.69	75.70	1	31.50
722.191	29.95	4.15	124.23	11.65	8.05	93.82	75.50	1	31.30
722.252	30.03	4.12	123.77	11.69	8.10	94.63	76.50	1	31.30
722.356	29.91	4.15	124.07	11.65	8.15	94.89	76.50	1	31.50
722.501	29.76	4.18	124.31	11.60	8.21	95.20	76.60	1	31.60
722.562	29.61	4.19	124.13	11.61	8.31	96.47	77.70	1	31.80
722.666	29.53	4.20	123.94	11.60	8.25	95.61	77.10	1	31.60
722.811	29.37	4.20	123.21	11.66	8.03	93.65	76.00	1	31.90
722.872	29.20	4.22	123.07	11.62	8.05	93.55	76.00	1	31.80
722.976	29.67	4.18	124.16	11.66	8.16	95.15	76.60	1	31.50
723.121	29.98	4.16	124.80	11.63	7.95	92.43	74.10	1	31.30
723.182	30.10	4.14	124.49	11.68	7.96	93.04	74.70	1	31.50
723.286	29.87	4.14	123.62	11.65	8.12	94.63	76.50	1	31.30
723.431	29.77	4.16	123.75	11.57	8.31	96.13	77.70	1	31.50
723.492	29.63	4.18	123.73	11.57	8.30	95.98	77.60	1	31.60
723.596	29.63	4.19	124.18	11.62	8.20	95.29	76.70	1	31.80
723.741	29.57	4.17	123.29	11.69	8.05	94.10	76.30	1	31.80
723.802	29.30	4.20	122.95	11.62	8.12	94.31	76.70	1	31.60
723.906	29.70	4.16	123.64	11.66	8.21	95.71	77.40	1	31.50
724.051	29.73	4.17	123.98	11.63	8.16	94.89	76.50	1	31.60
724.112	29.71	4.18	124.31	11.60	8.31	96.42	77.60	1	31.80
724.216	29.28	4.23	123.94	11.60	8.15	94.54	76.30	1	31.90
724.361	29.21	4.22	123.25	11.57	8.09	93.60	75.90	1	31.90
724.422	28.98	4.23	122.67	11.60	7.99	92.66	75.50	1	31.90
724.526	29.33	4.20	123.32	11.66	7.97	92.85	75.30	1	31.60
724.671	29.78	4.17	124.11	11.67	8.10	94.58	76.20	1	31.30
724.732	29.80	4.16	123.95	11.64	8.00	93.15	75.20	1	31.30
724.836	30.02	4.12	123.68	11.60	8.28	96.06	77.70	1	31.30
724.981	29.78	4.17	124.24	11.61	8.18	94.96	76.40	1	31.60
725.042	29.61	4.19	124.16	11.70	8.05	94.17	75.90	1	31.80
725.146	29.55	4.19	123.77	11.59	8.20	94.98	76.70	1	31.60
725.291	29.60	4.19	124.08	11.71	7.97	93.28	75.20	1	31.90
725.352	29.33	4.21	123.62	11.63	8.08	94.00	76.00	1	32.10
725.456	29.30	4.22	123.56	11.67	8.02	93.63	75.80	1	31.90
725.601	29.12	4.22	122.97	11.69	8.07	94.28	76.70	1	32.10
725.662	29.02	4.25	123.23	11.65	8.04	93.65	76.00	1	32.20
725.766	28.92	4.26	123.28	11.60	8.25	95.74	77.70	1	32.20
725.911	28.71	4.29	123.21	11.51	8.28	95.27	77.30	1	32.50
725.972	28.61	4.30	123.04	11.57	8.14	94.21	76.60	1	32.40
726.076	28.49	4.32	122.98	11.56	7.93	91.76	74.60	1	32.50
726.221	28.21	4.33	122.14	11.49	7.93	91.17	74.60	1	32.70
726.282	28.30	4.32	122.37	11.57	7.95	91.99	75.20	1	32.50
726.386	28.29	4.32	122.35	11.50	8.22	94.47	77.20	1	32.50
726.531	28.45	4.30	122.41	11.55	8.12	93.70	76.50	1	32.40
726.592	28.56	4.29	122.49	11.66	7.92	92.39	75.40	1	32.40
726.696	28.69	4.29	123.14	11.56	8.08	93.42	75.90	1	32.10
726.841	28.75	4.26	122.48	11.55	8.08	93.29	76.20	1	32.10
726.902	29.04	4.24	123.28	11.59	8.19	94.85	76.90	1	32.10
727.006	28.76	4.28	122.99	11.59	8.08	93.65	76.10	1	32.20
727.151	28.80	4.27	123.08	11.55	8.12	93.79	76.20	1	32.20
727.212	28.64	4.28	122.64	11.58	8.24	95.38	77.80	1	32.40
727.316	28.62	4.29	122.73	11.55	8.08	93.37	76.10	1	32.20
727.461	28.83	4.27	123.24	11.65	8.16	95.05	77.10	1	32.40
727.522	28.68	4.28	122.90	11.63	7.92	92.10	74.90	1	32.50
727.626	28.55	4.29	122.42	11.65	7.91	92.18	75.30	1	32.40
727.771	28.72	4.29	123.09	11.61	8.01	92.94	75.50	1	32.40
727.832	28.47	4.30	122.56	11.57	8.09	93.67	76.40	1	32.20
727.936	28.57	4.29	122.67	11.55	8.24	95.18	77.60	1	32.40
728.081	28.70	4.28	122.87	11.63	8.11	94.27	76.70	1	32.20
728.142	28.62	4.29	122.76	11.55	8.10	93.50	76.20	1	32.10
728.246	28.98	4.25	123.23	11.64	8.10	94.27	76.50	1	32.10
728.391	28.85	4.28	123.36	11.66	7.89	91.97	74.60	1	32.10
728.452	28.86	4.26	122.99	11.62	7.91	91.98	74.80	1	32.10
728.556	29.01	4.26	123.50	11.50	8.22	94.49	76.50	1	31.90
728.701	28.86	4.27	123.16	11.47	8.25	94.67	76.90	1	32.10
728.762	28.97	4.27	123.57	11.55	8.16	94.28	76.30	1	32.10
728.866	28.71	4.28	122.76	11.49	8.20	94.16	76.70	1	32.10
729.011	29.11	4.25	123.82	11.51	8.12	93.50	75.50	1	32.10
729.072	28.86	4.27	123.25	11.52	8.16	94.00	76.30	1	32.20
729.176	28.81	4.27	123.02	11.56	7.92	91.57	74.40	1	32.10
729.321	28.90	4.28	123.74	11.60	7.97	92.44	74.70	1	32.20
729.382	28.63	4.30	123.11	11.52	7.97	91.82	74.60	1	32.40
729.486	28.73	4.28	122.91	11.60	7.87	91.29	74.30	1	32.40
729.631	28.60	4.29	122.73	11.51	8.25	95.00	77.40	1	32.10
729.692	28.68	4.28	122.76	11.53	8.22	94.76	77.20	1	32.20
729.796	28.63	4.29	122.81	11.52	8.27	95.25	77.60	1	32.10
729.941	29.11	4.26	124.00	11.56	8.13	94.03	75.80	1	31.80
730.002	29.26	4.24	124.14	11.64	8.06	93.80	75.60	1	31.60
730.106	29.23	4.23	123.67	11.60	8.17	94.82	76.70	1	31.80
730.251	29.46	4.22	124.30	11.64	8.06	93.83	75.50	1	31.90
730.312	29.27	4.24	124.00	11.59	7.99	92.69	74.70	1	31.80
730.416	29.43	4.21	123.78	11.71	7.89	92.45	74.70	1	31.60
730.561	29.61	4.19	124.13	11.66	8.21	95.68	77.10	1	31.80
730.622	29.41	4.21	123.82	11.60	8.09	93.79	75.70	1	31.80
730.726	29.61	4.18	123.90	11.68	8.03	93.74	75.70	1	31.80
730.871	29.49	4.18	123.31	11.67	8.17	95.42	77.40	1	31.60
730.932	29.75	4.17	124.00	11.64	8.30	96.58	77.90	1	31.60
731.036	29.83	4.17	124.38	11.56	8.35	96.50	77.60	1	31.50
731.181	29.76	4.18	124.35	11.66	8.23	95.95	77.20	1	31.60
731.242	29.63	4.19	124.10	11.64	8.30	96.61	77.80	1	31.80
731.346	29.44	4.20	123.50	11.73	7.94	93.17	75.40	1	31.80
731.491	29.71	4.17	123.83	11.71	8.04	94.22	76.10	1	31.50
731.552	29.63	4.18	123.94	11.69	7.98	93.28	75.30	1	31.60
731.656	29.74	4.16	123.63	11.67	8.22	95.88	77.60	1	31.50
731.801	29.76	4.15	123.38	11.62	8.24	95.74	77.60	1	31.50
731.862	29.81	4.16	123.97	11.70	8.11	94.96	76.60	1	31.50
731.966	29.71	4.19	124.36	11.60	8.21	95.21	76.60	1	31.60
732.111	29.60	4.17	123.53	11.68	7.91	92.40	74.80	1	31.50
732.172	29.52	4.18	123.39	11.66	8.00	93.32	75.60	1	31.60
732.276	29.72	4.17	123.99	11.67	8.08	94.21	76.00	1	31.80
732.421	29.43	4.23	124.39	11.72	8.10	94.88	76.30	1	31.90
732.482	29.24	4.23	123.70	11.65	8.09	94.25	76.20	1	31.90
732.586	29.41	4.22	124.16	11.60	8.33	96.66	77.80	1	31.90
732.731	29.13	4.25	123.75	11.45	8.52	97.53	78.80	1	31.90
732.792	29.10	4.25	123.59	11.47	8.50	97.56	78.90	1	31.90
732.896	29.16	4.24	123.74	11.45	8.51	97.36	78.70	1	31.90
733.041	29.26	4.24	124.13	11.44	8.39	96.00	77.30	1	31.80
733.102	29.37	4.22	124.04	11.47	8.49	97.43	78.50	1	31.80
733.206	29.44	4.23	124.47	11.53	8.29	95.57	76.80	1	31.60
733.351	29.37	4.23	124.12	11.67	8.05	93.96	75.70	1	31.80
733.412	29.14	4.23	123.21	11.62	8.09	93.99	76.30	1	31.80
733.516	29.54	4.20	123.94	11.66	8.13	94.83	76.50	1	31.60
733.661	29.67	4.18	124.07	11.63	8.07	93.80	75.60	1	31.50
733.722	29.77	4.16	123.98	11.71	7.90	92.55	74.60	1	31.50
733.826	29.84	4.17	124.30	11.67	8.05	93.94	75.60	1	31.30
733.971	30.04	4.13	124.12	11.63	8.13	94.57	76.20	1	31.30
734.032	30.06	4.12	124.00	11.72	8.12	95.07	76.70	1	31.50
734.136	29.86	4.15	124.01	11.69	7.96	93.02	75.00	1	31.50
734.281	30.08	4.12	124.01	11.73	8.05	94.40	76.10	1	31.30
734.342	29.87	4.13	123.30	11.65	8.12	94.58	76.70	1	31.20
734.446	30.09	4.12	124.02	11.70	8.16	95.51	77.00	1	31.50
734.591	29.85	4.17	124.40	11.67	8.33	97.25	78.20	1	31.50
734.652	29.88	4.17	124.56	11.61	8.31	96.53	77.50	1	31.30
734.756	30.13	4.14	124.61	11.56	8.47	97.90	78.60	1	31.30
734.901	29.68	4.18	124.09	11.61	8.24	95.64	77.10	1	31.60
734.962	29.74	4.18	124.40	11.68	8.10	94.61	76.10	1	31.50
735.066	29.86	4.17	124.44	11.55	8.29	95.72	76.90	1	31.30
735.211	29.97	4.16	124.61	11.68	8.04	93.90	75.40	1	31.50
735.272	29.95	4.16	124.54	11.64	8.06	93.74	75.30	1	31.50
735.376	29.77	4.17	124.05	11.68	8.13	94.96	76.60	1	31.50
735.521	29.91	4.17	124.78	11.66	8.26	96.30	77.20	1	31.50
735.582	29.84	4.18	124.61	11.65	8.19	95.47	76.60	1	31.30
735.686	29.98	4.16	124.59	11.59	8.32	96.47	77.40	1	31.30
735.831	29.92	4.16	124.39	11.64	8.13	94.70	76.10	1	31.30
735.892	30.19	4.12	124.40	11.68	8.16	95.34	76.60	1	31.20
735.996	30.25	4.13	124.79	11.63	8.03	93.35	74.80	1	31.00
736.141	30.42	4.11	124.92	11.60	8.29	96.18	77.00	1	31.00
736.202	30.43	4.10	124.80	11.57	8.31	96.11	77.00	1	30.90
736.306	30.52	4.07	124.27	11.63	8.16	94.92	76.40	1	31.00
736.451	30.29	4.12	124.90	11.62	8.09	93.98	75.20	1	31.20
736.512	30.19	4.13	124.55	11.65	8.05	93.86	75.40	1	31.30
736.616	30.17	4.12	124.17	11.59	8.09	93.76	75.50	1	31.30
736.761	29.98	4.14	124.01	11.60	8.22	95.37	76.90	1	31.30
736.822	29.94	4.14	124.11	11.60	8.32	96.54	77.80	1	31.30
736.926	29.82	4.15	123.81	11.61	8.05	93.48	75.50	1	31.30
737.071	29.82	4.17	124.45	11.69	8.03	93.82	75.40	1	31.60
737.132	29.61	4.19	124.10	11.62	8.14	94.62	76.20	1	31.80
737.236	29.51	4.21	124.18	11.60	8.24	95.57	77.00	1	31.60
737.381	29.91	4.17	124.77	11.56	8.16	94.35	75.60	1	31.20
737.442	30.09	4.13	124.18	11.63	8.19	95.22	76.70	1	31.20
737.546	30.03	4.13	124.00	11.64	8.05	93.70	75.60	1	31.20
737.691	30.22	4.11	124.28	11.66	8.20	95.62	76.90	1	31.20
737.752	30.11	4.13	124.24	11.57	8.26	95.61	77.00	1	31.20
737.856	30.31	4.10	124.27	11.68	8.12	94.81	76.30	1	31.30
738.001	30.08	4.12	123.86	11.63	8.28	96.33	77.80	1	31.20
738.062	30.27	4.11	124.35	11.70	8.14	95.19	76.60	1	31.00
738.166	30.41	4.10	124.53	11.61	8.23	95.59	76.80	1	30.90
738.311	30.72	4.06	124.69	11.68	7.95	92.86	74.50	1	30.90
738.372	30.64	4.05	124.18	11.68	8.02	93.65	75.40	1	30.90
738.476	30.73	4.04	124.31	11.64	8.10	94.23	75.80	1	31.00
738.621	30.47	4.09	124.55	11.66	8.10	94.38	75.80	1	31.20
738.682	30.34	4.11	124.71	11.59	8.27	95.81	76.80	1	31.20
738.786	30.24	4.11	124.38	11.58	8.29	96.07	77.20	1	31.00
738.931	30.48	4.10	124.90	11.59	8.25	95.58	76.50	1	31.00
738.992	30.59	4.08	124.70	11.69	8.13	94.97	76.20	1	31.20
739.096	30.36	4.10	124.58	11.59	8.23	95.43	76.60	1	31.00
739.241	30.46	4.08	124.39	11.65	8.27	96.35	77.50	1	31.00
739.302	30.29	4.09	124.00	11.58	8.28	95.91	77.30	1	31.00
739.406	30.26	4.10	124.01	11.67	8.14	95.02	76.60	1	31.20
739.551	30.24	4.11	124.32	11.66	8.11	94.51	76.00	1	31.30
739.612	30.22	4.11	124.24	11.62	8.18	94.97	76.40	1	31.30
739.716	30.05	4.14	124.35	11.58	8.31	96.23	77.40	1	31.30
739.861	29.86	4.18	124.84	11.63	8.20	95.39	76.40	1	31.30
739.922	29.87	4.17	124.56	11.62	8.21	95.43	76.60	1	31.30
740.026	29.95	4.14	124.00	11.69	8.04	94.04	75.80	1	31.50
740.171	29.81	4.17	124.24	11.66	8.14	94.93	76.40	1	31.60
740.232	29.67	4.19	124.27	11.55	8.21	94.91	76.40	1	31.60
740.336	29.47	4.21	123.97	11.58	8.28	95.87	77.30	1	31.50
740.481	29.74	4.18	124.36	11.59	8.21	95.20	76.50	1	31.30
740.542	30.02	4.15	124.62	11.66	8.16	95.07	76.30	1	31.20
740.646	30.00	4.14	124.34	11.61	8.17	94.90	76.30	1	31.20
740.791	30.13	4.13	124.49	11.60	8.31	96.42	77.50	1	31.30
740.852	29.91	4.15	124.20	11.56	8.20	94.83	76.40	1	31.30
740.956	30.22	4.11	124.31	11.59	8.18	94.75	76.20	1	31.00
741.101	30.30	4.11	124.53	11.63	8.17	94.95	76.20	1	31.00
741.162	30.43	4.09	124.40	11.67	8.17	95.38	76.70	1	30.90
741.266	30.48	4.09	124.54	11.59	8.25	95.59	76.80	1	30.90
741.411	30.45	4.08	124.20	11.61	8.08	93.77	75.50	1	31.00
741.472	30.33	4.09	124.14	11.64	8.05	93.70	75.50	1	31.20
741.576	30.33	4.09	124.04	11.66	8.13	94.83	76.50	1	31.20
741.721	30.48	4.06	123.87	11.62	8.29	96.31	77.80	1	31.00
741.782	30.41	4.08	124.17	11.61	8.21	95.35	76.80	1	31.00
741.886	30.26	4.11	124.36	11.60	8.23	95.43	76.70	1	31.20
742.031	30.23	4.10	124.02	11.63	8.20	95.28	76.80	1	31.00
742.092	30.51	4.07	124.12	11.71	8.09	94.68	76.30	1	30.90
742.196	30.54	4.06	124.02	11.64	8.17	95.08	76.70	1	30.90
742.341	30.25	4.09	123.76	11.64	8.08	94.07	76.00	1	31.20
742.402	30.24	4.11	124.26	11.57	8.19	94.80	76.30	1	31.00
742.506	30.58	4.06	124.12	11.65	8.02	93.51	75.30	1	31.00
742.651	30.44	4.08	124.20	11.65	8.09	94.22	75.90	1	31.00
742.712	30.50	4.06	123.74	11.65	8.10	94.43	76.30	1	30.90
742.816	30.36	4.06	123.26	11.64	8.18	95.15	77.20	1	31.00
742.961	30.46	4.09	124.43	11.57	8.25	95.49	76.70	1	31.20
743.022	30.26	4.10	124.15	11.59	8.30	96.18	77.50	1	31.30
743.126	30.01	4.15	124.42	11.63	8.15	94.75	76.20	1	31.30
743.271	30.11	4.12	123.91	11.63	8.06	93.71	75.60	1	31.20
743.332	29.93	4.13	123.59	11.61	8.10	94.04	76.10	1	31.30
743.436	29.91	4.11	122.94	11.67	8.14	95.06	77.30	1	31.20
743.581	30.11	4.10	123.58	11.61	8.12	94.30	76.30	1	31.20
743.642	30.24	4.11	124.24	11.67	8.16	95.15	76.60	1	31.30
743.746	29.94	4.15	124.13	11.55	8.34	96.35	77.60	1	31.50
743.891	29.74	4.17	124.13	11.66	8.17	95.25	76.70	1	31.30
743.952	29.86	4.16	124.15	11.63	8.31	96.72	77.90	1	31.30
744.056	29.84	4.15	123.87	11.59	8.25	95.63	77.20	1	31.30
744.201	30.14	4.12	124.17	11.64	8.06	93.76	75.50	1	31.30
744.262	29.90	4.14	123.85	11.58	8.01	92.76	74.90	1	31.30
744.366	30.15	4.12	124.22	11.70	7.97	93.28	75.10	1	31.30
744.511	30.35	4.11	124.85	11.61	8.16	94.75	75.90	1	31.30
744.572	30.21	4.12	124.53	11.66	8.05	93.78	75.30	1	31.50
744.676	29.91	4.14	123.84	11.66	8.11	94.53	76.30	1	31.50
744.821	29.88	4.15	123.93	11.60	8.23	95.56	77.10	1	31.50
744.882	29.81	4.16	124.03	11.61	8.28	96.16	77.50	1	31.50
744.986	29.66	4.19	124.20	11.65	8.18	95.29	76.70	1	31.60
745.131	29.95	4.15	124.33	11.68	8.08	94.36	75.90	1	31.50
745.192	29.80	4.16	124.09	11.64	8.06	93.80	75.60	1	31.30
745.296	29.83	4.14	123.57	11.69	8.04	93.98	76.10	1	31.30
745.441	30.05	4.14	124.43	11.57	8.19	94.75	76.10	1	31.20
745.502	30.13	4.11	123.96	11.60	8.15	94.54	76.30	1	31.20
745.606	30.07	4.11	123.52	11.62	8.08	93.89	76.00	1	31.20
745.751	30.33	4.11	124.59	11.57	8.27	95.65	76.80	1	31.20
745.812	30.26	4.10	123.96	11.57	8.34	96.49	77.80	1	31.00
745.916	30.21	4.11	124.09	11.66	8.17	95.29	76.80	1	31.20
746.061	30.40	4.09	124.21	11.69	8.15	95.23	76.70	1	31.20
746.122	30.13	4.11	123.83	11.61	8.16	94.79	76.60	1	31.20
746.226	30.42	4.07	123.71	11.64	8.20	95.53	77.20	1	31.00
746.371	30.45	4.07	123.92	11.65	8.07	94.02	75.90	1	31.20
746.432	30.41	4.07	123.66	11.70	8.07	94.48	76.40	1	31.20
746.536	30.23	4.11	124.14	11.63	8.22	95.61	77.00	1	31.30
746.681	30.19	4.13	124.62	11.57	8.29	95.91	77.00	1	31.30
746.742	30.26	4.10	124.11	11.59	8.36	96.89	78.10	1	31.20
746.846	30.08	4.13	124.38	11.65	8.05	93.74	75.40	1	31.30
746.991	30.17	4.11	124.04	11.69	8.01	93.62	75.50	1	31.00
747.052	30.23	4.10	124.02	11.65	8.06	93.97	75.80	1	31.20
747.156	30.24	4.11	124.36	11.67	8.08	94.27	75.80	1	31.30
747.301	29.91	4.17	124.80	11.61	8.19	95.08	76.20	1	31.60
747.362	29.75	4.20	124.89	11.62	8.10	94.18	75.40	1	31.60
747.466	29.56	4.18	123.62	11.65	8.16	95.08	76.90	1	31.60
747.611	29.66	4.19	124.29	11.64	8.16	95.03	76.50	1	31.50
747.672	29.85	4.17	124.36	11.69	8.15	95.31	76.60	1	31.30
747.776	29.76	4.17	124.08	11.58	8.23	95.28	76.80	1	31.50
747.921	29.68	4.16	123.45	11.71	7.94	92.96	75.30	1	31.50
747.982	29.73	4.17	123.99	11.67	7.98	93.17	75.10	1	31.50
748.086	29.79	4.16	123.88	11.69	7.90	92.31	74.50	1	31.30
748.231	29.88	4.13	123.49	11.76	7.91	92.99	75.30	1	31.50
748.292	29.78	4.16	123.89	11.68	7.94	92.78	74.90	1	31.50
748.396	29.88	4.15	123.88	11.73	7.91	92.78	74.90	1	31.50
748.541	29.62	4.19	124.24	11.64	8.28	96.30	77.50	1	31.80
748.602	29.42	4.21	123.95	11.65	8.05	93.81	75.70	1	31.80
748.706	29.22	4.21	122.93	11.60	8.12	94.25	76.70	1	31.60
748.851	29.25	4.22	123.50	11.60	8.20	95.12	77.00	1	31.90
748.912	29.30	4.21	123.45	11.65	8.11	94.52	76.60	1	31.90
749.016	29.19	4.22	123.31	11.57	8.15	94.33	76.50	1	31.80
749.161	29.48	4.20	123.76	11.55	8.14	94.00	76.00	1	31.60
749.222	29.60	4.19	124.01	11.63	8.09	94.06	75.80	1	31.50
749.326	29.47	4.19	123.44	11.60	8.21	95.17	77.10	1	31.60
749.471	29.48	4.19	123.66	11.64	8.14	94.67	76.60	1	31.60
749.532	29.54	4.19	123.65	11.62	8.18	95.08	76.90	1	31.60
749.636	29.67	4.19	124.17	11.54	8.30	95.73	77.10	1	31.30
749.781	30.22	4.12	124.50	11.67	7.95	92.84	74.60	1	31.20
749.842	30.12	4.13	124.40	11.59	8.02	92.93	74.70	1	31.00
749.946	30.40	4.09	124.21	11.61	8.15	94.58	76.10	1	31.00
750.091	30.12	4.13	124.51	11.65	8.10	94.41	75.80	1	31.30
750.152	29.98	4.16	124.62	11.52	8.17	94.16	75.60	1	31.50
750.256	30.11	4.13	124.42	11.54	8.36	96.45	77.50	1	31.30
750.401	30.17	4.11	124.02	11.66	8.17	95.36	76.90	1	31.30
750.462	30.03	4.14	124.43	11.61	8.13	94.37	75.80	1	31.30
750.566	30.00	4.13	124.02	11.62	8.17	95.02	76.60	1	31.50
750.711	30.01	4.13	123.99	11.60	8.24	95.57	77.10	1	31.30
750.772	30.02	4.13	123.98	11.66	8.11	94.53	76.20	1	31.50
750.876	29.81	4.15	123.70	11.65	8.09	94.18	76.10	1	31.30
751.021	30.30	4.11	124.41	11.64	7.93	92.25	74.20	1	31.00
751.082	30.49	4.06	123.81	11.70	7.89	92.27	74.50	1	30.90
751.186	30.38	4.08	123.91	11.57	8.18	94.61	76.30	1	31.00
751.331	30.17	4.13	124.70	11.61	8.10	93.99	75.40	1	31.20
751.392	30.09	4.14	124.50	11.61	8.13	94.41	75.80	1	31.30
751.496	29.92	4.15	124.21	11.58	8.04	93.14	75.00	1	31.30
751.641	30.26	4.10	124.18	11.49	8.42	96.80	78.00	1	31.00
751.702	30.43	4.09	124.45	11.51	8.44	97.10	78.00	1	30.90
751.806	30.64	4.04	123.81	11.58	8.31	96.31	77.80	1	30.90
751.951	30.61	4.03	123.32	11.67	8.13	94.80	76.90	1	30.70
752.012	30.59	4.05	123.84	11.56	8.17	94.45	76.30	1	30.70
752.116	30.73	4.02	123.54	11.58	8.24	95.39	77.20	1	30.90
752.261	30.54	4.07	124.32	11.63	8.13	94.56	76.10	1	31.00
752.322	30.43	4.08	124.05	11.71	7.98	93.45	75.30	1	31.20
752.426	30.22	4.09	123.66	11.68	8.01	93.53	75.60	1	31.00
752.571	30.27	4.11	124.32	11.57	8.11	93.84	75.50	1	30.90
752.632	30.57	4.09	124.91	11.67	8.06	94.15	75.40	1	30.90
752.736	30.60	4.07	124.60	11.58	8.19	94.85	76.10	1	30.90
752.881	30.44	4.06	123.45	11.61	8.15	94.62	76.60	1	30.70
752.942	30.70	4.02	123.40	11.68	8.15	95.14	77.10	1	30.90
753.046	30.38	4.06	123.31	11.59	8.22	95.29	77.30	1	31.00
753.191	30.59	4.03	123.43	11.60	8.10	93.95	76.10	1	30.70
753.252	30.63	4.03	123.46	11.62	8.14	94.62	76.60	1	30.70
753.356	30.68	4.03	123.71	11.59	8.13	94.23	76.20	1	30.60
753.501	30.89	4.01	123.91	11.64	8.02	93.40	75.40	1	30.90
753.562	30.62	4.04	123.87	11.65	8.08	94.15	76.00	1	30.90
753.666	30.52	4.05	123.53	11.60	8.12	94.22	76.30	1	30.90
753.811	30.50	4.07	124.29	11.61	8.16	94.70	76.20	1	31.00
753.872	30.44	4.08	124.07	11.52	8.35	96.15	77.50	1	31.00
753.976	30.53	4.07	124.21	11.64	8.18	95.29	76.70	1	31.00
754.121	30.62	4.07	124.55	11.60	8.30	96.27	77.30	1	31.00
754.182	30.48	4.08	124.33	11.57	8.25	95.45	76.80	1	31.20
754.286	30.43	4.07	123.90	11.67	7.95	92.72	74.80	1	31.20
754.431	30.23	4.11	124.35	11.60	8.25	95.68	76.90	1	31.00
754.492	30.29	4.11	124.41	11.66	8.07	94.12	75.70	1	30.90
754.596	30.51	4.07	124.08	11.59	8.21	95.15	76.70	1	30.90
754.741	30.46	4.08	124.28	11.56	8.34	96.44	77.60	1	31.20
754.802	30.42	4.08	123.97	11.64	8.21	95.64	77.10	1	31.20
754.906	30.27	4.09	123.69	11.68	8.00	93.45	75.60	1	31.20
755.051	30.13	4.12	124.03	11.59	8.18	94.76	76.40	1	31.30
755.112	30.10	4.12	123.87	11.66	8.01	93.47	75.50	1	31.50
755.216	29.68	4.16	123.37	11.59	8.14	94.26	76.40	1	31.30
755.361	29.68	4.19	124.29	11.50	8.24	94.69	76.20	1	31.60
755.422	29.56	4.20	124.04	11.59	8.23	95.32	76.80	1	31.80
755.526	29.11	4.20	122.15	11.55	8.21	94.84	77.60	1	31.80
755.671	29.55	4.18	123.52	11.62	7.99	92.82	75.10	1	31.50
755.732	29.65	4.17	123.72	11.55	8.21	94.82	76.60	1	31.30
755.836	29.93	4.15	124.25	11.66	8.01	93.40	75.20	1	31.20
755.981	30.31	4.10	124.34	11.57	8.25	95.43	76.70	1	31.00
756.042	30.22	4.10	124.01	11.50	8.26	94.99	76.60	1	31.20
756.146	30.37	4.09	124.08	11.58	8.37	96.87	78.10	1	31.20
756.291	30.44	4.08	124.20	11.64	8.16	94.97	76.50	1	30.90
756.352	30.54	4.07	124.18	11.55	8.24	95.16	76.60	1	31.00
756.456	30.50	4.06	123.82	11.63	8.18	95.09	76.80	1	31.20
756.601	30.20	4.11	123.98	11.65	8.01	93.33	75.30	1	31.20
756.662	30.19	4.11	124.12	11.68	7.90	92.23	74.30	1	31.30
756.766	29.81	4.14	123.45	11.63	7.95	92.38	74.80	1	31.50
756.911	29.70	4.15	123.24	11.54	8.03	92.71	75.20	1	31.60
756.972	29.77	4.15	123.55	11.60	8.07	93.60	75.80	1	31.60
757.076	29.24	4.20	122.92	11.54	8.19	94.60	77.00	1	31.60
757.221	29.38	4.20	123.37	11.63	8.07	93.87	76.10	1	31.50
757.282	29.68	4.18	123.95	11.59	8.18	94.85	76.50	1	31.30
757.386	29.84	4.15	123.84	11.52	8.27	95.26	76.90	1	31.20
757.531	30.29	4.09	123.78	11.64	8.19	95.32	77.00	1	31.00
757.592	30.20	4.12	124.31	11.63	8.10	94.18	75.80	1	31.20
757.696	30.21	4.12	124.37	11.62	8.05	93.57	75.20	1	31.20
757.841	30.30	4.09	124.03	11.57	8.35	96.59	77.90	1	31.30
757.902	30.07	4.14	124.54	11.48	8.43	96.76	77.70	1	31.50
758.006	30.05	4.13	124.12	11.56	8.35	96.61	77.80	1	31.50
758.151	29.92	4.14	124.02	11.52	8.34	96.04	77.40	1	31.50
758.212	29.85	4.14	123.68	11.54	8.32	96.01	77.60	1	31.60
758.316	29.61	4.16	123.13	11.49	8.33	95.76	77.80	1	31.60
758.461	29.66	4.17	123.73	11.53	8.23	94.89	76.70	1	31.30
758.522	29.84	4.14	123.51	11.58	8.18	94.73	76.70	1	31.20
758.626	30.17	4.11	123.98	11.56	8.29	95.87	77.30	1	31.20
758.771	30.49	4.08	124.42	11.60	8.24	95.51	76.80	1	31.20
758.832	30.25	4.11	124.31	11.56	8.29	95.80	77.10	1	31.30
758.936	30.19	4.11	124.01	11.59	8.23	95.37	76.90	1	31.20
759.081	30.40	4.08	124.03	11.63	8.23	95.74	77.20	1	31.20
759.142	30.23	4.10	124.10	11.57	8.21	94.98	76.50	1	31.20
759.246	30.26	4.09	123.75	11.66	8.11	94.61	76.40	1	31.20
759.391	30.41	4.09	124.29	11.62	8.07	93.78	75.50	1	30.90
759.452	30.49	4.07	124.05	11.66	7.96	92.83	74.80	1	31.00
759.556	30.50	4.09	124.64	11.56	8.20	94.86	76.10	1	31.20
759.701	29.95	4.16	124.63	11.61	8.12	94.27	75.60	1	31.30
759.762	29.81	4.16	123.86	11.70	8.01	93.69	75.60	1	31.30
759.866	29.78	4.16	124.00	11.61	8.07	93.73	75.60	1	31.00
760.011	30.24	4.10	124.06	11.64	8.14	94.72	76.40	1	30.90
760.072	30.39	4.09	124.22	11.61	8.26	95.88	77.20	1	30.90
760.176	30.33	4.09	124.18	11.64	8.12	94.53	76.10	1	31.00
760.321	30.14	4.12	124.13	11.71	7.94	93.05	75.00	1	31.00
760.382	30.11	4.12	124.12	11.68	8.03	93.75	75.50	1	31.00
760.486	30.30	4.08	123.58	11.67	7.92	92.41	74.80	1	31.00
760.631	30.51	4.06	123.89	11.59	8.30	96.20	77.60	1	31.00
760.692	30.40	4.08	123.97	11.56	8.30	95.97	77.40	1	31.20
760.796	30.34	4.07	123.49	11.64	8.16	94.96	76.90	1	31.20
760.941	30.45	4.05	123.40	11.56	8.17	94.50	76.60	1	30.90
761.002	30.62	4.04	123.71	11.66	8.12	94.70	76.60	1	30.90
761.106	30.45	4.03	122.73	11.63	8.06	93.74	76.40	1	30.70
761.251	30.73	4.04	124.09	11.58	8.10	93.78	75.60	1	31.00
761.312	30.65	4.04	123.89	11.64	8.07	94.01	75.90	1	31.00
761.416	30.28	4.08	123.60	11.64	8.11	94.44	76.40	1	30.90
761.561	30.61	4.07	124.45	11.61	8.01	93.02	74.70	1	30.90
761.622	30.67	4.05	124.25	11.60	8.13	94.22	75.80	1	30.70
761.726	30.53	4.04	123.30	11.55	8.23	95.09	77.10	1	30.90
761.871	30.71	4.03	123.91	11.64	8.24	95.82	77.30	1	30.70
761.932	30.80	4.02	123.85	11.61	8.15	94.59	76.40	1	30.60
762.036	30.98	3.99	123.76	11.61	8.16	94.82	76.60	1	30.70
762.181	30.96	3.99	123.59	11.64	8.17	95.10	77.00	1	30.60
762.242	30.94	4.00	123.79	11.59	8.11	94.04	76.00	1	30.40
762.346	31.06	3.96	122.94	11.63	7.95	92.42	75.20	1	30.60
762.491	31.09	3.97	123.53	11.58	8.12	94.10	76.20	1	30.30
762.552	31.16	3.97	123.59	11.55	8.01	92.55	74.90	1	30.30
762.656	31.29	3.93	122.94	11.55	8.20	94.68	77.00	1	30.40
762.801	31.17	3.95	123.22	11.56	8.21	94.85	77.00	1	30.30
762.862	31.29	3.93	122.86	11.63	7.98	92.84	75.60	1	30.30
762.966	31.34	3.91	122.46	11.60	8.10	93.88	76.70	1	30.10
763.111	31.34	3.93	123.20	11.59	8.19	94.92	77.00	1	30.30
763.172	31.30	3.92	122.60	11.62	8.03	93.39	76.20	1	30.30
763.276	31.37	3.92	123.06	11.57	8.12	93.99	76.40	1	30.30
763.421	31.18	3.95	123.30	11.53	8.21	94.63	76.70	1	30.40
763.482	31.19	3.95	123.26	11.62	8.05	93.57	75.90	1	30.40
763.586	31.07	3.95	122.69	11.56	8.16	94.32	76.90	1	30.30
763.731	31.03	3.95	122.50	11.56	8.08	93.46	76.30	1	30.40
763.792	31.10	3.94	122.68	11.64	8.01	93.26	76.00	1	30.60
763.896	30.90	3.98	123.03	11.61	8.15	94.58	76.90	1	30.70
764.041	30.56	4.06	124.16	11.62	8.12	94.44	76.10	1	31.00
764.102	30.40	4.07	123.84	11.61	8.16	94.70	76.50	1	31.20
764.206	30.22	4.10	123.78	11.60	8.22	95.29	77.00	1	31.20
764.351	30.05	4.11	123.47	11.57	8.13	94.11	76.20	1	31.20
764.412	30.26	4.10	124.08	11.61	8.08	93.88	75.70	1	31.00
764.516	30.23	4.11	124.12	11.58	8.13	94.19	75.90	1	31.00
764.661	30.36	4.08	123.99	11.60	8.16	94.69	76.40	1	30.90
764.722	30.53	4.08	124.48	11.59	8.28	95.94	77.10	1	30.90
764.826	30.70	4.05	124.18	11.58	8.19	94.87	76.40	1	30.90
764.971	30.62	4.03	123.38	11.60	8.12	94.16	76.30	1	30.70
765.032	30.70	4.04	123.89	11.54	8.14	93.97	75.80	1	30.70
765.136	31.04	4.01	124.39	11.65	7.92	92.30	74.20	1	30.70
765.281	30.92	4.00	123.68	11.55	8.21	94.76	76.60	1	30.70
765.342	30.74	4.02	123.56	11.56	8.17	94.47	76.50	1	30.90
765.446	30.74	4.04	124.06	11.55	8.32	96.04	77.40	1	30.70
765.591	30.71	4.04	123.93	11.54	8.24	95.04	76.70	1	30.70
765.652	30.85	4.03	124.44	11.59	8.15	94.48	75.90	1	30.70
765.756	30.54	4.06	123.99	11.55	8.28	95.61	77.10	1	30.70
765.901	30.83	4.03	124.34	11.55	8.21	94.83	76.30	1	30.60
765.962	30.85	4.02	124.05	11.54	8.29	95.70	77.10	1	30.70
766.066	30.75	4.03	123.99	11.57	8.21	94.92	76.60	1	30.90
766.211	30.73	4.06	124.67	11.71	7.98	93.42	74.90	1	30.90
766.272	30.39	4.10	124.65	11.63	8.02	93.24	74.80	1	31.00
766.376	30.35	4.09	124.14	11.64	8.01	93.24	75.10	1	30.90
766.521	30.49	4.06	123.70	11.55	8.30	95.82	77.50	1	31.00
766.582	30.40	4.08	123.94	11.48	8.31	95.42	77.00	1	31.20
766.686	30.31	4.10	124.24	11.52	8.46	97.45	78.40	1	31.30
766.831	30.15	4.11	124.05	11.56	8.42	97.37	78.50	1	31.20
766.892	30.27	4.10	124.09	11.59	8.38	97.19	78.30	1	31.00
766.996	30.37	4.08	123.81	11.57	8.31	96.17	77.70	1	31.20
767.141	30.27	4.10	124.03	11.61	8.23	95.53	77.00	1	30.90
767.202	30.20	4.06	122.73	11.65	8.21	95.59	77.90	1	31.00
767.306	30.13	4.11	123.72	11.63	8.15	94.74	76.60	1	31.20
767.451	30.01	4.12	123.59	11.62	8.21	95.46	77.20	1	31.30
767.512	29.98	4.13	123.94	11.60	8.25	95.77	77.30	1	31.30
767.616	29.93	4.12	123.40	11.61	8.34	96.85	78.50	1	31.30
767.761	30.29	4.09	123.81	11.59	8.33	96.51	77.90	1	31.20
767.822	30.25	4.10	124.15	11.53	8.29	95.58	77.00	1	31.20
767.926	30.17	4.13	124.65	11.58	8.31	96.22	77.20	1	31.50
768.071	29.99	4.15	124.37	11.47	8.51	97.66	78.50	1	31.30
768.132	30.11	4.13	124.41	11.51	8.48	97.61	78.50	1	31.20
768.236	30.14	4.13	124.42	11.50	8.36	96.13	77.30	1	31.20
768.381	29.93	4.15	124.24	11.62	8.08	93.87	75.60	1	31.30
768.442	29.85	4.15	123.99	11.63	8.20	95.37	76.90	1	31.30
768.546	29.91	4.15	124.10	11.63	8.09	94.17	75.90	1	31.00
768.691	30.45	4.09	124.47	11.63	8.10	94.13	75.60	1	31.00
768.752	30.45	4.09	124.55	11.55	8.17	94.35	75.70	1	30.90
768.856	30.55	4.06	123.94	11.66	8.06	93.94	75.80	1	31.00
769.001	30.32	4.10	124.22	11.63	8.11	94.29	75.90	1	31.00
769.062	30.51	4.07	124.29	11.65	7.98	92.98	74.80	1	30.90
769.166	30.73	4.06	124.68	11.58	8.20	95.03	76.20	1	30.60
769.311	30.84	4.03	124.19	11.61	8.22	95.44	76.90	1	30.70
769.372	30.91	4.02	124.38	11.65	8.13	94.70	76.10	1	30.90
769.476	30.57	4.06	123.97	11.64	8.17	95.07	76.70	1	30.70
769.621	30.77	4.03	123.98	11.67	8.03	93.67	75.60	1	30.70
769.682	30.81	4.01	123.46	11.65	8.05	93.84	76.00	1	30.60
769.786	30.78	4.00	123.24	11.67	7.96	92.89	75.40	1	30.70
769.931	31.10	3.99	124.05	11.58	8.24	95.39	76.90	1	30.40
769.992	31.27	3.98	124.37	11.52	8.38	96.52	77.60	1	30.40
770.096	31.40	3.93	123.50	11.58	8.23	95.34	77.20	1	30.40
770.241	31.39	3.92	122.97	11.61	8.11	94.08	76.50	1	30.30
770.302	31.29	3.93	122.97	11.54	8.20	94.65	77.00	1	30.40
770.406	31.32	3.94	123.51	11.68	7.93	92.57	75.00	1	30.60
770.551	31.08	3.98	123.67	11.62	8.15	94.62	76.50	1	30.60
770.612	30.87	4.01	123.84	11.58	8.05	93.16	75.20	1	30.70
770.716	30.90	4.01	123.74	11.58	8.24	95.45	77.10	1	30.90
770.861	30.49	4.05	123.63	11.61	8.09	93.88	75.90	1	30.70
770.922	30.67	4.03	123.58	11.60	8.05	93.43	75.60	1	30.60
771.026	30.87	3.98	122.98	11.55	8.23	95.01	77.30	1	30.40
771.171	30.93	4.02	124.36	11.56	8.22	94.97	76.40	1	30.70
771.232	30.93	4.01	123.98	11.65	8.11	94.42	76.20	1	30.90
771.336	30.62	4.05	124.05	11.64	8.09	94.15	75.90	1	30.70
771.481	30.58	4.04	123.51	11.69	7.88	92.12	74.60	1	30.90
771.542	30.58	4.06	124.13	11.67	7.95	92.78	74.70	1	31.00
771.646	30.53	4.07	124.13	11.67	7.93	92.59	74.60	1	31.00
771.791	30.47	4.07	123.98	11.66	8.19	95.54	77.10	1	31.00
771.852	30.35	4.08	123.89	11.56	8.35	96.58	78.00	1	31.00
771.956	30.42	4.05	123.25	11.58	8.37	96.90	78.60	1	31.00
772.101	30.35	4.11	124.63	11.55	8.34	96.31	77.30	1	31.50
772.162	30.21	4.12	124.58	11.57	8.28	95.78	76.90	1	31.50
772.266	30.02	4.16	124.78	11.56	8.22	94.99	76.10	1	31.60
772.411	29.64	4.18	124.00	11.49	8.39	96.41	77.80	1	31.50
772.472	29.92	4.16	124.58	11.56	8.34	96.46	77.40	1	31.50
772.576	29.77	4.18	124.33	11.52	8.38	96.51	77.60	1	31.60
772.721	29.79	4.18	124.42	11.59	8.24	95.53	76.80	1	31.60
772.782	29.73	4.18	124.27	11.59	8.25	95.66	77.00	1	31.60
772.886	29.74	4.17	123.89	11.64	8.19	95.40	77.00	1	31.50
773.031	29.91	4.15	124.16	11.69	8.13	95.11	76.60	1	31.50
773.092	29.83	4.17	124.29	11.62	8.17	95.00	76.40	1	31.50
773.196	30.07	4.14	124.61	11.72	8.09	94.83	76.10	1	31.50
773.341	29.70	4.18	124.00	11.71	7.99	93.49	75.40	1	31.50
773.402	29.84	4.17	124.37	11.74	7.93	93.05	74.80	1	31.50
773.506	29.77	4.17	124.14	11.71	8.00	93.68	75.50	1	31.30
773.651	30.08	4.15	124.72	11.68	8.09	94.45	75.70	1	31.20
773.712	30.22	4.11	124.08	11.74	7.95	93.38	75.30	1	31.30
773.816	29.99	4.12	123.62	11.67	8.01	93.42	75.60	1	31.20
773.961	29.93	4.15	124.06	11.72	7.84	91.88	74.10	1	31.50
774.022	29.82	4.17	124.37	11.69	7.91	92.55	74.40	1	31.60
774.126	29.76	4.18	124.40	11.71	7.85	91.92	73.90	1	31.60
774.271	29.64	4.18	123.97	11.70	7.90	92.40	74.50	1	31.60
774.332	29.54	4.19	123.69	11.61	8.05	93.52	75.60	1	31.60
774.436	29.61	4.19	124.08	11.65	7.96	92.72	74.70	1	31.90
774.581	29.20	4.24	123.73	11.54	8.36	96.43	77.90	1	31.80
774.642	29.16	4.23	123.33	11.57	8.24	95.37	77.30	1	31.90
774.746	29.12	4.24	123.44	11.60	8.26	95.87	77.70	1	31.80
774.891	29.38	4.22	123.96	11.68	8.11	94.79	76.50	1	31.60
774.952	29.58	4.20	124.31	11.71	8.05	94.26	75.80	1	31.50
775.056	29.83	4.18	124.64	11.68	8.11	94.68	76.00	1	31.30
775.201	30.02	4.15	124.72	11.54	8.25	95.16	76.30	1	31.30
775.262	30.17	4.13	124.68	11.56	8.41	97.13	77.90	1	31.30
775.366	30.07	4.14	124.63	11.50	8.37	96.26	77.20	1	31.50
775.511	29.87	4.16	124.33	11.54	8.45	97.53	78.40	1	31.60
775.572	29.89	4.17	124.64	11.49	8.44	97.07	77.90	1	31.50
775.676	29.96	4.15	124.28	11.55	8.42	97.30	78.30	1	31.60
775.821	29.89	4.18	124.88	11.54	8.42	97.19	77.80	1	31.80
775.882	29.68	4.20	124.56	11.52	8.31	95.69	76.80	1	31.80
775.986	29.61	4.19	124.02	11.54	8.43	97.32	78.50	1	31.60
776.131	29.74	4.18	124.31	11.58	8.40	97.35	78.30	1	31.60
776.192	29.51	4.17	123.14	11.67	8.32	97.10	78.90	1	31.80
776.296	29.50	4.18	123.39	11.66	8.21	95.74	77.60	1	31.60
776.441	29.73	4.16	123.63	11.66	8.10	94.40	76.40	1	31.30
776.502	30.01	4.12	123.79	11.69	8.11	94.78	76.60	1	31.30
776.606	30.04	4.12	123.80	11.57	8.30	96.06	77.60	1	31.20
776.751	30.14	4.13	124.33	11.69	8.05	94.09	75.70	1	31.50
776.812	29.93	4.14	124.00	11.68	8.06	94.14	75.90	1	31.30
776.916	29.95	4.14	123.87	11.73	7.89	92.59	74.70	1	31.50
777.061	30.07	4.15	124.68	11.69	7.94	92.83	74.50	1	31.50
777.122	29.90	4.17	124.62	11.60	8.18	94.89	76.10	1	31.60
777.226	29.70	4.19	124.37	11.68	8.12	94.82	76.20	1	31.60
777.371	29.53	4.20	123.99	11.65	8.08	94.18	76.00	1	31.60
777.432	29.59	4.20	124.14	11.59	8.15	94.42	76.10	1	31.50
777.536	30.10	4.14	124.70	11.66	8.25	96.15	77.10	1	31.30
777.681	30.10	4.10	123.32	11.65	8.06	93.87	76.10	1	31.30
777.742	30.21	4.09	123.52	11.71	8.05	94.26	76.30	1	31.20
777.846	30.23	4.09	123.52	11.63	8.15	94.85	76.80	1	31.00
777.991	30.28	4.08	123.59	11.57	8.29	95.87	77.60	1	31.00
778.052	30.39	4.06	123.40	11.62	8.26	95.99	77.80	1	30.90
778.156	30.53	4.05	123.72	11.55	8.29	95.74	77.40	1	30.70
778.301	30.60	4.03	123.33	11.63	8.12	94.44	76.60	1	30.90
778.362	30.46	4.06	123.70	11.60	8.14	94.42	76.30	1	31.00
778.466	30.54	4.07	124.17	11.65	8.07	94.01	75.70	1	31.00
778.611	30.46	4.07	124.05	11.65	8.15	94.90	76.50	1	31.20
778.672	30.09	4.10	123.39	11.63	8.06	93.69	75.90	1	31.20
778.776	30.35	4.07	123.61	11.70	8.00	93.63	75.70	1	31.00
778.921	30.56	4.08	124.59	11.58	8.32	96.29	77.30	1	30.90
778.982	30.68	4.05	124.17	11.56	8.33	96.35	77.60	1	30.70
779.086	30.53	4.06	123.90	11.59	8.22	95.26	76.90	1	30.90
779.231	30.13	4.11	123.97	11.60	8.23	95.46	77.00	1	31.20
779.292	30.24	4.10	123.94	11.56	8.34	96.44	77.80	1	31.00
779.396	30.40	4.09	124.32	11.62	8.04	93.42	75.10	1	30.90
779.541	30.60	4.06	124.26	11.69	8.13	95.03	76.50	1	30.90
779.602	30.42	4.07	123.80	11.61	8.13	94.39	76.20	1	31.00
779.706	30.48	4.06	123.69	11.75	8.01	94.15	76.10	1	31.20
779.851	30.55	4.05	123.73	11.63	8.30	96.57	78.00	1	30.90
779.912	30.59	4.05	123.80	11.58	8.37	97.01	78.40	1	31.00
780.016	30.37	4.09	124.12	11.52	8.38	96.52	77.80	1	31.20
780.161	30.39	4.10	124.57	11.56	8.18	94.64	76.00	1	30.90
780.222	30.48	4.07	124.05	11.61	8.19	95.10	76.70	1	31.00
780.326	30.37	4.09	124.27	11.65	8.06	93.93	75.60	1	31.20
780.471	30.58	4.07	124.43	11.63	8.21	95.49	76.70	1	30.90
780.532	30.53	4.05	123.72	11.54	8.27	95.42	77.10	1	30.70
780.636	30.73	4.03	123.71	11.65	8.05	93.71	75.70	1	30.90
780.781	30.33	4.08	123.88	11.64	8.01	93.19	75.20	1	31.00
780.842	30.33	4.07	123.33	11.66	8.08	94.19	76.40	1	31.00
780.946	30.12	4.09	123.24	11.58	8.17	94.67	76.80	1	31.20
781.091	30.08	4.15	124.85	11.61	8.06	93.50	74.90	1	31.30
781.152	30.18	4.13	124.78	11.61	8.23	95.53	76.60	1	31.50
781.256	30.00	4.14	124.27	11.58	8.15	94.44	76.00	1	31.30
781.401	30.03	4.14	124.44	11.64	8.15	94.86	76.20	1	31.30
781.462	30.16	4.13	124.56	11.57	8.22	95.08	76.30	1	31.20
781.566	30.15	4.10	123.65	11.69	8.06	94.19	76.20	1	31.30
781.711	30.28	4.10	124.12	11.63	8.17	95.02	76.60	1	31.00
781.772	30.49	4.07	123.99	11.63	8.17	95.06	76.70	1	31.00
781.876	30.41	4.06	123.56	11.71	7.94	93.04	75.30	1	31.20
782.021	30.28	4.09	123.89	11.74	7.92	92.99	75.10	1	31.00
782.082	30.48	4.05	123.59	11.77	7.94	93.44	75.60	1	30.90
782.186	30.21	4.06	122.79	11.69	7.91	92.53	75.40	1	31.00
782.331	30.21	4.09	123.66	11.71	7.97	93.28	75.40	1	31.30
782.392	30.06	4.11	123.63	11.69	7.95	93.00	75.20	1	31.50
782.496	29.91	4.14	123.79	11.70	7.98	93.40	75.40	1	31.60
782.641	29.93	4.14	124.03	11.73	7.98	93.54	75.40	1	31.50
782.702	29.82	4.15	123.86	11.71	7.90	92.51	74.70	1	31.30
782.806	29.88	4.14	123.65	11.76	7.96	93.62	75.70	1	31.50
782.951	30.06	4.11	123.53	11.68	8.00	93.44	75.60	1	31.50
783.012	30.10	4.11	123.72	11.71	8.01	93.77	75.80	1	31.50
783.116	29.76	4.16	123.88	11.64	8.18	95.25	76.90	1	31.60
783.261	29.71	4.18	124.30	11.67	8.03	93.65	75.30	1	31.80
783.322	29.72	4.18	124.28	11.75	7.91	92.97	74.80	1	31.80
783.426	29.49	4.21	124.11	11.61	8.13	94.38	76.00	1	31.80
783.571	29.30	4.21	123.44	11.70	8.05	94.14	76.30	1	31.80
783.632	29.29	4.20	123.10	11.69	8.13	95.05	77.20	1	31.60
783.736	29.45	4.20	123.63	11.64	8.00	93.12	75.30	1	31.50
783.881	29.95	4.14	123.98	11.63	8.18	95.08	76.70	1	31.20
783.942	30.07	4.13	124.10	11.56	8.18	94.56	76.20	1	31.20
784.046	30.41	4.08	124.19	11.61	8.24	95.68	77.00	1	31.00
784.191	30.54	4.08	124.68	11.54	8.35	96.32	77.30	1	31.20
784.252	30.37	4.10	124.52	11.58	8.28	95.95	77.10	1	31.30
784.356	30.25	4.09	123.87	11.57	8.30	95.99	77.50	1	31.30
784.501	30.12	4.16	125.32	11.64	8.09	94.12	75.10	1	31.60
784.562	29.89	4.16	124.43	11.74	7.94	93.30	75.00	1	31.50
784.666	29.70	4.18	124.24	11.67	8.04	93.78	75.50	1	31.60
784.811	29.53	4.21	124.21	11.71	8.11	94.99	76.50	1	31.80
784.872	29.42	4.21	123.74	11.68	8.19	95.62	77.30	1	31.60
784.976	29.50	4.21	124.17	11.69	8.12	94.87	76.40	1	31.60
785.121	29.54	4.21	124.47	11.75	7.98	93.74	75.30	1	31.60
785.182	29.31	4.21	123.53	11.68	8.04	94.00	76.10	1	31.60
785.286	29.33	4.23	123.96	11.76	7.96	93.58	75.50	1	31.90
785.431	29.49	4.21	124.27	11.69	8.06	94.24	75.80	1	31.60
785.492	29.64	4.20	124.38	11.69	7.95	92.95	74.70	1	31.50
785.596	29.93	4.16	124.54	11.59	8.20	95.08	76.30	1	31.50
785.741	29.84	4.16	124.12	11.54	8.37	96.62	77.80	1	31.60
785.802	29.84	4.17	124.31	11.58	8.37	96.95	78.00	1	31.80
785.906	29.55	4.19	123.82	11.63	8.26	96.13	77.60	1	31.60
786.051	29.32	4.20	123.21	11.68	8.03	93.71	76.10	1	31.60
786.112	29.59	4.18	123.67	11.70	8.06	94.31	76.30	1	31.50
786.216	29.73	4.17	123.94	11.58	8.19	94.79	76.50	1	31.30
786.361	30.20	4.11	124.02	11.63	8.12	94.46	76.20	1	31.20
786.422	30.09	4.11	123.77	11.59	8.23	95.36	77.00	1	31.30
786.526	30.09	4.10	123.50	11.63	8.20	95.32	77.20	1	31.20
786.671	30.29	4.09	123.93	11.68	8.29	96.82	78.10	1	31.50
786.732	30.08	4.13	124.27	11.63	8.27	96.17	77.40	1	31.60
786.836	29.92	4.14	123.96	11.71	8.17	95.69	77.20	1	31.50
786.981	29.63	4.15	123.10	11.67	8.10	94.54	76.80	1	31.50
787.042	29.74	4.15	123.37	11.71	8.01	93.78	76.00	1	31.60
787.146	29.67	4.19	124.37	11.71	8.04	94.22	75.80	1	31.80
787.291	29.47	4.21	124.15	11.66	7.99	93.19	75.10	1	31.80
787.352	29.53	4.20	123.99	11.68	7.93	92.64	74.70	1	31.80
787.456	29.56	4.19	124.01	11.60	8.19	94.92	76.50	1	31.60
787.601	29.55	4.20	124.13	11.67	8.04	93.90	75.60	1	31.80
787.662	29.53	4.21	124.18	11.67	8.10	94.61	76.20	1	31.90
787.766	29.25	4.24	123.96	11.60	8.12	94.10	75.90	1	32.10
787.911	29.26	4.24	123.99	11.67	8.07	94.12	75.90	1	32.10
787.972	29.01	4.26	123.48	11.65	8.08	94.09	76.20	1	32.10
788.076	29.16	4.25	124.05	11.62	8.10	94.21	75.90	1	31.80
788.221	29.55	4.22	124.77	11.60	8.31	96.35	77.20	1	31.60
788.282	29.62	4.20	124.49	11.56	8.34	96.36	77.40	1	31.50
788.386	29.77	4.18	124.48	11.68	8.08	94.45	75.90	1	31.60
788.531	29.71	4.17	123.85	11.66	8.23	96.02	77.50	1	31.50
788.592	29.79	4.17	124.25	11.65	8.18	95.37	76.80	1	31.50
788.696	30.09	4.14	124.51	11.74	7.96	93.46	75.10	1	31.30
788.841	29.84	4.16	124.05	11.67	7.94	92.70	74.70	1	31.50
788.902	29.83	4.15	123.85	11.69	7.88	92.14	74.40	1	31.50
789.006	29.80	4.16	123.95	11.60	8.11	94.13	75.90	1	31.50
789.151	29.68	4.16	123.34	11.59	8.07	93.56	75.90	1	31.50
789.212	29.81	4.14	123.48	11.67	7.98	93.20	75.50	1	31.50
789.316	29.78	4.16	123.89	11.68	7.94	92.74	74.90	1	31.50
789.461	30.04	4.12	123.64	11.79	7.87	92.83	75.10	1	31.50
789.522	29.95	4.14	124.05	11.73	8.02	94.08	75.80	1	31.50
789.626	29.86	4.14	123.71	11.71	7.98	93.50	75.60	1	31.30
789.771	30.10	4.10	123.53	11.68	8.12	94.82	76.80	1	31.20
789.832	30.13	4.12	124.04	11.64	8.16	95.05	76.60	1	31.20
789.936	30.52	4.07	124.36	11.70	8.18	95.74	77.00	1	31.00
790.081	30.62	4.07	124.55	11.66	8.16	95.18	76.40	1	30.90
790.142	30.67	4.05	124.30	11.68	8.14	95.12	76.50	1	31.00
790.246	30.59	4.06	124.04	11.60	8.19	95.09	76.70	1	31.00
790.391	30.39	4.07	123.79	11.60	8.04	93.29	75.40	1	31.00
790.452	30.40	4.07	123.58	11.67	8.00	93.39	75.60	1	31.00
790.556	30.26	4.10	124.00	11.64	8.03	93.52	75.40	1	31.00
790.701	30.28	4.10	124.28	11.65	8.25	96.17	77.40	1	31.20
790.762	30.22	4.12	124.55	11.56	8.34	96.48	77.50	1	31.30
790.866	30.04	4.15	124.57	11.59	8.20	95.12	76.40	1	31.50
791.011	29.93	4.17	124.77	11.61	8.31	96.45	77.30	1	31.20
791.072	30.14	4.15	124.96	11.62	8.19	95.16	76.20	1	31.00
791.176	30.15	4.12	124.16	11.65	8.01	93.37	75.20	1	31.20
791.321	30.14	4.11	124.02	11.62	8.17	95.00	76.60	1	31.20
791.382	30.25	4.09	123.71	11.65	8.20	95.58	77.30	1	31.20
791.486	30.21	4.10	123.82	11.66	8.06	93.92	75.80	1	31.20
791.631	30.57	4.07	124.33	11.77	7.94	93.39	75.10	1	31.00
791.692	30.44	4.08	124.06	11.71	7.95	93.11	75.10	1	31.00
791.796	30.35	4.09	124.13	11.74	7.99	93.73	75.50	1	31.20
791.941	30.10	4.11	123.85	11.73	8.06	94.52	76.30	1	31.20
792.002	29.96	4.13	123.70	11.73	8.00	93.88	75.90	1	31.30
792.106	30.11	4.13	124.27	11.73	8.09	94.91	76.40	1	31.30
792.251	29.83	4.17	124.34	11.64	8.26	96.15	77.30	1	31.60
792.312	30.01	4.16	124.76	11.65	8.29	96.60	77.40	1	31.50
792.416	30.07	4.15	124.65	11.60	8.38	97.17	78.00	1	31.30
792.561	30.20	4.14	125.00	11.59	8.34	96.66	77.30	1	31.30
792.622	30.23	4.12	124.58	11.60	8.39	97.32	78.10	1	31.20
792.726	30.23	4.11	124.26	11.55	8.30	95.88	77.20	1	31.20
792.871	30.38	4.12	125.29	11.63	8.10	94.20	75.20	1	31.30
792.932	30.03	4.15	124.72	11.57	8.18	94.68	75.90	1	31.50
793.036	30.01	4.13	124.07	11.68	8.04	93.91	75.70	1	31.50
793.181	30.14	4.13	124.45	11.59	8.26	95.73	76.90	1	31.20
793.242	30.14	4.13	124.34	11.59	8.23	95.41	76.70	1	31.20
793.346	30.20	4.11	124.11	11.66	8.27	96.44	77.70	1	31.30
793.491	30.04	4.11	123.61	11.67	8.09	94.40	76.40	1	31.20
793.552	30.19	4.10	123.66	11.71	7.98	93.51	75.60	1	31.30
793.656	30.21	4.12	124.50	11.64	8.11	94.36	75.80	1	31.30
793.801	30.15	4.14	124.89	11.61	8.29	96.28	77.10	1	31.60
793.862	30.10	4.14	124.67	11.68	8.27	96.53	77.40	1	31.60
793.966	29.83	4.18	124.74	11.68	8.11	94.72	75.90	1	31.50
794.111	29.72	4.16	123.66	11.79	7.87	92.75	75.00	1	31.60
794.172	29.57	4.20	124.16	11.69	7.98	93.35	75.20	1	31.80
794.276	29.58	4.19	124.05	11.70	7.82	91.59	73.80	1	31.60
794.421	29.65	4.19	124.13	11.69	8.12	94.93	76.50	1	31.80
794.482	29.29	4.22	123.59	11.62	8.15	94.71	76.60	1	31.90
794.586	29.50	4.21	124.21	11.76	7.97	93.79	75.50	1	31.60
794.731	29.87	4.17	124.61	11.63	8.29	96.48	77.40	1	31.30
794.792	29.95	4.16	124.56	11.68	8.22	95.97	77.00	1	31.30
794.896	29.96	4.15	124.35	11.69	8.12	94.97	76.40	1	31.50
795.041	29.82	4.15	123.65	11.60	8.12	94.20	76.20	1	31.30
795.102	29.94	4.13	123.64	11.67	8.06	94.08	76.10	1	31.50
795.206	29.60	4.17	123.49	11.65	8.14	94.76	76.70	1	31.50
795.351	30.03	4.15	124.57	11.67	8.15	95.07	76.30	1	31.20
795.412	30.26	4.10	124.18	11.72	8.09	94.78	76.30	1	31.00
795.516	30.13	4.11	123.81	11.69	8.04	94.02	75.90	1	31.20
795.661	30.18	4.11	123.88	11.74	7.82	91.77	74.10	1	31.20
795.722	30.14	4.11	123.89	11.67	7.95	92.74	74.90	1	31.20
795.826	30.28	4.09	123.77	11.72	7.85	91.98	74.30	1	31.20
795.971	30.20	4.10	123.69	11.73	7.97	93.49	75.60	1	31.20
796.032	30.12	4.11	123.92	11.66	7.99	93.20	75.20	1	31.20
796.136	30.42	4.07	123.69	11.71	8.11	94.96	76.80	1	31.20
796.281	30.16	4.10	123.67	11.68	8.12	94.87	76.70	1	31.20
796.342	30.30	4.09	123.89	11.74	8.07	94.72	76.50	1	31.20
796.446	30.22	4.09	123.73	11.72	8.12	95.16	76.90	1	31.00
796.591	30.28	4.09	123.75	11.63	8.22	95.63	77.30	1	31.20
796.652	30.31	4.10	124.30	11.59	8.37	97.05	78.10	1	31.30
796.756	30.03	4.14	124.42	11.58	8.32	96.38	77.50	1	31.30
796.901	30.15	4.13	124.63	11.75	8.04	94.38	75.70	1	31.20
796.962	29.91	4.15	124.22	11.69	8.08	94.48	76.10	1	31.30
797.066	30.06	4.15	124.73	11.70	8.09	94.62	75.90	1	31.50
797.211	29.64	4.19	124.34	11.62	8.18	94.97	76.40	1	31.60
797.272	29.77	4.17	124.26	11.69	7.94	92.84	74.70	1	31.50
797.376	29.67	4.18	124.15	11.70	7.93	92.79	74.70	1	31.50
797.521	30.11	4.16	125.38	11.59	8.26	95.68	76.30	1	31.20
797.582	30.32	4.11	124.76	11.65	8.23	95.82	76.80	1	31.30
797.686	30.12	4.15	124.85	11.66	8.08	94.20	75.50	1	31.20
797.831	30.28	4.11	124.44	11.63	8.37	97.40	78.30	1	31.20
797.892	30.40	4.11	124.86	11.60	8.25	95.71	76.60	1	31.00
797.996	30.37	4.10	124.64	11.72	8.05	94.37	75.70	1	31.20
798.141	30.07	4.15	124.74	11.65	8.13	94.76	76.00	1	31.30
798.202	30.10	4.13	124.40	11.73	7.94	93.10	74.80	1	31.30
798.306	29.98	4.14	124.14	11.70	8.05	94.22	75.90	1	31.30
798.451	30.01	4.14	124.22	11.63	8.13	94.50	76.10	1	31.30
798.512	30.13	4.13	124.31	11.71	8.10	94.90	76.30	1	31.30
798.616	30.09	4.13	124.35	11.64	8.21	95.60	76.90	1	31.50
798.761	29.84	4.17	124.40	11.74	7.98	93.63	75.30	1	31.50
798.822	29.92	4.17	124.69	11.71	8.02	93.89	75.30	1	31.30
798.926	30.22	4.10	124.00	11.73	8.02	94.06	75.90	1	31.30
799.071	30.09	4.12	123.91	11.71	7.96	93.22	75.20	1	31.20
799.132	30.26	4.09	123.80	11.71	7.98	93.48	75.50	1	31.20
799.236	30.23	4.09	123.62	11.65	8.11	94.41	76.40	1	31.20
799.381	30.13	4.11	123.99	11.58	8.22	95.24	76.80	1	31.20
799.442	30.04	4.12	123.84	11.58	8.30	96.13	77.60	1	31.00
799.546	30.34	4.09	124.07	11.68	7.97	93.06	75.00	1	31.00
799.691	30.55	4.05	123.63	11.70	8.10	94.70	76.60	1	31.00
799.752	30.48	4.07	123.95	11.65	8.13	94.76	76.50	1	31.00
799.856	30.54	4.07	124.22	11.63	8.27	96.20	77.40	1	31.00
800.001	30.39	4.07	123.77	11.68	8.11	94.65	76.50	1	31.00
800.062	30.53	4.05	123.69	11.73	8.14	95.48	77.20	1	31.00
800.166	30.34	4.10	124.26	11.66	8.10	94.50	76.10	1	31.20
800.311	30.25	4.13	124.79	11.66	8.16	95.17	76.30	1	31.50
800.372	29.95	4.15	124.20	11.66	8.10	94.53	76.10	1	31.50
800.476	30.27	4.11	124.46	11.72	8.07	94.57	76.00	1	31.20
800.621	30.17	4.11	124.14	11.68	8.09	94.45	76.10	1	31.20
800.682	30.39	4.09	124.39	11.67	8.15	95.12	76.50	1	31.20
800.786	30.07	4.11	123.50	11.60	8.19	94.93	76.90	1	31.30
800.931	29.97	4.13	123.88	11.56	8.26	95.45	77.00	1	31.30
800.992	29.90	4.15	124.17	11.56	8.31	96.15	77.40	1	31.50
801.096	29.75	4.19	124.59	11.61	8.13	94.45	75.80	1	31.80
801.241	29.67	4.19	124.32	11.66	8.02	93.53	75.20	1	31.80
801.302	29.58	4.20	124.39	11.64	8.12	94.45	75.90	1	31.80
801.406	29.73	4.19	124.44	11.69	8.20	95.85	77.00	1	31.90
801.551	29.55	4.22	124.64	11.67	8.04	93.86	75.30	1	31.90
801.612	29.47	4.21	124.12	11.69	8.02	93.78	75.60	1	31.90
801.716	29.29	4.22	123.68	11.62	8.13	94.52	76.40	1	31.90
801.861	29.15	4.23	123.43	11.60	8.11	94.01	76.20	1	32.10
801.922	29.15	4.23	123.26	11.64	8.14	94.75	76.90	1	31.90
802.026	28.98	4.24	122.72	11.56	8.13	94.07	76.70	1	31.80
802.171	29.66	4.20	124.51	11.65	8.15	94.99	76.30	1	31.60
802.232	29.58	4.19	124.02	11.63	8.11	94.37	76.10	1	31.50
802.336	29.67	4.18	124.07	11.66	8.17	95.17	76.70	1	31.60
802.481	29.65	4.21	124.83	11.56	8.37	96.78	77.50	1	31.80
802.542	29.55	4.22	124.75	11.53	8.32	95.98	76.90	1	31.80
802.646	29.43	4.22	124.23	11.54	8.29	95.66	77.00	1	31.60
802.791	29.33	4.22	123.74	11.56	8.11	93.76	75.80	1	31.80
802.852	29.55	4.20	124.08	11.67	7.95	92.77	74.80	1	31.80
802.956	29.40	4.20	123.57	11.64	7.97	92.73	75.00	1	31.80
803.101	29.55	4.17	123.32	11.69	8.04	93.98	76.20	1	31.80
803.162	29.44	4.18	123.09	11.65	8.10	94.37	76.70	1	31.80
803.266	29.38	4.19	123.07	11.65	8.11	94.41	76.70	1	31.60
803.411	29.62	4.16	123.36	11.59	8.33	96.52	78.20	1	31.50
803.472	29.71	4.18	124.06	11.53	8.28	95.41	76.90	1	31.30
803.576	29.98	4.16	124.82	11.62	8.23	95.57	76.60	1	31.20
803.721	30.19	4.12	124.34	11.60	8.11	94.05	75.60	1	31.20
803.782	30.40	4.08	124.09	11.69	8.04	93.95	75.70	1	31.00
803.886	30.32	4.10	124.19	11.63	8.17	95.04	76.50	1	31.30
804.031	30.15	4.11	123.88	11.67	8.17	95.34	77.00	1	31.30
804.092	30.11	4.12	124.12	11.70	8.09	94.63	76.20	1	31.50
804.196	30.13	4.11	123.83	11.69	8.00	93.52	75.50	1	31.30
804.341	30.14	4.11	123.98	11.61	8.18	94.97	76.60	1	31.20
804.402	30.28	4.10	124.07	11.65	8.24	96.03	77.40	1	31.00
804.506	30.11	4.12	124.11	11.58	8.20	94.98	76.50	1	31.20
804.651	30.34	4.11	124.69	11.72	7.88	92.28	74.00	1	31.30
804.712	30.22	4.11	124.32	11.68	8.04	93.94	75.60	1	31.30
804.816	30.27	4.10	124.10	11.68	8.13	94.96	76.50	1	31.30
804.961	30.24	4.16	125.75	11.63	8.28	96.29	76.60	1	31.60
805.022	29.90	4.18	124.95	11.67	8.09	94.41	75.60	1	31.80
805.126	29.74	4.21	125.13	11.66	8.18	95.38	76.20	1	31.60
805.271	29.64	4.19	124.20	11.64	8.06	93.81	75.50	1	31.80
805.332	29.80	4.17	124.18	11.72	7.94	93.07	74.90	1	31.60
805.436	29.72	4.18	124.17	11.65	8.13	94.65	76.20	1	31.50
805.581	29.86	4.17	124.46	11.66	8.24	96.09	77.20	1	31.80
805.642	29.45	4.19	123.45	11.64	8.23	95.75	77.60	1	31.60
805.746	29.50	4.19	123.60	11.62	8.40	97.59	79.00	1	31.60
805.891	29.60	4.19	124.13	11.62	8.28	96.22	77.50	1	31.50
805.952	29.66	4.17	123.83	11.65	8.18	95.26	76.90	1	31.30
806.056	29.81	4.16	124.02	11.63	8.12	94.51	76.20	1	31.50
806.201	29.93	4.15	124.17	11.60	8.24	95.63	77.00	1	31.30
806.262	30.09	4.13	124.23	11.68	8.15	95.17	76.60	1	31.30
806.366	29.97	4.13	123.66	11.61	8.26	95.82	77.50	1	31.30
806.511	29.85	4.17	124.45	11.69	8.02	93.79	75.40	1	31.60
806.572	29.65	4.19	124.35	11.59	8.17	94.59	76.10	1	31.80
806.676	29.63	4.19	124.28	11.70	8.01	93.67	75.40	1	31.80
806.821	29.71	4.18	124.18	11.60	8.12	94.22	75.90	1	31.60
806.882	29.76	4.17	124.17	11.62	8.16	94.88	76.40	1	31.60
806.986	29.45	4.20	123.63	11.61	8.26	95.92	77.60	1	31.60
807.131	29.80	4.17	124.27	11.50	8.34	95.98	77.20	1	31.30
807.192	29.94	4.16	124.42	11.53	8.40	96.88	77.90	1	31.50
807.296	29.68	4.18	124.19	11.60	8.11	94.11	75.80	1	31.60
807.441	30.03	4.16	124.87	11.66	8.07	94.02	75.30	1	31.30
807.502	29.95	4.15	124.16	11.62	8.08	93.98	75.70	1	31.20
807.606	30.13	4.12	124.10	11.70	8.08	94.51	76.20	1	31.30
807.751	30.03	4.12	123.77	11.62	8.16	94.80	76.60	1	31.20
807.812	30.09	4.11	123.80	11.63	8.30	96.44	77.90	1	31.20
807.916	30.05	4.13	124.07	11.60	8.15	94.55	76.20	1	31.20
808.061	30.23	4.11	124.27	11.67	7.94	92.70	74.60	1	31.30
808.122	29.96	4.13	123.62	11.66	7.98	93.06	75.30	1	31.50
808.226	30.14	4.12	124.05	11.63	8.12	94.42	76.10	1	31.20
808.371	30.53	4.08	124.49	11.64	8.32	96.76	77.70	1	30.90
808.432	30.49	4.08	124.48	11.62	8.22	95.52	76.70	1	30.90
808.536	30.62	4.07	124.51	11.61	8.28	96.09	77.20	1	30.70
808.681	30.78	4.03	124.07	11.63	8.10	94.18	75.90	1	30.90
808.742	30.93	4.01	124.03	11.69	8.14	95.15	76.70	1	30.70
808.846	30.72	4.03	123.89	11.65	8.09	94.28	76.10	1	30.90
808.991	30.67	4.06	124.51	11.58	8.36	96.87	77.80	1	31.20
809.052	30.43	4.09	124.46	11.57	8.23	95.17	76.50	1	31.20
809.156	30.26	4.10	123.91	11.70	8.02	93.84	75.70	1	31.00
809.301	30.51	4.09	124.88	11.67	8.02	93.61	75.00	1	30.90
809.362	30.62	4.06	124.26	11.72	7.91	92.70	74.60	1	30.90
809.466	30.56	4.05	123.73	11.61	8.17	94.87	76.70	1	31.00
809.611	30.84	4.03	124.37	11.63	8.15	94.80	76.20	1	30.70
809.672	31.00	3.98	123.49	11.61	8.33	96.75	78.30	1	30.60
809.776	30.82	4.00	123.28	11.56	8.19	94.74	76.80	1	30.60
809.921	30.94	4.00	123.70	11.71	7.98	93.46	75.60	1	30.40
809.982	30.90	4.00	123.46	11.66	8.06	94.03	76.20	1	30.60
810.086	31.02	3.98	123.60	11.70	8.03	93.96	76.00	1	30.60
810.231	30.90	4.03	124.46	11.59	8.27	95.80	77.00	1	30.70
810.292	30.83	4.01	123.77	11.65	8.07	93.97	75.90	1	30.90
810.396	30.78	4.01	123.54	11.64	7.94	92.48	74.90	1	30.90
810.541	30.75	4.02	123.51	11.63	8.11	94.39	76.40	1	30.70
810.602	30.95	3.99	123.43	11.64	8.18	95.21	77.10	1	30.60
810.706	30.80	3.99	122.88	11.65	8.07	93.97	76.50	1	30.70
810.851	30.85	4.02	123.91	11.66	8.31	96.91	78.20	1	30.90
810.912	30.57	4.04	123.53	11.57	8.43	97.58	79.00	1	31.00
811.016	30.37	4.08	123.85	11.60	8.16	94.69	76.40	1	31.20
811.161	30.17	4.10	123.80	11.63	8.23	95.73	77.30	1	31.00
811.222	30.33	4.08	123.84	11.66	8.06	94.02	75.90	1	31.00
811.326	30.53	4.06	123.95	11.66	7.92	92.27	74.40	1	30.90
811.471	30.56	4.06	123.99	11.59	8.21	95.18	76.80	1	31.00
811.532	30.57	4.06	124.07	11.68	8.17	95.44	76.90	1	31.20
811.636	30.26	4.10	124.19	11.67	8.07	94.11	75.80	1	31.30
811.781	30.24	4.10	124.15	11.60	8.30	96.23	77.50	1	31.20
811.842	30.14	4.12	124.29	11.60	8.21	95.21	76.60	1	31.20
811.946	30.30	4.09	124.03	11.72	8.04	94.21	76.00	1	31.20
812.091	30.26	4.10	124.06	11.66	8.02	93.56	75.40	1	31.00
812.152	30.31	4.07	123.39	11.73	7.91	92.82	75.20	1	31.00
812.256	30.43	4.06	123.51	11.67	8.09	94.41	76.40	1	30.90
812.401	30.44	4.06	123.42	11.63	8.06	93.77	76.00	1	30.90
812.462	30.68	4.03	123.53	11.70	8.09	94.65	76.60	1	30.70
812.566	30.94	4.01	123.97	11.64	8.17	95.06	76.70	1	30.40
812.711	31.21	3.98	124.13	11.56	8.42	97.31	78.40	1	30.70
812.772	31.10	3.99	124.14	11.53	8.43	97.21	78.30	1	30.90
812.876	30.91	4.01	123.99	11.54	8.50	98.03	79.10	1	30.90
813.021	30.83	4.01	123.58	11.53	8.47	97.69	79.10	1	30.90
813.082	30.63	4.04	123.73	11.53	8.40	96.86	78.30	1	31.00
813.186	30.39	4.08	123.94	11.54	8.36	96.52	77.90	1	31.20
813.331	29.84	4.14	123.56	11.63	8.07	93.86	76.00	1	31.30
813.392	30.10	4.13	124.36	11.70	7.99	93.47	75.20	1	31.30
813.496	29.90	4.15	124.13	11.60	8.17	94.80	76.40	1	31.50
813.641	29.91	4.15	124.22	11.68	7.92	92.58	74.50	1	31.30
813.702	29.87	4.15	123.99	11.67	8.00	93.34	75.30	1	31.30
813.806	30.06	4.13	124.05	11.67	8.04	93.85	75.70	1	31.30
813.951	30.16	4.12	124.13	11.71	8.08	94.63	76.20	1	31.50
814.012	29.94	4.15	124.21	11.69	8.04	93.92	75.60	1	31.50
814.116	29.86	4.15	123.82	11.66	8.25	96.14	77.60	1	31.50
814.261	29.93	4.16	124.53	11.55	8.35	96.48	77.50	1	31.30
814.322	30.05	4.14	124.28	11.63	8.21	95.43	76.80	1	31.30
814.426	29.71	4.15	123.31	11.63	8.11	94.29	76.50	1	31.50
814.571	29.87	4.16	124.12	11.68	8.05	94.07	75.80	1	31.30
814.632	30.05	4.13	123.98	11.67	8.22	95.99	77.40	1	31.20
814.736	30.24	4.11	124.26	11.66	8.20	95.61	76.90	1	31.20
814.881	30.43	4.08	124.08	11.69	8.07	94.34	76.00	1	31.20
814.942	30.18	4.11	123.94	11.61	8.11	94.17	76.00	1	31.20
815.046	30.34	4.07	123.58	11.74	7.89	92.58	74.90	1	31.00
815.191	30.34	4.06	123.28	11.70	7.92	92.61	75.10	1	31.00
815.252	30.44	4.06	123.49	11.74	7.79	91.54	74.10	1	30.90
815.356	30.66	4.03	123.70	11.75	7.94	93.27	75.40	1	30.70
815.501	30.83	4.02	123.86	11.62	7.97	92.58	74.70	1	30.60
815.562	30.91	3.98	123.02	11.70	7.87	92.01	74.80	1	30.60
815.666	30.77	4.01	123.49	11.63	7.87	91.58	74.20	1	30.90
815.811	30.78	4.02	123.84	11.67	7.81	91.18	73.60	1	30.70
815.872	30.86	4.02	124.10	11.67	7.91	92.32	74.40	1	30.60
815.976	30.96	4.00	123.82	11.71	7.80	91.39	73.80	1	30.60
816.121	31.00	3.99	123.65	11.69	7.92	92.59	74.90	1	30.60
816.182	30.87	4.01	123.68	11.62	8.07	93.71	75.80	1	30.60
816.286	30.85	4.00	123.29	11.65	8.15	95.02	77.10	1	30.70
816.431	30.90	4.00	123.69	11.61	8.17	94.88	76.70	1	30.70
816.492	30.81	4.00	123.26	11.63	8.11	94.34	76.50	1	30.90
816.596	30.58	4.02	122.89	11.61	8.21	95.30	77.60	1	30.70
816.741	30.59	4.06	124.17	11.53	8.34	96.19	77.50	1	31.00
816.802	30.51	4.09	124.64	11.56	8.35	96.53	77.40	1	31.20
816.906	30.11	4.14	124.57	11.62	8.12	94.30	75.70	1	31.30
817.051	29.97	4.13	123.69	11.64	7.99	92.95	75.10	1	31.30
817.112	29.97	4.14	124.14	11.61	8.03	93.14	75.00	1	31.30
817.216	30.00	4.12	123.52	11.67	8.12	94.71	76.70	1	31.50
817.361	29.75	4.18	124.27	11.62	8.13	94.43	76.00	1	31.80
817.422	29.55	4.20	124.02	11.65	8.20	95.48	77.00	1	31.90
817.526	29.24	4.24	123.82	11.53	8.37	96.52	78.00	1	31.90
817.671	29.19	4.25	124.09	11.54	8.33	96.10	77.40	1	32.10
817.732	29.21	4.24	123.90	11.53	8.41	97.02	78.30	1	32.10
817.836	29.13	4.25	123.71	11.47	8.37	95.98	77.60	1	32.10
817.981	29.11	4.25	123.62	11.58	8.37	96.90	78.40	1	31.90
818.042	29.02	4.24	123.16	11.57	8.25	95.45	77.50	1	31.80
818.146	29.39	4.22	124.09	11.66	8.10	94.35	76.00	1	31.80
818.291	29.58	4.19	124.04	11.60	8.20	95.14	76.70	1	31.80
818.352	29.28	4.21	123.33	11.52	8.26	95.13	77.10	1	31.90
818.456	29.34	4.20	123.13	11.65	8.15	94.94	77.10	1	31.90
818.601	29.44	4.23	124.44	11.63	8.01	93.14	74.80	1	31.60
818.662	29.46	4.20	123.61	11.69	7.88	92.10	74.50	1	31.50
818.766	29.59	4.19	123.85	11.66	7.91	92.19	74.40	1	31.60
818.911	29.55	4.19	123.85	11.61	7.89	91.64	74.00	1	31.60
818.972	29.59	4.17	123.46	11.70	7.85	91.77	74.30	1	31.80
819.076	29.56	4.18	123.52	11.65	7.95	92.62	75.00	1	31.50
819.221	29.99	4.15	124.48	11.74	7.81	91.67	73.60	1	31.20
819.282	30.05	4.14	124.37	11.70	7.94	92.94	74.70	1	31.20
819.386	30.11	4.11	123.74	11.74	7.91	92.79	75.00	1	31.30
819.531	30.47	4.07	124.18	11.70	8.21	96.11	77.40	1	31.00
819.592	30.42	4.10	124.63	11.60	8.34	96.76	77.60	1	31.00
819.696	30.65	4.06	124.35	11.63	8.27	96.13	77.30	1	31.00
819.841	30.41	4.08	124.08	11.63	8.09	94.11	75.80	1	31.20
819.902	30.39	4.07	123.80	11.67	8.05	93.93	75.90	1	31.20
820.006	30.27	4.09	123.91	11.66	8.16	95.13	76.80	1	31.20
820.151	30.06	4.14	124.31	11.60	8.32	96.44	77.60	1	31.50
820.212	30.04	4.13	124.14	11.58	8.42	97.53	78.60	1	31.30
820.316	29.94	4.15	124.12	11.59	8.20	95.03	76.60	1	31.30
820.461	30.11	4.13	124.40	11.76	7.95	93.48	75.10	1	31.30
820.522	29.94	4.15	124.23	11.63	8.10	94.16	75.80	1	31.30
820.626	30.31	4.12	124.73	11.71	7.98	93.53	75.00	1	31.30
820.771	30.09	4.13	124.21	11.69	7.87	91.94	74.00	1	31.30
820.832	30.14	4.12	124.30	11.73	7.84	91.89	73.90	1	31.30
820.936	30.25	4.11	124.34	11.68	8.02	93.68	75.30	1	31.20
821.081	30.28	4.10	124.09	11.61	8.18	94.99	76.50	1	31.20
821.142	30.33	4.08	123.84	11.71	8.09	94.66	76.40	1	31.20
821.246	30.21	4.09	123.40	11.69	8.07	94.27	76.40	1	31.20
821.391	30.33	4.09	124.20	11.66	8.26	96.39	77.60	1	31.50
821.452	29.97	4.14	124.14	11.62	8.20	95.23	76.70	1	31.60
821.556	29.78	4.17	124.04	11.75	7.95	93.42	75.30	1	31.60
821.701	29.63	4.19	124.10	11.63	8.11	94.28	76.00	1	31.60
821.762	29.81	4.17	124.28	11.71	7.88	92.23	74.20	1	31.60
821.866	29.53	4.19	123.67	11.68	7.88	92.08	74.50	1	31.80
822.011	29.46	4.18	123.19	11.67	7.98	93.06	75.50	1	31.80
822.072	29.56	4.18	123.44	11.72	8.00	93.83	76.00	1	31.80
822.176	29.25	4.20	122.94	11.65	8.11	94.50	76.90	1	31.80
822.321	29.26	4.21	123.13	11.72	7.89	92.46	75.10	1	32.10
822.382	28.97	4.24	122.95	11.68	7.93	92.67	75.40	1	32.20
822.486	28.94	4.24	122.86	11.67	7.78	90.75	73.90	1	32.10
822.631	29.33	4.24	124.39	11.68	7.95	92.86	74.70	1	31.80
822.692	29.24	4.24	124.05	11.64	8.06	93.88	75.70	1	31.60
822.796	29.37	4.22	124.00	11.72	7.90	92.52	74.60	1	31.60
822.941	29.53	4.19	123.86	11.68	8.03	93.81	75.70	1	31.60
823.002	29.46	4.21	124.03	11.68	7.93	92.62	74.70	1	31.80
823.106	29.36	4.22	123.82	11.69	8.02	93.69	75.70	1	31.80
823.251	29.26	4.22	123.59	11.70	7.97	93.24	75.40	1	31.60
823.312	29.54	4.20	124.01	11.71	7.90	92.45	74.50	1	31.50
823.416	29.74	4.18	124.30	11.62	8.08	93.93	75.60	1	31.20
823.561	30.02	4.13	123.92	11.58	8.12	93.99	75.80	1	31.20
823.622	30.18	4.10	123.60	11.60	8.26	95.82	77.50	1	31.30
823.726	29.95	4.12	123.51	11.58	8.15	94.37	76.40	1	31.30
823.871	29.91	4.16	124.46	11.65	8.03	93.58	75.20	1	31.50
823.932	29.71	4.18	124.16	11.63	8.02	93.22	75.10	1	31.60
824.036	29.55	4.20	124.05	11.71	7.86	92.04	74.20	1	31.60
824.181	29.60	4.20	124.30	11.72	8.06	94.48	76.00	1	31.80
824.242	29.51	4.22	124.65	11.71	7.96	93.20	74.80	1	31.80
824.346	29.28	4.24	124.20	11.69	8.06	94.26	75.90	1	31.80
824.491	29.10	4.25	123.62	11.65	7.95	92.65	74.90	1	32.10
824.552	29.17	4.24	123.69	11.67	7.98	93.08	75.30	1	31.90
824.656	29.31	4.23	123.98	11.54	8.31	95.91	77.40	1	31.80
824.801	29.27	4.23	123.75	11.66	8.08	94.26	76.20	1	31.80
824.862	29.54	4.21	124.29	11.76	8.07	94.83	76.30	1	31.80
824.966	29.60	4.20	124.29	11.60	8.12	94.20	75.80	1	31.60
825.111	30.03	4.15	124.77	11.67	8.15	95.08	76.20	1	31.50
825.172	29.85	4.16	124.27	11.66	8.19	95.50	76.80	1	31.60
825.276	29.84	4.16	124.04	11.75	8.00	93.99	75.80	1	31.50
825.421	29.89	4.16	124.30	11.76	7.91	93.01	74.80	1	31.60
825.482	29.58	4.19	124.07	11.70	7.98	93.35	75.20	1	31.80
825.586	29.79	4.16	124.09	11.77	7.90	92.94	74.90	1	31.60
825.731	29.78	4.18	124.54	11.75	8.04	94.38	75.80	1	31.50
825.792	29.96	4.15	124.31	11.74	8.08	94.86	76.30	1	31.30
825.896	30.10	4.13	124.31	11.61	8.30	96.28	77.50	1	31.30
826.041	29.73	4.18	124.22	11.68	8.09	94.54	76.10	1	31.60
826.102	29.87	4.17	124.62	11.71	8.20	96.06	77.10	1	31.60
826.206	29.71	4.18	124.26	11.55	8.32	96.05	77.30	1	31.60
826.351	29.64	4.18	123.88	11.71	7.94	92.96	75.00	1	31.60
826.412	29.61	4.20	124.30	11.69	7.99	93.42	75.20	1	31.60
826.516	29.57	4.19	124.04	11.75	8.00	93.99	75.80	1	31.60
826.661	29.42	4.22	124.05	11.68	7.99	93.28	75.20	1	31.80
826.722	29.37	4.21	123.59	11.71	7.84	91.73	74.20	1	31.80
826.826	29.38	4.20	123.43	11.65	7.92	92.32	74.80	1	31.60
826.971	29.91	4.17	124.70	11.64	8.13	94.69	75.90	1	31.30
827.032	30.31	4.12	124.84	11.69	8.20	95.93	76.80	1	31.20
827.136	30.37	4.11	124.65	11.60	8.24	95.64	76.70	1	31.20
827.281	30.47	4.08	124.17	11.69	8.10	94.67	76.20	1	31.20
827.342	30.32	4.10	124.43	11.67	8.08	94.32	75.80	1	31.30
827.446	30.13	4.11	123.87	11.69	8.21	95.93	77.40	1	31.30
827.591	30.32	4.10	124.30	11.60	8.33	96.68	77.80	1	31.20
827.652	30.28	4.10	124.05	11.57	8.32	96.28	77.60	1	31.20
827.756	30.19	4.11	124.15	11.59	8.30	96.16	77.50	1	31.30
827.901	29.83	4.17	124.48	11.74	8.03	94.22	75.70	1	31.60
827.962	29.78	4.19	124.69	11.78	7.93	93.43	74.90	1	31.60
828.066	29.53	4.21	124.21	11.71	8.02	93.93	75.60	1	31.60
828.211	29.68	4.19	124.31	11.70	8.02	93.81	75.50	1	31.60
828.272	29.55	4.21	124.30	11.68	8.11	94.71	76.20	1	31.80
828.376	29.47	4.21	124.01	11.72	7.96	93.30	75.20	1	31.60
828.521	29.61	4.20	124.41	11.77	7.98	93.84	75.40	1	31.50
828.582	29.62	4.20	124.53	11.70	8.09	94.68	76.00	1	31.50
828.686	29.92	4.16	124.33	11.76	7.97	93.72	75.40	1	31.30
828.831	29.88	4.16	124.15	11.63	8.26	96.10	77.40	1	31.50
828.892	29.96	4.15	124.35	11.68	8.04	93.95	75.50	1	31.60
828.996	29.83	4.16	124.21	11.68	8.01	93.53	75.30	1	31.60
829.141	29.80	4.18	124.44	11.65	7.99	93.10	74.80	1	31.60
829.202	29.82	4.17	124.31	11.70	7.83	91.62	73.70	1	31.80
829.306	29.58	4.18	123.68	11.64	7.98	92.90	75.10	1	31.60
829.451	29.62	4.19	124.18	11.68	7.90	92.26	74.30	1	31.90
829.512	29.39	4.21	123.62	11.64	8.01	93.27	75.40	1	31.80
829.616	29.25	4.21	123.09	11.66	7.87	91.73	74.50	1	31.90
829.761	29.67	4.19	124.21	11.70	7.84	91.75	73.90	1	31.80
829.822	29.52	4.19	123.55	11.64	7.92	92.28	74.70	1	31.60
829.926	29.62	4.17	123.47	11.73	7.81	91.62	74.20	1	31.80
830.071	29.62	4.18	123.83	11.72	7.85	91.98	74.30	1	31.50
830.132	29.70	4.15	123.26	11.76	7.74	91.01	73.80	1	31.60
830.236	29.68	4.17	123.83	11.73	7.86	92.25	74.50	1	31.80
830.381	29.55	4.20	123.97	11.73	7.99	93.68	75.60	1	31.80
830.442	29.66	4.19	124.22	11.78	8.06	94.93	76.40	1	31.90
830.546	29.32	4.23	123.92	11.71	8.01	93.74	75.60	1	32.10
830.691	29.37	4.20	123.47	11.78	8.03	94.55	76.60	1	32.10
830.752	29.18	4.23	123.29	11.70	8.07	94.43	76.60	1	32.10
830.856	29.45	4.20	123.75	11.76	8.07	94.93	76.70	1	31.80
831.001	29.65	4.19	124.34	11.76	8.08	95.04	76.40	1	31.60
831.062	29.86	4.15	123.99	11.82	8.06	95.18	76.80	1	31.60
831.166	29.61	4.17	123.56	11.69	8.12	94.86	76.80	1	31.80
831.311	29.66	4.17	123.75	11.74	8.19	96.10	77.70	1	31.60
831.372	29.61	4.18	123.70	11.65	8.30	96.74	78.20	1	31.60
831.476	29.90	4.15	124.21	11.63	8.37	97.35	78.40	1	31.50
831.621	30.03	4.14	124.23	11.59	8.40	97.35	78.40	1	31.50
831.682	29.86	4.14	123.74	11.56	8.40	97.12	78.50	1	31.60
831.786	29.72	4.17	123.95	11.57	8.39	97.08	78.30	1	31.80
831.931	29.55	4.22	124.60	11.53	8.32	95.94	77.00	1	31.80
831.992	29.50	4.22	124.63	11.57	8.20	94.83	76.10	1	31.90
832.096	29.19	4.23	123.51	11.53	8.23	94.86	76.80	1	31.90
832.241	29.11	4.24	123.39	11.56	8.12	93.90	76.10	1	31.90
832.302	29.25	4.23	123.70	11.53	8.32	95.93	77.50	1	31.90
832.406	29.28	4.23	123.78	11.50	8.35	95.95	77.50	1	31.80
832.551	29.36	4.22	123.75	11.54	8.44	97.40	78.70	1	31.90
832.612	29.31	4.22	123.66	11.51	8.43	97.08	78.50	1	31.90
832.716	29.36	4.21	123.66	11.57	8.38	96.98	78.40	1	31.80
832.861	29.79	4.16	123.98	11.63	8.29	96.39	77.70	1	31.50
832.922	29.82	4.16	124.08	11.58	8.26	95.71	77.10	1	31.50
833.026	29.87	4.15	123.96	11.59	8.41	97.48	78.60	1	31.50
833.171	29.64	4.18	123.84	11.52	8.34	96.08	77.60	1	31.80
833.232	29.60	4.18	123.60	11.62	8.26	95.97	77.60	1	31.60
833.336	29.72	4.17	124.02	11.57	8.25	95.38	76.90	1	31.50
833.481	29.96	4.13	123.77	11.66	8.12	94.75	76.60	1	31.30
833.542	30.00	4.14	124.33	11.65	8.19	95.45	76.80	1	31.50
833.646	29.76	4.17	124.16	11.62	8.04	93.42	75.20	1	31.60
833.791	29.81	4.17	124.25	11.56	8.28	95.78	77.10	1	31.60
833.852	29.72	4.18	124.22	11.49	8.38	96.37	77.60	1	31.80
833.956	29.63	4.21	124.63	11.54	8.42	97.14	77.90	1	31.90
834.101	29.45	4.22	124.14	11.62	8.32	96.63	77.80	1	31.90
834.162	29.29	4.23	123.88	11.65	8.18	95.35	77.00	1	31.90
834.266	29.40	4.20	123.61	11.71	8.11	94.98	76.80	1	31.90
834.411	29.30	4.22	123.54	11.59	8.15	94.52	76.50	1	31.80
834.472	29.37	4.20	123.24	11.67	8.05	93.87	76.20	1	31.80
834.576	29.31	4.20	123.23	11.64	8.10	94.27	76.50	1	31.80
834.721	29.20	4.23	123.37	11.59	8.24	95.46	77.40	1	32.10
834.782	29.07	4.23	123.05	11.64	8.14	94.74	77.00	1	32.20
834.886	28.91	4.25	123.01	11.61	8.05	93.44	76.00	1	32.10
835.031	29.27	4.22	123.61	11.70	7.98	93.41	75.60	1	31.80
835.092	29.26	4.21	123.04	11.70	7.99	93.52	76.00	1	31.80
835.196	29.30	4.21	123.36	11.71	8.03	94.08	76.30	1	31.90
835.341	29.12	4.25	123.72	11.66	8.16	95.16	76.90	1	32.20
835.402	28.97	4.26	123.30	11.61	8.13	94.36	76.50	1	32.10
835.506	29.03	4.26	123.62	11.63	8.28	96.25	77.90	1	32.20
835.651	28.84	4.27	123.20	11.65	8.14	94.75	76.90	1	32.20
835.712	28.81	4.28	123.18	11.72	8.02	93.94	76.30	1	32.40
835.816	28.81	4.27	123.10	11.62	8.08	93.88	76.30	1	32.10
835.961	28.82	4.27	122.95	11.64	8.01	93.30	75.90	1	32.40
836.022	28.82	4.26	122.67	11.72	7.79	91.27	74.40	1	32.20
836.126	28.49	4.29	122.12	11.58	8.03	93.01	76.20	1	32.40
836.271	28.52	4.30	122.76	11.54	8.13	93.79	76.40	1	32.50
836.332	28.40	4.30	122.26	11.60	8.17	94.74	77.50	1	32.70
836.436	28.24	4.31	121.73	11.51	8.20	94.34	77.50	1	32.50
836.581	28.25	4.32	121.94	11.55	7.92	91.41	75.00	1	32.50
836.642	28.43	4.30	122.23	11.57	8.04	92.98	76.10	1	32.40
836.746	28.48	4.29	122.28	11.51	8.08	92.97	76.00	1	32.20
836.891	28.54	4.28	122.11	11.58	7.96	92.20	75.50	1	32.40
836.952	28.54	4.29	122.36	11.56	8.14	94.01	76.80	1	32.50
837.056	28.31	4.31	121.96	11.52	8.05	92.69	76.00	1	32.40
837.201	28.74	4.27	122.69	11.60	8.05	93.37	76.10	1	32.10
837.262	28.84	4.26	122.78	11.57	8.08	93.40	76.10	1	32.10
837.366	29.10	4.24	123.29	11.63	8.02	93.25	75.60	1	31.80
837.511	29.43	4.20	123.49	11.72	7.93	92.98	75.30	1	31.80
837.572	29.25	4.22	123.40	11.65	7.91	92.18	74.70	1	31.90
837.676	29.26	4.20	123.01	11.74	7.79	91.50	74.40	1	31.90
837.821	29.26	4.22	123.52	11.69	7.88	92.11	74.60	1	31.80
837.882	29.55	4.19	123.73	11.72	7.92	92.75	75.00	1	31.60
837.986	29.87	4.15	123.87	11.66	8.12	94.67	76.40	1	31.30
838.131	30.34	4.12	124.91	11.71	8.01	93.87	75.20	1	31.00
838.192	30.52	4.08	124.55	11.74	8.08	94.85	76.20	1	31.00
838.296	30.49	4.08	124.47	11.63	8.22	95.60	76.80	1	31.20
838.441	30.37	4.08	123.78	11.78	8.03	94.56	76.40	1	31.00
838.502	30.34	4.07	123.60	11.67	8.18	95.46	77.20	1	30.90
838.606	30.54	4.04	123.32	11.72	7.97	93.38	75.70	1	31.00
838.751	30.62	4.06	124.27	11.69	8.07	94.37	75.90	1	31.20
838.812	30.55	4.05	123.77	11.75	8.02	94.27	76.20	1	31.00
838.916	30.55	4.05	123.89	11.69	8.21	95.97	77.50	1	31.00
839.061	30.60	4.06	124.33	11.62	8.16	94.83	76.30	1	31.00
839.122	30.36	4.08	123.94	11.65	8.23	95.87	77.40	1	31.20
839.226	30.27	4.11	124.28	11.67	8.11	94.70	76.20	1	31.30
839.371	30.22	4.09	123.71	11.71	8.00	93.66	75.70	1	31.20
839.432	30.17	4.10	123.82	11.71	8.03	93.96	75.90	1	31.20
839.536	30.42	4.07	123.87	11.71	8.04	94.21	76.10	1	31.20
839.681	30.35	4.09	124.26	11.76	8.03	94.46	76.00	1	31.30
839.742	30.27	4.11	124.33	11.78	8.12	95.65	76.90	1	31.50
839.846	30.06	4.14	124.40	11.62	8.36	97.10	78.10	1	31.50
839.991	29.76	4.16	123.86	11.72	8.07	94.53	76.30	1	31.50
840.052	29.76	4.15	123.63	11.66	8.23	95.94	77.60	1	31.50
840.156	29.70	4.15	123.39	11.76	7.91	93.02	75.40	1	31.50
840.301	30.11	4.12	124.01	11.76	8.15	95.93	77.40	1	31.30
840.362	30.09	4.12	124.01	11.71	8.04	94.15	75.90	1	31.50
840.466	30.13	4.11	123.83	11.79	8.02	94.54	76.30	1	31.30
840.611	30.17	4.12	124.16	11.65	8.35	97.24	78.30	1	31.30
840.672	30.33	4.10	124.22	11.72	8.14	95.36	76.80	1	31.20
840.776	30.37	4.09	124.17	11.69	8.06	94.28	75.90	1	31.20
840.921	30.66	4.06	124.49	11.65	8.18	95.30	76.60	1	30.90
840.982	30.69	4.04	124.13	11.62	8.29	96.35	77.60	1	30.90
841.086	30.66	4.03	123.68	11.71	7.92	92.78	75.00	1	31.00
841.231	30.70	4.01	123.02	11.82	7.87	92.98	75.60	1	30.90
841.292	30.66	4.03	123.44	11.74	7.91	92.84	75.20	1	30.70
841.396	30.93	3.99	123.37	11.80	7.96	93.89	76.10	1	30.90
841.541	30.72	4.01	123.25	11.75	7.93	93.26	75.70	1	30.70
841.602	30.97	3.97	122.95	11.80	7.86	92.71	75.40	1	30.70
841.706	30.67	4.02	123.17	11.77	7.96	93.64	76.00	1	31.00
841.851	30.71	4.02	123.42	11.77	7.94	93.48	75.70	1	30.70
841.912	30.90	3.98	122.92	11.82	7.82	92.47	75.20	1	30.90
842.016	30.66	4.01	122.88	11.69	7.84	91.64	74.60	1	30.70
842.161	30.95	3.97	122.95	11.66	7.89	91.94	74.80	1	30.60
842.222	30.88	3.99	123.19	11.61	8.06	93.58	76.00	1	30.70
842.326	30.79	4.02	123.93	11.63	8.17	95.09	76.70	1	31.00
842.471	30.63	4.05	124.07	11.70	8.16	95.43	76.90	1	31.00
842.532	30.66	4.06	124.47	11.59	8.23	95.38	76.60	1	30.90
842.636	30.69	4.03	123.54	11.69	8.03	93.89	76.00	1	31.00
842.781	30.54	4.05	123.78	11.72	7.90	92.60	74.80	1	30.90
842.842	30.76	4.02	123.57	11.81	7.80	92.10	74.50	1	30.70
842.946	30.86	4.01	123.70	11.74	7.95	93.33	75.40	1	30.70
843.091	30.79	4.01	123.59	11.67	8.04	93.85	75.90	1	31.00
843.152	30.81	4.01	123.50	11.76	8.01	94.21	76.30	1	31.20
843.256	30.42	4.05	123.32	11.70	8.01	93.71	76.00	1	31.00
843.401	30.49	4.06	123.90	11.83	7.78	92.06	74.30	1	31.20
843.462	30.44	4.08	124.17	11.78	7.87	92.76	74.70	1	31.30
843.566	30.17	4.09	123.36	11.78	7.69	90.61	73.50	1	31.30
843.711	30.19	4.07	122.86	11.82	7.80	92.16	75.00	1	31.20
843.772	30.04	4.08	122.59	11.72	7.84	91.85	74.90	1	31.20
843.876	30.28	4.05	122.62	11.76	7.78	91.50	74.60	1	31.00
844.021	30.53	4.06	123.88	11.69	7.86	91.89	74.20	1	30.90
844.082	30.69	4.02	123.33	11.77	7.75	91.23	74.00	1	30.70
844.186	30.69	4.03	123.77	11.74	7.85	92.14	74.40	1	30.90
844.331	30.50	4.04	123.29	11.62	8.19	95.23	77.20	1	31.00
844.392	30.66	4.01	122.94	11.70	8.16	95.53	77.70	1	31.00
844.496	30.53	4.03	122.97	11.69	8.00	93.50	76.00	1	31.00
844.641	30.54	4.07	124.23	11.64	8.29	96.55	77.70	1	31.30
844.702	30.19	4.09	123.52	11.62	8.25	95.84	77.60	1	31.50
844.806	29.99	4.12	123.66	11.73	7.92	92.90	75.10	1	31.50
844.951	30.09	4.12	124.12	11.68	8.25	96.34	77.60	1	31.30
845.012	30.21	4.11	124.25	11.68	8.12	94.81	76.30	1	31.20
845.116	30.25	4.10	123.96	11.70	7.90	92.34	74.50	1	31.30
845.261	30.25	4.08	123.46	11.63	8.14	94.62	76.60	1	31.30
845.322	30.27	4.09	123.68	11.72	8.08	94.67	76.50	1	31.50
845.426	30.07	4.12	124.00	11.64	8.18	95.16	76.70	1	31.50
845.571	29.78	4.16	123.80	11.75	7.99	93.95	75.90	1	31.60
845.632	29.69	4.17	123.91	11.68	8.11	94.63	76.40	1	31.60
845.736	29.79	4.15	123.58	11.75	7.96	93.56	75.70	1	31.60
845.881	29.76	4.15	123.64	11.68	8.09	94.46	76.40	1	31.60
845.942	29.92	4.14	123.80	11.68	8.04	93.91	75.90	1	31.60
846.046	29.68	4.17	123.65	11.69	8.00	93.53	75.60	1	31.80
846.191	29.72	4.16	123.55	11.74	7.88	92.50	74.90	1	31.50
846.252	29.83	4.14	123.55	11.73	8.08	94.78	76.70	1	31.60
846.356	29.78	4.15	123.72	11.68	8.10	94.60	76.50	1	31.60
846.501	29.55	4.20	123.96	11.63	8.36	97.29	78.50	1	31.90
846.562	29.34	4.21	123.50	11.52	8.45	97.36	78.80	1	31.90
846.666	29.65	4.18	123.85	11.57	8.40	97.25	78.50	1	31.90
846.811	29.55	4.19	123.74	11.59	8.44	97.83	79.10	1	31.60
846.872	29.66	4.18	123.89	11.61	8.33	96.68	78.00	1	31.50
846.976	29.99	4.13	123.88	11.70	8.34	97.56	78.80	1	31.50
847.121	29.91	4.14	123.88	11.68	8.31	97.06	78.30	1	31.50
847.182	29.97	4.12	123.62	11.77	8.16	96.08	77.70	1	31.50
847.286	29.72	4.16	123.59	11.74	8.11	95.22	77.10	1	31.50
847.431	29.90	4.15	123.96	11.75	8.12	95.41	77.00	1	31.30
847.492	30.09	4.12	123.95	11.74	8.22	96.50	77.90	1	31.30
847.596	30.03	4.12	123.72	11.65	8.25	96.04	77.60	1	31.30
847.741	30.51	4.10	125.16	11.63	8.31	96.66	77.20	1	31.30
847.802	30.31	4.12	124.76	11.63	8.21	95.54	76.60	1	31.20
847.906	30.19	4.12	124.33	11.78	7.97	93.82	75.50	1	31.30
848.051	30.11	4.10	123.55	11.63	8.21	95.51	77.30	1	31.30
848.112	30.18	4.10	123.80	11.73	7.96	93.34	75.40	1	31.30
848.216	30.01	4.12	123.65	11.73	7.92	92.91	75.10	1	31.30
848.361	30.04	4.11	123.56	11.67	8.00	93.41	75.60	1	31.30
848.422	30.31	4.08	123.57	11.74	8.08	94.84	76.70	1	31.20
848.526	30.34	4.08	123.77	11.64	8.23	95.70	77.30	1	31.20
848.671	30.40	4.07	123.82	11.68	8.09	94.50	76.30	1	31.30
848.732	30.15	4.11	123.76	11.69	8.08	94.37	76.30	1	31.50
848.836	30.01	4.13	123.84	11.73	8.08	94.82	76.60	1	31.50
848.981	30.05	4.15	124.86	11.59	8.35	96.77	77.50	1	31.80
849.042	29.75	4.19	124.55	11.58	8.27	95.72	76.90	1	31.90
849.146	29.51	4.19	123.76	11.63	8.11	94.38	76.30	1	31.80
849.291	29.32	4.22	123.64	11.69	7.95	92.87	75.10	1	31.80
849.352	29.52	4.19	123.62	11.78	7.86	92.61	74.90	1	31.60
849.456	29.50	4.20	123.83	11.63	8.05	93.63	75.60	1	31.60
849.601	29.48	4.19	123.44	11.69	7.87	92.00	74.50	1	31.80
849.662	29.50	4.20	123.81	11.67	7.87	91.85	74.20	1	31.80
849.766	29.67	4.18	124.13	11.67	8.05	94.00	75.70	1	31.90
849.911	29.36	4.19	123.14	11.76	8.03	94.37	76.60	1	31.90
849.972	29.37	4.20	123.30	11.68	8.02	93.73	76.00	1	31.80
850.076	29.68	4.18	123.93	11.63	8.36	97.17	78.40	1	31.60
850.221	29.97	4.15	124.51	11.64	8.14	94.76	76.10	1	31.20
850.282	30.20	4.13	124.76	11.74	8.03	94.27	75.60	1	31.20
850.386	30.16	4.12	124.24	11.61	8.19	95.07	76.50	1	31.20
850.531	30.26	4.09	123.85	11.73	7.93	93.05	75.10	1	31.20
850.592	30.37	4.09	124.11	11.65	8.09	94.20	75.90	1	31.00
850.696	30.56	4.07	124.32	11.72	8.07	94.53	76.00	1	31.20
850.841	30.27	4.10	124.13	11.67	8.21	95.82	77.20	1	31.20
850.902	30.39	4.09	124.36	11.68	8.16	95.37	76.70	1	31.00
851.006	30.43	4.06	123.49	11.67	8.11	94.62	76.60	1	31.00
851.151	30.55	4.03	123.11	11.64	8.12	94.50	76.80	1	30.70
851.212	30.74	4.00	123.05	11.71	8.02	93.86	76.30	1	30.90
851.316	30.70	4.03	123.77	11.67	8.09	94.43	76.30	1	31.00
851.461	30.34	4.07	123.60	11.76	8.04	94.63	76.60	1	31.20
851.522	30.33	4.09	124.12	11.65	8.15	94.97	76.50	1	31.20
851.626	30.32	4.09	124.03	11.70	8.09	94.69	76.30	1	31.30
851.771	30.15	4.12	124.32	11.65	8.22	95.74	77.00	1	31.50
851.832	30.18	4.12	124.32	11.72	8.11	95.08	76.50	1	31.50
851.936	29.89	4.14	123.69	11.71	8.12	95.06	76.90	1	31.30
852.081	29.84	4.12	122.94	11.76	7.88	92.59	75.30	1	31.50
852.142	29.91	4.12	123.17	11.69	8.02	93.74	76.10	1	31.30
852.246	30.29	4.06	123.10	11.79	8.02	94.60	76.80	1	31.20
852.391	30.52	4.07	124.11	11.69	8.16	95.33	76.80	1	30.90
852.452	30.43	4.06	123.67	11.72	8.03	94.13	76.10	1	30.90
852.556	30.45	4.06	123.54	11.66	8.23	95.98	77.70	1	30.90
852.701	30.87	4.00	123.43	11.66	7.92	92.41	74.90	1	30.90
852.762	30.87	3.99	123.31	11.75	7.93	93.15	75.50	1	30.90
852.866	30.61	4.03	123.40	11.67	8.10	94.46	76.50	1	31.00
853.011	30.96	4.00	123.97	11.73	8.02	94.15	75.90	1	30.70
853.072	30.75	4.01	123.23	11.67	8.17	95.33	77.40	1	30.70
853.176	30.76	4.01	123.28	11.66	8.14	94.84	76.90	1	30.90
853.321	30.57	4.07	124.46	11.65	8.22	95.79	77.00	1	31.20
853.382	30.55	4.07	124.25	11.71	7.91	92.66	74.60	1	31.20
853.486	30.59	4.05	123.89	11.71	8.00	93.73	75.70	1	31.00
853.631	30.31	4.07	123.52	11.72	8.04	94.22	76.30	1	31.20
853.692	30.48	4.05	123.57	11.71	8.21	96.13	77.80	1	31.00
853.796	30.51	4.05	123.46	11.65	8.14	94.88	76.80	1	31.00
853.941	30.63	4.03	123.39	11.71	8.04	94.09	76.30	1	31.20
854.002	30.38	4.06	123.46	11.71	8.04	94.08	76.20	1	31.00
854.106	30.54	4.04	123.44	11.74	8.07	94.78	76.80	1	31.20
854.251	30.38	4.08	123.90	11.64	8.23	95.73	77.30	1	31.20
854.312	30.45	4.07	123.89	11.72	8.02	93.98	75.90	1	31.00
854.416	30.49	4.06	123.64	11.64	8.12	94.59	76.50	1	31.00
854.561	30.58	4.04	123.39	11.68	8.00	93.49	75.80	1	31.00
854.622	30.53	4.04	123.39	11.69	8.01	93.57	75.80	1	31.00
854.726	30.51	4.03	123.10	11.68	8.20	95.77	77.80	1	31.00
854.871	30.32	4.08	123.65	11.69	8.20	95.85	77.50	1	31.20
854.932	30.33	4.07	123.37	11.73	8.12	95.25	77.20	1	31.30
855.036	30.13	4.09	123.29	11.71	7.99	93.63	75.90	1	31.20
855.181	30.09	4.10	123.27	11.73	8.01	93.98	76.20	1	31.30
855.242	30.22	4.09	123.67	11.68	8.21	95.86	77.50	1	31.30
855.346	30.03	4.13	123.91	11.69	8.11	94.80	76.50	1	31.30
855.491	30.34	4.09	123.98	11.74	8.12	95.32	76.90	1	31.20
855.552	30.18	4.09	123.49	11.67	8.11	94.61	76.60	1	31.20
855.656	30.20	4.08	123.15	11.71	8.19	95.90	77.90	1	31.30
855.801	30.15	4.10	123.75	11.72	8.09	94.87	76.70	1	31.20
855.862	30.52	4.05	123.62	11.78	8.00	94.18	76.20	1	31.00
855.966	30.37	4.08	123.85	11.66	8.14	94.96	76.70	1	31.30
856.111	30.16	4.11	124.09	11.65	8.18	95.33	76.80	1	31.50
856.172	29.92	4.15	124.07	11.65	8.09	94.22	75.90	1	31.50
856.276	30.14	4.12	124.32	11.76	7.99	93.89	75.50	1	31.60
856.421	29.87	4.15	123.96	11.66	8.14	94.96	76.60	1	31.60
856.482	29.88	4.15	123.83	11.71	8.11	94.96	76.70	1	31.50
856.586	29.90	4.15	124.10	11.65	8.24	96.03	77.40	1	31.50
856.731	29.93	4.14	124.01	11.67	8.10	94.48	76.20	1	31.50
856.792	29.82	4.16	123.94	11.62	8.14	94.62	76.30	1	31.50
856.896	29.89	4.13	123.51	11.72	7.97	93.45	75.70	1	31.30
857.041	30.30	4.09	123.85	11.72	8.18	95.83	77.40	1	31.20
857.102	30.32	4.10	124.18	11.65	8.19	95.41	76.80	1	31.00
857.206	30.27	4.09	123.73	11.66	8.20	95.62	77.30	1	31.20
857.351	30.39	4.07	123.61	11.66	8.13	94.77	76.70	1	31.00
857.412	30.65	4.04	123.70	11.75	8.02	94.15	76.10	1	30.90
857.516	30.63	4.04	123.70	11.63	8.14	94.72	76.60	1	31.00
857.661	30.55	4.05	123.73	11.71	7.98	93.46	75.50	1	31.20
857.722	30.29	4.08	123.55	11.66	8.10	94.38	76.40	1	31.00
857.826	30.55	4.04	123.45	11.72	8.13	95.28	77.20	1	30.90
857.971	30.66	4.07	124.93	11.66	8.11	94.55	75.70	1	30.90
858.032	30.81	4.03	124.08	11.68	8.02	93.71	75.50	1	30.70
858.136	30.62	4.04	123.57	11.61	8.11	94.17	76.20	1	30.70
858.281	30.71	4.01	123.23	11.65	8.23	95.93	77.80	1	30.70
858.342	30.63	4.02	123.11	11.66	8.14	94.86	77.10	1	30.70
858.446	31.01	3.98	123.37	11.70	8.00	93.63	75.90	1	30.60
858.591	30.86	4.02	123.96	11.63	8.05	93.68	75.60	1	30.90
858.652	30.83	4.02	123.95	11.65	8.21	95.64	77.20	1	31.00
858.756	30.43	4.08	124.22	11.61	8.16	94.70	76.20	1	31.20
858.901	30.23	4.10	124.04	11.67	8.19	95.58	77.10	1	31.20
858.962	30.24	4.10	124.02	11.64	8.18	95.18	76.80	1	31.20
859.066	30.44	4.07	123.77	11.71	8.08	94.66	76.50	1	31.00
859.211	30.27	4.09	123.65	11.66	8.10	94.40	76.30	1	31.00
859.272	30.48	4.06	123.72	11.71	8.04	94.22	76.20	1	30.90
859.376	30.61	4.04	123.59	11.68	8.04	93.86	75.90	1	30.70
859.521	30.64	4.02	123.28	11.74	8.03	94.25	76.50	1	31.00
859.582	30.61	4.05	123.84	11.67	8.13	94.82	76.60	1	30.90
859.686	30.78	4.01	123.44	11.68	8.19	95.68	77.50	1	30.90
859.831	30.60	4.06	124.22	11.61	8.22	95.44	76.80	1	31.00
859.892	30.72	4.04	124.23	11.68	8.07	94.27	75.90	1	31.20
859.996	30.42	4.08	124.18	11.66	8.12	94.71	76.30	1	31.00
860.141	30.62	4.06	124.39	11.71	8.13	95.14	76.50	1	31.00
860.202	30.43	4.09	124.39	11.67	8.20	95.69	76.90	1	31.20
860.306	30.24	4.11	124.30	11.68	8.15	95.16	76.60	1	31.30
860.451	30.25	4.12	124.68	11.70	8.05	94.12	75.50	1	31.00
860.512	30.28	4.10	124.00	11.67	8.12	94.80	76.50	1	31.20
860.616	30.38	4.08	123.86	11.65	8.15	94.90	76.60	1	31.00
860.761	30.35	4.10	124.38	11.60	8.20	95.15	76.50	1	31.20
860.822	30.42	4.09	124.35	11.68	8.15	95.19	76.50	1	31.30
860.926	30.07	4.13	124.07	11.67	8.03	93.69	75.50	1	31.30
861.071	30.36	4.09	124.11	11.69	8.13	95.00	76.50	1	31.00
861.132	30.45	4.08	124.25	11.68	8.06	94.13	75.80	1	31.00
861.236	30.37	4.06	123.33	11.65	8.13	94.65	76.70	1	31.00
861.381	30.48	4.05	123.54	11.66	8.22	95.85	77.60	1	30.70
861.442	30.49	4.04	123.22	11.67	8.13	94.91	77.00	1	30.70
861.546	30.57	4.02	122.76	11.67	8.06	94.10	76.70	1	30.90
1051.401	29.90	4.19	125.20	11.84	8.00	94.78	75.70	1	31.80
1051.462	29.96	4.19	125.41	11.81	8.21	97.05	77.40	1	32.00
1051.566	29.58	4.20	124.25	11.86	8.07	95.69	77.00	1	31.80
1051.711	29.58	4.23	125.04	11.81	8.05	95.13	76.10	1	32.10
1051.772	29.19	4.26	124.38	11.74	8.15	95.68	76.90	1	32.30
1051.876	29.26	4.25	124.23	11.78	8.18	96.41	77.60	1	32.30
1052.021	29.13	4.27	124.51	11.74	8.08	94.87	76.20	1	32.30
1052.082	29.21	4.28	125.09	11.79	8.18	96.40	77.10	1	32.40
1052.186	29.10	4.27	124.28	11.67	8.33	97.12	78.10	1	32.30
1052.331	29.17	4.29	125.17	11.67	8.10	94.54	75.50	1	32.40
1052.392	28.98	4.30	124.49	11.69	8.13	95.01	76.30	1	32.60
1052.496	28.83	4.30	124.07	11.77	7.92	93.24	75.20	1	32.60
1052.641	28.71	4.33	124.30	11.78	7.94	93.55	75.30	1	32.60
1052.702	28.61	4.33	123.95	11.74	8.01	93.98	75.80	1	32.70
1052.806	28.46	4.34	123.39	11.81	7.87	92.88	75.30	1	32.60
1052.951	28.70	4.32	124.11	11.77	7.96	93.72	75.50	1	32.40
1053.012	28.73	4.32	124.09	11.77	7.82	92.03	74.20	1	32.30
1053.116	28.98	4.30	124.55	11.72	8.03	94.12	75.60	1	32.10
1053.261	29.25	4.27	124.97	11.73	8.01	93.99	75.20	1	31.80
1053.322	29.51	4.23	124.93	11.81	8.01	94.57	75.70	1	31.80
1053.426	29.24	4.23	123.82	11.73	8.11	95.11	76.80	1	31.80
1053.571	29.59	4.23	125.10	11.75	8.17	96.00	76.70	1	32.10
1053.632	29.36	4.25	124.79	11.70	8.20	95.99	76.90	1	32.10
1053.736	29.26	4.26	124.71	11.78	7.99	94.06	75.40	1	32.10
1053.881	29.29	4.25	124.47	11.76	8.11	95.33	76.60	1	32.00
1053.942	29.49	4.23	124.79	11.79	8.07	95.08	76.20	1	32.00
1054.046	29.58	4.22	124.70	11.74	8.17	95.85	76.90	1	31.80
1054.191	29.68	4.20	124.55	11.77	8.08	95.15	76.40	1	31.70
1054.252	29.78	4.20	125.08	11.75	8.19	96.15	76.90	1	31.70
1054.356	29.87	4.18	124.88	11.78	8.17	96.19	77.00	1	31.80
1054.501	29.70	4.20	124.66	11.74	8.18	96.00	77.00	1	31.70
1054.562	29.80	4.20	125.18	11.77	8.13	95.68	76.40	1	31.50
1054.666	30.01	4.17	124.99	11.73	8.17	95.87	76.70	1	31.50
1054.811	30.33	4.14	125.45	11.78	8.12	95.62	76.20	1	31.20
1054.872	30.36	4.13	125.41	11.79	8.11	95.62	76.20	1	31.10
1054.976	30.52	4.08	124.63	11.78	8.24	97.03	77.90	1	31.20
1055.121	30.48	4.08	124.39	11.78	8.03	94.62	76.10	1	31.20
1055.182	30.66	4.07	124.91	11.78	8.11	95.51	76.50	1	31.20
1055.286	30.39	4.11	124.84	11.75	8.15	95.76	76.70	1	31.40
1055.431	30.40	4.12	125.15	11.83	7.97	94.27	75.30	1	31.40
1055.492	30.40	4.12	125.24	11.76	8.17	96.03	76.70	1	31.40
1055.596	30.23	4.14	125.23	11.78	8.20	96.69	77.20	1	31.50
1055.741	30.19	4.15	125.41	11.82	8.09	95.60	76.20	1	31.50
1055.802	30.28	4.14	125.20	11.81	8.13	96.04	76.70	1	31.50
1055.906	30.12	4.16	125.23	11.78	8.24	96.98	77.40	1	31.50
1056.051	30.09	4.15	124.91	11.88	7.99	94.94	76.00	1	31.50
1056.112	30.12	4.16	125.40	11.82	8.12	96.06	76.60	1	31.50
1056.216	30.04	4.18	125.57	11.80	8.21	96.90	77.20	1	31.70
1056.361	29.77	4.20	125.18	11.76	8.17	96.10	76.80	1	31.70
1056.422	29.92	4.19	125.35	11.82	7.96	94.14	75.10	1	31.50
1056.526	30.03	4.17	125.32	11.74	8.15	95.74	76.40	1	31.50
1056.671	30.13	4.18	125.82	11.75	8.04	94.53	75.10	1	31.50
1056.732	30.21	4.16	125.68	11.78	8.04	94.68	75.30	1	31.40
1056.836	30.40	4.13	125.56	11.79	8.15	96.07	76.50	1	31.50
1056.981	30.17	4.17	125.78	11.70	8.13	95.13	75.60	1	31.50
1057.042	30.24	4.16	125.65	11.80	7.96	93.93	74.70	1	31.70
1057.146	29.90	4.17	124.75	11.71	8.19	95.95	76.90	1	31.50
1057.291	29.90	4.19	125.14	11.85	7.95	94.24	75.30	1	31.80
1057.352	29.66	4.20	124.48	11.78	8.13	95.78	76.90	1	32.00
1057.456	29.72	4.21	124.99	11.75	8.20	96.40	77.10	1	31.80
1057.601	29.79	4.20	125.01	11.77	8.01	94.25	75.40	1	31.70
1057.662	29.89	4.18	124.82	11.81	8.05	95.11	76.20	1	31.70
1057.766	29.68	4.20	124.75	11.71	8.27	96.86	77.60	1	31.70
1057.911	30.05	4.17	125.32	11.83	7.96	94.21	75.20	1	31.50
1057.972	30.19	4.14	125.12	11.75	8.15	95.77	76.50	1	31.40
1058.076	30.19	4.14	124.99	11.77	8.18	96.30	77.00	1	31.50
1058.221	30.00	4.17	125.15	11.79	8.02	94.55	75.60	1	31.70
1058.282	30.08	4.15	124.69	11.79	8.13	95.83	76.90	1	31.50
1058.386	29.91	4.19	125.17	11.73	8.25	96.80	77.30	1	31.80
1058.531	29.69	4.20	124.75	11.82	8.04	95.00	76.20	1	31.80
1058.592	29.69	4.21	124.99	11.77	8.14	95.78	76.60	1	31.80
1058.696	29.78	4.22	125.59	11.77	7.99	94.04	74.90	1	31.70
1058.841	30.00	4.17	125.04	11.75	8.12	95.45	76.30	1	31.70
1058.902	29.80	4.17	124.23	11.78	8.15	96.04	77.30	1	31.70
1059.006	29.94	4.18	125.09	11.76	8.15	95.90	76.70	1	31.40
1059.151	30.17	4.12	124.45	11.82	8.19	96.71	77.70	1	31.50
1059.212	30.02	4.14	124.25	11.77	8.16	96.04	77.30	1	31.40
1059.316	30.37	4.09	124.29	11.83	8.06	95.31	76.70	1	31.20
1059.461	30.18	4.13	124.60	11.69	8.19	95.78	76.90	1	31.50
1059.522	30.13	4.13	124.55	11.81	8.00	94.46	75.80	1	31.70
1059.626	29.91	4.17	124.85	11.72	8.17	95.80	76.70	1	31.70
1059.771	29.92	4.17	124.89	11.82	8.07	95.34	76.30	1	31.70
1059.832	29.89	4.18	124.88	11.74	8.15	95.63	76.60	1	31.70
1059.936	29.88	4.16	124.41	11.81	8.12	95.89	77.10	1	31.80
1060.081	29.97	4.18	125.35	11.76	8.14	95.68	76.30	1	31.50
1060.142	30.13	4.15	124.99	11.82	8.06	95.22	76.20	1	31.40
1060.246	30.14	4.15	125.07	11.75	8.10	95.15	76.10	1	31.50
1060.391	30.14	4.15	125.17	11.88	8.00	94.95	75.90	1	31.50
1060.452	30.23	4.14	125.29	11.78	8.12	95.61	76.30	1	31.40
1060.556	30.45	4.10	124.86	11.83	8.09	95.69	76.60	1	31.40
1060.701	30.03	4.14	124.47	11.78	8.15	96.03	77.20	1	31.70
1060.762	30.03	4.15	124.60	11.86	8.01	95.00	76.20	1	31.70
1060.866	29.86	4.17	124.55	11.76	8.09	95.14	76.40	1	31.50
1061.011	30.21	4.13	124.65	11.84	8.03	95.07	76.30	1	31.40
1061.072	30.25	4.11	124.46	11.76	8.11	95.37	76.60	1	31.40
1061.176	30.06	4.11	123.64	11.80	8.10	95.54	77.30	1	31.40
1061.321	30.29	4.10	124.26	11.78	8.10	95.46	76.80	1	31.20
1061.382	30.61	4.08	124.76	11.83	8.03	95.00	76.10	1	31.10
1061.486	30.48	4.07	124.15	11.80	8.04	94.90	76.40	1	31.20
1061.631	30.70	4.05	124.33	11.82	8.00	94.50	76.00	1	30.90
1061.692	30.77	4.03	124.11	11.74	8.10	95.11	76.60	1	30.80
1061.796	30.99	4.00	123.84	11.77	8.12	95.53	77.10	1	30.90
1061.941	30.64	4.05	123.98	11.73	8.21	96.35	77.70	1	31.10
1062.002	30.70	4.05	124.48	11.85	8.00	94.83	76.20	1	31.10
1062.106	30.58	4.08	124.91	11.77	8.11	95.44	76.40	1	31.40
1062.251	30.38	4.12	125.18	11.80	8.21	96.85	77.40	1	31.50
1062.312	30.17	4.15	125.28	11.76	8.09	95.17	76.00	1	31.50
1062.416	30.14	4.13	124.48	11.85	8.06	95.45	76.70	1	31.50
1062.561	30.48	4.10	125.12	11.81	8.17	96.50	77.10	1	31.20
1062.622	30.59	4.10	125.33	11.81	8.08	95.38	76.10	1	31.10
1062.726	30.79	4.05	124.82	11.76	8.14	95.69	76.70	1	31.10
1062.871	30.94	4.03	124.68	11.81	8.11	95.78	76.80	1	30.90
1062.932	30.91	4.03	124.61	11.74	8.20	96.31	77.30	1	30.80
1063.036	30.93	4.02	124.20	11.85	7.94	94.12	75.80	1	30.90
1063.181	30.69	4.07	124.83	11.81	7.97	94.15	75.40	1	31.20
1063.242	30.72	4.05	124.53	11.81	7.99	94.34	75.80	1	31.20
1063.346	30.46	4.09	124.70	11.80	8.10	95.60	76.70	1	31.40
1063.491	30.50	4.10	125.03	11.79	8.08	95.23	76.20	1	31.10
1063.552	30.59	4.08	124.66	11.78	8.17	96.25	77.20	1	31.20
1063.656	30.68	4.07	124.77	11.83	8.01	94.79	76.00	1	31.20
1063.801	30.75	4.09	125.65	11.85	8.12	96.25	76.60	1	31.40
1063.862	30.52	4.11	125.40	11.79	8.12	95.69	76.30	1	31.50
1063.966	30.18	4.12	124.39	11.78	8.26	97.29	78.20	1	31.40
1064.111	30.08	4.16	125.15	11.77	8.06	94.86	75.80	1	31.80
1064.172	30.09	4.17	125.44	11.83	8.02	94.89	75.70	1	31.80
1064.276	29.89	4.19	125.36	11.80	7.98	94.22	75.20	1	31.70
1064.421	29.95	4.18	125.16	11.82	8.08	95.56	76.40	1	31.70
1064.482	29.87	4.19	125.05	11.80	8.04	94.80	75.80	1	31.70
1064.586	29.97	4.16	124.61	11.79	8.17	96.36	77.30	1	31.70
1064.731	29.89	4.20	125.41	11.80	8.13	95.95	76.50	1	31.70
1064.792	30.11	4.17	125.53	11.85	8.06	95.48	76.10	1	31.50
1064.896	30.03	4.16	124.92	11.78	8.08	95.23	76.20	1	31.70
1065.041	29.94	4.20	125.63	11.84	8.05	95.31	75.90	1	32.00
1065.102	29.56	4.23	125.06	11.75	8.02	94.28	75.40	1	31.80
1065.206	29.75	4.20	124.95	11.76	8.16	95.96	76.80	1	31.80
1065.351	29.67	4.21	124.84	11.73	8.16	95.72	76.70	1	31.70
1065.412	29.81	4.19	124.79	11.83	8.07	95.43	76.50	1	31.80
1065.516	29.88	4.18	124.79	11.74	8.07	94.68	75.90	1	31.70
1065.661	30.12	4.17	125.59	11.76	8.12	95.51	76.00	1	31.50
1065.722	30.13	4.16	125.41	11.78	8.06	94.90	75.70	1	31.50
1065.826	30.27	4.15	125.57	11.79	8.16	96.23	76.60	1	31.40
1065.971	30.17	4.12	124.29	11.79	8.02	94.63	76.10	1	31.40
1066.032	30.20	4.13	124.64	11.78	8.14	95.92	77.00	1	31.50
1066.136	30.15	4.14	124.78	11.86	7.99	94.73	75.90	1	31.70
1066.281	30.06	4.15	124.89	11.79	8.23	96.98	77.60	1	31.80
1066.342	29.77	4.18	124.33	11.79	8.05	94.99	76.40	1	31.80
1066.446	30.07	4.15	124.85	11.79	8.06	95.03	76.10	1	31.50
1066.591	30.06	4.16	124.89	11.84	7.99	94.57	75.70	1	31.50
1066.652	29.95	4.16	124.70	11.83	7.95	94.00	75.40	1	31.70
1066.756	30.00	4.16	124.67	11.84	8.05	95.23	76.40	1	31.70
1066.901	29.97	4.15	124.44	11.79	8.10	95.45	76.70	1	31.50
1066.962	30.25	4.13	124.87	11.84	8.04	95.21	76.20	1	31.50
1067.066	30.23	4.12	124.66	11.77	8.18	96.31	77.30	1	31.50
1067.211	30.18	4.14	124.98	11.83	7.95	93.99	75.20	1	31.70
1067.272	30.05	4.16	124.89	11.79	8.09	95.33	76.30	1	31.70
1067.376	29.93	4.15	124.35	11.77	8.21	96.64	77.70	1	31.50
1067.521	30.07	4.15	124.94	11.81	8.03	94.81	75.90	1	31.50
1067.582	30.21	4.14	124.98	11.79	8.11	95.59	76.50	1	31.40
1067.686	30.23	4.14	125.17	11.74	8.17	95.94	76.60	1	31.40
1067.831	30.59	4.10	125.44	11.82	8.04	95.07	75.80	1	31.40
1067.892	30.37	4.12	124.98	11.80	8.06	95.16	76.10	1	31.40
1067.996	30.30	4.12	124.71	11.87	7.99	94.81	76.00	1	31.40
1068.141	30.54	4.08	124.56	11.81	8.06	95.21	76.40	1	31.20
1068.202	30.58	4.08	124.71	11.85	8.09	95.87	76.90	1	31.20
1068.306	30.39	4.11	124.84	11.83	8.08	95.60	76.60	1	31.40
1068.451	30.44	4.09	124.46	11.83	8.05	95.22	76.50	1	31.50
1068.512	30.13	4.12	124.15	11.80	8.06	95.14	76.60	1	31.50
1068.616	30.18	4.14	124.92	11.85	7.96	94.36	75.50	1	31.70
1068.761	30.05	4.17	125.20	11.78	8.14	95.89	76.60	1	31.70
1068.822	30.11	4.16	125.18	11.81	8.15	96.32	76.90	1	31.50
1068.926	30.22	4.15	125.40	11.79	8.11	95.63	76.30	1	31.40
1069.071	30.55	4.10	125.28	11.86	8.00	94.81	75.70	1	31.40
1069.132	30.45	4.11	125.13	11.81	8.11	95.87	76.60	1	31.40
1069.236	30.31	4.12	124.99	11.87	8.04	95.45	76.40	1	31.50
1069.381	30.27	4.14	125.33	11.83	7.99	94.52	75.40	1	31.50
1069.442	30.34	4.13	125.30	11.82	8.07	95.47	76.20	1	31.70
1069.546	30.05	4.18	125.55	11.78	8.18	96.35	76.70	1	31.80
1069.691	30.01	4.17	125.20	11.83	7.97	94.24	75.30	1	31.50
1069.752	30.09	4.16	125.30	11.79	8.02	94.57	75.50	1	31.50
1069.856	29.99	4.15	124.56	11.81	8.09	95.59	76.70	1	31.50
1070.001	30.28	4.14	125.32	11.78	8.17	96.29	76.80	1	31.20
1070.062	30.30	4.10	124.31	11.84	7.96	94.23	75.80	1	31.40
1070.166	30.40	4.12	125.15	11.78	8.14	95.85	76.60	1	31.50
1070.311	30.34	4.11	124.65	11.76	8.04	94.58	75.90	1	31.40
1070.372	30.29	4.12	124.70	11.80	8.16	96.29	77.20	1	31.40
1070.476	30.26	4.11	124.41	11.84	7.95	94.10	75.60	1	31.40
1070.621	30.14	4.14	124.72	11.84	8.12	96.23	77.20	1	31.50
1070.682	30.07	4.16	124.96	11.83	7.99	94.48	75.60	1	31.50
1070.786	30.43	4.10	124.90	11.78	8.14	95.91	76.80	1	31.50
1070.931	30.14	4.14	124.71	11.76	8.12	95.51	76.60	1	31.50
1070.992	30.15	4.11	124.02	11.86	8.08	95.79	77.20	1	31.40
1071.096	30.24	4.11	124.19	11.84	7.94	94.02	75.70	1	31.40
1071.241	30.44	4.08	124.11	11.84	8.04	95.14	76.70	1	31.20
1071.302	30.33	4.10	124.48	11.83	8.05	95.25	76.50	1	31.40
1071.406	30.20	4.10	123.95	11.87	8.02	95.19	76.80	1	31.40
1071.551	30.07	4.14	124.38	11.80	8.07	95.22	76.60	1	31.70
1071.612	30.20	4.13	124.84	11.85	8.05	95.40	76.40	1	31.80
1071.716	29.88	4.18	125.02	11.81	8.15	96.30	77.00	1	32.00
1071.861	29.50	4.22	124.62	11.81	8.04	94.96	76.20	1	32.00
1071.922	29.58	4.22	124.71	11.81	8.16	96.39	77.30	1	31.80
1072.026	29.89	4.19	125.10	11.82	8.09	95.65	76.50	1	31.50
1072.171	30.15	4.15	125.14	11.88	8.09	96.16	76.80	1	31.80
1072.232	29.97	4.18	125.27	11.79	8.13	95.84	76.50	1	32.00
1072.336	29.81	4.19	124.87	11.88	7.95	94.46	75.70	1	32.00
1072.481	29.80	4.19	124.93	11.78	8.18	96.31	77.10	1	31.70
1072.542	29.80	4.18	124.58	11.86	8.00	94.95	76.20	1	31.80
1072.646	29.71	4.20	124.78	11.81	8.07	95.32	76.40	1	31.80
1072.791	29.83	4.19	124.89	11.84	7.89	93.40	74.80	1	32.00
1072.852	29.65	4.21	124.93	11.79	8.04	94.80	75.90	1	32.00
1072.956	29.74	4.21	125.06	11.79	8.07	95.13	76.10	1	32.00
1073.101	29.69	4.21	124.93	11.78	8.16	96.17	77.00	1	31.80
1073.162	29.57	4.21	124.48	11.75	8.18	96.11	77.20	1	31.80
1073.266	29.68	4.23	125.48	11.78	8.19	96.55	76.90	1	31.80
1073.411	29.57	4.20	124.20	11.75	8.12	95.39	76.80	1	31.80
1073.472	29.86	4.17	124.57	11.86	8.09	95.88	77.00	1	31.70
1073.576	29.88	4.16	124.31	11.73	8.23	96.49	77.60	1	31.70
1073.721	29.86	4.17	124.59	11.84	8.12	96.16	77.20	1	31.80
1073.782	29.87	4.18	124.99	11.76	8.21	96.55	77.20	1	32.00
1073.886	29.80	4.20	125.21	11.88	7.97	94.70	75.60	1	31.80
1074.031	29.81	4.20	125.07	11.77	8.16	96.08	76.80	1	31.80
1074.092	29.78	4.20	125.00	11.81	7.95	93.84	75.10	1	32.00
1074.196	29.60	4.21	124.62	11.80	8.00	94.39	75.70	1	31.80
1074.341	29.88	4.18	124.97	11.73	8.23	96.52	77.20	1	31.70
1074.402	30.00	4.17	125.03	11.83	8.06	95.30	76.20	1	31.50
1074.506	29.97	4.17	124.95	11.83	7.99	94.58	75.70	1	31.70
1074.651	29.91	4.19	125.25	11.89	7.94	94.50	75.40	1	31.80
1074.712	29.82	4.19	125.07	11.85	8.07	95.63	76.50	1	31.80
1074.816	29.92	4.16	124.48	11.88	8.00	95.00	76.30	1	31.70
1074.961	29.76	4.20	124.84	11.78	8.15	95.93	76.80	1	32.00
1075.022	29.69	4.20	124.69	11.80	8.11	95.78	76.80	1	32.00
1075.126	29.59	4.20	124.25	11.78	8.08	95.21	76.60	1	31.80
1075.271	29.87	4.19	125.05	11.77	8.05	94.75	75.80	1	31.70
1075.332	29.82	4.19	124.85	11.78	8.16	96.14	77.00	1	31.80
1075.436	29.70	4.19	124.50	11.82	8.09	95.61	76.80	1	31.80
1075.581	29.83	4.18	124.56	11.80	8.10	95.61	76.80	1	31.80
1075.642	29.67	4.20	124.50	11.75	8.08	94.94	76.30	1	31.80
1075.746	29.76	4.19	124.60	11.84	8.10	95.90	77.00	1	31.80
1075.891	29.73	4.21	125.09	11.81	8.11	95.71	76.50	1	32.00
1075.952	29.77	4.20	125.10	11.82	8.08	95.54	76.40	1	32.00
1076.056	29.55	4.22	124.79	11.75	8.07	94.88	76.00	1	32.00
1076.201	29.81	4.18	124.63	11.84	8.12	96.13	77.10	1	31.70
1076.262	29.67	4.20	124.51	11.77	8.19	96.42	77.40	1	31.80
1076.366	29.57	4.22	124.64	11.82	8.08	95.48	76.60	1	32.00
1076.511	29.40	4.23	124.40	11.75	8.13	95.59	76.80	1	32.00
1076.572	29.53	4.21	124.38	11.86	7.86	93.19	74.90	1	31.80
1076.676	29.73	4.21	125.00	11.75	8.09	95.10	76.10	1	31.70
1076.821	29.90	4.17	124.82	11.84	7.96	94.19	75.50	1	31.70
1076.882	29.90	4.17	124.70	11.81	8.16	96.39	77.30	1	31.80
1076.986	29.71	4.20	124.69	11.73	8.17	95.79	76.80	1	31.80
1077.131	29.90	4.16	124.29	11.83	8.03	95.05	76.50	1	31.70
1077.192	29.77	4.18	124.31	11.77	8.08	95.14	76.50	1	31.70
1077.296	30.00	4.16	124.64	11.85	8.07	95.61	76.70	1	31.70
1077.441	29.87	4.18	124.83	11.72	8.25	96.60	77.40	1	31.80
1077.502	29.72	4.20	124.78	11.82	8.00	94.54	75.80	1	32.00
1077.606	29.45	4.24	124.86	11.72	8.18	95.86	76.80	1	32.10
1077.751	29.45	4.24	124.84	11.81	7.98	94.27	75.50	1	32.00
1077.812	29.54	4.22	124.69	11.78	8.07	95.13	76.30	1	31.80
1077.916	29.78	4.20	125.10	11.84	8.05	95.33	76.20	1	31.80
1078.061	29.74	4.21	125.10	11.74	8.19	96.18	76.90	1	32.00
1078.122	29.49	4.22	124.60	11.77	8.04	94.62	75.90	1	32.00
1078.226	29.40	4.24	124.57	11.76	8.13	95.54	76.70	1	32.10
1078.371	29.44	4.24	124.68	11.75	8.14	95.63	76.70	1	32.00
1078.432	29.61	4.21	124.54	11.79	8.18	96.45	77.50	1	31.80
1078.536	29.48	4.23	124.70	11.80	7.94	93.73	75.20	1	32.10
1078.681	29.40	4.25	124.83	11.74	8.23	96.66	77.40	1	32.10
1078.742	29.36	4.26	125.03	11.63	8.31	96.74	77.40	1	32.30
1078.846	29.08	4.27	124.17	11.71	8.06	94.43	76.00	1	32.10
1078.991	29.11	4.27	124.33	11.77	8.13	95.73	77.00	1	32.00
1079.052	29.14	4.26	124.17	11.84	8.07	95.47	76.90	1	32.10
1079.156	29.11	4.26	124.06	11.72	8.23	96.38	77.70	1	32.30
1079.301	29.15	4.27	124.38	11.68	8.03	93.75	75.40	1	32.40
1079.362	29.19	4.25	124.10	11.77	7.89	92.87	74.80	1	32.40
1079.466	28.94	4.28	123.86	11.72	8.00	93.71	75.70	1	32.30
1079.611	28.96	4.28	124.07	11.75	7.92	93.14	75.10	1	32.40
1079.672	28.87	4.30	124.03	11.71	8.08	94.65	76.30	1	32.60
1079.776	28.99	4.28	124.22	11.73	8.13	95.36	76.80	1	32.40
1079.921	29.04	4.26	123.83	11.71	8.32	97.46	78.70	1	32.40
1079.982	29.03	4.28	124.22	11.67	8.32	97.03	78.10	1	32.40
1080.086	29.12	4.26	124.15	11.73	8.22	96.43	77.70	1	32.40
1080.231	28.78	4.30	123.83	11.71	8.13	95.18	76.90	1	32.40
1080.292	28.90	4.29	123.88	11.77	8.03	94.53	76.30	1	32.40
1080.396	28.77	4.30	123.77	11.74	7.99	93.83	75.80	1	32.60
1080.541	28.66	4.30	123.21	11.69	7.91	92.45	75.00	1	32.40
1080.602	28.84	4.29	123.77	11.79	7.76	91.49	73.90	1	32.60
1080.706	28.62	4.31	123.37	11.63	7.93	92.24	74.80	1	32.70
1080.851	28.37	4.35	123.33	11.68	7.96	92.97	75.40	1	32.70
1080.912	28.41	4.35	123.44	11.71	8.00	93.68	75.90	1	32.60
1081.016	28.57	4.33	123.60	11.61	8.13	94.39	76.40	1	32.40
1081.161	28.61	4.32	123.58	11.70	8.13	95.17	77.00	1	32.70
1081.222	28.45	4.34	123.43	11.72	7.98	93.60	75.80	1	32.70
1081.326	28.60	4.33	123.68	11.71	8.00	93.61	75.70	1	32.70
1081.471	28.52	4.34	123.70	11.69	7.89	92.22	74.60	1	32.70
1081.532	28.32	4.36	123.45	11.60	8.02	93.02	75.40	1	32.70
1081.636	28.39	4.35	123.42	11.69	8.01	93.55	75.80	1	32.70
1081.781	28.40	4.33	123.07	11.70	8.07	94.35	76.70	1	32.70
1081.842	28.27	4.35	123.03	11.59	8.09	93.74	76.20	1	32.90
1081.946	28.34	4.33	122.84	11.73	7.87	92.31	75.10	1	32.90
1082.091	28.55	4.34	123.78	11.69	8.04	94.05	76.00	1	32.60
