356.440	38.15	0.87	33.37	1.21	2.76	3.34	10.0	3	21.2
356.500	35.32	2.33	82.24	3.66	7.63	27.93	34.0	3	21.2
356.604	25.52	3.73	95.19	5.20	9.10	47.29	49.7	3	33.7
356.749	12.17	4.66	56.68	4.35	6.88	29.93	52.8	3	46.2
356.809	8.44	4.78	40.37	3.55	5.68	20.19	50.0	3	58.7
356.912	5.89	4.87	28.65	2.78	4.76	13.21	46.1	3	21.2
357.056	24.88	4.06	100.89	5.80	10.04	58.25	57.7	3	38.0
357.117	18.62	4.43	82.56	5.44	8.91	48.53	58.8	3	38.0
357.221	25.13	3.42	85.95	5.25	8.79	46.19	53.7	3	15.0
357.366	26.72	3.65	97.54	6.18	9.37	57.93	59.4	3	30.3
357.426	24.79	4.20	104.03	6.84	9.77	66.79	64.2	3	30.3
357.530	22.67	4.63	104.87	7.60	9.63	73.18	69.8	3	32.0
357.675	30.78	3.57	109.78	8.12	9.48	77.01	70.1	3	22.5
357.735	32.68	3.32	108.59	8.49	9.07	76.99	70.9	3	23.4
357.839	32.72	3.39	111.01	8.91	8.93	79.53	71.6	3	30.3
357.984	30.82	3.96	122.13	9.69	9.22	89.37	73.2	3	25.6
358.044	32.13	3.71	119.10	9.67	9.15	88.54	74.3	3	25.6
358.148	31.29	4.04	126.34	10.20	9.15	93.33	73.9	3	29.3
358.293	29.61	4.39	130.02	10.60	9.51	100.83	77.6	3	31.1
358.354	29.82	4.38	130.47	10.87	9.16	99.58	76.3	3	29.0
358.458	31.32	4.12	129.05	10.97	8.92	97.80	75.8	3	31.1
358.603	31.39	4.16	130.74	11.28	9.01	101.61	77.7	3	31.6
358.664	30.41	4.32	131.39	11.28	9.04	102.05	77.7	3	31.6
358.768	30.11	4.39	132.27	11.43	8.91	101.85	77.0	3	31.0
358.913	30.52	4.35	132.69	11.49	9.01	103.46	78.0	3	30.6
358.974	30.70	4.29	131.78	11.58	8.75	101.33	76.9	3	30.6
359.078	29.60	4.44	131.55	11.60	8.88	103.03	78.3	3	32.1
359.223	30.18	4.37	132.00	11.61	8.72	101.23	76.7	3	31.0
359.284	30.36	4.37	132.77	11.61	8.81	102.26	77.0	3	31.2
359.388	30.23	4.38	132.30	11.71	8.57	100.33	75.8	3	31.8
359.533	29.56	4.45	131.57	11.64	8.76	101.95	77.5	3	31.7
359.594	29.45	4.46	131.27	11.66	8.57	100.02	76.2	3	31.7
359.698	29.54	4.45	131.60	11.61	8.91	103.48	78.6	3	31.6
359.843	29.91	4.41	131.76	11.64	8.75	101.92	77.4	3	31.4
359.904	29.96	4.40	131.94	11.64	8.81	102.59	77.8	3	31.7
360.008	29.47	4.47	131.82	11.55	8.81	101.74	77.2	3	31.7
360.153	29.93	4.43	132.63	11.60	8.76	101.54	76.6	3	31.3
360.214	30.02	4.41	132.47	11.69	8.63	100.91	76.2	3	31.6
360.318	29.88	4.42	132.17	11.58	8.75	101.37	76.7	3	31.1
360.463	29.88	4.43	132.33	11.51	8.92	102.70	77.6	3	31.3
360.524	29.86	4.40	131.51	11.58	8.80	101.98	77.5	3	31.3
360.628	29.54	4.46	131.82	11.47	8.83	101.29	76.8	3	31.5
360.773	29.66	4.46	132.18	11.51	8.85	101.83	77.0	3	31.4
360.834	29.63	4.46	132.15	11.41	9.06	103.40	78.2	3	31.1
360.938	29.79	4.43	131.99	11.49	8.80	101.05	76.6	3	31.1
361.083	29.83	4.44	132.49	11.43	8.93	102.04	77.0	3	31.3
361.144	29.79	4.44	132.38	11.40	9.06	103.32	78.0	3	31.3
361.248	29.45	4.48	131.97	11.39	8.83	100.57	76.2	3	31.3
361.393	29.60	4.49	132.91	11.46	8.72	99.87	75.1	3	31.3
361.454	29.36	4.51	132.36	11.40	8.71	99.34	75.1	3	31.3
361.558	29.33	4.50	131.92	11.32	8.96	101.46	76.9	3	31.3
361.703	29.44	4.48	131.75	11.33	9.04	102.46	77.8	3	31.3
361.764	29.36	4.48	131.49	11.33	8.91	100.89	76.7	3	31.3
361.868	29.21	4.50	131.40	11.27	9.01	101.54	77.3	3	31.3
362.013	29.30	4.49	131.44	11.31	8.78	99.31	75.6	3	31.3
362.074	29.34	4.50	131.96	11.23	9.06	101.71	77.1	3	31.3
362.178	29.20	4.52	132.01	11.28	8.87	100.03	75.8	3	31.3
362.323	29.21	4.52	131.89	11.23	9.01	101.12	76.7	3	31.3
362.384	29.16	4.50	131.14	11.24	8.96	100.73	76.8	3	31.3
362.488	29.28	4.50	131.90	11.20	9.00	100.82	76.4	3	31.3
362.633	29.34	4.50	132.04	11.27	8.92	100.58	76.2	3	31.3
362.694	29.18	4.51	131.74	11.22	9.01	101.09	76.7	3	31.3
362.798	29.36	4.49	131.83	11.32	8.82	99.76	75.7	3	31.3
362.943	29.30	4.51	132.07	11.30	8.99	101.61	76.9	3	31.3
363.004	29.14	4.52	131.66	11.25	8.96	100.84	76.6	3	31.3
363.108	29.28	4.51	132.13	11.24	9.01	101.29	76.7	3	31.3
363.253	29.47	4.49	132.25	11.33	8.95	101.40	76.7	3	31.3
363.314	29.31	4.51	132.10	11.29	8.91	100.55	76.1	3	31.3
363.418	29.22	4.49	131.33	11.29	8.84	99.77	76.0	3	31.3
363.563	29.23	4.51	131.88	11.22	9.07	101.82	77.2	3	31.3
363.624	29.38	4.50	132.11	11.33	9.05	102.53	77.6	3	31.3
363.728	29.23	4.49	131.12	11.32	8.93	101.11	77.1	3	31.3
363.873	29.19	4.51	131.54	11.26	8.93	100.60	76.5	3	31.3
363.934	29.16	4.51	131.51	11.18	8.98	100.42	76.4	3	31.3
364.038	29.23	4.52	131.98	11.20	9.05	101.42	76.8	3	31.3
364.183	29.19	4.52	131.89	11.30	8.89	100.47	76.2	3	31.3
364.244	29.11	4.53	131.80	11.19	9.12	102.10	77.5	3	31.3
364.348	29.10	4.53	131.78	11.18	9.16	102.34	77.7	3	31.3
364.493	29.07	4.53	131.58	11.21	9.08	101.78	77.4	3	31.3
364.554	29.17	4.52	131.76	11.25	8.85	99.64	75.6	3	31.3
364.658	29.24	4.51	132.00	11.22	8.86	99.42	75.3	3	31.3
364.803	29.19	4.50	131.19	11.16	9.17	102.36	78.0	3	31.3
364.864	29.12	4.53	131.78	11.13	9.20	102.38	77.7	3	31.3
364.968	29.23	4.53	132.28	11.15	9.22	102.80	77.7	3	31.3
365.113	29.17	4.52	131.80	11.11	9.19	102.11	77.5	3	31.3
365.174	29.14	4.51	131.31	11.23	9.17	102.90	78.4	3	31.3
365.278	28.89	4.53	130.84	11.14	9.23	102.85	78.6	3	31.3
365.423	29.10	4.52	131.38	11.15	9.13	101.73	77.4	3	31.3
365.484	29.05	4.51	131.11	11.14	9.20	102.50	78.2	3	31.3
365.588	29.18	4.51	131.61	11.19	9.17	102.62	78.0	3	31.3
365.733	29.03	4.54	131.82	11.17	9.10	101.58	77.1	3	31.3
365.794	29.24	4.51	132.00	11.24	9.10	102.25	77.5	3	31.3
365.898	29.26	4.51	131.96	11.27	8.92	100.56	76.2	3	31.3
366.043	29.28	4.53	132.59	11.27	9.00	101.42	76.5	3	31.3
366.104	29.17	4.53	132.15	11.26	8.92	100.46	76.0	3	31.3
366.208	29.06	4.52	131.44	11.23	9.03	101.35	77.1	3	31.3
366.353	29.32	4.51	132.34	11.19	8.97	100.42	75.9	3	31.3
366.414	29.35	4.52	132.65	11.20	8.97	100.38	75.7	3	31.3
366.518	29.26	4.52	132.33	11.17	9.04	100.96	76.3	3	31.3
366.663	29.15	4.53	131.94	11.20	8.90	99.69	75.6	3	31.3
366.724	29.15	4.53	132.03	11.15	9.08	101.18	76.6	3	31.3
366.828	29.21	4.52	131.97	11.21	9.08	101.73	77.1	3	31.3
366.973	29.16	4.51	131.65	11.21	9.13	102.28	77.7	3	31.3
367.034	29.20	4.52	131.89	11.31	8.82	99.76	75.6	3	31.3
367.138	29.20	4.52	131.89	11.31	8.78	99.27	75.3	3	31.3
367.283	29.47	4.50	132.65	11.25	8.95	100.70	75.9	3	31.3
367.344	29.33	4.50	131.94	11.19	9.13	102.21	77.5	3	31.3
367.448	29.12	4.52	131.50	11.23	9.04	101.52	77.2	3	31.3
367.593	29.24	4.51	131.88	11.22	8.93	100.18	76.0	3	31.3
367.654	29.33	4.49	131.80	11.25	8.94	100.61	76.3	3	31.3
367.758	29.28	4.49	131.55	11.21	9.08	101.78	77.4	3	31.3
367.903	29.02	4.54	131.77	11.21	8.86	99.38	75.4	3	31.3
367.964	29.09	4.54	132.04	11.15	9.03	100.69	76.3	3	31.3
368.068	29.02	4.53	131.58	11.20	8.89	99.57	75.7	3	31.3
368.213	29.27	4.50	131.67	11.21	9.12	102.29	77.7	3	31.3
368.274	29.09	4.52	131.52	11.16	9.09	101.48	77.2	3	31.3
368.378	29.05	4.51	131.15	11.17	9.02	100.76	76.8	3	31.3
368.523	29.11	4.53	131.74	11.16	9.10	101.55	77.1	3	31.3
368.584	29.13	4.52	131.67	11.21	8.95	100.30	76.2	3	31.3
368.688	29.03	4.52	131.11	11.20	9.06	101.44	77.4	3	31.3
368.833	29.19	4.52	132.07	11.25	8.89	99.96	75.7	3	31.3
368.894	29.03	4.52	131.35	11.18	9.14	102.20	77.8	3	31.3
368.998	29.10	4.52	131.45	11.24	8.91	100.06	76.1	3	31.3
369.143	29.09	4.54	132.00	11.18	9.01	100.79	76.4	3	31.3
369.204	29.09	4.51	131.32	11.20	9.02	101.04	76.9	3	31.3
369.308	29.14	4.52	131.78	11.20	9.11	101.99	77.4	3	31.3
369.453	29.10	4.54	132.03	11.21	9.09	101.90	77.2	3	31.3
369.514	29.15	4.53	132.11	11.24	8.90	100.11	75.8	3	31.3
369.618	29.04	4.51	130.90	11.19	8.99	100.61	76.9	3	31.3
369.763	29.11	4.54	132.11	11.13	9.14	101.69	77.0	3	31.3
369.824	29.00	4.54	131.53	11.12	9.08	100.96	76.8	3	31.3
369.928	28.98	4.54	131.53	11.13	9.12	101.49	77.2	3	31.3
370.073	29.18	4.51	131.51	11.17	9.05	101.12	76.9	3	31.3
370.134	28.95	4.54	131.55	11.11	9.02	100.15	76.1	3	31.3
370.238	28.99	4.53	131.23	11.15	8.93	99.60	75.9	3	31.3
370.383	29.07	4.53	131.76	11.11	9.07	100.79	76.5	3	31.3
370.444	29.13	4.52	131.58	11.16	9.02	100.69	76.5	3	31.3
370.548	29.21	4.52	132.01	11.17	9.08	101.41	76.8	3	31.3
370.693	29.12	4.55	132.36	11.14	9.00	100.23	75.7	3	31.3
370.754	29.09	4.55	132.40	11.13	9.04	100.55	75.9	3	31.3
370.858	29.08	4.55	132.34	11.11	9.03	100.39	75.9	3	31.3
371.003	29.13	4.53	131.87	11.13	9.14	101.69	77.1	3	31.3
371.064	28.88	4.56	131.71	11.10	9.04	100.37	76.2	3	31.3
371.168	28.85	4.55	131.33	11.14	9.05	100.86	76.8	3	31.3
371.313	29.04	4.54	131.88	11.14	9.15	101.95	77.3	3	31.3
371.374	29.01	4.54	131.55	11.18	8.95	100.06	76.1	3	31.3
371.478	28.89	4.54	131.22	11.20	8.93	100.02	76.2	3	31.3
371.623	29.07	4.54	132.11	11.16	9.04	100.85	76.3	3	31.3
371.684	29.05	4.54	131.79	11.13	8.96	99.72	75.7	3	31.3
371.788	28.91	4.54	131.35	11.10	8.98	99.60	75.8	3	31.3
371.933	28.91	4.53	131.06	11.07	9.24	102.29	78.0	3	31.3
371.994	28.93	4.53	131.13	11.07	9.24	102.32	78.0	3	31.3
372.098	29.07	4.52	131.48	11.07	9.16	101.41	77.1	3	31.3
372.243	28.93	4.54	131.40	11.18	8.83	98.65	75.1	3	31.3
372.304	28.80	4.55	131.15	11.12	9.04	100.48	76.6	3	31.3
372.408	29.00	4.54	131.61	11.07	9.24	102.27	77.7	3	31.3
372.553	29.16	4.55	132.69	11.07	9.09	100.62	75.8	3	31.3
372.614	29.07	4.55	132.24	11.11	8.98	99.72	75.4	3	31.3
372.718	28.86	4.55	131.23	11.07	9.12	100.90	76.9	3	31.3
372.863	28.86	4.56	131.69	11.08	9.08	100.57	76.4	3	31.3
372.924	28.91	4.55	131.61	11.10	9.03	100.25	76.2	3	31.3
373.028	28.86	4.56	131.51	11.05	9.06	100.13	76.1	3	31.3
373.173	28.89	4.57	131.94	11.05	9.14	100.99	76.5	3	31.3
373.234	29.17	4.53	132.07	11.09	9.09	100.81	76.3	3	31.3
373.338	29.07	4.55	132.22	11.10	9.04	100.39	75.9	3	31.3
373.483	29.04	4.54	131.69	11.08	8.98	99.50	75.6	3	31.3
373.544	28.91	4.55	131.50	11.06	8.89	98.35	74.8	3	31.3
373.648	28.82	4.56	131.40	10.99	9.16	100.69	76.6	3	31.3
373.793	28.76	4.58	131.61	11.06	8.99	99.41	75.5	3	31.3
373.854	28.66	4.57	131.00	11.07	9.04	100.00	76.3	3	31.3
373.958	28.70	4.56	130.96	11.04	9.20	101.54	77.5	3	31.3
374.103	28.81	4.55	130.93	11.12	9.12	101.36	77.4	3	31.3
374.164	28.78	4.54	130.63	11.10	9.21	102.32	78.3	3	31.3
374.268	29.02	4.52	131.27	11.14	9.16	102.07	77.8	3	31.3
374.413	28.98	4.54	131.64	11.05	9.18	101.45	77.1	3	31.3
374.474	28.89	4.54	131.04	11.07	9.23	102.17	78.0	3	31.3
374.578	28.88	4.54	131.17	11.07	9.24	102.30	78.0	3	31.3
374.723	29.07	4.53	131.75	11.15	9.10	101.49	77.0	3	31.3
374.784	29.15	4.53	132.02	11.13	9.16	101.99	77.3	3	31.3
374.888	29.10	4.52	131.43	11.11	9.16	101.76	77.4	3	31.3
375.033	29.02	4.54	131.66	11.10	9.16	101.67	77.2	3	31.3
375.094	28.87	4.55	131.20	11.10	9.14	101.47	77.3	3	31.3
375.198	28.94	4.54	131.50	11.10	9.17	101.77	77.4	3	31.3
375.343	28.94	4.55	131.57	11.10	9.01	100.00	76.0	3	31.3
375.404	29.02	4.54	131.65	11.14	9.05	100.74	76.5	3	31.3
375.508	29.04	4.53	131.52	11.14	9.17	102.12	77.6	3	31.3
375.653	28.99	4.51	130.82	11.14	9.09	101.26	77.4	3	31.3
375.714	29.06	4.52	131.24	11.14	9.07	101.02	77.0	3	31.3
375.818	29.00	4.53	131.48	11.10	9.01	100.00	76.1	3	31.3
375.963	28.92	4.54	131.24	11.14	9.05	100.78	76.8	3	31.3
376.024	28.91	4.53	131.05	11.19	8.87	99.31	75.8	3	31.3
376.128	28.91	4.54	131.28	11.14	8.99	100.19	76.3	3	31.3
376.273	29.04	4.54	131.84	11.12	9.13	101.55	77.0	3	31.3
376.334	28.82	4.56	131.32	11.03	9.22	101.74	77.5	3	31.3
376.438	28.82	4.56	131.28	11.05	9.19	101.61	77.4	3	31.3
376.583	28.89	4.54	131.16	11.10	9.00	99.88	76.1	3	31.3
376.644	28.79	4.55	131.13	11.06	9.08	100.43	76.6	3	31.3
376.748	28.92	4.56	131.87	11.08	9.06	100.45	76.2	3	31.3
376.893	28.98	4.54	131.46	11.14	9.03	100.66	76.6	3	31.3
376.954	28.86	4.55	131.30	11.08	9.13	101.19	77.1	3	31.3
377.058	28.93	4.54	131.39	11.08	9.21	102.02	77.6	3	31.3
377.203	28.92	4.56	131.81	11.10	9.07	100.64	76.4	3	31.3
377.264	28.89	4.55	131.51	11.06	9.14	101.11	76.9	3	31.3
377.368	28.93	4.56	132.03	11.02	9.15	100.84	76.4	3	31.3
377.513	28.85	4.57	131.74	11.09	8.99	99.65	75.6	3	31.3
377.574	28.90	4.54	131.28	11.13	9.04	100.66	76.7	3	31.3
377.678	28.96	4.53	131.25	11.07	9.23	102.09	77.8	3	31.3
377.823	28.91	4.55	131.51	11.11	9.01	100.06	76.1	3	31.3
377.884	28.79	4.55	131.04	11.07	9.03	99.93	76.3	3	31.3
377.988	28.83	4.56	131.46	11.00	9.19	101.08	76.9	3	31.3
378.133	28.79	4.55	131.01	11.06	9.01	99.70	76.1	3	31.3
378.194	28.76	4.55	130.81	11.03	9.11	100.54	76.9	3	31.3
378.298	28.89	4.55	131.56	11.04	9.11	100.56	76.4	3	31.3
378.443	28.78	4.55	130.89	11.09	9.02	100.00	76.4	3	31.3
378.504	28.83	4.55	131.22	11.07	9.09	100.60	76.7	3	31.3
378.608	29.01	4.54	131.70	11.11	8.98	99.76	75.7	3	31.3
378.753	28.87	4.57	131.86	11.11	9.19	102.14	77.5	3	31.3
378.814	28.83	4.57	131.83	11.01	9.25	101.79	77.2	3	31.3
378.918	28.83	4.55	131.31	11.04	9.15	100.97	76.9	3	31.3
379.063	28.84	4.56	131.56	11.00	9.30	102.27	77.7	3	31.3
379.124	28.86	4.55	131.43	11.01	9.25	101.77	77.4	3	31.3
379.228	28.86	4.56	131.69	11.06	9.07	100.31	76.2	3	31.3
379.373	28.90	4.56	131.65	11.04	9.22	101.81	77.3	3	31.3
379.434	28.96	4.55	131.86	11.05	9.32	102.96	78.1	3	31.3
379.538	28.95	4.55	131.80	11.13	8.99	100.03	75.9	3	31.3
379.683	29.13	4.53	131.99	11.08	9.25	102.48	77.6	3	31.3
379.744	28.96	4.55	131.68	11.07	9.17	101.50	77.1	3	31.3
379.848	28.92	4.54	131.23	11.13	9.13	101.66	77.5	3	31.3
379.993	29.01	4.55	131.87	11.11	9.04	100.43	76.2	3	31.3
380.054	28.94	4.56	132.01	11.09	9.14	101.43	76.8	3	31.3
380.158	28.88	4.54	131.07	11.08	9.01	99.82	76.2	3	31.3
380.303	28.85	4.55	131.18	11.09	9.14	101.35	77.3	3	31.3
380.364	28.77	4.55	130.93	11.05	8.97	99.14	75.7	3	31.3
380.468	28.73	4.55	130.78	11.01	9.19	101.24	77.4	3	31.3
380.613	28.95	4.55	131.68	11.09	9.02	100.02	76.0	3	31.3
380.674	29.08	4.53	131.63	11.12	9.25	102.82	78.1	3	31.3
380.778	28.94	4.54	131.32	11.20	8.89	99.61	75.9	3	31.3
380.923	29.18	4.53	132.27	11.18	8.95	100.06	75.6	3	31.3
380.984	29.02	4.55	131.98	11.09	9.14	101.34	76.8	3	31.3
381.088	29.03	4.54	131.70	11.14	8.96	99.79	75.8	3	31.3
381.233	29.14	4.52	131.80	11.16	9.10	101.56	77.0	3	31.3
381.294	28.90	4.54	131.23	11.12	8.97	99.78	76.0	3	31.3
381.398	28.90	4.54	131.27	11.06	9.26	102.38	78.0	3	31.3
381.543	28.76	4.55	130.83	11.04	9.21	101.66	77.7	3	31.3
381.604	28.82	4.55	131.13	11.05	9.12	100.72	76.8	3	31.3
381.708	28.89	4.55	131.31	11.05	9.20	101.64	77.4	3	31.3
381.853	28.94	4.55	131.74	11.08	9.11	100.99	76.7	3	31.3
381.914	28.99	4.54	131.73	11.11	9.02	100.29	76.1	3	31.3
382.018	29.05	4.55	132.14	11.08	9.04	100.15	75.8	3	31.3
382.163	28.95	4.54	131.34	11.14	9.06	100.99	76.9	3	31.3
382.224	29.09	4.52	131.35	11.18	9.08	101.46	77.2	3	31.3
382.328	29.10	4.53	131.72	11.15	9.17	102.27	77.6	3	31.3
382.473	29.10	4.54	132.10	11.12	9.08	100.98	76.4	3	31.3
382.534	28.97	4.54	131.41	11.10	9.08	100.75	76.7	3	31.3
382.638	28.95	4.53	131.22	11.16	9.04	100.90	76.9	3	31.3
382.783	28.97	4.53	131.36	11.12	9.04	100.50	76.5	3	31.3
382.844	28.91	4.54	131.27	11.10	9.02	100.10	76.3	3	31.3
382.948	29.01	4.52	131.15	11.12	8.93	99.36	75.8	3	31.3
383.093	29.13	4.53	131.96	11.14	8.97	99.91	75.7	3	31.3
383.154	28.96	4.54	131.50	11.06	8.99	99.42	75.6	3	31.3
383.258	28.94	4.55	131.72	11.09	9.03	100.18	76.1	3	31.3
383.403	28.86	4.55	131.36	11.10	9.03	100.22	76.3	3	31.3
383.464	28.89	4.55	131.50	11.14	8.85	98.62	75.0	3	31.3
383.568	28.95	4.55	131.61	11.03	8.99	99.11	75.3	3	31.3
383.713	28.92	4.54	131.41	11.05	8.99	99.38	75.6	3	31.3
383.774	28.85	4.54	131.04	11.09	8.94	99.14	75.7	3	31.3
383.878	29.10	4.52	131.67	11.15	8.85	98.65	74.9	3	31.3
384.023	29.07	4.53	131.68	11.16	8.87	98.93	75.1	3	31.3
384.084	28.88	4.56	131.53	11.07	9.10	100.73	76.6	3	31.3
384.188	28.84	4.55	131.09	11.10	9.05	100.47	76.6	3	31.3
384.333	28.73	4.54	130.48	11.12	9.05	100.67	77.1	3	31.3
384.394	28.73	4.55	130.79	11.04	9.09	100.31	76.7	3	31.3
384.498	28.87	4.54	131.21	11.08	9.08	100.61	76.7	3	31.3
384.643	28.85	4.55	131.38	11.07	9.13	101.11	77.0	3	31.3
384.704	28.99	4.54	131.64	11.08	9.10	100.75	76.5	3	31.3
384.808	28.93	4.54	131.45	11.10	8.99	99.86	76.0	3	31.3
384.953	29.00	4.54	131.74	11.09	9.02	100.03	75.9	3	31.3
385.014	29.03	4.54	131.70	11.04	9.11	100.53	76.3	3	31.3
385.118	29.00	4.53	131.45	11.10	9.14	101.49	77.2	3	31.3
385.263	29.03	4.55	131.96	11.11	9.04	100.45	76.1	3	31.3
385.324	29.05	4.53	131.71	11.16	8.92	99.53	75.6	3	31.3
385.428	28.91	4.55	131.43	11.11	9.02	100.16	76.2	3	31.3
385.573	28.95	4.54	131.46	11.12	9.04	100.57	76.5	3	31.3
385.634	29.00	4.52	131.22	11.14	9.07	101.10	77.0	3	31.3
385.738	29.07	4.52	131.43	11.17	8.96	100.14	76.2	3	31.3
385.883	28.98	4.53	131.42	11.10	9.15	101.55	77.3	3	31.3
385.944	29.03	4.54	131.69	11.10	9.11	101.10	76.8	3	31.3
386.048	29.08	4.54	132.12	11.10	9.10	101.08	76.5	3	31.3
386.193	28.96	4.53	131.33	11.09	9.08	100.63	76.6	3	31.3
386.254	29.12	4.52	131.74	11.18	9.01	100.79	76.5	3	31.3
386.358	29.01	4.52	131.03	11.19	8.94	100.05	76.4	3	31.3
386.503	28.96	4.55	131.62	11.12	9.12	101.42	77.1	3	31.3
386.564	29.00	4.54	131.50	11.16	9.02	100.68	76.6	3	31.3
386.668	28.98	4.53	131.39	11.18	9.02	100.86	76.8	3	31.3
386.813	29.07	4.54	131.99	11.16	8.95	99.88	75.7	3	31.3
386.874	29.00	4.53	131.50	11.13	9.13	101.65	77.3	3	31.3
386.978	29.09	4.53	131.82	11.12	9.15	101.67	77.1	3	31.3
387.123	29.06	4.52	131.38	11.19	8.96	100.20	76.3	3	31.3
387.184	29.04	4.53	131.53	11.18	8.94	99.93	76.0	3	31.3
387.288	29.21	4.51	131.81	11.20	8.91	99.77	75.7	3	31.3
387.433	29.21	4.53	132.33	11.26	8.95	100.76	76.1	3	31.3
387.494	29.15	4.53	132.03	11.20	9.04	101.27	76.7	3	31.3
387.598	29.10	4.54	132.08	11.15	9.06	101.03	76.5	3	31.3
387.743	29.16	4.52	131.89	11.19	9.04	101.19	76.7	3	31.3
387.804	29.09	4.52	131.38	11.23	9.00	101.14	77.0	3	31.3
387.908	29.41	4.52	132.92	11.17	9.04	100.93	75.9	3	31.3
388.053	29.11	4.54	132.11	11.20	8.94	100.09	75.8	3	31.3
388.114	29.14	4.53	132.06	11.19	9.01	100.83	76.4	3	31.3
388.218	29.08	4.53	131.88	11.18	8.91	99.59	75.5	3	31.3
388.363	29.16	4.52	131.87	11.19	9.11	101.94	77.3	3	31.3
388.424	29.07	4.54	131.88	11.19	8.99	100.55	76.2	3	31.3
388.528	29.08	4.53	131.70	11.17	9.07	101.33	76.9	3	31.3
388.673	28.95	4.55	131.84	11.16	9.03	100.76	76.4	3	31.3
388.734	29.10	4.54	132.11	11.18	9.09	101.59	76.9	3	31.3
388.838	29.14	4.52	131.64	11.20	9.04	101.20	76.9	3	31.3
388.983	29.09	4.55	132.34	11.16	9.03	100.73	76.1	3	31.3
389.044	29.11	4.53	131.84	11.15	9.07	101.12	76.7	3	31.3
389.148	29.05	4.54	131.81	11.14	9.06	100.99	76.6	3	31.3
389.293	29.31	4.51	132.28	11.23	8.88	99.73	75.4	3	31.3
389.354	29.07	4.53	131.66	11.10	9.06	100.58	76.4	3	31.3
389.458	29.04	4.52	131.40	11.12	9.10	101.19	77.0	3	31.3
389.603	28.93	4.53	130.92	11.19	9.06	101.41	77.5	3	31.3
389.664	29.11	4.52	131.52	11.28	8.88	100.09	76.1	3	31.3
389.768	29.24	4.52	132.14	11.22	8.99	100.79	76.3	3	31.3
389.913	28.93	4.54	131.45	11.14	9.19	102.42	77.9	3	31.3
389.974	28.90	4.55	131.37	11.17	9.04	101.00	76.9	3	31.3
390.078	29.13	4.54	132.30	11.19	8.94	100.07	75.6	3	31.3
390.223	29.09	4.52	131.58	11.20	9.11	101.99	77.5	3	31.3
390.284	29.23	4.52	132.18	11.19	9.16	102.57	77.6	3	31.3
390.388	28.99	4.53	131.19	11.16	9.15	102.18	77.9	3	31.3
390.533	29.09	4.52	131.58	11.15	8.94	99.63	75.7	3	31.3
390.594	29.07	4.53	131.59	11.14	9.03	100.64	76.5	3	31.3
390.698	28.95	4.53	131.03	11.16	9.10	101.58	77.5	3	31.3
390.843	29.10	4.52	131.41	11.19	9.18	102.66	78.1	3	31.3
390.904	28.81	4.54	130.67	11.18	8.96	100.15	76.6	3	31.3
391.008	28.92	4.55	131.70	11.20	8.94	100.10	76.0	3	31.3
391.153	28.99	4.55	131.98	11.18	8.98	100.35	76.0	3	31.3
391.214	29.13	4.54	132.13	11.23	8.82	99.03	74.9	3	31.3
391.318	29.10	4.54	132.06	11.19	8.83	98.85	74.9	3	31.3
391.463	29.06	4.54	132.03	11.14	9.01	100.35	76.0	3	31.3
391.524	29.02	4.54	131.84	11.14	9.03	100.53	76.2	3	31.3
391.628	28.98	4.55	131.73	11.08	9.08	100.60	76.4	3	31.3
391.773	28.95	4.54	131.48	11.10	9.11	101.13	76.9	3	31.3
391.834	29.07	4.54	131.97	11.14	9.20	102.54	77.7	3	31.3
391.938	29.06	4.54	131.93	11.14	9.11	101.57	77.0	3	31.3
392.083	29.04	4.53	131.57	11.15	9.09	101.36	77.0	3	31.3
392.144	28.92	4.55	131.66	11.15	9.08	101.27	76.9	3	31.3
392.248	28.92	4.56	131.87	11.13	9.13	101.54	77.0	3	31.3
392.393	29.05	4.53	131.61	11.13	9.15	101.82	77.4	3	31.3
392.454	29.18	4.52	131.89	11.16	9.12	101.79	77.2	3	31.3
392.558	29.07	4.51	131.18	11.19	9.01	100.80	76.8	3	31.3
392.703	29.06	4.55	132.23	11.14	9.12	101.58	76.8	3	31.3
392.764	28.98	4.55	131.77	11.10	9.11	101.17	76.8	3	31.3
392.868	28.90	4.56	131.74	11.09	9.08	100.67	76.4	3	31.3
393.013	28.92	4.55	131.55	11.10	9.12	101.23	77.0	3	31.3
393.074	28.90	4.55	131.59	11.08	9.12	101.05	76.8	3	31.3
393.178	28.83	4.55	131.25	11.07	9.09	100.63	76.7	3	31.3
393.323	29.18	4.51	131.74	11.21	9.03	101.21	76.8	3	31.3
393.384	29.01	4.53	131.49	11.12	9.09	101.09	76.9	3	31.3
393.488	28.95	4.55	131.60	11.11	9.09	100.97	76.7	3	31.3
393.633	29.06	4.53	131.79	11.15	8.99	100.22	76.0	3	31.3
393.694	29.05	4.54	131.82	11.12	9.09	101.10	76.7	3	31.3
393.798	28.96	4.55	131.68	11.09	9.08	100.77	76.5	3	31.3
393.943	29.08	4.53	131.69	11.18	8.95	100.10	76.0	3	31.3
394.004	29.08	4.54	131.94	11.12	9.10	101.23	76.7	3	31.3
394.108	28.87	4.54	131.00	11.09	9.20	102.04	77.9	3	31.3
394.253	28.87	4.56	131.61	11.08	9.01	99.89	75.9	3	31.3
394.314	28.89	4.56	131.74	11.12	8.96	99.62	75.6	3	31.3
394.418	28.93	4.55	131.59	11.11	8.97	99.69	75.8	3	31.3
394.563	29.08	4.52	131.52	11.16	8.98	100.19	76.2	3	31.3
394.624	28.98	4.54	131.44	11.12	9.08	100.98	76.8	3	31.3
394.728	28.97	4.53	131.35	11.13	9.17	102.00	77.7	3	31.3
394.873	29.02	4.55	131.96	11.12	9.04	100.58	76.2	3	31.3
394.934	29.03	4.55	132.02	11.11	9.08	100.84	76.4	3	31.3
395.038	28.93	4.56	131.88	11.15	8.94	99.71	75.6	3	31.3
395.183	29.04	4.54	131.84	11.19	9.03	100.98	76.6	3	31.3
395.244	29.09	4.53	131.81	11.22	8.99	100.80	76.5	3	31.3
395.348	29.04	4.52	131.22	11.12	9.29	103.23	78.7	3	31.3
395.493	28.94	4.53	131.25	11.19	8.95	100.21	76.4	3	31.3
395.554	28.99	4.54	131.57	11.14	8.97	99.89	75.9	3	31.3
395.658	28.89	4.55	131.47	11.07	9.25	102.41	77.9	3	31.3
395.803	28.91	4.56	131.78	11.13	9.02	100.40	76.2	3	31.3
395.864	28.87	4.57	131.86	11.11	9.01	100.17	76.0	3	31.3
395.968	28.83	4.55	131.30	11.08	9.18	101.67	77.4	3	31.3
396.113	29.17	4.55	132.61	11.12	9.02	100.32	75.6	3	31.3
396.174	29.03	4.56	132.33	11.08	9.17	101.65	76.8	3	31.3
396.278	28.93	4.55	131.67	11.12	9.18	102.05	77.5	3	31.3
396.423	28.89	4.56	131.71	11.13	9.06	100.83	76.6	3	31.3
396.484	28.95	4.54	131.55	11.13	9.09	101.17	76.9	3	31.3
396.588	28.93	4.54	131.48	11.13	9.13	101.60	77.3	3	31.3
396.733	28.87	4.55	131.30	11.13	9.19	102.31	77.9	3	31.3
396.794	28.93	4.55	131.49	11.12	9.31	103.57	78.8	3	31.3
396.898	29.02	4.53	131.51	11.13	9.29	103.37	78.6	3	31.3
397.043	29.07	4.55	132.22	11.09	9.19	101.96	77.1	3	31.3
397.104	29.09	4.54	132.09	11.11	9.18	101.96	77.2	3	31.3
397.208	29.00	4.55	132.05	11.07	9.17	101.60	76.9	3	31.3
397.353	28.95	4.56	132.06	11.06	9.18	101.50	76.9	3	31.3
397.414	28.92	4.56	131.81	11.04	9.20	101.52	77.0	3	31.3
397.518	29.11	4.53	131.96	11.08	9.17	101.67	77.0	3	31.3
397.663	28.95	4.55	131.75	11.01	9.26	101.96	77.4	3	31.3
397.724	29.02	4.55	131.97	11.04	9.23	101.95	77.2	3	31.3
397.828	29.07	4.53	131.62	11.06	9.22	101.98	77.5	3	31.3
397.973	29.04	4.53	131.54	11.10	9.22	102.27	77.7	3	31.3
398.034	29.10	4.54	131.98	11.11	9.20	102.29	77.5	3	31.3
398.138	29.07	4.54	131.91	11.13	9.13	101.57	77.0	3	31.3
398.283	29.06	4.53	131.67	11.17	8.90	99.41	75.5	3	31.3
398.344	29.06	4.53	131.67	11.15	9.06	101.01	76.7	3	31.3
398.448	29.08	4.52	131.48	11.18	9.07	101.40	77.1	3	31.3
398.593	29.14	4.53	132.09	11.21	9.17	102.75	77.8	3	31.3
398.654	29.08	4.54	131.95	11.21	8.93	100.10	75.9	3	31.3
398.758	28.90	4.55	131.47	11.20	8.88	99.43	75.6	3	31.3
398.903	29.07	4.55	132.38	11.14	8.95	99.65	75.3	3	31.3
398.964	29.22	4.54	132.62	11.19	8.85	99.10	74.7	3	31.3
399.068	29.12	4.53	131.88	11.16	8.91	99.44	75.4	3	31.3
399.213	29.16	4.55	132.64	11.14	8.92	99.37	74.9	3	31.3
399.274	29.05	4.55	132.05	11.12	8.90	98.95	74.9	3	31.3
399.378	28.98	4.53	131.35	11.08	8.92	98.93	75.3	3	31.3
399.523	29.02	4.55	131.89	11.07	9.07	100.39	76.1	3	31.3
399.584	29.28	4.52	132.39	11.16	9.04	100.92	76.2	3	31.3
399.688	29.32	4.51	132.26	11.17	9.08	101.40	76.7	3	31.3
399.833	29.25	4.52	132.27	11.11	9.20	102.22	77.3	3	31.3
399.894	29.10	4.54	132.12	11.12	9.23	102.68	77.7	3	31.3
399.998	28.96	4.53	131.33	11.12	9.22	102.48	78.0	3	31.3
400.143	28.85	4.55	131.24	11.15	9.06	100.97	76.9	3	31.3
400.204	28.94	4.55	131.67	11.15	8.92	99.38	75.5	3	31.3
400.308	29.14	4.52	131.85	11.16	8.97	100.05	75.9	3	31.3
400.453	29.06	4.54	131.96	11.09	9.18	101.84	77.2	3	31.3
400.514	28.97	4.54	131.50	11.10	9.14	101.41	77.1	3	31.3
400.618	28.91	4.54	131.23	11.17	9.00	100.50	76.6	3	31.3
400.763	29.05	4.52	131.38	11.27	8.79	99.04	75.4	3	31.3
400.824	29.03	4.54	131.74	11.12	9.03	100.34	76.2	3	31.3
400.928	28.88	4.54	131.16	11.08	9.11	100.87	76.9	3	31.3
401.073	29.11	4.53	131.75	11.12	9.03	100.42	76.2	3	31.3
401.134	29.09	4.54	131.93	11.12	9.09	101.01	76.6	3	31.3
401.238	29.07	4.54	131.93	11.11	9.05	100.61	76.3	3	31.3
401.383	29.23	4.53	132.33	11.17	9.04	100.99	76.3	3	31.3
401.444	29.02	4.54	131.66	11.08	9.15	101.43	77.0	3	31.3
401.548	29.15	4.54	132.38	11.09	9.20	102.05	77.1	3	31.3
401.693	29.05	4.55	132.15	11.12	8.98	99.82	75.5	3	31.3
401.754	28.96	4.56	131.98	11.10	9.00	99.90	75.7	3	31.3
401.858	28.91	4.56	131.70	11.05	9.11	100.59	76.4	3	31.3
402.003	29.00	4.55	131.85	11.12	8.97	99.82	75.7	3	31.3
402.064	29.18	4.53	132.06	11.13	9.08	101.07	76.5	3	31.3
402.168	29.05	4.53	131.70	11.13	9.05	100.70	76.5	3	31.3
402.313	28.91	4.55	131.54	11.08	9.18	101.72	77.3	3	31.3
402.374	28.92	4.55	131.54	11.07	9.11	100.80	76.6	3	31.3
402.478	29.01	4.55	131.92	11.10	9.11	101.16	76.7	3	31.3
402.623	28.99	4.54	131.53	11.05	9.13	100.80	76.6	3	31.3
402.684	28.99	4.54	131.58	11.09	9.10	100.92	76.7	3	31.3
402.788	28.99	4.54	131.63	11.10	9.05	100.44	76.3	3	31.3
402.933	28.80	4.55	131.09	11.09	8.94	99.23	75.7	3	31.3
402.994	28.85	4.54	131.05	11.11	9.03	100.38	76.6	3	31.3
403.098	28.84	4.54	130.81	11.12	8.91	99.10	75.8	3	31.3
403.243	28.88	4.55	131.30	11.07	9.15	101.33	77.2	3	31.3
403.304	28.89	4.53	130.89	11.12	8.97	99.68	76.2	3	31.3
403.408	28.87	4.53	130.89	11.08	9.16	101.41	77.5	3	31.3
403.553	28.99	4.53	131.41	11.15	9.03	100.64	76.6	3	31.3
403.614	28.80	4.56	131.34	11.07	9.10	100.67	76.6	3	31.3
403.718	28.96	4.54	131.40	11.12	9.09	101.03	76.9	3	31.3
403.863	28.88	4.56	131.70	11.05	9.17	101.29	76.9	3	31.3
403.924	28.83	4.55	131.15	11.05	9.23	101.96	77.7	3	31.3
404.028	28.88	4.55	131.54	11.03	9.16	101.05	76.8	3	31.3
404.173	28.80	4.56	131.40	11.08	8.91	98.68	75.1	3	31.3
404.234	28.81	4.56	131.46	11.08	8.96	99.29	75.5	3	31.3
404.338	28.70	4.56	130.91	11.11	8.97	99.70	76.2	3	31.3
404.483	28.90	4.55	131.51	11.02	9.10	100.34	76.3	3	31.3
404.544	28.83	4.56	131.37	11.05	9.11	100.60	76.6	3	31.3
404.648	28.86	4.56	131.52	11.03	9.10	100.43	76.4	3	31.3
404.793	28.90	4.55	131.53	11.09	9.01	99.86	75.9	3	31.3
404.854	28.83	4.55	131.20	11.06	9.17	101.35	77.2	3	31.3
404.958	28.96	4.56	131.94	11.07	9.15	101.30	76.8	3	31.3
405.103	28.78	4.56	131.24	11.00	9.24	101.62	77.4	3	31.3
405.164	28.83	4.56	131.37	11.02	9.25	101.96	77.6	3	31.3
405.268	28.79	4.55	130.93	11.05	9.27	102.37	78.2	3	31.3
405.413	28.86	4.54	130.95	11.10	9.11	101.15	77.2	3	31.3
405.474	28.84	4.55	131.20	11.05	9.17	101.37	77.3	3	31.3
405.578	28.98	4.56	132.08	11.07	9.07	100.42	76.0	3	31.3
405.723	28.98	4.56	132.14	11.05	9.15	101.10	76.5	3	31.3
405.784	29.00	4.56	132.15	11.11	9.01	100.14	75.8	3	31.3
405.888	28.91	4.54	131.25	11.16	8.89	99.19	75.6	3	31.3
406.033	29.10	4.55	132.29	11.08	9.13	101.17	76.5	3	31.3
406.094	28.94	4.55	131.74	11.09	9.12	101.16	76.8	3	31.3
406.198	28.98	4.55	131.73	11.11	9.05	100.55	76.3	3	31.3
406.343	29.04	4.54	131.84	11.09	9.02	100.04	75.9	3	31.3
406.404	28.90	4.55	131.54	11.05	9.15	101.09	76.8	3	31.3
406.508	28.84	4.55	131.34	11.10	8.95	99.40	75.7	3	31.3
406.653	28.78	4.56	131.28	11.05	9.16	101.17	77.1	3	31.3
406.714	28.86	4.56	131.68	11.12	9.10	101.20	76.9	3	31.3
406.818	28.83	4.55	131.04	11.15	8.92	99.49	75.9	3	31.3
406.963	28.83	4.56	131.36	11.09	9.08	100.74	76.7	3	31.3
407.024	28.90	4.55	131.50	11.09	9.07	100.61	76.5	3	31.3
407.128	28.91	4.56	131.75	11.08	9.00	99.78	75.7	3	31.3
407.273	28.99	4.54	131.75	11.11	9.21	102.35	77.7	3	31.3
407.334	28.90	4.54	131.29	11.16	8.98	100.22	76.3	3	31.3
407.438	28.88	4.55	131.33	11.11	8.97	99.62	75.9	3	31.3
407.583	28.94	4.54	131.42	11.06	8.99	99.41	75.6	3	31.3
407.644	29.10	4.54	131.99	11.10	9.08	100.78	76.4	3	31.3
407.748	29.11	4.53	131.83	11.10	9.22	102.39	77.7	3	31.3
407.893	28.97	4.54	131.51	11.11	9.19	102.06	77.6	3	31.3
407.954	28.87	4.55	131.41	11.10	9.11	101.09	76.9	3	31.3
408.058	28.79	4.55	131.05	11.11	8.99	99.87	76.2	3	31.3
408.203	28.78	4.57	131.58	11.11	9.02	100.21	76.2	3	31.3
408.264	28.84	4.57	131.83	11.09	8.95	99.23	75.3	3	31.3
408.368	28.92	4.56	132.00	11.08	8.97	99.36	75.3	3	31.3
408.513	28.95	4.55	131.78	11.08	9.15	101.36	76.9	3	31.3
408.574	28.92	4.55	131.61	11.04	9.05	99.91	75.9	3	31.3
408.678	28.91	4.55	131.43	11.05	9.15	101.08	76.9	3	31.3
408.823	28.73	4.56	131.02	11.09	9.00	99.82	76.2	3	31.3
408.884	28.83	4.55	131.12	11.11	8.95	99.43	75.8	3	31.3
408.988	28.95	4.55	131.75	11.10	9.01	99.99	75.9	3	31.3
409.133	28.87	4.58	132.19	11.05	9.03	99.86	75.5	3	31.3
409.194	28.90	4.56	131.92	11.07	8.98	99.35	75.3	3	31.3
409.298	28.85	4.56	131.52	11.09	8.99	99.71	75.8	3	31.3
409.443	28.96	4.56	132.03	11.12	9.03	100.37	76.0	3	31.3
409.504	29.00	4.54	131.77	11.13	9.01	100.25	76.1	3	31.3
409.608	28.94	4.55	131.62	11.09	9.07	100.60	76.4	3	31.3
409.753	28.87	4.54	131.10	11.06	9.21	101.80	77.6	3	31.3
409.814	28.83	4.54	130.76	11.08	9.14	101.30	77.5	3	31.3
409.918	28.89	4.54	131.11	11.10	9.13	101.34	77.3	3	31.3
410.063	28.98	4.55	131.71	11.08	9.11	100.89	76.6	3	31.3
410.124	29.10	4.52	131.61	11.17	9.04	100.95	76.7	3	31.3
410.228	29.03	4.54	131.74	11.15	9.09	101.30	76.9	3	31.3
410.373	28.90	4.56	131.70	11.11	9.12	101.26	76.9	3	31.3
410.434	28.88	4.57	132.06	11.11	9.04	100.38	76.0	3	31.3
410.538	28.74	4.56	130.94	11.14	9.02	100.50	76.8	3	31.3
410.683	28.91	4.56	131.88	11.12	9.03	100.47	76.2	3	31.3
410.744	28.91	4.57	132.06	11.11	9.05	100.55	76.1	3	31.3
410.848	28.82	4.55	131.10	11.03	9.14	100.86	76.9	3	31.3
410.993	28.73	4.56	131.12	11.08	9.07	100.51	76.7	3	31.3
411.054	28.71	4.57	131.09	11.04	9.18	101.37	77.3	3	31.3
411.158	28.91	4.55	131.49	11.05	9.18	101.53	77.2	3	31.3
411.303	28.70	4.55	130.55	11.09	9.14	101.38	77.7	3	31.3
411.364	28.78	4.55	131.10	11.10	9.05	100.37	76.6	3	31.3
411.468	28.77	4.55	130.84	11.03	9.08	100.20	76.6	3	31.3
411.613	28.68	4.55	130.49	11.11	8.93	99.23	76.0	3	31.3
411.674	28.84	4.54	130.97	11.10	9.06	100.56	76.8	3	31.3
411.778	28.91	4.53	131.10	11.13	9.01	100.27	76.5	3	31.3
411.923	28.73	4.56	131.02	11.08	9.07	100.53	76.7	3	31.3
411.984	28.77	4.55	131.02	11.10	9.03	100.26	76.5	3	31.3
412.088	28.68	4.55	130.52	11.10	9.04	100.29	76.8	3	31.3
412.233	28.85	4.56	131.60	11.10	9.10	101.00	76.7	3	31.3
412.294	28.85	4.55	131.30	11.11	9.09	101.05	77.0	3	31.3
412.398	28.89	4.55	131.53	11.06	9.19	101.67	77.3	3	31.3
412.543	29.01	4.54	131.68	11.10	9.17	101.77	77.3	3	31.3
412.604	28.92	4.55	131.59	11.07	9.23	102.17	77.6	3	31.3
412.708	28.96	4.55	131.80	11.10	9.01	100.01	75.9	3	31.3
412.853	28.85	4.57	131.78	11.07	9.18	101.66	77.1	3	31.3
412.914	29.01	4.55	131.98	11.13	9.03	100.49	76.1	3	31.3
413.018	28.89	4.56	131.78	11.08	9.11	100.85	76.5	3	31.3
413.163	29.11	4.55	132.41	11.10	9.23	102.48	77.4	3	31.3
413.224	28.86	4.57	131.80	11.07	9.13	101.06	76.7	3	31.3
413.328	28.76	4.56	131.10	11.05	9.13	100.92	77.0	3	31.3
413.473	28.87	4.56	131.57	11.13	9.09	101.26	77.0	3	31.3
413.534	28.92	4.53	131.09	11.19	9.00	100.77	76.9	3	31.3
413.638	29.14	4.54	132.21	11.16	9.01	100.57	76.1	3	31.3
413.783	29.27	4.54	132.89	11.17	9.11	101.69	76.5	3	31.3
413.844	29.10	4.54	132.15	11.17	9.07	101.27	76.6	3	31.3
413.948	29.03	4.54	131.82	11.12	9.14	101.60	77.1	3	31.3
414.093	29.00	4.55	131.82	11.15	8.98	100.12	76.0	3	31.3
414.154	29.10	4.54	132.10	11.13	9.07	100.99	76.4	3	31.3
414.258	29.03	4.54	131.65	11.09	9.18	101.78	77.3	3	31.3
414.403	28.80	4.55	131.16	11.06	9.13	100.95	77.0	3	31.3
414.464	28.89	4.54	131.23	11.14	9.05	100.76	76.8	3	31.3
414.568	28.74	4.54	130.35	11.12	9.06	100.70	77.3	3	31.3
414.713	28.91	4.55	131.39	11.15	8.92	99.47	75.7	3	31.3
414.774	28.85	4.55	131.37	11.10	9.07	100.71	76.7	3	31.3
414.878	28.85	4.55	131.35	11.13	9.00	100.15	76.2	3	31.3
415.023	28.92	4.55	131.57	11.12	8.99	100.01	76.0	3	31.3
415.084	28.94	4.56	131.82	11.12	9.02	100.26	76.1	3	31.3
415.188	28.93	4.54	131.40	11.15	9.08	101.30	77.1	3	31.3
415.333	29.18	4.54	132.36	11.15	9.27	103.29	78.0	3	31.3
415.394	28.92	4.56	131.74	11.12	9.03	100.44	76.2	3	31.3
415.498	28.75	4.55	130.94	11.14	9.00	100.28	76.6	3	31.3
415.643	28.84	4.54	130.95	11.13	9.00	100.17	76.5	3	31.3
415.704	29.00	4.54	131.66	11.17	8.96	100.10	76.0	3	31.3
415.808	28.99	4.54	131.63	11.16	8.90	99.34	75.5	3	31.3
415.953	28.91	4.56	131.68	11.18	8.89	99.39	75.5	3	31.3
416.014	28.79	4.55	131.13	11.14	8.94	99.61	76.0	3	31.3
416.118	28.83	4.54	131.03	11.11	8.93	99.17	75.7	3	31.3
416.263	28.94	4.54	131.37	11.03	9.09	100.27	76.3	3	31.3
416.324	29.10	4.52	131.64	11.12	8.89	98.91	75.1	3	31.3
416.428	29.00	4.53	131.44	11.15	8.88	98.98	75.3	3	31.3
416.573	28.83	4.54	130.95	11.12	9.07	100.90	77.1	3	31.3
416.634	28.63	4.56	130.53	11.08	8.99	99.62	76.3	3	31.3
416.738	28.78	4.54	130.78	11.05	9.16	101.19	77.4	3	31.3
416.883	29.11	4.53	132.01	11.12	8.96	99.63	75.5	3	31.3
416.944	28.97	4.54	131.45	11.09	8.99	99.79	75.9	3	31.3
417.048	28.89	4.54	131.26	11.02	9.10	100.28	76.4	3	31.3
417.193	28.86	4.55	131.26	11.06	9.12	100.85	76.8	3	31.3
417.254	28.84	4.56	131.40	11.10	9.15	101.55	77.3	3	31.3
417.358	28.89	4.54	131.14	11.09	8.98	99.66	76.0	3	31.3
417.503	28.86	4.55	131.27	11.07	9.08	100.59	76.6	3	31.3
417.564	28.82	4.56	131.30	11.03	9.14	100.84	76.8	3	31.3
417.668	28.73	4.55	130.57	11.06	9.08	100.47	76.9	3	31.3
417.813	28.75	4.55	130.77	11.05	9.11	100.63	77.0	3	31.3
417.874	28.67	4.56	130.68	11.05	9.10	100.53	76.9	3	31.3
417.978	28.55	4.57	130.42	11.01	9.11	100.36	76.9	3	31.3
418.123	28.85	4.55	131.28	11.07	9.06	100.34	76.4	3	31.3
418.184	28.69	4.56	130.95	10.99	9.19	101.07	77.2	3	31.3
418.288	28.65	4.56	130.64	11.02	9.13	100.63	77.0	3	31.3
418.433	28.69	4.56	130.78	11.03	9.14	100.82	77.1	3	31.3
418.494	28.81	4.54	130.89	11.08	9.03	100.02	76.4	3	31.3
418.598	28.68	4.56	130.90	11.00	9.02	99.18	75.8	3	31.3
418.743	28.77	4.56	131.19	11.09	8.95	99.18	75.6	3	31.3
418.804	28.75	4.57	131.34	11.02	9.19	101.27	77.1	3	31.3
418.908	28.82	4.55	131.21	11.05	9.15	101.09	77.0	3	31.3
419.053	28.94	4.55	131.61	11.06	9.17	101.39	77.0	3	31.3
419.114	28.87	4.54	130.94	11.08	9.13	101.12	77.2	3	31.3
419.218	28.84	4.53	130.72	11.11	9.01	100.11	76.6	3	31.3
419.363	28.93	4.53	131.18	11.07	9.16	101.37	77.3	3	31.3
419.424	28.83	4.55	131.21	11.08	9.06	100.43	76.5	3	31.3
419.528	28.72	4.55	130.58	11.02	9.21	101.54	77.8	3	31.3
419.673	28.56	4.55	130.05	11.01	9.18	101.08	77.7	3	31.3
419.734	28.74	4.53	130.32	11.07	9.18	101.60	78.0	3	31.3
419.838	28.80	4.54	130.69	11.01	9.11	100.27	76.7	3	31.3
419.983	28.75	4.56	131.17	11.06	9.07	100.27	76.4	3	31.3
420.044	28.75	4.56	130.99	11.03	9.12	100.58	76.8	3	31.3
420.148	28.81	4.55	131.08	11.06	9.18	101.58	77.5	3	31.3
420.293	28.75	4.57	131.24	11.03	9.16	101.03	77.0	3	31.3
420.354	28.71	4.57	131.24	10.98	9.19	100.92	76.9	3	31.3
420.458	28.61	4.57	130.63	11.03	9.19	101.42	77.6	3	31.3
420.603	28.71	4.56	130.93	11.04	9.14	100.97	77.1	3	31.3
420.664	28.73	4.56	131.06	11.01	9.15	100.76	76.9	3	31.3
420.768	28.58	4.56	130.43	11.00	9.04	99.44	76.2	3	31.3
420.913	28.66	4.56	130.75	11.01	9.09	100.04	76.5	3	31.3
420.974	28.70	4.57	131.04	10.95	9.30	101.77	77.7	3	31.3
421.078	28.67	4.57	131.04	11.02	9.22	101.55	77.5	3	31.3
421.223	28.69	4.55	130.59	10.99	9.20	101.16	77.5	3	31.3
421.284	28.80	4.54	130.67	11.01	9.16	100.84	77.2	3	31.3
421.388	28.66	4.56	130.64	11.00	9.22	101.42	77.6	3	31.3
421.533	28.63	4.57	130.98	11.00	9.15	100.68	76.9	3	31.3
421.594	28.85	4.55	131.31	11.03	9.32	102.83	78.3	3	31.3
421.698	28.66	4.55	130.43	11.11	9.02	100.27	76.9	3	31.3
421.843	28.88	4.55	131.39	11.13	8.99	100.05	76.1	3	31.3
421.904	28.66	4.56	130.67	11.05	9.20	101.57	77.7	3	31.3
422.008	28.77	4.55	130.98	11.11	9.02	100.17	76.5	3	31.3
422.153	28.88	4.54	131.00	11.06	9.11	100.73	76.9	3	31.3
422.214	28.74	4.55	130.70	11.04	8.97	99.10	75.8	3	31.3
422.318	28.59	4.58	130.82	11.02	9.13	100.62	76.9	3	31.3
422.463	28.90	4.56	131.82	11.06	9.07	100.30	76.1	3	31.3
422.524	28.91	4.57	132.02	11.05	9.01	99.52	75.4	3	31.3
422.628	28.80	4.57	131.58	11.05	9.03	99.78	75.8	3	31.3
422.773	28.69	4.56	130.70	11.12	8.94	99.48	76.1	3	31.3
422.834	28.71	4.56	130.78	11.09	9.09	100.89	77.1	3	31.3
422.938	28.89	4.55	131.56	11.12	9.05	100.68	76.5	3	31.3
423.083	28.85	4.55	131.25	11.14	8.89	99.11	75.5	3	31.3
423.144	28.87	4.55	131.52	11.12	8.95	99.53	75.7	3	31.3
423.248	28.87	4.56	131.63	11.08	8.96	99.32	75.5	3	31.3
423.393	29.31	4.55	133.26	11.13	8.96	99.74	74.8	3	31.3
423.454	29.08	4.56	132.55	11.02	9.22	101.53	76.6	3	31.3
423.558	28.94	4.56	131.87	11.08	9.06	100.37	76.1	3	31.3
423.703	28.89	4.55	131.53	11.13	8.87	98.72	75.1	3	31.3
423.764	28.85	4.56	131.49	11.12	8.95	99.54	75.7	3	31.3
423.868	28.75	4.55	130.82	11.11	9.09	101.02	77.2	3	31.3
424.013	28.95	4.55	131.72	11.08	9.13	101.15	76.8	3	31.3
424.074	28.94	4.55	131.58	11.12	9.05	100.65	76.5	3	31.3
424.178	28.75	4.57	131.52	11.06	9.16	101.37	77.1	3	31.3
424.323	29.02	4.55	132.12	11.12	9.12	101.46	76.8	3	31.3
424.384	28.90	4.56	131.88	11.10	9.05	100.43	76.2	3	31.3
424.488	28.65	4.57	130.95	11.08	9.04	100.10	76.4	3	31.3
424.633	28.95	4.54	131.39	11.11	9.11	101.24	77.0	3	31.3
424.694	28.82	4.57	131.56	11.06	9.08	100.43	76.3	3	31.3
424.798	28.74	4.56	131.12	11.05	9.14	101.00	77.0	3	31.3
424.943	28.70	4.58	131.36	11.04	9.09	100.37	76.4	3	31.3
425.004	28.65	4.56	130.71	11.14	9.02	100.47	76.9	3	31.3
425.108	28.89	4.55	131.47	11.12	8.99	99.98	76.0	3	31.3
425.253	28.75	4.56	131.12	11.05	9.18	101.45	77.4	3	31.3
425.314	28.50	4.57	130.40	10.99	9.24	101.50	77.8	3	31.3
425.418	28.62	4.57	130.89	11.03	9.21	101.63	77.6	3	31.3
425.563	28.70	4.58	131.33	10.99	9.22	101.36	77.2	3	31.3
425.624	28.60	4.58	131.01	11.02	9.12	100.56	76.8	3	31.3
425.728	28.70	4.56	130.87	11.01	9.06	99.77	76.2	3	31.3
425.873	28.69	4.57	131.17	11.00	9.14	100.53	76.6	3	31.3
425.934	28.71	4.56	131.06	11.08	9.06	100.40	76.6	3	31.3
426.038	28.63	4.57	130.94	11.01	9.14	100.71	76.9	3	31.3
426.183	28.66	4.57	131.06	11.04	9.10	100.54	76.7	3	31.3
426.244	28.66	4.58	131.30	11.01	9.03	99.41	75.7	3	31.3
426.348	28.79	4.55	131.06	11.04	9.20	101.51	77.5	3	31.3
426.493	28.84	4.57	131.66	11.05	9.13	100.90	76.6	3	31.3
426.554	28.80	4.57	131.62	11.03	9.10	100.33	76.2	3	31.3
426.658	28.62	4.56	130.50	11.03	9.11	100.53	77.0	3	31.3
426.803	28.70	4.57	131.06	11.04	9.24	101.98	77.8	3	31.3
426.864	28.73	4.57	131.23	11.07	9.15	101.33	77.2	3	31.3
426.968	28.68	4.56	130.91	11.01	9.17	100.96	77.1	3	31.3
427.113	28.73	4.57	131.37	11.00	9.13	100.44	76.5	3	31.3
427.174	28.69	4.57	131.10	11.04	9.00	99.35	75.8	3	31.3
427.278	28.60	4.58	131.03	11.01	9.08	99.94	76.3	3	31.3
427.423	28.81	4.58	131.85	11.02	9.06	99.91	75.8	3	31.3
427.484	28.85	4.56	131.55	11.03	9.18	101.24	77.0	3	31.3
427.588	28.84	4.55	131.28	11.11	9.01	100.08	76.2	3	31.3
427.733	28.86	4.56	131.52	11.04	9.19	101.43	77.1	3	31.3
427.794	28.89	4.56	131.66	11.07	9.04	100.07	76.0	3	31.3
427.898	28.82	4.55	130.99	11.09	9.02	100.09	76.4	3	31.3
428.043	28.72	4.56	131.00	11.03	9.18	101.29	77.3	3	31.3
428.104	28.56	4.55	130.06	11.05	9.11	100.64	77.4	3	31.3
428.208	28.61	4.56	130.54	11.05	9.13	100.82	77.2	3	31.3
428.353	28.75	4.56	131.15	11.06	9.02	99.73	76.0	3	31.3
428.414	28.70	4.56	130.74	11.06	9.11	100.72	77.0	3	31.3
428.518	28.85	4.55	131.28	11.10	8.95	99.35	75.7	3	31.3
428.663	28.90	4.55	131.48	11.05	9.25	102.25	77.8	3	31.3
428.724	28.57	4.56	130.27	11.03	9.21	101.51	77.9	3	31.3
428.828	28.76	4.54	130.55	11.02	9.16	100.88	77.3	3	31.3
428.973	28.83	4.56	131.37	11.04	9.13	100.83	76.8	3	31.3
429.034	28.69	4.57	131.16	11.03	8.98	99.09	75.5	3	31.3
429.138	28.78	4.56	131.29	11.02	9.15	100.83	76.8	3	31.3
429.283	28.65	4.57	131.02	11.04	9.15	101.05	77.1	3	31.3
429.344	28.63	4.58	131.18	11.03	9.11	100.53	76.6	3	31.3
429.448	28.67	4.59	131.52	11.03	9.17	101.15	76.9	3	31.3
429.593	28.76	4.58	131.67	10.98	9.24	101.41	77.0	3	31.3
429.654	28.79	4.58	131.79	10.99	9.06	99.58	75.6	3	31.3
429.758	28.67	4.59	131.48	10.98	9.19	100.90	76.7	3	31.3
429.903	28.80	4.58	131.98	11.02	9.22	101.67	77.0	3	31.3
429.964	28.87	4.57	132.02	11.01	9.09	100.00	75.7	3	31.3
430.068	28.74	4.57	131.44	10.94	9.15	100.12	76.2	3	31.3
430.213	28.60	4.58	130.88	11.02	9.19	101.31	77.4	3	31.3
430.274	28.63	4.58	131.12	11.02	9.02	99.38	75.8	3	31.3
430.378	28.60	4.56	130.46	10.99	9.14	100.43	77.0	3	31.3
430.523	28.70	4.57	131.10	10.99	9.20	101.06	77.1	3	31.3
430.584	28.70	4.57	131.21	11.01	8.97	98.75	75.3	3	31.3
430.688	28.68	4.58	131.32	11.03	9.18	101.22	77.1	3	31.3
430.833	28.74	4.56	131.07	11.01	9.11	100.36	76.6	3	31.3
430.894	28.51	4.58	130.62	10.93	9.11	99.61	76.3	3	31.3
430.998	28.90	4.55	131.48	11.00	9.20	101.13	76.9	3	31.3
431.143	28.68	4.57	131.04	11.02	9.15	100.83	76.9	3	31.3
431.204	28.70	4.57	131.25	10.97	9.14	100.26	76.4	3	31.3
431.308	28.62	4.58	130.95	11.01	9.15	100.67	76.9	3	31.3
431.453	28.57	4.59	131.10	11.02	9.05	99.81	76.1	3	31.3
431.514	28.75	4.57	131.48	10.97	9.16	100.55	76.5	3	31.3
431.618	28.71	4.58	131.48	10.98	9.02	99.08	75.4	3	31.3
431.763	28.64	4.60	131.65	10.96	9.23	101.17	76.8	3	31.3
431.824	28.62	4.59	131.23	10.98	9.08	99.70	76.0	3	31.3
431.928	28.63	4.58	131.09	11.03	9.00	99.25	75.7	3	31.3
432.073	28.71	4.59	131.65	11.01	9.11	100.32	76.2	3	31.3
432.134	28.79	4.58	131.85	10.99	9.13	100.38	76.1	3	31.3
432.238	28.72	4.57	131.28	10.98	9.25	101.51	77.3	3	31.3
432.383	28.81	4.59	132.16	11.01	9.11	100.34	75.9	3	31.3
432.444	28.66	4.59	131.59	10.99	9.13	100.32	76.2	3	31.3
432.548	28.63	4.59	131.47	11.00	9.07	99.86	76.0	3	31.3
432.693	28.72	4.59	131.93	11.02	9.11	100.39	76.1	3	31.3
432.754	28.77	4.58	131.77	10.96	9.20	100.79	76.5	3	31.3
432.858	28.86	4.56	131.46	11.02	9.15	100.80	76.7	3	31.3
433.003	28.78	4.57	131.62	11.04	9.01	99.50	75.6	3	31.3
433.064	28.62	4.59	131.50	10.98	9.17	100.72	76.6	3	31.3
433.168	28.74	4.59	131.84	11.02	9.20	101.35	76.9	3	31.3
433.313	28.61	4.59	131.41	10.97	9.09	99.74	75.9	3	31.3
433.374	28.41	4.60	130.85	10.91	9.19	100.33	76.7	3	31.3
433.478	28.57	4.59	131.02	10.96	9.28	101.76	77.7	3	31.3
433.623	28.80	4.58	131.84	11.00	9.15	100.61	76.3	3	31.3
433.684	28.57	4.59	131.19	10.94	9.07	99.18	75.6	3	31.3
433.788	28.63	4.58	131.04	10.96	9.20	100.88	77.0	3	31.3
433.933	28.96	4.59	132.82	10.98	9.16	100.55	75.7	3	31.3
433.994	28.80	4.59	132.26	11.00	8.98	98.69	74.6	3	31.3
434.098	28.79	4.58	131.95	11.00	9.19	101.17	76.7	3	31.3
434.243	28.74	4.59	131.82	10.98	9.18	100.86	76.5	3	31.3
434.304	28.47	4.59	130.65	10.97	8.99	98.65	75.5	3	31.3
434.408	28.63	4.58	131.11	10.95	9.18	100.56	76.7	3	31.3
434.553	28.88	4.58	132.26	10.97	9.13	100.15	75.7	3	31.3
434.614	28.58	4.60	131.47	10.90	9.10	99.17	75.4	3	31.3
434.718	28.66	4.59	131.44	10.95	9.22	101.02	76.9	3	31.3
434.863	28.83	4.57	131.77	11.01	9.13	100.54	76.3	3	31.3
434.924	28.73	4.59	131.76	11.02	9.05	99.69	75.7	3	31.3
435.028	28.47	4.58	130.51	10.98	9.19	100.95	77.4	3	31.3
435.173	28.56	4.59	131.18	10.98	9.23	101.39	77.3	3	31.3
435.234	28.63	4.59	131.33	10.99	9.21	101.17	77.0	3	31.3
435.338	28.76	4.57	131.43	11.04	9.01	99.47	75.7	3	31.3
435.483	28.80	4.58	131.78	11.04	9.07	100.16	76.0	3	31.3
435.544	28.68	4.58	131.41	11.01	9.11	100.32	76.3	3	31.3
435.648	28.69	4.57	131.02	11.01	9.15	100.71	76.9	3	31.3
435.793	28.90	4.56	131.81	11.02	9.15	100.86	76.5	3	31.3
435.854	29.00	4.55	132.09	11.06	9.16	101.29	76.7	3	31.3
435.958	28.95	4.57	132.17	11.11	9.02	100.26	75.9	3	31.3
436.103	28.91	4.58	132.29	11.15	8.97	99.94	75.5	3	31.3
436.164	28.91	4.56	131.92	11.09	9.17	101.64	77.0	3	31.3
436.268	28.80	4.55	131.03	11.07	9.12	100.88	77.0	3	31.3
436.413	28.89	4.56	131.60	11.08	9.14	101.27	77.0	3	31.3
436.474	28.67	4.57	131.10	11.02	9.16	100.86	76.9	3	31.3
436.578	28.84	4.56	131.44	11.05	9.17	101.34	77.1	3	31.3
436.723	28.79	4.57	131.47	11.03	9.19	101.36	77.1	3	31.3
436.784	28.77	4.56	131.17	11.01	9.14	100.61	76.7	3	31.3
436.888	28.70	4.57	131.16	10.96	9.15	100.25	76.4	3	31.3
437.033	28.60	4.58	131.08	10.94	9.27	101.43	77.4	3	31.3
437.094	28.75	4.57	131.37	11.02	9.21	101.49	77.3	3	31.3
437.198	28.82	4.57	131.68	11.00	9.13	100.37	76.2	3	31.3
437.343	28.84	4.57	131.87	11.06	9.17	101.43	76.9	3	31.3
437.404	28.70	4.58	131.37	11.07	9.07	100.33	76.4	3	31.3
437.508	28.62	4.57	130.68	11.09	9.07	100.58	77.0	3	31.3
437.653	28.77	4.56	131.17	11.07	9.04	100.06	76.3	3	31.3
437.714	28.86	4.55	131.20	11.06	9.09	100.49	76.6	3	31.3
437.818	28.69	4.55	130.50	11.02	9.33	102.84	78.8	3	31.3
437.963	28.81	4.55	131.23	11.03	9.34	103.09	78.6	3	31.3
438.024	28.98	4.54	131.70	11.13	9.09	101.14	76.8	3	31.3
438.128	28.88	4.55	131.49	11.09	9.11	101.07	76.9	3	31.3
438.273	28.79	4.56	131.30	11.06	9.12	100.81	76.8	3	31.3
438.334	28.86	4.56	131.52	11.09	8.98	99.57	75.7	3	31.3
438.438	28.93	4.55	131.51	11.05	9.26	102.34	77.8	3	31.3
438.583	28.93	4.55	131.68	11.07	9.28	102.73	78.0	3	31.3
438.644	28.81	4.56	131.48	11.04	9.13	100.79	76.7	3	31.3
438.748	28.99	4.56	132.09	11.04	9.07	100.17	75.8	3	31.3
438.893	29.00	4.56	132.14	11.08	8.99	99.69	75.4	3	31.3
438.954	28.69	4.58	131.42	11.06	9.12	100.85	76.7	3	31.3
439.058	28.77	4.57	131.47	11.10	9.13	101.41	77.1	3	31.3
439.203	29.04	4.55	132.26	11.13	9.13	101.70	76.9	3	31.3
439.264	28.82	4.57	131.62	11.11	9.01	100.09	76.0	3	31.3
439.368	28.83	4.56	131.51	11.09	9.22	102.24	77.7	3	31.3
439.513	28.87	4.55	131.50	11.13	9.02	100.47	76.4	3	31.3
439.574	28.72	4.57	131.29	11.02	9.29	102.34	78.0	3	31.3
439.678	28.88	4.55	131.51	11.11	9.02	100.22	76.2	3	31.3
439.823	28.75	4.58	131.66	11.02	9.20	101.36	77.0	3	31.3
439.884	28.72	4.57	131.35	10.98	9.21	101.13	77.0	3	31.3
439.988	28.69	4.56	130.80	11.07	9.02	99.91	76.4	3	31.3
440.133	28.61	4.58	130.96	11.02	9.26	102.01	77.9	3	31.3
440.194	28.66	4.58	131.20	10.97	9.17	100.58	76.7	3	31.3
440.298	28.70	4.56	130.93	11.03	9.08	100.14	76.5	3	31.3
440.443	28.75	4.57	131.46	11.10	9.04	100.28	76.3	3	31.3
440.504	28.72	4.59	131.83	11.04	9.11	100.57	76.3	3	31.3
440.608	28.81	4.57	131.74	11.08	9.15	101.37	76.9	3	31.3
440.753	28.58	4.60	131.50	11.01	9.23	101.64	77.3	3	31.3
440.814	28.65	4.58	131.28	11.02	9.21	101.48	77.3	3	31.3
440.918	28.68	4.58	131.35	11.08	8.98	99.48	75.7	3	31.3
441.063	28.76	4.56	131.21	11.02	9.25	101.91	77.7	3	31.3
441.124	28.81	4.56	131.45	11.03	9.13	100.67	76.6	3	31.3
441.228	28.75	4.58	131.54	11.03	9.05	99.79	75.9	3	31.3
441.373	28.71	4.57	131.21	11.13	8.93	99.34	75.7	3	31.3
441.434	28.73	4.57	131.25	11.07	9.14	101.16	77.1	3	31.3
441.538	28.68	4.56	130.70	11.10	9.20	102.08	78.1	3	31.3
441.683	28.84	4.57	131.67	11.02	9.32	102.65	78.0	3	31.3
441.744	28.87	4.57	131.93	11.05	9.29	102.58	77.8	3	31.3
441.848	28.86	4.56	131.73	11.09	9.20	102.10	77.5	3	31.3
441.993	29.07	4.56	132.67	11.07	9.10	100.74	75.9	3	31.3
442.054	29.12	4.55	132.51	11.10	9.09	100.84	76.1	3	31.3
442.158	28.98	4.55	131.90	11.12	9.00	100.11	75.9	3	31.3
442.303	28.92	4.57	132.04	11.08	9.21	102.05	77.3	3	31.3
442.364	29.00	4.55	132.01	11.13	9.09	101.18	76.7	3	31.3
442.468	28.91	4.55	131.50	11.11	9.13	101.41	77.1	3	31.3
442.613	28.80	4.55	131.11	11.13	9.07	101.01	77.0	3	31.3
442.674	28.90	4.55	131.52	11.19	9.03	101.00	76.8	3	31.3
442.778	28.96	4.55	131.68	11.14	9.12	101.61	77.2	3	31.3
442.923	29.14	4.54	132.23	11.16	9.05	100.99	76.4	3	31.3
442.984	29.00	4.55	131.83	11.12	9.02	100.28	76.1	3	31.3
443.088	28.85	4.56	131.68	11.12	8.98	99.84	75.8	3	31.3
443.233	28.93	4.54	131.20	11.15	9.01	100.44	76.6	3	31.3
443.294	28.90	4.55	131.53	11.12	9.05	100.65	76.5	3	31.3
443.398	28.93	4.54	131.24	11.09	9.14	101.39	77.3	3	31.3
443.543	28.98	4.55	131.88	11.14	9.05	100.86	76.5	3	31.3
443.604	28.96	4.55	131.68	11.18	9.09	101.64	77.2	3	31.3
443.708	29.10	4.55	132.29	11.20	8.97	100.51	76.0	3	31.3
443.853	29.06	4.55	132.14	11.11	9.23	102.57	77.6	3	31.3
443.914	28.84	4.56	131.43	11.08	9.18	101.75	77.4	3	31.3
444.018	28.93	4.55	131.51	11.13	9.16	102.05	77.6	3	31.3
444.163	28.89	4.56	131.67	11.09	9.22	102.26	77.7	3	31.3
444.224	28.95	4.55	131.74	11.05	9.17	101.38	77.0	3	31.3
444.328	28.95	4.54	131.46	11.13	9.11	101.39	77.1	3	31.3
444.473	28.89	4.55	131.57	11.08	9.20	101.87	77.4	3	31.3
444.534	29.03	4.54	131.94	11.13	9.17	102.12	77.4	3	31.3
444.638	29.12	4.53	131.93	11.20	9.03	101.13	76.7	3	31.3
444.783	28.94	4.56	131.99	11.15	9.12	101.64	77.0	3	31.3
444.844	28.80	4.57	131.72	11.11	9.01	100.05	76.0	3	31.3
444.948	28.84	4.56	131.62	11.12	9.15	101.66	77.2	3	31.3
445.093	28.89	4.55	131.35	11.18	8.94	100.01	76.1	3	31.3
445.154	28.76	4.57	131.31	11.13	9.04	100.68	76.7	3	31.3
445.258	28.83	4.56	131.42	11.09	9.14	101.42	77.2	3	31.3
445.403	29.16	4.56	132.91	11.16	9.02	100.66	75.7	3	31.3
445.464	29.04	4.57	132.69	11.12	9.18	102.04	76.9	3	31.3
445.568	29.11	4.54	132.25	11.13	9.17	102.09	77.2	3	31.3
445.713	29.04	4.54	131.89	11.18	9.06	101.34	76.8	3	31.3
445.774	28.96	4.55	131.82	11.15	9.09	101.39	76.9	3	31.3
445.878	28.98	4.55	131.85	11.13	9.07	100.91	76.5	3	31.3
446.023	29.14	4.52	131.85	11.21	9.06	101.50	77.0	3	31.3
446.084	28.89	4.55	131.45	11.11	9.23	102.62	78.1	3	31.3
446.188	28.93	4.54	131.24	11.15	9.19	102.39	78.0	3	31.3
446.333	29.20	4.52	132.09	11.22	9.02	101.17	76.6	3	31.3
446.394	29.04	4.54	131.74	11.20	9.02	101.02	76.7	3	31.3
446.498	29.07	4.53	131.79	11.20	8.97	100.49	76.2	3	31.3
446.643	29.14	4.51	131.27	11.27	9.03	101.69	77.5	3	31.3
446.704	29.04	4.54	131.87	11.21	9.07	101.74	77.1	3	31.3
446.808	29.18	4.53	132.24	11.18	9.00	100.56	76.0	3	31.3
446.953	29.18	4.53	132.15	11.28	8.84	99.67	75.4	3	31.3
447.014	29.10	4.55	132.28	11.26	8.90	100.15	75.7	3	31.3
447.118	28.96	4.55	131.82	11.26	8.93	100.56	76.3	3	31.3
447.263	29.17	4.53	132.17	11.32	8.89	100.65	76.1	3	31.3
447.324	29.12	4.54	132.10	11.24	9.10	102.23	77.4	3	31.3
447.428	29.08	4.52	131.52	11.23	9.12	102.45	77.9	3	31.3
447.573	29.08	4.54	131.91	11.26	9.00	101.25	76.8	3	31.3
447.634	29.17	4.54	132.32	11.25	9.02	101.49	76.7	3	31.3
447.738	28.98	4.53	131.19	11.26	8.96	100.88	76.9	3	31.3
447.883	29.18	4.52	131.91	11.23	9.20	103.32	78.3	3	31.3
447.944	29.09	4.54	131.93	11.25	8.97	100.89	76.5	3	31.3
448.048	29.11	4.53	131.75	11.25	8.95	100.68	76.4	3	31.3
448.193	29.30	4.53	132.68	11.25	9.01	101.35	76.4	3	31.3
448.254	29.30	4.52	132.48	11.27	9.11	102.68	77.5	3	31.3
448.358	29.26	4.52	132.30	11.29	9.05	102.16	77.2	3	31.3
448.503	29.36	4.51	132.54	11.29	9.04	102.11	77.0	3	31.3
448.564	29.33	4.52	132.59	11.26	9.04	101.76	76.8	3	31.3
448.668	29.40	4.51	132.64	11.25	9.12	102.56	77.3	3	31.3
448.813	29.36	4.51	132.33	11.30	8.95	101.18	76.5	3	31.3
448.874	29.40	4.50	132.22	11.33	8.99	101.81	77.0	3	31.3
448.978	29.29	4.52	132.35	11.30	8.97	101.37	76.6	3	31.3
449.123	29.22	4.51	131.71	11.30	9.11	102.91	78.1	3	31.3
449.184	29.23	4.51	131.83	11.24	9.17	103.04	78.2	3	31.3
449.288	29.30	4.50	131.94	11.27	9.04	101.87	77.2	3	31.3
449.433	29.24	4.52	132.09	11.25	9.11	102.47	77.6	3	31.3
449.494	29.15	4.51	131.48	11.34	8.84	100.28	76.3	3	31.3
449.598	29.29	4.50	131.90	11.29	8.97	101.29	76.8	3	31.3
449.743	29.19	4.51	131.65	11.29	8.99	101.44	77.1	3	31.3
449.804	29.27	4.51	131.97	11.28	9.13	102.94	78.0	3	31.3
449.908	29.24	4.53	132.36	11.28	8.96	101.05	76.3	3	31.3
450.053	29.34	4.50	132.04	11.28	9.08	102.33	77.5	3	31.3
450.114	29.25	4.51	132.04	11.26	9.06	102.06	77.3	3	31.3
450.218	29.18	4.53	132.13	11.27	8.98	101.22	76.6	3	31.3
450.363	29.21	4.50	131.55	11.27	9.11	102.67	78.0	3	31.3
450.424	29.15	4.50	131.27	11.28	9.07	102.35	78.0	3	31.3
450.528	29.28	4.51	132.18	11.28	8.98	101.26	76.6	3	31.3
450.673	29.21	4.50	131.32	11.37	8.92	101.41	77.2	3	31.3
450.734	29.20	4.52	131.97	11.27	9.06	102.17	77.4	3	31.3
450.838	29.15	4.51	131.46	11.33	9.01	102.02	77.6	3	31.3
450.983	29.16	4.51	131.64	11.35	8.88	100.86	76.6	3	31.3
451.044	29.24	4.51	131.84	11.36	8.94	101.54	77.0	3	31.3
451.148	29.25	4.52	132.21	11.32	8.95	101.32	76.6	3	31.3
451.293	29.42	4.51	132.63	11.39	8.77	99.94	75.3	3	31.3
451.354	29.46	4.51	132.81	11.36	8.97	101.95	76.8	3	31.3
451.458	29.40	4.52	132.79	11.34	9.00	102.00	76.8	3	31.3
451.603	29.35	4.52	132.73	11.27	8.94	100.74	75.9	3	31.3
451.664	29.44	4.51	132.82	11.26	9.01	101.41	76.4	3	31.3
451.768	29.44	4.50	132.33	11.31	9.04	102.22	77.2	3	31.3
451.913	29.50	4.48	132.12	11.36	9.12	103.58	78.4	3	31.3
451.974	29.27	4.51	131.98	11.29	9.09	102.67	77.8	3	31.3
452.078	29.24	4.51	131.87	11.27	9.10	102.59	77.8	3	31.3
452.223	29.37	4.51	132.41	11.36	9.06	102.95	77.7	3	31.3
452.284	29.28	4.51	131.98	11.43	8.78	100.35	76.0	3	31.3
452.388	29.23	4.51	131.81	11.37	8.77	99.65	75.6	3	31.3
452.533	29.38	4.51	132.40	11.34	8.96	101.60	76.7	3	31.3
452.594	29.38	4.50	132.29	11.32	8.98	101.65	76.8	3	31.3
452.698	29.37	4.50	132.31	11.27	9.15	103.10	77.9	3	31.3
452.843	29.30	4.52	132.49	11.32	8.96	101.38	76.5	3	31.3
452.904	29.40	4.49	132.05	11.35	8.96	101.74	77.0	3	31.3
453.008	29.45	4.49	132.30	11.35	9.02	102.37	77.4	3	31.3
453.153	29.44	4.51	132.80	11.36	8.95	101.69	76.6	3	31.3
453.214	29.32	4.52	132.40	11.30	9.05	102.26	77.2	3	31.3
453.318	29.35	4.51	132.51	11.33	8.82	99.90	75.4	3	31.3
453.463	29.70	4.50	133.65	11.38	8.90	101.23	75.7	3	31.3
453.524	29.57	4.50	132.99	11.31	9.14	103.39	77.7	3	31.3
453.628	29.30	4.52	132.41	11.28	9.08	102.40	77.3	3	31.3
453.773	29.45	4.51	132.78	11.27	8.98	101.22	76.2	3	31.3
453.834	29.48	4.49	132.27	11.31	9.02	102.06	77.2	3	31.3
453.938	29.39	4.51	132.47	11.33	8.93	101.22	76.4	3	31.3
454.083	29.29	4.52	132.51	11.31	8.94	101.15	76.3	3	31.3
454.144	29.31	4.51	132.20	11.30	8.93	100.88	76.3	3	31.3
454.248	29.32	4.51	132.38	11.33	9.02	102.19	77.2	3	31.3
454.393	29.47	4.49	132.43	11.41	8.94	102.03	77.0	3	31.3
454.454	29.42	4.50	132.52	11.35	9.09	103.13	77.8	3	31.3
454.558	29.27	4.51	132.14	11.33	9.08	102.93	77.9	3	31.3
454.703	29.41	4.51	132.61	11.31	8.88	100.48	75.8	3	31.3
454.764	29.29	4.51	132.12	11.32	8.88	100.54	76.1	3	31.3
454.868	29.25	4.51	131.80	11.31	8.90	100.70	76.4	3	31.3
455.013	29.42	4.50	132.50	11.31	9.05	102.31	77.2	3	31.3
455.074	29.18	4.53	132.13	11.26	9.06	101.94	77.1	3	31.3
455.178	29.24	4.52	132.05	11.24	9.02	101.34	76.7	3	31.3
455.323	29.44	4.50	132.63	11.24	9.00	101.14	76.3	3	31.3
455.384	29.38	4.50	132.33	11.29	8.99	101.57	76.8	3	31.3
455.488	29.38	4.52	132.74	11.26	9.02	101.54	76.5	3	31.3
455.633	29.31	4.52	132.45	11.32	9.16	103.65	78.3	3	31.3
455.694	29.26	4.52	132.38	11.28	9.04	101.99	77.0	3	31.3
455.798	29.26	4.50	131.77	11.30	9.04	102.23	77.6	3	31.3
455.943	29.14	4.52	131.64	11.28	9.00	101.52	77.1	3	31.3
456.004	29.35	4.50	132.22	11.31	9.03	102.16	77.3	3	31.3
456.108	29.32	4.51	132.18	11.29	9.06	102.29	77.4	3	31.3
456.253	29.32	4.50	132.03	11.24	9.08	102.04	77.3	3	31.3
456.314	29.23	4.52	132.21	11.26	9.07	102.16	77.3	3	31.3
456.418	29.18	4.53	132.06	11.26	9.01	101.53	76.9	3	31.3
456.563	29.17	4.52	132.01	11.26	8.94	100.66	76.3	3	31.3
456.624	29.30	4.50	131.77	11.31	8.99	101.69	77.2	3	31.3
456.728	29.47	4.49	132.40	11.29	9.07	102.34	77.3	3	31.3
456.873	29.20	4.52	132.00	11.28	9.07	102.33	77.5	3	31.3
456.934	29.29	4.53	132.53	11.34	9.00	102.10	77.0	3	31.3
457.038	29.21	4.52	131.99	11.35	8.96	101.72	77.1	3	31.3
457.183	29.25	4.52	132.12	11.39	8.80	100.32	75.9	3	31.3
457.244	29.10	4.54	132.05	11.29	8.99	101.56	76.9	3	31.3
457.348	29.13	4.53	131.86	11.26	9.05	101.97	77.3	3	31.3
457.493	28.99	4.51	130.67	11.32	9.01	102.02	78.1	3	31.3
457.554	29.03	4.51	130.98	11.28	9.01	101.58	77.6	3	31.3
457.658	29.00	4.53	131.27	11.28	9.08	102.42	78.0	3	31.3
457.803	29.22	4.52	131.98	11.28	9.03	101.80	77.1	3	31.3
457.864	29.39	4.49	132.05	11.29	9.10	102.69	77.8	3	31.3
457.968	29.34	4.50	132.02	11.33	8.90	100.84	76.4	3	31.3
458.113	29.08	4.52	131.54	11.30	9.05	102.25	77.7	3	31.3
458.174	28.98	4.54	131.50	11.29	9.05	102.17	77.7	3	31.3
458.278	29.24	4.52	132.22	11.24	9.14	102.71	77.7	3	31.3
458.423	29.07	4.54	131.85	11.23	9.10	102.17	77.5	3	31.3
458.484	29.17	4.52	131.73	11.28	9.11	102.81	78.0	3	31.3
458.588	29.31	4.51	132.17	11.29	8.93	100.81	76.3	3	31.3
458.733	29.34	4.51	132.40	11.26	8.98	101.15	76.4	3	31.3
458.794	29.24	4.51	132.02	11.26	8.82	99.34	75.2	3	31.3
458.898	29.04	4.53	131.52	11.28	8.92	100.66	76.5	3	31.3
459.043	29.12	4.51	131.36	11.27	9.07	102.20	77.8	3	31.3
459.104	29.25	4.52	132.15	11.28	9.01	101.69	77.0	3	31.3
459.208	29.26	4.51	131.91	11.25	8.94	100.58	76.3	3	31.3
459.353	29.16	4.51	131.64	11.27	8.94	100.76	76.5	3	31.3
459.414	29.18	4.51	131.58	11.26	9.07	102.10	77.6	3	31.3
459.518	29.22	4.51	131.79	11.31	9.04	102.30	77.6	3	31.3
459.663	29.15	4.50	131.13	11.27	9.04	101.79	77.6	3	31.3
459.724	29.05	4.51	131.02	11.23	8.97	100.70	76.9	3	31.3
459.828	29.01	4.53	131.43	11.20	9.05	101.35	77.1	3	31.3
459.973	29.31	4.52	132.33	11.26	9.05	101.93	77.0	3	31.3
460.034	29.34	4.52	132.52	11.22	9.01	101.06	76.3	3	31.3
460.138	29.23	4.52	132.13	11.22	8.98	100.78	76.3	3	31.3
460.283	29.31	4.52	132.35	11.30	8.95	101.05	76.4	3	31.3
460.344	29.33	4.50	131.89	11.31	9.04	102.28	77.5	3	31.3
460.448	29.25	4.51	131.84	11.27	9.10	102.57	77.8	3	31.3
460.593	29.26	4.53	132.48	11.20	9.10	101.95	77.0	3	31.3
460.654	29.22	4.52	132.18	11.25	9.02	101.48	76.8	3	31.3
460.758	29.26	4.52	132.11	11.26	9.04	101.72	77.0	3	31.3
460.903	29.28	4.52	132.32	11.30	9.02	101.85	77.0	3	31.3
460.964	29.40	4.50	132.26	11.35	8.94	101.43	76.7	3	31.3
461.068	29.36	4.51	132.31	11.34	8.95	101.44	76.7	3	31.3
461.213	29.38	4.49	131.96	11.30	9.08	102.54	77.7	3	31.3
461.274	29.23	4.52	132.00	11.28	8.94	100.79	76.4	3	31.3
461.378	29.13	4.52	131.54	11.29	9.01	101.70	77.3	3	31.3
461.523	29.21	4.51	131.65	11.30	8.91	100.67	76.5	3	31.3
461.584	29.21	4.51	131.84	11.25	9.00	101.21	76.8	3	31.3
461.688	29.23	4.51	131.70	11.24	9.06	101.80	77.3	3	31.3
461.833	29.26	4.52	132.20	11.27	9.08	102.37	77.4	3	31.3
461.894	29.22	4.49	131.30	11.30	9.05	102.25	77.9	3	31.3
461.998	29.30	4.51	132.09	11.30	9.02	101.97	77.2	3	31.3
462.143	29.28	4.51	132.14	11.31	8.99	101.68	77.0	3	31.3
462.204	29.15	4.52	131.63	11.29	9.02	101.77	77.3	3	31.3
462.308	29.08	4.52	131.44	11.24	9.01	101.26	77.0	3	31.3
462.453	29.27	4.51	132.13	11.28	8.80	99.33	75.2	3	31.3
462.514	29.20	4.52	131.97	11.24	8.94	100.55	76.2	3	31.3
462.618	29.29	4.53	132.63	11.25	9.02	101.52	76.5	3	31.3
462.763	29.19	4.52	132.01	11.22	9.11	102.17	77.4	3	31.3
462.824	29.30	4.51	132.16	11.31	8.92	100.88	76.3	3	31.3
462.928	29.07	4.52	131.48	11.24	8.98	100.88	76.7	3	31.3
463.073	29.03	4.53	131.41	11.21	9.01	100.96	76.8	3	31.3
463.134	29.15	4.51	131.42	11.28	8.99	101.35	77.1	3	31.3
463.238	29.32	4.51	132.12	11.24	9.16	102.91	77.9	3	31.3
463.383	29.18	4.51	131.50	11.21	9.17	102.79	78.2	3	31.3
463.444	29.07	4.53	131.59	11.18	9.09	101.70	77.3	3	31.3
463.548	29.19	4.52	131.96	11.24	9.12	102.49	77.7	3	31.3
463.693	29.15	4.52	131.82	11.27	9.09	102.40	77.7	3	31.3
463.754	29.07	4.52	131.44	11.21	9.12	102.25	77.8	3	31.3
463.858	29.26	4.52	132.37	11.21	9.07	101.71	76.8	3	31.3
464.003	29.21	4.53	132.30	11.29	8.96	101.17	76.5	3	31.3
464.064	29.34	4.51	132.27	11.37	8.86	100.79	76.2	3	31.3
464.168	29.31	4.51	132.11	11.25	9.13	102.80	77.8	3	31.3
464.313	29.34	4.52	132.72	11.34	8.91	101.04	76.1	3	31.3
464.374	29.11	4.53	131.95	11.27	9.03	101.84	77.2	3	31.3
464.478	29.33	4.50	131.89	11.23	9.07	101.83	77.2	3	31.3
464.623	29.25	4.52	132.33	11.28	9.04	101.92	77.0	3	31.3
464.684	29.23	4.52	132.16	11.26	9.10	102.46	77.5	3	31.3
464.788	29.17	4.52	131.94	11.32	8.94	101.21	76.7	3	31.3
464.933	29.19	4.52	131.93	11.23	9.03	101.40	76.9	3	31.3
464.994	29.00	4.54	131.62	11.22	8.96	100.60	76.4	3	31.3
465.098	29.11	4.51	131.35	11.21	9.11	102.12	77.7	3	31.3
465.243	29.19	4.53	132.16	11.21	9.15	102.51	77.6	3	31.3
465.304	29.33	4.51	132.22	11.33	8.91	100.95	76.4	3	31.3
465.408	29.07	4.50	130.85	11.25	9.02	101.45	77.5	3	31.3
465.553	29.11	4.50	131.01	11.28	9.05	102.01	77.9	3	31.3
465.614	29.30	4.48	131.22	11.33	8.97	101.58	77.4	3	31.3
465.718	29.34	4.49	131.80	11.30	9.07	102.46	77.7	3	31.3
465.863	29.35	4.50	132.21	11.30	9.09	102.65	77.6	3	31.3
465.924	29.29	4.51	131.99	11.22	9.11	102.17	77.4	3	31.3
466.028	29.30	4.48	131.32	11.28	9.10	102.60	78.1	3	31.3
466.173	29.40	4.51	132.53	11.25	9.11	102.48	77.3	3	31.3
466.234	29.30	4.52	132.38	11.23	9.01	101.11	76.4	3	31.3
466.338	29.05	4.53	131.62	11.18	9.20	102.87	78.2	3	31.3
466.483	29.00	4.53	131.32	11.19	9.24	103.36	78.7	3	31.3
466.544	29.04	4.55	132.08	11.19	9.08	101.53	76.9	3	31.3
466.648	29.12	4.53	131.92	11.23	8.99	101.00	76.6	3	31.3
466.793	29.13	4.53	131.82	11.21	8.94	100.25	76.1	3	31.3
466.854	28.99	4.54	131.50	11.17	8.97	100.24	76.2	3	31.3
466.958	28.88	4.52	130.63	11.17	8.98	100.30	76.8	3	31.3
467.103	29.19	4.54	132.40	11.16	9.01	100.57	76.0	3	31.3
467.164	29.20	4.53	132.29	11.24	8.87	99.77	75.4	3	31.3
467.268	29.14	4.53	131.92	11.19	9.01	100.80	76.4	3	31.3
467.413	29.16	4.52	131.73	11.28	8.96	101.11	76.8	3	31.3
467.474	29.28	4.51	131.97	11.28	8.98	101.34	76.8	3	31.3
467.578	29.29	4.50	131.88	11.26	9.12	102.75	77.9	3	31.3
467.723	29.22	4.51	131.81	11.23	9.13	102.53	77.8	3	31.3
467.784	29.16	4.54	132.40	11.15	9.08	101.22	76.5	3	31.3
467.888	29.15	4.52	131.87	11.18	9.02	100.75	76.4	3	31.3
468.033	29.27	4.52	132.31	11.24	9.03	101.56	76.8	3	31.3
468.094	29.17	4.53	132.27	11.22	8.88	99.56	75.3	3	31.3
468.198	29.11	4.53	131.93	11.16	9.06	101.17	76.7	3	31.3
468.343	29.10	4.54	132.07	11.17	9.09	101.59	76.9	3	31.3
468.404	29.14	4.53	132.00	11.22	9.01	101.05	76.6	3	31.3
468.508	29.18	4.52	131.99	11.22	9.02	101.22	76.7	3	31.3
468.653	29.21	4.52	131.88	11.24	9.00	101.11	76.7	3	31.3
468.714	29.13	4.51	131.53	11.27	8.91	100.37	76.3	3	31.3
468.818	29.09	4.52	131.42	11.22	9.10	102.05	77.7	3	31.3
468.963	29.26	4.52	132.36	11.18	9.11	101.94	77.0	3	31.3
469.024	29.47	4.51	132.86	11.31	8.97	101.47	76.4	3	31.3
469.128	29.20	4.52	131.99	11.26	8.91	100.32	76.0	3	31.3
469.273	29.21	4.51	131.75	11.23	8.94	100.43	76.2	3	31.3
469.334	29.21	4.50	131.39	11.29	8.97	101.23	77.0	3	31.3
469.438	29.22	4.50	131.56	11.32	8.91	100.78	76.6	3	31.3
469.583	29.17	4.53	132.23	11.32	8.90	100.76	76.2	3	31.3
469.644	29.21	4.52	132.01	11.24	9.07	102.01	77.3	3	31.3
469.748	29.10	4.52	131.49	11.22	9.06	101.62	77.3	3	31.3
469.893	29.13	4.52	131.55	11.27	8.97	101.13	76.9	3	31.3
469.954	29.11	4.54	132.12	11.22	9.12	102.31	77.4	3	31.3
470.058	29.21	4.54	132.49	11.22	9.07	101.76	76.8	3	31.3
470.203	29.12	4.54	132.21	11.24	8.90	100.10	75.7	3	31.3
470.264	29.12	4.52	131.60	11.19	8.99	100.62	76.5	3	31.3
470.368	29.04	4.53	131.46	11.22	8.96	100.52	76.5	3	31.3
470.513	28.89	4.55	131.32	11.15	9.01	100.51	76.5	3	31.3
470.574	29.07	4.54	131.91	11.15	9.21	102.68	77.8	3	31.3
470.678	28.88	4.54	131.24	11.15	8.93	99.57	75.9	3	31.3
470.823	28.93	4.55	131.65	11.17	9.08	101.35	77.0	3	31.3
470.884	29.08	4.54	132.03	11.14	8.97	99.93	75.7	3	31.3
470.988	29.07	4.54	131.92	11.18	9.00	100.63	76.3	3	31.3
471.133	29.15	4.53	131.95	11.16	8.99	100.37	76.1	3	31.3
471.194	28.89	4.55	131.45	11.09	9.11	101.01	76.8	3	31.3
471.298	28.99	4.54	131.60	11.20	8.91	99.73	75.8	3	31.3
471.443	29.03	4.54	131.66	11.14	9.18	102.25	77.7	3	31.3
471.504	29.05	4.54	131.82	11.17	9.09	101.51	77.0	3	31.3
471.608	29.02	4.53	131.56	11.15	9.14	101.85	77.4	3	31.3
471.753	29.14	4.53	131.94	11.16	9.14	102.06	77.4	3	31.3
471.814	28.95	4.55	131.65	11.17	8.96	100.07	76.0	3	31.3
471.918	29.04	4.53	131.52	11.18	9.03	100.99	76.8	3	31.3
472.063	28.99	4.53	131.43	11.15	9.26	103.18	78.5	3	31.3
472.124	29.12	4.53	131.96	11.19	9.08	101.57	77.0	3	31.3
472.228	29.06	4.54	131.88	11.15	9.26	103.26	78.3	3	31.3
472.373	29.15	4.54	132.25	11.21	8.97	100.58	76.1	3	31.3
472.434	29.23	4.53	132.29	11.17	9.02	100.74	76.1	3	31.3
472.538	29.08	4.53	131.78	11.21	8.95	100.32	76.1	3	31.3
472.683	29.00	4.53	131.26	11.19	8.97	100.39	76.5	3	31.3
472.744	28.81	4.54	130.80	11.16	9.07	101.22	77.4	3	31.3
472.848	28.91	4.54	131.11	11.14	9.08	101.19	77.2	3	31.3
472.993	29.04	4.55	132.24	11.14	9.01	100.42	75.9	3	31.3
473.054	29.18	4.53	132.11	11.18	9.25	103.40	78.3	3	31.3
473.158	29.04	4.53	131.59	11.20	9.00	100.84	76.6	3	31.3
473.303	29.14	4.54	132.15	11.18	9.03	100.91	76.4	3	31.3
473.364	29.11	4.53	132.02	11.22	9.13	102.47	77.6	3	31.3
473.468	29.15	4.52	131.91	11.28	8.89	100.21	76.0	3	31.3
473.613	29.26	4.54	132.78	11.26	8.92	100.38	75.6	3	31.3
473.674	29.13	4.54	132.25	11.23	9.10	102.20	77.3	3	31.3
473.778	29.12	4.52	131.48	11.26	8.97	101.00	76.8	3	31.3
473.923	29.31	4.50	131.89	11.26	9.17	103.21	78.3	3	31.3
473.984	29.29	4.52	132.31	11.24	8.95	100.66	76.1	3	31.3
474.088	29.04	4.53	131.46	11.15	9.17	102.30	77.8	3	31.3
474.233	29.21	4.53	132.43	11.23	8.96	100.66	76.0	3	31.3
474.294	29.16	4.53	131.94	11.21	9.10	101.99	77.3	3	31.3
474.398	29.22	4.52	132.08	11.24	8.96	100.73	76.3	3	31.3
474.543	29.07	4.53	131.62	11.23	9.08	101.91	77.4	3	31.3
1321.975	32.20	1.81	58.42	3.10	5.99	18.55	31.8	3	21.2
1322.120	18.08	3.85	69.60	4.18	8.05	33.65	48.3	3	33.7
1322.180	13.19	4.30	56.76	3.95	6.96	27.53	48.5	3	46.2
1322.284	8.02	4.65	37.33	3.46	5.38	18.60	49.8	3	58.7
1322.429	10.12	4.17	42.21	3.75	5.78	21.70	51.4	3	28.9
1322.489	12.91	3.79	48.91	4.26	6.61	28.18	57.6	3	28.9
1322.593	7.65	4.41	33.75	3.29	5.02	16.52	48.9	3	56.5
1322.738	26.04	2.79	72.75	4.43	7.48	33.11	45.5	3	15.0
1322.798	29.09	2.70	78.56	4.66	9.09	42.34	53.9	3	18.5
1322.902	29.69	2.90	86.21	4.80	10.76	51.67	59.9	3	15.0
1323.047	28.95	2.96	85.60	4.41	10.64	46.88	54.8	3	33.7
1323.108	20.51	3.80	77.98	4.02	9.70	39.00	50.0	3	33.7
1323.212	17.87	3.67	65.67	3.90	9.30	36.32	55.3	3	24.3
1323.357	27.19	2.82	76.77	4.24	10.26	43.51	56.7	3	15.0
1323.418	30.25	2.66	80.55	4.38	10.73	47.05	58.4	3	28.3
1323.522	20.08	3.54	71.16	4.03	9.85	39.64	55.7	3	28.3
1323.667	13.60	4.41	60.02	3.83	9.04	34.66	57.7	3	18.5
1323.727	18.07	3.89	70.28	4.10	9.78	40.11	57.1	3	20.6
1323.831	23.51	3.35	78.76	4.39	10.72	47.03	59.7	3	18.5
1323.976	29.41	2.92	85.96	4.59	11.36	52.13	60.7	3	15.0
1324.037	31.94	2.65	84.64	4.53	11.28	51.16	60.4	3	15.0
1324.141	27.48	2.89	79.44	4.39	10.96	48.13	60.6	3	21.0
1324.286	29.77	2.88	85.63	4.60	11.41	52.51	61.3	3	16.9
1324.347	30.34	2.87	87.08	4.63	11.57	53.57	61.5	3	20.0
1324.451	27.00	3.06	82.53	4.51	11.29	50.99	61.8	3	16.9
1324.596	29.45	2.99	88.17	4.67	11.78	54.94	62.3	3	18.6
1324.657	29.19	3.03	88.41	4.67	11.80	55.16	62.4	3	18.6
1324.761	29.21	3.04	88.76	4.68	11.81	55.28	62.3	3	18.4
1324.906	29.45	3.04	89.40	4.68	11.85	55.48	62.1	3	18.3
1324.967	29.59	3.03	89.81	4.70	11.86	55.78	62.1	3	18.3
1325.071	29.85	3.02	90.01	4.71	11.89	56.04	62.3	3	18.1
1325.216	30.20	2.99	90.24	4.77	11.89	56.74	62.9	3	18.0
1325.277	30.25	2.99	90.41	4.77	11.88	56.68	62.7	3	18.1
1325.381	30.26	3.00	90.78	4.75	11.87	56.38	62.1	3	18.2
1325.526	30.21	2.99	90.45	4.77	11.85	56.55	62.5	3	18.1
1325.587	30.15	3.00	90.32	4.77	11.84	56.51	62.6	3	18.1
1325.691	30.12	3.00	90.34	4.77	11.87	56.57	62.6	3	18.2
1325.836	30.03	3.02	90.63	4.74	11.87	56.28	62.1	3	18.2
1325.897	29.98	3.03	90.89	4.73	11.87	56.18	61.8	3	18.1
1326.001	30.20	3.01	90.79	4.72	11.90	56.10	61.8	3	18.1
1326.146	30.23	3.01	91.11	4.73	11.91	56.35	61.8	3	18.1
1326.207	30.25	3.01	91.07	4.73	11.90	56.31	61.8	3	18.1
1326.311	30.24	3.00	90.85	4.76	11.88	56.60	62.3	3	18.1
1326.456	30.20	3.00	90.72	4.73	11.90	56.32	62.1	3	18.1
1326.517	30.18	3.00	90.68	4.73	11.92	56.40	62.2	3	18.1
1326.621	30.03	3.00	90.22	4.73	11.92	56.40	62.5	3	18.1
1326.766	30.13	3.01	90.63	4.76	11.86	56.47	62.3	3	18.1
1326.827	30.15	3.01	90.68	4.76	11.91	56.65	62.5	3	18.1
1326.931	30.18	3.00	90.56	4.74	11.92	56.54	62.4	3	18.1
1327.076	30.11	3.02	90.80	4.75	11.92	56.57	62.3	3	18.1
1327.137	30.15	3.02	90.89	4.72	11.93	56.33	62.0	3	18.1
1327.241	30.02	3.01	90.39	4.72	11.92	56.32	62.3	3	18.1
1327.386	29.95	3.01	90.27	4.70	11.92	56.03	62.1	3	18.1
1327.447	30.01	3.01	90.38	4.71	11.91	56.08	62.0	3	18.1
1327.551	29.93	3.02	90.48	4.67	11.94	55.73	61.6	3	18.1
1327.696	29.97	3.02	90.59	4.70	11.93	56.11	61.9	3	18.1
1327.757	29.94	3.01	90.21	4.71	11.93	56.15	62.2	3	18.1
1327.861	29.99	3.00	90.10	4.72	11.88	56.05	62.2	3	18.1
1328.006	30.47	2.99	90.99	4.84	11.82	57.24	62.9	3	18.1
1328.067	30.08	3.00	90.23	4.77	11.89	56.75	62.9	3	18.1
1328.171	29.76	3.02	89.80	4.66	11.97	55.84	62.2	3	18.1
1328.316	29.73	3.03	90.07	4.63	12.02	55.70	61.8	3	18.1
1328.377	29.74	3.04	90.55	4.64	11.99	55.63	61.4	3	18.1
1328.481	29.70	3.02	89.83	4.63	12.01	55.62	61.9	3	18.1
1328.626	29.71	3.04	90.17	4.64	12.01	55.76	61.8	3	18.1
1328.687	29.72	3.03	90.08	4.65	11.99	55.74	61.9	3	18.1
1328.791	29.73	3.03	90.21	4.60	11.99	55.20	61.2	3	18.1
1328.936	29.73	3.03	90.08	4.63	12.01	55.63	61.8	3	18.1
1328.997	29.73	3.03	90.17	4.64	11.99	55.60	61.7	3	18.1
1329.101	29.64	3.04	90.04	4.63	12.04	55.72	61.9	3	18.1
1329.246	29.65	3.05	90.37	4.63	12.05	55.82	61.8	3	18.1
1329.307	29.65	3.04	90.26	4.64	12.03	55.75	61.8	3	18.1
1329.411	29.75	3.04	90.47	4.63	11.99	55.51	61.4	3	18.1
1329.556	29.63	3.03	89.84	4.62	12.04	55.59	61.9	3	18.1
1329.617	29.58	3.04	89.82	4.62	12.05	55.61	61.9	3	18.1
1329.721	29.48	3.04	89.59	4.61	12.03	55.52	62.0	3	18.1
1329.866	29.59	3.04	89.90	4.60	12.04	55.38	61.6	3	18.1
1329.927	29.59	3.04	89.83	4.62	12.04	55.63	61.9	3	18.1
1330.031	29.64	3.04	89.96	4.60	12.02	55.30	61.5	3	18.1
1330.176	29.70	3.04	90.39	4.62	12.03	55.61	61.5	3	18.1
1330.237	29.67	3.04	90.16	4.61	12.02	55.43	61.5	3	18.1
1330.341	29.62	3.03	89.90	4.60	12.03	55.30	61.5	3	18.1
1330.486	29.56	3.04	89.78	4.57	12.05	55.03	61.3	3	18.1
1330.547	29.53	3.04	89.77	4.58	12.04	55.18	61.5	3	18.1
1330.651	29.41	3.04	89.55	4.60	12.05	55.40	61.9	3	18.1
1330.796	29.51	3.05	90.02	4.59	12.06	55.40	61.5	3	18.1
1330.857	29.50	3.05	89.95	4.57	12.07	55.18	61.3	3	18.1
1330.961	29.41	3.04	89.43	4.57	12.05	55.03	61.5	3	18.1
1331.106	29.51	3.05	89.87	4.59	12.05	55.26	61.5	3	18.1
1331.167	29.49	3.04	89.79	4.57	12.06	55.09	61.4	3	18.1
1331.271	29.42	3.04	89.37	4.59	12.08	55.46	62.1	3	18.1
1331.416	29.56	3.04	89.94	4.59	12.08	55.50	61.7	3	18.1
1331.477	29.54	3.04	89.77	4.58	12.06	55.18	61.5	3	18.1
1331.581	29.64	3.03	89.93	4.60	12.05	55.48	61.7	3	18.1
1331.726	29.63	3.04	90.13	4.59	12.06	55.42	61.5	3	18.1
1331.787	29.55	3.04	89.89	4.59	12.05	55.37	61.6	3	18.1
1331.891	29.60	3.04	90.02	4.62	12.05	55.61	61.8	3	18.1
1332.036	29.57	3.04	89.76	4.62	12.03	55.55	61.9	3	18.1
1332.097	29.63	3.04	90.14	4.63	12.04	55.72	61.8	3	18.1
1332.201	29.52	3.04	89.75	4.61	12.01	55.34	61.7	3	18.1
1332.346	29.64	3.03	89.84	4.63	12.01	55.65	61.9	3	18.1
1332.407	29.67	3.03	89.97	4.65	11.99	55.77	62.0	3	18.1
1332.511	29.76	3.03	90.27	4.63	11.99	55.49	61.5	3	18.1
1332.656	29.72	3.04	90.38	4.65	12.02	55.94	61.9	3	18.1
1332.717	29.80	3.04	90.64	4.66	12.00	55.89	61.7	3	18.1
1332.821	29.78	3.03	90.30	4.66	12.01	55.97	62.0	3	18.1
1332.966	29.74	3.04	90.40	4.64	12.02	55.78	61.7	3	18.1
1333.027	29.74	3.03	90.23	4.65	12.02	55.89	61.9	3	18.1
1333.131	29.81	3.04	90.68	4.65	12.01	55.83	61.6	3	18.1
1333.276	29.82	3.04	90.63	4.67	11.99	55.96	61.7	3	18.1
1333.337	29.82	3.04	90.56	4.67	12.00	56.05	61.9	3	18.1
1333.441	29.81	3.03	90.36	4.67	11.99	56.01	62.0	3	18.1
1333.586	29.77	3.04	90.41	4.66	12.01	55.92	61.9	3	18.1
1333.647	29.78	3.03	90.35	4.65	12.00	55.85	61.8	3	18.1
1333.751	29.78	3.03	90.12	4.64	12.00	55.74	61.9	3	18.1
1333.896	29.77	3.04	90.43	4.65	12.00	55.79	61.7	3	18.1
1333.957	29.73	3.04	90.42	4.64	12.01	55.73	61.6	3	18.1
1334.061	29.82	3.04	90.80	4.65	12.01	55.81	61.5	3	18.1
1334.206	29.78	3.04	90.55	4.66	12.00	55.93	61.8	3	18.1
1334.267	29.81	3.05	90.81	4.71	11.99	56.44	62.2	3	18.1
1334.371	29.79	3.05	90.71	4.67	12.00	56.03	61.8	3	18.1
1334.516	29.84	3.04	90.76	4.67	12.03	56.22	62.0	3	18.1
1334.577	29.77	3.04	90.61	4.67	12.00	56.06	61.9	3	18.1
1334.681	29.76	3.04	90.48	4.71	11.99	56.52	62.5	3	18.1
1334.826	29.92	3.02	90.33	4.69	12.00	56.29	62.3	3	18.1
1334.887	29.88	3.03	90.48	4.70	11.98	56.30	62.2	3	18.1
1334.991	29.78	3.03	90.17	4.68	11.99	56.07	62.2	3	18.1
1335.136	29.98	3.03	90.86	4.69	11.98	56.19	61.8	3	18.1
1335.197	29.98	3.03	90.89	4.69	11.98	56.18	61.8	3	18.1
1335.301	29.98	3.03	90.80	4.70	11.97	56.24	61.9	3	18.1
1335.446	29.95	3.03	90.71	4.70	11.94	56.08	61.8	3	18.1
1335.507	29.87	3.03	90.47	4.71	11.94	56.23	62.2	3	18.1
1335.611	29.83	3.03	90.46	4.71	11.95	56.25	62.2	3	18.1
1335.756	29.91	3.04	90.91	4.68	11.99	56.18	61.8	3	18.1
1335.817	29.98	3.04	91.13	4.68	12.01	56.17	61.6	3	18.1
1335.921	29.87	3.04	90.89	4.68	11.99	56.17	61.8	3	18.1
1336.066	29.93	3.05	91.15	4.69	11.98	56.23	61.7	3	18.1
1336.127	29.81	3.04	90.54	4.70	11.98	56.30	62.2	3	18.1
1336.231	29.84	3.03	90.50	4.69	11.95	56.04	61.9	3	18.1
1336.376	29.83	3.04	90.75	4.72	11.95	56.36	62.1	3	18.1
1336.437	29.83	3.03	90.45	4.70	11.95	56.11	62.0	3	18.1
1336.541	29.88	3.04	90.71	4.70	11.97	56.23	62.0	3	18.1
1336.686	29.86	3.03	90.42	4.68	11.98	56.11	62.1	3	18.1
1336.747	29.83	3.03	90.50	4.69	11.94	56.00	61.9	3	18.1
1336.851	29.92	3.02	90.48	4.72	11.97	56.51	62.5	3	18.1
1336.996	30.02	3.03	91.01	4.70	11.96	56.19	61.7	3	18.1
1337.057	29.88	3.04	90.79	4.70	11.94	56.13	61.8	3	18.1
1337.161	29.97	3.03	90.90	4.72	11.98	56.53	62.2	3	18.1
1337.306	29.95	3.03	90.67	4.68	12.00	56.17	61.9	3	18.1
1337.367	29.98	3.03	90.76	4.68	12.01	56.20	61.9	3	18.1
1337.471	29.84	3.02	90.21	4.68	11.98	56.13	62.2	3	18.1
1337.616	29.78	3.04	90.61	4.70	12.00	56.36	62.2	3	18.1
1337.677	29.69	3.04	90.23	4.68	12.00	56.13	62.2	3	18.1
1337.781	29.75	3.04	90.39	4.67	12.00	56.08	62.0	3	18.1
1337.926	29.67	3.05	90.43	4.66	12.05	56.08	62.0	3	18.1
1337.987	29.56	3.04	89.93	4.66	12.03	56.03	62.3	3	18.1
1338.091	29.70	3.05	90.60	4.64	12.03	55.87	61.7	3	18.1
1338.236	29.67	3.04	90.35	4.65	12.05	56.05	62.0	3	18.1
1338.297	29.71	3.04	90.41	4.66	12.04	56.16	62.1	3	18.1
1338.401	29.70	3.03	89.87	4.65	12.03	56.00	62.3	3	18.1
1338.546	29.82	3.04	90.76	4.69	12.03	56.49	62.2	3	18.1
1338.607	29.86	3.05	91.08	4.68	12.03	56.28	61.8	3	18.1
1338.711	29.83	3.04	90.54	4.67	12.01	56.10	62.0	3	18.1
1338.856	29.81	3.03	90.30	4.65	12.00	55.83	61.8	3	18.1
1338.917	29.81	3.03	90.40	4.66	12.00	55.94	61.9	3	18.1
1339.021	29.73	3.04	90.26	4.66	12.00	55.90	61.9	3	18.1
1339.166	29.81	3.04	90.49	4.66	11.99	55.94	61.8	3	18.1
1339.227	29.78	3.05	90.70	4.66	12.00	55.93	61.7	3	18.1
1339.331	29.70	3.03	90.06	4.67	12.00	56.08	62.3	3	18.1
1339.476	29.71	3.04	90.28	4.69	11.97	56.15	62.2	3	18.1
1339.537	29.74	3.04	90.38	4.68	11.95	55.90	61.9	3	18.1
1339.641	29.78	3.03	90.22	4.67	11.99	55.96	62.0	3	18.1
1339.786	29.89	3.03	90.64	4.68	12.01	56.15	62.0	3	18.1
1339.847	29.74	3.04	90.39	4.66	12.00	55.93	61.9	3	18.1
1339.951	29.72	3.05	90.67	4.62	12.00	55.50	61.2	3	18.1
1340.096	29.69	3.05	90.66	4.65	12.02	55.82	61.6	3	18.1
1340.157	29.67	3.05	90.40	4.64	12.00	55.66	61.6	3	18.1
1340.261	29.56	3.04	89.79	4.65	12.00	55.79	62.1	3	18.1
1340.406	29.84	3.04	90.78	4.68	12.00	56.16	61.9	3	18.1
1340.467	29.87	3.03	90.54	4.70	11.98	56.33	62.2	3	18.1
1340.571	29.80	3.03	90.44	4.70	11.97	56.21	62.2	3	18.1
1340.716	29.94	3.04	90.91	4.72	12.00	56.56	62.2	3	18.1
1340.777	29.95	3.04	90.92	4.71	11.97	56.38	62.0	3	18.1
1340.881	30.09	3.03	91.22	4.70	11.97	56.22	61.6	3	18.1
1341.026	29.91	3.03	90.65	4.71	11.96	56.35	62.2	3	18.1
1341.087	29.85	3.03	90.54	4.71	11.97	56.41	62.3	3	18.1
1341.191	29.90	3.04	90.84	4.70	11.98	56.26	61.9	3	18.1
1341.336	29.93	3.03	90.55	4.70	12.00	56.46	62.4	3	18.1
1341.397	29.90	3.03	90.72	4.67	12.00	56.11	61.8	3	18.1
1341.501	29.82	3.03	90.40	4.68	12.00	56.16	62.1	3	18.1
1341.646	29.85	3.03	90.50	4.68	12.01	56.20	62.1	3	18.1
1341.707	29.76	3.03	90.25	4.68	12.01	56.19	62.3	3	18.1
1341.811	29.83	3.03	90.23	4.69	12.01	56.36	62.5	3	18.1
1341.956	29.79	3.02	89.95	4.71	12.00	56.51	62.8	3	18.1
1342.017	29.89	3.02	90.38	4.72	12.00	56.57	62.6	3	18.1
1342.121	29.82	3.02	89.94	4.70	11.99	56.32	62.6	3	18.1
1342.266	29.86	3.04	90.67	4.67	12.00	56.03	61.8	3	18.1
1342.327	29.86	3.04	90.71	4.68	11.99	56.16	61.9	3	18.1
1342.431	29.87	3.04	90.66	4.66	11.99	55.87	61.6	3	18.1
1342.576	29.93	3.03	90.75	4.69	11.97	56.13	61.8	3	18.1
1342.637	29.89	3.03	90.60	4.70	11.98	56.36	62.2	3	18.1
1342.741	29.94	3.02	90.36	4.70	11.97	56.28	62.3	3	18.1
1342.886	29.96	3.02	90.46	4.70	11.98	56.31	62.3	3	18.1
1342.947	29.92	3.04	90.95	4.70	11.97	56.32	61.9	3	18.1
1343.051	29.85	3.04	90.73	4.68	11.99	56.07	61.8	3	18.1
1343.196	29.77	3.04	90.51	4.63	12.04	55.78	61.6	3	18.1
1343.257	29.79	3.04	90.49	4.63	12.04	55.73	61.6	3	18.1
1343.361	29.84	3.03	90.46	4.68	11.98	56.03	61.9	3	18.1
1343.506	30.03	3.03	91.00	4.70	11.96	56.18	61.7	3	18.1
1343.567	30.08	3.03	91.09	4.70	11.95	56.15	61.6	3	18.1
1343.671	30.04	3.02	90.70	4.71	11.95	56.30	62.1	3	18.1
1343.816	30.06	3.02	90.65	4.74	11.95	56.59	62.4	3	18.1
1343.877	30.06	3.01	90.63	4.74	11.94	56.55	62.4	3	18.1
1343.981	30.09	3.01	90.56	4.73	11.96	56.61	62.5	3	18.1
1344.126	29.95	3.02	90.52	4.68	11.99	56.08	62.0	3	18.1
1344.187	29.98	3.02	90.51	4.70	11.98	56.32	62.2	3	18.1
1344.291	30.04	3.02	90.60	4.73	11.96	56.55	62.4	3	18.1
1344.436	30.07	3.02	90.76	4.72	11.96	56.42	62.2	3	18.1
1344.497	30.09	3.02	90.94	4.73	11.92	56.40	62.0	3	18.1
1344.601	30.13	3.01	90.78	4.74	11.95	56.69	62.4	3	18.1
1344.746	30.25	3.01	90.92	4.79	11.92	57.13	62.8	3	18.1
1344.807	30.39	3.01	91.43	4.79	11.89	56.91	62.3	3	18.1
1344.911	30.36	3.00	91.15	4.79	11.91	57.07	62.6	3	18.1
1345.056	30.60	3.00	91.75	4.89	11.81	57.76	63.0	3	18.1
1345.117	30.26	3.01	91.17	4.77	11.90	56.79	62.3	3	18.1
1345.221	29.93	3.02	90.49	4.69	11.99	56.19	62.1	3	18.1
1345.366	29.70	3.03	89.95	4.68	12.00	56.14	62.4	3	18.1
1345.427	29.63	3.03	89.75	4.64	12.02	55.77	62.1	3	18.1
1345.531	29.47	3.04	89.50	4.63	12.05	55.77	62.3	3	18.1
1345.676	29.70	3.02	89.80	4.68	12.03	56.31	62.7	3	18.1
1345.737	29.89	3.03	90.53	4.70	12.02	56.48	62.4	3	18.1
1345.841	31.48	2.86	90.13	5.15	11.24	57.86	64.2	3	18.1
1345.986	33.59	2.60	87.26	5.77	10.19	58.76	67.3	3	18.1
1346.047	33.83	2.56	86.65	5.83	10.07	58.78	67.8	3	18.1
1346.151	33.78	2.59	87.48	5.85	10.19	59.65	68.2	3	18.1
1346.296	33.00	2.71	89.33	5.62	10.69	60.11	67.3	3	18.1
1346.357	32.95	2.74	90.16	5.58	10.78	60.17	66.7	3	18.1
1346.461	32.89	2.76	90.65	5.51	10.88	60.01	66.2	3	18.1
1346.606	32.77	2.77	90.82	5.51	10.90	60.02	66.1	3	18.1
1346.667	32.67	2.78	90.81	5.47	10.93	59.83	65.9	3	18.1
1346.771	32.70	2.76	90.16	5.50	10.90	59.95	66.5	3	18.1
1346.916	32.71	2.78	90.83	5.46	10.95	59.83	65.9	3	18.1
1346.977	32.75	2.78	91.00	5.48	10.93	59.92	65.8	3	18.1
1347.081	32.66	2.78	90.79	5.49	10.93	59.99	66.1	3	18.1
1347.226	32.67	2.79	91.16	5.47	10.95	59.96	65.8	3	18.1
1347.287	32.70	2.78	90.76	5.48	10.93	59.90	66.0	3	18.1
1347.391	32.66	2.78	90.68	5.50	10.92	60.03	66.2	3	18.1
1347.536	32.76	2.76	90.55	5.50	10.87	59.79	66.0	3	18.1
1347.597	32.70	2.77	90.51	5.49	10.87	59.73	66.0	3	18.1
1347.701	32.56	2.78	90.50	5.44	10.93	59.47	65.7	3	18.1
1347.846	32.72	2.78	90.91	5.45	10.95	59.63	65.6	3	18.1
1347.907	32.54	2.80	91.20	5.40	11.07	59.79	65.6	3	18.1
1348.011	32.28	2.82	90.98	5.38	11.12	59.88	65.8	3	18.1
1348.156	32.41	2.83	91.76	5.37	11.17	60.02	65.4	3	18.1
1348.217	32.43	2.84	91.95	5.38	11.14	59.96	65.2	3	18.1
1348.321	32.37	2.83	91.52	5.39	11.15	60.11	65.7	3	18.1
1348.466	32.41	2.81	91.03	5.39	11.14	60.07	66.0	3	18.1
1348.527	32.34	2.80	90.71	5.42	11.10	60.15	66.3	3	18.1
1348.631	32.44	2.79	90.59	5.42	11.03	59.77	66.0	3	18.1
1348.776	33.13	2.71	89.63	5.66	10.60	59.99	66.9	3	18.1
1348.837	32.98	2.74	90.25	5.58	10.79	60.15	66.6	3	18.1
1348.941	32.24	2.84	91.49	5.31	11.20	59.54	65.1	3	18.1
1349.086	32.31	2.84	91.66	5.35	11.15	59.59	65.0	3	18.1
1349.147	32.80	2.75	90.07	5.54	10.78	59.70	66.3	3	18.1
1349.251	32.60	2.76	90.09	5.50	10.84	59.64	66.2	3	18.1
1349.396	33.81	2.55	86.23	5.92	9.89	58.61	68.0	3	18.1
1349.456	34.14	2.45	83.74	6.04	9.64	58.22	69.5	3	18.1
1349.560	34.78	2.30	79.87	6.28	8.97	56.37	70.6	3	18.1
1349.705	35.26	2.17	76.54	6.41	8.63	55.35	72.3	3	18.1
1349.765	35.43	2.14	75.86	6.52	8.39	54.67	72.1	3	18.1
1349.869	35.57	2.08	73.84	6.61	8.04	53.13	72.0	3	18.1
1350.014	35.72	2.02	72.08	6.67	7.88	52.56	72.9	3	18.1
1350.074	35.65	2.04	72.90	6.65	7.99	53.13	72.9	3	18.1
1350.178	35.72	2.03	72.55	6.68	7.91	52.88	72.9	3	18.1
1350.323	35.81	2.01	72.13	6.70	7.87	52.70	73.1	3	18.1
1350.383	35.76	2.03	72.49	6.67	7.95	53.01	73.1	3	18.1
1350.487	35.74	2.04	72.93	6.68	7.91	52.85	72.5	3	18.1
1350.632	35.94	2.07	74.21	6.72	7.80	52.36	70.5	3	18.1
1350.692	35.86	2.05	73.47	6.71	7.82	52.48	71.4	3	18.1
1350.796	35.74	2.01	71.92	6.71	7.80	52.36	72.8	3	18.1
1350.941	35.80	2.02	72.38	6.65	7.92	52.68	72.8	3	18.1
1351.001	35.75	2.01	71.98	6.70	7.78	52.16	72.5	3	18.1
1351.105	35.79	1.98	70.81	6.69	7.72	51.60	72.9	3	18.1
1351.250	35.66	2.01	71.80	6.71	7.74	51.98	72.4	3	18.1
1351.310	35.68	2.01	71.74	6.72	7.73	51.95	72.4	3	18.1
1351.414	35.70	2.03	72.32	6.69	7.87	52.68	72.8	3	18.1
1351.559	35.75	2.04	73.07	6.69	7.98	53.39	73.1	3	18.1
1351.619	35.79	2.00	71.58	6.73	7.82	52.64	73.5	3	18.1
1351.723	35.78	2.01	71.91	6.72	7.74	52.04	72.4	3	18.1
1351.868	35.71	2.01	71.79	6.72	7.80	52.46	73.1	3	18.1
1351.928	35.67	2.01	71.71	6.69	7.83	52.41	73.1	3	18.1
1352.032	35.62	2.03	72.17	6.65	7.98	53.07	73.5	3	18.1
1352.177	35.68	2.04	72.82	6.68	7.96	53.14	73.0	3	18.1
1352.237	35.73	2.02	72.18	6.71	7.79	52.30	72.5	3	18.1
1352.341	35.76	1.99	71.20	6.74	7.79	52.54	73.8	3	18.1
1352.486	35.78	2.01	71.75	6.67	7.88	52.57	73.3	3	18.1
1352.546	35.74	2.00	71.53	6.63	7.95	52.65	73.6	3	18.1
1352.650	35.71	2.01	71.69	6.69	7.84	52.43	73.1	3	18.1
1352.795	35.83	2.03	72.89	6.70	7.79	52.14	71.5	3	18.1
1352.855	35.77	2.04	73.14	6.71	7.82	52.47	71.7	3	18.1
1352.959	35.83	2.03	72.85	6.71	7.86	52.70	72.3	3	18.1
1353.104	35.88	2.01	72.07	6.73	7.75	52.15	72.4	3	18.1
1353.164	35.86	2.01	72.00	6.72	7.73	51.96	72.2	3	18.1
1353.268	35.86	2.02	72.26	6.73	7.73	52.02	72.0	3	18.1
1353.413	35.81	2.03	72.53	6.67	7.83	52.28	72.1	3	18.1
1353.473	35.82	1.99	71.42	6.69	7.77	51.97	72.8	3	18.1
1353.577	35.86	1.99	71.34	6.69	7.76	51.93	72.8	3	18.1
1353.722	35.70	2.00	71.53	6.69	7.79	52.13	72.9	3	18.1
1353.782	35.75	2.03	72.43	6.68	7.79	52.01	71.8	3	18.1
1353.886	35.83	1.99	71.27	6.72	7.68	51.63	72.4	3	18.1
1354.031	35.82	1.98	70.96	6.73	7.70	51.77	73.0	3	18.1
1354.091	35.75	2.00	71.36	6.75	7.78	52.48	73.5	3	18.1
1354.195	35.67	2.05	73.12	6.71	7.87	52.86	72.3	3	18.1
1354.340	35.65	2.02	72.18	6.68	7.89	52.74	73.1	3	18.1
1354.400	35.60	2.01	71.72	6.69	7.86	52.60	73.3	3	18.1
1354.504	35.61	2.05	72.98	6.67	7.81	52.07	71.3	3	18.1
1354.649	35.70	2.06	73.59	6.63	8.00	53.05	72.1	3	18.1
1354.709	35.72	2.04	72.90	6.66	7.91	52.73	72.3	3	18.1
1354.813	35.62	2.04	72.76	6.64	7.97	52.91	72.7	3	18.1
1354.958	35.71	2.01	71.83	6.68	7.84	52.37	72.9	3	18.1
1355.018	35.67	2.01	71.86	6.70	7.86	52.67	73.3	3	18.1
1355.122	35.71	2.02	72.17	6.69	7.80	52.14	72.2	3	18.1
1355.267	35.63	2.06	73.28	6.61	8.11	53.64	73.2	3	18.1
1355.327	35.71	2.03	72.47	6.66	7.96	53.01	73.1	3	18.1
1355.431	35.68	2.02	72.08	6.69	7.87	52.61	73.0	3	18.1
1355.576	35.61	2.06	73.26	6.67	8.01	53.48	73.0	3	18.1
1355.636	35.77	2.01	72.06	6.69	7.90	52.84	73.3	3	18.1
1355.740	35.68	2.02	72.18	6.67	7.87	52.44	72.7	3	18.1
1355.885	35.64	2.04	72.88	6.65	8.08	53.76	73.8	3	18.1
1355.945	35.61	2.03	72.23	6.68	7.95	53.10	73.5	3	18.1
1356.049	35.57	2.04	72.49	6.66	7.95	52.96	73.1	3	18.1
1356.194	35.55	2.06	73.14	6.64	8.00	53.12	72.6	3	18.1
1356.254	35.53	2.05	72.71	6.67	7.97	53.17	73.1	3	18.1
1356.358	35.74	2.04	72.83	6.69	7.94	53.06	72.9	3	18.1
1356.503	35.65	2.06	73.41	6.66	8.02	53.42	72.8	3	18.1
1356.563	35.50	2.05	72.64	6.67	8.00	53.34	73.4	3	18.1
1356.667	35.50	2.05	72.67	6.65	8.01	53.28	73.3	3	18.1
1356.812	35.66	2.08	74.02	6.68	7.99	53.37	72.1	3	18.1
1356.872	35.69	2.03	72.59	6.67	7.93	52.89	72.9	3	18.1
1356.976	35.68	2.02	72.20	6.67	7.88	52.53	72.7	3	18.1
1357.121	35.66	2.08	74.00	6.61	8.11	53.57	72.4	3	18.1
1357.181	35.90	2.04	73.25	6.67	7.89	52.62	71.8	3	18.1
1357.285	35.75	2.05	73.18	6.63	8.00	53.05	72.5	3	18.1
1357.430	35.69	2.05	73.05	6.65	7.99	53.16	72.8	3	18.1
1357.490	35.62	2.05	72.89	6.70	7.88	52.78	72.4	3	18.1
1357.594	35.73	2.04	72.91	6.66	7.96	53.05	72.8	3	18.1
1357.739	35.68	2.01	71.86	6.67	8.02	53.50	74.4	3	18.1
1357.799	35.64	2.03	72.20	6.65	8.09	53.81	74.5	3	18.1
1357.903	35.61	2.03	72.44	6.69	7.90	52.84	72.9	3	18.1
1358.048	35.69	2.06	73.50	6.64	8.14	53.99	73.5	3	18.1
1358.108	35.85	2.00	71.64	6.68	7.88	52.68	73.5	3	18.1
1358.212	35.72	2.02	72.15	6.69	7.89	52.79	73.2	3	18.1
1358.357	35.63	2.05	73.14	6.67	7.95	53.05	72.5	3	18.1
1358.417	35.60	2.07	73.74	6.63	8.11	53.77	72.9	3	18.1
1358.521	35.58	2.06	73.39	6.62	8.05	53.31	72.6	3	18.1
1358.666	35.59	2.10	74.76	6.67	8.10	53.99	72.2	3	18.1
1358.726	35.57	2.11	74.94	6.60	8.23	54.34	72.5	3	18.1
1358.830	35.61	2.10	74.69	6.59	8.29	54.67	73.2	3	18.1
1358.975	35.57	2.12	75.40	6.61	8.20	54.21	71.9	3	18.1
1359.035	35.67	2.07	73.93	6.63	8.05	53.34	72.2	3	18.1
1359.139	35.74	2.06	73.78	6.61	8.10	53.61	72.7	3	18.1
1359.284	35.68	2.09	74.49	6.68	7.96	53.14	71.3	3	18.1
1359.344	35.77	2.04	73.15	6.70	7.78	52.15	71.3	3	18.1
1359.448	35.71	2.05	73.19	6.73	7.61	51.23	70.0	3	18.1
1359.593	35.68	2.07	73.77	6.71	7.77	52.19	70.7	3	18.1
1359.653	35.53	2.11	74.91	6.66	8.09	53.84	71.9	3	18.1
1359.757	35.63	2.08	74.04	6.64	8.14	54.03	73.0	3	18.1
1359.902	35.66	2.07	73.71	6.62	8.18	54.15	73.5	3	18.1
1359.962	35.56	2.11	74.89	6.59	8.22	54.12	72.3	3	18.1
1360.066	35.66	2.05	72.93	6.66	7.94	52.86	72.5	3	18.1
1360.211	35.64	2.02	72.17	6.65	7.95	52.84	73.2	3	18.1
1360.271	35.72	2.01	71.96	6.70	7.81	52.35	72.8	3	18.1
1360.375	35.64	2.05	73.00	6.73	7.74	52.12	71.4	3	18.1
1360.520	35.67	2.08	74.10	6.73	7.76	52.25	70.5	3	18.1
1360.580	35.61	2.06	73.34	6.72	7.78	52.30	71.3	3	18.1
1360.684	35.50	2.06	73.28	6.66	8.03	53.42	72.9	3	18.1
1360.829	35.80	2.04	73.15	6.68	7.85	52.44	71.7	3	18.1
1360.889	35.50	2.10	74.67	6.66	7.92	52.77	70.7	3	18.1
1360.993	35.49	2.11	74.79	6.66	7.89	52.57	70.3	3	18.1
1361.138	35.62	2.08	74.08	6.72	7.80	52.38	70.7	3	18.1
1361.198	35.70	2.07	73.83	6.65	7.88	52.41	71.0	3	18.1
1361.302	35.70	2.04	72.83	6.63	7.96	52.84	72.6	3	18.1
1361.447	35.67	2.03	72.41	6.70	7.77	52.06	71.9	3	18.1
1361.507	35.55	2.03	72.23	6.72	7.75	52.05	72.1	3	18.1
1361.611	35.56	2.05	72.84	6.65	8.09	53.79	73.9	3	18.1
1361.756	35.63	2.09	74.63	6.57	8.37	54.93	73.6	3	18.1
1361.816	35.62	2.11	74.99	6.57	8.32	54.71	73.0	3	18.1
1361.920	35.52	2.11	75.10	6.61	8.23	54.42	72.5	3	18.1
1362.065	35.67	2.07	73.74	6.62	8.13	53.84	73.0	3	18.1
1362.125	35.58	2.11	75.08	6.57	8.34	54.77	72.9	3	18.1
1362.229	35.57	2.10	74.82	6.57	8.30	54.57	72.9	3	18.1
1362.374	35.50	2.09	74.17	6.70	7.91	53.03	71.5	3	18.1
1362.434	35.33	2.13	75.33	6.68	7.97	53.25	70.7	3	18.1
1362.538	35.34	2.10	74.33	6.75	7.81	52.74	71.0	3	18.1
1362.683	35.52	2.13	75.78	6.60	8.32	54.94	72.5	3	18.1
1362.743	35.52	2.10	74.61	6.61	8.23	54.37	72.9	3	18.1
1362.847	35.44	2.11	74.76	6.59	8.20	54.03	72.3	3	18.1
1362.992	35.56	2.10	74.86	6.60	8.23	54.29	72.5	3	18.1
1363.052	35.65	2.08	74.32	6.61	8.13	53.76	72.3	3	18.1
1363.156	35.57	2.10	74.70	6.56	8.29	54.41	72.8	3	18.1
1363.301	35.64	2.10	74.90	6.57	8.28	54.42	72.7	3	18.1
1363.361	35.52	2.12	75.32	6.53	8.36	54.62	72.5	3	18.1
1363.465	35.56	2.10	74.64	6.56	8.28	54.38	72.9	3	18.1
1363.610	35.50	2.11	74.95	6.59	8.21	54.10	72.2	3	18.1
1363.670	35.51	2.11	74.83	6.54	8.32	54.47	72.8	3	18.1
1363.774	35.69	2.06	73.39	6.67	7.96	53.09	72.3	3	18.1
1363.919	35.73	2.08	74.43	6.64	8.11	53.85	72.3	3	18.1
1363.979	35.70	2.07	73.87	6.63	8.09	53.65	72.6	3	18.1
1364.083	35.60	2.10	74.61	6.58	8.30	54.60	73.2	3	18.1
1364.228	35.60	2.07	73.56	6.63	8.10	53.74	73.0	3	18.1
1364.288	35.66	2.07	73.81	6.61	8.03	53.14	72.0	3	18.1
1364.392	35.63	2.08	74.09	6.64	8.05	53.44	72.1	3	18.1
1364.537	35.39	2.10	74.49	6.58	8.26	54.32	72.9	3	18.1
1364.597	35.48	2.09	74.06	6.59	8.29	54.58	73.7	3	18.1
1364.701	35.47	2.08	73.90	6.66	8.06	53.68	72.6	3	18.1
1364.846	35.64	2.04	72.71	6.68	7.90	52.78	72.6	3	18.1
1364.906	35.53	2.09	74.09	6.64	8.02	53.23	71.8	3	18.1
1365.010	35.54	2.10	74.72	6.59	8.24	54.26	72.6	3	18.1
1365.155	35.47	2.12	75.03	6.58	8.27	54.43	72.6	3	18.1
1365.215	35.62	2.09	74.43	6.59	8.22	54.17	72.8	3	18.1
1365.319	35.71	2.05	73.25	6.65	8.03	53.36	72.8	3	18.1
1365.464	35.83	2.06	73.67	6.66	8.00	53.29	72.3	3	18.1
1365.524	35.68	2.10	74.99	6.60	8.22	54.25	72.3	3	18.1
1365.628	35.72	2.07	73.87	6.60	8.17	53.96	73.0	3	18.1
1365.773	35.71	2.07	73.82	6.64	8.07	53.59	72.6	3	18.1
1365.833	35.74	2.04	72.81	6.63	7.96	52.76	72.5	3	18.1
1365.937	35.49	2.12	75.32	6.58	8.23	54.14	71.9	3	18.1
1366.082	35.43	2.13	75.36	6.56	8.34	54.73	72.6	3	18.1
1366.142	35.47	2.13	75.39	6.59	8.18	53.93	71.5	3	18.1
1366.246	35.51	2.12	75.38	6.56	8.36	54.79	72.7	3	18.1
1366.391	35.69	2.09	74.48	6.63	8.15	54.08	72.6	3	18.1
1366.451	35.66	2.08	74.11	6.62	8.21	54.35	73.3	3	18.1
1366.555	35.60	2.07	73.64	6.64	8.04	53.38	72.5	3	18.1
1366.700	35.69	2.11	75.19	6.58	8.24	54.22	72.1	3	18.1
1366.760	35.54	2.10	74.55	6.59	8.18	53.94	72.4	3	18.1
1366.864	35.55	2.07	73.68	6.59	8.14	53.64	72.8	3	18.1
1367.009	35.61	2.09	74.43	6.60	8.17	53.98	72.5	3	18.1
1367.069	35.56	2.12	75.51	6.58	8.23	54.17	71.7	3	18.1
1367.173	35.39	2.12	75.16	6.58	8.29	54.52	72.5	3	18.1
1367.318	35.62	2.07	73.68	6.63	8.09	53.67	72.9	3	18.1
1367.378	35.70	2.05	73.08	6.69	7.87	52.62	72.0	3	18.1
1367.482	35.55	2.07	73.61	6.64	7.99	53.09	72.1	3	18.1
1367.627	35.44	2.14	75.76	6.60	8.27	54.56	72.0	3	18.1
1367.687	35.53	2.13	75.51	6.59	8.27	54.49	72.2	3	18.1
1367.791	35.61	2.06	73.42	6.65	7.99	53.12	72.4	3	18.1
1367.936	35.46	2.11	74.85	6.59	8.23	54.23	72.4	3	18.1
1367.996	35.47	2.10	74.65	6.60	8.15	53.82	72.1	3	18.1
1368.100	35.58	2.09	74.53	6.63	8.07	53.50	71.8	3	18.1
1368.245	35.53	2.11	74.88	6.60	8.16	53.91	72.0	3	18.1
1368.305	35.31	2.12	74.73	6.55	8.30	54.35	72.7	3	18.1
1368.409	35.67	2.09	74.66	6.61	8.12	53.60	71.8	3	18.1
1368.554	35.39	2.13	75.32	6.58	8.26	54.39	72.2	3	18.1
1368.614	35.40	2.13	75.32	6.57	8.36	54.93	72.9	3	18.1
1368.718	35.58	2.08	74.07	6.61	8.13	53.75	72.6	3	18.1
1368.863	35.69	2.09	74.63	6.63	8.12	53.86	72.2	3	18.1
1368.923	35.63	2.11	75.01	6.60	8.28	54.63	72.8	3	18.1
1369.027	35.38	2.11	74.73	6.59	8.23	54.26	72.6	3	18.1
1369.172	35.50	2.10	74.70	6.62	8.17	54.05	72.4	3	18.1
1369.232	35.41	2.11	74.74	6.60	8.16	53.89	72.1	3	18.1
1369.336	35.39	2.09	74.07	6.62	8.12	53.74	72.5	3	18.1
1369.481	35.65	2.07	73.71	6.65	8.03	53.40	72.4	3	18.1
1369.541	35.48	2.11	74.85	6.56	8.33	54.68	73.1	3	18.1
1369.645	35.57	2.10	74.71	6.57	8.25	54.16	72.5	3	18.1
1369.790	35.52	2.10	74.47	6.57	8.20	53.84	72.3	3	18.1
1369.850	35.60	2.11	75.17	6.57	8.23	54.07	71.9	3	18.1
1369.954	35.56	2.11	74.93	6.61	8.10	53.52	71.4	3	18.1
1370.099	35.52	2.09	74.07	6.67	8.14	54.27	73.3	3	18.1
1370.159	35.43	2.10	74.46	6.63	8.23	54.58	73.3	3	18.1
1370.263	35.54	2.07	73.45	6.64	8.05	53.43	72.7	3	18.1
1370.408	35.52	2.09	74.17	6.59	8.17	53.80	72.5	3	18.1
1370.468	35.46	2.10	74.55	6.62	8.13	53.81	72.2	3	18.1
1370.572	35.53	2.12	75.39	6.58	8.27	54.42	72.2	3	18.1
1370.717	35.57	2.10	74.60	6.59	8.24	54.32	72.8	3	18.1
1370.777	35.57	2.09	74.41	6.60	8.20	54.13	72.7	3	18.1
1370.881	35.51	2.12	75.29	6.56	8.31	54.55	72.5	3	18.1
1371.026	35.62	2.12	75.68	6.58	8.29	54.50	72.0	3	18.1
1371.086	35.56	2.10	74.79	6.60	8.21	54.20	72.5	3	18.1
1371.190	35.45	2.12	75.10	6.58	8.23	54.17	72.1	3	18.1
1371.335	35.49	2.11	74.92	6.57	8.28	54.43	72.6	3	18.1
1371.395	35.52	2.10	74.48	6.56	8.32	54.59	73.3	3	18.1
1371.499	35.50	2.11	74.82	6.59	8.26	54.45	72.8	3	18.1
1371.644	35.42	2.11	74.86	6.59	8.20	54.06	72.2	3	18.1
1371.704	35.51	2.12	75.10	6.56	8.18	53.67	71.5	3	18.1
1371.808	35.63	2.05	73.07	6.61	8.08	53.43	73.1	3	18.1
1371.953	35.59	2.13	75.85	6.56	8.26	54.25	71.5	3	18.1
1372.013	35.45	2.14	75.82	6.57	8.28	54.43	71.8	3	18.1
1372.117	35.49	2.13	75.65	6.56	8.27	54.31	71.8	3	18.1
1372.262	35.45	2.10	74.32	6.57	8.33	54.72	73.6	3	18.1
1372.322	35.39	2.12	75.02	6.60	8.20	54.11	72.1	3	18.1
1372.426	35.40	2.13	75.58	6.58	8.26	54.35	71.9	3	18.1
1372.571	35.47	2.14	75.94	6.57	8.29	54.48	71.7	3	18.1
1372.631	35.50	2.11	75.07	6.59	8.22	54.18	72.2	3	18.1
1372.735	35.53	2.13	75.57	6.57	8.26	54.29	71.8	3	18.1
1372.880	35.59	2.09	74.56	6.61	8.16	53.97	72.4	3	18.1
1372.940	35.47	2.08	73.84	6.58	8.24	54.25	73.5	3	18.1
1373.044	35.54	2.10	74.77	6.59	8.23	54.24	72.5	3	18.1
1373.189	35.35	2.09	73.99	6.59	8.17	53.86	72.8	3	18.1
1373.249	35.31	2.13	75.25	6.52	8.35	54.46	72.4	3	18.1
1373.353	35.30	2.14	75.67	6.54	8.39	54.87	72.5	3	18.1
1373.498	35.37	2.13	75.42	6.56	8.31	54.57	72.4	3	18.1
1373.558	35.42	2.10	74.44	6.57	8.24	54.13	72.7	3	18.1
1373.662	35.49	2.11	75.03	6.58	8.16	53.71	71.6	3	18.1
1373.807	35.48	2.13	75.43	6.58	8.21	54.07	71.7	3	18.1
1373.867	35.49	2.10	74.40	6.60	8.18	53.99	72.6	3	18.1
1373.971	35.60	2.08	74.08	6.63	8.11	53.82	72.7	3	18.1
1374.116	35.37	2.12	75.13	6.55	8.37	54.79	72.9	3	18.1
1374.176	35.42	2.10	74.43	6.57	8.22	54.00	72.6	3	18.1
1374.280	35.50	2.12	75.34	6.57	8.27	54.33	72.1	3	18.1
1374.425	35.50	2.12	75.09	6.57	8.24	54.15	72.1	3	18.1
1374.485	35.52	2.11	74.78	6.59	8.20	54.02	72.2	3	18.1
1374.589	35.46	2.10	74.55	6.57	8.20	53.92	72.3	3	18.1
1374.734	35.45	2.13	75.48	6.58	8.33	54.82	72.6	3	18.1
1374.794	35.53	2.12	75.22	6.58	8.25	54.25	72.1	3	18.1
1374.898	35.36	2.13	75.38	6.58	8.30	54.60	72.4	3	18.1
1375.043	35.60	2.10	74.85	6.62	8.15	53.96	72.1	3	18.1
1375.103	35.51	2.12	75.23	6.57	8.30	54.55	72.5	3	18.1
1375.207	35.52	2.10	74.48	6.60	8.15	53.82	72.3	3	18.1
1375.352	35.55	2.11	75.17	6.62	8.20	54.34	72.3	3	18.1
1375.412	35.48	2.13	75.44	6.61	8.21	54.27	71.9	3	18.1
1375.516	35.48	2.12	75.18	6.59	8.24	54.28	72.2	3	18.1
1375.661	35.50	2.12	75.17	6.58	8.37	55.06	73.2	3	18.1
1375.721	35.46	2.11	74.90	6.58	8.28	54.48	72.7	3	18.1
1375.825	35.39	2.13	75.44	6.55	8.32	54.53	72.3	3	18.1
1375.970	35.43	2.14	75.88	6.54	8.36	54.66	72.0	3	18.1
1376.030	35.43	2.12	75.16	6.57	8.28	54.45	72.4	3	18.1
1376.134	35.47	2.11	74.83	6.57	8.20	53.86	72.0	3	18.1
1376.279	35.32	2.14	75.67	6.54	8.36	54.73	72.3	3	18.1
1376.339	35.34	2.13	75.21	6.55	8.35	54.71	72.7	3	18.1
1376.443	35.40	2.14	75.67	6.52	8.38	54.62	72.2	3	18.1
1376.588	35.50	2.12	75.27	6.56	8.26	54.17	72.0	3	18.1
1376.648	35.61	2.10	74.85	6.61	8.18	54.10	72.3	3	18.1
1376.752	35.29	2.13	75.33	6.55	8.30	54.42	72.2	3	18.1
1376.897	35.45	2.11	74.92	6.56	8.25	54.13	72.3	3	18.1
1376.957	35.43	2.11	74.93	6.56	8.28	54.32	72.5	3	18.1
1377.061	35.47	2.13	75.40	6.56	8.34	54.70	72.5	3	18.1
1377.206	35.37	2.14	75.62	6.58	8.25	54.31	71.8	3	18.1
1377.266	35.28	2.13	75.27	6.55	8.32	54.55	72.5	3	18.1
1377.370	35.28	2.12	74.86	6.57	8.29	54.47	72.8	3	18.1
1377.515	35.48	2.14	75.82	6.59	8.27	54.47	71.8	3	18.1
1377.575	35.40	2.16	76.60	6.53	8.43	55.06	71.9	3	18.1
1377.679	35.44	2.12	75.02	6.56	8.29	54.38	72.5	3	18.1
1377.824	35.36	2.16	76.27	6.50	8.54	55.51	72.8	3	18.1
1377.884	35.40	2.12	74.92	6.55	8.33	54.56	72.8	3	18.1
1377.988	35.49	2.16	76.57	6.50	8.43	54.82	71.6	3	18.1
1378.133	35.59	2.12	75.49	6.56	8.22	53.89	71.4	3	18.1
1378.193	35.58	2.10	74.66	6.56	8.19	53.75	72.0	3	18.1
1378.297	35.34	2.12	74.90	6.55	8.25	54.06	72.2	3	18.1
1378.442	35.42	2.13	75.57	6.57	8.27	54.34	71.9	3	18.1
1378.502	35.42	2.12	75.02	6.61	8.14	53.86	71.8	3	18.1
1378.606	35.35	2.14	75.55	6.53	8.44	55.11	72.9	3	18.1
1378.751	35.34	2.14	75.70	6.55	8.33	54.54	72.1	3	18.1
1378.811	35.49	2.12	75.08	6.58	8.20	53.92	71.8	3	18.1
1378.915	35.40	2.14	75.91	6.56	8.26	54.17	71.4	3	18.1
1379.060	35.43	2.13	75.42	6.56	8.35	54.75	72.6	3	18.1
1379.120	35.33	2.15	75.85	6.53	8.42	55.02	72.5	3	18.1
1379.224	35.39	2.15	76.11	6.51	8.47	55.13	72.4	3	18.1
1379.369	35.50	2.16	76.57	6.55	8.33	54.58	71.3	3	18.1
1379.429	35.46	2.14	76.00	6.52	8.40	54.74	72.0	3	18.1
1379.533	35.51	2.11	74.84	6.56	8.26	54.18	72.4	3	18.1
1379.678	35.46	2.12	75.16	6.58	8.31	54.65	72.7	3	18.1
1379.738	35.39	2.15	76.21	6.51	8.47	55.12	72.3	3	18.1
1379.842	35.44	2.13	75.49	6.56	8.26	54.14	71.7	3	18.1
1379.987	35.46	2.14	75.78	6.52	8.43	54.95	72.5	3	18.1
1380.047	35.51	2.12	75.43	6.56	8.32	54.58	72.4	3	18.1
1380.151	35.46	2.16	76.49	6.54	8.30	54.25	70.9	3	18.1
1380.296	35.56	2.14	76.02	6.57	8.28	54.37	71.5	3	18.1
1380.356	35.54	2.12	75.44	6.59	8.22	54.19	71.8	3	18.1
1380.460	35.32	2.14	75.46	6.55	8.31	54.46	72.2	3	18.1
1380.605	35.49	2.13	75.51	6.55	8.36	54.73	72.5	3	18.1
1380.665	35.53	2.13	75.68	6.55	8.29	54.30	71.7	3	18.1
1380.769	35.43	2.14	75.99	6.54	8.31	54.32	71.5	3	18.1
1380.914	35.27	2.14	75.32	6.53	8.33	54.36	72.2	3	18.1
1380.974	35.30	2.14	75.72	6.53	8.35	54.51	72.0	3	18.1
1381.078	35.39	2.17	76.93	6.49	8.48	55.08	71.6	3	18.1
1381.223	35.44	2.14	75.77	6.56	8.33	54.69	72.2	3	18.1
1381.283	35.37	2.13	75.27	6.52	8.39	54.74	72.7	3	18.1
1381.387	35.28	2.15	76.00	6.54	8.39	54.85	72.2	3	18.1
1381.532	35.39	2.13	75.32	6.58	8.17	53.78	71.4	3	18.1
1381.592	35.13	2.15	75.62	6.52	8.42	54.91	72.6	3	18.1
1381.696	35.39	2.12	74.96	6.55	8.24	53.94	72.0	3	18.1
1381.841	35.45	2.14	75.73	6.56	8.30	54.45	71.9	3	18.1
1381.901	35.42	2.15	76.09	6.55	8.34	54.65	71.8	3	18.1
1382.005	35.44	2.13	75.63	6.58	8.26	54.36	71.9	3	18.1
1382.150	35.30	2.15	75.93	6.51	8.45	54.94	72.4	3	18.1
1382.210	35.23	2.14	75.27	6.52	8.35	54.48	72.4	3	18.1
1382.314	35.28	2.14	75.33	6.53	8.42	55.00	73.0	3	18.1
1382.459	35.48	2.14	76.09	6.53	8.38	54.70	71.9	3	18.1
1382.519	35.48	2.12	75.17	6.53	8.37	54.64	72.7	3	18.1
1382.623	35.45	2.12	75.28	6.53	8.37	54.69	72.6	3	18.1
1382.768	35.44	2.15	76.13	6.52	8.40	54.76	71.9	3	18.1
1382.828	35.43	2.15	76.10	6.53	8.43	55.00	72.3	3	18.1
1382.932	35.48	2.10	74.68	6.58	8.17	53.75	72.0	3	18.1
1383.077	35.50	2.13	75.65	6.52	8.42	54.91	72.6	3	18.1
1383.137	35.41	2.13	75.40	6.53	8.33	54.43	72.2	3	18.1
1383.241	35.50	2.11	74.90	6.54	8.30	54.31	72.5	3	18.1
1383.386	35.47	2.12	75.27	6.50	8.38	54.48	72.4	3	18.1
1383.446	35.36	2.13	75.46	6.50	8.50	55.29	73.3	3	18.1
1383.550	35.51	2.12	75.21	6.57	8.24	54.16	72.0	3	18.1
1383.695	35.40	2.16	76.28	6.56	8.27	54.23	71.1	3	18.1
1383.755	35.31	2.15	75.94	6.56	8.23	54.06	71.2	3	18.1
1383.859	35.14	2.17	76.19	6.51	8.40	54.67	71.8	3	18.1
1384.004	35.42	2.13	75.55	6.56	8.21	53.89	71.3	3	18.1
1384.064	35.31	2.13	75.37	6.53	8.30	54.15	71.8	3	18.1
1384.168	35.36	2.16	76.35	6.52	8.42	54.88	71.9	3	18.1
1384.313	35.48	2.17	76.89	6.56	8.34	54.68	71.1	3	18.1
1384.373	35.42	2.15	76.27	6.57	8.29	54.43	71.4	3	18.1
1384.477	35.45	2.15	76.05	6.56	8.29	54.39	71.5	3	18.1
1384.622	35.36	2.16	76.40	6.53	8.43	55.05	72.1	3	18.1
1384.682	35.35	2.15	76.11	6.54	8.38	54.76	71.9	3	18.1
1384.786	35.40	2.16	76.36	6.54	8.43	55.17	72.2	3	18.1
1384.931	35.46	2.14	75.73	6.54	8.26	54.03	71.3	3	18.1
1384.991	35.47	2.11	74.90	6.55	8.24	53.94	72.0	3	18.1
1385.095	35.45	2.12	75.17	6.51	8.38	54.53	72.5	3	18.1
1385.240	35.47	2.14	76.07	6.54	8.34	54.57	71.7	3	18.1
1385.300	35.48	2.11	74.88	6.58	8.22	54.09	72.2	3	18.1
1385.404	35.45	2.09	74.21	6.58	8.16	53.74	72.4	3	18.1
1385.549	35.31	2.15	76.02	6.57	8.23	54.07	71.1	3	18.1
1385.609	35.33	2.12	75.07	6.58	8.24	54.24	72.3	3	18.1
1385.713	35.38	2.12	75.14	6.58	8.23	54.10	72.0	3	18.1
1385.858	35.41	2.14	75.84	6.51	8.33	54.29	71.6	3	18.1
1385.918	35.35	2.14	75.54	6.56	8.22	53.98	71.5	3	18.1
1386.022	35.43	2.11	74.60	6.58	8.13	53.50	71.7	3	18.1
1386.167	35.45	2.10	74.49	6.57	8.26	54.29	72.9	3	18.1
1386.227	35.33	2.12	74.90	6.53	8.32	54.36	72.6	3	18.1
1386.331	35.33	2.10	74.34	6.55	8.26	54.08	72.8	3	18.1
1386.476	35.35	2.11	74.72	6.58	8.26	54.39	72.8	3	18.1
1386.536	35.38	2.11	74.75	6.58	8.19	53.92	72.1	3	18.1
1386.640	35.31	2.14	75.41	6.53	8.36	54.62	72.4	3	18.1
1386.785	35.33	2.15	76.12	6.51	8.48	55.17	72.5	3	18.1
1386.845	35.45	2.12	75.03	6.55	8.27	54.20	72.2	3	18.1
1386.949	35.32	2.14	75.64	6.58	8.27	54.42	71.9	3	18.1
1387.094	35.49	2.14	76.08	6.58	8.23	54.17	71.2	3	18.1
1387.154	35.31	2.12	74.79	6.58	8.21	54.01	72.2	3	18.1
1387.258	35.27	2.14	75.61	6.54	8.35	54.59	72.2	3	18.1
1387.403	35.35	2.13	75.32	6.53	8.48	55.33	73.4	3	18.1
1387.463	35.35	2.15	76.06	6.54	8.46	55.29	72.7	3	18.1
1387.567	35.41	2.14	75.60	6.59	8.25	54.40	72.0	3	18.1
1387.712	35.35	2.14	75.75	6.51	8.44	54.94	72.5	3	18.1
1387.772	35.47	2.12	75.14	6.57	8.26	54.26	72.2	3	18.1
1387.876	35.35	2.13	75.33	6.57	8.30	54.52	72.4	3	18.1
1388.021	35.43	2.13	75.51	6.61	8.25	54.52	72.2	3	18.1
1388.081	35.57	2.10	74.71	6.62	8.08	53.54	71.7	3	18.1
1388.185	35.54	2.13	75.72	6.56	8.25	54.11	71.5	3	18.1
1388.330	35.45	2.13	75.65	6.56	8.27	54.31	71.8	3	18.1
1388.390	35.51	2.11	75.00	6.58	8.24	54.22	72.3	3	18.1
1388.494	35.44	2.14	75.67	6.59	8.21	54.10	71.5	3	18.1
1388.639	35.39	2.12	75.13	6.56	8.25	54.13	72.0	3	18.1
1388.699	35.48	2.12	75.24	6.55	8.31	54.44	72.4	3	18.1
1388.803	35.33	2.12	74.80	6.54	8.32	54.39	72.7	3	18.1
1388.948	35.35	2.14	75.72	6.54	8.45	55.23	72.9	3	18.1
1389.008	35.45	2.13	75.58	6.56	8.34	54.69	72.4	3	18.1
1389.112	35.56	2.12	75.37	6.57	8.29	54.40	72.2	3	18.1
1389.257	35.39	2.14	75.76	6.54	8.35	54.66	72.1	3	18.1
1389.317	35.46	2.11	74.84	6.56	8.22	53.92	72.1	3	18.1
1389.421	35.62	2.08	74.13	6.62	8.11	53.74	72.5	3	18.1
1389.566	35.50	2.10	74.44	6.59	8.21	54.14	72.7	3	18.1
1389.626	35.46	2.09	73.99	6.56	8.24	54.07	73.1	3	18.1
1389.730	35.54	2.10	74.58	6.56	8.19	53.71	72.0	3	18.1
1389.875	35.51	2.12	75.36	6.55	8.32	54.47	72.3	3	18.1
1389.935	35.51	2.13	75.66	6.57	8.28	54.39	71.9	3	18.1
1390.039	35.44	2.15	76.03	6.56	8.33	54.62	71.8	3	18.1
1390.184	35.43	2.14	75.83	6.57	8.35	54.87	72.4	3	18.1
1390.244	35.44	2.13	75.56	6.57	8.28	54.45	72.1	3	18.1
1390.348	35.22	2.13	75.11	6.55	8.37	54.84	73.0	3	18.1
1390.493	35.62	2.10	74.72	6.62	8.12	53.71	71.9	3	18.1
1390.553	35.46	2.14	75.86	6.54	8.36	54.63	72.0	3	18.1
1390.657	35.24	2.15	75.72	6.55	8.33	54.52	72.0	3	18.1
1390.802	35.50	2.10	74.38	6.54	8.18	53.49	71.9	3	18.1
1390.862	35.46	2.11	74.69	6.52	8.29	54.00	72.3	3	18.1
1390.966	35.64	2.08	74.24	6.59	8.13	53.56	72.2	3	18.1
1391.111	35.53	2.12	75.37	6.56	8.26	54.19	71.9	3	18.1
1391.171	35.55	2.10	74.51	6.60	8.17	53.89	72.3	3	18.1
1391.275	35.43	2.12	75.18	6.57	8.23	54.07	71.9	3	18.1
1391.420	35.38	2.12	74.86	6.53	8.31	54.25	72.5	3	18.1
1391.480	35.41	2.12	75.00	6.55	8.22	53.90	71.9	3	18.1
1391.584	35.46	2.14	75.82	6.56	8.31	54.58	72.0	3	18.1
1391.729	35.54	2.13	75.79	6.56	8.36	54.87	72.4	3	18.1
1391.789	35.52	2.09	74.33	6.61	8.18	54.06	72.7	3	18.1
1391.893	35.43	2.14	75.73	6.61	8.22	54.31	71.7	3	18.1
1392.038	35.48	2.11	74.77	6.58	8.24	54.20	72.5	3	18.1
1392.098	35.48	2.12	75.16	6.58	8.26	54.35	72.3	3	18.1
1392.202	35.54	2.08	74.03	6.61	8.13	53.74	72.6	3	18.1
1392.347	35.48	2.10	74.34	6.57	8.23	54.12	72.8	3	18.1
1392.407	35.44	2.12	75.27	6.55	8.34	54.59	72.5	3	18.1
1392.511	35.27	2.13	75.23	6.55	8.34	54.57	72.5	3	18.1
1392.656	35.32	2.12	75.01	6.57	8.28	54.41	72.5	3	18.1
1392.716	35.41	2.12	75.05	6.56	8.31	54.51	72.6	3	18.1
1392.820	35.39	2.11	74.56	6.55	8.34	54.66	73.3	3	18.1
1392.965	35.58	2.12	75.48	6.61	8.22	54.32	72.0	3	18.1
1393.025	35.52	2.12	75.32	6.58	8.26	54.39	72.2	3	18.1
1393.129	35.47	2.11	74.75	6.57	8.32	54.67	73.1	3	18.1
1393.274	35.45	2.15	76.34	6.56	8.33	54.60	71.5	3	18.1
1393.334	35.56	2.11	75.18	6.59	8.22	54.17	72.1	3	18.1
1393.438	35.37	2.12	74.83	6.56	8.36	54.84	73.3	3	18.1
1393.583	35.32	2.14	75.76	6.57	8.27	54.36	71.7	3	18.1
1393.643	35.38	2.13	75.32	6.56	8.32	54.58	72.5	3	18.1
1393.747	35.40	2.16	76.40	6.54	8.35	54.66	71.5	3	18.1
1393.892	35.58	2.10	74.61	6.59	8.17	53.80	72.1	3	18.1
1393.952	35.48	2.14	75.87	6.56	8.30	54.43	71.7	3	18.1
1394.056	35.41	2.12	75.00	6.58	8.22	54.05	72.1	3	18.1
1394.201	35.49	2.10	74.65	6.55	8.18	53.59	71.8	3	18.1
1394.261	35.39	2.13	75.33	6.52	8.35	54.47	72.3	3	18.1
1394.365	35.42	2.14	75.71	6.55	8.30	54.42	71.9	3	18.1
1394.510	35.35	2.15	76.04	6.52	8.38	54.66	71.9	3	18.1
1394.570	35.43	2.10	74.46	6.54	8.28	54.15	72.7	3	18.1
1394.674	35.45	2.15	76.04	6.50	8.50	55.26	72.7	3	18.1
1394.819	35.34	2.14	75.54	6.54	8.34	54.52	72.2	3	18.1
1394.879	35.62	2.10	74.79	6.57	8.23	54.06	72.3	3	18.1
1394.983	35.44	2.13	75.50	6.54	8.34	54.55	72.3	3	18.1
1395.128	35.44	2.13	75.56	6.56	8.28	54.30	71.9	3	18.1
1395.188	35.43	2.16	76.61	6.53	8.34	54.49	71.1	3	18.1
1395.292	35.43	2.14	75.76	6.57	8.20	53.82	71.0	3	18.1
1395.437	35.34	2.14	75.52	6.53	8.33	54.45	72.1	3	18.1
1395.497	35.36	2.13	75.45	6.52	8.32	54.25	71.9	3	18.1
1395.601	35.35	2.12	75.11	6.54	8.28	54.14	72.1	3	18.1
1395.746	35.38	2.13	75.34	6.57	8.25	54.21	72.0	3	18.1
1395.806	35.36	2.13	75.31	6.56	8.34	54.65	72.6	3	18.1
1395.910	35.36	2.12	75.09	6.57	8.23	54.08	72.0	3	18.1
1396.055	35.50	2.11	75.07	6.56	8.22	53.88	71.8	3	18.1
1396.115	35.35	2.13	75.21	6.56	8.27	54.25	72.1	3	18.1
1396.219	35.41	2.11	74.68	6.57	8.23	54.07	72.4	3	18.1
1396.364	35.58	2.14	76.31	6.53	8.36	54.63	71.6	3	18.1
1396.424	35.49	2.12	75.26	6.53	8.34	54.49	72.4	3	18.1
1396.528	35.46	2.13	75.59	6.56	8.37	54.92	72.7	3	18.1
1396.673	35.39	2.14	75.75	6.53	8.46	55.28	73.0	3	18.1
1396.733	35.40	2.11	74.70	6.55	8.27	54.19	72.5	3	18.1
1396.837	35.46	2.13	75.45	6.55	8.26	54.11	71.7	3	18.1
1396.982	35.47	2.15	76.22	6.50	8.48	55.12	72.3	3	18.1
1397.042	35.52	2.11	74.99	6.56	8.30	54.44	72.6	3	18.1
1397.146	35.51	2.09	74.16	6.56	8.19	53.71	72.4	3	18.1
1397.291	35.42	2.16	76.34	6.53	8.44	55.11	72.2	3	18.1
1397.351	35.48	2.14	75.91	6.54	8.33	54.44	71.7	3	18.1
1397.455	35.34	2.15	76.04	6.53	8.39	54.73	72.0	3	18.1
1397.600	35.56	2.12	75.32	6.54	8.34	54.59	72.5	3	18.1
1397.660	35.49	2.12	75.07	6.50	8.47	55.02	73.3	3	18.1
1397.764	35.33	2.15	75.80	6.57	8.39	55.09	72.7	3	18.1
1397.909	35.49	2.11	74.91	6.58	8.31	54.72	73.0	3	18.1
1397.969	35.40	2.15	76.25	6.56	8.37	54.91	72.0	3	18.1
1398.073	35.31	2.11	74.39	6.56	8.30	54.43	73.2	3	18.1
1398.218	35.40	2.11	74.64	6.61	8.15	53.87	72.2	3	18.1
1398.278	35.35	2.13	75.16	6.56	8.30	54.51	72.5	3	18.1
1398.382	35.25	2.14	75.34	6.55	8.31	54.42	72.2	3	18.1
1398.527	35.47	2.12	75.31	6.49	8.41	54.64	72.6	3	18.1
1398.587	35.43	2.12	75.06	6.52	8.34	54.34	72.4	3	18.1
1398.691	35.38	2.12	75.11	6.55	8.31	54.43	72.5	3	18.1
1398.836	35.49	2.10	74.51	6.58	8.20	53.95	72.4	3	18.1
1398.896	35.39	2.13	75.31	6.55	8.33	54.56	72.5	3	18.1
1399.000	35.36	2.12	75.10	6.54	8.34	54.58	72.7	3	18.1
1399.145	35.31	2.14	75.75	6.49	8.42	54.65	72.1	3	18.1
1399.205	35.48	2.09	74.28	6.57	8.19	53.80	72.4	3	18.1
1399.309	35.47	2.09	74.23	6.58	8.21	54.00	72.7	3	18.1
1399.454	35.36	2.14	75.59	6.51	8.40	54.67	72.3	3	18.1
1399.514	35.40	2.14	75.61	6.56	8.26	54.14	71.6	3	18.1
1399.618	35.42	2.13	75.49	6.57	8.31	54.56	72.3	3	18.1
1399.763	35.46	2.14	75.93	6.54	8.26	53.96	71.1	3	18.1
1399.823	35.50	2.13	75.58	6.56	8.24	54.03	71.5	3	18.1
1399.927	35.64	2.10	74.93	6.60	8.21	54.16	72.3	3	18.1
1400.072	35.37	2.16	76.30	6.50	8.44	54.87	71.9	3	18.1
1400.132	35.38	2.14	75.63	6.52	8.33	54.31	71.8	3	18.1
1400.236	35.25	2.13	75.05	6.55	8.38	54.89	73.1	3	18.1
1400.381	35.37	2.13	75.34	6.52	8.34	54.36	72.2	3	18.1
1400.441	35.31	2.13	75.09	6.54	8.36	54.64	72.8	3	18.1
1400.545	35.34	2.15	75.96	6.51	8.51	55.40	72.9	3	18.1
1400.690	35.55	2.14	75.92	6.52	8.42	54.89	72.3	3	18.1
1400.750	35.49	2.13	75.60	6.53	8.33	54.39	72.0	3	18.1
1400.854	35.40	2.15	76.15	6.52	8.33	54.33	71.3	3	18.1
1400.999	35.50	2.14	76.08	6.52	8.34	54.42	71.5	3	18.1
1401.059	35.41	2.14	75.66	6.57	8.28	54.46	72.0	3	18.1
1401.163	35.41	2.11	74.87	6.56	8.22	53.92	72.0	3	18.1
1401.308	35.42	2.12	75.17	6.56	8.23	54.00	71.8	3	18.1
1401.368	35.37	2.17	76.63	6.52	8.39	54.65	71.3	3	18.1
1401.472	35.36	2.13	75.29	6.54	8.25	53.98	71.7	3	18.1
1401.617	35.35	2.12	74.92	6.53	8.36	54.57	72.8	3	18.1
1401.677	35.34	2.13	75.24	6.52	8.38	54.71	72.7	3	18.1
1401.781	35.42	2.11	74.82	6.56	8.19	53.75	71.8	3	18.1
1401.926	35.37	2.12	74.83	6.54	8.25	53.92	72.1	3	18.1
1401.986	35.42	2.10	74.54	6.52	8.33	54.33	72.9	3	18.1
1402.090	35.32	2.14	75.60	6.54	8.40	54.89	72.6	3	18.1
1402.235	35.45	2.15	76.16	6.50	8.46	55.01	72.2	3	18.1
1402.295	35.43	2.12	74.94	6.52	8.42	54.86	73.2	3	18.1
1402.399	35.40	2.14	75.64	6.51	8.41	54.75	72.4	3	18.1
1402.544	35.36	2.13	75.25	6.52	8.41	54.86	72.9	3	18.1
1402.604	35.47	2.08	73.87	6.59	8.16	53.76	72.8	3	18.1
1402.708	35.45	2.11	74.64	6.57	8.28	54.37	72.8	3	18.1
1402.853	35.52	2.13	75.71	6.53	8.37	54.69	72.2	3	18.1
1402.913	35.45	2.12	75.00	6.55	8.27	54.17	72.2	3	18.1
1403.017	35.46	2.12	75.07	6.54	8.23	53.81	71.7	3	18.1
1403.162	35.66	2.12	75.63	6.52	8.28	54.02	71.4	3	18.1
1403.222	35.50	2.14	76.13	6.51	8.34	54.26	71.3	3	18.1
1403.326	35.41	2.13	75.41	6.55	8.27	54.16	71.8	3	18.1
1403.471	35.66	2.11	75.23	6.55	8.24	53.99	71.8	3	18.1
1403.531	35.45	2.15	76.23	6.51	8.36	54.41	71.4	3	18.1
1403.635	35.46	2.12	75.34	6.54	8.27	54.09	71.8	3	18.1
1403.780	35.37	2.13	75.19	6.52	8.31	54.13	72.0	3	18.1
1403.840	35.49	2.11	75.02	6.54	8.28	54.15	72.2	3	18.1
1403.944	35.39	2.14	75.58	6.55	8.29	54.34	71.9	3	18.1
1404.089	35.53	2.15	76.44	6.52	8.41	54.81	71.7	3	18.1
1404.149	35.59	2.12	75.51	6.54	8.34	54.50	72.2	3	18.1
1404.253	35.51	2.13	75.47	6.52	8.32	54.28	71.9	3	18.1
1404.398	35.35	2.14	75.80	6.54	8.37	54.70	72.2	3	18.1
1404.458	35.34	2.14	75.73	6.53	8.36	54.57	72.1	3	18.1
1404.562	35.39	2.13	75.47	6.52	8.40	54.79	72.6	3	18.1
1404.707	35.63	2.11	75.04	6.55	8.30	54.33	72.4	3	18.1
1404.767	35.51	2.12	75.25	6.54	8.33	54.43	72.3	3	18.1
1404.871	35.49	2.12	75.10	6.57	8.22	53.99	71.9	3	18.1
1405.016	35.46	2.13	75.46	6.55	8.33	54.54	72.3	3	18.1
1405.076	35.53	2.08	74.08	6.60	8.10	53.46	72.2	3	18.1
1405.180	35.29	2.11	74.43	6.59	8.22	54.19	72.8	3	18.1
1405.325	35.37	2.15	76.21	6.53	8.43	55.02	72.2	3	18.1
1405.385	35.26	2.14	75.45	6.54	8.33	54.50	72.2	3	18.1
1405.489	35.25	2.14	75.53	6.53	8.43	55.01	72.8	3	18.1
1405.634	35.34	2.15	76.08	6.52	8.39	54.73	71.9	3	18.1
1405.694	35.40	2.13	75.31	6.55	8.26	54.11	71.9	3	18.1
1405.798	35.39	2.12	75.11	6.59	8.21	54.03	71.9	3	18.1
1405.943	35.30	2.15	76.04	6.54	8.37	54.69	71.9	3	18.1
1406.003	35.33	2.14	75.68	6.57	8.24	54.17	71.6	3	18.1
1406.107	35.27	2.14	75.42	6.53	8.33	54.42	72.2	3	18.1
1406.252	35.35	2.15	76.15	6.52	8.38	54.66	71.8	3	18.1
1406.312	35.52	2.12	75.47	6.54	8.31	54.36	72.0	3	18.1
1406.416	35.46	2.12	75.06	6.58	8.15	53.62	71.4	3	18.1
1406.561	35.49	2.13	75.56	6.49	8.45	54.82	72.6	3	18.1
1406.621	35.42	2.14	75.84	6.52	8.44	55.01	72.5	3	18.1
1406.725	35.36	2.14	75.59	6.55	8.31	54.50	72.1	3	18.1
1406.870	35.30	2.12	74.76	6.53	8.30	54.24	72.6	3	18.1
1406.930	35.32	2.10	74.29	6.57	8.16	53.59	72.1	3	18.1
1407.034	35.27	2.11	74.43	6.53	8.24	53.80	72.3	3	18.1
1407.179	35.20	2.13	74.87	6.51	8.35	54.33	72.6	3	18.1
1407.239	35.15	2.15	75.39	6.49	8.40	54.47	72.3	3	18.1
1407.343	35.29	2.13	75.34	6.58	8.20	53.94	71.6	3	18.1
1407.488	35.35	2.14	75.55	6.53	8.34	54.40	72.0	3	18.1
1407.548	35.35	2.13	75.35	6.51	8.28	53.92	71.6	3	18.1
1407.652	35.47	2.09	74.14	6.55	8.16	53.48	72.1	3	18.1
1407.797	35.46	2.11	74.90	6.57	8.26	54.22	72.4	3	18.1
1407.857	35.37	2.14	75.78	6.55	8.31	54.47	71.9	3	18.1
1407.961	35.41	2.12	74.98	6.53	8.33	54.42	72.6	3	18.1
1408.106	35.29	2.09	73.85	6.55	8.34	54.66	74.0	3	18.1
1408.166	35.34	2.13	75.41	6.53	8.42	54.94	72.9	3	18.1
1408.270	35.39	2.11	74.80	6.53	8.37	54.62	73.0	3	18.1
1408.415	35.41	2.11	74.81	6.57	8.30	54.57	72.9	3	18.1
1408.475	35.25	2.12	74.63	6.54	8.31	54.37	72.9	3	18.1
1408.579	35.32	2.12	74.97	6.55	8.30	54.35	72.5	3	18.1
1408.724	35.45	2.12	75.26	6.55	8.31	54.44	72.3	3	18.1
1408.784	35.40	2.12	74.93	6.56	8.25	54.07	72.2	3	18.1
1408.888	35.50	2.08	73.93	6.59	8.08	53.29	72.1	3	18.1
1409.033	35.53	2.12	75.24	6.57	8.25	54.23	72.1	3	18.1
1409.093	35.46	2.12	75.09	6.54	8.35	54.65	72.8	3	18.1
1409.197	35.35	2.10	74.18	6.57	8.17	53.67	72.3	3	18.1
1409.342	35.42	2.10	74.45	6.55	8.18	53.64	72.0	3	18.1
1409.402	35.30	2.14	75.48	6.52	8.27	53.90	71.4	3	18.1
1409.506	35.37	2.14	75.56	6.56	8.21	53.83	71.2	3	18.1
1409.651	35.47	2.13	75.43	6.52	8.34	54.34	72.0	3	18.1
1409.711	35.41	2.11	74.88	6.56	8.23	53.96	72.1	3	18.1
1409.815	35.38	2.12	75.02	6.56	8.21	53.87	71.8	3	18.1
1409.960	35.41	2.10	74.32	6.61	8.24	54.50	73.3	3	18.1
1410.020	35.29	2.10	74.28	6.59	8.28	54.61	73.5	3	18.1
1410.124	35.44	2.08	73.74	6.60	8.12	53.59	72.7	3	18.1
1410.269	35.38	2.13	75.29	6.51	8.37	54.51	72.4	3	18.1
1410.329	35.51	2.09	74.14	6.56	8.15	53.47	72.1	3	18.1
1410.433	35.46	2.11	74.68	6.57	8.18	53.77	72.0	3	18.1
1410.578	35.51	2.12	75.35	6.52	8.24	53.76	71.3	3	18.1
1410.638	35.69	2.07	74.00	6.60	8.08	53.30	72.0	3	18.1
1410.742	35.56	2.08	73.92	6.62	8.06	53.35	72.2	3	18.1
1410.887	35.47	2.11	74.97	6.56	8.22	53.97	72.0	3	18.1
1410.947	35.45	2.09	73.93	6.60	8.12	53.56	72.4	3	18.1
1411.051	35.42	2.09	74.03	6.62	8.07	53.41	72.1	3	18.1
1411.196	35.45	2.11	74.78	6.55	8.25	54.08	72.3	3	18.1
1411.256	35.50	2.11	75.06	6.57	8.15	53.56	71.4	3	18.1
1411.360	35.48	2.09	74.05	6.58	8.07	53.16	71.8	3	18.1
1411.505	35.26	2.13	75.21	6.53	8.32	54.36	72.3	3	18.1
1411.565	35.27	2.14	75.43	6.53	8.27	53.99	71.6	3	18.1
1411.669	35.48	2.10	74.36	6.56	8.19	53.71	72.2	3	18.1
1411.814	35.37	2.11	74.72	6.55	8.23	53.89	72.1	3	18.1
1411.874	35.41	2.09	74.09	6.54	8.21	53.74	72.5	3	18.1
1411.978	35.40	2.09	73.99	6.56	8.15	53.48	72.3	3	18.1
1412.123	35.40	2.11	74.85	6.59	8.18	53.89	72.0	3	18.1
1412.183	35.48	2.07	73.61	6.58	8.16	53.70	72.9	3	18.1
1412.287	35.33	2.12	74.89	6.53	8.26	53.91	72.0	3	18.1
1412.432	35.57	2.10	74.64	6.51	8.25	53.73	72.0	3	18.1
1412.492	35.33	2.10	74.20	6.55	8.24	53.98	72.7	3	18.1
1412.596	35.39	2.09	73.87	6.57	8.09	53.19	72.0	3	18.1
1412.741	35.38	2.12	74.86	6.51	8.31	54.13	72.3	3	18.1
1412.801	35.39	2.11	74.61	6.55	8.23	53.86	72.2	3	18.1
1412.905	35.42	2.11	74.84	6.57	8.21	53.93	72.1	3	18.1
1413.050	35.42	2.12	75.10	6.53	8.28	54.13	72.1	3	18.1
1413.110	35.44	2.10	74.51	6.55	8.18	53.58	71.9	3	18.1
1413.214	35.52	2.07	73.54	6.60	8.05	53.16	72.3	3	18.1
1413.359	35.41	2.11	74.76	6.53	8.36	54.59	73.0	3	18.1
1413.419	35.43	2.10	74.56	6.55	8.21	53.76	72.1	3	18.1
1413.523	35.41	2.11	74.54	6.57	8.17	53.67	72.0	3	18.1
1413.668	35.29	2.12	74.73	6.58	8.11	53.35	71.4	3	18.1
1413.728	35.36	2.10	74.08	6.58	8.12	53.40	72.1	3	18.1
1413.832	35.37	2.12	74.83	6.58	8.17	53.80	71.9	3	18.1
1413.977	35.41	2.11	74.56	6.55	8.16	53.45	71.7	3	18.1
1414.037	35.38	2.13	75.31	6.54	8.25	53.95	71.6	3	18.1
1414.141	35.39	2.12	74.89	6.54	8.22	53.75	71.8	3	18.1
1414.286	35.49	2.10	74.57	6.59	8.14	53.63	71.9	3	18.1
1414.346	35.33	2.16	76.35	6.54	8.34	54.56	71.5	3	18.1
1414.450	35.30	2.12	74.73	6.57	8.24	54.13	72.4	3	18.1
1414.595	35.58	2.07	73.74	6.62	8.06	53.35	72.4	3	18.1
1414.655	35.51	2.11	74.80	6.59	8.20	54.02	72.2	3	18.1
1414.759	35.41	2.11	74.69	6.56	8.25	54.12	72.5	3	18.1
1414.904	35.44	2.09	74.22	6.58	8.16	53.74	72.4	3	18.1
1414.964	35.35	2.12	75.04	6.53	8.34	54.44	72.5	3	18.1
1415.068	35.40	2.10	74.25	6.59	8.15	53.71	72.3	3	18.1
1415.213	35.47	2.12	75.30	6.56	8.31	54.48	72.3	3	18.1
1415.273	35.50	2.09	74.31	6.57	8.17	53.68	72.2	3	18.1
1415.377	35.52	2.10	74.59	6.54	8.28	54.17	72.6	3	18.1
1415.522	35.39	2.10	74.35	6.54	8.27	54.07	72.7	3	18.1
1415.582	35.45	2.10	74.58	6.56	8.14	53.37	71.6	3	18.1
1415.686	35.41	2.11	74.64	6.53	8.24	53.84	72.1	3	18.1
1415.831	35.40	2.12	75.21	6.55	8.30	54.35	72.3	3	18.1
1415.891	35.41	2.15	76.04	6.53	8.38	54.75	72.0	3	18.1
1415.995	35.46	2.11	74.88	6.58	8.15	53.69	71.7	3	18.1
1416.140	35.39	2.09	74.07	6.56	8.11	53.24	71.9	3	18.1
1416.200	35.33	2.12	74.99	6.50	8.28	53.83	71.8	3	18.1
1416.304	35.36	2.12	74.96	6.54	8.32	54.48	72.7	3	18.1
1416.449	35.37	2.09	73.94	6.57	8.27	54.32	73.5	3	18.1
1416.509	35.36	2.12	75.12	6.58	8.24	54.16	72.1	3	18.1
1416.613	35.42	2.11	74.65	6.59	8.23	54.22	72.6	3	18.1
1416.758	35.47	2.11	74.70	6.57	8.18	53.79	72.0	3	18.1
1416.818	35.32	2.15	76.11	6.49	8.43	54.68	71.8	3	18.1
1416.922	35.45	2.14	75.80	6.55	8.20	53.73	70.9	3	18.1
1417.067	35.51	2.11	75.04	6.55	8.26	54.08	72.1	3	18.1
1417.127	35.58	2.10	74.80	6.57	8.15	53.56	71.6	3	18.1
1417.231	35.29	2.14	75.69	6.57	8.21	53.95	71.3	3	18.1
1417.376	35.37	2.13	75.19	6.60	8.19	54.08	71.9	3	18.1
1417.436	35.45	2.12	75.02	6.59	8.17	53.87	71.8	3	18.1
1417.540	35.30	2.14	75.59	6.54	8.27	54.04	71.5	3	18.1
1417.685	35.28	2.14	75.66	6.51	8.44	54.94	72.6	3	18.1
1417.745	35.37	2.13	75.43	6.53	8.36	54.58	72.4	3	18.1
1417.849	35.31	2.15	75.83	6.50	8.44	54.84	72.3	3	18.1
1417.994	35.45	2.15	76.06	6.56	8.30	54.41	71.5	3	18.1
1418.054	35.37	2.13	75.41	6.61	8.15	53.81	71.4	3	18.1
1418.158	35.21	2.15	75.76	6.54	8.42	55.06	72.7	3	18.1
1418.303	35.55	2.13	75.78	6.59	8.22	54.21	71.5	3	18.1
1418.363	35.39	2.14	75.57	6.57	8.24	54.14	71.6	3	18.1
1418.467	35.42	2.11	74.58	6.57	8.18	53.79	72.1	3	18.1
1418.612	35.44	2.11	74.76	6.58	8.17	53.83	72.0	3	18.1
1418.672	35.26	2.15	75.97	6.53	8.32	54.37	71.6	3	18.1
1418.776	35.35	2.14	75.83	6.54	8.23	53.89	71.1	3	18.1
1418.921	35.56	2.11	74.89	6.54	8.22	53.77	71.8	3	18.1
1418.981	35.33	2.11	74.68	6.54	8.22	53.80	72.0	3	18.1
1419.085	35.28	2.14	75.32	6.55	8.29	54.26	72.0	3	18.1
1419.230	35.27	2.14	75.53	6.57	8.21	54.00	71.5	3	18.1
1419.290	35.31	2.13	75.30	6.57	8.28	54.40	72.2	3	18.1
1419.394	35.25	2.13	75.17	6.61	8.18	54.04	71.9	3	18.1
1419.539	35.30	2.17	76.44	6.52	8.43	54.95	71.9	3	18.1
1419.599	35.38	2.12	75.03	6.54	8.27	54.12	72.1	3	18.1
1419.703	35.44	2.10	74.42	6.56	8.16	53.54	71.9	3	18.1
1419.848	35.41	2.11	74.74	6.57	8.17	53.67	71.8	3	18.1
1419.908	35.28	2.15	75.99	6.49	8.33	54.08	71.2	3	18.1
1420.012	35.39	2.13	75.49	6.56	8.21	53.87	71.4	3	18.1
1420.157	35.22	2.14	75.51	6.51	8.35	54.41	72.1	3	18.1
1420.217	35.38	2.12	74.84	6.54	8.25	54.00	72.1	3	18.1
1420.321	35.21	2.15	75.55	6.52	8.32	54.26	71.8	3	18.1
1420.466	35.35	2.12	75.03	6.52	8.34	54.40	72.5	3	18.1
1420.526	35.40	2.09	73.98	6.55	8.15	53.39	72.2	3	18.1
1420.630	35.36	2.14	75.66	6.52	8.28	54.03	71.4	3	18.1
1420.775	35.33	2.12	74.88	6.61	8.18	54.09	72.2	3	18.1
1420.835	35.29	2.13	75.13	6.57	8.23	54.10	72.0	3	18.1
1420.939	35.40	2.10	74.20	6.57	8.21	53.90	72.6	3	18.1
1421.084	35.21	2.13	75.08	6.53	8.31	54.28	72.3	3	18.1
1421.144	35.22	2.15	75.83	6.53	8.31	54.30	71.6	3	18.1
1421.248	35.33	2.13	75.23	6.55	8.26	54.08	71.9	3	18.1
1421.393	35.27	2.13	75.01	6.56	8.17	53.62	71.5	3	18.1
1421.453	35.31	2.15	75.85	6.52	8.27	53.97	71.2	3	18.1
1421.557	35.51	2.12	75.12	6.56	8.18	53.69	71.5	3	18.1
1421.702	35.38	2.13	75.45	6.54	8.31	54.31	72.0	3	18.1
1421.762	35.42	2.13	75.51	6.54	8.28	54.17	71.7	3	18.1
1421.866	35.42	2.13	75.49	6.54	8.28	54.11	71.7	3	18.1
1422.011	35.43	2.12	75.25	6.56	8.22	53.89	71.6	3	18.1
1422.071	35.37	2.13	75.16	6.55	8.23	53.91	71.7	3	18.1
1422.175	35.29	2.15	75.73	6.51	8.34	54.25	71.6	3	18.1
1422.320	35.31	2.17	76.71	6.54	8.35	54.60	71.2	3	18.1
1422.380	35.32	2.12	74.70	6.57	8.19	53.74	71.9	3	18.1
1422.484	35.30	2.14	75.37	6.53	8.25	53.89	71.5	3	18.1
1422.629	35.37	2.12	75.09	6.54	8.35	54.56	72.7	3	18.1
1422.689	35.33	2.13	75.25	6.53	8.33	54.37	72.2	3	18.1
1422.793	35.33	2.11	74.61	6.53	8.30	54.17	72.6	3	18.1
1422.938	35.39	2.11	74.72	6.54	8.32	54.44	72.8	3	18.1
1422.998	35.41	2.10	74.36	6.59	8.20	54.05	72.7	3	18.1
1423.102	35.35	2.14	75.48	6.48	8.43	54.60	72.3	3	18.1
1423.247	35.39	2.14	75.56	6.51	8.33	54.21	71.7	3	18.1
1423.307	35.34	2.15	76.06	6.49	8.42	54.67	71.9	3	18.1
1423.411	35.40	2.15	75.94	6.52	8.32	54.25	71.4	3	18.1
1423.556	35.42	2.12	75.05	6.56	8.22	53.89	71.8	3	18.1
1423.616	35.46	2.13	75.69	6.53	8.30	54.25	71.7	3	18.1
1423.720	35.33	2.14	75.75	6.50	8.38	54.48	71.9	3	18.1
1423.865	35.28	2.17	76.51	6.48	8.48	54.99	71.9	3	18.1
1423.925	35.18	2.15	75.65	6.50	8.44	54.85	72.5	3	18.1
1424.029	35.36	2.14	75.77	6.52	8.44	55.05	72.7	3	18.1
1424.174	35.28	2.17	76.37	6.52	8.46	55.13	72.2	3	18.1
1424.234	35.34	2.15	75.99	6.53	8.35	54.58	71.8	3	18.1
1424.338	35.44	2.12	75.11	6.58	8.27	54.43	72.5	3	18.1
1424.483	35.40	2.13	75.26	6.53	8.38	54.77	72.8	3	18.1
1424.543	35.38	2.13	75.42	6.51	8.41	54.76	72.6	3	18.1
1424.647	35.41	2.15	76.01	6.54	8.30	54.23	71.3	3	18.1
1424.792	35.34	2.12	74.96	6.53	8.26	53.97	72.0	3	18.1
1424.852	35.26	2.12	74.88	6.54	8.24	53.89	72.0	3	18.1
1424.956	35.34	2.13	75.11	6.51	8.34	54.26	72.2	3	18.1
1425.101	35.32	2.14	75.67	6.51	8.41	54.78	72.4	3	18.1
1425.161	35.38	2.14	75.61	6.54	8.28	54.15	71.6	3	18.1
1425.265	35.27	2.15	75.90	6.49	8.45	54.83	72.2	3	18.1
1425.410	35.37	2.16	76.49	6.50	8.40	54.61	71.4	3	18.1
1425.470	35.54	2.11	74.95	6.56	8.16	53.53	71.4	3	18.1
1425.574	35.46	2.11	74.90	6.55	8.23	53.84	71.9	3	18.1
1425.719	35.39	2.15	75.95	6.49	8.35	54.17	71.3	3	18.1
1425.779	35.29	2.16	76.29	6.54	8.34	54.57	71.5	3	18.1
1425.883	35.31	2.15	75.88	6.51	8.37	54.48	71.8	3	18.1
1426.028	35.44	2.12	75.11	6.56	8.21	53.90	71.8	3	18.1
1426.088	35.30	2.17	76.74	6.50	8.36	54.36	70.8	3	18.1
1426.192	35.43	2.13	75.48	6.53	8.22	53.67	71.1	3	18.1
1426.337	35.35	2.13	75.12	6.53	8.29	54.17	72.1	3	18.1
1426.397	35.47	2.13	75.58	6.55	8.22	53.82	71.2	3	18.1
1426.501	35.32	2.13	75.39	6.48	8.29	53.77	71.3	3	18.1
1426.646	35.36	2.14	75.81	6.50	8.39	54.50	71.9	3	18.1
1426.706	35.28	2.14	75.46	6.51	8.26	53.76	71.2	3	18.1
1426.810	35.31	2.14	75.71	6.50	8.32	54.06	71.4	3	18.1
1426.955	35.48	2.12	75.35	6.53	8.27	54.02	71.7	3	18.1
1427.015	35.34	2.15	75.89	6.52	8.43	54.94	72.4	3	18.1
1427.119	35.30	2.17	76.56	6.50	8.43	54.82	71.6	3	18.1
1427.264	35.39	2.16	76.44	6.48	8.40	54.44	71.2	3	18.1
1427.324	35.39	2.13	75.36	6.56	8.16	53.49	71.0	3	18.1
1427.428	35.46	2.13	75.44	6.55	8.19	53.68	71.1	3	18.1
1427.573	35.40	2.14	75.74	6.54	8.27	54.04	71.3	3	18.1
1427.633	35.34	2.15	75.99	6.50	8.41	54.66	71.9	3	18.1
1427.737	35.29	2.15	76.01	6.50	8.39	54.50	71.7	3	18.1
1427.882	35.36	2.14	75.54	6.54	8.21	53.64	71.0	3	18.1
1427.942	35.31	2.17	76.75	6.49	8.39	54.49	71.0	3	18.1
1428.046	35.37	2.15	75.96	6.52	8.34	54.38	71.6	3	18.1
1428.191	35.36	2.15	75.97	6.53	8.28	54.05	71.1	3	18.1
1428.251	35.36	2.15	76.17	6.50	8.35	54.31	71.3	3	18.1
1428.355	35.38	2.12	75.13	6.54	8.23	53.81	71.6	3	18.1
1428.500	35.38	2.12	75.02	6.54	8.23	53.85	71.8	3	18.1
1428.560	35.35	2.13	75.35	6.52	8.36	54.52	72.4	3	18.1
1428.664	35.23	2.16	75.96	6.50	8.37	54.40	71.6	3	18.1
1428.809	35.39	2.14	75.67	6.53	8.27	53.97	71.3	3	18.1
1428.869	35.29	2.14	75.68	6.54	8.23	53.87	71.2	3	18.1
1428.973	35.04	2.16	75.70	6.53	8.29	54.15	71.5	3	18.1
1429.118	35.25	2.16	75.98	6.50	8.43	54.77	72.1	3	18.1
1429.178	35.31	2.15	75.88	6.52	8.36	54.44	71.7	3	18.1
1429.282	35.25	2.15	75.68	6.55	8.29	54.29	71.7	3	18.1
1429.427	35.17	2.18	76.51	6.47	8.50	55.02	71.9	3	18.1
1429.487	35.24	2.15	75.93	6.48	8.46	54.82	72.2	3	18.1
1429.591	35.35	2.16	76.53	6.51	8.42	54.78	71.6	3	18.1
1429.736	35.31	2.15	75.84	6.49	8.42	54.65	72.1	3	18.1
1429.796	35.21	2.18	76.59	6.43	8.61	55.37	72.3	3	18.1
1429.900	35.48	2.11	74.70	6.54	8.24	53.91	72.2	3	18.1
1430.045	35.32	2.16	76.44	6.49	8.35	54.14	70.8	3	18.1
1430.105	35.35	2.14	75.78	6.51	8.27	53.82	71.0	3	18.1
1430.209	35.41	2.12	75.00	6.54	8.24	53.89	71.9	3	18.1
1430.354	35.31	2.14	75.67	6.58	8.32	54.69	72.3	3	18.1
1430.414	35.42	2.11	74.72	6.57	8.20	53.90	72.1	3	18.1
1430.518	35.24	2.18	76.67	6.48	8.44	54.66	71.3	3	18.1
1430.663	35.20	2.16	76.17	6.50	8.39	54.52	71.6	3	18.1
1430.723	35.33	2.11	74.68	6.53	8.35	54.55	73.1	3	18.1
1430.827	35.42	2.09	74.10	6.55	8.21	53.81	72.6	3	18.1
1430.972	35.41	2.12	74.94	6.54	8.23	53.85	71.9	3	18.1
1431.032	35.38	2.14	75.76	6.55	8.23	53.87	71.1	3	18.1
1431.136	35.24	2.16	76.22	6.51	8.33	54.23	71.1	3	18.1
1431.281	35.42	2.14	75.72	6.53	8.33	54.39	71.8	3	18.1
1431.341	35.36	2.13	75.39	6.49	8.42	54.65	72.5	3	18.1
1431.445	35.39	2.12	75.07	6.55	8.27	54.18	72.2	3	18.1
1431.590	35.35	2.15	76.15	6.51	8.37	54.45	71.5	3	18.1
1431.650	35.47	2.14	75.82	6.53	8.30	54.21	71.5	3	18.1
1431.754	35.37	2.14	75.79	6.58	8.18	53.82	71.0	3	18.1
1431.899	35.43	2.13	75.30	6.57	8.28	54.45	72.3	3	18.1
1431.959	35.35	2.12	74.77	6.60	8.14	53.75	71.9	3	18.1
1432.063	35.30	2.14	75.55	6.52	8.31	54.21	71.8	3	18.1
1432.208	35.17	2.15	75.69	6.55	8.29	54.35	71.8	3	18.1
1432.268	35.23	2.14	75.35	6.52	8.37	54.57	72.4	3	18.1
1432.372	35.37	2.10	74.43	6.59	8.14	53.65	72.1	3	18.1
1432.517	35.33	2.12	74.72	6.58	8.21	54.04	72.3	3	18.1
1432.577	35.41	2.11	74.59	6.58	8.18	53.83	72.2	3	18.1
1432.681	35.21	2.17	76.30	6.48	8.53	55.30	72.5	3	18.1
1432.826	35.31	2.16	76.28	6.50	8.45	54.93	72.0	3	18.1
1432.886	35.45	2.13	75.54	6.56	8.15	53.50	70.8	3	18.1
1432.990	35.35	2.13	75.19	6.56	8.20	53.79	71.5	3	18.1
1433.135	35.47	2.14	75.90	6.52	8.32	54.28	71.5	3	18.1
1433.195	35.43	2.14	75.76	6.52	8.32	54.24	71.6	3	18.1
1433.299	35.26	2.15	75.66	6.53	8.35	54.48	72.0	3	18.1
1433.444	35.29	2.16	76.32	6.49	8.46	54.91	72.0	3	18.1
1433.504	35.53	2.11	74.85	6.58	8.13	53.53	71.5	3	18.1
1433.608	35.48	2.12	75.24	6.58	8.17	53.78	71.5	3	18.1
1433.753	35.47	2.11	74.89	6.56	8.17	53.61	71.6	3	18.1
1433.813	35.35	2.13	75.32	6.51	8.36	54.43	72.3	3	18.1
1433.917	35.24	2.14	75.29	6.53	8.35	54.51	72.4	3	18.1
1434.062	35.43	2.11	74.73	6.52	8.33	54.33	72.7	3	18.1
1434.122	35.40	2.12	75.11	6.56	8.17	53.63	71.4	3	18.1
1434.226	35.51	2.09	74.33	6.55	8.18	53.64	72.2	3	18.1
1434.371	35.38	2.12	74.95	6.52	8.34	54.38	72.6	3	18.1
1434.431	35.40	2.12	75.09	6.54	8.28	54.10	72.0	3	18.1
1434.535	35.39	2.12	75.10	6.55	8.19	53.62	71.4	3	18.1
1434.680	35.26	2.13	75.02	6.55	8.25	54.00	72.0	3	18.1
1434.740	35.26	2.15	75.73	6.54	8.31	54.30	71.7	3	18.1
1434.844	35.29	2.17	76.69	6.45	8.45	54.54	71.1	3	18.1
1434.989	35.41	2.11	74.80	6.56	8.21	53.81	71.9	3	18.1
1435.049	35.35	2.12	74.99	6.51	8.37	54.55	72.7	3	18.1
1435.153	35.37	2.11	74.67	6.54	8.28	54.11	72.5	3	18.1
1435.298	35.35	2.15	75.96	6.50	8.36	54.35	71.6	3	18.1
1435.358	35.37	2.16	76.21	6.50	8.44	54.86	72.0	3	18.1
1435.462	35.28	2.17	76.38	6.53	8.42	55.00	72.0	3	18.1
1435.607	35.36	2.13	75.42	6.55	8.21	53.79	71.3	3	18.1
1435.667	35.37	2.11	74.81	6.53	8.21	53.61	71.7	3	18.1
1435.771	35.21	2.16	76.04	6.46	8.44	54.47	71.6	3	18.1
1435.916	35.32	2.16	76.22	6.49	8.46	54.91	72.0	3	18.1
1435.976	35.47	2.11	74.89	6.55	8.29	54.34	72.6	3	18.1
1436.080	35.38	2.12	75.17	6.53	8.33	54.42	72.4	3	18.1
1436.225	35.27	2.13	75.29	6.57	8.30	54.53	72.4	3	18.1
1436.285	35.37	2.15	75.88	6.53	8.40	54.84	72.3	3	18.1
1436.389	35.32	2.16	76.14	6.51	8.35	54.39	71.4	3	18.1
1436.534	35.42	2.14	75.61	6.53	8.29	54.19	71.7	3	18.1
1436.594	35.38	2.12	74.92	6.56	8.22	53.95	72.0	3	18.1
1436.698	35.15	2.19	76.94	6.50	8.41	54.63	71.0	3	18.1
1436.843	35.31	2.15	75.86	6.53	8.34	54.50	71.8	3	18.1
1436.903	35.38	2.13	75.49	6.57	8.27	54.32	72.0	3	18.1
1437.007	35.43	2.12	74.98	6.54	8.31	54.28	72.4	3	18.1
1437.152	35.41	2.13	75.27	6.56	8.25	54.14	71.9	3	18.1
1437.212	35.49	2.09	74.07	6.61	8.07	53.33	72.0	3	18.1
1437.316	35.54	2.10	74.76	6.59	8.17	53.82	72.0	3	18.1
1437.461	35.45	2.13	75.33	6.57	8.27	54.32	72.1	3	18.1
1437.521	35.39	2.12	75.00	6.56	8.28	54.33	72.4	3	18.1
1437.625	35.44	2.10	74.56	6.57	8.24	54.12	72.6	3	18.1
1437.770	35.22	2.15	75.84	6.55	8.30	54.40	71.7	3	18.1
1437.830	35.37	2.14	75.70	6.52	8.37	54.54	72.0	3	18.1
1437.934	35.28	2.12	74.95	6.55	8.30	54.35	72.5	3	18.1
1438.079	35.33	2.12	74.95	6.59	8.18	53.92	71.9	3	18.1
1438.139	35.27	2.09	73.83	6.56	8.23	54.04	73.2	3	18.1
1438.243	35.28	2.15	75.85	6.56	8.27	54.23	71.5	3	18.1
1438.388	35.24	2.16	75.98	6.49	8.45	54.83	72.2	3	18.1
1438.448	35.24	2.14	75.51	6.52	8.36	54.53	72.2	3	18.1
1438.552	35.31	2.15	75.86	6.55	8.28	54.26	71.5	3	18.1
1438.697	35.34	2.16	76.44	6.48	8.50	55.12	72.1	3	18.1
1438.757	35.33	2.15	76.03	6.52	8.38	54.63	71.9	3	18.1
1438.861	35.41	2.09	74.10	6.56	8.25	54.11	73.0	3	18.1
1439.006	35.33	2.13	75.37	6.57	8.27	54.34	72.1	3	18.1
1439.066	35.24	2.14	75.24	6.55	8.36	54.74	72.7	3	18.1
1439.170	35.25	2.17	76.43	6.51	8.39	54.58	71.4	3	18.1
1439.315	35.52	2.11	74.80	6.58	8.09	53.26	71.2	3	18.1
1439.375	35.48	2.14	75.88	6.57	8.19	53.80	70.9	3	18.1
1439.479	35.39	2.14	75.90	6.54	8.28	54.14	71.3	3	18.1
1439.624	35.48	2.15	76.24	6.52	8.36	54.51	71.5	3	18.1
1439.684	35.52	2.13	75.81	6.59	8.15	53.67	70.8	3	18.1
1439.788	35.38	2.14	75.65	6.57	8.25	54.14	71.6	3	18.1
1439.933	35.43	2.14	75.82	6.59	8.20	54.03	71.3	3	18.1
1439.993	35.31	2.20	77.60	6.51	8.45	55.01	70.9	3	18.1
1440.097	35.38	2.15	76.13	6.53	8.34	54.50	71.6	3	18.1
1440.242	35.28	2.15	75.92	6.50	8.44	54.86	72.3	3	18.1
1440.302	35.24	2.16	76.02	6.52	8.48	55.27	72.7	3	18.1
1440.406	35.29	2.14	75.69	6.50	8.41	54.68	72.2	3	18.1
1440.551	35.15	2.11	74.19	6.56	8.32	54.55	73.5	3	18.1
1440.611	35.30	2.10	74.07	6.55	8.28	54.25	73.2	3	18.1
1440.715	35.46	2.12	75.24	6.51	8.33	54.25	72.1	3	18.1
1440.860	35.42	2.10	74.42	6.57	8.13	53.44	71.8	3	18.1
1440.920	35.31	2.13	75.31	6.55	8.30	54.36	72.2	3	18.1
1441.024	35.42	2.11	74.87	6.57	8.20	53.84	71.9	3	18.1
1441.169	35.25	2.18	76.72	6.51	8.49	55.24	72.0	3	18.1
1441.229	35.31	2.15	75.83	6.51	8.39	54.62	72.0	3	18.1
1441.333	35.28	2.16	76.18	6.48	8.45	54.76	71.9	3	18.1
1441.478	35.20	2.18	76.75	6.52	8.36	54.50	71.0	3	18.1
1441.538	35.33	2.14	75.48	6.55	8.23	53.90	71.4	3	18.1
1441.642	35.34	2.12	75.00	6.52	8.32	54.28	72.4	3	18.1
1441.787	35.28	2.15	75.88	6.51	8.38	54.54	71.9	3	18.1
1441.847	35.28	2.13	75.11	6.54	8.25	53.94	71.8	3	18.1
1441.951	35.38	2.13	75.41	6.53	8.25	53.89	71.5	3	18.1
1442.096	35.29	2.16	76.07	6.54	8.37	54.73	71.9	3	18.1
1442.156	35.26	2.15	75.88	6.52	8.43	54.90	72.4	3	18.1
1442.260	35.44	2.11	74.91	6.53	8.33	54.33	72.5	3	18.1
1442.405	35.28	2.13	74.97	6.51	8.29	54.02	72.1	3	18.1
1442.465	35.43	2.10	74.49	6.51	8.27	53.89	72.3	3	18.1
1442.569	35.55	2.11	74.88	6.53	8.28	54.05	72.2	3	18.1
1442.714	35.35	2.15	75.94	6.52	8.41	54.85	72.2	3	18.1
1442.774	35.24	2.17	76.39	6.49	8.46	54.95	71.9	3	18.1
1442.878	35.36	2.11	74.58	6.54	8.27	54.14	72.6	3	18.1
1443.023	35.41	2.14	75.79	6.50	8.39	54.56	72.0	3	18.1
1443.083	35.28	2.16	76.10	6.47	8.54	55.27	72.6	3	18.1
1443.187	35.36	2.12	75.04	6.52	8.27	53.90	71.8	3	18.1
1443.332	35.34	2.14	75.67	6.51	8.36	54.43	71.9	3	18.1
1443.392	35.37	2.14	75.77	6.52	8.37	54.54	72.0	3	18.1
1443.496	35.28	2.16	76.26	6.48	8.48	54.97	72.1	3	18.1
1443.641	35.17	2.12	74.69	6.57	8.18	53.71	71.9	3	18.1
1443.701	35.12	2.16	75.75	6.53	8.32	54.37	71.8	3	18.1
1443.805	35.31	2.13	75.38	6.57	8.15	53.59	71.1	3	18.1
1443.950	35.35	2.15	75.93	6.55	8.33	54.52	71.8	3	18.1
1444.010	35.33	2.14	75.51	6.53	8.22	53.64	71.0	3	18.1
1444.114	35.31	2.14	75.69	6.52	8.27	53.92	71.2	3	18.1
1444.259	35.38	2.12	75.18	6.55	8.30	54.38	72.3	3	18.1
1444.319	35.32	2.16	76.12	6.54	8.37	54.74	71.9	3	18.1
1444.423	35.18	2.16	76.17	6.53	8.30	54.17	71.1	3	18.1
1444.568	35.33	2.12	75.07	6.53	8.38	54.65	72.8	3	18.1
1444.628	35.33	2.14	75.45	6.53	8.30	54.19	71.8	3	18.1
1444.732	35.29	2.10	74.27	6.57	8.23	54.04	72.8	3	18.1
1444.877	35.20	2.18	76.84	6.46	8.54	55.20	71.8	3	18.1
1444.937	35.35	2.15	75.94	6.48	8.44	54.69	72.0	3	18.1
1445.041	35.36	2.12	75.04	6.53	8.31	54.24	72.3	3	18.1
1445.186	35.31	2.11	74.60	6.55	8.25	54.04	72.4	3	18.1
1445.246	35.26	2.12	74.76	6.53	8.26	53.93	72.1	3	18.1
1445.350	35.02	2.19	76.73	6.46	8.51	54.99	71.7	3	18.1
1445.495	35.27	2.14	75.47	6.48	8.43	54.64	72.4	3	18.1
1445.555	35.19	2.14	75.35	6.48	8.43	54.59	72.4	3	18.1
1445.659	35.19	2.16	75.98	6.51	8.33	54.28	71.4	3	18.1
1445.804	35.49	2.13	75.44	6.52	8.39	54.71	72.5	3	18.1
1445.864	35.45	2.13	75.37	6.55	8.25	54.08	71.8	3	18.1
1445.968	35.40	2.15	75.98	6.53	8.38	54.76	72.1	3	18.1
1446.113	35.43	2.14	75.83	6.55	8.32	54.48	71.8	3	18.1
1446.173	35.35	2.16	76.25	6.53	8.36	54.61	71.6	3	18.1
1446.277	35.32	2.14	75.76	6.50	8.44	54.92	72.5	3	18.1
1446.422	35.41	2.11	74.79	6.60	8.13	53.66	71.7	3	18.1
1446.482	35.33	2.15	75.89	6.50	8.41	54.59	71.9	3	18.1
1446.586	35.38	2.14	75.69	6.54	8.31	54.35	71.8	3	18.1
1446.731	35.29	2.16	76.08	6.53	8.31	54.25	71.3	3	18.1
1446.791	35.28	2.14	75.64	6.48	8.40	54.49	72.0	3	18.1
1446.895	35.01	2.16	75.77	6.50	8.38	54.46	71.9	3	18.1
1447.040	35.32	2.14	75.48	6.51	8.34	54.32	72.0	3	18.1
1447.100	35.44	2.11	74.80	6.51	8.29	53.93	72.1	3	18.1
1447.204	35.32	2.14	75.59	6.56	8.25	54.10	71.6	3	18.1
1447.349	35.30	2.15	76.00	6.53	8.38	54.70	72.0	3	18.1
1447.409	35.27	2.14	75.60	6.56	8.34	54.66	72.3	3	18.1
1447.513	35.34	2.14	75.58	6.55	8.23	53.94	71.4	3	18.1
1447.658	35.37	2.13	75.38	6.52	8.32	54.28	72.0	3	18.1
1447.718	35.19	2.16	75.95	6.51	8.36	54.38	71.6	3	18.1
1447.822	35.28	2.13	75.06	6.55	8.19	53.64	71.5	3	18.1
1447.967	35.30	2.15	75.84	6.52	8.28	54.00	71.2	3	18.1
1448.027	35.27	2.16	76.08	6.54	8.28	54.16	71.2	3	18.1
1448.131	35.10	2.17	76.21	6.47	8.42	54.52	71.5	3	18.1
1448.276	35.26	2.15	75.78	6.49	8.46	54.88	72.4	3	18.1
1448.336	35.35	2.11	74.60	6.55	8.25	54.02	72.4	3	18.1
1448.440	35.29	2.13	75.16	6.51	8.41	54.72	72.8	3	18.1
1448.585	35.44	2.14	75.80	6.52	8.32	54.21	71.5	3	18.1
1448.645	35.29	2.16	76.13	6.50	8.43	54.79	72.0	3	18.1
1448.749	35.26	2.15	75.78	6.51	8.34	54.34	71.7	3	18.1
1448.894	35.27	2.13	75.10	6.54	8.32	54.35	72.4	3	18.1
1448.954	35.25	2.15	75.65	6.50	8.43	54.82	72.5	3	18.1
1449.058	35.35	2.15	75.88	6.53	8.27	54.05	71.2	3	18.1
1449.203	35.38	2.16	76.37	6.55	8.32	54.46	71.3	3	18.1
1449.263	35.38	2.15	76.07	6.56	8.37	54.90	72.2	3	18.1
1449.367	35.20	2.17	76.44	6.56	8.30	54.41	71.2	3	18.1
1449.512	35.28	2.14	75.61	6.58	8.22	54.06	71.5	3	18.1
1449.572	35.41	2.12	74.95	6.58	8.18	53.84	71.8	3	18.1
1449.676	35.27	2.14	75.46	6.54	8.26	54.05	71.6	3	18.1
1449.821	35.50	2.11	74.83	6.58	8.07	53.12	71.0	3	18.1
1449.881	35.42	2.11	74.88	6.57	8.14	53.50	71.4	3	18.1
1449.985	35.44	2.10	74.41	6.56	8.16	53.53	71.9	3	18.1
1450.130	35.26	2.16	76.33	6.48	8.36	54.19	71.0	3	18.1
1450.190	35.24	2.16	76.23	6.52	8.30	54.13	71.0	3	18.1
1450.294	35.15	2.17	76.12	6.49	8.46	54.88	72.1	3	18.1
1450.439	35.20	2.16	76.17	6.48	8.52	55.22	72.5	3	18.1
1450.499	35.33	2.16	76.35	6.51	8.49	55.30	72.4	3	18.1
1450.603	35.40	2.13	75.41	6.56	8.33	54.66	72.5	3	18.1
1450.748	35.31	2.12	74.99	6.57	8.27	54.26	72.4	3	18.1
1450.808	35.25	2.13	75.23	6.50	8.42	54.74	72.8	3	18.1
1450.912	35.34	2.15	75.96	6.52	8.42	54.94	72.3	3	18.1
1451.057	35.32	2.15	75.79	6.55	8.25	54.04	71.3	3	18.1
1451.117	35.26	2.14	75.62	6.49	8.43	54.72	72.4	3	18.1
1451.221	35.18	2.15	75.47	6.51	8.38	54.55	72.3	3	18.1
1451.366	35.32	2.17	76.55	6.51	8.32	54.23	70.8	3	18.1
1451.426	35.37	2.15	76.15	6.55	8.35	54.67	71.8	3	18.1
1451.530	35.23	2.14	75.41	6.51	8.41	54.75	72.6	3	18.1
1451.675	35.37	2.16	76.23	6.55	8.31	54.43	71.4	3	18.1
1451.735	35.31	2.16	76.19	6.51	8.44	54.95	72.1	3	18.1
1451.839	35.42	2.13	75.49	6.56	8.19	53.73	71.2	3	18.1
1451.984	35.18	2.18	76.59	6.54	8.33	54.50	71.2	3	18.1
1452.044	35.18	2.19	77.01	6.50	8.43	54.85	71.2	3	18.1
1452.148	35.33	2.12	75.08	6.52	8.36	54.48	72.6	3	18.1
1452.293	35.37	2.15	75.93	6.55	8.30	54.33	71.6	3	18.1
1452.353	35.42	2.12	75.07	6.54	8.21	53.73	71.6	3	18.1
1452.457	35.33	2.15	76.07	6.50	8.44	54.85	72.1	3	18.1
1452.602	35.31	2.16	76.18	6.55	8.35	54.66	71.7	3	18.1
1452.662	35.34	2.14	75.52	6.55	8.27	54.14	71.7	3	18.1
1452.766	35.25	2.13	75.00	6.52	8.38	54.68	72.9	3	18.1
1452.911	35.50	2.10	74.73	6.53	8.26	53.91	72.1	3	18.1
1452.971	35.41	2.13	75.54	6.52	8.27	53.95	71.4	3	18.1
1453.075	35.47	2.10	74.35	6.58	8.16	53.70	72.2	3	18.1
1453.220	35.33	2.17	76.64	6.50	8.43	54.82	71.5	3	18.1
1453.280	35.35	2.16	76.23	6.54	8.32	54.37	71.3	3	18.1
1453.384	35.41	2.16	76.35	6.52	8.32	54.23	71.0	3	18.1
1453.529	35.32	2.15	76.05	6.57	8.30	54.49	71.7	3	18.1
1453.589	35.23	2.15	75.81	6.57	8.24	54.14	71.4	3	18.1
1453.693	35.31	2.16	76.16	6.51	8.34	54.30	71.3	3	18.1
1453.838	35.16	2.15	75.73	6.48	8.44	54.66	72.2	3	18.1
1453.898	35.22	2.15	75.87	6.48	8.44	54.76	72.2	3	18.1
1454.002	35.31	2.14	75.52	6.55	8.34	54.66	72.4	3	18.1
1454.147	35.32	2.14	75.50	6.53	8.36	54.61	72.3	3	18.1
1454.207	35.17	2.18	76.59	6.51	8.42	54.83	71.6	3	18.1
1454.311	35.17	2.17	76.27	6.49	8.45	54.84	71.9	3	18.1
1454.456	35.29	2.17	76.51	6.52	8.43	54.98	71.9	3	18.1
1454.516	35.28	2.15	75.86	6.50	8.46	55.00	72.5	3	18.1
1454.620	35.31	2.14	75.58	6.53	8.31	54.26	71.8	3	18.1
1454.765	35.31	2.15	76.02	6.52	8.39	54.71	72.0	3	18.1
1454.825	35.23	2.19	77.25	6.46	8.60	55.54	71.9	3	18.1
1454.929	35.29	2.16	76.10	6.53	8.40	54.82	72.0	3	18.1
1455.074	35.37	2.13	75.33	6.51	8.34	54.24	72.0	3	18.1
1455.134	35.23	2.16	76.04	6.48	8.43	54.64	71.9	3	18.1
1455.238	35.35	2.13	75.39	6.55	8.29	54.27	72.0	3	18.1
1455.383	35.41	2.16	76.57	6.56	8.29	54.36	71.0	3	18.1
1455.443	35.31	2.17	76.45	6.54	8.35	54.63	71.5	3	18.1
1455.547	35.31	2.13	75.31	6.51	8.37	54.44	72.3	3	18.1
1455.692	35.34	2.16	76.45	6.51	8.41	54.77	71.6	3	18.1
1455.752	35.42	2.14	75.82	6.54	8.31	54.36	71.7	3	18.1
1455.856	35.36	2.16	76.26	6.52	8.33	54.33	71.2	3	18.1
1456.001	35.32	2.16	76.30	6.56	8.28	54.31	71.2	3	18.1
1456.061	35.29	2.17	76.56	6.52	8.36	54.51	71.2	3	18.1
1456.165	35.16	2.18	76.67	6.51	8.47	55.09	71.9	3	18.1
1456.310	35.32	2.14	75.45	6.56	8.26	54.15	71.8	3	18.1
1456.370	35.18	2.15	75.69	6.56	8.30	54.47	72.0	3	18.1
1456.474	35.22	2.16	76.09	6.50	8.41	54.66	71.8	3	18.1
1456.619	35.38	2.14	75.66	6.53	8.28	54.10	71.5	3	18.1
1456.679	35.33	2.15	75.88	6.51	8.41	54.76	72.2	3	18.1
1456.783	35.22	2.16	75.97	6.50	8.54	55.50	73.1	3	18.1
1456.928	35.15	2.17	76.42	6.50	8.56	55.63	72.8	3	18.1
1456.988	35.31	2.17	76.62	6.50	8.52	55.42	72.3	3	18.1
1457.092	35.34	2.16	76.44	6.57	8.20	53.85	70.4	3	18.1
1457.237	35.31	2.17	76.55	6.52	8.34	54.40	71.1	3	18.1
1457.297	35.39	2.15	76.21	6.51	8.40	54.72	71.8	3	18.1
1457.401	35.39	2.15	76.07	6.52	8.31	54.23	71.3	3	18.1
1457.546	35.52	2.12	75.14	6.59	8.12	53.48	71.2	3	18.1
1457.606	35.29	2.18	77.09	6.50	8.39	54.54	70.7	3	18.1
1457.710	35.28	2.15	75.81	6.48	8.47	54.90	72.4	3	18.1
1457.855	35.27	2.15	75.98	6.49	8.44	54.75	72.1	3	18.1
1457.915	35.24	2.15	75.63	6.51	8.45	54.98	72.7	3	18.1
1458.019	35.28	2.13	75.18	6.51	8.32	54.18	72.1	3	18.1
1458.164	35.27	2.15	75.94	6.53	8.31	54.25	71.4	3	18.1
1458.224	35.16	2.18	76.72	6.49	8.49	55.06	71.8	3	18.1
1458.328	35.16	2.17	76.28	6.51	8.40	54.67	71.7	3	18.1
1458.473	35.11	2.18	76.39	6.50	8.45	54.98	72.0	3	18.1
1458.533	35.22	2.15	75.57	6.54	8.35	54.58	72.2	3	18.1
1458.637	35.28	2.15	75.74	6.50	8.45	54.91	72.5	3	18.1
1458.782	35.28	2.15	75.85	6.49	8.44	54.78	72.2	3	18.1
1458.842	35.32	2.15	75.98	6.53	8.40	54.81	72.1	3	18.1
1458.946	35.41	2.11	74.82	6.54	8.31	54.37	72.7	3	18.1
1459.091	35.30	2.14	75.58	6.54	8.30	54.31	71.9	3	18.1
1459.151	35.22	2.17	76.37	6.49	8.47	55.03	72.0	3	18.1
1459.255	35.07	2.19	76.84	6.46	8.55	55.27	71.9	3	18.1
1459.400	35.33	2.13	75.29	6.54	8.28	54.16	71.9	3	18.1
1459.460	35.25	2.15	75.87	6.53	8.30	54.17	71.4	3	18.1
1459.564	35.40	2.13	75.47	6.54	8.33	54.44	72.1	3	18.1
1459.709	35.19	2.17	76.32	6.53	8.39	54.85	71.9	3	18.1
1459.769	35.32	2.15	76.07	6.52	8.34	54.40	71.5	3	18.1
1459.873	35.25	2.19	77.05	6.47	8.50	54.97	71.3	3	18.1
1460.018	35.26	2.14	75.58	6.50	8.39	54.50	72.1	3	18.1
1460.078	35.25	2.14	75.55	6.49	8.46	54.90	72.7	3	18.1
1460.182	35.23	2.15	75.77	6.49	8.41	54.62	72.1	3	18.1
1460.327	35.31	2.15	75.77	6.48	8.41	54.44	71.8	3	18.1
1460.387	35.26	2.17	76.42	6.53	8.36	54.63	71.5	3	18.1
1460.491	35.28	2.15	75.84	6.51	8.36	54.44	71.8	3	18.1
1460.636	35.32	2.14	75.56	6.54	8.36	54.66	72.3	3	18.1
1460.696	35.31	2.12	74.98	6.57	8.19	53.85	71.8	3	18.1
1460.800	35.38	2.14	75.67	6.50	8.34	54.24	71.7	3	18.1
1460.945	35.18	2.16	75.90	6.51	8.44	54.94	72.4	3	18.1
1461.005	35.24	2.16	76.01	6.48	8.40	54.42	71.6	3	18.1
1461.109	35.33	2.14	75.63	6.50	8.40	54.64	72.3	3	18.1
1461.254	35.35	2.18	76.96	6.48	8.45	54.80	71.2	3	18.1
1461.314	35.43	2.15	76.32	6.49	8.49	55.08	72.2	3	18.1
1461.418	35.27	2.17	76.63	6.53	8.39	54.77	71.5	3	18.1
1461.563	35.06	2.17	76.03	6.51	8.41	54.77	72.0	3	18.1
1461.623	35.26	2.13	75.09	6.53	8.36	54.61	72.7	3	18.1
1461.727	35.22	2.15	75.56	6.51	8.35	54.35	71.9	3	18.1
1461.872	35.12	2.17	76.07	6.53	8.40	54.86	72.1	3	18.1
1461.932	35.14	2.15	75.47	6.53	8.44	55.10	73.0	3	18.1
1462.036	35.25	2.13	75.18	6.54	8.36	54.66	72.7	3	18.1
1462.181	35.17	2.17	76.26	6.46	8.51	54.94	72.0	3	18.1
1462.241	35.21	2.15	75.81	6.48	8.47	54.89	72.4	3	18.1
1462.345	35.22	2.15	75.68	6.48	8.47	54.92	72.6	3	18.1
1462.490	35.16	2.13	74.94	6.53	8.36	54.57	72.8	3	18.1
1462.550	35.14	2.15	75.61	6.48	8.45	54.74	72.4	3	18.1
1462.654	35.35	2.12	74.95	6.53	8.34	54.42	72.6	3	18.1
1462.799	35.25	2.14	75.55	6.49	8.47	54.93	72.7	3	18.1
1462.859	35.29	2.14	75.64	6.53	8.35	54.53	72.1	3	18.1
1462.963	35.28	2.15	75.69	6.54	8.35	54.57	72.1	3	18.1
1463.108	35.30	2.15	75.84	6.53	8.37	54.63	72.0	3	18.1
1463.168	35.26	2.14	75.56	6.50	8.38	54.51	72.1	3	18.1
1463.272	35.23	2.15	75.63	6.46	8.49	54.87	72.6	3	18.1
1463.417	35.39	2.14	75.74	6.54	8.37	54.80	72.3	3	18.1
1463.477	35.45	2.11	74.70	6.57	8.25	54.20	72.6	3	18.1
1463.581	35.28	2.13	75.22	6.49	8.48	55.08	73.2	3	18.1
1463.726	35.22	2.17	76.42	6.45	8.57	55.22	72.3	3	18.1
1463.786	35.29	2.14	75.68	6.49	8.43	54.71	72.3	3	18.1
1463.890	35.23	2.15	75.83	6.49	8.44	54.78	72.2	3	18.1
1464.035	35.18	2.18	76.61	6.48	8.56	55.46	72.4	3	18.1
1464.095	35.39	2.16	76.52	6.48	8.55	55.39	72.4	3	18.1
1464.199	35.20	2.17	76.22	6.51	8.33	54.24	71.2	3	18.1
1464.344	35.17	2.15	75.74	6.51	8.37	54.44	71.9	3	18.1
1464.404	35.09	2.17	76.03	6.47	8.52	55.11	72.5	3	18.1
1464.508	35.16	2.16	76.11	6.49	8.37	54.26	71.3	3	18.1
1464.653	35.33	2.15	76.09	6.49	8.39	54.47	71.6	3	18.1
1464.713	35.33	2.15	75.84	6.52	8.31	54.21	71.5	3	18.1
1464.817	35.33	2.13	75.37	6.53	8.35	54.57	72.4	3	18.1
1464.962	35.35	2.13	75.36	6.51	8.40	54.65	72.5	3	18.1
1465.022	35.32	2.14	75.70	6.50	8.44	54.84	72.4	3	18.1
1465.126	35.28	2.15	75.96	6.54	8.34	54.53	71.8	3	18.1
1465.271	35.54	2.14	76.13	6.48	8.41	54.46	71.5	3	18.1
1465.331	35.41	2.14	75.74	6.51	8.38	54.55	72.0	3	18.1
1465.435	35.41	2.14	75.61	6.52	8.40	54.73	72.4	3	18.1
1465.580	35.35	2.16	76.52	6.51	8.49	55.28	72.2	3	18.1
1465.640	35.39	2.12	74.97	6.52	8.37	54.58	72.8	3	18.1
1465.744	35.31	2.14	75.40	6.48	8.42	54.56	72.4	3	18.1
1465.889	35.21	2.15	75.82	6.53	8.39	54.79	72.3	3	18.1
1465.949	35.36	2.11	74.68	6.53	8.32	54.29	72.7	3	18.1
1466.053	35.27	2.12	74.81	6.54	8.34	54.48	72.8	3	18.1
1466.198	35.18	2.15	75.75	6.50	8.37	54.46	71.9	3	18.1
1466.258	35.22	2.15	75.72	6.50	8.44	54.86	72.5	3	18.1
1466.362	35.36	2.10	74.27	6.56	8.15	53.43	72.0	3	18.1
1466.507	35.35	2.12	74.77	6.52	8.32	54.20	72.5	3	18.1
1466.567	35.30	2.13	75.29	6.49	8.42	54.66	72.6	3	18.1
1466.671	35.16	2.15	75.75	6.44	8.58	55.26	73.0	3	18.1
1466.816	35.32	2.14	75.44	6.52	8.44	55.03	72.9	3	18.1
1466.876	35.23	2.15	75.84	6.51	8.40	54.70	72.1	3	18.1
1466.980	35.31	2.14	75.56	6.52	8.34	54.33	71.9	3	18.1
1467.125	35.23	2.15	75.75	6.49	8.45	54.81	72.4	3	18.1
1467.185	35.29	2.14	75.61	6.52	8.39	54.74	72.4	3	18.1
1467.289	35.20	2.16	76.18	6.47	8.58	55.50	72.9	3	18.1
1467.434	35.20	2.16	76.07	6.44	8.50	54.76	72.0	3	18.1
1467.494	35.37	2.10	74.24	6.53	8.27	53.99	72.7	3	18.1
1467.598	35.35	2.12	74.83	6.55	8.26	54.10	72.3	3	18.1
1467.743	35.30	2.14	75.39	6.54	8.31	54.33	72.1	3	18.1
1467.803	35.34	2.15	75.96	6.53	8.30	54.18	71.3	3	18.1
1467.907	35.29	2.17	76.45	6.53	8.31	54.25	71.0	3	18.1
1468.052	35.27	2.14	75.30	6.55	8.27	54.17	71.9	3	18.1
1468.112	35.36	2.15	76.00	6.48	8.49	55.02	72.4	3	18.1
1468.216	35.34	2.14	75.58	6.53	8.40	54.88	72.6	3	18.1
1468.361	35.13	2.16	75.93	6.47	8.51	55.01	72.4	3	18.1
1468.421	35.15	2.16	76.08	6.50	8.41	54.66	71.9	3	18.1
1468.525	35.21	2.13	74.83	6.51	8.36	54.48	72.8	3	18.1
1468.670	35.15	2.17	76.16	6.53	8.42	54.94	72.1	3	18.1
1468.730	35.15	2.17	76.44	6.49	8.47	54.96	71.9	3	18.1
1468.834	35.13	2.19	77.11	6.45	8.53	54.99	71.3	3	18.1
1468.979	35.29	2.19	77.34	6.48	8.59	55.72	72.0	3	18.1
1469.039	35.34	2.13	75.43	6.49	8.47	55.00	72.9	3	18.1
1469.143	35.20	2.16	76.20	6.48	8.53	55.29	72.6	3	18.1
1469.288	35.42	2.14	75.72	6.49	8.43	54.68	72.2	3	18.1
1469.348	35.47	2.12	75.21	6.50	8.33	54.19	72.0	3	18.1
1469.452	35.35	2.15	76.07	6.49	8.44	54.82	72.1	3	18.1
1469.597	35.19	2.16	76.07	6.50	8.38	54.46	71.6	3	18.1
1469.657	35.27	2.14	75.53	6.49	8.37	54.28	71.9	3	18.1
1469.761	35.33	2.16	76.47	6.51	8.42	54.81	71.7	3	18.1
1469.906	35.26	2.17	76.61	6.50	8.45	54.91	71.7	3	18.1
1469.966	35.31	2.15	75.81	6.52	8.31	54.16	71.4	3	18.1
1470.070	35.27	2.16	76.16	6.51	8.39	54.58	71.7	3	18.1
1470.215	35.37	2.17	76.70	6.48	8.50	55.07	71.8	3	18.1
1470.275	35.33	2.14	75.64	6.52	8.35	54.42	71.9	3	18.1
1470.379	35.30	2.14	75.60	6.50	8.39	54.55	72.2	3	18.1
1470.524	35.35	2.15	76.06	6.52	8.46	55.12	72.5	3	18.1
1470.584	35.26	2.18	76.77	6.52	8.46	55.12	71.8	3	18.1
1470.688	35.40	2.14	75.75	6.54	8.23	53.84	71.1	3	18.1
1470.833	35.41	2.12	75.01	6.57	8.18	53.79	71.7	3	18.1
1470.893	35.35	2.15	76.14	6.54	8.32	54.43	71.5	3	18.1
1470.997	35.17	2.17	76.19	6.53	8.35	54.56	71.6	3	18.1
1471.142	35.26	2.19	77.22	6.44	8.59	55.33	71.7	3	18.1
1471.202	35.30	2.16	76.30	6.50	8.45	54.92	72.0	3	18.1
1471.306	35.27	2.16	76.29	6.48	8.52	55.27	72.4	3	18.1
1471.451	35.37	2.16	76.34	6.46	8.60	55.52	72.7	3	18.1
1471.511	35.27	2.15	75.87	6.50	8.48	55.09	72.6	3	18.1
1471.615	35.24	2.14	75.41	6.52	8.41	54.80	72.7	3	18.1
1471.760	35.28	2.12	74.93	6.50	8.42	54.74	73.1	3	18.1
1471.820	35.29	2.15	75.78	6.49	8.43	54.76	72.3	3	18.1
1471.924	35.34	2.13	75.15	6.59	8.18	53.90	71.7	3	18.1
1472.069	35.23	2.15	75.69	6.49	8.45	54.87	72.5	3	18.1
1472.129	35.32	2.15	75.79	6.49	8.47	54.95	72.5	3	18.1
1472.233	35.28	2.15	75.89	6.47	8.53	55.18	72.7	3	18.1
1472.378	35.21	2.17	76.39	6.53	8.39	54.72	71.6	3	18.1
1472.438	35.26	2.16	75.99	6.51	8.42	54.79	72.1	3	18.1
1472.542	35.35	2.13	75.19	6.50	8.39	54.50	72.5	3	18.1
1472.687	35.21	2.18	76.79	6.49	8.42	54.63	71.1	3	18.1
1472.747	35.21	2.17	76.47	6.47	8.48	54.90	71.8	3	18.1
1472.851	35.21	2.18	76.76	6.50	8.43	54.77	71.3	3	18.1
1472.996	35.30	2.15	75.86	6.52	8.34	54.41	71.7	3	18.1
1473.056	35.23	2.16	76.17	6.53	8.34	54.45	71.5	3	18.1
1473.160	35.19	2.16	76.00	6.51	8.35	54.34	71.5	3	18.1
1473.305	35.19	2.15	75.76	6.51	8.42	54.79	72.3	3	18.1
1473.365	35.35	2.11	74.72	6.55	8.24	54.00	72.3	3	18.1
1473.469	35.38	2.14	75.59	6.52	8.42	54.88	72.6	3	18.1
1473.614	35.25	2.16	76.08	6.50	8.56	55.65	73.1	3	18.1
1473.674	35.31	2.15	76.05	6.49	8.48	55.05	72.4	3	18.1
1473.778	35.35	2.13	75.41	6.51	8.41	54.79	72.7	3	18.1
1473.923	35.28	2.18	77.04	6.48	8.58	55.62	72.2	3	18.1
1473.983	35.26	2.18	76.99	6.46	8.62	55.72	72.4	3	18.1
1474.087	35.18	2.20	77.53	6.46	8.63	55.70	71.8	3	18.1
1474.232	35.26	2.14	75.45	6.51	8.36	54.43	72.1	3	18.1
1474.292	35.23	2.16	75.95	6.53	8.32	54.34	71.5	3	18.1
1474.396	35.38	2.14	75.55	6.54	8.26	54.00	71.5	3	18.1
1474.541	35.32	2.19	77.27	6.46	8.53	55.14	71.4	3	18.1
1474.601	35.33	2.15	76.12	6.52	8.42	54.88	72.1	3	18.1
1474.705	35.35	2.15	76.11	6.52	8.42	54.91	72.1	3	18.1
1474.850	35.33	2.15	75.95	6.52	8.34	54.34	71.5	3	18.1
1474.910	35.21	2.18	76.86	6.46	8.59	55.46	72.1	3	18.1
1475.014	35.22	2.18	76.60	6.48	8.49	55.01	71.8	3	18.1
1475.159	35.25	2.15	75.69	6.52	8.40	54.77	72.4	3	18.1
1475.219	35.28	2.14	75.39	6.54	8.31	54.37	72.1	3	18.1
1475.323	35.21	2.17	76.40	6.51	8.34	54.32	71.1	3	18.1
1475.468	35.25	2.17	76.56	6.48	8.50	55.06	71.9	3	18.1
1475.528	35.30	2.16	76.19	6.51	8.40	54.68	71.8	3	18.1
1475.632	35.28	2.15	75.99	6.52	8.35	54.46	71.7	3	18.1
1475.777	35.50	2.16	76.51	6.50	8.38	54.50	71.2	3	18.1
1475.837	35.49	2.14	76.05	6.49	8.41	54.59	71.8	3	18.1
1475.941	35.37	2.14	75.85	6.51	8.43	54.83	72.3	3	18.1
1476.086	35.33	2.17	76.68	6.47	8.58	55.52	72.4	3	18.1
1476.146	35.44	2.14	75.90	6.54	8.33	54.42	71.7	3	18.1
1476.250	35.25	2.19	77.10	6.48	8.55	55.42	71.9	3	18.1
1476.395	35.14	2.19	76.78	6.50	8.51	55.34	72.1	3	18.1
1476.455	35.21	2.18	76.89	6.50	8.47	55.02	71.6	3	18.1
1476.559	35.27	2.15	75.65	6.52	8.37	54.57	72.1	3	18.1
1476.704	35.42	2.13	75.28	6.54	8.28	54.15	71.9	3	18.1
1476.764	35.24	2.15	75.92	6.53	8.32	54.34	71.6	3	18.1
1476.868	35.34	2.13	75.18	6.56	8.23	54.01	71.8	3	18.1
1477.013	35.27	2.16	76.26	6.50	8.48	55.08	72.2	3	18.1
1477.073	35.41	2.15	76.26	6.51	8.32	54.22	71.1	3	18.1
1477.177	35.31	2.15	75.98	6.53	8.27	54.02	71.1	3	18.1
1477.322	35.23	2.17	76.32	6.48	8.42	54.58	71.5	3	18.1
1477.382	35.17	2.16	76.08	6.52	8.33	54.30	71.4	3	18.1
1477.486	35.24	2.20	77.40	6.47	8.63	55.84	72.1	3	18.1
1477.631	35.30	2.19	77.36	6.46	8.64	55.81	72.1	3	18.1
1477.691	35.28	2.18	76.80	6.49	8.56	55.54	72.3	3	18.1
1477.795	35.39	2.15	76.10	6.52	8.42	54.91	72.1	3	18.1
1477.940	35.42	2.14	75.67	6.51	8.38	54.59	72.1	3	18.1
1478.000	35.28	2.16	76.35	6.49	8.48	54.97	72.0	3	18.1
1478.104	35.25	2.15	75.62	6.52	8.48	55.31	73.1	3	18.1
1478.249	35.35	2.15	75.90	6.51	8.43	54.83	72.2	3	18.1
1478.309	35.33	2.16	76.26	6.53	8.41	54.90	72.0	3	18.1
1478.413	35.30	2.17	76.43	6.49	8.50	55.18	72.2	3	18.1
1478.558	35.25	2.17	76.32	6.46	8.51	54.96	72.0	3	18.1
1478.618	35.39	2.14	75.88	6.54	8.30	54.30	71.6	3	18.1
1478.722	35.43	2.14	75.75	6.54	8.38	54.76	72.3	3	18.1
1478.867	35.37	2.16	76.43	6.54	8.26	54.03	70.7	3	18.1
1478.927	35.38	2.14	75.87	6.52	8.25	53.85	71.0	3	18.1
1479.031	35.22	2.15	75.75	6.52	8.37	54.53	72.0	3	18.1
1479.176	35.39	2.16	76.47	6.52	8.40	54.79	71.6	3	18.1
1479.236	35.38	2.17	76.78	6.52	8.52	55.50	72.3	3	18.1
1479.340	35.24	2.16	76.12	6.48	8.47	54.93	72.2	3	18.1
1479.485	35.20	2.18	76.62	6.47	8.56	55.35	72.2	3	18.1
1479.545	35.20	2.18	76.58	6.46	8.51	54.99	71.8	3	18.1
1479.649	35.31	2.14	75.39	6.53	8.33	54.41	72.2	3	18.1
1479.794	35.37	2.18	77.17	6.49	8.55	55.55	72.0	3	18.1
1479.854	35.28	2.18	76.84	6.52	8.44	55.02	71.6	3	18.1
1479.958	35.23	2.18	76.96	6.49	8.51	55.29	71.8	3	18.1
1480.103	35.30	2.17	76.61	6.53	8.41	54.92	71.7	3	18.1
1480.163	35.36	2.18	77.05	6.50	8.49	55.17	71.6	3	18.1
1480.267	35.34	2.18	77.04	6.45	8.57	55.30	71.8	3	18.1
1480.412	35.20	2.21	77.67	6.42	8.65	55.46	71.4	3	18.1
1480.472	35.17	2.20	77.46	6.47	8.49	54.98	71.0	3	18.1
1480.576	35.19	2.19	77.09	6.47	8.53	55.22	71.6	3	18.1
1480.721	35.07	2.18	76.50	6.52	8.39	54.72	71.5	3	18.1
1480.781	35.24	2.15	75.85	6.55	8.27	54.18	71.4	3	18.1
1480.885	35.19	2.15	75.73	6.52	8.38	54.67	72.2	3	18.1
1481.030	35.27	2.20	77.55	6.48	8.58	55.56	71.6	3	18.1
1481.090	35.31	2.17	76.59	6.51	8.43	54.88	71.7	3	18.1
1481.194	35.21	2.20	77.53	6.46	8.62	55.70	71.8	3	18.1
1481.339	35.11	2.19	76.96	6.45	8.64	55.74	72.4	3	18.1
1481.399	35.21	2.14	75.29	6.53	8.30	54.16	71.9	3	18.1
1481.503	35.23	2.16	76.28	6.50	8.38	54.48	71.4	3	18.1
1481.648	35.16	2.18	76.65	6.49	8.49	55.14	71.9	3	18.1
1481.708	35.12	2.18	76.62	6.46	8.53	55.11	71.9	3	18.1
1481.812	35.06	2.19	76.82	6.44	8.63	55.59	72.4	3	18.1
1481.957	35.23	2.17	76.62	6.50	8.44	54.83	71.6	3	18.1
1482.017	35.14	2.19	76.90	6.46	8.62	55.66	72.4	3	18.1
1482.121	35.26	2.15	75.74	6.53	8.34	54.45	71.9	3	18.1
1482.266	35.21	2.18	76.60	6.52	8.49	55.33	72.2	3	18.1
1482.326	35.32	2.16	76.34	6.51	8.49	55.30	72.4	3	18.1
1482.430	35.38	2.13	75.26	6.54	8.29	54.21	72.0	3	18.1
1934.829	34.94	0.46	16.12	0.73	1.47	1.07	6.7	3	21.2
1934.889	27.36	1.17	32.14	2.16	3.85	8.33	25.9	3	21.2
1934.993	18.70	2.86	53.43	3.44	6.35	21.87	40.9	3	33.7
1935.138	9.46	4.37	41.32	3.29	6.11	20.13	48.7	3	46.2
1935.198	6.86	4.59	31.48	2.81	5.22	14.66	46.6	3	58.7
1935.302	5.13	4.73	24.26	2.42	4.48	10.82	44.6	3	25.4
1935.447	13.25	3.42	45.35	3.55	7.00	24.86	54.8	3	27.0
1935.507	14.05	3.31	46.54	3.71	7.33	27.16	58.4	3	27.0
1935.611	12.45	3.96	49.28	3.77	7.49	28.25	57.3	3	38.1
1935.756	10.18	4.57	46.54	3.69	7.39	27.29	58.6	3	38.4
1935.816	9.65	4.67	45.06	3.65	7.33	26.76	59.4	3	33.7
1935.920	11.57	4.52	52.32	4.04	7.93	32.02	61.2	3	33.6
1936.065	10.54	4.69	49.46	3.86	7.77	29.97	60.6	3	37.1
1936.125	11.74	4.41	51.78	3.98	7.95	31.61	61.1	3	30.4
1936.229	12.49	4.26	53.22	4.07	8.08	32.88	61.8	3	36.2
1936.374	11.20	4.61	51.68	3.99	7.95	31.71	61.4	3	36.2
1936.434	10.90	4.67	50.88	3.94	7.89	31.08	61.1	3	36.2
1936.538	12.02	4.42	53.12	4.13	8.11	33.55	63.2	3	31.9
1936.683	12.80	4.32	55.27	4.18	8.29	34.61	62.6	3	32.4
1936.743	12.81	4.34	55.60	4.18	8.28	34.63	62.3	3	33.2
1936.847	12.60	4.39	55.33	4.20	8.28	34.74	62.8	3	33.2
1936.992	12.25	4.51	55.28	4.17	8.22	34.29	62.0	3	32.4
1937.052	12.58	4.40	55.39	4.17	8.25	34.44	62.2	3	32.4
1937.156	12.65	4.37	55.22	4.17	8.26	34.43	62.3	3	33.1
1937.301	12.55	4.41	55.41	4.17	8.28	34.55	62.4	3	33.4
1937.361	12.55	4.42	55.45	4.20	8.25	34.68	62.5	3	33.4
1937.465	12.31	4.49	55.26	4.17	8.17	34.10	61.7	3	34.1
1937.610	12.56	4.43	55.62	4.18	8.24	34.47	62.0	3	33.1
1937.670	12.56	4.42	55.50	4.18	8.26	34.55	62.3	3	33.1
1937.774	12.61	4.40	55.43	4.20	8.25	34.69	62.6	3	33.5
1937.919	12.50	4.43	55.42	4.19	8.25	34.62	62.5	3	33.5
1937.979	12.49	4.44	55.49	4.22	8.24	34.81	62.7	3	33.5
1938.083	12.42	4.46	55.38	4.19	8.23	34.50	62.3	3	33.7
1938.228	12.35	4.47	55.24	4.16	8.23	34.23	62.0	3	33.7
1938.288	12.29	4.47	54.95	4.17	8.20	34.21	62.3	3	33.3
1938.392	12.43	4.43	55.06	4.18	8.22	34.33	62.3	3	33.3
1938.537	12.29	4.50	55.27	4.16	8.20	34.12	61.7	3	33.7
1938.597	12.36	4.47	55.29	4.18	8.21	34.29	62.0	3	33.4
1938.701	12.34	4.46	55.04	4.19	8.23	34.49	62.7	3	33.7
1938.846	12.39	4.47	55.35	4.19	8.23	34.52	62.4	3	33.4
1938.906	12.43	4.46	55.41	4.17	8.25	34.36	62.0	3	33.4
1939.010	12.27	4.46	54.75	4.20	8.25	34.66	63.3	3	33.5
1939.155	12.57	4.44	55.75	4.18	8.27	34.54	62.0	3	33.2
1939.215	12.57	4.44	55.78	4.16	8.28	34.45	61.8	3	33.5
1939.319	12.44	4.44	55.28	4.16	8.27	34.41	62.2	3	33.7
1939.464	12.37	4.45	55.08	4.17	8.22	34.32	62.3	3	33.7
1939.524	12.32	4.47	55.06	4.18	8.21	34.33	62.3	3	33.7
1939.628	12.30	4.49	55.19	4.16	8.20	34.17	61.9	3	33.7
1939.773	12.27	4.49	55.09	4.16	8.23	34.25	62.2	3	33.7
1939.833	12.36	4.49	55.48	4.15	8.22	34.15	61.6	3	33.7
1939.937	12.31	4.50	55.32	4.19	8.21	34.38	62.1	3	33.7
1940.082	12.17	4.50	54.77	4.16	8.22	34.18	62.4	3	33.7
1940.142	12.29	4.50	55.35	4.15	8.23	34.16	61.7	3	33.7
1940.246	12.24	4.50	55.09	4.17	8.23	34.27	62.2	3	33.7
1940.391	12.40	4.49	55.64	4.22	8.22	34.67	62.3	3	33.7
1940.451	12.40	4.49	55.63	4.22	8.22	34.67	62.3	3	33.7
1940.555	12.42	4.49	55.75	4.19	8.22	34.48	61.8	3	33.7
1940.700	12.40	4.50	55.83	4.16	8.24	34.28	61.4	3	33.7
1940.760	12.33	4.50	55.45	4.17	8.22	34.32	61.9	3	33.7
1940.864	12.34	4.48	55.28	4.18	8.19	34.27	62.0	3	33.7
1941.009	12.27	4.47	54.80	4.18	8.21	34.30	62.6	3	33.7
1941.069	12.33	4.48	55.21	4.17	8.20	34.18	61.9	3	33.7
1941.173	12.27	4.48	54.97	4.18	8.21	34.34	62.5	3	33.7
1941.318	12.21	4.49	54.79	4.19	8.20	34.34	62.7	3	33.7
1941.378	12.29	4.48	55.10	4.18	8.19	34.26	62.2	3	33.7
1941.482	12.27	4.48	54.98	4.19	8.21	34.39	62.6	3	33.7
1941.627	12.28	4.50	55.25	4.19	8.20	34.37	62.2	3	33.7
1941.687	12.29	4.49	55.22	4.18	8.17	34.17	61.9	3	33.7
1941.791	12.26	4.50	55.18	4.17	8.21	34.26	62.1	3	33.7
1941.936	12.42	4.51	55.97	4.18	8.22	34.33	61.3	3	33.7
1941.996	12.37	4.49	55.57	4.18	8.19	34.24	61.6	3	33.7
1942.100	12.33	4.50	55.42	4.19	8.16	34.24	61.8	3	33.7
1942.245	12.25	4.49	54.98	4.20	8.19	34.40	62.6	3	33.7
1942.305	12.31	4.48	55.17	4.20	8.19	34.40	62.3	3	33.7
1942.409	12.23	4.49	54.88	4.17	8.21	34.28	62.5	3	33.7
1942.554	12.34	4.50	55.51	4.19	8.22	34.44	62.0	3	33.7
1942.614	12.38	4.50	55.70	4.21	8.24	34.68	62.3	3	33.7
1942.718	12.30	4.50	55.30	4.20	8.22	34.49	62.4	3	33.7
1942.863	12.49	4.49	56.07	4.20	8.20	34.43	61.4	3	33.7
1942.923	12.41	4.49	55.73	4.19	8.21	34.42	61.8	3	33.7
1943.027	12.33	4.48	55.25	4.18	8.23	34.40	62.3	3	33.7
1943.172	12.18	4.48	54.60	4.16	8.19	34.05	62.4	3	33.7
1943.232	12.25	4.48	54.87	4.16	8.22	34.20	62.3	3	33.7
1943.336	12.13	4.49	54.43	4.18	8.20	34.26	62.9	3	33.7
1943.481	12.25	4.50	55.07	4.17	8.23	34.36	62.4	3	33.7
1943.541	12.21	4.49	54.77	4.17	8.20	34.18	62.4	3	33.7
1943.645	12.27	4.49	55.10	4.19	8.19	34.31	62.3	3	33.7
1943.790	12.37	4.48	55.44	4.19	8.23	34.45	62.1	3	33.7
1943.850	12.32	4.49	55.36	4.19	8.19	34.30	62.0	3	33.7
1943.954	12.28	4.49	55.16	4.19	8.20	34.31	62.2	3	33.7
1944.099	12.36	4.47	55.21	4.18	8.22	34.38	62.3	3	33.7
1944.159	12.31	4.47	55.02	4.17	8.21	34.25	62.3	3	33.7
1944.263	12.29	4.48	55.10	4.17	8.22	34.30	62.2	3	33.7
1944.408	12.27	4.48	54.99	4.19	8.20	34.38	62.5	3	33.7
1944.468	12.38	4.49	55.55	4.19	8.22	34.44	62.0	3	33.7
1944.572	12.33	4.47	55.07	4.21	8.21	34.53	62.7	3	33.7
1944.717	12.27	4.49	55.09	4.19	8.19	34.30	62.3	3	33.7
1944.777	12.19	4.49	54.71	4.17	8.20	34.18	62.5	3	33.7
1944.881	12.37	4.49	55.57	4.18	8.19	34.27	61.7	3	33.7
1945.026	12.22	4.49	54.85	4.16	8.20	34.10	62.2	3	33.7
1945.086	12.20	4.49	54.79	4.16	8.22	34.19	62.4	3	33.7
1945.190	12.22	4.49	54.85	4.16	8.22	34.22	62.4	3	33.7
1945.335	12.28	4.49	55.16	4.17	8.24	34.39	62.3	3	33.7
1945.395	12.31	4.49	55.34	4.16	8.20	34.15	61.7	3	33.7
1945.499	12.27	4.50	55.18	4.17	8.24	34.34	62.2	3	33.7
1945.644	12.16	4.50	54.73	4.19	8.22	34.48	63.0	3	33.7
1945.704	12.24	4.49	55.00	4.17	8.24	34.33	62.4	3	33.7
1945.808	12.17	4.50	54.75	4.15	8.22	34.17	62.4	3	33.7
1945.953	12.14	4.49	54.53	4.14	8.24	34.11	62.6	3	33.7
1946.013	12.22	4.49	54.88	4.16	8.24	34.27	62.4	3	33.7
1946.117	12.29	4.50	55.31	4.15	8.25	34.26	61.9	3	33.7
1946.262	12.27	4.51	55.32	4.14	8.26	34.21	61.8	3	33.7
1946.322	12.22	4.51	55.14	4.14	8.23	34.11	61.9	3	33.7
1946.426	12.24	4.50	55.11	4.13	8.23	33.97	61.6	3	33.7
1946.571	12.21	4.49	54.82	4.17	8.24	34.37	62.7	3	33.7
1946.631	12.25	4.49	55.00	4.18	8.25	34.46	62.7	3	33.7
1946.735	12.29	4.49	55.26	4.16	8.23	34.23	62.0	3	33.7
1946.880	12.32	4.49	55.31	4.16	8.26	34.39	62.2	3	33.7
1946.940	12.29	4.49	55.24	4.16	8.26	34.38	62.2	3	33.7
1947.044	12.28	4.50	55.22	4.19	8.24	34.48	62.4	3	33.7
1947.189	12.22	4.50	54.92	4.15	8.23	34.14	62.2	3	33.7
1947.249	12.22	4.50	54.96	4.16	8.24	34.31	62.4	3	33.7
1947.353	12.12	4.49	54.42	4.18	8.21	34.32	63.1	3	33.7
1947.498	12.25	4.49	55.01	4.14	8.21	33.98	61.8	3	33.7
1947.558	12.11	4.50	54.50	4.13	8.21	33.90	62.2	3	33.7
1947.662	12.24	4.50	55.08	4.14	8.21	34.03	61.8	3	33.7
1947.807	12.13	4.50	54.55	4.18	8.26	34.53	63.3	3	33.7
1947.867	12.14	4.50	54.63	4.16	8.26	34.41	63.0	3	33.7
1947.971	12.30	4.49	55.23	4.17	8.20	34.23	62.0	3	33.7
1948.116	12.24	4.51	55.23	4.14	8.25	34.18	61.9	3	33.7
1948.176	12.22	4.51	55.11	4.14	8.23	34.04	61.8	3	33.7
1948.280	12.21	4.53	55.25	4.14	8.25	34.17	61.8	3	33.7
1948.425	12.14	4.52	54.92	4.08	8.31	33.89	61.7	3	33.7
1948.485	12.11	4.52	54.77	4.06	8.31	33.76	61.6	3	33.7
1948.589	11.98	4.54	54.36	4.02	8.31	33.36	61.4	3	33.7
1948.734	12.14	4.55	55.27	4.02	8.32	33.47	60.6	3	33.7
1948.794	12.02	4.54	54.62	4.06	8.31	33.75	61.8	3	33.7
1948.898	12.17	4.55	55.33	4.04	8.35	33.75	61.0	3	33.7
1949.043	11.82	4.58	54.13	3.91	8.39	32.81	60.6	3	33.7
1949.103	11.71	4.58	53.68	3.90	8.40	32.78	61.1	3	33.7
1949.207	11.69	4.60	53.73	3.89	8.41	32.67	60.8	3	33.7
1949.352	11.90	4.57	54.44	3.93	8.39	33.01	60.6	3	33.7
1949.412	11.83	4.56	53.92	3.95	8.36	33.02	61.2	3	33.7
1949.516	11.94	4.55	54.40	3.98	8.35	33.22	61.1	3	33.7
1949.661	11.99	4.56	54.71	3.98	8.36	33.28	60.8	3	33.7
1949.721	11.92	4.55	54.25	4.00	8.35	33.40	61.6	3	33.7
1949.825	12.00	4.56	54.64	3.99	8.36	33.37	61.1	3	33.7
1949.970	11.78	4.58	54.01	3.88	8.41	32.65	60.5	3	33.7
1950.030	11.61	4.59	53.26	3.87	8.42	32.60	61.2	3	33.7
1950.134	11.73	4.60	53.99	3.87	8.42	32.58	60.3	3	33.7
1950.279	11.67	4.60	53.69	3.83	8.43	32.28	60.1	3	33.7
1950.339	11.62	4.60	53.45	3.83	8.42	32.25	60.3	3	33.7
1950.443	11.69	4.60	53.74	3.84	8.41	32.33	60.1	3	33.7
1950.588	11.60	4.59	53.25	3.89	8.44	32.81	61.6	3	33.7
1950.648	11.65	4.59	53.48	3.90	8.42	32.82	61.4	3	33.7
1950.752	11.86	4.60	54.53	3.87	8.41	32.55	59.7	3	33.7
1950.897	11.77	4.59	54.06	3.90	8.42	32.81	60.7	3	33.7
1950.957	11.86	4.59	54.39	3.90	8.41	32.77	60.2	3	33.7
1951.061	11.81	4.60	54.28	3.88	8.39	32.60	60.1	3	33.7
1951.206	11.67	4.61	53.82	3.83	8.45	32.39	60.2	3	33.7
1951.266	11.67	4.61	53.85	3.84	8.46	32.52	60.4	3	33.7
1951.370	11.54	4.62	53.31	3.82	8.46	32.28	60.5	3	33.7
1951.515	11.82	4.59	54.22	3.88	8.41	32.67	60.3	3	33.7
1951.575	11.85	4.59	54.41	3.90	8.39	32.72	60.1	3	33.7
1951.679	11.84	4.58	54.22	3.91	8.39	32.86	60.6	3	33.7
1951.824	11.83	4.58	54.21	3.94	8.41	33.09	61.1	3	33.7
1951.884	11.83	4.58	54.23	3.94	8.39	33.04	60.9	3	33.7
1951.988	11.89	4.58	54.40	3.95	8.35	33.01	60.7	3	33.7
1952.133	11.96	4.58	54.74	3.95	8.39	33.09	60.5	3	33.7
1952.193	11.99	4.57	54.81	3.94	8.39	33.09	60.4	3	33.7
1952.297	11.77	4.57	53.81	3.92	8.38	32.86	61.1	3	33.7
1952.442	11.80	4.59	54.14	3.95	8.38	33.14	61.2	3	33.7
1952.502	11.84	4.58	54.22	3.93	8.39	32.93	60.7	3	33.7
1952.606	11.89	4.58	54.48	3.93	8.35	32.79	60.2	3	33.7
1952.751	11.92	4.58	54.62	3.96	8.38	33.22	60.8	3	33.7
1952.811	11.84	4.58	54.20	3.93	8.38	32.91	60.7	3	33.7
1952.915	11.82	4.58	54.09	3.92	8.37	32.83	60.7	3	33.7
1953.060	11.84	4.58	54.21	3.92	8.38	32.87	60.6	3	33.7
1953.120	11.91	4.58	54.56	3.94	8.38	32.99	60.5	3	33.7
1953.224	11.90	4.57	54.41	3.93	8.36	32.88	60.4	3	33.7
1953.369	11.94	4.58	54.73	3.93	8.36	32.87	60.1	3	33.7
1953.429	11.88	4.58	54.40	3.93	8.36	32.87	60.4	3	33.7
1953.533	11.77	4.57	53.80	3.92	8.37	32.85	61.1	3	33.7
1953.678	11.84	4.58	54.29	3.94	8.38	33.04	60.9	3	33.7
1953.738	11.89	4.59	54.54	3.95	8.38	33.12	60.7	3	33.7
1953.842	11.80	4.58	54.06	3.94	8.38	33.02	61.1	3	33.7
1953.987	11.80	4.59	54.11	3.92	8.39	32.90	60.8	3	33.7
1954.047	11.81	4.59	54.22	3.91	8.39	32.83	60.6	3	33.7
1954.151	11.80	4.59	54.13	3.91	8.39	32.79	60.6	3	33.7
1954.296	11.82	4.60	54.38	3.90	8.40	32.73	60.2	3	33.7
1954.356	11.85	4.60	54.52	3.90	8.41	32.80	60.1	3	33.7
1954.460	11.73	4.60	53.95	3.91	8.43	32.94	61.1	3	33.7
1954.605	11.75	4.60	54.04	3.90	8.44	32.95	61.0	3	33.7
1954.665	11.83	4.60	54.39	3.88	8.44	32.76	60.2	3	33.7
1954.769	11.81	4.59	54.22	3.87	8.43	32.63	60.2	3	33.7
1954.914	11.86	4.60	54.57	3.90	8.42	32.82	60.1	3	33.7
1954.974	11.90	4.60	54.67	3.90	8.40	32.77	59.9	3	33.7
1955.078	11.83	4.60	54.39	3.92	8.38	32.82	60.3	3	33.7
1955.223	11.92	4.58	54.61	3.91	8.41	32.90	60.2	3	33.7
1955.283	11.82	4.58	54.20	3.90	8.42	32.82	60.6	3	33.7
1955.387	11.73	4.58	53.74	3.92	8.40	32.95	61.3	3	33.7
1955.532	11.85	4.58	54.31	3.89	8.44	32.85	60.5	3	33.7
1955.592	11.75	4.58	53.86	3.89	8.43	32.78	60.9	3	33.7
1955.696	11.79	4.59	54.12	3.90	8.40	32.80	60.6	3	33.7
1955.841	11.82	4.60	54.40	3.87	8.42	32.61	59.9	3	33.7
1955.901	11.81	4.60	54.33	3.89	8.41	32.71	60.2	3	33.7
1956.005	11.86	4.59	54.48	3.88	8.39	32.56	59.8	3	33.7
1956.150	11.68	4.60	53.67	3.89	8.42	32.73	61.0	3	33.7
1956.210	11.54	4.59	52.98	3.89	8.41	32.74	61.8	3	33.7
1956.314	11.71	4.59	53.70	3.90	8.40	32.78	61.0	3	33.7
1956.459	11.78	4.58	53.93	3.89	8.46	32.94	61.1	3	33.7
1956.519	11.78	4.58	53.98	3.88	8.42	32.67	60.5	3	33.7
1956.623	11.82	4.60	54.32	3.89	8.43	32.82	60.4	3	33.7
1956.768	11.86	4.59	54.43	3.91	8.42	32.92	60.5	3	33.7
1956.828	11.85	4.59	54.36	3.92	8.40	32.91	60.5	3	33.7
1956.932	11.91	4.58	54.59	3.92	8.40	32.93	60.3	3	33.7
1957.077	11.78	4.59	54.09	3.91	8.39	32.77	60.6	3	33.7
1957.137	11.77	4.58	53.86	3.90	8.38	32.68	60.7	3	33.7
1957.241	11.78	4.58	53.96	3.92	8.39	32.86	60.9	3	33.7
1957.386	11.93	4.59	54.72	3.87	8.42	32.61	59.6	3	33.7
1957.446	11.82	4.60	54.32	3.88	8.42	32.69	60.2	3	33.7
1957.550	11.81	4.60	54.29	3.89	8.42	32.76	60.3	3	33.7
1957.695	11.74	4.60	53.94	3.86	8.39	32.40	60.1	3	33.7
1957.755	11.71	4.60	53.88	3.86	8.41	32.45	60.2	3	33.7
1957.859	11.64	4.60	53.54	3.89	8.43	32.75	61.2	3	33.7
1958.004	11.65	4.61	53.71	3.89	8.46	32.92	61.3	3	33.7
1958.064	11.66	4.61	53.80	3.90	8.44	32.90	61.2	3	33.7
1958.168	11.78	4.61	54.33	3.90	8.42	32.82	60.4	3	33.7
1958.313	11.74	4.61	54.19	3.87	8.43	32.60	60.2	3	33.7
1958.373	11.60	4.61	53.49	3.88	8.41	32.64	61.0	3	33.7
1958.477	11.71	4.61	53.94	3.88	8.42	32.67	60.6	3	33.7
1958.622	11.88	4.60	54.70	3.90	8.40	32.77	59.9	3	33.7
1958.682	11.66	4.61	53.71	3.89	8.41	32.74	61.0	3	33.7
1958.786	11.78	4.62	54.40	3.89	8.44	32.85	60.4	3	33.7
1958.931	11.83	4.61	54.49	3.88	8.43	32.72	60.0	3	33.7
1958.991	11.79	4.61	54.40	3.90	8.42	32.89	60.5	3	33.7
1959.095	11.80	4.61	54.42	3.88	8.41	32.64	60.0	3	33.7
1959.240	11.75	4.61	54.10	3.90	8.43	32.86	60.7	3	33.7
1959.300	11.80	4.61	54.41	3.89	8.43	32.77	60.2	3	33.7
1959.404	11.78	4.60	54.11	3.88	8.43	32.70	60.4	3	33.7
1959.549	11.76	4.60	54.04	3.89	8.41	32.75	60.6	3	33.7
1959.609	11.75	4.61	54.16	3.89	8.40	32.70	60.4	3	33.7
1959.713	11.94	4.60	54.96	3.88	8.41	32.67	59.4	3	33.7
1959.858	11.74	4.60	54.05	3.89	8.42	32.76	60.6	3	33.7
1959.918	11.80	4.61	54.39	3.87	8.42	32.59	59.9	3	33.7
1960.022	11.76	4.62	54.37	3.89	8.43	32.76	60.3	3	33.7
1960.167	11.76	4.61	54.24	3.88	8.45	32.75	60.4	3	33.7
1960.227	11.76	4.61	54.21	3.88	8.44	32.73	60.4	3	33.7
1960.331	11.74	4.61	54.10	3.89	8.44	32.82	60.7	3	33.7
1960.476	11.67	4.61	53.82	3.86	8.46	32.65	60.7	3	33.7
1960.536	11.59	4.62	53.55	3.86	8.44	32.57	60.8	3	33.7
1960.640	11.67	4.61	53.81	3.85	8.41	32.43	60.3	3	33.7
1960.785	11.73	4.61	54.09	3.86	8.41	32.50	60.1	3	33.7
1960.845	11.74	4.61	54.05	3.87	8.40	32.48	60.1	3	33.7
1960.949	11.69	4.61	53.83	3.88	8.41	32.65	60.7	3	33.7
1961.094	11.75	4.61	54.14	3.87	8.45	32.70	60.4	3	33.7
1961.154	11.71	4.60	53.87	3.89	8.46	32.93	61.1	3	33.7
1961.258	11.74	4.60	54.01	3.88	8.43	32.68	60.5	3	33.7
1961.403	11.71	4.60	53.84	3.91	8.43	32.99	61.3	3	33.7
1961.463	11.74	4.60	54.03	3.91	8.43	32.97	61.0	3	33.7
1961.567	11.72	4.61	54.00	3.89	8.42	32.73	60.6	3	33.7
1961.712	11.64	4.60	53.59	3.90	8.44	32.89	61.4	3	33.7
1961.772	11.71	4.61	54.02	3.90	8.43	32.85	60.8	3	33.7
1961.876	11.71	4.61	53.98	3.89	8.43	32.81	60.8	3	33.7
1962.021	11.69	4.61	53.84	3.89	8.44	32.82	61.0	3	33.7
1962.081	11.67	4.60	53.71	3.89	8.44	32.79	61.1	3	33.7
1962.185	11.67	4.61	53.73	3.87	8.43	32.66	60.8	3	33.7
1962.330	11.76	4.61	54.17	3.90	8.44	32.90	60.7	3	33.7
1962.390	11.82	4.61	54.54	3.92	8.42	32.99	60.5	3	33.7
1962.494	11.84	4.61	54.60	3.90	8.42	32.81	60.1	3	33.7
1962.639	11.84	4.62	54.67	3.89	8.40	32.66	59.7	3	33.7
1962.699	11.85	4.61	54.63	3.88	8.41	32.61	59.7	3	33.7
1962.803	11.80	4.60	54.33	3.86	8.42	32.48	59.8	3	33.7
1962.948	11.83	4.62	54.59	3.84	8.46	32.50	59.5	3	33.7
1963.008	11.82	4.61	54.56	3.86	8.44	32.58	59.7	3	33.7
1963.112	11.84	4.61	54.58	3.90	8.43	32.84	60.2	3	33.7
1963.257	11.76	4.61	54.19	3.89	8.47	32.92	60.7	3	33.7
1963.317	11.76	4.60	54.07	3.90	8.43	32.89	60.8	3	33.7
1963.421	11.89	4.60	54.73	3.93	8.42	33.09	60.5	3	33.7
1963.566	11.98	4.59	55.02	3.91	8.40	32.88	59.8	3	33.7
1963.626	11.76	4.60	54.06	3.91	8.43	32.94	60.9	3	33.7
1963.730	11.80	4.60	54.22	3.89	8.40	32.67	60.3	3	33.7
1963.875	11.85	4.61	54.66	3.89	8.43	32.81	60.0	3	33.7
1963.935	11.90	4.61	54.91	3.90	8.44	32.92	60.0	3	33.7
1964.039	11.81	4.60	54.34	3.90	8.45	32.99	60.7	3	33.7
1964.184	11.96	4.61	55.09	3.89	8.44	32.85	59.6	3	33.7
1964.244	12.01	4.60	55.23	3.91	8.45	33.03	59.8	3	33.7
1964.348	11.85	4.60	54.53	3.91	8.43	33.00	60.5	3	33.7
1964.493	11.77	4.60	54.15	3.93	8.43	33.13	61.2	3	33.7
1964.553	11.80	4.59	54.16	3.94	8.43	33.19	61.3	3	33.7
1964.657	11.74	4.59	53.95	3.92	8.42	32.98	61.1	3	33.7
1964.802	11.81	4.60	54.33	3.90	8.41	32.82	60.4	3	33.7
1964.862	11.82	4.60	54.43	3.89	8.41	32.74	60.1	3	33.7
1964.966	11.89	4.59	54.63	3.91	8.41	32.90	60.2	3	33.7
1965.111	11.81	4.59	54.24	3.91	8.39	32.79	60.5	3	33.7
1965.171	11.83	4.60	54.46	3.90	8.42	32.85	60.3	3	33.7
1965.275	11.80	4.60	54.33	3.91	8.43	32.96	60.7	3	33.7
1965.420	11.86	4.59	54.45	3.89	8.44	32.83	60.3	3	33.7
1965.480	11.86	4.60	54.50	3.90	8.42	32.88	60.3	3	33.7
1965.584	11.85	4.60	54.45	3.91	8.42	32.90	60.4	3	33.7
1965.729	11.79	4.60	54.28	3.91	8.42	32.90	60.6	3	33.7
1965.789	11.81	4.60	54.29	3.94	8.43	33.21	61.2	3	33.7
1965.893	11.82	4.59	54.25	3.92	8.41	32.99	60.8	3	33.7
1966.038	11.83	4.59	54.29	3.92	8.42	33.00	60.8	3	33.7
1966.098	11.86	4.59	54.47	3.89	8.41	32.70	60.0	3	33.7
1966.202	11.87	4.60	54.57	3.90	8.40	32.81	60.1	3	33.7
1966.347	11.74	4.60	53.95	3.88	8.43	32.71	60.6	3	33.7
1966.407	11.80	4.59	54.14	3.88	8.42	32.73	60.4	3	33.7
1966.511	11.77	4.60	54.10	3.91	8.40	32.84	60.7	3	33.7
1966.656	11.75	4.62	54.27	3.93	8.43	33.14	61.1	3	33.7
1966.716	11.69	4.61	53.92	3.93	8.46	33.27	61.7	3	33.7
1966.820	11.74	4.61	54.10	3.93	8.43	33.12	61.2	3	33.7
1966.965	11.81	4.60	54.35	3.92	8.43	33.09	60.9	3	33.7
1967.025	11.85	4.60	54.54	3.92	8.43	33.08	60.6	3	33.7
1967.129	11.77	4.61	54.25	3.91	8.43	33.00	60.8	3	33.7
1967.274	11.89	4.60	54.72	3.90	8.43	32.89	60.1	3	33.7
1967.334	11.83	4.60	54.45	3.91	8.43	32.94	60.5	3	33.7
1967.438	11.73	4.60	53.98	3.88	8.41	32.65	60.5	3	33.7
1967.583	11.82	4.61	54.53	3.91	8.43	32.91	60.3	3	33.7
1967.643	11.77	4.61	54.20	3.91	8.45	33.00	60.9	3	33.7
1967.747	11.68	4.61	53.83	3.91	8.45	33.05	61.4	3	33.7
1967.892	11.81	4.62	54.60	3.89	8.43	32.76	60.0	3	33.7
1967.952	11.78	4.61	54.31	3.90	8.43	32.84	60.5	3	33.7
1968.056	11.83	4.60	54.45	3.90	8.44	32.87	60.4	3	33.7
1968.201	11.79	4.60	54.19	3.88	8.43	32.73	60.4	3	33.7
1968.261	11.76	4.60	54.06	3.89	8.44	32.83	60.7	3	33.7
1968.365	11.72	4.60	53.91	3.90	8.41	32.85	60.9	3	33.7
1968.510	11.70	4.61	53.93	3.89	8.46	32.90	61.0	3	33.7
1968.570	11.65	4.61	53.67	3.90	8.44	32.89	61.3	3	33.7
1968.674	11.81	4.61	54.47	3.91	8.43	32.93	60.5	3	33.7
1968.819	11.81	4.61	54.41	3.90	8.45	32.92	60.5	3	33.7
1968.879	11.85	4.61	54.60	3.88	8.45	32.79	60.0	3	33.7
1968.983	11.82	4.61	54.44	3.88	8.43	32.76	60.2	3	33.7
1969.128	11.87	4.61	54.66	3.90	8.45	32.94	60.3	3	33.7
1969.188	11.82	4.60	54.39	3.91	8.43	32.93	60.5	3	33.7
1969.292	11.81	4.60	54.29	3.90	8.45	32.93	60.6	3	33.7
1969.437	11.72	4.61	54.05	3.90	8.47	33.02	61.1	3	33.7
1969.497	11.76	4.60	54.10	3.87	8.47	32.80	60.6	3	33.7
1969.601	11.68	4.60	53.70	3.91	8.43	32.98	61.4	3	33.7
1969.746	11.74	4.59	53.93	3.90	8.44	32.86	60.9	3	33.7
1969.806	11.72	4.60	53.85	3.88	8.42	32.67	60.7	3	33.7
1969.910	11.78	4.60	54.24	3.88	8.43	32.76	60.4	3	33.7
1970.055	11.77	4.59	54.01	3.91	8.40	32.89	60.9	3	33.7
1970.115	11.83	4.59	54.31	3.92	8.41	33.00	60.8	3	33.7
1970.219	11.62	4.60	53.42	3.91	8.41	32.88	61.6	3	33.7
1970.364	11.90	4.61	54.80	3.90	8.44	32.89	60.0	3	33.7
1970.424	11.82	4.62	54.62	3.88	8.44	32.70	59.9	3	33.7
1970.528	11.82	4.60	54.41	3.90	8.43	32.89	60.5	3	33.7
1970.673	11.91	4.61	54.96	3.91	8.45	33.04	60.1	3	33.7
1970.733	11.85	4.61	54.67	3.88	8.46	32.79	60.0	3	33.7
1970.837	11.78	4.61	54.30	3.85	8.44	32.52	59.9	3	33.7
1970.982	11.74	4.60	53.98	3.91	8.41	32.86	60.9	3	33.7
1971.042	11.76	4.59	53.96	3.91	8.42	32.90	61.0	3	33.7
1971.146	11.78	4.59	54.11	3.90	8.40	32.76	60.5	3	33.7
1971.291	11.74	4.60	54.00	3.91	8.44	33.04	61.2	3	33.7
1971.351	11.85	4.60	54.47	3.91	8.43	32.98	60.6	3	33.7
1971.455	11.92	4.60	54.79	3.93	8.40	32.97	60.2	3	33.7
1971.600	11.98	4.58	54.92	3.92	8.41	32.99	60.1	3	33.7
1971.660	11.91	4.59	54.64	3.93	8.39	32.96	60.3	3	33.7
1971.764	11.72	4.59	53.86	3.95	8.37	33.09	61.4	3	33.7
1971.909	11.73	4.59	53.83	3.94	8.39	33.10	61.5	3	33.7
1971.969	11.88	4.60	54.60	3.93	8.42	33.10	60.6	3	33.7
1972.073	12.00	4.60	55.21	3.93	8.40	33.04	59.8	3	33.7
1972.218	11.87	4.59	54.54	3.92	8.41	32.94	60.4	3	33.7
1972.278	11.85	4.59	54.45	3.93	8.41	33.04	60.7	3	33.7
1972.382	11.68	4.58	53.50	3.93	8.38	32.88	61.4	3	33.7
1972.527	11.70	4.60	53.74	3.92	8.43	33.06	61.5	3	33.7
1972.587	11.72	4.60	53.85	3.91	8.39	32.80	60.9	3	33.7
1972.691	11.69	4.58	53.58	3.92	8.41	32.97	61.5	3	33.7
1972.836	11.77	4.58	53.98	3.92	8.43	33.01	61.1	3	33.7
1972.896	11.80	4.59	54.18	3.92	8.41	32.98	60.9	3	33.7
1973.000	11.81	4.59	54.18	3.91	8.42	32.93	60.8	3	33.7
1973.145	11.86	4.60	54.52	3.91	8.42	32.95	60.4	3	33.7
1973.205	11.82	4.59	54.33	3.91	8.41	32.90	60.6	3	33.7
1973.309	11.70	4.59	53.71	3.92	8.41	32.96	61.4	3	33.7
1973.454	11.78	4.62	54.42	3.92	8.39	32.86	60.4	3	33.7
1973.514	11.79	4.61	54.40	3.92	8.39	32.87	60.4	3	33.7
1973.618	11.93	4.61	54.99	3.92	8.41	32.95	59.9	3	33.7
1973.763	11.86	4.61	54.62	3.93	8.42	33.06	60.5	3	33.7
1973.823	11.82	4.60	54.32	3.92	8.41	32.93	60.6	3	33.7
1973.927	11.83	4.60	54.39	3.93	8.41	33.02	60.7	3	33.7
1974.072	11.85	4.60	54.56	3.93	8.40	33.02	60.5	3	33.7
1974.132	11.68	4.60	53.72	3.91	8.41	32.88	61.2	3	33.7
1974.236	11.70	4.60	53.81	3.92	8.43	33.02	61.4	3	33.7
1974.381	11.75	4.60	54.01	3.94	8.41	33.13	61.3	3	33.7
1974.441	11.84	4.59	54.30	3.93	8.42	33.09	60.9	3	33.7
1974.545	11.77	4.60	54.17	3.92	8.42	33.01	60.9	3	33.7
1974.690	11.83	4.59	54.29	3.95	8.41	33.21	61.2	3	33.7
1974.750	11.86	4.59	54.39	3.95	8.41	33.22	61.1	3	33.7
1974.854	11.87	4.58	54.33	3.94	8.38	33.03	60.8	3	33.7
1974.999	11.81	4.58	54.09	3.97	8.41	33.38	61.7	3	33.7
1975.059	11.87	4.58	54.40	3.96	8.41	33.30	61.2	3	33.7
1975.163	11.98	4.59	54.98	3.94	8.41	33.15	60.3	3	33.7
1975.308	11.91	4.59	54.63	3.95	8.36	33.04	60.5	3	33.7
1975.368	11.87	4.57	54.21	3.95	8.37	33.06	61.0	3	33.7
1975.472	11.90	4.58	54.53	3.95	8.39	33.13	60.8	3	33.7
1975.617	11.82	4.60	54.33	3.94	8.40	33.11	60.9	3	33.7
1975.677	11.94	4.59	54.80	3.95	8.41	33.23	60.6	3	33.7
1975.781	11.87	4.58	54.41	3.93	8.38	32.97	60.6	3	33.7
1975.926	11.82	4.58	54.10	3.96	8.39	33.24	61.4	3	33.7
1975.986	11.86	4.58	54.28	3.91	8.38	32.79	60.4	3	33.7
1976.090	11.86	4.58	54.38	3.93	8.40	33.01	60.7	3	33.7
1976.235	11.82	4.59	54.23	3.96	8.40	33.25	61.3	3	33.7
1976.295	11.77	4.59	54.02	3.94	8.40	33.12	61.3	3	33.7
1976.399	11.90	4.60	54.71	3.95	8.41	33.22	60.7	3	33.7
1976.544	11.84	4.59	54.37	3.94	8.40	33.05	60.8	3	33.7
1976.604	11.84	4.60	54.45	3.93	8.40	33.03	60.7	3	33.7
1976.708	11.84	4.59	54.30	3.96	8.37	33.14	61.0	3	33.7
1976.853	11.77	4.59	53.96	3.97	8.38	33.27	61.7	3	33.7
1976.913	11.81	4.59	54.24	3.95	8.40	33.22	61.2	3	33.7
1977.017	11.96	4.58	54.83	3.95	8.39	33.10	60.4	3	33.7
1977.162	11.91	4.58	54.51	3.95	8.37	33.08	60.7	3	33.7
1977.222	11.88	4.58	54.39	3.95	8.36	33.03	60.7	3	33.7
1977.326	11.94	4.58	54.69	3.96	8.35	33.06	60.5	3	33.7
1977.471	11.95	4.59	54.91	3.93	8.38	32.96	60.0	3	33.7
1977.531	11.87	4.59	54.55	3.93	8.40	33.01	60.5	3	33.7
1977.635	11.88	4.59	54.45	3.93	8.38	32.93	60.5	3	33.7
1977.780	11.82	4.59	54.20	3.97	8.38	33.27	61.4	3	33.7
1977.840	11.85	4.58	54.33	3.96	8.39	33.25	61.2	3	33.7
1977.944	11.82	4.58	54.12	3.97	8.39	33.26	61.5	3	33.7
1978.089	12.06	4.58	55.29	3.97	8.36	33.20	60.0	3	33.7
1978.149	12.03	4.58	55.18	3.95	8.34	32.94	59.7	3	33.7
1978.253	11.97	4.58	54.78	3.96	8.38	33.14	60.5	3	33.7
1978.398	11.90	4.57	54.39	3.99	8.37	33.39	61.4	3	33.7
1978.458	11.94	4.58	54.67	3.99	8.35	33.31	60.9	3	33.7
1978.562	11.94	4.58	54.72	3.98	8.36	33.29	60.8	3	33.7
1978.707	11.92	4.58	54.62	3.97	8.40	33.32	61.0	3	33.7
1978.767	11.77	4.59	54.00	3.96	8.39	33.22	61.5	3	33.7
1978.871	11.88	4.59	54.46	3.97	8.37	33.24	61.0	3	33.7
1979.016	11.86	4.58	54.35	3.96	8.36	33.12	60.9	3	33.7
1979.076	11.84	4.58	54.24	3.97	8.36	33.15	61.1	3	33.7
1979.180	11.81	4.59	54.17	3.97	8.39	33.33	61.5	3	33.7
1979.325	11.86	4.59	54.51	3.98	8.40	33.42	61.3	3	33.7
1979.385	11.89	4.60	54.69	3.97	8.37	33.24	60.8	3	33.7
1979.489	11.80	4.58	54.00	3.97	8.36	33.17	61.4	3	33.7
1979.634	11.84	4.57	54.16	3.98	8.37	33.29	61.5	3	33.7
1979.694	11.88	4.58	54.35	3.99	8.37	33.35	61.4	3	33.7
1979.798	11.92	4.58	54.58	3.97	8.36	33.23	60.9	3	33.7
1979.943	11.88	4.59	54.54	3.95	8.38	33.13	60.8	3	33.7
1980.003	11.83	4.59	54.34	3.96	8.38	33.20	61.1	3	33.7
1980.107	11.83	4.60	54.39	3.92	8.41	33.00	60.7	3	33.7
1980.252	11.93	4.60	54.85	3.95	8.42	33.27	60.7	3	33.7
1980.312	11.86	4.60	54.51	3.94	8.41	33.14	60.8	3	33.7
1980.416	11.76	4.60	54.09	3.90	8.39	32.76	60.6	3	33.7
1980.561	11.64	4.59	53.40	3.95	8.41	33.21	62.2	3	33.7
1980.621	11.73	4.58	53.78	3.95	8.39	33.12	61.6	3	33.7
1980.725	11.77	4.59	53.99	3.93	8.41	33.08	61.3	3	33.7
1980.870	11.72	4.58	53.64	3.94	8.38	33.04	61.6	3	33.7
1980.930	11.81	4.59	54.23	3.92	8.41	33.01	60.9	3	33.7
1981.034	11.57	4.61	53.32	3.90	8.46	33.01	61.9	3	33.7
1981.179	11.73	4.62	54.21	3.88	8.46	32.80	60.5	3	33.7
1981.239	11.78	4.61	54.33	3.91	8.43	32.94	60.6	3	33.7
1981.343	11.84	4.61	54.55	3.90	8.43	32.86	60.2	3	33.7
1981.488	11.81	4.59	54.23	3.93	8.43	33.14	61.1	3	33.7
1981.548	11.83	4.59	54.25	3.91	8.41	32.89	60.6	3	33.7
1981.652	11.81	4.59	54.17	3.93	8.41	33.04	61.0	3	33.7
1981.797	11.77	4.60	54.08	3.94	8.41	33.15	61.3	3	33.7
1981.857	11.76	4.60	54.05	3.93	8.41	33.07	61.2	3	33.7
1981.961	11.78	4.59	54.11	3.92	8.40	32.97	60.9	3	33.7
1982.106	11.79	4.60	54.21	3.93	8.42	33.11	61.1	3	33.7
1982.166	11.84	4.60	54.43	3.93	8.41	33.10	60.8	3	33.7
1982.270	11.91	4.59	54.71	3.95	8.41	33.17	60.6	3	33.7
1982.415	11.83	4.60	54.47	3.93	8.42	33.10	60.8	3	33.7
1982.475	11.80	4.61	54.38	3.90	8.42	32.83	60.4	3	33.7
1982.579	11.87	4.61	54.69	3.92	8.41	32.95	60.2	3	33.7
1982.724	11.84	4.60	54.52	3.91	8.42	32.95	60.4	3	33.7
1982.784	11.88	4.60	54.61	3.93	8.42	33.07	60.6	3	33.7
1982.888	11.81	4.60	54.32	3.96	8.42	33.33	61.4	3	33.7
1983.033	11.96	4.59	54.96	3.95	8.40	33.16	60.3	3	33.7
1983.093	11.92	4.59	54.78	3.96	8.40	33.23	60.7	3	33.7
1983.197	11.82	4.60	54.31	3.96	8.39	33.24	61.2	3	33.7
1983.342	11.98	4.58	54.90	3.99	8.38	33.38	60.8	3	33.7
1983.402	11.99	4.58	54.93	4.00	8.38	33.46	60.9	3	33.7
1983.506	11.90	4.59	54.59	3.98	8.39	33.38	61.1	3	33.7
1983.651	11.85	4.59	54.37	3.98	8.44	33.56	61.7	3	33.7
1983.711	11.83	4.59	54.31	3.99	8.42	33.59	61.8	3	33.7
1983.815	11.93	4.59	54.78	3.97	8.39	33.31	60.8	3	33.7
1983.960	11.94	4.59	54.75	3.95	8.41	33.23	60.7	3	33.7
1984.020	11.83	4.60	54.40	3.96	8.43	33.40	61.4	3	33.7
1984.124	11.74	4.60	53.97	3.96	8.42	33.39	61.9	3	33.7
1984.269	11.89	4.59	54.61	3.94	8.41	33.10	60.6	3	33.7
1984.329	11.87	4.59	54.53	3.94	8.39	33.08	60.7	3	33.7
1984.433	11.91	4.59	54.65	3.95	8.41	33.21	60.8	3	33.7
1984.578	11.93	4.59	54.82	3.96	8.41	33.30	60.7	3	33.7
1984.638	11.89	4.60	54.63	3.96	8.42	33.33	61.0	3	33.7
1984.742	11.87	4.59	54.46	3.96	8.40	33.29	61.1	3	33.7
1984.887	11.82	4.59	54.29	3.93	8.43	33.11	61.0	3	33.7
1984.947	11.80	4.59	54.15	3.94	8.40	33.11	61.1	3	33.7
1985.051	11.80	4.59	54.20	3.94	8.39	33.05	61.0	3	33.7
1985.196	11.97	4.58	54.86	3.97	8.39	33.30	60.7	3	33.7
1985.256	11.98	4.58	54.89	3.98	8.38	33.32	60.7	3	33.7
1985.360	12.00	4.59	55.11	4.00	8.38	33.56	60.9	3	33.7
1985.505	11.86	4.60	54.57	3.97	8.39	33.29	61.0	3	33.7
1985.565	11.89	4.60	54.69	3.97	8.39	33.32	60.9	3	33.7
1985.669	11.94	4.59	54.79	3.97	8.38	33.29	60.8	3	33.7
1985.814	11.79	4.60	54.20	3.96	8.42	33.37	61.6	3	33.7
1985.874	11.81	4.59	54.17	3.96	8.42	33.36	61.6	3	33.7
1985.978	11.84	4.59	54.32	3.98	8.41	33.45	61.6	3	33.7
1986.123	11.84	4.58	54.25	3.98	8.42	33.46	61.7	3	33.7
1986.183	12.00	4.59	55.08	3.97	8.41	33.43	60.7	3	33.7
1986.287	11.88	4.59	54.49	3.98	8.39	33.36	61.2	3	33.7
1986.432	11.88	4.60	54.59	3.97	8.42	33.45	61.3	3	33.7
1986.492	11.86	4.61	54.64	3.96	8.40	33.27	60.9	3	33.7
1986.596	11.91	4.59	54.68	3.99	8.41	33.55	61.4	3	33.7
1986.741	11.94	4.59	54.76	3.99	8.40	33.49	61.2	3	33.7
1986.801	11.85	4.59	54.37	3.97	8.40	33.33	61.3	3	33.7
1986.905	11.97	4.58	54.87	3.96	8.41	33.32	60.7	3	33.7
1987.050	11.86	4.59	54.43	3.97	8.43	33.48	61.5	3	33.7
1987.110	11.90	4.59	54.68	3.95	8.43	33.32	60.9	3	33.7
1987.214	11.87	4.59	54.50	3.96	8.42	33.32	61.1	3	33.7
1987.359	11.82	4.59	54.32	3.95	8.40	33.15	61.0	3	33.7
1987.419	11.82	4.60	54.32	3.95	8.37	33.05	60.8	3	33.7
1987.523	11.86	4.60	54.49	3.94	8.41	33.11	60.8	3	33.7
1987.668	11.80	4.60	54.24	3.93	8.41	33.04	60.9	3	33.7
1987.728	11.77	4.60	54.11	3.94	8.42	33.21	61.4	3	33.7
1987.832	11.86	4.60	54.57	3.94	8.43	33.26	61.0	3	33.7
1987.977	11.91	4.58	54.57	3.93	8.42	33.06	60.6	3	33.7
1988.037	11.81	4.59	54.26	3.94	8.42	33.13	61.1	3	33.7
1988.141	11.81	4.59	54.26	3.95	8.41	33.18	61.2	3	33.7
1988.286	11.81	4.59	54.21	3.93	8.43	33.14	61.1	3	33.7
1988.346	11.83	4.59	54.31	3.94	8.40	33.15	61.0	3	33.7
1988.450	11.81	4.59	54.27	3.94	8.41	33.15	61.1	3	33.7
1988.595	11.71	4.60	53.91	3.91	8.43	32.96	61.1	3	33.7
1988.655	11.80	4.60	54.31	3.91	8.42	32.94	60.6	3	33.7
1988.759	11.84	4.59	54.30	3.93	8.40	33.01	60.8	3	33.7
1988.904	11.86	4.60	54.59	3.92	8.43	33.04	60.5	3	33.7
1988.964	11.83	4.60	54.45	3.93	8.44	33.16	60.9	3	33.7
1989.068	11.80	4.61	54.41	3.91	8.44	32.94	60.5	3	33.7
1989.213	11.90	4.61	54.80	3.90	8.45	32.90	60.0	3	33.7
1989.273	11.85	4.61	54.65	3.89	8.45	32.85	60.1	3	33.7
1989.377	11.84	4.60	54.47	3.94	8.44	33.22	61.0	3	33.7
1989.522	11.91	4.60	54.75	3.97	8.42	33.46	61.1	3	33.7
1989.582	11.91	4.59	54.73	3.97	8.41	33.40	61.0	3	33.7
1989.686	11.91	4.60	54.76	3.95	8.40	33.16	60.6	3	33.7
1989.831	12.01	4.60	55.25	3.96	8.40	33.23	60.1	3	33.7
1989.891	11.87	4.60	54.60	3.97	8.41	33.40	61.2	3	33.7
1989.995	11.91	4.59	54.73	3.94	8.42	33.16	60.6	3	33.7
1990.140	11.82	4.60	54.32	3.95	8.41	33.22	61.2	3	33.7
1990.200	11.86	4.59	54.47	3.95	8.41	33.20	60.9	3	33.7
1990.304	11.75	4.59	53.97	3.95	8.41	33.20	61.5	3	33.7
1990.449	11.84	4.59	54.37	3.95	8.38	33.07	60.8	3	33.7
1990.509	11.79	4.59	54.17	3.93	8.40	33.02	61.0	3	33.7
1990.613	11.78	4.58	53.96	3.96	8.40	33.25	61.6	3	33.7
1990.758	11.83	4.60	54.38	3.95	8.41	33.19	61.0	3	33.7
1990.818	11.76	4.60	54.12	3.93	8.40	33.02	61.0	3	33.7
1990.922	11.75	4.59	53.99	3.92	8.41	32.97	61.1	3	33.7
1991.067	11.75	4.61	54.13	3.89	8.43	32.80	60.6	3	33.7
1991.127	11.82	4.60	54.40	3.91	8.41	32.88	60.4	3	33.7
1991.231	11.83	4.61	54.54	3.92	8.39	32.95	60.4	3	33.7
1991.376	11.72	4.60	53.87	3.93	8.44	33.19	61.6	3	33.7
1991.436	11.79	4.59	54.10	3.91	8.43	32.95	60.9	3	33.7
1991.540	11.71	4.59	53.74	3.95	8.41	33.19	61.8	3	33.7
1991.685	11.83	4.59	54.34	3.94	8.41	33.13	61.0	3	33.7
1991.745	11.80	4.59	54.12	3.98	8.41	33.47	61.8	3	33.7
1991.849	11.93	4.57	54.54	3.98	8.38	33.35	61.2	3	33.7
1991.994	11.83	4.58	54.14	3.97	8.38	33.30	61.5	3	33.7
1992.054	11.70	4.58	53.60	3.98	8.41	33.51	62.5	3	33.7
1992.158	11.70	4.60	53.80	3.96	8.42	33.31	61.9	3	33.7
1992.303	11.84	4.59	54.42	3.93	8.39	32.97	60.6	3	33.7
1992.363	11.83	4.60	54.39	3.94	8.39	33.06	60.8	3	33.7
1992.467	11.87	4.59	54.55	3.95	8.41	33.21	60.9	3	33.7
1992.612	11.89	4.59	54.63	3.96	8.42	33.33	61.0	3	33.7
1992.672	11.89	4.60	54.64	3.95	8.40	33.23	60.8	3	33.7
1992.776	11.85	4.58	54.33	3.94	8.40	33.10	60.9	3	33.7
1992.921	11.87	4.59	54.45	3.96	8.39	33.23	61.0	3	33.7
1992.981	11.83	4.59	54.32	3.96	8.41	33.26	61.2	3	33.7
1993.085	11.76	4.59	53.99	3.97	8.40	33.33	61.7	3	33.7
1993.230	11.77	4.59	54.04	3.94	8.42	33.20	61.4	3	33.7
1993.290	11.80	4.59	54.13	3.98	8.42	33.47	61.8	3	33.7
1993.394	11.90	4.59	54.59	3.96	8.44	33.42	61.2	3	33.7
1993.539	11.89	4.60	54.65	3.96	8.41	33.29	60.9	3	33.7
1993.599	11.90	4.60	54.70	3.95	8.41	33.24	60.8	3	33.7
1993.703	11.83	4.59	54.33	3.94	8.39	33.04	60.8	3	33.7
1993.848	11.64	4.59	53.50	3.95	8.40	33.17	62.0	3	33.7
1993.908	11.69	4.59	53.69	3.94	8.41	33.12	61.7	3	33.7
1994.012	11.70	4.60	53.77	3.94	8.41	33.13	61.6	3	33.7
1994.157	11.80	4.60	54.26	3.92	8.40	32.94	60.7	3	33.7
1994.217	11.80	4.60	54.31	3.93	8.41	33.07	60.9	3	33.7
1994.321	11.83	4.59	54.33	3.95	8.41	33.20	61.1	3	33.7
1994.466	11.86	4.60	54.53	3.94	8.40	33.15	60.8	3	33.7
1994.526	11.91	4.60	54.80	3.95	8.38	33.13	60.5	3	33.7
1994.630	11.87	4.59	54.51	3.96	8.41	33.29	61.1	3	33.7
1994.775	11.70	4.58	53.65	3.97	8.40	33.34	62.1	3	33.7
1994.835	11.82	4.59	54.21	4.00	8.40	33.60	62.0	3	33.7
1994.939	11.96	4.58	54.79	3.98	8.39	33.42	61.0	3	33.7
1995.084	11.91	4.58	54.57	3.98	8.39	33.39	61.2	3	33.7
1995.144	11.93	4.59	54.78	3.97	8.40	33.36	60.9	3	33.7
1995.248	11.97	4.60	55.09	3.95	8.42	33.24	60.3	3	33.7
1995.393	12.02	4.61	55.40	3.94	8.40	33.06	59.7	3	33.7
1995.453	11.91	4.61	54.86	3.93	8.41	33.02	60.2	3	33.7
1995.557	11.83	4.61	54.48	3.91	8.41	32.89	60.4	3	33.7
1995.702	11.94	4.61	55.02	3.91	8.43	32.98	60.0	3	33.7
1995.762	12.03	4.61	55.42	3.91	8.44	32.99	59.5	3	33.7
1995.866	11.90	4.61	54.87	3.87	8.44	32.69	59.6	3	33.7
1996.011	11.85	4.61	54.56	3.88	8.45	32.82	60.2	3	33.7
1996.071	11.88	4.60	54.69	3.89	8.44	32.85	60.1	3	33.7
1996.175	11.84	4.62	54.64	3.87	8.43	32.66	59.8	3	33.7
1996.320	11.77	4.62	54.33	3.87	8.45	32.70	60.2	3	33.7
1996.380	11.81	4.62	54.52	3.83	8.46	32.40	59.4	3	33.7
1996.484	11.73	4.62	54.20	3.84	8.44	32.38	59.7	3	33.7
1996.629	11.69	4.62	54.02	3.87	8.45	32.70	60.5	3	33.7
1996.689	11.73	4.61	54.08	3.86	8.45	32.63	60.3	3	33.7
1996.793	11.80	4.61	54.36	3.85	8.46	32.59	60.0	3	33.7
1996.938	11.76	4.62	54.36	3.87	8.49	32.87	60.5	3	33.7
1996.998	11.79	4.61	54.39	3.90	8.44	32.95	60.6	3	33.7
1997.102	11.88	4.59	54.52	3.96	8.42	33.31	61.1	3	33.7
1997.247	11.92	4.59	54.74	3.95	8.37	33.06	60.4	3	33.7
1997.307	11.82	4.58	54.09	3.98	8.36	33.28	61.5	3	33.7
1997.411	11.85	4.58	54.30	3.98	8.37	33.31	61.3	3	33.7
1997.556	11.96	4.58	54.83	3.99	8.41	33.51	61.1	3	33.7
1997.616	11.97	4.58	54.82	3.96	8.41	33.26	60.7	3	33.7
1997.720	11.97	4.57	54.76	3.99	8.42	33.61	61.4	3	33.7
1997.865	12.05	4.55	54.84	4.06	8.34	33.89	61.8	3	33.7
1997.925	12.17	4.53	55.10	4.14	8.29	34.28	62.2	3	33.7
1998.029	12.39	4.47	55.39	4.27	8.18	34.95	63.1	3	33.7
1998.174	11.74	4.60	54.08	3.82	8.49	32.38	59.9	3	33.7
1998.234	11.41	4.65	53.03	3.68	8.55	31.43	59.3	3	33.7
1998.338	11.17	4.68	52.29	3.57	8.60	30.65	58.6	3	33.7
1998.483	11.17	4.71	52.57	3.53	8.64	30.46	57.9	3	33.7
1998.543	11.11	4.71	52.30	3.51	8.65	30.38	58.1	3	33.7
1998.647	11.13	4.71	52.41	3.52	8.65	30.41	58.0	3	33.7
1998.792	11.03	4.71	51.99	3.51	8.66	30.44	58.5	3	33.7
1998.852	11.02	4.71	51.94	3.50	8.68	30.40	58.5	3	33.7
1998.956	10.93	4.71	51.53	3.48	8.68	30.20	58.6	3	33.7
1999.101	10.90	4.71	51.30	3.47	8.65	29.97	58.4	3	33.7
1999.161	10.97	4.71	51.64	3.47	8.65	30.04	58.2	3	33.7
1999.265	10.97	4.71	51.64	3.46	8.67	30.03	58.1	3	33.7
1999.410	11.03	4.71	51.91	3.48	8.66	30.17	58.1	3	33.7
1999.470	11.06	4.71	52.09	3.49	8.66	30.18	57.9	3	33.7
1999.574	10.97	4.70	51.63	3.49	8.66	30.26	58.6	3	33.7
1999.719	11.05	4.72	52.13	3.51	8.68	30.44	58.4	3	33.7
1999.779	11.06	4.71	52.12	3.50	8.67	30.32	58.2	3	33.7
1999.883	11.05	4.72	52.16	3.50	8.67	30.29	58.1	3	33.7
2000.028	10.94	4.72	51.64	3.50	8.65	30.23	58.5	3	33.7
2000.088	11.00	4.71	51.84	3.50	8.64	30.27	58.4	3	33.7
2000.192	11.07	4.71	52.20	3.51	8.63	30.27	58.0	3	33.7
2000.337	11.03	4.70	51.88	3.48	8.63	29.98	57.8	3	33.7
2000.397	11.08	4.71	52.16	3.47	8.64	30.01	57.5	3	33.7
2000.501	11.12	4.72	52.47	3.43	8.64	29.67	56.6	3	33.7
2000.646	11.01	4.71	51.91	3.53	8.65	30.53	58.8	3	33.7
2000.706	11.03	4.71	51.97	3.51	8.66	30.38	58.5	3	33.7
2000.810	11.03	4.71	51.93	3.47	8.66	30.06	57.9	3	33.7
2000.955	11.04	4.70	51.90	3.49	8.68	30.29	58.4	3	33.7
2001.015	11.05	4.71	52.03	3.50	8.65	30.24	58.1	3	33.7
2001.119	11.08	4.70	52.14	3.49	8.63	30.11	57.7	3	33.7
2001.264	11.04	4.71	52.05	3.49	8.64	30.15	57.9	3	33.7
2001.324	11.04	4.71	52.07	3.49	8.66	30.18	58.0	3	33.7
2001.428	11.04	4.71	52.03	3.48	8.65	30.13	57.9	3	33.7
2001.573	11.07	4.72	52.30	3.46	8.66	29.99	57.3	3	33.7
2001.633	10.99	4.72	51.91	3.46	8.65	29.94	57.7	3	33.7
2001.737	10.95	4.72	51.71	3.46	8.67	29.98	58.0	3	33.7
2001.882	11.13	4.71	52.48	3.49	8.69	30.31	57.8	3	33.7
2001.942	11.06	4.72	52.17	3.47	8.64	29.99	57.5	3	33.7
2002.046	10.97	4.71	51.73	3.52	8.65	30.49	58.9	3	33.7
2002.191	11.08	4.72	52.31	3.45	8.67	29.87	57.1	3	33.7
2002.251	11.03	4.71	51.97	3.47	8.64	29.96	57.6	3	33.7
2002.355	10.97	4.72	51.79	3.50	8.64	30.27	58.4	3	33.7
2002.500	10.99	4.72	51.85	3.46	8.66	29.99	57.8	3	33.7
2002.560	11.01	4.71	51.89	3.49	8.67	30.24	58.3	3	33.7
2002.664	11.02	4.71	51.92	3.48	8.66	30.14	58.1	3	33.7
2002.809	11.03	4.72	52.05	3.47	8.64	29.98	57.6	3	33.7
2002.869	11.02	4.72	51.99	3.50	8.64	30.21	58.1	3	33.7
2002.973	10.81	4.72	51.04	3.46	8.66	29.99	58.8	3	33.7
2003.118	10.94	4.72	51.68	3.47	8.65	30.05	58.2	3	33.7
2003.178	10.98	4.72	51.85	3.48	8.64	30.06	58.0	3	33.7
2003.282	10.98	4.72	51.80	3.48	8.66	30.14	58.2	3	33.7
2003.427	10.99	4.72	51.85	3.53	8.69	30.65	59.1	3	33.7
2003.487	10.98	4.72	51.78	3.50	8.67	30.34	58.6	3	33.7
2003.591	10.94	4.72	51.62	3.49	8.64	30.15	58.4	3	33.7
2003.736	11.10	4.72	52.36	3.49	8.66	30.18	57.6	3	33.7
2003.796	10.98	4.73	51.93	3.48	8.66	30.13	58.0	3	33.7
2003.900	10.98	4.71	51.68	3.48	8.66	30.17	58.4	3	33.7
2004.045	11.07	4.72	52.25	3.47	8.64	29.96	57.3	3	33.7
2004.105	11.03	4.72	52.00	3.46	8.65	29.96	57.6	3	33.7
2004.209	11.03	4.72	52.08	3.48	8.63	30.06	57.7	3	33.7
2004.354	10.96	4.72	51.73	3.50	8.66	30.29	58.6	3	33.7
2004.414	10.97	4.73	51.85	3.50	8.66	30.29	58.4	3	33.7
2004.518	10.95	4.72	51.71	3.47	8.65	30.03	58.1	3	33.7
2004.663	10.91	4.72	51.48	3.47	8.64	30.00	58.3	3	33.7
2004.723	10.91	4.71	51.44	3.47	8.66	30.07	58.4	3	33.7
2004.827	10.99	4.72	51.82	3.48	8.64	30.08	58.0	3	33.7
2004.972	10.88	4.73	51.45	3.47	8.65	30.05	58.4	3	33.7
2005.032	10.98	4.72	51.89	3.47	8.66	30.00	57.8	3	33.7
2005.136	11.00	4.72	51.93	3.48	8.65	30.07	57.9	3	33.7
2005.281	11.08	4.73	52.45	3.49	8.67	30.25	57.7	3	33.7
2005.341	10.78	4.73	50.97	3.48	8.67	30.14	59.1	3	33.7
2005.445	10.84	4.71	51.06	3.48	8.68	30.24	59.2	3	33.7
2005.590	10.85	4.71	51.17	3.49	8.67	30.29	59.2	3	33.7
2005.650	10.92	4.71	51.42	3.49	8.67	30.28	58.9	3	33.7
2005.754	10.96	4.72	51.68	3.48	8.66	30.17	58.4	3	33.7
2005.899	10.98	4.73	51.88	3.51	8.65	30.33	58.5	3	33.7
2005.959	11.02	4.72	52.08	3.49	8.65	30.16	57.9	3	33.7
2496.382	37.12	0.27	10.13	0.42	0.84	0.35	3.5	3	21.2
2496.442	27.82	1.10	30.50	1.81	3.62	6.57	21.5	3	21.2
2496.546	18.84	2.71	51.09	3.24	6.24	20.18	39.5	3	33.7
2496.691	9.57	4.30	41.16	3.24	6.17	19.98	48.5	3	46.2
2496.751	7.14	4.53	32.39	2.87	5.41	15.54	48.0	3	58.7
2496.855	4.08	4.71	19.24	2.24	4.07	9.12	47.4	3	33.7
2496.999	11.40	3.85	43.86	3.50	6.84	23.95	54.6	3	53.2
2497.059	7.71	4.30	33.13	2.96	5.56	16.49	49.8	3	53.2
2497.163	6.15	4.60	28.25	2.89	5.29	15.30	54.1	3	46.7
2497.308	11.24	3.55	39.90	3.33	6.16	20.53	51.5	3	23.0
2497.368	13.78	2.94	40.51	3.49	6.45	22.54	55.6	3	33.7
2497.472	14.64	3.15	46.07	3.85	7.38	28.42	61.7	3	27.1
2497.617	8.93	4.31	38.48	3.40	6.46	21.93	57.0	3	43.6
2497.677	10.24	4.29	43.95	3.69	7.04	25.99	59.1	3	31.3
2497.781	12.72	4.01	50.95	4.02	7.79	31.36	61.6	3	23.0
2497.926	13.75	3.35	46.02	3.75	7.28	27.33	59.4	3	39.6
2497.986	11.11	4.02	44.62	3.68	7.12	26.21	58.7	3	39.6
2498.090	12.18	4.08	49.67	3.96	7.67	30.39	61.2	3	30.1
2498.235	11.48	4.39	50.33	4.08	7.85	32.04	63.7	3	36.4
2498.295	11.16	4.51	50.35	4.06	7.86	31.93	63.4	3	32.1
2498.399	12.62	4.33	54.68	4.25	8.21	34.89	63.8	3	32.1
2498.544	12.55	4.40	55.26	4.29	8.29	35.55	64.3	3	33.7
2498.604	12.16	4.47	54.37	4.25	8.24	35.00	64.4	3	34.3
2498.708	12.18	4.48	54.53	4.24	8.27	35.03	64.2	3	32.9
2498.853	12.09	4.45	53.80	4.25	8.29	35.22	65.5	3	34.0
2498.913	12.00	4.49	53.84	4.22	8.27	34.89	64.8	3	34.0
2499.017	11.99	4.52	54.21	4.24	8.21	34.80	64.2	3	34.1
2499.162	12.39	4.45	55.15	4.25	8.26	35.08	63.6	3	33.2
2499.222	12.41	4.42	54.92	4.27	8.27	35.30	64.3	3	32.7
2499.326	12.65	4.37	55.33	4.31	8.30	35.77	64.6	3	33.7
2499.471	12.33	4.44	54.76	4.26	8.25	35.14	64.2	3	34.1
2499.531	12.19	4.49	54.69	4.25	8.21	34.93	63.9	3	34.1
2499.635	12.06	4.52	54.48	4.19	8.24	34.54	63.4	3	33.8
2499.780	12.09	4.52	54.58	4.15	8.32	34.54	63.3	3	33.5
2499.840	12.21	4.51	55.06	4.14	8.33	34.54	62.7	3	33.7
2499.944	12.07	4.54	54.74	4.11	8.29	34.04	62.2	3	34.0
2500.089	12.10	4.52	54.67	4.15	8.31	34.47	63.0	3	33.5
2500.149	12.14	4.52	54.88	4.14	8.32	34.44	62.8	3	33.8
2500.253	12.12	4.53	54.87	4.14	8.31	34.39	62.7	3	33.4
2500.398	12.04	4.52	54.41	4.17	8.30	34.62	63.6	3	34.1
2500.458	11.96	4.55	54.40	4.15	8.28	34.34	63.1	3	34.1
2500.562	11.85	4.56	54.07	4.14	8.27	34.24	63.3	3	34.2
2500.707	11.80	4.55	53.73	4.15	8.23	34.12	63.5	3	34.0
2500.767	11.89	4.55	54.08	4.15	8.26	34.27	63.4	3	33.7
2500.871	11.98	4.54	54.41	4.15	8.31	34.46	63.3	3	33.7
2501.016	11.82	4.56	53.91	4.10	8.29	33.96	63.0	3	33.7
2501.076	11.93	4.57	54.47	4.08	8.32	33.96	62.3	3	33.7
2501.180	11.98	4.55	54.48	4.10	8.32	34.12	62.6	3	33.7
2501.325	11.95	4.54	54.25	4.11	8.33	34.28	63.2	3	33.7
2501.385	12.04	4.54	54.66	4.11	8.33	34.23	62.6	3	33.7
2501.489	11.97	4.55	54.40	4.11	8.31	34.17	62.8	3	33.7
2501.634	12.02	4.54	54.54	4.11	8.31	34.17	62.6	3	33.7
2501.694	12.08	4.53	54.74	4.11	8.32	34.17	62.4	3	33.7
2501.798	11.99	4.54	54.43	4.10	8.30	34.01	62.5	3	33.7
2501.943	11.99	4.53	54.33	4.08	8.30	33.91	62.4	3	33.7
2502.003	12.03	4.53	54.46	4.11	8.33	34.18	62.8	3	33.7
2502.107	12.02	4.53	54.43	4.11	8.29	34.03	62.5	3	33.7
2502.252	11.95	4.54	54.24	4.11	8.31	34.15	63.0	3	33.7
2502.312	11.87	4.54	53.93	4.11	8.32	34.17	63.4	3	33.7
2502.416	11.90	4.54	54.03	4.12	8.32	34.26	63.4	3	33.7
2502.561	12.28	4.53	55.68	4.09	8.34	34.10	61.2	3	33.7
2502.621	12.08	4.53	54.70	4.11	8.35	34.32	62.7	3	33.7
2502.725	12.01	4.53	54.45	4.09	8.35	34.13	62.7	3	33.7
2502.870	12.08	4.55	54.95	4.10	8.37	34.29	62.4	3	33.7
2502.930	11.97	4.54	54.32	4.09	8.36	34.23	63.0	3	33.7
2503.034	11.88	4.54	53.89	4.07	8.31	33.86	62.8	3	33.7
2503.179	11.91	4.53	54.00	4.06	8.33	33.84	62.7	3	33.7
2503.239	11.92	4.53	54.03	4.08	8.33	33.95	62.8	3	33.7
2503.343	11.94	4.53	54.12	4.09	8.32	34.01	62.8	3	33.7
2503.488	11.88	4.54	53.88	4.07	8.32	33.84	62.8	3	33.7
2503.548	11.91	4.54	54.07	4.07	8.31	33.82	62.6	3	33.7
2503.652	11.94	4.54	54.17	4.09	8.33	34.06	62.9	3	33.7
2503.797	12.01	4.54	54.54	4.12	8.30	34.21	62.7	3	33.7
2503.857	11.98	4.54	54.39	4.10	8.31	34.08	62.7	3	33.7
2503.961	11.89	4.54	53.97	4.09	8.31	33.95	62.9	3	33.7
2504.106	11.95	4.54	54.26	4.10	8.34	34.21	63.0	3	33.7
2504.166	11.90	4.54	53.99	4.13	8.32	34.35	63.6	3	33.7
2504.270	12.06	4.54	54.78	4.10	8.33	34.15	62.3	3	33.7
2504.415	11.92	4.54	54.14	4.10	8.34	34.20	63.2	3	33.7
2504.475	11.93	4.54	54.15	4.09	8.33	34.06	62.9	3	33.7
2504.579	11.88	4.54	53.97	4.10	8.35	34.26	63.5	3	33.7
2504.724	11.95	4.54	54.27	4.09	8.34	34.11	62.8	3	33.7
2504.784	11.96	4.54	54.25	4.08	8.33	34.02	62.7	3	33.7
2504.888	11.93	4.54	54.08	4.07	8.32	33.90	62.7	3	33.7
2505.033	11.92	4.54	54.17	4.08	8.34	34.04	62.8	3	33.7
2505.093	11.89	4.54	53.99	4.09	8.34	34.12	63.2	3	33.7
2505.197	11.91	4.54	54.06	4.08	8.33	33.98	62.9	3	33.7
2505.342	11.90	4.55	54.19	4.06	8.32	33.80	62.4	3	33.7
2505.402	11.91	4.56	54.28	4.06	8.30	33.73	62.1	3	33.7
2505.506	12.05	4.55	54.79	4.07	8.32	33.87	61.8	3	33.7
2505.651	11.81	4.54	53.65	4.07	8.34	33.95	63.3	3	33.7
2505.711	11.87	4.54	53.91	4.08	8.34	33.98	63.0	3	33.7
2505.815	11.88	4.55	54.07	4.08	8.34	34.01	62.9	3	33.7
2505.960	11.82	4.56	53.90	4.07	8.36	34.01	63.1	3	33.7
2506.020	11.91	4.54	54.12	4.06	8.36	33.96	62.7	3	33.7
2506.124	11.91	4.55	54.18	4.06	8.36	33.93	62.6	3	33.7
2506.269	11.79	4.55	53.64	4.05	8.33	33.76	62.9	3	33.7
2506.329	11.72	4.55	53.33	4.03	8.36	33.71	63.2	3	33.7
2506.433	11.86	4.55	53.97	4.06	8.36	33.96	62.9	3	33.7
2506.578	12.01	4.56	54.75	4.04	8.35	33.73	61.6	3	33.7
2506.638	11.94	4.56	54.43	4.03	8.37	33.76	62.0	3	33.7
2506.742	11.90	4.56	54.31	4.03	8.38	33.73	62.1	3	33.7
2506.887	11.92	4.56	54.31	4.07	8.37	34.08	62.8	3	33.7
2506.947	11.91	4.55	54.19	4.05	8.38	33.96	62.7	3	33.7
2507.051	11.94	4.55	54.30	4.05	8.36	33.88	62.4	3	33.7
2507.196	11.88	4.57	54.22	4.07	8.36	34.04	62.8	3	33.7
2507.256	11.87	4.56	54.10	4.06	8.33	33.82	62.5	3	33.7
2507.360	11.87	4.56	54.07	4.05	8.32	33.73	62.4	3	33.7
2507.505	11.83	4.56	54.01	4.04	8.37	33.84	62.7	3	33.7
2507.565	11.85	4.56	54.06	4.04	8.37	33.80	62.5	3	33.7
2507.669	11.92	4.56	54.38	4.05	8.35	33.79	62.1	3	33.7
2507.814	11.95	4.56	54.52	4.03	8.36	33.63	61.7	3	33.7
2507.874	11.91	4.56	54.28	4.03	8.36	33.65	62.0	3	33.7
2507.978	11.82	4.55	53.77	4.03	8.39	33.81	62.9	3	33.7
2508.123	11.79	4.55	53.61	4.07	8.39	34.20	63.8	3	33.7
2508.183	11.84	4.55	53.87	4.09	8.37	34.28	63.6	3	33.7
2508.287	11.89	4.55	54.12	4.04	8.36	33.83	62.5	3	33.7
2508.432	11.87	4.56	54.13	4.05	8.34	33.78	62.4	3	33.7
2508.492	11.93	4.56	54.44	4.04	8.35	33.70	61.9	3	33.7
2508.596	11.91	4.56	54.27	4.04	8.33	33.65	62.0	3	33.7
2508.741	11.90	4.55	54.19	4.06	8.36	33.94	62.6	3	33.7
2508.801	11.90	4.55	54.13	4.07	8.37	34.03	62.9	3	33.7
2508.905	11.92	4.56	54.37	4.08	8.35	34.08	62.7	3	33.7
2509.050	11.96	4.55	54.37	4.08	8.35	34.06	62.6	3	33.7
2509.110	12.04	4.56	54.90	4.06	8.36	33.92	61.8	3	33.7
2509.214	11.92	4.57	54.46	4.07	8.38	34.11	62.6	3	33.7
2509.359	11.91	4.56	54.23	4.05	8.38	33.97	62.6	3	33.7
2509.419	11.98	4.54	54.40	4.07	8.37	34.05	62.6	3	33.7
2509.523	11.95	4.55	54.38	4.05	8.36	33.86	62.3	3	33.7
2509.668	11.94	4.56	54.46	4.00	8.37	33.50	61.5	3	33.7
2509.728	11.92	4.56	54.33	4.04	8.35	33.71	62.1	3	33.7
2509.832	11.88	4.55	54.10	4.06	8.36	33.96	62.8	3	33.7
2509.977	11.96	4.55	54.47	4.05	8.38	33.92	62.3	3	33.7
2510.037	11.95	4.55	54.34	4.05	8.37	33.88	62.4	3	33.7
2510.141	11.95	4.55	54.39	4.04	8.37	33.79	62.1	3	33.7
2510.286	11.97	4.55	54.43	4.05	8.36	33.86	62.2	3	33.7
2510.346	11.99	4.56	54.66	4.05	8.36	33.83	61.9	3	33.7
2510.450	11.93	4.56	54.39	4.03	8.37	33.76	62.1	3	33.7
2510.595	11.92	4.56	54.28	4.03	8.37	33.76	62.2	3	33.7
2510.655	11.98	4.56	54.64	4.02	8.38	33.74	61.7	3	33.7
2510.759	11.95	4.56	54.46	4.04	8.37	33.85	62.2	3	33.7
2510.904	11.97	4.56	54.60	4.06	8.38	34.05	62.4	3	33.7
2510.964	11.98	4.55	54.55	4.07	8.38	34.11	62.5	3	33.7
2511.068	11.93	4.56	54.42	4.03	8.37	33.71	61.9	3	33.7
2511.213	11.92	4.56	54.38	4.06	8.38	33.97	62.5	3	33.7
2511.273	11.86	4.56	54.10	4.04	8.36	33.78	62.4	3	33.7
2511.377	11.88	4.56	54.22	4.04	8.36	33.77	62.3	3	33.7
2511.522	11.87	4.55	54.07	4.04	8.37	33.83	62.6	3	33.7
2511.582	11.81	4.57	53.96	4.04	8.37	33.79	62.6	3	33.7
2511.686	11.87	4.56	54.10	4.04	8.37	33.83	62.5	3	33.7
2511.831	11.85	4.56	54.05	4.03	8.37	33.76	62.5	3	33.7
2511.891	11.82	4.56	53.91	4.07	8.36	34.00	63.1	3	33.7
2511.995	11.80	4.55	53.66	4.05	8.36	33.88	63.1	3	33.7
2512.140	11.83	4.55	53.87	4.05	8.34	33.80	62.7	3	33.7
2512.200	11.88	4.56	54.16	4.06	8.33	33.79	62.4	3	33.7
2512.304	11.76	4.55	53.51	4.07	8.36	34.07	63.7	3	33.7
2512.449	11.87	4.55	53.98	4.07	8.39	34.12	63.2	3	33.7
2512.509	11.83	4.55	53.81	4.08	8.38	34.22	63.6	3	33.7
2512.613	11.91	4.54	54.02	4.04	8.36	33.82	62.6	3	33.7
2512.758	11.90	4.54	54.04	4.05	8.34	33.77	62.5	3	33.7
2512.818	11.87	4.54	53.90	4.05	8.34	33.80	62.7	3	33.7
2512.922	11.83	4.54	53.77	4.05	8.36	33.82	62.9	3	33.7
2513.067	11.90	4.55	54.14	4.04	8.36	33.73	62.3	3	33.7
2513.127	12.08	4.55	54.93	4.05	8.36	33.85	61.6	3	33.7
2513.231	12.03	4.55	54.74	4.04	8.35	33.73	61.6	3	33.7
2513.376	11.92	4.56	54.37	4.04	8.37	33.86	62.3	3	33.7
2513.436	11.91	4.55	54.22	4.05	8.34	33.76	62.3	3	33.7
2513.540	11.91	4.56	54.34	4.05	8.37	33.86	62.3	3	33.7
2513.685	11.89	4.56	54.23	4.06	8.36	33.96	62.6	3	33.7
2513.745	11.91	4.56	54.34	4.06	8.36	33.98	62.5	3	33.7
2513.849	11.85	4.57	54.09	4.04	8.36	33.77	62.4	3	33.7
2513.994	11.89	4.56	54.28	4.05	8.37	33.88	62.4	3	33.7
2514.054	11.90	4.56	54.24	4.04	8.37	33.82	62.4	3	33.7
2514.158	11.90	4.56	54.30	4.05	8.38	33.96	62.5	3	33.7
2514.303	11.94	4.57	54.60	4.02	8.39	33.74	61.8	3	33.7
2514.363	11.97	4.57	54.70	4.03	8.37	33.72	61.6	3	33.7
2514.467	11.96	4.56	54.58	4.03	8.34	33.66	61.7	3	33.7
2514.612	11.70	4.51	52.74	4.01	8.26	33.15	62.8	3	33.7
2514.672	11.76	4.53	53.28	4.03	8.30	33.42	62.7	3	33.7
2514.776	11.82	4.54	53.69	4.04	8.36	33.80	63.0	3	33.7
2514.921	12.00	4.55	54.63	4.03	8.36	33.70	61.7	3	33.7
2514.981	11.98	4.56	54.63	4.03	8.38	33.78	61.8	3	33.7
2515.085	11.95	4.56	54.46	4.05	8.35	33.83	62.1	3	33.7
2515.230	11.99	4.56	54.64	4.06	8.32	33.82	61.9	3	33.7
2515.290	11.95	4.56	54.45	4.07	8.35	33.99	62.4	3	33.7
2515.394	12.00	4.56	54.76	4.05	8.35	33.82	61.8	3	33.7
2515.539	11.84	4.56	54.02	4.04	8.36	33.82	62.6	3	33.7
2515.599	11.86	4.57	54.13	4.01	8.40	33.69	62.2	3	33.7
2515.703	11.83	4.56	53.96	4.04	8.36	33.80	62.6	3	33.7
2515.848	11.90	4.57	54.34	4.02	8.38	33.70	62.0	3	33.7
2515.908	11.95	4.57	54.55	4.03	8.37	33.71	61.8	3	33.7
2516.012	11.91	4.56	54.35	4.04	8.38	33.84	62.3	3	33.7
2516.157	11.89	4.56	54.28	4.02	8.39	33.75	62.2	3	33.7
2516.217	11.83	4.56	53.98	4.03	8.38	33.74	62.5	3	33.7
2516.321	11.87	4.56	54.13	4.03	8.37	33.75	62.3	3	33.7
2516.466	11.83	4.56	53.98	4.04	8.38	33.86	62.7	3	33.7
2516.526	11.84	4.56	53.96	4.01	8.37	33.58	62.2	3	33.7
2516.630	11.85	4.56	54.07	4.02	8.38	33.63	62.2	3	33.7
2516.775	11.76	4.56	53.59	4.03	8.38	33.74	63.0	3	33.7
2516.835	11.77	4.56	53.67	4.03	8.39	33.83	63.0	3	33.7
2516.939	11.82	4.56	53.89	4.02	8.35	33.59	62.3	3	33.7
2517.084	11.91	4.56	54.27	4.03	8.39	33.82	62.3	3	33.7
2517.144	11.89	4.56	54.29	4.02	8.38	33.68	62.0	3	33.7
2517.248	11.90	4.57	54.37	3.98	8.39	33.44	61.5	3	33.7
2517.393	11.89	4.56	54.24	4.01	8.39	33.61	62.0	3	33.7
2517.453	11.88	4.56	54.20	4.00	8.38	33.51	61.8	3	33.7
2517.557	11.87	4.57	54.25	4.03	8.38	33.71	62.1	3	33.7
2517.702	11.93	4.56	54.45	3.99	8.39	33.45	61.4	3	33.7
2517.762	11.86	4.57	54.22	4.00	8.39	33.55	61.9	3	33.7
2517.866	11.75	4.57	53.70	4.00	8.37	33.46	62.3	3	33.7
2518.011	11.78	4.57	53.82	3.99	8.38	33.42	62.1	3	33.7
2518.071	11.84	4.56	54.03	4.00	8.37	33.48	62.0	3	33.7
2518.175	11.73	4.56	53.51	4.01	8.38	33.59	62.8	3	33.7
2518.320	11.83	4.56	53.98	4.01	8.36	33.49	62.0	3	33.7
2518.380	11.79	4.56	53.81	4.01	8.34	33.43	62.1	3	33.7
2518.484	11.89	4.55	54.13	4.02	8.35	33.55	62.0	3	33.7
2518.629	11.93	4.55	54.27	4.02	8.34	33.47	61.7	3	33.7
2518.689	11.87	4.54	53.92	4.04	8.34	33.74	62.6	3	33.7
2518.793	11.90	4.55	54.18	4.03	8.34	33.62	62.1	3	33.7
2518.938	11.95	4.56	54.45	4.07	8.33	33.92	62.3	3	33.7
2518.998	11.98	4.56	54.63	4.06	8.35	33.90	62.0	3	33.7
2519.102	11.96	4.56	54.57	4.05	8.36	33.86	62.1	3	33.7
2519.247	11.95	4.55	54.38	4.05	8.35	33.85	62.2	3	33.7
2519.307	11.75	4.56	53.53	4.04	8.37	33.84	63.2	3	33.7
2519.411	11.96	4.56	54.56	4.06	8.36	33.96	62.2	3	33.7
2519.556	11.83	4.56	53.98	4.05	8.33	33.69	62.4	3	33.7
2519.616	11.89	4.56	54.21	4.03	8.32	33.56	61.9	3	33.7
2519.720	11.79	4.56	53.80	4.00	8.37	33.44	62.2	3	33.7
2519.865	11.75	4.58	53.77	3.96	8.39	33.18	61.7	3	33.7
2519.925	11.77	4.57	53.77	3.96	8.39	33.19	61.7	3	33.7
2520.029	11.72	4.58	53.70	3.97	8.38	33.28	62.0	3	33.7
2520.174	11.82	4.59	54.22	3.95	8.40	33.22	61.3	3	33.7
2520.234	11.81	4.59	54.23	3.94	8.41	33.12	61.1	3	33.7
2520.338	11.80	4.58	54.07	3.92	8.40	32.95	60.9	3	33.7
2520.483	11.69	4.58	53.58	3.93	8.42	33.07	61.7	3	33.7
2520.543	11.71	4.59	53.72	3.94	8.43	33.17	61.8	3	33.7
2520.647	11.73	4.59	53.82	3.93	8.41	33.08	61.5	3	33.7
2520.792	11.72	4.59	53.76	3.88	8.43	32.69	60.8	3	33.7
2520.852	11.66	4.60	53.61	3.87	8.42	32.60	60.8	3	33.7
2520.956	11.67	4.61	53.76	3.89	8.42	32.72	60.9	3	33.7
2521.101	11.73	4.60	53.90	3.90	8.44	32.94	61.1	3	33.7
2521.161	11.64	4.60	53.53	3.91	8.44	33.01	61.7	3	33.7
2521.265	11.55	4.60	53.15	3.88	8.42	32.70	61.5	3	33.7
2521.410	11.60	4.60	53.35	3.89	8.43	32.75	61.4	3	33.7
2521.470	11.51	4.60	52.97	3.89	8.44	32.87	62.0	3	33.7
2521.574	11.63	4.61	53.55	3.86	8.46	32.62	60.9	3	33.7
2521.719	11.57	4.61	53.39	3.86	8.46	32.67	61.2	3	33.7
2521.779	11.64	4.61	53.60	3.87	8.46	32.74	61.1	3	33.7
2521.883	11.65	4.61	53.65	3.85	8.44	32.50	60.6	3	33.7
2522.028	11.48	4.61	52.90	3.84	8.46	32.55	61.5	3	33.7
2522.088	11.51	4.61	53.01	3.86	8.46	32.64	61.6	3	33.7
2522.192	11.56	4.61	53.33	3.84	8.46	32.49	60.9	3	33.7
2522.337	11.48	4.61	52.90	3.88	8.43	32.73	61.9	3	33.7
2522.397	11.50	4.61	53.07	3.88	8.42	32.66	61.5	3	33.7
2522.501	11.62	4.60	53.40	3.87	8.43	32.62	61.1	3	33.7
2522.646	11.64	4.60	53.55	3.87	8.48	32.80	61.3	3	33.7
2522.706	11.46	4.61	52.84	3.85	8.44	32.52	61.5	3	33.7
2522.810	11.58	4.61	53.35	3.85	8.42	32.47	60.9	3	33.7
2522.955	11.58	4.60	53.25	3.85	8.45	32.50	61.0	3	33.7
2523.015	11.58	4.60	53.27	3.86	8.48	32.70	61.4	3	33.7
2523.119	11.59	4.60	53.37	3.87	8.44	32.67	61.2	3	33.7
2523.264	11.55	4.61	53.23	3.86	8.44	32.53	61.1	3	33.7
2523.324	11.58	4.61	53.38	3.88	8.44	32.72	61.3	3	33.7
2523.428	11.56	4.60	53.14	3.88	8.45	32.77	61.7	3	33.7
2523.573	11.61	4.59	53.29	3.88	8.45	32.77	61.5	3	33.7
2523.633	11.68	4.58	53.55	3.89	8.44	32.85	61.3	3	33.7
2523.737	11.62	4.59	53.32	3.89	8.45	32.87	61.6	3	33.7
2523.882	11.56	4.59	53.07	3.87	8.44	32.67	61.6	3	33.7
2523.942	11.50	4.60	52.83	3.89	8.44	32.78	62.1	3	33.7
2524.046	11.54	4.60	53.13	3.86	8.44	32.63	61.4	3	33.7
2524.191	11.68	4.60	53.77	3.87	8.44	32.68	60.8	3	33.7
2524.251	11.62	4.60	53.47	3.86	8.42	32.54	60.9	3	33.7
2524.355	11.61	4.61	53.58	3.82	8.45	32.30	60.3	3	33.7
2524.500	11.42	4.63	52.86	3.77	8.49	31.97	60.5	3	33.7
2524.560	11.30	4.63	52.30	3.76	8.51	32.02	61.2	3	33.7
2524.664	11.38	4.63	52.62	3.72	8.53	31.76	60.4	3	33.7
2524.809	11.44	4.63	53.01	3.70	8.51	31.44	59.3	3	33.7
2524.869	11.39	4.63	52.68	3.71	8.50	31.57	59.9	3	33.7
2524.973	11.40	4.63	52.80	3.72	8.50	31.68	60.0	3	33.7
2525.118	11.47	4.62	53.04	3.71	8.50	31.58	59.5	3	33.7
2525.178	11.38	4.63	52.71	3.72	8.50	31.57	59.9	3	33.7
2525.282	11.43	4.63	52.94	3.73	8.48	31.63	59.7	3	33.7
2525.427	11.52	4.64	53.50	3.74	8.50	31.76	59.4	3	33.7
2525.487	11.50	4.64	53.31	3.74	8.49	31.80	59.6	3	33.7
2525.591	11.50	4.63	53.20	3.76	8.48	31.92	60.0	3	33.7
2525.736	11.57	4.63	53.59	3.77	8.48	32.02	59.7	3	33.7
2525.796	11.52	4.63	53.31	3.77	8.47	31.97	60.0	3	33.7
2525.900	11.64	4.62	53.75	3.77	8.47	31.95	59.4	3	33.7
2526.045	11.61	4.61	53.57	3.78	8.49	32.05	59.8	3	33.7
2526.105	11.50	4.62	53.16	3.77	8.46	31.90	60.0	3	33.7
2526.209	11.48	4.63	53.10	3.75	8.49	31.85	60.0	3	33.7
2526.354	11.47	4.63	53.14	3.78	8.50	32.16	60.5	3	33.7
2526.414	11.41	4.64	52.93	3.75	8.50	31.91	60.3	3	33.7
2526.518	11.40	4.64	52.84	3.76	8.50	31.99	60.5	3	33.7
2526.663	11.51	4.62	53.18	3.76	8.50	31.93	60.0	3	33.7
2526.723	11.44	4.63	52.92	3.73	8.47	31.61	59.7	3	33.7
2526.827	11.59	4.63	53.65	3.73	8.47	31.56	58.8	3	33.7
2526.972	11.50	4.63	53.19	3.72	8.49	31.59	59.4	3	33.7
2527.032	11.42	4.63	52.87	3.71	8.50	31.51	59.6	3	33.7
2527.136	11.41	4.63	52.85	3.72	8.49	31.57	59.7	3	33.7
2527.281	11.45	4.63	53.02	3.73	8.49	31.69	59.8	3	33.7
2527.341	11.51	4.63	53.32	3.72	8.50	31.67	59.4	3	33.7
2527.445	11.48	4.64	53.33	3.73	8.50	31.68	59.4	3	33.7
2527.590	11.54	4.64	53.60	3.74	8.54	31.89	59.5	3	33.7
2527.650	11.48	4.65	53.35	3.73	8.53	31.78	59.6	3	33.7
2527.754	11.43	4.64	53.04	3.74	8.49	31.76	59.9	3	33.7
2527.899	11.41	4.65	53.01	3.74	8.52	31.88	60.1	3	33.7
2527.959	11.39	4.65	52.95	3.74	8.53	31.91	60.3	3	33.7
2528.063	11.41	4.64	52.91	3.73	8.51	31.75	60.0	3	33.7
2528.208	11.46	4.64	53.17	3.72	8.51	31.67	59.6	3	33.7
2528.268	11.48	4.64	53.23	3.73	8.51	31.77	59.7	3	33.7
2528.372	11.53	4.62	53.24	3.74	8.51	31.79	59.7	3	33.7
2528.517	11.39	4.64	52.84	3.71	8.50	31.57	59.8	3	33.7
2528.577	11.41	4.64	52.93	3.72	8.53	31.68	59.8	3	33.7
2528.681	11.41	4.65	53.01	3.70	8.53	31.58	59.6	3	33.7
2528.826	11.45	4.65	53.27	3.67	8.54	31.33	58.8	3	33.7
2528.886	11.41	4.64	52.98	3.69	8.55	31.54	59.5	3	33.7
2528.990	11.43	4.65	53.16	3.69	8.50	31.36	59.0	3	33.7
2529.135	11.39	4.66	53.02	3.67	8.50	31.24	58.9	3	33.7
2529.195	11.41	4.66	53.10	3.67	8.50	31.19	58.7	3	33.7
2529.299	11.33	4.65	52.65	3.69	8.51	31.39	59.6	3	33.7
2529.444	11.35	4.64	52.73	3.71	8.55	31.72	60.2	3	33.7
2529.504	11.41	4.63	52.88	3.69	8.57	31.61	59.8	3	33.7
2529.608	11.28	4.63	52.21	3.70	8.54	31.55	60.4	3	33.7
2529.753	11.40	4.65	52.96	3.68	8.54	31.44	59.4	3	33.7
2529.813	11.39	4.65	52.94	3.70	8.53	31.54	59.6	3	33.7
2529.917	11.34	4.65	52.78	3.69	8.52	31.42	59.5	3	33.7
2530.062	11.35	4.65	52.73	3.68	8.55	31.44	59.6	3	33.7
2530.122	11.27	4.66	52.45	3.67	8.56	31.39	59.9	3	33.7
2530.226	11.32	4.65	52.59	3.67	8.55	31.37	59.6	3	33.7
2530.371	11.37	4.65	52.85	3.72	8.54	31.75	60.1	3	33.7
2530.431	11.36	4.65	52.78	3.70	8.54	31.55	59.8	3	33.7
2530.535	11.36	4.65	52.79	3.68	8.52	31.39	59.5	3	33.7
2530.680	11.32	4.65	52.65	3.68	8.56	31.54	59.9	3	33.7
2530.740	11.46	4.64	53.14	3.71	8.56	31.73	59.7	3	33.7
2530.844	11.39	4.64	52.86	3.70	8.51	31.52	59.6	3	33.7
2530.989	11.43	4.65	53.15	3.69	8.54	31.49	59.2	3	33.7
2531.049	11.35	4.64	52.71	3.69	8.52	31.47	59.7	3	33.7
2531.153	11.24	4.65	52.23	3.74	8.56	31.98	61.2	3	33.7
2531.298	11.45	4.65	53.22	3.71	8.51	31.58	59.3	3	33.7
2531.358	11.38	4.65	52.90	3.72	8.53	31.69	59.9	3	33.7
2531.462	11.36	4.64	52.76	3.72	8.53	31.73	60.1	3	33.7
2531.607	11.45	4.64	53.12	3.72	8.52	31.67	59.6	3	33.7
2531.667	11.45	4.65	53.21	3.72	8.52	31.70	59.6	3	33.7
2531.771	11.42	4.63	52.89	3.70	8.53	31.60	59.7	3	33.7
2531.916	11.36	4.64	52.72	3.72	8.52	31.68	60.1	3	33.7
2531.976	11.36	4.64	52.64	3.73	8.52	31.77	60.3	3	33.7
2532.080	11.46	4.64	53.11	3.72	8.52	31.70	59.7	3	33.7
2532.225	11.39	4.64	52.86	3.72	8.52	31.71	60.0	3	33.7
2532.285	11.40	4.64	52.87	3.71	8.51	31.59	59.7	3	33.7
2532.389	11.44	4.65	53.18	3.74	8.50	31.77	59.7	3	33.7
2532.534	11.52	4.65	53.58	3.72	8.53	31.76	59.3	3	33.7
2532.594	11.48	4.65	53.38	3.72	8.53	31.71	59.4	3	33.7
2532.698	11.45	4.64	53.18	3.73	8.53	31.80	59.8	3	33.7
2532.843	11.44	4.64	53.14	3.74	8.54	31.91	60.0	3	33.7
2532.903	11.33	4.65	52.64	3.74	8.53	31.89	60.6	3	33.7
2533.007	11.41	4.65	53.03	3.73	8.52	31.77	59.9	3	33.7
2533.152	11.46	4.65	53.27	3.73	8.53	31.83	59.8	3	33.7
2533.212	11.48	4.64	53.29	3.74	8.53	31.89	59.8	3	33.7
2533.316	11.35	4.65	52.84	3.73	8.51	31.72	60.0	3	33.7
2533.461	11.39	4.65	52.94	3.73	8.51	31.71	59.9	3	33.7
2533.521	11.37	4.65	52.88	3.71	8.51	31.60	59.8	3	33.7
2533.625	11.36	4.64	52.76	3.70	8.52	31.51	59.7	3	33.7
2533.770	11.35	4.65	52.79	3.69	8.53	31.50	59.7	3	33.7
2533.830	11.41	4.64	52.93	3.70	8.53	31.58	59.7	3	33.7
2533.934	11.47	4.64	53.24	3.71	8.53	31.64	59.4	3	33.7
2534.079	11.59	4.64	53.81	3.73	8.52	31.77	59.0	3	33.7
2534.139	11.53	4.65	53.57	3.73	8.52	31.79	59.3	3	33.7
2534.243	11.34	4.65	52.73	3.74	8.51	31.84	60.4	3	33.7
2534.388	11.50	4.64	53.39	3.74	8.48	31.68	59.3	3	33.7
2534.448	11.28	4.64	52.36	3.72	8.51	31.65	60.4	3	33.7
2534.552	11.38	4.65	52.87	3.71	8.50	31.56	59.7	3	33.7
2534.697	11.48	4.65	53.39	3.71	8.55	31.74	59.5	3	33.7
2534.757	11.45	4.65	53.18	3.72	8.54	31.80	59.8	3	33.7
2534.861	11.52	4.64	53.50	3.73	8.54	31.87	59.6	3	33.7
2535.006	11.47	4.64	53.25	3.72	8.56	31.88	59.9	3	33.7
2535.066	11.53	4.65	53.58	3.73	8.58	31.97	59.7	3	33.7
2535.170	11.46	4.66	53.34	3.72	8.57	31.88	59.8	3	33.7
2535.315	11.49	4.65	53.38	3.72	8.56	31.84	59.6	3	33.7
2535.375	11.52	4.65	53.51	3.71	8.55	31.73	59.3	3	33.7
2535.479	11.40	4.65	53.04	3.71	8.55	31.72	59.8	3	33.7
2535.624	11.36	4.65	52.83	3.76	8.55	32.15	60.9	3	33.7
2535.684	11.34	4.65	52.68	3.74	8.55	32.00	60.8	3	33.7
2535.788	11.42	4.64	53.03	3.74	8.52	31.83	60.0	3	33.7
2535.933	11.47	4.66	53.41	3.71	8.56	31.74	59.4	3	33.7
2535.993	11.41	4.65	53.10	3.72	8.55	31.82	59.9	3	33.7
2536.097	11.47	4.65	53.31	3.71	8.56	31.81	59.7	3	33.7
2536.242	11.39	4.65	53.00	3.73	8.53	31.78	60.0	3	33.7
2536.302	11.36	4.65	52.76	3.72	8.55	31.78	60.2	3	33.7
2536.406	11.45	4.65	53.28	3.72	8.54	31.79	59.7	3	33.7
2536.551	11.41	4.66	53.17	3.73	8.53	31.78	59.8	3	33.7
2536.611	11.42	4.66	53.18	3.72	8.54	31.79	59.8	3	33.7
2536.715	11.50	4.66	53.55	3.73	8.54	31.83	59.4	3	33.7
2536.860	11.43	4.67	53.34	3.72	8.54	31.79	59.6	3	33.7
2536.920	11.49	4.66	53.54	3.74	8.53	31.91	59.6	3	33.7
2537.024	11.43	4.64	53.10	3.73	8.55	31.91	60.1	3	33.7
2537.169	11.43	4.65	53.21	3.73	8.53	31.85	59.9	3	33.7
2537.229	11.45	4.64	53.13	3.72	8.54	31.74	59.7	3	33.7
2537.333	11.37	4.64	52.77	3.70	8.55	31.61	59.9	3	33.7
2537.478	11.42	4.64	52.95	3.72	8.54	31.77	60.0	3	33.7
2537.538	11.52	4.64	53.49	3.73	8.54	31.85	59.6	3	33.7
2537.642	11.36	4.65	52.82	3.73	8.51	31.72	60.0	3	33.7
2537.787	11.44	4.65	53.16	3.70	8.54	31.60	59.4	3	33.7
2537.847	11.45	4.65	53.21	3.70	8.52	31.50	59.2	3	33.7
2537.951	11.46	4.65	53.28	3.71	8.53	31.63	59.4	3	33.7
2538.096	11.35	4.65	52.76	3.73	8.54	31.85	60.4	3	33.7
2538.156	11.47	4.65	53.32	3.72	8.53	31.70	59.5	3	33.7
2538.260	11.46	4.64	53.17	3.72	8.51	31.63	59.5	3	33.7
2538.405	11.29	4.64	52.42	3.71	8.55	31.71	60.5	3	33.7
2538.465	11.29	4.65	52.46	3.71	8.54	31.67	60.4	3	33.7
2538.569	11.30	4.65	52.56	3.74	8.56	32.00	60.9	3	33.7
2538.714	11.44	4.65	53.19	3.72	8.52	31.68	59.6	3	33.7
2538.774	11.44	4.65	53.22	3.72	8.53	31.69	59.5	3	33.7
2538.878	11.38	4.65	52.86	3.70	8.53	31.56	59.7	3	33.7
2539.023	11.33	4.65	52.63	3.70	8.53	31.54	59.9	3	33.7
2539.083	11.33	4.65	52.66	3.70	8.52	31.50	59.8	3	33.7
2539.187	11.43	4.64	53.04	3.71	8.51	31.56	59.5	3	33.7
2539.332	11.36	4.65	52.84	3.70	8.55	31.60	59.8	3	33.7
2539.392	11.37	4.64	52.79	3.69	8.54	31.51	59.7	3	33.7
2539.496	11.44	4.65	53.19	3.68	8.52	31.37	59.0	3	33.7
2539.641	11.47	4.65	53.41	3.70	8.50	31.46	58.9	3	33.7
2539.701	11.46	4.65	53.24	3.71	8.50	31.52	59.2	3	33.7
2539.805	11.40	4.64	52.97	3.72	8.52	31.71	59.9	3	33.7
2539.950	11.46	4.66	53.37	3.74	8.55	31.93	59.8	3	33.7
2540.010	11.49	4.66	53.54	3.74	8.51	31.81	59.4	3	33.7
2540.114	11.37	4.66	52.90	3.71	8.52	31.62	59.8	3	33.7
2540.259	11.45	4.64	53.13	3.72	8.54	31.80	59.9	3	33.7
2540.319	11.44	4.64	53.06	3.72	8.54	31.76	59.9	3	33.7
2540.423	11.42	4.65	53.07	3.70	8.54	31.62	59.6	3	33.7
2540.568	11.48	4.65	53.36	3.74	8.51	31.84	59.7	3	33.7
2540.628	11.51	4.65	53.49	3.75	8.52	31.98	59.8	3	33.7
2540.732	11.58	4.64	53.70	3.74	8.49	31.78	59.2	3	33.7
2540.877	11.50	4.64	53.34	3.76	8.51	31.97	59.9	3	33.7
2540.937	11.45	4.64	53.14	3.77	8.51	32.04	60.3	3	33.7
2541.041	11.49	4.64	53.27	3.74	8.51	31.80	59.7	3	33.7
2541.186	11.54	4.64	53.50	3.73	8.53	31.83	59.5	3	33.7
2541.246	11.55	4.64	53.56	3.74	8.53	31.90	59.6	3	33.7
2541.350	11.56	4.64	53.58	3.76	8.52	32.02	59.8	3	33.7
2541.495	11.62	4.63	53.75	3.76	8.51	32.01	59.6	3	33.7
2541.555	11.56	4.63	53.54	3.77	8.52	32.09	59.9	3	33.7
2541.659	11.50	4.63	53.23	3.75	8.52	31.94	60.0	3	33.7
2541.804	11.46	4.64	53.18	3.76	8.53	32.04	60.2	3	33.7
2541.864	11.48	4.64	53.19	3.76	8.54	32.07	60.3	3	33.7
2541.968	11.52	4.63	53.38	3.76	8.49	31.95	59.9	3	33.7
2542.113	11.48	4.64	53.32	3.76	8.51	31.95	59.9	3	33.7
2542.173	11.47	4.64	53.29	3.75	8.48	31.79	59.6	3	33.7
2542.277	11.46	4.64	53.15	3.76	8.50	32.00	60.2	3	33.7
2542.422	11.48	4.64	53.24	3.73	8.53	31.83	59.8	3	33.7
2542.482	11.50	4.63	53.26	3.73	8.51	31.73	59.6	3	33.7
2542.586	11.42	4.64	53.02	3.75	8.50	31.84	60.1	3	33.7
2542.731	11.51	4.64	53.38	3.77	8.52	32.11	60.2	3	33.7
2542.791	11.53	4.63	53.42	3.76	8.54	32.08	60.0	3	33.7
2542.895	11.33	4.63	52.51	3.75	8.53	31.98	60.9	3	33.7
2543.040	11.46	4.65	53.30	3.75	8.52	31.92	59.9	3	33.7
2543.100	11.42	4.65	53.16	3.75	8.49	31.79	59.8	3	33.7
2543.204	11.53	4.64	53.44	3.75	8.48	31.82	59.5	3	33.7
2543.349	11.48	4.64	53.30	3.75	8.51	31.92	59.9	3	33.7
2543.409	11.45	4.63	53.03	3.77	8.50	32.02	60.4	3	33.7
2543.513	11.43	4.64	52.98	3.78	8.51	32.18	60.7	3	33.7
2543.658	11.45	4.63	53.05	3.76	8.53	32.11	60.5	3	33.7
2543.718	11.48	4.63	53.20	3.75	8.53	32.01	60.2	3	33.7
2543.822	11.54	4.63	53.47	3.73	8.52	31.79	59.5	3	33.7
2543.967	11.48	4.64	53.23	3.74	8.54	31.98	60.1	3	33.7
2544.027	11.46	4.64	53.19	3.74	8.52	31.82	59.8	3	33.7
2544.131	11.36	4.64	52.74	3.72	8.49	31.60	59.9	3	33.7
2544.276	11.45	4.64	53.11	3.74	8.53	31.87	60.0	3	33.7
2544.336	11.41	4.64	52.91	3.73	8.53	31.79	60.1	3	33.7
2544.440	11.40	4.64	52.91	3.75	8.50	31.88	60.3	3	33.7
2544.585	11.44	4.64	53.03	3.76	8.50	31.94	60.2	3	33.7
2544.645	11.45	4.64	53.10	3.75	8.50	31.89	60.1	3	33.7
2544.749	11.54	4.63	53.43	3.75	8.50	31.90	59.7	3	33.7
2544.894	11.48	4.63	53.16	3.76	8.50	31.95	60.1	3	33.7
2544.954	11.39	4.63	52.81	3.75	8.50	31.88	60.4	3	33.7
2545.058	11.46	4.62	53.00	3.74	8.50	31.75	59.9	3	33.7
2545.203	11.61	4.63	53.73	3.75	8.50	31.88	59.3	3	33.7
2545.263	11.52	4.63	53.37	3.74	8.51	31.84	59.7	3	33.7
2545.367	11.50	4.63	53.28	3.76	8.50	31.98	60.0	3	33.7
2545.512	11.49	4.64	53.27	3.77	8.49	32.02	60.1	3	33.7
2545.572	11.55	4.63	53.48	3.77	8.49	32.01	59.8	3	33.7
2545.676	11.45	4.63	53.04	3.75	8.52	31.97	60.3	3	33.7
2545.821	11.58	4.63	53.65	3.74	8.54	31.90	59.4	3	33.7
2545.881	11.57	4.63	53.61	3.74	8.53	31.94	59.6	3	33.7
2545.985	11.50	4.63	53.27	3.74	8.50	31.77	59.6	3	33.7
2546.130	11.55	4.63	53.45	3.75	8.54	31.98	59.8	3	33.7
2546.190	11.54	4.63	53.42	3.76	8.54	32.07	60.0	3	33.7
2546.294	11.55	4.64	53.57	3.75	8.52	31.90	59.6	3	33.7
2546.439	11.57	4.64	53.71	3.75	8.53	31.98	59.5	3	33.7
2546.499	11.45	4.63	53.03	3.75	8.52	31.97	60.3	3	33.7
2546.603	11.49	4.63	53.16	3.77	8.48	31.95	60.1	3	33.7
2546.748	11.57	4.64	53.65	3.76	8.50	31.99	59.6	3	33.7
2546.808	11.41	4.63	52.89	3.75	8.51	31.93	60.4	3	33.7
2546.912	11.47	4.63	53.11	3.77	8.53	32.12	60.5	3	33.7
2547.057	11.43	4.63	52.94	3.74	8.51	31.85	60.2	3	33.7
2547.117	11.44	4.64	53.07	3.75	8.49	31.89	60.1	3	33.7
2547.221	11.58	4.63	53.61	3.75	8.49	31.86	59.4	3	33.7
2547.366	11.55	4.63	53.53	3.76	8.49	31.90	59.6	3	33.7
2547.426	11.51	4.63	53.26	3.76	8.50	31.94	60.0	3	33.7
2547.530	11.55	4.63	53.52	3.74	8.49	31.71	59.2	3	33.7
2547.675	11.51	4.62	53.18	3.74	8.48	31.71	59.6	3	33.7
2547.735	11.49	4.63	53.16	3.74	8.51	31.87	59.9	3	33.7
2547.839	11.59	4.63	53.63	3.75	8.47	31.79	59.3	3	33.7
2547.984	11.62	4.63	53.77	3.78	8.50	32.16	59.8	3	33.7
2548.044	11.60	4.62	53.60	3.76	8.52	32.07	59.8	3	33.7
2548.148	11.61	4.62	53.67	3.77	8.51	32.05	59.7	3	33.7
2548.293	11.49	4.64	53.28	3.77	8.50	32.06	60.2	3	33.7
2548.353	11.37	4.63	52.69	3.75	8.50	31.87	60.5	3	33.7
2548.457	11.48	4.63	53.12	3.75	8.49	31.88	60.0	3	33.7
2548.602	11.61	4.63	53.77	3.76	8.49	31.90	59.3	3	33.7
2548.662	11.52	4.64	53.40	3.75	8.49	31.83	59.6	3	33.7
2548.766	11.57	4.64	53.63	3.74	8.49	31.78	59.3	3	33.7
2548.911	11.59	4.65	53.86	3.77	8.50	32.03	59.5	3	33.7
2548.971	11.52	4.65	53.56	3.77	8.49	32.04	59.8	3	33.7
2549.075	11.51	4.64	53.38	3.77	8.51	32.12	60.2	3	33.7
2549.220	11.63	4.64	53.97	3.79	8.54	32.40	60.0	3	33.7
2549.280	11.61	4.63	53.77	3.79	8.54	32.33	60.1	3	33.7
2549.384	11.53	4.63	53.41	3.77	8.49	32.00	59.9	3	33.7
2549.529	11.46	4.63	53.04	3.77	8.51	32.12	60.6	3	33.7
2549.589	11.52	4.63	53.31	3.77	8.52	32.10	60.2	3	33.7
2549.693	11.47	4.62	52.99	3.76	8.48	31.91	60.2	3	33.7
2549.838	11.51	4.63	53.33	3.75	8.48	31.80	59.6	3	33.7
2549.898	11.62	4.62	53.68	3.74	8.50	31.81	59.3	3	33.7
2550.002	11.33	4.62	52.33	3.76	8.50	31.96	61.1	3	33.7
2550.147	11.65	4.63	53.94	3.76	8.49	31.92	59.2	3	33.7
2550.207	11.60	4.63	53.70	3.76	8.49	31.94	59.5	3	33.7
2550.311	11.62	4.62	53.72	3.78	8.48	32.09	59.7	3	33.7
2550.456	11.57	4.62	53.52	3.78	8.44	31.92	59.7	3	33.7
2550.516	11.63	4.62	53.70	3.78	8.45	31.94	59.5	3	33.7
2550.620	11.66	4.61	53.80	3.79	8.46	32.04	59.5	3	33.7
2550.765	11.71	4.62	54.05	3.80	8.48	32.21	59.6	3	33.7
2550.825	11.48	4.63	53.21	3.74	8.53	31.91	60.0	3	33.7
2550.929	11.46	4.64	53.23	3.66	8.56	31.27	58.7	3	33.7
2551.074	11.31	4.66	52.76	3.64	8.58	31.17	59.1	3	33.7
2551.134	11.28	4.67	52.65	3.64	8.55	31.08	59.0	3	33.7
2551.238	11.28	4.66	52.64	3.63	8.55	30.99	58.9	3	33.7
2551.383	11.32	4.67	52.84	3.63	8.54	30.98	58.6	3	33.7
2551.443	11.29	4.66	52.61	3.61	8.55	30.85	58.6	3	33.7
2551.547	11.23	4.66	52.32	3.62	8.56	31.03	59.3	3	33.7
2551.692	11.34	4.66	52.85	3.66	8.54	31.26	59.1	3	33.7
2551.752	11.36	4.66	52.95	3.67	8.54	31.37	59.2	3	33.7
2551.856	11.31	4.65	52.64	3.67	8.55	31.41	59.7	3	33.7
2552.001	11.31	4.64	52.50	3.69	8.54	31.51	60.0	3	33.7
2552.061	11.31	4.65	52.58	3.69	8.52	31.47	59.8	3	33.7
2552.165	11.19	4.65	51.98	3.67	8.51	31.21	60.0	3	33.7
2552.310	11.33	4.65	52.67	3.68	8.56	31.53	59.9	3	33.7
2552.370	11.27	4.65	52.40	3.69	8.54	31.54	60.2	3	33.7
2552.474	11.23	4.65	52.15	3.69	8.54	31.55	60.5	3	33.7
2552.619	11.34	4.65	52.75	3.67	8.54	31.31	59.3	3	33.7
2552.679	11.37	4.65	52.88	3.67	8.54	31.38	59.3	3	33.7
2552.783	11.48	4.64	53.27	3.71	8.56	31.76	59.6	3	33.7
2552.928	11.45	4.64	53.18	3.69	8.52	31.42	59.1	3	33.7
2552.988	11.41	4.65	52.99	3.72	8.52	31.67	59.8	3	33.7
2553.092	11.47	4.64	53.23	3.73	8.53	31.77	59.7	3	33.7
2553.237	11.52	4.65	53.59	3.76	8.53	32.09	59.9	3	33.7
2553.297	11.47	4.64	53.26	3.74	8.53	31.93	59.9	3	33.7
2553.401	11.48	4.64	53.26	3.73	8.50	31.68	59.5	3	33.7
2553.546	11.52	4.65	53.50	3.71	8.52	31.65	59.2	3	33.7
2553.606	11.53	4.64	53.52	3.71	8.53	31.69	59.2	3	33.7
2553.710	11.55	4.64	53.60	3.72	8.56	31.87	59.5	3	33.7
2553.855	11.43	4.64	53.08	3.71	8.57	31.81	59.9	3	33.7
2553.915	11.44	4.64	53.09	3.70	8.55	31.64	59.6	3	33.7
2554.019	11.32	4.65	52.69	3.70	8.53	31.59	60.0	3	33.7
2554.164	11.40	4.65	53.03	3.74	8.54	31.92	60.2	3	33.7
2554.224	11.38	4.65	52.87	3.71	8.52	31.57	59.7	3	33.7
2554.328	11.48	4.64	53.25	3.70	8.53	31.53	59.2	3	33.7
2554.473	11.40	4.65	53.04	3.66	8.53	31.23	58.9	3	33.7
2554.533	11.32	4.64	52.52	3.67	8.52	31.27	59.5	3	33.7
2554.637	11.41	4.65	53.00	3.69	8.51	31.38	59.2	3	33.7
2554.782	11.48	4.65	53.39	3.72	8.51	31.65	59.3	3	33.7
2554.842	11.37	4.64	52.80	3.72	8.52	31.72	60.1	3	33.7
2554.946	11.34	4.64	52.64	3.73	8.53	31.82	60.4	3	33.7
2555.091	11.69	4.65	54.34	3.74	8.53	31.87	58.7	3	33.7
2555.151	11.57	4.65	53.75	3.74	8.56	32.03	59.6	3	33.7
2555.255	11.54	4.63	53.43	3.74	8.54	31.98	59.9	3	33.7
2555.400	11.50	4.63	53.25	3.74	8.54	31.91	59.9	3	33.7
2555.460	11.46	4.64	53.16	3.76	8.51	32.02	60.2	3	33.7
2555.564	11.53	4.64	53.46	3.74	8.53	31.93	59.7	3	33.7
2555.709	11.48	4.65	53.37	3.75	8.53	31.93	59.8	3	33.7
2555.769	11.53	4.65	53.64	3.74	8.52	31.87	59.4	3	33.7
2555.873	11.51	4.65	53.51	3.74	8.52	31.83	59.5	3	33.7
2556.018	11.49	4.64	53.35	3.74	8.54	31.93	59.8	3	33.7
2556.078	11.44	4.63	53.01	3.74	8.52	31.86	60.1	3	33.7
2556.182	11.45	4.63	53.03	3.74	8.53	31.89	60.1	3	33.7
2556.327	11.50	4.65	53.50	3.77	8.54	32.15	60.1	3	33.7
2556.387	11.44	4.65	53.16	3.77	8.52	32.07	60.3	3	33.7
2556.491	11.35	4.64	52.67	3.75	8.49	31.82	60.4	3	33.7
2556.636	11.41	4.64	52.92	3.76	8.55	32.14	60.7	3	33.7
2556.696	11.34	4.63	52.53	3.75	8.53	32.02	61.0	3	33.7
2556.800	11.44	4.64	53.05	3.76	8.51	32.05	60.4	3	33.7
2556.945	11.48	4.64	53.25	3.75	8.52	31.93	60.0	3	33.7
2557.005	11.53	4.65	53.58	3.75	8.51	31.91	59.6	3	33.7
2557.109	11.52	4.64	53.42	3.74	8.52	31.85	59.6	3	33.7
2557.254	11.41	4.64	52.94	3.77	8.53	32.17	60.8	3	33.7
2557.314	11.37	4.64	52.73	3.76	8.52	32.05	60.8	3	33.7
2557.418	11.48	4.64	53.33	3.75	8.54	31.99	60.0	3	33.7
2557.563	11.54	4.65	53.62	3.75	8.52	31.92	59.5	3	33.7
2557.623	11.57	4.64	53.74	3.74	8.53	31.91	59.4	3	33.7
2557.727	11.52	4.64	53.46	3.75	8.51	31.91	59.7	3	33.7
2557.872	11.55	4.64	53.53	3.76	8.52	32.01	59.8	3	33.7
2557.932	11.53	4.64	53.47	3.75	8.52	31.94	59.7	3	33.7
2558.036	11.51	4.64	53.38	3.74	8.48	31.77	59.5	3	33.7
2558.181	11.55	4.66	53.77	3.73	8.52	31.76	59.1	3	33.7
2558.241	11.57	4.66	53.89	3.74	8.51	31.86	59.1	3	33.7
2558.345	11.52	4.66	53.63	3.73	8.52	31.77	59.2	3	33.7
2558.490	11.53	4.66	53.67	3.74	8.54	31.92	59.5	3	33.7
2558.550	11.54	4.65	53.63	3.74	8.53	31.85	59.4	3	33.7
2558.654	11.50	4.65	53.48	3.77	8.51	32.07	60.0	3	33.7
2558.799	11.46	4.64	53.14	3.74	8.51	31.88	60.0	3	33.7
2558.859	11.46	4.65	53.22	3.76	8.50	31.98	60.1	3	33.7
2558.963	11.34	4.65	52.70	3.73	8.52	31.81	60.4	3	33.7
