9.744	39.35	0.14	5.45	0.01	0.31	0.00	0.1	5	0.0
9.888	39.35	0.15	5.81	0.02	0.31	0.00	0.1	5	0.0
9.948	39.32	0.14	5.65	0.02	0.29	0.01	0.1	5	0.0
10.051	39.37	0.15	5.93	0.01	0.28	0.00	0.1	5	0.5
10.195	39.33	0.15	5.78	0.01	0.30	0.00	0.1	5	0.5
10.255	39.27	0.15	5.93	0.03	0.31	0.01	0.1	5	0.5
10.358	39.36	0.14	5.58	0.09	0.44	0.04	0.7	5	1.0
10.502	39.28	0.17	6.73	0.35	0.84	0.29	4.4	5	1.0
10.562	39.20	0.17	6.47	0.37	0.90	0.34	5.2	5	1.0
10.665	39.33	0.17	6.52	0.41	0.97	0.40	6.1	5	1.5
10.809	39.16	0.17	6.58	0.56	1.25	0.70	10.6	5	1.5
10.869	39.26	0.17	6.60	0.59	1.29	0.75	11.4	5	1.5
10.972	39.32	0.17	6.84	0.58	1.30	0.76	11.1	5	2.0
11.116	39.15	0.19	7.30	0.74	1.56	1.16	15.9	5	2.0
11.176	39.17	0.20	7.88	0.77	1.61	1.24	15.8	5	2.0
11.279	39.12	0.19	7.61	0.79	1.65	1.31	17.2	5	2.5
11.423	39.17	0.22	8.69	0.98	2.06	2.01	23.2	5	2.5
11.483	39.09	0.23	8.97	1.00	2.12	2.12	23.6	5	2.5
11.586	39.17	0.23	8.92	1.03	2.13	2.20	24.6	5	2.5
11.730	39.32	0.25	10.02	1.20	2.45	2.93	29.3	5	3.0
11.790	39.18	0.26	10.37	1.20	2.47	2.96	28.5	5	3.0
11.893	39.16	0.27	10.57	1.20	2.52	3.01	28.5	5	3.0
12.037	39.20	0.29	11.27	1.33	2.79	3.71	32.9	5	3.5
12.097	39.22	0.29	11.37	1.34	2.82	3.76	33.1	5	3.5
12.200	39.12	0.28	10.93	1.35	2.86	3.85	35.2	5	3.5
12.344	39.15	0.31	11.97	1.40	3.10	4.35	36.4	5	4.0
12.404	39.17	0.32	12.46	1.43	3.15	4.49	36.0	5	4.0
12.507	39.11	0.32	12.57	1.45	3.16	4.59	36.6	5	4.0
12.651	39.10	0.34	13.42	1.54	3.36	5.16	38.5	5	4.5
12.711	39.13	0.34	13.15	1.55	3.38	5.25	39.9	5	4.5
12.814	38.98	0.35	13.74	1.61	3.40	5.45	39.7	5	4.5
12.958	39.01	0.38	14.71	1.65	3.56	5.85	39.8	5	5.0
13.018	39.06	0.38	14.76	1.70	3.60	6.10	41.3	5	5.0
13.121	38.93	0.39	15.08	1.70	3.66	6.24	41.4	5	5.0
13.265	38.88	0.42	16.37	1.80	3.90	7.01	42.8	5	5.5
13.325	38.87	0.43	16.57	1.82	3.95	7.19	43.4	5	5.5
13.428	38.89	0.43	16.88	1.84	3.99	7.36	43.6	5	5.5
13.572	38.89	0.46	17.71	1.90	4.27	8.12	45.8	5	6.0
13.632	38.95	0.47	18.24	1.95	4.35	8.46	46.4	5	6.0
13.735	38.89	0.48	18.56	1.98	4.40	8.70	46.9	5	6.0
13.879	38.85	0.53	20.48	2.07	4.62	9.58	46.8	5	6.5
13.939	38.86	0.54	20.89	2.11	4.68	9.90	47.4	5	6.5
14.042	38.72	0.54	21.05	2.11	4.72	9.97	47.4	5	6.5
14.186	38.86	0.59	22.93	2.22	4.94	10.98	47.9	5	7.0
14.246	38.75	0.61	23.58	2.26	5.02	11.34	48.1	5	7.0
14.349	38.65	0.62	23.77	2.29	5.08	11.63	48.9	5	7.0
14.493	38.65	0.65	25.25	2.36	5.34	12.62	50.0	5	7.5
14.553	38.49	0.67	25.82	2.37	5.45	12.91	50.0	5	7.5
14.656	38.53	0.68	26.18	2.41	5.51	13.25	50.6	5	7.5
14.800	38.52	0.72	27.85	2.50	5.72	14.30	51.4	5	8.0
14.860	38.54	0.74	28.49	2.53	5.85	14.78	51.9	5	8.0
14.963	38.51	0.75	28.93	2.56	5.91	15.16	52.4	5	8.0
15.107	38.33	0.79	30.17	2.64	6.09	16.05	53.2	5	8.5
15.167	38.24	0.80	30.78	2.67	6.15	16.39	53.2	5	8.5
15.270	38.26	0.81	31.18	2.70	6.21	16.75	53.7	5	8.5
15.414	38.26	0.86	32.82	2.76	6.41	17.69	53.9	5	9.0
15.474	38.18	0.90	34.24	2.81	6.58	18.49	54.0	5	9.0
15.577	38.19	0.92	35.31	2.84	6.74	19.15	54.2	5	9.0
15.721	38.10	0.96	36.39	2.90	6.94	20.10	55.2	5	9.5
15.781	38.13	0.99	37.67	2.94	7.05	20.70	54.9	5	9.5
15.884	38.08	1.01	38.60	2.96	7.21	21.35	55.3	5	9.5
16.028	38.00	1.06	40.42	2.97	7.44	22.12	54.7	5	10.0
16.088	37.80	1.10	41.70	3.04	7.58	23.02	55.2	5	10.0
16.191	37.76	1.12	42.41	3.08	7.69	23.69	55.9	5	10.0
16.335	37.68	1.15	43.45	3.09	7.86	24.26	55.8	5	10.5
16.395	37.70	1.20	45.08	3.15	8.00	25.18	55.9	5	10.5
16.498	37.73	1.23	46.34	3.24	8.05	26.11	56.3	5	10.5
16.642	37.77	1.26	47.49	3.27	8.14	26.60	56.0	5	11.0
16.702	37.69	1.30	48.89	3.31	8.31	27.51	56.3	5	11.0
16.805	37.59	1.35	50.82	3.35	8.50	28.46	56.0	5	11.0
16.949	37.55	1.36	50.92	3.38	8.56	28.92	56.8	5	11.5
17.009	37.50	1.41	52.81	3.45	8.75	30.17	57.1	5	11.5
17.112	37.31	1.45	54.27	3.51	8.88	31.14	57.4	5	11.5
17.256	37.24	1.47	54.57	3.54	8.94	31.63	58.0	5	11.5
17.316	37.15	1.51	56.09	3.61	9.04	32.65	58.2	5	12.0
17.419	37.10	1.55	57.51	3.67	9.16	33.62	58.5	5	12.0
17.563	37.13	1.56	57.98	3.69	9.15	33.73	58.2	5	12.0
17.623	37.05	1.60	59.32	3.73	9.30	34.73	58.5	5	12.5
17.726	36.98	1.66	61.36	3.82	9.41	35.90	58.5	5	12.5
17.870	36.89	1.68	61.93	3.82	9.53	36.46	58.9	5	12.5
17.930	36.93	1.72	63.60	3.89	9.56	37.18	58.5	5	13.0
18.033	36.84	1.76	64.86	3.97	9.61	38.16	58.8	5	13.0
18.177	36.72	1.79	65.67	3.98	9.77	38.91	59.3	5	13.0
18.237	36.69	1.83	67.06	4.01	9.90	39.72	59.2	5	13.5
18.340	36.59	1.93	70.53	4.08	10.23	41.70	59.1	5	13.5
18.485	36.59	1.98	72.57	4.10	10.48	42.94	59.2	5	13.5
18.545	36.44	2.02	73.60	4.11	10.59	43.53	59.2	5	14.0
18.649	36.31	2.10	76.16	4.15	10.84	45.01	59.1	5	14.0
18.794	36.15	2.13	76.97	4.18	10.94	45.67	59.3	5	14.0
18.854	36.24	2.15	77.77	4.19	10.96	45.95	59.1	5	14.5
18.958	36.04	2.19	78.94	4.36	10.94	47.72	60.4	5	14.5
19.103	36.46	1.99	72.72	4.68	9.82	45.96	63.2	5	14.5
19.163	36.51	1.94	70.95	4.78	9.52	45.47	64.1	5	15.0
19.266	36.72	1.85	67.93	5.09	8.70	44.27	65.2	5	15.0
19.410	37.05	1.62	60.16	5.39	7.55	40.70	67.7	5	15.0
19.470	37.16	1.55	57.75	5.45	7.23	39.41	68.2	5	15.5
19.573	37.16	1.57	58.27	5.64	7.08	39.92	68.5	5	15.5
19.717	37.42	1.50	55.98	5.80	6.71	38.90	69.5	5	15.5
19.777	37.28	1.50	55.99	5.78	6.77	39.10	69.8	5	15.5
19.880	37.25	1.54	57.52	5.93	6.88	40.76	70.9	5	16.0
20.024	37.25	1.53	57.02	6.01	6.73	40.45	70.9	5	16.0
20.084	37.33	1.50	55.94	6.07	6.59	40.00	71.5	5	16.0
20.187	37.19	1.55	57.77	6.20	6.67	41.33	71.5	5	16.5
20.331	37.20	1.56	58.12	6.25	6.56	41.04	70.6	5	16.5
20.391	37.23	1.53	57.11	6.30	6.40	40.30	70.6	5	16.5
20.494	37.17	1.60	59.44	6.47	6.44	41.69	70.1	5	17.0
20.638	37.12	1.66	61.45	6.40	7.13	45.62	74.2	5	17.0
20.698	36.97	1.70	62.95	6.44	7.07	45.52	72.3	5	17.0
20.801	37.00	1.68	62.16	6.59	6.88	45.33	72.9	5	17.5
20.945	37.09	1.65	61.27	6.76	6.62	44.74	73.0	5	17.5
21.005	37.12	1.64	60.82	6.78	6.51	44.13	72.6	5	17.5
21.108	37.03	1.68	62.39	6.89	6.61	45.56	73.0	5	18.0
21.252	37.13	1.67	62.13	7.01	6.55	45.92	73.9	5	18.0
21.312	37.10	1.67	61.84	7.01	6.52	45.72	73.9	5	18.0
21.415	36.93	1.73	63.88	7.11	6.63	47.16	73.8	5	18.5
21.559	36.89	1.74	64.36	7.19	6.64	47.78	74.2	5	18.5
21.619	36.84	1.78	65.55	7.23	6.65	48.09	73.4	5	18.5
21.722	36.80	1.76	64.77	7.32	6.66	48.74	75.3	5	19.0
21.866	36.70	1.78	65.43	7.46	6.64	49.55	75.7	5	19.0
21.926	36.79	1.76	64.84	7.45	6.54	48.70	75.1	5	19.0
22.029	36.71	1.81	66.50	7.58	6.58	49.90	75.0	5	19.5
22.173	36.77	1.87	68.79	7.67	6.67	51.18	74.4	5	19.5
22.233	36.69	1.85	67.82	7.73	6.57	50.75	74.8	5	19.5
22.336	36.69	1.86	68.31	7.83	6.44	50.49	73.9	5	20.0
22.480	36.79	1.86	68.32	7.94	6.51	51.73	75.7	5	20.0
22.540	36.65	1.89	69.35	7.93	6.61	52.36	75.5	5	20.0
22.643	36.37	1.93	70.29	7.97	6.69	53.31	75.8	5	20.5
22.787	36.49	1.96	71.46	8.00	7.13	57.03	79.8	5	20.5
22.847	36.39	1.95	71.06	7.97	7.25	57.76	81.3	5	20.5
22.950	36.36	2.03	73.78	8.25	6.71	55.39	75.1	5	21.0
23.094	36.39	2.07	75.16	8.39	6.74	56.59	75.3	5	21.0
23.154	36.33	2.08	75.55	8.31	7.03	58.41	77.3	5	21.0
23.257	36.44	2.02	73.55	8.44	6.56	55.34	75.2	5	21.5
23.401	36.20	2.18	78.86	8.50	7.03	59.82	75.8	5	21.5
23.461	36.11	2.18	78.83	8.53	7.07	60.32	76.5	5	21.5
23.564	36.04	2.20	79.36	8.60	7.00	60.17	75.8	5	22.0
23.708	36.05	2.24	80.87	8.79	6.90	60.66	75.0	5	22.0
23.768	36.07	2.24	80.97	8.80	6.95	61.13	75.5	5	22.0
23.871	36.04	2.21	79.72	8.82	6.89	60.80	76.3	5	22.0
24.015	35.93	2.28	81.98	8.98	7.09	63.61	77.6	5	22.5
24.075	35.96	2.31	83.06	9.02	7.12	64.21	77.3	5	22.5
24.178	35.95	2.27	81.71	9.10	7.02	63.90	78.2	5	22.5
24.322	35.88	2.34	84.05	9.26	6.99	64.69	77.0	5	23.0
24.382	35.73	2.34	83.72	9.30	6.98	64.88	77.5	5	23.0
24.485	35.88	2.34	83.98	9.33	6.97	64.98	77.4	5	23.0
24.629	35.76	2.44	87.10	9.47	7.01	66.36	76.2	5	23.5
24.689	35.60	2.46	87.60	9.49	7.10	67.39	76.9	5	23.5
24.792	35.65	2.44	87.13	9.53	7.10	67.72	77.7	5	23.5
24.936	35.44	2.51	88.97	9.69	7.12	69.00	77.6	5	24.0
24.996	35.43	2.52	89.14	9.71	7.23	70.23	78.8	5	24.0
25.099	35.46	2.51	89.15	9.70	7.23	70.09	78.6	5	24.0
25.243	35.35	2.62	92.64	9.80	7.66	75.14	81.1	5	24.5
25.303	35.21	2.62	92.35	9.76	7.92	77.34	83.7	5	24.5
25.406	35.02	2.70	94.67	9.97	7.46	74.34	78.5	5	24.5
25.550	35.22	2.69	94.60	10.16	7.29	74.12	78.4	5	25.0
25.610	35.15	2.68	94.29	10.22	7.21	73.68	78.1	5	25.0
25.714	35.05	2.70	94.51	10.26	7.18	73.64	77.9	5	25.0
25.859	34.93	2.77	96.70	10.34	7.30	75.44	78.0	5	25.5
25.919	34.81	2.82	98.15	10.37	7.29	75.65	77.1	5	25.5
26.023	34.83	2.80	97.58	10.45	7.26	75.81	77.7	5	25.5
26.168	34.61	2.89	100.10	10.55	7.47	78.81	78.7	5	26.0
26.228	34.69	2.89	100.28	10.63	7.34	78.03	77.8	5	26.0
26.332	34.64	2.90	100.63	10.64	7.41	78.80	78.3	5	26.0
26.477	34.60	2.96	102.33	10.71	7.55	80.89	79.1	5	26.5
26.537	34.59	2.97	102.89	10.79	7.47	80.57	78.3	5	26.5
26.641	34.50	2.96	102.25	10.81	7.57	81.82	80.0	5	26.5
26.786	34.42	3.06	105.17	10.96	7.58	83.10	79.0	5	27.0
26.846	34.27	3.12	106.95	10.97	7.63	83.66	78.2	5	27.0
26.950	34.25	3.11	106.47	10.99	7.58	83.34	78.3	5	27.0
27.095	34.17	3.16	107.96	11.14	7.48	83.35	77.2	5	27.5
27.155	34.08	3.19	108.69	11.17	7.54	84.23	77.5	5	27.5
27.259	34.08	3.21	109.49	11.23	7.58	85.06	77.7	5	27.5
27.404	33.86	3.25	109.89	11.33	7.70	87.21	79.4	5	28.0
27.464	33.78	3.29	111.15	11.41	7.63	87.01	78.3	5	28.0
27.568	33.72	3.31	111.57	11.41	7.76	88.58	79.4	5	28.0
27.713	33.60	3.35	112.69	11.47	7.74	88.79	78.8	5	28.5
27.773	33.45	3.44	115.04	11.42	7.97	91.05	79.1	5	28.5
27.877	33.33	3.50	116.60	11.43	8.02	91.67	78.6	5	28.5
28.022	33.00	3.58	118.12	11.48	8.15	93.59	79.2	5	29.0
28.082	32.87	3.62	119.16	11.51	8.12	93.52	78.5	5	29.0
28.186	32.88	3.62	119.07	11.55	8.19	94.59	79.4	5	29.0
28.331	33.02	3.63	119.79	11.67	8.13	94.87	79.2	5	29.5
28.391	32.72	3.72	121.63	11.82	7.77	91.87	75.5	5	29.5
28.495	32.69	3.69	120.64	11.62	8.50	98.80	81.9	5	29.5
28.640	32.80	3.62	118.58	11.66	8.50	99.10	83.6	5	30.0
28.700	32.56	3.69	120.24	11.64	8.74	101.74	84.6	5	30.0
28.804	32.33	3.80	122.75	12.00	8.00	96.02	78.2	5	30.0
28.949	32.15	3.84	123.63	12.06	8.02	96.69	78.2	5	30.5
29.009	32.23	3.84	123.83	12.01	8.21	98.57	79.6	5	30.5
29.113	32.10	3.87	124.21	12.06	8.16	98.50	79.3	5	30.5
29.258	31.91	3.94	125.76	12.16	8.03	97.72	77.7	5	31.0
29.318	31.61	4.00	126.50	12.20	8.02	97.79	77.3	5	31.0
29.422	31.54	4.01	126.58	12.13	8.32	100.86	79.7	5	31.0
29.567	31.44	4.06	127.75	12.20	8.31	101.37	79.4	5	31.5
29.628	31.24	4.12	128.74	12.25	8.25	101.04	78.5	5	31.5
29.732	31.19	4.13	128.93	12.27	8.31	101.99	79.1	5	31.5
29.877	31.07	4.16	129.20	12.28	8.39	103.05	79.8	5	32.0
29.938	30.72	4.22	129.78	12.27	8.37	102.76	79.2	5	32.0
30.042	30.35	4.24	128.64	12.35	8.19	101.09	78.6	5	32.0
30.187	30.51	4.27	130.37	12.33	8.24	101.64	78.0	5	32.5
30.248	30.19	4.32	130.53	12.31	8.44	103.93	79.6	5	32.5
30.352	30.01	4.37	131.08	12.33	8.35	102.95	78.5	5	32.5
30.497	29.77	4.40	130.94	12.25	8.45	103.53	79.1	5	33.0
30.558	29.53	4.44	131.06	12.25	8.40	102.88	78.5	5	33.0
30.662	29.33	4.46	130.88	12.25	8.41	103.03	78.7	5	33.0
30.807	29.26	4.49	131.22	12.22	8.44	103.20	78.6	5	33.5
30.868	28.66	4.55	130.37	12.16	8.47	103.06	79.1	5	33.5
30.972	28.50	4.58	130.42	12.24	8.36	102.32	78.5	5	33.5
31.117	28.24	4.61	130.05	12.22	8.38	102.40	78.7	5	34.0
31.178	27.91	4.64	129.62	12.16	8.35	101.59	78.4	5	34.0
31.282	27.90	4.63	129.32	12.12	8.31	100.80	77.9	5	34.0
31.427	27.28	4.69	127.88	12.06	8.34	100.55	78.6	5	34.0
31.488	27.25	4.70	127.95	12.01	8.18	98.17	76.7	5	34.5
31.592	27.11	4.72	127.87	11.83	8.63	102.17	79.9	5	34.5
31.737	26.44	4.75	125.48	11.78	8.23	96.97	77.3	5	34.5
31.797	26.27	4.75	124.78	11.71	8.29	97.07	77.8	5	35.0
31.901	25.47	4.77	121.56	11.58	8.33	96.45	79.3	5	35.0
32.046	25.09	4.78	119.92	11.48	8.18	93.85	78.3	5	35.0
32.106	25.01	4.79	119.79	11.43	8.12	92.84	77.5	5	35.5
32.210	24.43	4.78	116.87	11.23	8.09	90.92	77.8	5	35.5
32.355	24.01	4.81	115.47	11.11	8.13	90.34	78.2	5	35.5
32.415	23.62	4.81	113.61	10.96	8.00	87.68	77.2	5	36.0
32.519	22.58	4.81	108.64	10.63	8.03	85.29	78.5	5	36.0
32.664	21.58	4.83	104.25	9.97	8.62	85.89	82.4	5	36.0
32.724	21.38	4.84	103.37	9.91	8.37	82.93	80.2	5	36.5
32.828	20.60	4.84	99.66	9.63	8.10	78.07	78.3	5	36.5
32.972	20.08	4.85	97.40	9.34	7.95	74.25	76.2	5	36.5
33.032	19.64	4.85	95.35	9.21	7.91	72.86	76.4	5	37.0
33.135	19.16	4.84	92.83	9.11	7.74	70.55	76.0	5	37.0
33.279	17.56	4.86	85.44	8.25	8.44	69.66	81.5	5	37.0
33.339	17.61	4.86	85.57	8.32	8.17	68.03	79.5	5	37.5
33.442	17.21	4.87	83.77	8.21	7.73	63.46	75.8	5	37.5
33.586	16.57	4.89	80.98	7.95	7.64	60.73	75.0	5	37.5
33.646	16.51	4.88	80.66	7.91	7.77	61.40	76.1	5	38.0
33.749	15.73	4.89	76.87	7.62	7.63	58.16	75.7	5	38.0
33.893	15.03	4.90	73.60	7.24	7.71	55.82	75.8	5	38.0
33.953	14.78	4.89	72.24	7.18	7.09	50.89	70.4	5	38.0
34.056	14.09	4.89	68.86	6.80	7.17	48.77	70.8	5	38.5
34.200	13.49	4.89	65.97	6.41	7.41	47.51	72.0	5	38.5
34.260	13.20	4.88	64.44	6.28	7.33	45.99	71.4	5	38.5
34.363	12.48	4.88	60.95	5.98	7.18	42.92	70.4	5	39.0
34.507	10.91	4.89	53.40	5.04	7.21	36.39	68.1	5	39.0
34.567	10.69	4.90	52.34	4.94	7.26	35.83	68.5	5	39.0
34.670	9.90	4.90	48.56	4.51	7.19	32.41	66.7	5	39.5
34.814	8.60	4.91	42.24	3.72	7.15	26.62	63.0	5	39.5
34.874	8.44	4.91	41.45	3.57	7.14	25.50	61.5	5	39.5
34.977	8.20	4.92	40.32	3.49	7.13	24.88	61.7	5	40.0
35.121	8.02	4.91	39.41	3.45	7.09	24.44	62.0	5	40.0
35.181	8.01	4.93	39.47	3.45	7.04	24.28	61.5	5	40.0
35.284	7.88	4.91	38.72	3.42	6.98	23.84	61.6	5	40.5
35.428	7.70	4.92	37.88	3.37	6.91	23.25	61.4	5	40.5
35.488	7.71	4.92	37.93	3.37	6.90	23.27	61.3	5	40.5
35.591	7.66	4.92	37.71	3.36	6.85	23.04	61.1	5	41.0
35.735	7.42	4.91	36.48	3.35	6.77	22.73	62.3	5	41.0
35.795	7.41	4.92	36.45	3.34	6.77	22.60	62.0	5	41.0
35.898	7.36	4.92	36.17	3.32	6.74	22.35	61.8	5	41.5
36.042	7.15	4.93	35.22	3.28	6.66	21.85	62.0	5	41.5
36.102	7.22	4.93	35.61	3.27	6.65	21.75	61.1	5	41.5
36.205	7.12	4.93	35.10	3.27	6.61	21.59	61.5	5	42.0
36.349	6.96	4.92	34.26	3.24	6.53	21.16	61.8	5	42.0
36.409	7.00	4.92	34.44	3.23	6.52	21.06	61.2	5	42.0
36.512	6.84	4.92	33.69	3.22	6.48	20.89	62.0	5	42.5
36.656	6.80	4.93	33.49	3.21	6.40	20.52	61.3	5	42.5
36.716	6.79	4.93	33.51	3.18	6.40	20.40	60.9	5	42.5
36.819	6.69	4.93	32.97	3.15	6.35	20.00	60.7	5	43.0
36.963	6.49	4.93	32.01	3.13	6.29	19.72	61.6	5	43.0
37.023	6.52	4.93	32.10	3.14	6.30	19.82	61.7	5	43.0
37.126	6.48	4.93	31.93	3.12	6.26	19.54	61.2	5	43.5
37.270	6.36	4.94	31.39	3.11	6.19	19.28	61.4	5	43.5
37.330	6.35	4.92	31.28	3.08	6.17	19.00	60.8	5	43.5
37.433	6.23	4.94	30.73	3.04	6.15	18.68	60.8	5	44.0
37.577	6.23	4.93	30.71	3.01	6.07	18.28	59.5	5	44.0
37.637	6.17	4.93	30.42	3.02	6.05	18.28	60.1	5	44.0
37.740	6.09	4.92	29.98	3.03	6.05	18.34	61.2	5	44.5
37.884	6.01	4.93	29.61	2.99	5.97	17.83	60.2	5	44.5
37.944	5.96	4.93	29.37	2.97	5.95	17.67	60.2	5	44.5
38.047	5.90	4.93	29.11	2.97	5.90	17.52	60.2	5	44.5
38.191	5.84	4.94	28.85	2.95	5.84	17.22	59.7	5	45.0
38.251	5.67	4.94	27.99	2.93	5.84	17.09	61.1	5	45.0
38.354	5.63	4.94	27.84	2.93	5.79	16.96	60.9	5	45.0
38.498	5.59	4.95	27.66	2.90	5.77	16.76	60.6	5	45.5
38.558	5.53	4.94	27.35	2.90	5.76	16.72	61.1	5	45.5
38.661	5.52	4.94	27.28	2.90	5.74	16.62	60.9	5	45.5
38.805	5.43	4.94	26.85	2.85	5.64	16.10	60.0	5	46.0
38.865	5.41	4.94	26.74	2.82	5.63	15.91	59.5	5	46.0
38.968	5.38	4.94	26.57	2.79	5.62	15.69	59.0	5	46.0
39.112	5.09	4.94	25.18	2.76	5.56	15.35	61.0	5	46.5
39.172	5.09	4.94	25.15	2.75	5.56	15.30	60.8	5	46.5
39.275	5.16	4.94	25.48	2.76	5.55	15.29	60.0	5	46.5
39.419	5.15	4.94	25.48	2.75	5.46	15.00	58.8	5	47.0
39.479	5.09	4.95	25.16	2.75	5.42	14.92	59.3	5	47.0
39.582	5.02	4.95	24.83	2.74	5.42	14.84	59.8	5	47.0
39.726	4.98	4.95	24.61	2.70	5.36	14.45	58.7	5	47.5
39.786	4.89	4.95	24.17	2.70	5.32	14.37	59.5	5	47.5
39.889	4.77	4.95	23.60	2.68	5.31	14.25	60.4	5	47.5
40.033	4.84	4.95	23.93	2.63	5.27	13.87	58.0	5	48.0
40.093	4.78	4.95	23.66	2.61	5.24	13.66	57.8	5	48.0
40.196	4.73	4.94	23.36	2.62	5.23	13.70	58.7	5	48.0
40.340	4.49	4.94	22.17	2.64	5.15	13.57	61.2	5	48.5
40.400	4.49	4.94	22.18	2.62	5.14	13.49	60.8	5	48.5
40.503	4.59	4.94	22.67	2.61	5.12	13.35	58.9	5	48.5
40.647	4.50	4.95	22.27	2.62	5.09	13.32	59.8	5	49.0
40.707	4.43	4.94	21.90	2.59	5.06	13.12	59.9	5	49.0
40.810	4.33	4.94	21.37	2.58	5.02	12.94	60.5	5	49.0
40.954	4.33	4.96	21.47	2.55	4.96	12.66	59.0	5	49.5
41.014	4.33	4.96	21.46	2.55	4.94	12.61	58.7	5	49.5
41.117	4.25	4.95	21.02	2.57	4.94	12.70	60.4	5	49.5
41.261	4.35	4.95	21.54	2.53	4.89	12.38	57.5	5	50.0
41.321	4.17	4.95	20.65	2.53	4.86	12.27	59.4	5	50.0
41.424	4.11	4.95	20.32	2.51	4.85	12.19	60.0	5	50.0
41.568	4.02	4.95	19.92	2.51	4.79	11.99	60.2	5	50.5
41.628	4.05	4.95	20.05	2.48	4.75	11.77	58.7	5	50.5
41.731	4.18	4.94	20.64	2.49	4.73	11.80	57.2	5	50.5
41.875	4.01	4.95	19.83	2.50	4.73	11.85	59.7	5	51.0
41.935	4.04	4.95	19.99	2.48	4.68	11.61	58.1	5	51.0
42.038	4.00	4.94	19.78	2.47	4.69	11.58	58.5	5	51.0
42.182	4.07	4.95	20.16	2.45	4.65	11.38	56.4	5	51.5
42.242	3.99	4.95	19.74	2.45	4.60	11.30	57.2	5	51.5
42.345	3.94	4.96	19.55	2.48	4.57	11.33	57.9	5	51.5
42.489	3.85	4.95	19.02	2.45	4.55	11.15	58.6	5	52.0
42.549	3.80	4.95	18.83	2.44	4.54	11.06	58.8	5	52.0
42.652	3.72	4.95	18.44	2.42	4.50	10.90	59.1	5	52.0
42.796	3.75	4.96	18.60	2.41	4.49	10.81	58.1	5	52.5
42.856	3.73	4.96	18.51	2.38	4.42	10.54	57.0	5	52.5
42.959	3.67	4.96	18.20	2.38	4.41	10.50	57.7	5	52.5
43.103	3.49	4.94	17.23	2.35	4.40	10.35	60.1	5	53.0
43.163	3.49	4.94	17.27	2.34	4.38	10.23	59.2	5	53.0
43.266	3.59	4.94	17.75	2.32	4.33	10.04	56.5	5	53.0
43.410	3.51	4.95	17.37	2.32	4.32	10.02	57.7	5	53.5
43.470	3.61	4.96	17.90	2.31	4.29	9.89	55.3	5	53.5
43.573	3.43	4.96	17.02	2.29	4.28	9.81	57.6	5	53.5
43.717	3.37	4.96	16.72	2.28	4.27	9.75	58.3	5	54.0
43.777	3.31	4.96	16.40	2.25	4.24	9.55	58.2	5	54.0
43.880	3.30	4.96	16.34	2.23	4.21	9.39	57.5	5	54.0
44.024	3.34	4.94	16.50	2.22	4.20	9.33	56.5	5	54.0
44.084	3.33	4.94	16.44	2.20	4.15	9.14	55.6	5	54.5
44.187	3.25	4.95	16.09	2.20	4.11	9.02	56.0	5	54.5
44.331	3.24	4.95	16.06	2.19	4.10	8.99	56.0	5	54.5
44.391	3.32	4.95	16.43	2.18	4.09	8.92	54.3	5	55.0
44.494	3.26	4.95	16.15	2.19	4.05	8.86	54.9	5	55.0
44.638	3.23	4.95	16.00	2.18	4.03	8.80	55.0	5	55.0
44.698	3.10	4.95	15.32	2.18	4.03	8.78	57.3	5	55.5
44.801	3.14	4.96	15.55	2.17	3.98	8.61	55.4	5	55.5
44.945	3.06	4.96	15.20	2.19	3.99	8.75	57.6	5	55.5
45.005	3.11	4.96	15.41	2.17	3.98	8.65	56.1	5	56.0
45.108	3.05	4.95	15.13	2.15	3.93	8.46	55.9	5	56.0
45.252	3.05	4.96	15.11	2.16	3.93	8.51	56.3	5	56.0
45.312	2.98	4.95	14.75	2.15	3.90	8.41	57.0	5	56.5
45.415	2.92	4.95	14.44	2.12	3.86	8.21	56.8	5	56.5
45.559	2.90	4.95	14.36	2.16	3.84	8.27	57.6	5	56.5
45.619	2.86	4.95	14.15	2.15	3.83	8.22	58.1	5	57.0
45.722	2.72	4.95	13.45	2.12	3.78	8.01	59.5	5	57.0
45.866	2.83	4.97	14.07	2.10	3.77	7.92	56.3	5	57.0
45.926	2.84	4.96	14.06	2.10	3.75	7.88	56.1	5	57.0
46.029	2.72	4.95	13.49	2.11	3.72	7.86	58.3	5	57.5
46.173	2.82	4.97	14.00	2.13	3.69	7.85	56.0	5	57.5
46.233	2.79	4.97	13.84	2.12	3.68	7.81	56.4	5	57.5
46.336	2.70	4.97	13.42	2.07	3.64	7.52	56.0	5	58.0
46.480	2.67	4.96	13.23	2.06	3.63	7.49	56.6	5	58.0
46.540	2.69	4.96	13.35	2.07	3.61	7.45	55.8	5	58.0
46.643	2.63	4.95	13.01	2.04	3.57	7.27	55.9	5	58.5
46.787	2.68	4.97	13.30	2.00	3.56	7.12	53.6	5	58.5
46.847	2.54	4.96	12.60	2.01	3.55	7.14	56.6	5	58.5
46.950	2.63	4.96	13.05	1.99	3.51	6.97	53.4	5	59.0
47.094	2.57	4.96	12.76	1.98	3.49	6.92	54.2	5	59.0
47.154	2.49	4.96	12.35	1.95	3.48	6.79	55.0	5	59.0
47.257	2.47	4.97	12.26	1.95	3.45	6.73	54.9	5	59.5
47.401	2.49	4.97	12.36	1.95	3.44	6.73	54.5	5	59.5
47.461	2.48	4.97	12.33	1.96	3.41	6.67	54.1	5	59.5
47.564	2.39	4.96	11.85	1.94	3.38	6.54	55.1	5	60.0
47.708	2.31	4.96	11.45	1.96	3.38	6.64	58.0	5	60.0
47.768	2.38	4.96	11.80	1.94	3.35	6.51	55.1	5	60.0
47.871	2.31	4.96	11.43	1.91	3.29	6.28	54.9	5	60.5
48.015	2.26	4.96	11.22	1.86	3.28	6.10	54.4	5	60.5
48.075	2.32	4.96	11.51	1.87	3.30	6.17	53.6	5	60.5
48.178	2.23	4.96	11.04	1.87	3.27	6.10	55.2	5	61.0
48.322	2.34	4.97	11.63	1.85	3.24	5.97	51.3	5	61.0
48.382	2.35	4.97	11.69	1.83	3.24	5.95	50.9	5	61.0
48.485	2.29	4.97	11.35	1.81	3.22	5.84	51.5	5	61.5
48.629	2.19	4.97	10.88	1.84	3.18	5.85	53.7	5	61.5
48.689	2.19	4.97	10.85	1.85	3.16	5.86	54.0	5	61.5
48.792	2.12	4.96	10.49	1.84	3.14	5.79	55.2	5	62.0
48.936	2.17	4.97	10.76	1.83	3.12	5.71	53.1	5	62.0
48.996	2.01	4.97	10.00	1.80	3.13	5.62	56.2	5	62.0
49.099	2.16	4.97	10.76	1.80	3.10	5.56	51.7	5	62.5
49.243	2.18	4.97	10.86	1.80	3.07	5.53	50.9	5	62.5
49.303	2.15	4.98	10.70	1.80	3.06	5.52	51.6	5	62.5
49.406	2.00	4.97	9.95	1.80	3.05	5.49	55.2	5	63.0
49.550	1.98	4.97	9.81	1.80	2.98	5.35	54.5	5	63.0
49.610	2.01	4.98	9.98	1.79	2.96	5.30	53.2	5	63.0
49.713	2.11	4.97	10.47	1.80	2.96	5.32	50.8	5	63.5
49.857	1.94	4.98	9.68	1.75	2.94	5.16	53.4	5	63.5
49.917	1.98	4.98	9.85	1.74	2.94	5.12	51.9	5	63.5
50.020	1.99	4.97	9.88	1.72	2.92	5.02	50.8	5	63.5
50.164	1.87	4.97	9.32	1.69	2.91	4.92	52.8	5	64.0
50.224	1.92	4.97	9.54	1.69	2.88	4.88	51.2	5	64.0
50.327	1.90	4.98	9.45	1.70	2.87	4.87	51.5	5	64.0
50.471	1.94	4.97	9.65	1.67	2.83	4.72	48.9	5	64.5
50.531	1.78	4.98	8.83	1.65	2.82	4.66	52.8	5	64.5
50.634	1.76	4.98	8.76	1.65	2.82	4.64	53.0	5	64.5
50.778	1.93	4.97	9.58	1.65	2.79	4.60	48.0	5	65.0
50.838	1.87	4.98	9.30	1.64	2.74	4.49	48.3	5	65.0
50.941	1.82	4.97	9.06	1.64	2.76	4.53	50.0	5	65.0
51.085	1.81	4.97	9.00	1.64	2.73	4.47	49.7	5	65.5
51.145	1.88	4.97	9.32	1.62	2.72	4.41	47.3	5	65.5
51.248	1.76	4.96	8.74	1.63	2.73	4.43	50.7	5	65.5
51.392	1.62	4.97	8.07	1.55	2.69	4.17	51.6	5	66.0
51.452	1.51	4.97	7.51	1.57	2.67	4.20	55.9	5	66.0
51.555	1.57	4.97	7.79	1.60	2.66	4.26	54.7	5	66.0
51.699	1.63	4.97	8.11	1.61	2.61	4.20	51.8	5	66.5
51.759	1.54	4.98	7.68	1.61	2.61	4.20	54.7	5	66.5
51.862	1.59	4.98	7.93	1.62	2.60	4.20	53.0	5	66.5
52.006	1.57	4.99	7.82	1.57	2.55	4.00	51.1	5	67.0
52.066	1.59	4.98	7.93	1.58	2.54	4.02	50.7	5	67.0
52.169	1.44	4.97	7.18	1.59	2.53	4.03	56.1	5	67.0
52.313	1.51	4.96	7.47	1.56	2.53	3.94	52.8	5	67.5
52.373	1.57	4.96	7.78	1.55	2.52	3.91	50.3	5	67.5
52.476	1.59	4.97	7.92	1.55	2.49	3.86	48.7	5	67.5
52.620	1.57	4.97	7.80	1.54	2.48	3.82	48.9	5	68.0
52.680	1.55	4.97	7.69	1.53	2.47	3.79	49.2	5	68.0
52.783	1.52	4.97	7.55	1.55	2.42	3.75	49.7	5	68.0
52.927	1.50	4.99	7.48	1.59	2.43	3.86	51.5	5	68.5
52.987	1.47	4.98	7.32	1.58	2.42	3.82	52.2	5	68.5
53.090	1.45	4.98	7.22	1.56	2.41	3.75	52.0	5	68.5
53.234	1.45	4.98	7.22	1.52	2.40	3.65	50.5	5	69.0
53.294	1.42	4.98	7.06	1.53	2.35	3.58	50.8	5	69.0
53.397	1.39	4.98	6.90	1.50	2.34	3.52	51.0	5	69.0
53.541	1.41	4.98	7.03	1.48	2.32	3.44	48.9	5	69.5
53.601	1.51	4.98	7.51	1.49	2.32	3.45	46.0	5	69.5
53.704	1.30	4.98	6.46	1.47	2.28	3.34	51.7	5	69.5
53.848	1.32	4.98	6.57	1.49	2.25	3.35	51.0	5	70.0
53.908	1.32	4.97	6.58	1.48	2.23	3.30	50.1	5	70.0
54.011	1.42	4.97	7.07	1.53	2.23	3.41	48.3	5	70.0
54.155	1.43	4.98	7.11	1.50	2.23	3.34	47.0	5	70.5
54.215	1.44	4.97	7.15	1.48	2.22	3.29	46.1	5	70.5
54.318	1.31	4.98	6.55	1.51	2.21	3.34	51.0	5	70.5
54.462	1.39	4.98	6.92	1.49	2.18	3.25	47.0	5	71.0
54.522	1.38	4.98	6.87	1.50	2.16	3.24	47.1	5	71.0
54.625	1.43	4.96	7.11	1.50	2.15	3.22	45.2	5	71.0
54.769	1.31	4.97	6.50	1.46	2.15	3.15	48.4	5	71.5
54.829	1.25	4.96	6.22	1.43	2.13	3.05	49.1	5	71.5
54.932	1.24	4.98	6.18	1.43	2.13	3.05	49.4	5	71.5
55.076	1.15	4.98	5.74	1.41	2.15	3.03	52.8	5	72.0
55.136	1.18	4.97	5.85	1.39	2.12	2.95	50.3	5	72.0
55.239	1.28	4.97	6.35	1.39	2.08	2.90	45.7	5	72.0
55.383	1.30	4.98	6.49	1.38	2.09	2.89	44.5	5	72.5
55.443	1.26	4.98	6.27	1.38	2.04	2.81	44.9	5	72.5
55.546	1.26	4.99	6.29	1.37	2.01	2.75	43.7	5	72.5
55.690	1.37	4.98	6.81	1.36	2.00	2.72	39.9	5	72.5
55.750	1.14	4.99	5.69	1.34	1.98	2.65	46.5	5	73.0
55.853	1.16	4.99	5.77	1.34	1.96	2.62	45.3	5	73.0
55.997	1.08	4.98	5.36	1.32	1.96	2.58	48.2	5	73.0
56.057	1.10	4.99	5.50	1.30	1.94	2.51	45.6	5	73.5
56.160	1.07	4.98	5.32	1.28	1.92	2.46	46.2	5	73.5
56.304	1.16	4.98	5.78	1.28	1.91	2.45	42.4	5	73.5
56.364	1.17	4.98	5.84	1.27	1.88	2.39	41.0	5	74.0
56.467	1.08	4.99	5.37	1.27	1.89	2.40	44.6	5	74.0
56.611	1.12	4.98	5.58	1.26	1.87	2.35	42.1	5	74.0
56.671	1.14	4.98	5.67	1.27	1.87	2.38	41.9	5	74.5
56.774	1.17	4.98	5.82	1.26	1.84	2.32	39.9	5	74.5
56.918	1.13	4.99	5.62	1.29	1.84	2.38	42.3	5	74.5
56.978	1.03	4.99	5.16	1.29	1.84	2.39	46.2	5	75.0
57.081	1.00	4.99	5.01	1.29	1.81	2.33	46.5	5	75.0
57.225	1.14	4.99	5.71	1.27	1.79	2.28	39.9	5	75.0
57.285	1.17	4.98	5.84	1.26	1.81	2.27	38.9	5	75.5
57.388	1.05	4.99	5.23	1.24	1.78	2.20	42.1	5	75.5
57.532	1.09	4.99	5.42	1.24	1.77	2.20	40.6	5	75.5
57.592	1.13	5.00	5.63	1.25	1.77	2.22	39.4	5	76.0
57.695	0.99	4.99	4.96	1.23	1.75	2.15	43.5	5	76.0
57.839	0.92	4.99	4.61	1.27	1.75	2.23	48.3	5	76.0
57.899	1.00	4.98	5.01	1.23	1.75	2.15	43.0	5	76.5
58.002	0.83	4.98	4.12	1.19	1.68	2.01	48.7	5	76.5
58.146	1.01	5.00	5.02	1.19	1.70	2.02	40.2	5	76.5
58.206	0.98	5.00	4.89	1.20	1.69	2.03	41.5	5	76.5
58.309	0.99	4.99	4.93	1.17	1.67	1.96	39.8	5	77.0
58.453	0.94	4.99	4.68	1.17	1.67	1.95	41.6	5	77.0
58.513	1.04	5.00	5.21	1.18	1.65	1.95	37.5	5	77.0
58.616	1.02	4.99	5.07	1.18	1.60	1.89	37.2	5	77.5
58.760	0.97	5.01	4.85	1.13	1.60	1.81	37.3	5	77.5
58.820	0.77	5.00	3.83	1.15	1.61	1.85	48.4	5	77.5
58.923	0.91	4.99	4.53	1.14	1.58	1.80	39.8	5	78.0
59.067	0.91	5.01	4.56	1.13	1.56	1.76	38.7	5	78.0
59.127	0.83	5.00	4.15	1.08	1.57	1.70	41.0	5	78.0
59.230	0.86	5.00	4.30	1.10	1.54	1.69	39.2	5	78.5
59.374	1.01	4.99	5.04	1.12	1.55	1.74	34.6	5	78.5
59.434	1.00	4.99	4.97	1.13	1.51	1.71	34.3	5	78.5
59.537	1.03	4.99	5.14	1.11	1.53	1.70	33.0	5	79.0
59.681	0.75	5.00	3.74	1.07	1.49	1.59	42.6	5	79.0
59.741	0.77	4.99	3.85	1.09	1.50	1.63	42.3	5	79.0
59.844	0.88	5.00	4.40	1.08	1.46	1.57	35.6	5	79.5
59.988	0.85	5.01	4.24	1.08	1.47	1.58	37.3	5	79.5
60.048	0.83	5.00	4.18	1.05	1.47	1.55	37.1	5	79.5
60.151	0.84	5.00	4.21	1.04	1.43	1.50	35.5	5	80.0
60.295	0.81	5.01	4.06	1.00	1.43	1.44	35.5	5	80.0
60.355	0.84	5.01	4.19	1.00	1.40	1.39	33.2	5	80.0
60.458	0.90	5.00	4.53	1.01	1.42	1.44	31.9	5	80.5
60.602	0.85	5.00	4.24	1.03	1.44	1.49	35.1	5	80.5
60.662	0.76	5.00	3.82	1.03	1.43	1.47	38.4	5	80.5
60.765	0.82	5.00	4.09	1.01	1.42	1.43	35.0	5	81.0
60.909	0.99	5.01	4.94	1.05	1.38	1.45	29.3	5	81.0
60.969	0.93	5.00	4.63	1.08	1.37	1.48	31.9	5	81.0
61.072	1.00	5.00	5.00	1.07	1.33	1.42	28.3	5	81.5
61.216	0.85	5.00	4.23	1.09	1.35	1.46	34.6	5	81.5
61.276	0.76	5.00	3.81	1.07	1.32	1.41	37.0	5	81.5
61.379	0.89	5.00	4.42	1.06	1.30	1.37	31.1	5	82.0
61.523	0.90	5.00	4.49	1.09	1.31	1.43	31.9	5	82.0
61.583	0.82	5.00	4.12	1.10	1.31	1.44	35.0	5	82.0
61.686	0.82	5.00	4.12	1.09	1.26	1.38	33.5	5	82.5
61.830	0.77	5.00	3.85	1.05	1.25	1.31	34.1	5	82.5
61.890	0.54	5.00	2.70	1.01	1.25	1.27	47.0	5	82.5
61.993	0.69	5.00	3.46	0.95	1.23	1.17	33.9	5	82.5
62.137	0.63	5.01	3.17	0.94	1.20	1.13	35.5	5	83.0
62.197	0.68	5.01	3.40	0.94	1.21	1.14	33.5	5	83.0
62.300	0.67	5.00	3.36	0.94	1.21	1.14	33.9	5	83.0
62.444	0.64	5.01	3.20	0.91	1.20	1.10	34.2	5	83.5
62.504	0.69	5.01	3.48	0.93	1.18	1.10	31.5	5	83.5
62.607	0.62	5.01	3.11	0.85	1.20	1.02	32.9	5	83.5
62.751	0.53	5.01	2.63	0.85	1.17	0.99	37.8	5	84.0
62.811	0.56	5.01	2.79	0.85	1.16	0.99	35.3	5	84.0
62.914	0.63	5.01	3.17	0.88	1.15	1.01	31.7	5	84.0
63.058	0.60	5.01	3.02	0.91	1.16	1.06	34.9	5	84.5
63.118	0.58	5.00	2.91	0.90	1.15	1.03	35.4	5	84.5
63.221	0.70	5.01	3.49	0.92	1.14	1.05	30.1	5	84.5
63.365	0.76	5.02	3.80	0.90	1.12	1.01	26.6	5	85.0
63.425	0.66	5.01	3.32	0.88	1.09	0.95	28.7	5	85.0
63.528	0.57	5.01	2.87	0.85	1.07	0.91	31.8	5	85.0
63.672	0.56	5.01	2.81	0.87	1.05	0.91	32.2	5	85.5
63.732	0.48	5.01	2.42	0.83	1.07	0.88	36.6	5	85.5
63.835	0.51	5.01	2.55	0.82	1.07	0.88	34.5	5	85.5
63.979	0.57	5.00	2.85	0.79	1.03	0.81	28.6	5	86.0
64.039	0.46	5.00	2.28	0.80	1.02	0.82	35.7	5	86.0
64.142	0.57	5.01	2.84	0.80	1.03	0.83	29.0	5	86.0
64.286	0.57	5.01	2.86	0.82	1.01	0.83	28.8	5	86.5
64.346	0.61	5.00	3.06	0.82	1.00	0.82	26.8	5	86.5
64.449	0.59	5.00	2.97	0.79	0.97	0.77	25.8	5	86.5
64.593	0.33	5.00	1.64	0.73	0.98	0.72	43.8	5	87.0
64.653	0.40	5.00	1.98	0.73	0.97	0.71	35.6	5	87.0
64.756	0.53	5.01	2.65	0.72	0.93	0.67	25.3	5	87.0
64.900	0.53	5.00	2.67	0.72	0.99	0.72	26.8	5	87.5
64.960	0.52	5.01	2.59	0.70	0.98	0.68	26.4	5	87.5
65.063	0.52	5.01	2.63	0.68	0.92	0.63	23.8	5	87.5
65.207	0.53	5.02	2.68	0.63	0.92	0.57	21.4	5	88.0
65.267	0.63	5.02	3.16	0.63	0.93	0.58	18.4	5	88.0
65.370	0.31	5.02	1.56	0.60	0.93	0.56	35.7	5	88.0
65.514	0.32	5.03	1.62	0.58	0.93	0.54	33.3	5	88.5
65.574	0.37	5.02	1.87	0.55	0.93	0.51	27.4	5	88.5
65.677	0.51	5.02	2.58	0.54	0.92	0.49	19.0	5	88.5
65.821	0.70	5.02	3.52	0.53	0.90	0.48	13.6	5	89.0
65.881	0.57	5.02	2.86	0.52	0.88	0.45	15.8	5	89.0
65.984	0.48	5.02	2.40	0.51	0.85	0.44	18.2	5	89.0
66.128	0.54	5.01	2.70	0.49	0.86	0.42	15.5	5	89.5
66.188	0.47	5.01	2.33	0.50	0.86	0.43	18.4	5	89.5
66.291	0.48	5.01	2.40	0.50	0.87	0.43	17.9	5	89.5
66.435	0.59	5.02	2.98	0.48	0.84	0.40	13.6	5	90.0
66.495	0.37	5.02	1.88	0.46	0.82	0.38	20.1	5	90.0
66.598	0.51	5.02	2.55	0.43	0.83	0.36	14.1	5	90.0
66.742	0.49	5.02	2.45	0.44	0.79	0.35	14.1	5	90.5
66.802	0.40	5.02	2.03	0.44	0.79	0.35	17.2	5	90.5
66.905	0.40	5.03	1.99	0.44	0.80	0.35	17.5	5	90.5
67.049	0.31	5.01	1.57	0.42	0.79	0.33	21.0	5	91.0
67.109	0.39	5.01	1.94	0.40	0.77	0.31	15.9	5	91.0
67.212	0.43	5.01	2.17	0.40	0.78	0.31	14.2	5	91.0
67.356	0.23	5.01	1.17	0.42	0.76	0.32	27.2	5	91.5
67.416	0.36	5.02	1.81	0.40	0.75	0.30	16.6	5	91.5
67.519	0.45	5.02	2.27	0.38	0.75	0.28	12.4	5	91.5
67.663	0.33	5.00	1.65	0.40	0.74	0.29	17.8	5	91.5
67.723	0.56	5.01	2.82	0.40	0.70	0.28	9.9	5	92.0
67.826	0.52	5.01	2.63	0.38	0.68	0.26	9.8	5	92.0
67.970	0.55	5.02	2.76	0.36	0.70	0.25	9.1	5	92.0
68.030	0.49	5.01	2.48	0.36	0.68	0.24	9.9	5	92.5
68.133	0.45	5.01	2.28	0.37	0.68	0.25	10.9	5	92.5
68.277	0.29	5.01	1.45	0.35	0.68	0.23	16.2	5	92.5
68.337	0.32	5.00	1.61	0.35	0.67	0.24	14.7	5	93.0
68.440	0.28	5.00	1.41	0.32	0.64	0.20	14.4	5	93.0
68.584	0.56	5.01	2.82	0.31	0.67	0.21	7.4	5	93.0
68.644	0.44	5.01	2.20	0.30	0.64	0.19	8.8	5	93.5
68.747	0.45	5.02	2.25	0.30	0.62	0.19	8.4	5	93.5
68.891	0.37	5.01	1.83	0.30	0.62	0.19	10.2	5	93.5
68.951	0.47	5.01	2.37	0.32	0.62	0.20	8.2	5	94.0
69.054	0.45	5.02	2.24	0.30	0.60	0.18	7.9	5	94.0
69.198	0.43	5.02	2.17	0.28	0.59	0.17	7.7	5	94.0
69.258	0.39	5.02	1.96	0.26	0.58	0.15	7.6	5	94.5
69.361	0.42	5.02	2.09	0.27	0.58	0.16	7.6	5	94.5
69.505	0.50	5.02	2.49	0.26	0.57	0.15	5.8	5	94.5
69.565	0.41	5.03	2.08	0.26	0.58	0.15	7.2	5	95.0
69.668	0.39	5.02	1.98	0.26	0.56	0.14	7.2	5	95.0
69.812	25.68	1.85	47.45	0.12	0.39	0.05	0.1	5	0.0
69.872	32.11	1.04	33.36	0.07	0.34	0.02	0.1	5	0.0
69.975	36.73	0.45	16.66	0.04	0.30	0.01	0.1	5	0.0
70.119	38.91	0.19	7.52	0.06	0.30	0.02	0.2	5	0.5
70.179	39.09	0.17	6.70	0.05	0.28	0.01	0.2	5	0.5
70.282	39.21	0.15	5.79	0.03	0.30	0.01	0.2	5	0.5
824.348	39.41	0.11	4.31	0.03	0.22	0.01	0.1	5	0.0
824.408	39.41	0.10	3.85	0.04	0.20	0.01	0.2	5	0.0
824.511	39.23	0.10	3.99	0.03	0.22	0.01	0.2	5	0.0
824.655	39.29	0.11	4.35	0.03	0.23	0.01	0.2	5	0.5
824.715	39.21	0.11	4.21	0.03	0.25	0.01	0.2	5	0.5
824.818	39.36	0.11	4.32	0.03	0.25	0.01	0.2	5	0.5
824.962	39.35	0.11	4.28	0.08	0.23	0.02	0.4	5	0.5
825.022	39.29	0.11	4.49	0.22	0.49	0.11	2.4	5	1.0
825.125	39.28	0.12	4.82	0.35	0.72	0.25	5.3	5	1.0
825.269	39.43	0.12	4.81	0.43	0.85	0.36	7.6	5	1.0
825.329	39.35	0.13	5.15	0.50	0.99	0.50	9.6	5	1.5
825.432	39.26	0.14	5.52	0.57	1.11	0.63	11.4	5	1.5
825.576	39.30	0.14	5.58	0.61	1.16	0.71	12.8	5	1.5
825.636	39.24	0.14	5.64	0.66	1.25	0.83	14.6	5	2.0
825.739	39.13	0.14	5.62	0.76	1.41	1.06	18.9	5	2.0
825.883	39.14	0.15	6.05	0.79	1.46	1.16	19.1	5	2.0
825.943	39.15	0.17	6.46	0.88	1.55	1.36	21.0	5	2.5
826.046	39.22	0.18	6.92	1.00	1.71	1.71	24.7	5	2.5
826.190	39.28	0.18	7.10	1.04	1.79	1.87	26.3	5	2.5
826.250	39.21	0.18	6.97	1.08	1.85	1.99	28.6	5	3.0
826.353	39.17	0.20	7.81	1.19	2.02	2.40	30.7	5	3.0
826.497	39.29	0.22	8.49	1.23	2.09	2.57	30.3	5	3.0
826.557	39.24	0.21	8.38	1.25	2.12	2.66	31.7	5	3.5
826.660	39.24	0.23	9.16	1.33	2.29	3.05	33.3	5	3.5
826.804	39.25	0.24	9.47	1.37	2.38	3.27	34.5	5	3.5
826.864	39.23	0.23	9.11	1.38	2.41	3.32	36.5	5	4.0
826.967	39.13	0.26	10.06	1.44	2.58	3.71	36.9	5	4.0
827.111	39.17	0.27	10.55	1.47	2.70	3.98	37.7	5	4.0
827.171	39.15	0.27	10.69	1.48	2.71	4.00	37.5	5	4.5
827.274	39.00	0.29	11.26	1.56	2.85	4.46	39.6	5	4.5
827.418	39.07	0.30	11.62	1.59	2.92	4.63	39.9	5	4.5
827.478	39.01	0.30	11.81	1.61	2.92	4.71	39.9	5	4.5
827.581	38.98	0.31	12.12	1.71	3.05	5.20	42.9	5	5.0
827.725	39.04	0.32	12.43	1.75	3.18	5.55	44.7	5	5.0
827.785	39.03	0.32	12.52	1.74	3.16	5.50	43.9	5	5.0
827.888	38.91	0.35	13.74	1.83	3.33	6.09	44.3	5	5.5
828.032	38.86	0.35	13.45	1.87	3.41	6.37	47.4	5	5.5
828.092	38.93	0.35	13.71	1.85	3.42	6.32	46.1	5	5.5
828.195	38.89	0.38	14.62	1.95	3.57	6.95	47.5	5	6.0
828.339	38.79	0.39	15.25	2.02	3.74	7.56	49.6	5	6.0
828.399	38.80	0.40	15.37	2.03	3.76	7.62	49.6	5	6.0
828.502	38.79	0.43	16.56	2.09	3.95	8.24	49.7	5	6.5
828.646	38.89	0.46	17.87	2.11	4.15	8.76	49.0	5	6.5
828.706	38.77	0.46	17.99	2.11	4.21	8.87	49.3	5	6.5
828.809	38.68	0.50	19.50	2.23	4.44	9.90	50.8	5	7.0
828.953	38.65	0.53	20.34	2.25	4.58	10.28	50.5	5	7.0
829.013	38.61	0.52	20.27	2.24	4.60	10.29	50.8	5	7.0
829.116	38.48	0.55	21.14	2.32	4.73	10.96	51.9	5	7.5
829.260	38.55	0.58	22.22	2.44	4.90	11.94	53.7	5	7.5
829.320	38.54	0.58	22.43	2.42	4.94	11.93	53.2	5	7.5
829.423	38.51	0.62	23.80	2.46	5.12	12.58	52.9	5	8.0
829.567	38.41	0.66	25.24	2.52	5.37	13.51	53.5	5	8.0
829.627	38.42	0.67	25.74	2.53	5.39	13.64	53.0	5	8.0
829.730	38.42	0.71	27.12	2.60	5.52	14.38	53.0	5	8.5
829.874	38.27	0.73	27.92	2.69	5.64	15.19	54.4	5	8.5
829.934	38.27	0.73	28.03	2.67	5.70	15.24	54.4	5	8.5
830.037	38.23	0.78	29.82	2.72	5.95	16.15	54.1	5	9.0
830.181	38.21	0.84	32.26	2.80	6.35	17.76	55.1	5	9.0
830.241	37.97	0.85	32.24	2.80	6.39	17.90	55.5	5	9.0
830.344	38.12	0.87	33.28	2.81	6.48	18.21	54.7	5	9.5
830.488	37.83	0.93	35.01	2.92	6.69	19.51	55.7	5	9.5
830.548	37.76	0.93	35.05	2.92	6.71	19.58	55.9	5	9.5
830.651	37.90	0.95	36.08	2.94	6.80	20.01	55.5	5	10.0
830.796	37.86	1.01	38.33	3.04	6.99	21.24	55.4	5	10.0
830.856	38.00	1.02	38.82	3.06	6.99	21.37	55.0	5	10.0
830.960	37.89	1.03	39.03	3.07	7.01	21.56	55.2	5	10.5
831.105	37.77	1.08	40.93	3.23	7.24	23.34	57.0	5	10.5
831.165	37.69	1.11	41.65	3.24	7.28	23.60	56.6	5	10.5
831.269	37.68	1.11	41.66	3.30	7.29	24.04	57.7	5	11.0
831.414	37.57	1.15	43.22	3.37	7.36	24.80	57.4	5	11.0
831.474	37.66	1.15	43.31	3.42	7.29	24.93	57.6	5	11.0
831.578	37.79	1.08	40.95	3.54	6.83	24.19	59.1	5	11.5
831.723	37.89	1.10	41.56	3.77	6.62	24.99	60.1	5	11.5
831.783	37.76	1.08	40.95	3.82	6.54	25.00	61.0	5	11.5
831.887	37.67	1.05	39.71	3.89	6.28	24.46	61.6	5	11.5
832.032	37.81	1.05	39.74	4.12	6.09	25.11	63.2	5	12.0
832.092	37.83	1.01	38.05	4.21	5.78	24.32	63.9	5	12.0
832.196	38.11	0.93	35.36	4.33	5.33	23.09	65.3	5	12.0
832.341	37.92	0.98	37.22	4.48	5.45	24.43	65.6	5	12.5
832.401	38.00	0.95	36.19	4.54	5.32	24.17	66.8	5	12.5
832.505	37.97	0.97	36.88	4.59	5.25	24.10	65.4	5	12.5
832.650	37.87	1.00	37.98	4.72	5.34	25.21	66.4	5	13.0
832.710	37.81	0.98	37.09	4.78	5.22	24.96	67.3	5	13.0
832.814	37.83	0.97	36.72	4.81	5.18	24.91	67.8	5	13.0
832.959	37.79	0.99	37.24	5.04	5.11	25.75	69.2	5	13.5
833.019	37.85	0.97	36.73	5.09	5.00	25.42	69.2	5	13.5
833.123	37.80	0.98	36.94	5.08	5.02	25.53	69.1	5	13.5
833.267	37.88	1.02	38.64	5.24	5.09	26.63	68.9	5	14.0
833.327	37.80	1.02	38.66	5.26	5.12	26.93	69.7	5	14.0
833.431	37.91	0.98	37.24	5.35	4.88	26.12	70.1	5	14.0
833.576	37.92	1.03	39.15	5.53	4.94	27.30	69.7	5	14.5
833.636	37.82	1.03	38.91	5.51	5.13	28.28	72.7	5	14.5
833.740	37.95	0.96	36.33	5.60	4.87	27.24	75.0	5	14.5
833.885	37.80	1.05	39.53	5.74	4.99	28.65	72.5	5	15.0
833.945	37.66	1.07	40.41	5.72	5.09	29.08	72.0	5	15.0
834.049	37.76	1.05	39.73	5.84	4.79	27.98	70.4	5	15.0
834.194	37.73	1.07	40.26	5.96	4.82	28.76	71.4	5	15.5
834.254	37.72	1.06	39.89	6.00	4.82	28.92	72.5	5	15.5
834.358	37.76	1.05	39.60	6.08	4.75	28.91	73.0	5	15.5
834.503	37.62	1.12	42.09	6.20	4.91	30.43	72.3	5	16.0
834.563	37.63	1.14	42.86	6.26	4.89	30.59	71.4	5	16.0
834.667	37.54	1.13	42.53	6.28	4.89	30.69	72.2	5	16.0
834.812	37.72	1.13	42.74	6.43	4.80	30.86	72.2	5	16.5
834.872	37.67	1.15	43.34	6.49	4.83	31.38	72.4	5	16.5
834.976	37.62	1.15	43.17	6.57	4.74	31.13	72.1	5	16.5
835.121	37.49	1.19	44.67	6.69	4.83	32.33	72.4	5	17.0
835.181	37.51	1.18	44.42	6.73	4.87	32.78	73.8	5	17.0
835.285	37.55	1.17	43.84	6.78	4.83	32.74	74.7	5	17.0
835.430	37.50	1.22	45.77	6.85	4.91	33.64	73.5	5	17.5
835.490	37.54	1.21	45.39	6.99	4.82	33.66	74.2	5	17.5
835.594	37.29	1.22	45.50	7.00	4.89	34.20	75.2	5	17.5
835.739	37.35	1.28	47.99	7.20	4.77	34.31	71.5	5	18.0
835.799	37.27	1.32	49.11	7.10	5.20	36.93	75.2	5	18.0
835.903	37.44	1.25	46.74	7.26	4.81	34.91	74.7	5	18.0
836.048	37.28	1.35	50.20	7.49	4.66	34.91	69.5	5	18.5
836.108	37.34	1.35	50.24	7.40	4.99	36.92	73.5	5	18.5
836.212	37.27	1.33	49.67	7.49	4.91	36.74	74.0	5	18.5
836.357	37.31	1.35	50.39	7.61	4.93	37.52	74.5	5	19.0
836.417	37.32	1.33	49.73	7.69	4.85	37.32	75.1	5	19.0
836.521	37.27	1.36	50.51	7.74	4.99	38.63	76.5	5	19.0
836.665	37.20	1.36	50.75	7.90	4.80	37.89	74.7	5	19.5
836.725	37.03	1.42	52.63	7.90	5.05	39.90	75.8	5	19.5
836.829	37.11	1.43	53.17	7.93	4.97	39.41	74.1	5	19.5
836.974	37.14	1.46	54.38	8.03	5.04	40.44	74.4	5	20.0
837.034	37.12	1.43	53.06	8.12	4.95	40.22	75.8	5	20.0
837.138	37.05	1.46	54.01	8.15	5.01	40.86	75.7	5	20.0
837.283	36.97	1.47	54.42	8.22	5.10	41.91	77.0	5	20.5
837.343	36.93	1.51	55.73	8.30	5.19	43.09	77.3	5	20.5
837.447	36.95	1.53	56.63	8.38	5.20	43.55	76.9	5	20.5
837.592	36.92	1.54	57.04	8.50	5.16	43.88	76.9	5	21.0
837.652	36.83	1.57	57.94	8.54	5.20	44.37	76.6	5	21.0
837.756	36.85	1.55	57.05	8.64	5.04	43.53	76.3	5	21.0
837.901	36.81	1.58	58.06	8.69	5.16	44.84	77.2	5	21.5
837.961	36.70	1.62	59.58	8.80	5.23	46.03	77.3	5	21.5
838.065	36.52	1.69	61.68	8.84	5.35	47.30	76.7	5	21.5
838.210	36.49	1.64	59.82	8.98	5.18	46.47	77.7	5	22.0
838.270	36.46	1.71	62.20	8.94	5.45	48.78	78.4	5	22.0
838.374	36.39	1.75	63.70	9.04	5.41	48.94	76.8	5	22.0
838.519	36.48	1.72	62.67	9.22	5.12	47.20	75.3	5	22.5
838.579	36.13	1.84	66.45	9.40	5.01	47.11	70.9	5	22.5
838.683	36.51	1.73	63.33	9.43	5.02	47.33	74.7	5	22.5
838.828	36.37	1.77	64.36	9.36	5.42	50.68	78.7	5	23.0
838.888	36.23	1.83	66.37	9.50	5.31	50.43	76.0	5	23.0
838.992	36.26	1.81	65.76	9.51	5.48	52.18	79.3	5	23.0
839.137	36.10	1.87	67.42	9.60	5.46	52.44	77.8	5	23.5
839.197	36.02	1.89	67.96	9.67	5.49	53.10	78.1	5	23.5
839.301	35.87	1.93	69.13	9.74	5.56	54.17	78.4	5	23.5
839.446	35.98	1.91	68.69	9.79	5.58	54.64	79.5	5	23.5
839.506	35.95	1.94	69.90	9.85	5.64	55.57	79.5	5	24.0
839.610	35.91	1.98	71.16	9.99	5.52	55.19	77.6	5	24.0
839.755	35.79	1.99	71.06	9.94	5.70	56.68	79.8	5	24.0
839.815	35.71	2.03	72.34	10.05	5.63	56.59	78.2	5	24.5
839.919	35.47	2.07	73.30	10.19	5.58	56.85	77.6	5	24.5
840.064	35.51	2.12	75.43	10.23	5.66	57.87	76.7	5	24.5
840.124	35.45	2.14	75.85	10.30	5.65	58.19	76.7	5	25.0
840.228	35.28	2.17	76.60	10.30	5.79	59.63	77.9	5	25.0
840.373	35.34	2.16	76.42	10.41	5.75	59.85	78.3	5	25.0
840.433	35.16	2.22	77.99	10.44	5.83	60.87	78.0	5	25.5
840.537	35.13	2.23	78.46	10.55	5.86	61.82	78.8	5	25.5
840.682	35.22	2.22	78.15	10.61	5.85	62.13	79.5	5	25.5
840.742	34.99	2.28	79.71	10.66	5.87	62.57	78.5	5	26.0
840.846	34.75	2.35	81.49	10.69	6.04	64.56	79.2	5	26.0
840.991	34.69	2.35	81.37	10.72	6.06	64.96	79.8	5	26.0
841.051	34.64	2.37	82.08	10.81	5.97	64.54	78.6	5	26.5
841.155	34.38	2.44	83.77	10.84	6.12	66.35	79.2	5	26.5
841.300	34.38	2.46	84.48	10.84	6.19	67.12	79.5	5	26.5
841.360	34.42	2.45	84.40	10.94	6.15	67.32	79.8	5	27.0
841.464	34.18	2.49	85.12	10.99	6.16	67.64	79.5	5	27.0
841.609	33.88	2.55	86.25	10.99	6.34	69.69	80.8	5	27.0
841.669	34.13	2.52	85.92	11.04	6.20	68.38	79.6	5	27.5
841.773	33.63	2.61	87.73	11.00	6.45	70.94	80.9	5	27.5
841.918	33.45	2.62	87.56	11.37	5.84	66.40	75.8	5	27.5
841.978	33.28	2.64	87.71	11.30	6.12	69.17	78.9	5	28.0
842.082	32.96	2.70	88.92	11.06	6.84	75.61	85.0	5	28.0
842.227	33.03	2.73	90.33	11.19	6.71	75.13	83.2	5	28.0
842.287	32.74	2.75	90.12	11.35	6.36	72.18	80.1	5	28.0
842.391	32.62	2.78	90.62	11.39	6.09	69.31	76.5	5	28.5
842.536	32.44	2.80	90.81	11.43	6.17	70.51	77.7	5	28.5
842.596	32.58	2.78	90.60	11.33	6.17	69.94	77.2	5	28.5
842.700	31.76	2.86	90.94	11.38	6.22	70.72	77.8	5	29.0
842.845	32.04	2.88	92.18	11.41	6.23	71.08	77.1	5	29.0
842.905	31.97	2.86	91.34	11.31	6.56	74.19	81.2	5	29.0
843.009	31.40	2.90	91.20	11.28	6.57	74.14	81.3	5	29.5
843.154	31.11	2.95	91.65	11.33	6.58	74.61	81.4	5	29.5
843.214	31.11	2.95	91.87	11.42	6.16	70.34	76.6	5	29.5
843.318	30.57	2.99	91.31	11.43	6.27	71.65	78.5	5	30.0
843.463	30.24	3.01	91.01	11.26	6.57	74.00	81.3	5	30.0
843.523	30.14	3.02	91.08	11.39	6.11	69.55	76.4	5	30.0
843.627	30.30	3.01	91.32	11.30	6.33	71.55	78.3	5	30.5
843.772	29.86	3.05	91.14	11.01	6.64	73.10	80.2	5	30.5
843.832	29.85	3.05	91.10	11.10	6.35	70.49	77.4	5	30.5
843.936	28.97	3.08	89.37	11.18	6.28	70.17	78.5	5	31.0
844.081	28.46	3.11	88.52	11.10	6.24	69.29	78.3	5	31.0
844.141	28.21	3.10	87.54	11.02	6.31	69.56	79.5	5	31.0
844.245	27.66	3.13	86.47	10.93	6.39	69.85	80.8	5	31.5
844.390	27.11	3.14	85.03	10.74	6.33	67.98	80.0	5	31.5
844.450	27.08	3.14	84.90	10.72	6.25	66.98	78.9	5	31.5
844.554	26.45	3.16	83.61	10.65	6.21	66.13	79.1	5	32.0
844.699	25.99	3.17	82.27	10.50	6.11	64.19	78.0	5	32.0
844.759	25.62	3.16	81.08	10.38	6.09	63.22	78.0	5	32.0
844.863	25.22	3.17	80.00	10.30	6.09	62.76	78.5	5	32.5
845.008	24.26	3.18	77.04	10.04	5.97	59.93	77.8	5	32.5
845.068	24.09	3.18	76.50	9.99	6.01	60.06	78.5	5	32.5
845.172	23.26	3.19	74.08	9.67	6.25	60.42	81.6	5	33.0
845.317	22.49	3.19	71.65	9.42	6.15	57.92	80.8	5	33.0
845.377	22.46	3.19	71.71	9.42	5.99	56.41	78.7	5	33.0
845.481	22.05	3.20	70.51	9.22	5.96	54.89	77.8	5	33.5
845.626	21.28	3.19	67.99	9.00	5.88	52.94	77.9	5	33.5
845.686	20.99	3.19	67.07	8.84	5.85	51.71	77.1	5	33.5
845.790	20.30	3.20	65.02	8.56	5.89	50.48	77.6	5	34.0
845.935	19.50	3.22	62.72	8.33	5.93	49.38	78.7	5	34.0
845.995	19.32	3.22	62.14	8.24	5.74	47.26	76.1	5	34.0
846.099	18.37	3.21	58.94	7.91	5.74	45.46	77.1	5	34.5
846.244	17.94	3.24	58.06	7.63	5.79	44.21	76.1	5	34.5
846.304	17.40	3.26	56.78	7.43	5.79	43.02	75.8	5	34.5
846.408	17.02	3.32	56.50	7.34	5.81	42.62	75.4	5	35.0
846.553	16.37	3.39	55.54	7.06	6.04	42.60	76.7	5	35.0
846.613	16.27	3.39	55.20	7.02	6.02	42.26	76.6	5	35.0
846.717	16.04	3.47	55.58	6.94	5.99	41.56	74.8	5	35.5
846.862	15.80	3.56	56.25	6.92	6.04	41.81	74.3	5	35.5
846.922	15.76	3.62	57.02	6.91	6.01	41.51	72.8	5	35.5
847.026	15.64	3.62	56.58	6.92	6.08	42.04	74.3	5	36.0
847.171	15.50	3.68	57.00	6.97	6.07	42.30	74.2	5	36.0
847.231	15.49	3.68	56.97	6.92	6.15	42.52	74.6	5	36.0
847.335	15.43	3.71	57.21	6.90	6.17	42.55	74.4	5	36.5
847.480	15.16	3.82	57.98	6.84	6.19	42.36	73.1	5	36.5
847.540	15.36	3.78	58.10	6.94	6.16	42.72	73.5	5	36.5
847.644	15.19	3.82	57.96	6.88	6.20	42.62	73.5	5	37.0
847.789	15.17	3.85	58.40	6.99	6.21	43.38	74.3	5	37.0
847.849	14.98	3.93	58.87	6.91	6.25	43.19	73.4	5	37.0
847.953	15.19	3.86	58.63	7.01	6.24	43.70	74.5	5	37.0
848.098	14.86	3.97	58.95	7.00	6.23	43.64	74.0	5	37.5
848.158	14.83	4.02	59.55	6.96	6.23	43.42	72.9	5	37.5
848.262	14.69	3.98	58.46	6.99	6.34	44.26	75.7	5	37.5
848.407	14.60	4.08	59.50	6.99	6.30	44.04	74.0	5	38.0
848.467	14.37	4.10	58.93	6.95	6.31	43.82	74.4	5	38.0
848.571	14.36	4.12	59.11	6.93	6.32	43.82	74.1	5	38.0
848.716	14.41	4.13	59.49	7.03	6.32	44.46	74.7	5	38.5
848.776	14.47	4.13	59.76	7.11	6.14	43.67	73.1	5	38.5
848.880	14.28	4.18	59.74	7.00	6.30	44.08	73.8	5	38.5
849.025	13.97	4.28	59.87	6.94	6.38	44.31	74.0	5	39.0
849.085	14.04	4.27	59.95	7.01	6.27	43.97	73.3	5	39.0
849.189	13.91	4.30	59.78	6.91	6.44	44.48	74.4	5	39.0
849.334	13.76	4.36	60.07	6.97	6.27	43.70	72.8	5	39.5
849.394	13.68	4.35	59.52	6.95	6.33	44.01	74.0	5	39.5
849.498	13.47	4.39	59.19	6.85	6.33	43.41	73.3	5	39.5
849.643	13.37	4.45	59.46	6.87	6.25	42.92	72.2	5	40.0
849.703	13.42	4.44	59.57	6.89	6.24	43.00	72.2	5	40.0
849.807	13.32	4.47	59.60	6.84	6.27	42.87	71.9	5	40.0
849.952	13.15	4.49	59.07	6.86	6.36	43.63	73.9	5	40.5
850.012	13.16	4.49	59.15	6.92	6.18	42.76	72.3	5	40.5
850.116	13.07	4.51	58.99	6.81	6.29	42.89	72.7	5	40.5
850.261	12.87	4.56	58.67	6.86	6.08	41.74	71.1	5	41.0
850.321	12.91	4.55	58.74	6.91	6.15	42.52	72.4	5	41.0
850.425	12.70	4.58	58.15	6.89	5.83	40.19	69.1	5	41.0
850.570	12.04	4.66	56.06	6.55	6.11	39.98	71.3	5	41.5
850.630	12.02	4.67	56.16	6.49	6.22	40.35	71.9	5	41.5
850.734	11.69	4.72	55.16	6.24	6.35	39.59	71.8	5	41.5
850.879	11.54	4.72	54.53	6.25	6.28	39.28	72.0	5	42.0
850.939	11.30	4.75	53.66	6.14	6.27	38.44	71.6	5	42.0
851.043	11.21	4.74	53.20	6.03	6.33	38.18	71.8	5	42.0
851.188	10.85	4.78	51.90	5.92	6.25	37.00	71.3	5	42.5
851.248	10.72	4.79	51.30	5.88	6.18	36.36	70.9	5	42.5
851.352	10.43	4.80	50.11	5.65	6.21	35.11	70.1	5	42.5
851.497	10.23	4.80	49.14	5.59	6.05	33.81	68.8	5	43.0
851.557	10.00	4.81	48.08	5.42	5.90	32.01	66.6	5	43.0
851.661	9.35	4.82	45.09	4.98	6.30	31.43	69.7	5	43.0
851.805	8.85	4.85	42.89	4.68	6.10	28.53	66.5	5	43.5
851.865	8.81	4.84	42.65	4.58	6.08	27.83	65.2	5	43.5
851.968	8.35	4.85	40.47	4.32	6.14	26.49	65.5	5	43.5
852.112	7.80	4.87	37.96	4.04	6.00	24.22	63.8	5	44.0
852.172	7.77	4.86	37.78	4.01	5.95	23.85	63.1	5	44.0
852.275	7.76	4.85	37.65	4.04	5.91	23.89	63.5	5	44.0
852.419	7.64	4.85	37.09	4.07	5.88	23.90	64.5	5	44.5
852.479	7.55	4.86	36.68	4.02	5.86	23.57	64.2	5	44.5
852.582	7.32	4.86	35.58	3.98	5.79	23.07	64.9	5	44.5
852.726	7.38	4.86	35.88	3.93	5.76	22.62	63.0	5	45.0
852.786	7.30	4.86	35.45	3.89	5.73	22.31	62.9	5	45.0
852.889	7.11	4.86	34.52	3.80	5.74	21.77	63.1	5	45.0
853.033	7.14	4.88	34.86	3.67	5.69	20.87	59.8	5	45.5
853.093	6.87	4.87	33.47	3.60	5.64	20.29	60.6	5	45.5
853.196	6.70	4.87	32.60	3.55	5.60	19.87	61.0	5	45.5
853.340	6.61	4.86	32.11	3.53	5.59	19.73	61.5	5	46.0
853.400	6.44	4.86	31.25	3.49	5.56	19.41	62.1	5	46.0
853.503	6.28	4.86	30.51	3.43	5.53	18.96	62.2	5	46.0
853.647	6.41	4.88	31.25	3.40	5.50	18.67	59.7	5	46.5
853.707	6.34	4.88	30.89	3.37	5.45	18.37	59.5	5	46.5
853.810	6.19	4.87	30.16	3.33	5.42	18.02	59.7	5	46.5
853.954	6.04	4.87	29.39	3.32	5.39	17.90	60.9	5	47.0
854.014	5.98	4.87	29.11	3.28	5.36	17.57	60.4	5	47.0
854.117	5.94	4.87	28.89	3.25	5.31	17.27	59.8	5	47.0
854.261	5.76	4.88	28.12	3.20	5.32	17.01	60.5	5	47.5
854.321	5.68	4.88	27.72	3.16	5.28	16.68	60.1	5	47.5
854.424	5.61	4.89	27.43	3.13	5.25	16.42	59.9	5	47.5
854.568	5.65	4.88	27.59	3.11	5.23	16.24	58.9	5	48.0
854.628	5.55	4.88	27.07	3.09	5.18	16.04	59.2	5	48.0
854.731	5.45	4.88	26.60	3.06	5.13	15.73	59.1	5	48.0
854.875	5.38	4.88	26.25	3.05	5.13	15.63	59.5	5	48.0
854.935	5.36	4.88	26.17	3.04	5.09	15.50	59.2	5	48.5
855.038	5.28	4.87	25.76	3.00	5.07	15.19	59.0	5	48.5
855.182	5.05	4.87	24.60	3.00	5.05	15.13	61.5	5	48.5
855.242	5.11	4.87	24.89	2.98	5.00	14.92	60.0	5	49.0
855.345	5.12	4.87	24.93	2.95	4.97	14.68	58.9	5	49.0
855.489	5.11	4.89	24.95	2.93	4.95	14.51	58.2	5	49.0
855.549	5.05	4.89	24.70	2.91	4.92	14.31	57.9	5	49.5
855.652	4.94	4.89	24.13	2.88	4.84	13.97	57.9	5	49.5
855.796	4.99	4.89	24.41	2.90	4.87	14.10	57.8	5	49.5
855.856	4.89	4.89	23.91	2.88	4.82	13.87	58.0	5	50.0
855.959	4.84	4.89	23.68	2.86	4.76	13.59	57.4	5	50.0
856.103	4.98	4.90	24.40	2.83	4.75	13.48	55.2	5	50.0
856.163	4.85	4.90	23.76	2.85	4.72	13.42	56.5	5	50.5
856.266	4.79	4.90	23.44	2.83	4.65	13.15	56.1	5	50.5
856.410	4.68	4.88	22.83	2.85	4.66	13.31	58.3	5	50.5
856.470	4.63	4.89	22.63	2.86	4.65	13.30	58.8	5	51.0
856.573	4.63	4.88	22.59	2.84	4.61	13.08	57.9	5	51.0
856.717	4.61	4.89	22.54	2.84	4.60	13.07	58.0	5	51.0
856.777	4.40	4.89	21.52	2.83	4.59	12.98	60.3	5	51.0
856.880	4.43	4.88	21.66	2.81	4.54	12.76	58.9	5	51.5
857.024	4.35	4.88	21.22	2.80	4.52	12.69	59.8	5	51.5
857.084	4.43	4.88	21.62	2.82	4.51	12.71	58.8	5	51.5
857.187	4.35	4.89	21.30	2.79	4.45	12.40	58.2	5	52.0
857.331	4.41	4.88	21.55	2.78	4.44	12.33	57.2	5	52.0
857.391	4.46	4.88	21.76	2.78	4.42	12.30	56.5	5	52.0
857.494	4.26	4.89	20.82	2.77	4.37	12.14	58.3	5	52.5
857.638	4.20	4.89	20.53	2.75	4.33	11.90	57.9	5	52.5
857.698	4.10	4.89	20.03	2.73	4.33	11.82	59.0	5	52.5
857.801	4.03	4.90	19.71	2.72	4.30	11.66	59.2	5	53.0
857.945	4.12	4.90	20.18	2.69	4.24	11.42	56.6	5	53.0
858.005	4.09	4.89	20.02	2.70	4.23	11.43	57.1	5	53.0
858.108	4.12	4.89	20.16	2.68	4.17	11.15	55.3	5	53.5
858.252	4.05	4.90	19.86	2.66	4.14	11.03	55.5	5	53.5
858.312	4.03	4.90	19.73	2.68	4.16	11.13	56.4	5	53.5
858.415	3.92	4.89	19.16	2.65	4.14	10.96	57.2	5	54.0
858.559	3.90	4.90	19.09	2.62	4.11	10.76	56.4	5	54.0
858.619	3.90	4.89	19.09	2.65	4.11	10.88	57.0	5	54.0
858.722	3.88	4.89	18.98	2.62	4.07	10.65	56.1	5	54.5
858.866	3.80	4.89	18.61	2.64	4.05	10.68	57.4	5	54.5
858.926	3.84	4.90	18.80	2.66	4.03	10.73	57.1	5	54.5
859.029	3.75	4.90	18.35	2.62	3.97	10.38	56.6	5	55.0
859.173	3.67	4.90	18.01	2.60	3.97	10.32	57.3	5	55.0
859.233	3.68	4.90	18.03	2.59	3.97	10.27	56.9	5	55.0
859.336	3.69	4.90	18.07	2.62	3.94	10.32	57.2	5	55.5
859.480	3.59	4.89	17.59	2.63	3.89	10.22	58.1	5	55.5
859.540	3.65	4.90	17.91	2.61	3.86	10.07	56.2	5	55.5
859.643	3.64	4.89	17.83	2.57	3.82	9.84	55.2	5	56.0
859.787	3.57	4.90	17.47	2.59	3.81	9.85	56.4	5	56.0
859.847	3.59	4.90	17.58	2.58	3.78	9.75	55.5	5	56.0
859.950	3.49	4.89	17.08	2.56	3.79	9.69	56.7	5	56.5
860.094	3.58	4.90	17.54	2.54	3.76	9.55	54.5	5	56.5
860.154	3.57	4.90	17.50	2.54	3.75	9.54	54.5	5	56.5
860.257	3.56	4.90	17.46	2.54	3.74	9.50	54.4	5	57.0
860.401	3.47	4.89	17.00	2.50	3.69	9.23	54.3	5	57.0
860.461	3.51	4.89	17.14	2.50	3.68	9.19	53.6	5	57.0
860.564	3.49	4.89	17.04	2.51	3.67	9.20	54.0	5	57.5
860.708	3.37	4.89	16.47	2.46	3.58	8.81	53.5	5	57.5
860.768	3.30	4.89	16.14	2.47	3.59	8.89	55.0	5	57.5
860.871	3.33	4.89	16.29	2.47	3.60	8.89	54.6	5	57.5
861.015	3.26	4.91	15.99	2.42	3.53	8.52	53.3	5	58.0
861.075	3.21	4.90	15.74	2.40	3.51	8.42	53.5	5	58.0
861.178	3.25	4.90	15.92	2.39	3.50	8.36	52.5	5	58.0
861.322	3.21	4.90	15.72	2.39	3.48	8.32	52.9	5	58.5
861.382	3.15	4.90	15.45	2.39	3.47	8.29	53.7	5	58.5
861.485	3.13	4.91	15.38	2.39	3.45	8.22	53.5	5	58.5
861.629	3.05	4.91	14.97	2.34	3.42	8.00	53.4	5	59.0
861.689	3.07	4.91	15.06	2.33	3.42	7.94	52.8	5	59.0
861.792	3.09	4.90	15.17	2.35	3.42	8.02	52.9	5	59.0
861.936	2.99	4.92	14.71	2.32	3.35	7.76	52.8	5	59.5
861.996	3.09	4.91	15.18	2.32	3.33	7.73	50.9	5	59.5
862.099	3.09	4.90	15.12	2.31	3.33	7.71	51.0	5	59.5
862.243	2.96	4.90	14.48	2.30	3.27	7.51	51.9	5	60.0
862.303	2.86	4.90	14.02	2.29	3.27	7.50	53.5	5	60.0
862.406	2.85	4.90	13.97	2.29	3.26	7.47	53.5	5	60.0
862.550	2.95	4.91	14.49	2.25	3.22	7.25	50.0	5	60.5
862.610	2.84	4.90	13.94	2.23	3.21	7.16	51.4	5	60.5
862.713	2.89	4.90	14.18	2.25	3.19	7.18	50.6	5	60.5
862.857	2.78	4.90	13.59	2.22	3.17	7.04	51.8	5	61.0
862.917	2.77	4.89	13.56	2.20	3.16	6.97	51.4	5	61.0
863.020	2.79	4.89	13.62	2.18	3.14	6.86	50.3	5	61.0
863.164	2.74	4.90	13.41	2.16	3.12	6.75	50.3	5	61.5
863.224	2.72	4.90	13.34	2.17	3.08	6.69	50.2	5	61.5
863.327	2.79	4.91	13.70	2.16	3.07	6.62	48.3	5	61.5
863.471	2.63	4.91	12.92	2.13	3.04	6.48	50.1	5	62.0
863.531	2.65	4.90	12.98	2.12	3.03	6.45	49.7	5	62.0
863.634	2.72	4.90	13.34	2.14	3.02	6.46	48.4	5	62.0
863.778	2.70	4.90	13.23	2.12	3.00	6.36	48.1	5	62.5
863.838	2.52	4.90	12.36	2.11	2.96	6.26	50.7	5	62.5
863.941	2.50	4.89	12.23	2.11	2.92	6.15	50.3	5	62.5
864.085	2.52	4.90	12.37	2.08	2.92	6.06	49.0	5	63.0
864.145	2.50	4.91	12.26	2.06	2.90	5.99	48.8	5	63.0
864.248	2.51	4.90	12.29	2.04	2.89	5.90	48.1	5	63.0
864.392	2.55	4.90	12.48	2.01	2.89	5.83	46.7	5	63.5
864.452	2.52	4.89	12.31	2.02	2.87	5.78	47.0	5	63.5
864.555	2.48	4.90	12.16	2.03	2.87	5.82	47.9	5	63.5
864.699	2.38	4.91	11.67	2.02	2.81	5.67	48.6	5	64.0
864.759	2.39	4.91	11.72	2.00	2.77	5.56	47.4	5	64.0
864.862	2.27	4.90	11.15	1.98	2.81	5.54	49.7	5	64.0
865.006	2.35	4.92	11.54	2.00	2.77	5.55	48.1	5	64.5
865.066	2.32	4.92	11.41	1.99	2.75	5.46	47.9	5	64.5
865.169	2.31	4.92	11.38	1.97	2.73	5.37	47.2	5	64.5
865.313	2.34	4.92	11.52	1.95	2.73	5.34	46.4	5	65.0
865.373	2.33	4.92	11.48	1.93	2.73	5.26	45.8	5	65.0
865.476	2.22	4.92	10.95	1.94	2.69	5.21	47.6	5	65.0
865.620	2.27	4.91	11.12	1.91	2.65	5.06	45.5	5	65.5
865.680	2.16	4.91	10.62	1.90	2.62	4.98	46.9	5	65.5
865.783	2.21	4.91	10.84	1.89	2.63	4.96	45.8	5	65.5
865.927	2.11	4.92	10.35	1.89	2.63	4.97	48.0	5	66.0
865.987	2.20	4.93	10.83	1.87	2.63	4.92	45.4	5	66.0
866.090	2.17	4.91	10.69	1.86	2.59	4.81	45.1	5	66.0
866.234	2.23	4.91	10.95	1.87	2.58	4.83	44.1	5	66.5
866.294	2.14	4.91	10.48	1.84	2.54	4.69	44.7	5	66.5
866.397	2.14	4.92	10.50	1.83	2.50	4.57	43.5	5	66.5
866.541	1.97	4.91	9.66	1.84	2.49	4.58	47.4	5	66.5
866.601	2.08	4.91	10.20	1.81	2.47	4.46	43.8	5	67.0
866.704	2.03	4.89	9.92	1.79	2.46	4.42	44.6	5	67.0
866.848	2.02	4.92	9.91	1.79	2.49	4.45	44.9	5	67.0
866.908	2.03	4.92	9.99	1.79	2.44	4.37	43.7	5	67.5
867.011	2.00	4.91	9.82	1.78	2.40	4.27	43.5	5	67.5
867.155	2.11	4.90	10.36	1.82	2.42	4.39	42.3	5	67.5
867.215	1.87	4.92	9.20	1.81	2.39	4.32	46.9	5	68.0
867.318	1.99	4.91	9.77	1.82	2.37	4.32	44.2	5	68.0
867.462	1.88	4.91	9.23	1.83	2.35	4.29	46.5	5	68.0
867.522	1.84	4.91	9.06	1.81	2.34	4.23	46.7	5	68.5
867.625	1.88	4.91	9.24	1.79	2.32	4.16	45.1	5	68.5
867.769	1.88	4.92	9.23	1.81	2.33	4.22	45.8	5	68.5
867.829	1.79	4.92	8.82	1.78	2.29	4.09	46.4	5	69.0
867.932	1.86	4.91	9.15	1.76	2.26	3.98	43.5	5	69.0
868.076	1.97	4.91	9.66	1.76	2.25	3.97	41.0	5	69.0
868.136	1.86	4.91	9.14	1.77	2.24	3.95	43.2	5	69.5
868.239	1.69	4.91	8.30	1.74	2.23	3.88	46.7	5	69.5
868.383	1.78	4.91	8.71	1.71	2.22	3.79	43.5	5	69.5
868.443	1.75	4.91	8.60	1.73	2.21	3.83	44.5	5	70.0
868.546	1.73	4.91	8.51	1.72	2.17	3.72	43.7	5	70.0
868.690	1.80	4.92	8.85	1.70	2.15	3.65	41.3	5	70.0
868.750	1.73	4.92	8.50	1.71	2.14	3.66	43.1	5	70.5
868.853	1.66	4.91	8.14	1.68	2.14	3.59	44.1	5	70.5
868.997	1.69	4.91	8.27	1.68	2.12	3.57	43.1	5	70.5
869.057	1.67	4.90	8.21	1.68	2.13	3.57	43.4	5	70.5
869.160	1.63	4.91	8.02	1.66	2.09	3.46	43.2	5	71.0
869.304	1.75	4.91	8.59	1.65	2.08	3.42	39.8	5	71.0
869.364	1.77	4.92	8.71	1.64	2.05	3.38	38.8	5	71.0
869.467	1.61	4.92	7.94	1.64	2.03	3.33	42.0	5	71.5
869.611	1.59	4.91	7.81	1.63	2.01	3.27	41.9	5	71.5
869.671	1.64	4.91	8.05	1.63	2.04	3.32	41.2	5	71.5
869.774	1.56	4.91	7.65	1.59	2.01	3.20	41.8	5	72.0
869.918	1.62	4.92	7.98	1.58	1.99	3.15	39.4	5	72.0
869.978	1.57	4.92	7.74	1.58	1.98	3.14	40.6	5	72.0
870.081	1.54	4.91	7.57	1.56	1.96	3.07	40.5	5	72.5
870.225	1.58	4.91	7.78	1.55	1.95	3.02	38.8	5	72.5
870.285	1.58	4.91	7.75	1.56	1.94	3.03	39.2	5	72.5
870.388	1.53	4.91	7.53	1.54	1.90	2.93	38.9	5	73.0
870.532	1.55	4.92	7.64	1.53	1.91	2.91	38.2	5	73.0
870.592	1.49	4.91	7.31	1.51	1.90	2.88	39.3	5	73.0
870.695	1.51	4.91	7.43	1.53	1.87	2.85	38.4	5	73.5
870.839	1.51	4.90	7.41	1.51	1.84	2.77	37.4	5	73.5
870.899	1.53	4.92	7.54	1.49	1.86	2.77	36.8	5	73.5
871.002	1.54	4.91	7.56	1.49	1.82	2.70	35.7	5	74.0
871.146	1.46	4.91	7.17	1.48	1.81	2.68	37.3	5	74.0
871.206	1.45	4.91	7.10	1.48	1.82	2.70	38.0	5	74.0
871.309	1.43	4.91	7.03	1.50	1.78	2.68	38.2	5	74.5
871.453	1.24	4.92	6.10	1.47	1.77	2.61	42.8	5	74.5
871.513	1.37	4.91	6.73	1.47	1.74	2.57	38.2	5	74.5
871.616	1.39	4.91	6.80	1.47	1.74	2.55	37.4	5	75.0
871.760	1.36	4.90	6.66	1.44	1.73	2.49	37.4	5	75.0
871.820	1.41	4.89	6.92	1.44	1.74	2.51	36.3	5	75.0
871.923	1.40	4.90	6.85	1.45	1.73	2.51	36.7	5	75.5
872.067	1.33	4.92	6.52	1.44	1.67	2.39	36.7	5	75.5
872.127	1.35	4.91	6.64	1.43	1.68	2.39	36.1	5	75.5
872.230	1.41	4.91	6.91	1.41	1.69	2.38	34.5	5	76.0
872.374	1.52	4.91	7.48	1.39	1.65	2.29	30.7	5	76.0
872.434	1.36	4.92	6.71	1.39	1.63	2.25	33.6	5	76.0
872.537	1.30	4.92	6.39	1.39	1.64	2.29	35.9	5	76.5
872.681	1.32	4.92	6.49	1.38	1.63	2.24	34.6	5	76.5
872.741	1.33	4.92	6.52	1.37	1.61	2.20	33.8	5	76.5
872.844	1.17	4.92	5.74	1.37	1.61	2.22	38.6	5	76.5
872.988	1.26	4.92	6.20	1.34	1.57	2.11	34.0	5	77.0
873.048	1.23	4.92	6.05	1.34	1.57	2.10	34.8	5	77.0
873.151	1.24	4.92	6.10	1.36	1.57	2.12	34.8	5	77.0
873.295	1.34	4.91	6.59	1.33	1.57	2.09	31.7	5	77.5
873.355	1.31	4.92	6.46	1.34	1.55	2.07	32.1	5	77.5
873.458	1.30	4.93	6.39	1.33	1.52	2.02	31.5	5	77.5
873.602	1.13	4.93	5.54	1.32	1.51	1.99	35.9	5	78.0
873.662	1.18	4.93	5.83	1.31	1.50	1.97	33.7	5	78.0
873.765	1.28	4.91	6.29	1.32	1.48	1.95	31.0	5	78.0
873.909	1.15	4.92	5.66	1.28	1.49	1.90	33.6	5	78.5
873.969	1.19	4.92	5.85	1.29	1.48	1.91	32.6	5	78.5
874.072	1.13	4.90	5.52	1.29	1.47	1.89	34.2	5	78.5
874.216	1.15	4.93	5.66	1.31	1.41	1.84	32.5	5	79.0
874.276	1.18	4.93	5.79	1.27	1.40	1.78	30.8	5	79.0
874.379	1.21	4.93	5.94	1.25	1.41	1.76	29.7	5	79.0
874.523	1.14	4.93	5.63	1.22	1.37	1.68	29.8	5	79.5
874.583	0.97	4.93	4.80	1.25	1.39	1.73	36.1	5	79.5
874.686	1.08	4.93	5.33	1.22	1.39	1.70	31.8	5	79.5
874.830	1.09	4.93	5.38	1.19	1.37	1.63	30.3	5	80.0
874.890	1.08	4.92	5.30	1.21	1.36	1.64	31.0	5	80.0
874.993	1.12	4.92	5.53	1.20	1.33	1.60	28.9	5	80.0
875.137	1.18	4.92	5.83	1.15	1.36	1.56	26.7	5	80.5
875.197	1.18	4.92	5.82	1.16	1.33	1.54	26.5	5	80.5
875.300	1.13	4.92	5.58	1.16	1.31	1.52	27.3	5	80.5
875.444	1.20	4.93	5.94	1.17	1.30	1.52	25.6	5	81.0
875.504	1.13	4.93	5.58	1.14	1.29	1.47	26.4	5	81.0
875.607	1.11	4.93	5.48	1.14	1.25	1.43	26.1	5	81.0
875.751	0.84	4.93	4.16	1.18	1.27	1.50	36.0	5	81.5
875.811	0.94	4.92	4.64	1.17	1.26	1.48	31.8	5	81.5
875.914	1.02	4.92	5.01	1.15	1.22	1.40	28.0	5	81.5
876.058	1.01	4.93	5.00	1.14	1.23	1.40	28.0	5	82.0
876.118	0.98	4.94	4.83	1.13	1.25	1.41	29.1	5	82.0
876.221	1.06	4.93	5.21	1.15	1.22	1.40	26.9	5	82.0
876.365	1.16	4.93	5.70	1.10	1.20	1.32	23.1	5	82.5
876.425	1.18	4.93	5.80	1.09	1.19	1.29	22.3	5	82.5
876.528	0.93	4.93	4.57	1.10	1.18	1.30	28.4	5	82.5
876.672	0.92	4.93	4.54	1.09	1.18	1.28	28.3	5	83.0
876.732	0.89	4.93	4.41	1.09	1.18	1.29	29.2	5	83.0
876.835	1.05	4.94	5.20	1.07	1.15	1.24	23.8	5	83.0
876.979	0.98	4.93	4.83	1.06	1.11	1.18	24.5	5	83.5
877.039	0.98	4.94	4.84	1.08	1.10	1.19	24.6	5	83.5
877.142	0.92	4.94	4.57	1.09	1.11	1.21	26.5	5	83.5
877.286	0.98	4.93	4.82	1.07	1.13	1.21	25.0	5	84.0
877.346	0.93	4.93	4.59	1.04	1.10	1.14	24.8	5	84.0
877.449	0.87	4.93	4.29	1.05	1.07	1.12	26.1	5	84.0
877.593	1.04	4.93	5.14	1.04	1.06	1.10	21.5	5	84.5
877.653	0.96	4.93	4.74	1.03	1.03	1.06	22.4	5	84.5
877.756	0.90	4.92	4.42	1.02	1.03	1.05	23.8	5	84.5
877.900	0.92	4.93	4.54	1.00	1.04	1.04	23.0	5	85.0
877.960	1.01	4.93	4.96	0.98	1.02	1.01	20.3	5	85.0
878.063	1.01	4.93	4.99	0.99	0.99	0.97	19.5	5	85.0
878.207	0.93	4.93	4.57	0.99	0.99	0.98	21.4	5	85.5
878.267	0.91	4.94	4.51	0.96	0.99	0.94	20.9	5	85.5
878.370	0.88	4.93	4.32	0.96	0.99	0.95	21.9	5	85.5
878.514	0.81	4.94	4.00	0.97	0.98	0.95	23.8	5	85.5
878.574	0.73	4.93	3.62	0.97	0.97	0.94	25.8	5	86.0
878.677	0.71	4.94	3.52	0.94	0.95	0.90	25.5	5	86.0
878.821	0.83	4.93	4.07	0.96	0.95	0.92	22.5	5	86.0
878.881	0.86	4.92	4.24	0.95	0.95	0.90	21.2	5	86.5
878.984	0.77	4.93	3.79	0.93	0.94	0.87	22.9	5	86.5
879.128	0.79	4.94	3.89	0.90	0.92	0.83	21.3	5	86.5
879.188	0.85	4.94	4.21	0.89	0.89	0.79	18.8	5	87.0
879.291	0.73	4.94	3.60	0.87	0.90	0.79	21.9	5	87.0
879.435	0.74	4.94	3.64	0.85	0.91	0.77	21.2	5	87.0
879.495	0.71	4.94	3.50	0.84	0.87	0.73	20.9	5	87.5
879.598	0.72	4.93	3.57	0.82	0.85	0.69	19.4	5	87.5
879.742	0.75	4.94	3.72	0.82	0.87	0.72	19.4	5	87.5
879.802	0.86	4.95	4.26	0.82	0.85	0.69	16.3	5	88.0
879.905	0.78	4.94	3.85	0.80	0.86	0.69	17.8	5	88.0
880.049	0.80	4.93	3.93	0.79	0.83	0.65	16.5	5	88.0
880.109	0.75	4.93	3.69	0.78	0.84	0.65	17.6	5	88.5
880.212	0.83	4.93	4.08	0.78	0.83	0.64	15.7	5	88.5
880.356	0.83	4.94	4.08	0.76	0.79	0.60	14.8	5	88.5
880.416	0.74	4.94	3.68	0.77	0.79	0.61	16.5	5	89.0
880.519	0.73	4.94	3.61	0.73	0.77	0.57	15.7	5	89.0
880.663	0.84	4.93	4.14	0.74	0.81	0.60	14.4	5	89.0
880.723	0.86	4.93	4.24	0.73	0.80	0.58	13.8	5	89.5
880.826	0.76	4.94	3.73	0.72	0.78	0.56	15.1	5	89.5
880.970	0.86	4.94	4.26	0.71	0.75	0.53	12.5	5	89.5
881.030	0.76	4.94	3.75	0.71	0.75	0.53	14.2	5	89.5
881.133	0.76	4.93	3.73	0.69	0.70	0.48	13.0	5	90.0
881.277	0.75	4.94	3.69	0.68	0.71	0.48	13.0	5	90.0
881.337	0.72	4.94	3.55	0.67	0.71	0.48	13.5	5	90.0
881.440	0.81	4.94	4.01	0.65	0.68	0.44	11.1	5	90.5
881.584	0.76	4.94	3.78	0.65	0.70	0.46	12.1	5	90.5
881.644	0.72	4.95	3.54	0.65	0.70	0.45	12.8	5	90.5
881.747	0.80	4.94	3.92	0.62	0.67	0.42	10.6	5	91.0
881.891	0.70	4.94	3.48	0.59	0.66	0.39	11.2	5	91.0
881.951	0.73	4.94	3.61	0.60	0.67	0.40	11.1	5	91.0
882.054	0.67	4.93	3.31	0.57	0.66	0.38	11.4	5	91.5
882.198	0.62	4.93	3.06	0.58	0.67	0.39	12.7	5	91.5
882.258	0.62	4.92	3.04	0.57	0.65	0.37	12.2	5	91.5
882.361	0.63	4.93	3.11	0.57	0.63	0.36	11.5	5	92.0
882.505	0.67	4.93	3.31	0.55	0.65	0.35	10.7	5	92.0
882.565	0.65	4.93	3.20	0.53	0.63	0.33	10.4	5	92.0
882.668	0.72	4.94	3.55	0.52	0.61	0.32	8.9	5	92.5
882.812	0.51	4.95	2.51	0.53	0.62	0.33	13.2	5	92.5
882.872	0.57	4.94	2.80	0.53	0.62	0.33	11.8	5	92.5
882.975	0.56	4.93	2.74	0.52	0.62	0.32	11.7	5	93.0
883.119	0.52	4.93	2.56	0.49	0.59	0.29	11.3	5	93.0
883.179	0.60	4.94	2.97	0.49	0.59	0.29	9.9	5	93.0
883.282	0.65	4.93	3.19	0.50	0.58	0.29	9.1	5	93.5
883.426	0.68	4.93	3.36	0.45	0.55	0.25	7.3	5	93.5
883.486	0.65	4.93	3.23	0.45	0.55	0.25	7.7	5	93.5
883.589	0.65	4.94	3.21	0.45	0.50	0.22	6.9	5	94.0
883.733	0.59	4.94	2.90	0.44	0.51	0.22	7.7	5	94.0
883.793	0.57	4.93	2.82	0.43	0.52	0.22	8.0	5	94.0
883.896	0.53	4.93	2.60	0.40	0.51	0.20	7.8	5	94.5
884.040	0.43	4.93	2.11	0.40	0.52	0.21	9.8	5	94.5
884.100	0.56	4.93	2.77	0.41	0.50	0.20	7.3	5	94.5
884.203	0.55	4.93	2.71	0.40	0.50	0.20	7.4	5	95.0
884.347	4.35	4.45	19.37	0.37	0.45	0.17	0.9	5	0.0
884.407	18.63	2.67	49.73	0.23	0.38	0.09	0.2	5	0.0
884.510	32.80	0.92	30.06	0.09	0.27	0.03	0.1	5	0.0
884.654	37.82	0.30	11.32	0.06	0.25	0.01	0.1	5	0.0
884.714	38.52	0.22	8.31	0.05	0.24	0.01	0.1	5	0.5
884.817	39.02	0.15	5.96	0.02	0.25	0.00	0.1	5	0.5
884.961	39.22	0.12	4.89	0.06	0.23	0.01	0.3	5	0.5
885.021	39.23	0.12	4.87	0.24	0.38	0.09	1.9	5	1.0
885.124	39.26	0.12	4.83	0.47	0.55	0.26	5.3	5	1.0
885.268	39.18	0.13	4.98	0.59	0.71	0.42	8.3	5	1.0
885.328	39.25	0.13	5.21	0.65	0.77	0.50	9.6	5	1.5
885.431	39.24	0.14	5.39	0.74	0.80	0.59	11.0	5	1.5
1776.295	38.89	0.09	3.53	0.05	0.20	0.01	0.3	5	0.0
1776.355	38.89	0.09	3.41	0.05	0.21	0.01	0.3	5	0.0
1776.458	38.87	0.09	3.45	0.05	0.19	0.01	0.3	5	0.0
1776.602	38.74	0.09	3.52	0.04	0.19	0.01	0.2	5	0.5
1776.662	38.67	0.09	3.36	0.03	0.20	0.01	0.2	5	0.5
1776.765	38.76	0.09	3.39	0.04	0.21	0.01	0.2	5	0.5
1776.909	38.72	0.10	3.93	0.10	0.32	0.03	0.8	5	1.0
1776.969	38.77	0.10	3.80	0.24	0.48	0.12	3.0	5	1.0
1777.072	38.74	0.10	3.95	0.31	0.58	0.18	4.6	5	1.0
1777.216	38.80	0.12	4.50	0.37	0.66	0.25	5.5	5	1.5
1777.276	38.74	0.12	4.77	0.44	0.74	0.32	6.8	5	1.5
1777.379	38.77	0.13	4.90	0.44	0.80	0.36	7.3	5	1.5
1777.523	38.78	0.12	4.52	0.52	0.88	0.45	10.1	5	2.0
1777.583	38.76	0.13	4.88	0.59	1.00	0.59	12.1	5	2.0
1777.686	38.75	0.12	4.82	0.65	1.11	0.72	15.0	5	2.0
1777.830	38.72	0.13	5.11	0.67	1.15	0.77	15.2	5	2.5
1777.890	38.63	0.15	5.64	0.78	1.32	1.03	18.4	5	2.5
1777.993	38.70	0.16	6.04	0.86	1.48	1.28	21.2	5	2.5
1778.137	38.76	0.15	5.93	0.91	1.57	1.43	24.0	5	2.5
1778.197	38.61	0.16	6.28	0.97	1.66	1.60	25.5	5	3.0
1778.300	38.57	0.17	6.58	1.04	1.80	1.87	28.4	5	3.0
1778.444	38.65	0.17	6.52	1.08	1.90	2.05	31.4	5	3.0
1778.504	38.60	0.18	6.92	1.14	1.98	2.26	32.7	5	3.5
1778.607	38.61	0.20	7.66	1.20	2.06	2.47	32.3	5	3.5
1778.751	38.61	0.21	8.10	1.23	2.15	2.65	32.7	5	3.5
1778.811	38.67	0.21	8.14	1.27	2.20	2.80	34.4	5	4.0
1778.914	38.67	0.22	8.49	1.34	2.27	3.05	35.9	5	4.0
1779.058	38.55	0.23	8.87	1.34	2.31	3.10	34.9	5	4.0
1779.118	38.43	0.24	9.17	1.38	2.37	3.26	35.6	5	4.5
1779.221	38.44	0.25	9.65	1.46	2.44	3.55	36.8	5	4.5
1779.365	38.57	0.26	10.14	1.48	2.50	3.71	36.6	5	4.5
1779.425	38.58	0.26	10.21	1.50	2.54	3.81	37.4	5	5.0
1779.528	38.57	0.27	10.54	1.59	2.68	4.25	40.3	5	5.0
1779.672	38.57	0.28	10.86	1.64	2.71	4.45	41.0	5	5.0
1779.732	38.47	0.28	10.84	1.69	2.75	4.65	43.0	5	5.5
1779.835	38.39	0.30	11.41	1.74	2.92	5.09	44.6	5	5.5
1779.979	38.49	0.31	11.95	1.77	2.99	5.29	44.3	5	5.5
1780.039	38.53	0.31	11.78	1.77	2.99	5.29	44.9	5	6.0
1780.142	38.41	0.34	13.16	1.90	3.19	6.05	46.0	5	6.0
1780.286	38.42	0.36	13.99	1.91	3.36	6.42	45.9	5	6.0
1780.346	38.37	0.35	13.50	1.92	3.39	6.51	48.2	5	6.0
1780.449	38.33	0.39	15.07	2.01	3.58	7.20	47.8	5	6.5
1780.593	38.18	0.40	15.40	2.06	3.74	7.70	50.0	5	6.5
1780.653	38.21	0.41	15.83	2.08	3.74	7.76	49.0	5	6.5
1780.756	38.20	0.45	17.05	2.19	3.92	8.59	50.4	5	7.0
1780.900	38.19	0.48	18.16	2.24	4.14	9.27	51.1	5	7.0
1780.960	38.22	0.48	18.29	2.23	4.16	9.25	50.6	5	7.0
1781.063	38.10	0.49	18.74	2.33	4.29	9.98	53.3	5	7.5
1781.207	38.03	0.53	20.10	2.39	4.44	10.59	52.7	5	7.5
1781.267	38.05	0.53	20.18	2.39	4.45	10.64	52.7	5	7.5
1781.371	38.03	0.57	21.78	2.46	4.70	11.58	53.1	5	8.0
1781.515	37.99	0.60	22.63	2.54	4.86	12.34	54.5	5	8.0
1781.575	37.84	0.60	22.89	2.53	4.94	12.51	54.7	5	8.0
1781.679	37.87	0.65	24.71	2.60	5.12	13.31	53.9	5	8.5
1781.824	37.82	0.67	25.44	2.63	5.30	13.95	54.8	5	8.5
1781.884	37.78	0.68	25.68	2.63	5.29	13.92	54.2	5	8.5
1781.987	37.67	0.73	27.35	2.72	5.47	14.88	54.4	5	9.0
1782.132	37.66	0.76	28.63	2.78	5.71	15.88	55.5	5	9.0
1782.192	37.60	0.76	28.71	2.80	5.77	16.16	56.3	5	9.0
1782.296	37.54	0.80	30.07	2.83	5.99	16.93	56.3	5	9.5
1782.441	37.34	0.86	32.20	2.91	6.23	18.14	56.3	5	9.5
1782.501	37.34	0.86	32.15	2.92	6.23	18.19	56.6	5	9.5
1782.605	37.21	0.90	33.40	2.96	6.36	18.85	56.4	5	10.0
1782.750	37.21	0.95	35.30	3.00	6.61	19.85	56.2	5	10.0
1782.810	37.28	0.96	35.71	3.01	6.64	20.02	56.1	5	10.0
1782.914	37.13	1.01	37.35	3.07	6.80	20.89	55.9	5	10.5
1783.059	36.95	1.06	39.25	3.18	7.05	22.42	57.1	5	10.5
1783.119	36.96	1.06	39.28	3.19	7.11	22.65	57.7	5	10.5
1783.223	36.90	1.10	40.54	3.21	7.26	23.31	57.5	5	11.0
1783.368	36.78	1.15	42.31	3.29	7.45	24.51	57.9	5	11.0
1783.428	36.78	1.16	42.58	3.30	7.47	24.61	57.8	5	11.0
1783.532	36.72	1.18	43.51	3.35	7.58	25.37	58.3	5	11.5
1783.677	36.69	1.25	45.87	3.45	7.78	26.83	58.5	5	11.5
1783.737	36.68	1.26	46.18	3.47	7.79	27.06	58.6	5	11.5
1783.841	36.57	1.29	47.20	3.55	7.86	27.92	59.2	5	12.0
1783.986	36.51	1.33	48.67	3.64	7.99	29.10	59.8	5	12.0
1784.046	36.43	1.33	48.54	3.65	7.97	29.08	59.9	5	12.0
1784.150	36.44	1.32	48.19	3.73	7.78	29.01	60.2	5	12.5
1784.295	36.52	1.29	47.28	3.99	7.37	29.42	62.2	5	12.5
1784.355	36.61	1.24	45.48	4.12	6.98	28.71	63.1	5	12.5
1784.459	36.90	1.12	41.30	4.33	6.32	27.32	66.1	5	13.0
1784.604	37.05	1.03	38.01	4.63	5.60	25.91	68.1	5	13.0
1784.664	37.23	0.98	36.38	4.70	5.35	25.15	69.1	5	13.0
1784.768	37.24	0.94	34.96	4.78	5.02	24.00	68.7	5	13.5
1784.913	37.34	0.93	34.84	4.99	4.89	24.41	70.1	5	13.5
1784.973	37.36	0.91	34.01	5.03	4.79	24.06	70.7	5	13.5
1785.077	37.39	0.90	33.69	5.07	4.70	23.81	70.7	5	14.0
1785.222	37.31	0.92	34.46	5.27	4.55	23.96	69.5	5	14.0
1785.282	37.34	0.95	35.59	5.22	4.78	24.93	70.1	5	14.0
1785.386	37.32	0.93	34.69	5.20	4.83	25.12	72.4	5	14.0
1785.531	37.30	0.95	35.36	5.48	4.65	25.45	72.0	5	14.5
1785.591	37.19	0.92	34.26	5.55	4.48	24.86	72.5	5	14.5
1785.695	37.00	0.94	34.90	5.56	4.50	25.04	71.8	5	14.5
1785.840	37.28	0.97	36.04	5.73	4.45	25.54	70.9	5	15.0
1785.900	37.28	0.96	35.81	5.75	4.47	25.71	71.8	5	15.0
1786.004	37.25	0.95	35.36	5.76	4.44	25.58	72.3	5	15.0
1786.149	37.28	0.99	36.89	5.95	4.49	26.71	72.4	5	15.5
1786.209	37.35	0.98	36.77	5.98	4.44	26.53	72.2	5	15.5
1786.313	37.32	0.97	36.25	6.02	4.43	26.63	73.5	5	15.5
1786.458	37.07	1.06	39.15	6.15	4.60	28.26	72.2	5	16.0
1786.518	36.99	1.05	38.79	6.23	4.47	27.84	71.8	5	16.0
1786.622	37.12	1.02	37.82	6.24	4.48	27.96	73.9	5	16.0
1786.767	36.94	1.08	39.72	6.39	4.56	29.11	73.3	5	16.5
1786.827	36.95	1.07	39.37	6.41	4.53	29.00	73.7	5	16.5
1786.931	37.03	1.06	39.17	6.43	4.54	29.20	74.5	5	16.5
1787.076	36.88	1.10	40.58	6.60	4.59	30.30	74.7	5	17.0
1787.136	36.77	1.13	41.66	6.64	4.63	30.72	73.8	5	17.0
1787.240	36.94	1.09	40.08	6.71	4.45	29.83	74.4	5	17.0
1787.385	36.80	1.15	42.35	6.78	4.72	32.00	75.6	5	17.5
1787.445	36.76	1.17	43.11	6.82	4.73	32.27	74.9	5	17.5
1787.549	36.80	1.15	42.14	6.84	4.72	32.28	76.6	5	17.5
1787.694	36.70	1.22	44.64	6.97	4.95	34.54	77.4	5	18.0
1787.754	36.70	1.21	44.58	6.98	5.08	35.47	79.6	5	18.0
1787.858	36.60	1.24	45.44	7.01	5.08	35.61	78.4	5	18.0
1788.003	36.68	1.25	45.85	7.25	4.80	34.76	75.8	5	18.5
1788.063	36.64	1.25	45.86	7.31	4.74	34.61	75.5	5	18.5
1788.167	36.58	1.26	46.27	7.37	4.66	34.39	74.3	5	18.5
1788.312	36.82	1.30	47.77	7.43	4.82	35.86	75.1	5	19.0
1788.372	36.64	1.31	48.18	7.54	4.76	35.87	74.4	5	19.0
1788.476	36.64	1.29	47.25	7.55	4.72	35.62	75.4	5	19.0
1788.621	36.40	1.35	49.00	7.65	4.89	37.38	76.3	5	19.5
1788.681	36.38	1.35	49.14	7.71	4.82	37.18	75.7	5	19.5
1788.785	36.37	1.36	49.33	7.78	4.77	37.06	75.1	5	19.5
1788.930	36.21	1.40	50.52	7.88	4.93	38.85	76.9	5	20.0
1788.990	36.10	1.41	51.07	7.91	4.89	38.72	75.8	5	20.0
1789.094	36.21	1.39	50.50	7.92	4.94	39.10	77.4	5	20.0
1789.239	36.06	1.45	52.29	8.03	5.07	40.74	77.9	5	20.5
1789.299	35.98	1.47	52.78	8.13	4.99	40.56	76.8	5	20.5
1789.403	35.99	1.45	52.35	8.22	4.92	40.46	77.3	5	20.5
1789.548	35.92	1.50	53.83	8.27	4.93	40.78	75.8	5	21.0
1789.608	35.93	1.49	53.45	8.35	4.97	41.55	77.7	5	21.0
1789.712	35.94	1.51	54.37	8.43	4.92	41.46	76.3	5	21.0
1789.857	35.81	1.56	55.79	8.51	5.06	43.03	77.1	5	21.5
1789.917	35.67	1.58	56.51	8.56	5.06	43.32	76.7	5	21.5
1790.021	35.68	1.58	56.54	8.55	5.18	44.27	78.3	5	21.5
1790.166	35.58	1.62	57.74	8.73	5.14	44.93	77.8	5	22.0
1790.226	35.53	1.64	58.23	8.80	5.07	44.56	76.5	5	22.0
1790.330	35.46	1.65	58.51	8.79	5.25	46.17	78.9	5	22.0
1790.475	35.37	1.67	59.19	8.84	5.30	46.87	79.2	5	22.5
1790.535	35.27	1.69	59.63	8.96	5.06	45.35	76.1	5	22.5
1790.639	34.89	1.76	61.27	9.01	5.19	46.80	76.4	5	22.5
1790.784	34.93	1.77	61.90	8.85	5.78	51.13	82.6	5	23.0
1790.844	34.73	1.80	62.44	9.00	5.62	50.64	81.1	5	23.0
1790.948	35.04	1.77	62.00	9.12	5.35	48.73	78.6	5	23.0
1791.093	34.95	1.79	62.49	9.21	5.16	47.54	76.1	5	23.5
1791.153	34.59	1.83	63.30	9.27	5.25	48.67	76.9	5	23.5
1791.257	34.39	1.85	63.67	9.29	5.17	48.02	75.4	5	23.5
1791.402	34.19	1.84	62.97	9.37	5.26	49.26	78.2	5	24.0
1791.462	34.05	1.86	63.47	9.37	5.34	50.08	78.9	5	24.0
1791.566	34.05	1.87	63.64	9.39	5.22	49.01	77.0	5	24.0
1791.711	33.72	1.90	63.96	9.38	5.45	51.15	80.0	5	24.5
1791.771	33.38	1.92	64.01	9.33	5.51	51.45	80.4	5	24.5
1791.875	33.14	1.93	63.84	9.47	5.27	49.91	78.2	5	24.5
1792.020	32.79	1.94	63.69	9.44	5.29	49.95	78.4	5	25.0
1792.080	32.37	1.94	62.85	9.33	5.45	50.84	80.9	5	25.0
1792.184	31.83	1.95	61.98	9.34	4.96	46.31	74.7	5	25.0
1792.329	31.61	1.95	61.73	9.10	5.77	52.55	85.1	5	25.5
1792.389	31.25	1.95	61.07	9.04	5.81	52.54	86.0	5	25.5
1792.493	30.56	1.96	59.91	9.08	5.12	46.53	77.7	5	25.5
1792.638	29.90	1.96	58.48	8.88	5.24	46.51	79.5	5	26.0
1792.698	29.19	1.96	57.30	8.84	5.04	44.60	77.8	5	26.0
1792.802	28.50	1.96	55.86	8.64	5.22	45.13	80.8	5	26.0
1792.947	27.86	1.97	54.82	8.47	5.11	43.26	78.9	5	26.5
1793.007	27.22	1.97	53.58	8.37	5.08	42.57	79.5	5	26.5
1793.111	26.41	1.97	51.95	8.18	4.95	40.48	77.9	5	26.5
1793.256	25.74	1.97	50.80	7.94	5.05	40.14	79.0	5	26.5
1793.316	25.10	1.98	49.65	7.78	5.12	39.83	80.2	5	27.0
1793.420	24.22	1.98	47.91	7.65	4.68	35.81	74.7	5	27.0
1793.565	23.37	1.98	46.38	7.38	4.72	34.82	75.1	5	27.0
1793.625	22.81	1.98	45.16	7.27	4.69	34.10	75.5	5	27.5
1793.729	22.03	1.98	43.62	7.01	4.79	33.55	76.9	5	27.5
1793.874	21.04	1.99	41.81	6.71	4.70	31.55	75.5	5	27.5
1793.934	20.58	1.99	40.88	6.67	4.56	30.36	74.3	5	28.0
1794.038	19.61	1.99	38.96	6.38	4.63	29.53	75.8	5	28.0
1794.183	18.92	1.98	37.52	6.10	4.63	28.22	75.2	5	28.0
1794.243	18.21	1.99	36.23	5.97	4.42	26.36	72.7	5	28.5
1794.347	17.53	2.03	35.55	5.77	4.64	26.75	75.3	5	28.5
1794.492	17.28	2.14	36.89	5.54	4.82	26.70	72.4	5	28.5
1794.552	17.07	2.14	36.48	5.49	4.89	26.83	73.5	5	29.0
1794.656	16.67	2.22	37.00	5.49	4.96	27.27	73.7	5	29.0
1794.801	16.52	2.33	38.53	5.35	5.23	27.96	72.6	5	29.0
1794.861	16.49	2.26	37.34	5.43	5.10	27.71	74.2	5	29.5
1794.965	16.32	2.36	38.48	5.41	5.23	28.29	73.5	5	29.5
1795.110	16.27	2.42	39.31	5.39	5.34	28.79	73.2	5	29.5
1795.170	16.37	2.40	39.37	5.42	5.25	28.46	72.3	5	30.0
1795.274	16.33	2.43	39.76	5.50	5.22	28.73	72.3	5	30.0
1795.419	16.09	2.46	39.56	5.48	5.35	29.35	74.2	5	30.0
1795.479	16.10	2.48	39.89	5.47	5.37	29.38	73.6	5	30.5
1795.583	16.04	2.49	39.87	5.56	5.34	29.71	74.5	5	30.5
1795.728	16.05	2.51	40.24	5.61	5.30	29.76	73.9	5	30.5
1795.788	16.02	2.55	40.90	5.63	5.33	30.01	73.4	5	31.0
1795.892	16.01	2.60	41.67	5.64	5.44	30.66	73.6	5	31.0
1796.037	16.09	2.59	41.72	5.70	5.38	30.68	73.5	5	31.0
1796.097	16.19	2.56	41.46	5.75	5.28	30.36	73.2	5	31.0
1796.201	15.92	2.65	42.14	5.76	5.41	31.20	74.0	5	31.5
1796.346	16.00	2.68	42.87	5.81	5.41	31.42	73.3	5	31.5
1796.406	15.98	2.67	42.68	5.85	5.36	31.35	73.5	5	31.5
1796.510	15.93	2.70	43.06	5.88	5.43	31.94	74.2	5	32.0
1796.655	15.90	2.72	43.26	5.89	5.46	32.15	74.3	5	32.0
1796.715	15.94	2.69	42.89	5.93	5.42	32.14	74.9	5	32.0
1796.819	15.78	2.79	43.98	6.03	5.30	31.95	72.7	5	32.5
1796.964	15.73	2.80	44.12	6.01	5.46	32.80	74.4	5	32.5
1797.024	15.75	2.81	44.23	6.06	5.30	32.09	72.6	5	32.5
1797.128	15.81	2.70	42.69	6.24	5.17	32.28	75.6	5	33.0
1797.273	15.51	2.87	44.56	6.07	5.54	33.62	75.4	5	33.0
1797.333	15.69	2.80	43.90	6.17	5.39	33.26	75.8	5	33.0
1797.437	15.49	2.99	46.26	6.16	5.41	33.29	72.0	5	33.5
1797.582	15.55	2.94	45.79	6.05	5.97	36.07	78.8	5	33.5
1797.642	15.65	2.80	43.91	6.15	5.89	36.23	82.5	5	33.5
1797.746	15.74	2.76	43.42	6.28	5.75	36.06	83.1	5	34.0
1797.891	15.41	3.09	47.55	6.10	5.95	36.27	76.3	5	34.0
1797.951	15.47	3.04	47.01	6.26	5.56	34.80	74.0	5	34.0
1798.055	15.33	3.12	47.86	6.24	5.76	35.92	75.1	5	34.5
1798.200	15.42	3.10	47.81	6.43	5.49	35.30	73.8	5	34.5
1798.260	15.35	3.14	48.17	6.41	5.49	35.19	73.1	5	34.5
1798.364	15.39	3.10	47.74	6.48	5.48	35.54	74.4	5	35.0
1798.509	15.20	3.22	48.94	6.44	5.61	36.13	73.8	5	35.0
1798.569	15.31	3.15	48.18	6.51	5.57	36.25	75.2	5	35.0
1798.673	15.18	3.14	47.61	6.57	5.52	36.27	76.2	5	35.5
1798.818	15.18	3.20	48.61	6.59	5.54	36.51	75.1	5	35.5
1798.878	15.13	3.20	48.46	6.63	5.47	36.30	74.9	5	35.5
1798.982	15.06	3.28	49.32	6.64	5.51	36.54	74.1	5	36.0
1799.127	15.14	3.27	49.52	6.78	5.35	36.26	73.2	5	36.0
1799.187	14.94	3.28	49.04	6.71	5.52	37.03	75.5	5	36.0
1799.291	14.93	3.32	49.60	6.78	5.43	36.84	74.3	5	36.5
1799.436	14.81	3.39	50.29	6.80	5.50	37.43	74.4	5	36.5
1799.496	14.76	3.43	50.54	6.74	5.53	37.27	73.7	5	36.5
1799.600	14.66	3.44	50.37	6.76	5.64	38.12	75.7	5	37.0
1799.745	14.70	3.51	51.53	6.82	5.56	37.95	73.6	5	37.0
1799.805	14.85	3.47	51.55	6.83	5.59	38.21	74.1	5	37.0
1799.909	14.79	3.50	51.70	6.89	5.53	38.08	73.7	5	37.5
1800.054	14.58	3.58	52.18	6.85	5.72	39.19	75.1	5	37.5
1800.114	14.58	3.57	52.06	6.88	5.71	39.30	75.5	5	37.5
1800.218	14.42	3.61	52.07	6.94	5.62	38.96	74.8	5	38.0
1800.363	14.40	3.67	52.82	7.03	5.51	38.78	73.4	5	38.0
1800.423	14.29	3.69	52.80	6.95	5.64	39.20	74.3	5	38.0
1800.527	14.03	3.71	52.00	6.94	5.67	39.37	75.7	5	38.5
1800.672	14.30	3.80	54.30	6.96	5.72	39.80	73.3	5	38.5
1800.732	14.25	3.79	53.98	6.96	5.77	40.16	74.4	5	38.5
1800.836	14.16	3.82	54.07	7.00	5.74	40.18	74.3	5	39.0
1800.981	14.03	3.89	54.51	6.99	5.72	39.95	73.3	5	39.0
1801.041	14.04	3.87	54.37	7.03	5.68	39.89	73.4	5	39.0
1801.145	13.90	3.87	53.83	7.09	5.56	39.41	73.2	5	39.5
1801.290	13.85	3.95	54.75	7.04	5.73	40.36	73.7	5	39.5
1801.350	13.81	3.94	54.43	7.12	5.61	39.91	73.3	5	39.5
1801.454	13.80	3.93	54.27	7.03	5.82	40.93	75.4	5	40.0
1801.599	13.47	4.06	54.69	7.06	5.76	40.71	74.4	5	40.0
1801.659	13.57	4.03	54.68	7.09	5.76	40.88	74.8	5	40.0
1801.763	13.53	4.06	54.89	7.02	5.80	40.72	74.2	5	40.0
1801.908	13.35	4.12	54.99	7.04	5.75	40.47	73.6	5	40.5
1801.968	13.28	4.12	54.70	6.99	5.89	41.16	75.3	5	40.5
1802.072	13.23	4.16	55.03	7.00	5.83	40.79	74.1	5	40.5
1802.217	12.94	4.25	54.96	6.99	5.83	40.80	74.2	5	41.0
1802.277	12.93	4.26	55.06	6.99	5.83	40.75	74.0	5	41.0
1802.381	12.90	4.25	54.87	6.98	5.87	41.02	74.8	5	41.0
1802.526	12.85	4.29	55.09	6.99	5.77	40.33	73.2	5	41.5
1802.586	12.77	4.31	55.02	6.98	5.78	40.35	73.4	5	41.5
1802.690	12.87	4.29	55.27	7.02	5.82	40.87	73.9	5	41.5
1802.835	12.57	4.38	55.10	7.00	5.68	39.73	72.1	5	42.0
1802.895	12.47	4.39	54.70	6.99	5.73	40.10	73.3	5	42.0
1802.999	12.44	4.42	54.96	6.94	5.68	39.39	71.7	5	42.0
1803.144	12.33	4.49	55.34	6.83	5.79	39.56	71.5	5	42.5
1803.204	12.29	4.48	55.07	6.92	5.67	39.24	71.3	5	42.5
1803.308	12.08	4.49	54.24	6.88	5.60	38.54	71.0	5	42.5
1803.453	11.86	4.53	53.67	6.85	5.69	38.99	72.6	5	43.0
1803.513	11.93	4.51	53.85	6.87	5.71	39.25	72.9	5	43.0
1803.617	11.67	4.56	53.19	6.79	5.60	38.03	71.5	5	43.0
1803.762	11.58	4.59	53.11	6.71	5.85	39.26	73.9	5	43.5
1803.822	11.34	4.63	52.49	6.60	5.69	37.57	71.6	5	43.5
1803.926	11.39	4.62	52.63	6.72	5.48	36.82	70.0	5	43.5
1804.071	11.05	4.66	51.43	6.51	5.49	35.76	69.5	5	44.0
1804.131	11.09	4.66	51.65	6.59	5.43	35.75	69.2	5	44.0
1804.235	10.95	4.67	51.07	6.54	5.33	34.83	68.2	5	44.0
1804.380	10.69	4.69	50.12	6.48	5.52	35.75	71.3	5	44.5
1804.440	10.39	4.71	48.96	6.27	5.64	35.36	72.2	5	44.5
1804.544	10.09	4.73	47.70	6.17	5.64	34.79	72.9	5	44.5
1804.689	9.79	4.74	46.39	5.92	5.49	32.50	70.1	5	45.0
1804.749	9.75	4.75	46.32	5.87	5.47	32.11	69.3	5	45.0
1804.853	9.58	4.75	45.53	5.83	5.53	32.21	70.8	5	45.0
1804.998	9.11	4.77	43.44	5.45	5.59	30.50	70.2	5	45.5
1805.058	9.04	4.77	43.11	5.47	5.49	30.06	69.7	5	45.5
1805.162	8.85	4.77	42.24	5.34	5.48	29.26	69.3	5	45.5
1805.307	8.46	4.79	40.51	5.06	5.38	27.19	67.1	5	46.0
1805.367	8.46	4.79	40.51	5.07	5.53	28.04	69.2	5	46.0
1805.471	8.01	4.79	38.36	4.64	5.66	26.29	68.5	5	46.0
1805.616	7.67	4.79	36.78	4.49	5.45	24.46	66.5	5	46.5
1805.676	7.30	4.80	35.02	4.22	5.31	22.38	63.9	5	46.5
1805.780	7.10	4.81	34.17	4.16	5.28	21.97	64.3	5	46.5
1805.925	5.51	4.82	26.55	2.81	5.33	14.99	56.4	5	47.0
1805.985	5.07	4.83	24.46	2.53	5.30	13.39	54.8	5	47.0
1806.089	4.85	4.83	23.42	2.30	5.28	12.13	51.8	5	47.0
1806.234	4.73	4.82	22.79	2.22	5.25	11.67	51.2	5	47.5
1806.294	4.76	4.82	22.95	2.20	5.21	11.45	49.9	5	47.5
1806.398	4.58	4.82	22.09	2.17	5.18	11.22	50.8	5	47.5
1806.543	4.64	4.84	22.45	2.18	5.13	11.18	49.8	5	48.0
1806.603	4.39	4.84	21.23	2.15	5.12	11.00	51.8	5	48.0
1806.706	4.43	4.83	21.41	2.15	5.09	10.97	51.2	5	48.0
1806.851	4.29	4.84	20.78	2.10	5.05	10.61	51.0	5	48.5
1806.911	4.31	4.83	20.83	2.08	5.03	10.49	50.4	5	48.5
1807.015	4.22	4.84	20.45	2.08	4.99	10.38	50.7	5	48.5
1807.160	4.13	4.84	19.99	2.04	4.96	10.11	50.6	5	49.0
1807.220	4.21	4.84	20.39	2.03	4.89	9.94	48.7	5	49.0
1807.323	4.08	4.84	19.73	2.04	4.90	9.99	50.6	5	49.0
1807.467	4.06	4.84	19.63	2.01	4.91	9.86	50.2	5	49.5
1807.527	4.14	4.84	20.01	2.00	4.85	9.71	48.5	5	49.5
1807.630	4.06	4.84	19.67	1.99	4.82	9.59	48.8	5	49.5
1807.774	4.02	4.85	19.47	1.96	4.78	9.37	48.1	5	50.0
1807.834	3.94	4.85	19.11	1.95	4.74	9.23	48.3	5	50.0
1807.937	3.90	4.85	18.89	1.95	4.72	9.23	48.8	5	50.0
1808.081	3.93	4.84	19.03	1.92	4.71	9.05	47.6	5	50.5
1808.141	3.94	4.85	19.14	1.92	4.69	9.00	47.0	5	50.5
1808.244	3.83	4.85	18.56	1.91	4.68	8.93	48.1	5	50.5
1808.388	3.95	4.84	19.11	1.90	4.61	8.78	46.0	5	51.0
1808.448	3.83	4.84	18.54	1.88	4.57	8.59	46.3	5	51.0
1808.551	3.72	4.85	18.04	1.85	4.55	8.43	46.7	5	51.0
1808.695	3.68	4.85	17.83	1.86	4.55	8.48	47.6	5	51.0
1808.755	3.69	4.84	17.86	1.86	4.49	8.35	46.8	5	51.5
1808.858	3.43	4.84	16.57	1.85	4.46	8.26	49.8	5	51.5
1809.002	3.56	4.84	17.20	1.84	4.46	8.19	47.6	5	51.5
1809.062	3.54	4.84	17.15	1.82	4.42	8.04	46.9	5	52.0
1809.165	3.43	4.85	16.62	1.81	4.38	7.91	47.6	5	52.0
1809.309	3.44	4.84	16.67	1.83	4.37	8.01	48.1	5	52.0
1809.369	3.41	4.85	16.55	1.81	4.34	7.86	47.5	5	52.5
1809.472	3.29	4.85	15.95	1.79	4.30	7.71	48.3	5	52.5
1809.616	3.34	4.85	16.19	1.78	4.31	7.68	47.4	5	52.5
1809.676	3.27	4.85	15.88	1.78	4.26	7.60	47.9	5	53.0
1809.779	3.23	4.85	15.65	1.77	4.24	7.49	47.8	5	53.0
1809.923	3.23	4.86	15.71	1.75	4.23	7.38	47.0	5	53.0
1809.983	3.29	4.86	15.97	1.76	4.21	7.38	46.2	5	53.5
1810.086	3.23	4.84	15.63	1.74	4.14	7.19	46.0	5	53.5
1810.230	3.35	4.84	16.22	1.75	4.15	7.24	44.6	5	53.5
1810.290	3.24	4.85	15.70	1.73	4.13	7.16	45.6	5	54.0
1810.393	3.16	4.84	15.31	1.71	4.10	7.03	45.9	5	54.0
1810.537	3.15	4.84	15.24	1.73	4.10	7.07	46.4	5	54.0
1810.597	3.10	4.84	14.99	1.71	4.10	7.01	46.8	5	54.5
1810.700	3.01	4.85	14.60	1.68	4.01	6.75	46.2	5	54.5
1810.844	3.06	4.86	14.87	1.70	4.00	6.80	45.7	5	54.5
1810.904	3.06	4.85	14.86	1.69	4.00	6.77	45.6	5	55.0
1811.007	2.90	4.85	14.05	1.65	3.94	6.52	46.4	5	55.0
1811.151	2.91	4.85	14.12	1.64	3.91	6.43	45.5	5	55.0
1811.211	2.91	4.86	14.14	1.63	3.91	6.39	45.2	5	55.0
1811.314	2.86	4.85	13.87	1.61	3.87	6.25	45.0	5	55.5
1811.458	2.82	4.85	13.68	1.62	3.86	6.24	45.6	5	55.5
1811.518	2.71	4.84	13.11	1.60	3.86	6.16	47.0	5	55.5
1811.621	2.74	4.85	13.27	1.58	3.80	5.99	45.2	5	56.0
1811.765	2.67	4.86	12.97	1.59	3.76	5.97	46.0	5	56.0
1811.825	2.73	4.85	13.24	1.58	3.74	5.92	44.7	5	56.0
1811.928	2.72	4.83	13.13	1.55	3.72	5.78	44.0	5	56.5
1812.072	2.87	4.85	13.90	1.54	3.74	5.77	41.5	5	56.5
1812.132	2.75	4.85	13.37	1.54	3.72	5.73	42.8	5	56.5
1812.235	2.68	4.86	13.05	1.52	3.69	5.60	42.9	5	57.0
1812.379	2.69	4.87	13.08	1.51	3.65	5.51	42.2	5	57.0
1812.439	2.61	4.87	12.69	1.50	3.63	5.45	43.0	5	57.0
1812.542	2.53	4.86	12.32	1.51	3.60	5.45	44.2	5	57.5
1812.686	2.58	4.86	12.53	1.49	3.57	5.32	42.4	5	57.5
1812.746	2.46	4.86	11.93	1.48	3.59	5.33	44.7	5	57.5
1812.849	2.36	4.86	11.47	1.47	3.57	5.25	45.8	5	58.0
1812.993	2.47	4.87	12.03	1.45	3.50	5.07	42.2	5	58.0
1813.053	2.47	4.87	12.04	1.45	3.50	5.08	42.2	5	58.0
1813.156	2.51	4.87	12.21	1.45	3.47	5.02	41.1	5	58.5
1813.300	2.26	4.86	10.99	1.45	3.41	4.95	45.1	5	58.5
1813.360	2.33	4.86	11.30	1.46	3.41	4.99	44.2	5	58.5
1813.463	2.29	4.86	11.12	1.45	3.42	4.95	44.5	5	59.0
1813.607	2.25	4.87	10.96	1.43	3.36	4.82	44.0	5	59.0
1813.667	2.30	4.86	11.17	1.43	3.36	4.82	43.2	5	59.0
1813.770	2.33	4.86	11.32	1.44	3.34	4.81	42.5	5	59.5
1813.914	2.30	4.87	11.19	1.41	3.36	4.73	42.3	5	59.5
1813.974	2.39	4.86	11.62	1.41	3.33	4.70	40.4	5	59.5
1814.077	2.39	4.85	11.60	1.40	3.28	4.60	39.6	5	60.0
1814.221	2.27	4.87	11.06	1.42	3.25	4.61	41.6	5	60.0
1814.281	2.22	4.86	10.81	1.40	3.27	4.58	42.4	5	60.0
1814.384	2.09	4.87	10.16	1.41	3.25	4.59	45.2	5	60.5
1814.528	2.11	4.87	10.26	1.38	3.21	4.42	43.1	5	60.5
1814.588	2.22	4.87	10.82	1.39	3.20	4.44	41.0	5	60.5
1814.691	2.17	4.87	10.57	1.39	3.19	4.42	41.8	5	61.0
1814.835	2.21	4.87	10.75	1.38	3.16	4.34	40.4	5	61.0
1814.895	2.15	4.87	10.49	1.37	3.13	4.28	40.8	5	61.0
1814.998	2.19	4.86	10.66	1.36	3.11	4.22	39.5	5	61.5
1815.142	2.36	4.87	11.50	1.33	3.11	4.12	35.8	5	61.5
1815.202	2.16	4.87	10.53	1.35	3.06	4.14	39.3	5	61.5
1815.305	2.11	4.87	10.26	1.35	3.04	4.10	39.9	5	61.5
1815.449	2.08	4.87	10.14	1.35	3.02	4.08	40.2	5	62.0
1815.509	2.10	4.87	10.22	1.35	3.02	4.07	39.9	5	62.0
1815.612	2.02	4.87	9.84	1.35	3.00	4.07	41.3	5	62.0
1815.756	2.02	4.86	9.85	1.33	2.96	3.95	40.1	5	62.5
1815.816	2.01	4.86	9.76	1.31	2.92	3.82	39.2	5	62.5
1815.919	2.13	4.88	10.40	1.28	2.93	3.75	36.0	5	62.5
1816.063	1.95	4.86	9.50	1.27	2.92	3.70	39.0	5	63.0
1816.123	1.97	4.86	9.56	1.28	2.92	3.75	39.2	5	63.0
1816.226	1.98	4.87	9.62	1.29	2.90	3.72	38.7	5	63.0
1816.370	1.94	4.87	9.46	1.27	2.87	3.64	38.5	5	63.5
1816.430	1.84	4.87	8.98	1.28	2.87	3.66	40.8	5	63.5
1816.533	1.82	4.87	8.89	1.27	2.83	3.60	40.5	5	63.5
1816.677	1.75	4.87	8.51	1.26	2.78	3.50	41.1	5	64.0
1816.737	1.79	4.88	8.71	1.24	2.78	3.45	39.6	5	64.0
1816.840	1.75	4.87	8.55	1.25	2.79	3.50	40.9	5	64.0
1816.984	1.69	4.88	8.22	1.20	2.77	3.33	40.5	5	64.5
1817.044	1.74	4.87	8.50	1.19	2.75	3.27	38.4	5	64.5
1817.147	1.70	4.88	8.27	1.19	2.71	3.21	38.8	5	64.5
1817.291	1.71	4.88	8.36	1.19	2.68	3.19	38.1	5	65.0
1817.351	1.76	4.87	8.60	1.17	2.68	3.14	36.5	5	65.0
1817.454	1.80	4.87	8.75	1.19	2.66	3.18	36.3	5	65.0
1817.598	1.68	4.87	8.19	1.16	2.65	3.08	37.7	5	65.5
1817.658	1.70	4.87	8.26	1.14	2.62	3.00	36.3	5	65.5
1817.761	1.60	4.88	7.80	1.19	2.61	3.10	39.8	5	65.5
1817.905	1.71	4.88	8.34	1.16	2.58	2.99	35.8	5	66.0
1817.965	1.69	4.88	8.22	1.18	2.57	3.04	37.0	5	66.0
1818.068	1.60	4.87	7.78	1.17	2.56	2.99	38.5	5	66.0
1818.212	1.72	4.88	8.38	1.18	2.53	2.99	35.7	5	66.5
1818.272	1.69	4.88	8.23	1.19	2.51	2.99	36.3	5	66.5
1818.375	1.65	4.87	8.03	1.17	2.50	2.94	36.6	5	66.5
1818.519	1.60	4.88	7.83	1.14	2.48	2.82	36.0	5	67.0
1818.579	1.61	4.88	7.87	1.13	2.45	2.76	35.1	5	67.0
1818.682	1.58	4.87	7.67	1.14	2.47	2.81	36.7	5	67.0
1818.826	1.51	4.88	7.37	1.16	2.45	2.85	38.7	5	67.5
1818.886	1.42	4.87	6.92	1.14	2.43	2.77	40.0	5	67.5
1818.989	1.49	4.87	7.28	1.12	2.43	2.72	37.4	5	67.5
1819.133	1.54	4.87	7.48	1.11	2.41	2.66	35.6	5	68.0
1819.193	1.51	4.88	7.34	1.10	2.38	2.61	35.6	5	68.0
1819.296	1.58	4.88	7.69	1.11	2.32	2.57	33.4	5	68.0
1819.440	1.66	4.88	8.13	1.10	2.32	2.54	31.2	5	68.5
1819.500	1.58	4.86	7.70	1.09	2.31	2.52	32.8	5	68.5
1819.603	1.54	4.86	7.47	1.09	2.30	2.50	33.5	5	68.5
1819.747	1.55	4.87	7.53	1.08	2.31	2.50	33.2	5	69.0
1819.807	1.48	4.87	7.20	1.07	2.28	2.44	33.9	5	69.0
1819.910	1.49	4.88	7.26	1.06	2.24	2.38	32.8	5	69.0
1820.054	1.42	4.88	6.94	1.04	2.23	2.31	33.4	5	69.5
1820.114	1.52	4.88	7.39	1.04	2.22	2.31	31.2	5	69.5
1820.217	1.45	4.87	7.07	1.03	2.19	2.25	31.8	5	69.5
1820.361	1.43	4.88	6.96	0.99	2.20	2.19	31.4	5	70.0
1820.421	1.39	4.88	6.76	1.01	2.18	2.20	32.5	5	70.0
1820.524	1.35	4.88	6.61	1.01	2.17	2.19	33.1	5	70.0
1820.668	1.31	4.88	6.41	1.01	2.15	2.17	33.8	5	70.5
1820.728	1.34	4.88	6.54	1.01	2.13	2.15	32.8	5	70.5
1820.831	1.32	4.88	6.42	0.98	2.10	2.07	32.2	5	70.5
1820.975	1.28	4.88	6.26	0.99	2.11	2.09	33.3	5	70.5
1821.035	1.24	4.88	6.06	1.00	2.10	2.11	34.9	5	71.0
1821.138	1.27	4.88	6.22	0.96	2.06	1.98	31.8	5	71.0
1821.282	1.44	4.88	7.03	0.94	2.08	1.96	27.9	5	71.0
1821.342	1.36	4.88	6.64	0.95	2.05	1.94	29.1	5	71.5
1821.445	1.39	4.88	6.78	0.95	2.01	1.92	28.4	5	71.5
1821.589	1.42	4.89	6.95	0.93	2.03	1.89	27.2	5	71.5
1821.649	1.35	4.89	6.59	0.92	2.00	1.83	27.8	5	72.0
1821.752	1.26	4.88	6.17	0.89	1.97	1.76	28.5	5	72.0
1821.896	1.25	4.88	6.12	0.91	2.00	1.82	29.7	5	72.0
1821.956	1.21	4.88	5.88	0.91	1.97	1.80	30.5	5	72.5
1822.059	1.20	4.88	5.85	0.89	1.94	1.73	29.5	5	72.5
1822.203	1.11	4.89	5.45	0.91	1.94	1.76	32.3	5	72.5
1822.263	1.16	4.89	5.65	0.90	1.93	1.73	30.7	5	73.0
1822.366	1.17	4.88	5.74	0.88	1.89	1.65	28.8	5	73.0
1822.510	1.24	4.89	6.08	0.85	1.89	1.61	26.4	5	73.0
1822.570	1.14	4.88	5.55	0.88	1.89	1.67	30.2	5	73.5
1822.673	1.03	4.88	5.01	0.86	1.87	1.61	32.3	5	73.5
1822.817	1.08	4.88	5.25	0.86	1.86	1.59	30.3	5	73.5
1822.877	1.11	4.88	5.42	0.86	1.84	1.59	29.3	5	73.5
1822.980	1.02	4.88	4.98	0.85	1.83	1.56	31.4	5	74.0
1823.124	1.17	4.88	5.69	0.83	1.84	1.53	26.8	5	74.0
1823.184	1.21	4.88	5.91	0.83	1.82	1.50	25.4	5	74.0
1823.287	1.12	4.88	5.46	0.80	1.78	1.42	26.1	5	74.5
1823.431	1.17	4.89	5.74	0.83	1.79	1.49	26.0	5	74.5
1823.491	1.16	4.89	5.66	0.85	1.77	1.51	26.6	5	74.5
1823.594	1.08	4.88	5.27	0.80	1.75	1.40	26.5	5	75.0
1823.738	1.14	4.88	5.55	0.79	1.74	1.37	24.7	5	75.0
1823.798	1.13	4.88	5.51	0.79	1.74	1.37	25.0	5	75.0
1823.901	1.16	4.88	5.64	0.79	1.70	1.35	23.9	5	75.5
1824.045	1.07	4.88	5.21	0.80	1.68	1.35	25.8	5	75.5
1824.105	1.06	4.88	5.17	0.79	1.68	1.34	25.9	5	75.5
1824.208	1.11	4.87	5.40	0.78	1.62	1.27	23.5	5	76.0
1824.352	1.07	4.88	5.22	0.76	1.65	1.25	24.0	5	76.0
1824.412	1.07	4.88	5.24	0.77	1.64	1.26	24.0	5	76.0
1824.515	1.08	4.88	5.28	0.76	1.61	1.23	23.3	5	76.5
1824.659	1.00	4.88	4.89	0.76	1.63	1.23	25.2	5	76.5
1824.719	0.99	4.87	4.81	0.75	1.59	1.20	24.8	5	76.5
1824.822	1.02	4.87	4.97	0.74	1.54	1.15	23.1	5	77.0
1824.966	1.01	4.88	4.91	0.74	1.54	1.14	23.3	5	77.0
1825.026	0.84	4.88	4.10	0.72	1.56	1.12	27.4	5	77.0
1825.129	0.79	4.87	3.87	0.70	1.53	1.08	27.9	5	77.5
1825.273	1.00	4.87	4.86	0.74	1.54	1.14	23.5	5	77.5
1825.333	0.98	4.88	4.77	0.72	1.51	1.09	22.9	5	77.5
1825.436	0.81	4.88	3.97	0.69	1.52	1.05	26.4	5	78.0
1825.580	1.07	4.87	5.22	0.71	1.48	1.06	20.3	5	78.0
1825.640	1.06	4.87	5.14	0.71	1.47	1.03	20.1	5	78.0
1825.743	0.99	4.87	4.83	0.69	1.46	1.01	20.9	5	78.5
1825.887	1.09	4.88	5.34	0.70	1.49	1.04	19.4	5	78.5
1825.947	1.23	4.87	6.01	0.69	1.47	1.01	16.9	5	78.5
1826.050	0.95	4.88	4.64	0.68	1.46	0.99	21.4	5	79.0
1826.194	0.88	4.88	4.27	0.65	1.44	0.93	21.8	5	79.0
1826.254	0.87	4.88	4.27	0.66	1.45	0.95	22.4	5	79.0
1826.357	0.85	4.88	4.15	0.65	1.41	0.92	22.2	5	79.5
1826.501	0.92	4.89	4.52	0.65	1.39	0.91	20.1	5	79.5
1826.561	0.95	4.88	4.65	0.65	1.37	0.89	19.1	5	79.5
1826.664	0.82	4.87	4.00	0.64	1.35	0.86	21.5	5	80.0
1826.808	0.81	4.89	3.94	0.62	1.36	0.85	21.6	5	80.0
1826.868	0.87	4.88	4.25	0.63	1.36	0.85	20.1	5	80.0
1826.971	0.82	4.88	3.99	0.61	1.35	0.82	20.5	5	80.5
1827.115	0.84	4.89	4.13	0.59	1.35	0.79	19.3	5	80.5
1827.175	0.91	4.89	4.45	0.59	1.33	0.78	17.6	5	80.5
1827.278	0.93	4.88	4.54	0.63	1.30	0.82	18.1	5	80.5
1827.422	0.83	4.90	4.06	0.61	1.29	0.79	19.5	5	81.0
1827.482	0.73	4.89	3.57	0.60	1.28	0.77	21.7	5	81.0
1827.585	0.81	4.90	3.97	0.58	1.28	0.75	18.9	5	81.0
1827.729	0.79	4.89	3.89	0.59	1.28	0.75	19.4	5	81.5
1827.789	0.77	4.89	3.77	0.59	1.26	0.75	19.7	5	81.5
1827.892	0.84	4.88	4.10	0.58	1.25	0.73	17.8	5	81.5
1828.036	0.80	4.87	3.90	0.55	1.21	0.66	17.0	5	82.0
1828.096	0.75	4.88	3.65	0.56	1.21	0.67	18.3	5	82.0
1828.199	0.66	4.87	3.23	0.59	1.22	0.71	22.1	5	82.0
1828.343	0.75	4.88	3.68	0.55	1.21	0.66	18.0	5	82.5
1828.403	0.76	4.88	3.72	0.54	1.20	0.65	17.5	5	82.5
1828.506	0.71	4.88	3.45	0.52	1.20	0.62	18.0	5	82.5
1828.650	0.68	4.88	3.33	0.54	1.14	0.62	18.6	5	83.0
1828.710	0.74	4.88	3.63	0.53	1.14	0.60	16.6	5	83.0
1828.813	0.74	4.88	3.61	0.53	1.13	0.60	16.6	5	83.0
1828.957	0.77	4.88	3.74	0.50	1.10	0.55	14.8	5	83.5
1829.017	0.75	4.89	3.68	0.51	1.10	0.56	15.3	5	83.5
1829.120	0.51	4.88	2.49	0.52	1.11	0.57	22.9	5	83.5
1829.264	0.56	4.89	2.74	0.48	1.10	0.52	19.2	5	84.0
1829.324	0.61	4.89	3.01	0.49	1.08	0.52	17.5	5	84.0
1829.427	0.68	4.89	3.35	0.48	1.08	0.52	15.4	5	84.0
1829.571	0.60	4.89	2.93	0.44	1.04	0.46	15.7	5	84.5
1829.631	0.67	4.89	3.25	0.45	1.02	0.46	14.0	5	84.5
1829.734	0.67	4.88	3.25	0.44	1.01	0.45	13.8	5	84.5
1829.878	0.68	4.88	3.33	0.44	1.02	0.46	13.7	5	85.0
1829.938	0.66	4.88	3.21	0.46	1.02	0.47	14.6	5	85.0
1830.041	0.64	4.88	3.10	0.44	1.00	0.44	14.1	5	85.0
1830.185	0.56	4.87	2.72	0.43	0.98	0.42	15.3	5	85.5
1830.245	0.62	4.88	3.03	0.43	0.97	0.42	13.8	5	85.5
1830.348	0.59	4.88	2.89	0.44	0.98	0.44	15.1	5	85.5
1830.492	0.69	4.88	3.39	0.44	0.98	0.43	12.7	5	86.0
1830.552	0.71	4.88	3.45	0.43	0.95	0.40	11.7	5	86.0
1830.655	0.69	4.88	3.37	0.42	0.95	0.40	11.8	5	86.0
1830.799	0.59	4.88	2.87	0.41	0.94	0.39	13.5	5	86.5
1830.859	0.59	4.88	2.88	0.40	0.93	0.38	13.1	5	86.5
1830.962	0.64	4.87	3.11	0.40	0.90	0.36	11.6	5	86.5
1831.106	0.73	4.89	3.58	0.40	0.92	0.37	10.3	5	87.0
1831.166	0.61	4.88	2.97	0.39	0.89	0.35	11.8	5	87.0
1831.269	0.54	4.88	2.62	0.40	0.86	0.35	13.3	5	87.0
1831.413	0.82	4.88	4.02	0.37	0.90	0.34	8.4	5	87.5
1831.473	0.75	4.87	3.64	0.37	0.89	0.33	9.2	5	87.5
1831.576	0.73	4.88	3.55	0.38	0.85	0.33	9.2	5	87.5
1831.720	0.83	4.89	4.07	0.36	0.87	0.31	7.7	5	88.0
1831.780	0.73	4.88	3.58	0.37	0.86	0.32	8.9	5	88.0
1831.883	0.61	4.89	2.98	0.35	0.85	0.29	9.9	5	88.0
1832.027	0.64	4.90	3.11	0.39	0.87	0.34	10.9	5	88.5
1832.087	0.57	4.89	2.77	0.37	0.84	0.31	11.0	5	88.5
1832.190	0.60	4.87	2.92	0.35	0.81	0.28	9.6	5	88.5
1832.334	0.66	4.88	3.21	0.36	0.84	0.30	9.3	5	89.0
1832.394	0.57	4.87	2.78	0.33	0.80	0.27	9.7	5	89.0
1832.497	0.65	4.88	3.18	0.30	0.78	0.23	7.3	5	89.0
1832.641	0.61	4.88	3.00	0.32	0.77	0.25	8.2	5	89.5
1832.701	0.60	4.89	2.93	0.30	0.76	0.23	7.9	5	89.5
1832.804	0.59	4.88	2.90	0.29	0.78	0.23	7.9	5	89.5
1832.948	0.65	4.89	3.19	0.31	0.77	0.24	7.5	5	89.5
1833.008	0.56	4.88	2.74	0.30	0.75	0.23	8.2	5	90.0
1833.111	0.57	4.88	2.78	0.30	0.73	0.22	7.7	5	90.0
1833.255	0.53	4.89	2.58	0.30	0.72	0.22	8.5	5	90.0
1833.315	0.53	4.89	2.60	0.28	0.70	0.19	7.5	5	90.5
1833.418	0.56	4.88	2.75	0.30	0.69	0.21	7.5	5	90.5
1833.562	0.49	4.88	2.39	0.30	0.69	0.21	8.8	5	90.5
1833.622	0.45	4.89	2.20	0.29	0.68	0.19	8.9	5	91.0
1833.725	0.41	4.89	2.02	0.28	0.65	0.18	8.9	5	91.0
1833.869	0.41	4.88	1.98	0.29	0.68	0.20	10.1	5	91.0
1833.929	0.49	4.89	2.41	0.27	0.64	0.17	7.3	5	91.5
1834.032	0.56	4.88	2.75	0.26	0.64	0.17	6.1	5	91.5
1834.176	0.61	4.88	2.96	0.27	0.66	0.18	6.1	5	91.5
1834.236	0.58	4.88	2.85	0.27	0.64	0.17	6.0	5	92.0
1834.339	0.47	4.87	2.29	0.24	0.63	0.15	6.7	5	92.0
1834.483	0.42	4.89	2.06	0.26	0.62	0.16	7.7	5	92.0
1834.543	0.49	4.89	2.40	0.25	0.61	0.15	6.4	5	92.5
1834.646	0.54	4.89	2.64	0.24	0.60	0.14	5.3	5	92.5
1834.790	0.28	4.89	1.38	0.22	0.60	0.13	9.7	5	92.5
1834.850	0.36	4.87	1.75	0.23	0.58	0.13	7.6	5	93.0
1834.953	0.44	4.88	2.16	0.21	0.56	0.12	5.5	5	93.0
1835.097	0.61	4.88	2.98	0.20	0.55	0.11	3.6	5	93.0
1835.157	0.56	4.88	2.72	0.21	0.56	0.12	4.4	5	93.0
1835.260	0.57	4.88	2.80	0.21	0.56	0.12	4.3	5	93.5
1835.404	0.53	4.87	2.56	0.20	0.54	0.10	4.1	5	93.5
1835.464	0.48	4.88	2.32	0.20	0.51	0.10	4.3	5	93.5
1835.567	0.49	4.88	2.37	0.19	0.51	0.10	4.1	5	94.0
1835.711	0.68	4.89	3.31	0.18	0.51	0.09	2.8	5	94.0
1835.771	0.60	4.88	2.91	0.22	0.51	0.11	3.8	5	94.0
1835.874	0.42	4.87	2.05	0.20	0.49	0.10	4.7	5	94.5
1836.018	0.52	4.88	2.52	0.23	0.48	0.11	4.3	5	94.5
1836.078	0.45	4.88	2.20	0.23	0.47	0.11	4.9	5	94.5
1836.181	0.50	4.88	2.42	0.21	0.46	0.10	4.0	5	95.0
1836.325	18.42	2.65	48.78	0.11	0.36	0.04	0.1	5	0.0
1836.385	27.92	1.47	40.91	0.07	0.26	0.02	0.0	5	0.0
1836.488	35.30	0.52	18.31	0.03	0.24	0.01	0.0	5	0.0
1836.632	37.88	0.19	7.35	0.03	0.24	0.01	0.1	5	0.5
1836.692	38.19	0.14	5.53	0.01	0.24	0.00	0.1	5	0.5
1836.795	38.54	0.12	4.62	0.02	0.22	0.01	0.1	5	0.5
1836.939	38.51	0.12	4.55	0.18	0.44	0.08	1.7	5	1.0
1836.999	38.43	0.10	3.98	0.28	0.65	0.18	4.5	5	1.0
1837.102	38.58	0.11	4.17	0.35	0.76	0.26	6.3	5	1.0
1837.246	38.61	0.12	4.69	0.43	0.92	0.39	8.4	5	1.5
1837.306	38.51	0.12	4.80	0.49	1.06	0.52	10.8	5	1.5
1837.409	38.58	0.12	4.82	0.56	1.19	0.67	13.8	5	1.5
1837.553	38.62	0.12	4.65	0.65	1.26	0.82	17.7	5	2.0
1837.613	38.62	0.14	5.30	0.73	1.34	0.97	18.4	5	2.0
1837.716	38.57	0.14	5.29	0.78	1.42	1.10	20.8	5	2.0
1837.860	38.66	0.15	5.90	0.86	1.50	1.29	21.9	5	2.5
1837.920	38.67	0.16	6.36	0.96	1.67	1.61	25.3	5	2.5
1838.023	38.54	0.18	6.77	1.02	1.77	1.80	26.6	5	2.5
1838.167	38.53	0.18	6.89	1.05	1.89	1.99	28.9	5	3.0
1838.227	38.56	0.19	7.30	1.12	2.00	2.24	30.8	5	3.0
1838.330	38.54	0.21	7.92	1.19	2.13	2.53	32.0	5	3.0
1838.474	38.48	0.20	7.67	1.23	2.23	2.74	35.7	5	3.5
1838.534	38.52	0.22	8.34	1.29	2.37	3.07	36.8	5	3.5
1838.637	38.51	0.23	8.70	1.35	2.48	3.34	38.4	5	3.5
1838.781	38.41	0.23	8.89	1.37	2.54	3.47	39.0	5	3.5
1838.841	38.44	0.25	9.55	1.40	2.63	3.69	38.6	5	4.0
1838.944	38.45	0.25	9.75	1.45	2.73	3.95	40.5	5	4.0
1839.088	38.47	0.26	9.99	1.46	2.77	4.04	40.4	5	4.0
1839.148	38.43	0.27	10.33	1.50	2.83	4.26	41.2	5	4.5
1839.251	38.44	0.28	10.67	1.57	2.91	4.58	42.9	5	4.5
1839.395	38.52	0.28	10.71	1.59	2.97	4.74	44.3	5	4.5
1839.455	38.42	0.29	11.26	1.63	3.04	4.95	44.0	5	5.0
1839.558	38.43	0.30	11.67	1.70	3.13	5.32	45.6	5	5.0
1839.702	38.44	0.31	12.06	1.72	3.16	5.45	45.2	5	5.0
1839.762	38.38	0.32	12.26	1.77	3.22	5.70	46.5	5	5.5
1839.865	38.22	0.33	12.48	1.82	3.35	6.10	48.9	5	5.5
1840.009	38.23	0.33	12.52	1.87	3.36	6.28	50.1	5	5.5
1840.069	38.27	0.33	12.75	1.90	3.41	6.49	50.9	5	6.0
2323.596	39.46	0.08	3.30	0.03	0.18	0.01	0.2	5	0.0
2323.656	39.32	0.09	3.46	0.04	0.19	0.01	0.2	5	0.0
2323.759	39.40	0.08	3.17	0.03	0.19	0.01	0.2	5	0.0
2323.903	39.43	0.08	3.22	0.05	0.16	0.01	0.2	5	0.5
2323.963	39.35	0.08	3.16	0.04	0.18	0.01	0.2	5	0.5
2324.066	39.36	0.09	3.49	0.07	0.17	0.01	0.3	5	0.5
2324.210	39.23	0.09	3.62	0.16	0.31	0.05	1.4	5	1.0
2324.270	39.29	0.10	4.02	0.24	0.45	0.11	2.7	5	1.0
2324.373	39.41	0.10	4.01	0.27	0.55	0.15	3.7	5	1.0
2324.517	39.34	0.11	4.41	0.33	0.69	0.22	5.1	5	1.5
2324.577	39.38	0.11	4.33	0.40	0.78	0.31	7.2	5	1.5
2324.680	39.32	0.12	4.55	0.46	0.89	0.41	9.0	5	1.5
2324.824	39.34	0.12	4.66	0.51	0.97	0.50	10.6	5	2.0
2324.884	39.35	0.13	4.97	0.59	1.05	0.62	12.5	5	2.0
2324.987	39.34	0.14	5.39	0.65	1.15	0.74	13.8	5	2.0
2325.131	39.52	0.14	5.49	0.71	1.27	0.90	16.4	5	2.5
2325.191	39.49	0.15	5.87	0.82	1.38	1.14	19.4	5	2.5
2325.294	39.37	0.15	5.86	0.91	1.47	1.33	22.8	5	2.5
2325.438	39.20	0.16	6.17	0.94	1.55	1.46	23.6	5	3.0
2325.498	39.20	0.16	6.25	1.00	1.65	1.64	26.3	5	3.0
2325.601	39.20	0.17	6.65	1.05	1.76	1.85	27.9	5	3.0
2325.745	39.30	0.17	6.74	1.11	1.82	2.02	30.0	5	3.5
2325.805	39.23	0.19	7.42	1.16	1.91	2.22	30.0	5	3.5
2325.908	39.13	0.20	7.69	1.23	1.98	2.43	31.6	5	3.5
2326.052	39.20	0.20	7.90	1.23	2.04	2.51	31.8	5	3.5
2326.112	39.11	0.21	8.31	1.32	2.13	2.81	33.8	5	4.0
2326.215	39.07	0.22	8.61	1.33	2.25	2.98	34.7	5	4.0
2326.359	39.17	0.24	9.23	1.37	2.30	3.15	34.2	5	4.0
2326.419	39.25	0.24	9.35	1.44	2.37	3.40	36.4	5	4.5
2326.522	39.18	0.24	9.25	1.49	2.44	3.65	39.5	5	4.5
2326.666	39.19	0.24	9.54	1.53	2.51	3.84	40.2	5	4.5
2326.726	39.13	0.25	9.94	1.56	2.56	3.98	40.0	5	5.0
2326.829	39.08	0.27	10.46	1.61	2.64	4.27	40.8	5	5.0
2326.973	39.04	0.27	10.60	1.61	2.73	4.39	41.4	5	5.0
2327.033	38.99	0.28	11.02	1.66	2.78	4.62	41.9	5	5.5
2327.136	39.07	0.30	11.56	1.73	2.87	4.97	43.0	5	5.5
2327.280	39.13	0.30	11.61	1.80	2.98	5.38	46.3	5	5.5
2327.340	39.08	0.31	12.11	1.83	3.05	5.57	46.0	5	6.0
2327.443	38.96	0.32	12.61	1.93	3.19	6.15	48.7	5	6.0
2327.587	38.88	0.34	13.41	1.98	3.29	6.51	48.6	5	6.0
2327.647	38.90	0.35	13.81	2.00	3.34	6.69	48.4	5	6.5
2327.750	38.73	0.38	14.65	2.11	3.50	7.37	50.3	5	6.5
2327.894	38.87	0.38	14.95	2.14	3.55	7.59	50.8	5	6.5
2327.954	38.85	0.39	15.23	2.15	3.57	7.70	50.5	5	7.0
2328.057	38.89	0.41	15.97	2.30	3.62	8.31	52.0	5	7.0
2328.201	38.94	0.44	17.15	2.35	3.71	8.70	50.7	5	7.0
2328.261	38.91	0.43	16.89	2.35	3.72	8.76	51.9	5	7.5
2328.364	38.95	0.45	17.47	2.48	3.76	9.35	53.6	5	7.5
2328.508	38.79	0.46	17.82	2.56	3.78	9.69	54.4	5	7.5
2328.568	38.76	0.47	18.11	2.56	3.79	9.71	53.6	5	8.0
2328.671	38.78	0.48	18.79	2.66	3.95	10.50	55.9	5	8.0
2328.815	38.83	0.50	19.50	2.69	3.98	10.72	55.0	5	8.0
2328.875	38.76	0.50	19.47	2.71	4.00	10.82	55.6	5	8.0
2328.979	38.76	0.54	20.95	2.81	4.14	11.64	55.6	5	8.5
2329.124	38.81	0.57	22.13	2.85	4.43	12.63	57.1	5	8.5
2329.184	38.76	0.58	22.50	2.86	4.44	12.67	56.3	5	8.5
2329.288	38.72	0.63	24.50	2.95	4.66	13.74	56.1	5	9.0
2329.433	38.53	0.65	24.88	3.03	4.77	14.44	58.0	5	9.0
2329.493	38.38	0.65	24.83	3.03	4.81	14.56	58.6	5	9.0
2329.597	38.45	0.69	26.70	3.10	5.00	15.53	58.2	5	9.5
2329.742	38.49	0.73	28.08	3.15	5.19	16.32	58.1	5	9.5
2329.802	38.45	0.74	28.31	3.14	5.22	16.40	57.9	5	9.5
2329.906	38.37	0.76	29.25	3.23	5.35	17.28	59.1	5	10.0
2330.051	38.28	0.79	30.33	3.31	5.48	18.17	59.9	5	10.0
2330.111	38.39	0.79	30.16	3.32	5.44	18.08	59.9	5	10.0
2330.215	38.20	0.84	31.91	3.42	5.63	19.27	60.4	5	10.5
2330.360	38.16	0.87	33.27	3.49	5.73	19.99	60.1	5	10.5
2330.420	38.16	0.88	33.51	3.50	5.76	20.14	60.1	5	10.5
2330.524	38.11	0.91	34.85	3.57	5.90	21.05	60.4	5	11.0
2330.669	38.10	0.95	36.14	3.65	6.04	22.09	61.1	5	11.0
2330.729	38.07	0.96	36.58	3.63	6.07	22.07	60.3	5	11.0
2330.833	37.93	1.01	38.36	3.70	6.29	23.27	60.7	5	11.5
2330.978	37.72	1.12	42.32	3.73	6.88	25.65	60.6	5	11.5
2331.038	37.66	1.14	43.02	3.72	7.09	26.34	61.2	5	11.5
2331.142	37.53	1.20	45.08	3.73	7.33	27.33	60.6	5	12.0
2331.287	37.52	1.26	47.22	3.79	7.54	28.58	60.5	5	12.0
2331.347	37.44	1.26	47.24	3.80	7.57	28.78	60.9	5	12.0
2331.451	37.44	1.30	48.80	3.87	7.67	29.68	60.8	5	12.5
2331.596	37.29	1.36	50.65	3.95	7.87	31.08	61.4	5	12.5
2331.656	37.29	1.36	50.87	3.97	7.84	31.11	61.1	5	12.5
2331.760	37.21	1.40	52.07	4.05	7.86	31.82	61.1	5	13.0
2331.905	37.26	1.33	49.61	4.27	7.34	31.31	63.1	5	13.0
2331.965	37.33	1.30	48.55	4.36	7.09	30.92	63.7	5	13.0
2332.069	37.47	1.23	45.93	4.51	6.71	30.25	65.9	5	13.5
2332.214	37.71	1.12	42.27	4.86	5.98	29.06	68.7	5	13.5
2332.274	37.74	1.08	40.77	4.98	5.59	27.81	68.2	5	13.5
2332.378	37.94	1.02	38.52	5.09	5.25	26.70	69.3	5	14.0
2332.523	37.97	1.00	37.94	5.21	5.07	26.40	69.6	5	14.0
2332.583	37.94	1.00	37.76	5.24	4.97	26.07	69.0	5	14.0
2332.687	37.98	0.97	37.03	5.27	4.85	25.54	69.0	5	14.5
2332.832	37.96	0.99	37.73	5.42	4.89	26.50	70.2	5	14.5
2332.892	37.96	0.98	37.30	5.45	4.82	26.26	70.4	5	14.5
2332.996	37.94	0.98	37.22	5.51	4.76	26.22	70.5	5	15.0
2333.141	37.84	1.06	39.98	5.62	5.02	28.21	70.5	5	15.0
2333.201	37.91	1.02	38.52	5.69	4.80	27.33	70.9	5	15.0
2333.305	37.90	1.02	38.55	5.73	4.79	27.47	71.3	5	15.5
2333.450	37.96	1.09	41.33	5.86	4.93	28.90	69.9	5	15.5
2333.510	37.92	1.09	41.29	5.98	4.67	27.97	67.7	5	15.5
2333.614	37.88	1.05	39.81	5.97	4.83	28.83	72.4	5	16.0
2333.759	37.88	1.02	38.78	6.26	4.35	27.25	70.3	5	16.0
2333.819	37.88	1.05	39.71	6.20	4.66	28.89	72.8	5	16.0
2333.923	37.81	1.10	41.55	6.23	4.72	29.38	70.7	5	16.0
2334.068	37.65	1.14	43.10	6.38	4.92	31.35	72.7	5	16.5
2334.128	37.71	1.12	42.29	6.43	4.78	30.75	72.7	5	16.5
2334.232	37.70	1.14	43.15	6.42	4.87	31.26	72.4	5	16.5
2334.377	37.57	1.19	44.73	6.60	4.95	32.63	72.9	5	17.0
2334.437	37.58	1.18	44.31	6.62	4.95	32.75	73.9	5	17.0
2334.541	37.57	1.21	45.54	6.61	5.08	33.57	73.7	5	17.0
2334.686	37.55	1.22	45.65	6.84	4.86	33.21	72.7	5	17.5
2334.746	37.51	1.23	46.06	6.83	5.02	34.25	74.4	5	17.5
2334.850	37.40	1.25	46.76	6.90	4.97	34.29	73.3	5	17.5
2334.995	37.50	1.28	47.99	7.04	4.96	34.96	72.9	5	18.0
2335.055	37.27	1.31	48.70	7.11	5.04	35.81	73.5	5	18.0
2335.159	37.40	1.28	47.71	7.12	5.00	35.65	74.7	5	18.0
2335.304	37.30	1.32	49.39	7.27	5.12	37.17	75.3	5	18.5
2335.364	37.34	1.34	49.87	7.31	5.15	37.62	75.4	5	18.5
2335.468	37.22	1.31	48.67	7.35	4.98	36.65	75.3	5	18.5
2335.613	37.22	1.42	52.80	7.48	5.21	38.98	73.8	5	19.0
2335.673	37.16	1.42	52.67	7.55	5.11	38.60	73.3	5	19.0
2335.777	37.12	1.41	52.50	7.56	5.14	38.84	74.0	5	19.0
2335.922	36.90	1.49	54.95	7.61	5.39	41.00	74.6	5	19.5
2335.982	37.05	1.45	53.60	7.70	5.19	39.96	74.6	5	19.5
2336.086	37.09	1.39	51.73	7.74	5.28	40.83	78.9	5	19.5
2336.231	36.90	1.52	55.92	8.13	4.52	36.77	65.8	5	20.0
2336.291	36.92	1.53	56.42	8.24	4.36	35.90	63.6	5	20.0
2336.395	37.25	1.38	51.26	8.23	4.39	36.14	70.5	5	20.0
2336.540	36.89	1.53	56.43	8.12	5.40	43.84	77.7	5	20.5
2336.600	36.77	1.59	58.60	8.13	5.40	43.90	74.9	5	20.5
2336.704	36.84	1.54	56.90	8.21	5.19	42.64	74.9	5	20.5
2336.849	36.71	1.59	58.34	8.37	5.23	43.80	75.1	5	21.0
2336.909	36.59	1.61	59.00	8.32	5.50	45.77	77.6	5	21.0
2337.013	36.74	1.58	58.10	8.47	5.14	43.54	74.9	5	21.0
2337.158	36.41	1.65	60.23	8.52	5.49	46.77	77.7	5	21.5
2337.218	36.37	1.69	61.47	8.55	5.54	47.34	77.0	5	21.5
2337.322	36.49	1.67	60.79	8.62	5.38	46.39	76.3	5	21.5
2337.467	36.18	1.73	62.74	8.71	5.50	47.92	76.4	5	22.0
2337.527	36.11	1.77	63.86	8.77	5.53	48.49	75.9	5	22.0
2337.631	36.08	1.75	63.21	8.77	5.59	49.03	77.6	5	22.0
2337.776	35.89	1.81	65.08	8.91	5.54	49.34	75.8	5	22.5
2337.836	35.75	1.82	64.97	8.95	5.58	49.92	76.8	5	22.5
2337.940	35.62	1.85	65.77	8.97	5.62	50.45	76.7	5	22.5
2338.085	35.53	1.89	67.19	9.04	5.63	50.91	75.8	5	23.0
2338.145	35.45	1.90	67.29	9.01	5.72	51.52	76.6	5	23.0
2338.249	35.44	1.88	66.57	9.15	5.50	50.32	75.6	5	23.0
2338.394	35.27	1.90	66.93	9.23	5.48	50.59	75.6	5	23.5
2338.454	34.92	1.93	67.40	9.16	5.64	51.65	76.6	5	23.5
2338.558	34.89	1.94	67.54	9.20	5.62	51.72	76.6	5	23.5
2338.703	34.42	1.97	67.76	9.18	5.69	52.20	77.0	5	24.0
2338.763	34.37	1.98	68.22	9.28	5.51	51.13	74.9	5	24.0
2338.867	34.14	1.98	67.65	9.21	5.59	51.47	76.1	5	24.0
2339.012	33.68	1.99	67.01	9.18	5.52	50.65	75.6	5	24.5
2339.072	33.28	2.00	66.53	9.17	5.64	51.75	77.8	5	24.5
2339.176	32.65	1.99	65.03	9.15	5.49	50.21	77.2	5	24.5
2339.321	32.16	1.99	63.96	9.08	5.58	50.68	79.2	5	25.0
2339.381	31.93	2.00	63.70	9.08	5.35	48.63	76.3	5	25.0
2339.485	31.26	2.00	62.43	8.88	5.33	47.27	75.7	5	25.0
2339.630	30.52	2.00	61.19	8.76	5.29	46.29	75.7	5	25.5
2339.690	29.94	2.00	59.86	8.64	5.18	44.73	74.7	5	25.5
2339.794	29.37	2.00	58.78	8.47	5.22	44.22	75.2	5	25.5
2339.939	28.39	2.00	56.89	8.27	5.19	42.93	75.5	5	26.0
2339.999	27.75	2.01	55.80	8.17	5.16	42.13	75.5	5	26.0
2340.103	26.60	2.01	53.60	7.80	5.82	45.38	84.7	5	26.0
2340.248	26.24	2.01	52.63	7.76	5.60	43.45	82.5	5	26.5
2340.308	25.57	2.01	51.44	7.67	5.20	39.88	77.5	5	26.5
2340.412	25.05	2.00	50.23	7.58	5.03	38.17	76.0	5	26.5
2340.557	24.26	2.01	48.85	7.33	4.96	36.42	74.5	5	27.0
2340.617	23.79	2.02	48.04	7.25	4.92	35.66	74.2	5	27.0
2340.721	22.90	2.01	46.14	7.01	5.10	35.74	77.5	5	27.0
2340.866	21.85	2.02	44.17	6.73	5.03	33.86	76.7	5	27.5
2340.926	21.38	2.02	43.12	6.61	4.82	31.85	73.9	5	27.5
2341.030	21.26	2.02	42.91	6.43	5.34	34.36	80.1	5	27.5
2341.175	20.04	2.02	40.43	6.13	4.90	30.04	74.3	5	28.0
2341.235	19.58	2.02	39.49	6.03	4.99	30.05	76.1	5	28.0
2341.339	18.64	2.05	38.28	5.81	4.93	28.66	74.9	5	28.0
2341.484	18.38	2.11	38.78	5.68	4.78	27.15	70.0	5	28.0
2341.544	17.72	2.17	38.41	5.45	4.95	27.00	70.3	5	28.5
2341.648	17.19	2.20	37.83	5.35	5.08	27.19	71.9	5	28.5
2341.793	16.97	2.25	38.16	5.29	5.20	27.52	72.1	5	28.5
2341.853	16.99	2.26	38.38	5.38	5.09	27.39	71.4	5	29.0
2341.957	16.87	2.32	39.09	5.36	5.26	28.16	72.0	5	29.0
2342.102	16.77	2.32	38.97	5.27	5.27	27.77	71.3	5	29.0
2342.162	16.46	2.42	39.75	5.24	5.40	28.32	71.2	5	29.5
2342.266	16.52	2.46	40.65	5.33	5.36	28.54	70.2	5	29.5
2342.411	16.50	2.44	40.23	5.31	5.53	29.35	73.0	5	29.5
2342.471	16.49	2.45	40.43	5.35	5.38	28.77	71.2	5	30.0
2342.575	16.51	2.49	41.05	5.39	5.42	29.22	71.2	5	30.0
2342.720	16.40	2.45	40.11	5.45	5.36	29.23	72.9	5	30.0
2342.780	16.38	2.52	41.32	5.44	5.47	29.76	72.0	5	30.5
2342.884	16.27	2.54	41.37	5.50	5.42	29.82	72.1	5	30.5
2343.029	16.37	2.52	41.26	5.59	5.32	29.75	72.1	5	30.5
2343.089	16.37	2.60	42.57	5.55	5.46	30.34	71.3	5	31.0
2343.193	16.43	2.54	41.69	5.68	5.26	29.86	71.6	5	31.0
2343.338	16.21	2.61	42.34	5.62	5.47	30.71	72.5	5	31.0
2343.398	16.39	2.55	41.73	5.79	5.17	29.96	71.8	5	31.5
2343.502	16.26	2.67	43.49	5.68	5.49	31.24	71.8	5	31.5
2343.647	16.28	2.59	42.23	5.83	5.24	30.55	72.3	5	31.5
2343.707	16.10	2.70	43.43	5.77	5.33	30.79	70.9	5	32.0
2343.811	16.11	2.76	44.44	5.77	5.50	31.74	71.4	5	32.0
2343.956	16.02	2.84	45.52	5.79	5.54	32.08	70.5	5	32.0
2344.016	16.12	2.73	44.09	5.90	5.35	31.58	71.6	5	32.5
2344.120	15.99	2.76	44.06	6.00	5.32	31.91	72.4	5	32.5
2344.265	15.83	2.91	46.05	5.87	5.59	32.80	71.2	5	32.5
2344.325	16.06	2.80	44.98	5.99	5.41	32.44	72.1	5	33.0
2344.429	15.99	2.84	45.46	6.08	5.36	32.54	71.6	5	33.0
2344.574	15.90	2.85	45.32	6.18	5.32	32.85	72.5	5	33.0
2344.634	15.87	2.87	45.59	6.11	5.43	33.19	72.8	5	33.0
2344.738	15.67	3.00	47.07	6.12	5.53	33.82	71.8	5	33.5
2344.883	15.74	2.99	47.01	6.15	5.55	34.17	72.7	5	33.5
2344.943	15.69	2.98	46.72	6.18	5.53	34.20	73.2	5	33.5
2345.047	15.57	3.03	47.17	6.24	5.50	34.36	72.8	5	34.0
2345.192	15.54	3.05	47.34	6.24	5.53	34.49	72.9	5	34.0
2345.252	15.59	3.04	47.43	6.24	5.53	34.51	72.8	5	34.0
2345.356	15.52	3.07	47.61	6.35	5.50	34.88	73.3	5	34.5
2345.501	15.46	3.09	47.83	6.40	5.49	35.14	73.5	5	34.5
2345.561	15.54	3.09	47.95	6.42	5.53	35.50	74.0	5	34.5
2345.665	15.30	3.22	49.26	6.40	5.64	36.09	73.3	5	35.0
2345.810	15.28	3.22	49.26	6.43	5.70	36.63	74.4	5	35.0
2345.870	15.36	3.19	49.08	6.53	5.48	35.77	72.9	5	35.0
2345.974	15.17	3.31	50.21	6.50	5.53	35.93	71.5	5	35.5
2346.119	15.34	3.25	49.81	6.74	5.30	35.74	71.8	5	35.5
2346.179	15.17	3.33	50.49	6.53	5.73	37.43	74.1	5	35.5
2346.283	15.23	3.31	50.36	6.65	5.62	37.37	74.2	5	36.0
2346.428	14.84	3.55	52.75	6.47	5.84	37.76	71.6	5	36.0
2346.488	14.81	3.52	52.19	6.37	6.12	39.00	74.7	5	36.0
2346.592	15.04	3.44	51.75	6.45	6.30	40.63	78.5	5	36.5
2346.737	14.68	3.62	53.15	6.34	6.39	40.52	76.2	5	36.5
2346.797	14.60	3.67	53.51	6.44	6.06	39.03	72.9	5	36.5
2346.901	14.88	3.52	52.39	6.84	5.40	36.91	70.5	5	37.0
2347.046	14.74	3.51	51.78	6.73	5.87	39.52	76.3	5	37.0
2347.106	14.56	3.63	52.87	6.69	5.78	38.63	73.1	5	37.0
2347.210	14.84	3.50	51.95	6.90	5.62	38.82	74.7	5	37.5
2347.355	14.55	3.64	52.98	6.84	5.75	39.29	74.2	5	37.5
2347.415	14.49	3.72	53.93	6.78	5.72	38.77	71.9	5	37.5
2347.519	14.47	3.74	54.06	6.79	5.89	39.99	74.0	5	38.0
2347.664	14.78	3.67	54.31	7.04	5.58	39.32	72.4	5	38.0
2347.724	14.33	3.79	54.24	6.88	5.73	39.44	72.7	5	38.0
2347.828	14.52	3.72	54.04	7.04	5.57	39.20	72.5	5	38.5
2347.973	14.25	3.83	54.54	6.93	5.77	40.00	73.3	5	38.5
2348.033	14.13	3.80	53.70	6.90	5.86	40.43	75.3	5	38.5
2348.137	14.04	3.88	54.47	6.90	5.75	39.65	72.8	5	39.0
2348.282	14.01	3.92	54.84	6.97	5.71	39.80	72.6	5	39.0
2348.342	13.94	3.92	54.67	6.92	5.86	40.55	74.2	5	39.0
2348.446	14.08	3.88	54.58	7.11	5.63	40.07	73.4	5	39.5
2348.591	13.88	3.96	54.99	7.01	5.85	40.99	74.5	5	39.5
2348.651	13.78	4.01	55.24	6.99	5.81	40.62	73.5	5	39.5
2348.755	13.56	4.02	54.48	6.99	5.86	40.96	75.2	5	40.0
2348.900	13.49	4.12	55.62	6.94	5.81	40.35	72.5	5	40.0
2348.960	13.52	4.15	56.05	6.95	5.75	40.02	71.4	5	40.0
2349.064	13.54	4.10	55.49	7.06	5.74	40.51	73.0	5	40.5
2349.209	13.37	4.20	56.17	6.95	5.92	41.16	73.3	5	40.5
2349.269	13.44	4.18	56.18	7.00	5.92	41.41	73.7	5	40.5
2349.373	13.44	4.18	56.17	7.08	5.70	40.33	71.8	5	41.0
2349.518	13.11	4.27	55.93	7.04	5.76	40.50	72.4	5	41.0
2349.578	13.27	4.27	56.63	6.99	5.75	40.20	71.0	5	41.0
2349.682	13.17	4.25	55.94	7.07	5.67	40.08	71.7	5	41.5
2349.827	12.67	4.39	55.66	6.84	5.85	39.99	71.8	5	41.5
2349.887	12.88	4.35	55.98	7.06	5.62	39.70	70.9	5	41.5
2349.991	12.79	4.37	55.93	6.95	5.66	39.37	70.4	5	42.0
2350.136	12.42	4.46	55.40	6.83	5.64	38.50	69.5	5	42.0
2350.196	12.63	4.42	55.87	7.04	5.60	39.38	70.5	5	42.0
2350.300	12.18	4.49	54.72	6.63	6.20	41.14	75.2	5	42.0
2350.445	11.86	4.58	54.28	6.70	5.40	36.17	66.6	5	42.5
2350.505	11.90	4.58	54.50	6.75	5.23	35.28	64.7	5	42.5
2350.609	11.67	4.62	53.91	6.56	5.41	35.51	65.9	5	42.5
2350.754	11.85	4.57	54.15	6.71	5.61	37.64	69.5	5	43.0
2350.814	11.52	4.60	53.03	6.46	5.91	38.21	72.0	5	43.0
2350.918	11.68	4.59	53.58	6.58	5.83	38.34	71.6	5	43.0
2351.063	11.50	4.64	53.30	6.49	5.78	37.49	70.3	5	43.5
2351.123	11.32	4.65	52.66	6.47	5.70	36.91	70.1	5	43.5
2351.227	10.90	4.69	51.10	6.33	5.68	35.91	70.3	5	43.5
2351.372	10.75	4.70	50.49	6.18	5.69	35.20	69.7	5	44.0
2351.432	10.68	4.71	50.24	6.18	5.61	34.66	69.0	5	44.0
2351.536	10.73	4.70	50.50	6.18	5.64	34.90	69.1	5	44.0
2351.681	10.24	4.75	48.60	5.94	5.53	32.87	67.6	5	44.5
2351.741	10.23	4.73	48.43	6.03	5.43	32.71	67.5	5	44.5
2351.845	9.91	4.75	47.11	5.74	5.58	32.03	68.0	5	44.5
2351.990	9.69	4.76	46.14	5.63	5.55	31.27	67.8	5	45.0
2352.050	9.52	4.75	45.22	5.58	5.60	31.25	69.1	5	45.0
2352.153	9.39	4.75	44.65	5.57	5.55	30.91	69.2	5	45.0
2352.298	8.71	4.78	41.66	4.95	5.66	28.02	67.2	5	45.5
2352.358	8.32	4.79	39.82	4.70	5.79	27.17	68.2	5	45.5
2352.462	8.23	4.79	39.41	4.72	5.66	26.69	67.7	5	45.5
2352.606	8.02	4.79	38.43	4.60	5.43	25.00	65.0	5	46.0
2352.666	7.65	4.79	36.67	4.41	5.28	23.28	63.5	5	46.0
2352.770	7.28	4.80	34.93	4.07	5.38	21.88	62.6	5	46.0
2352.915	6.90	4.81	33.18	3.89	5.35	20.78	62.6	5	46.5
2352.975	6.69	4.82	32.21	3.73	5.33	19.86	61.7	5	46.5
2353.079	6.55	4.80	31.45	3.56	5.30	18.87	60.0	5	46.5
2353.224	6.43	4.81	30.95	3.55	5.27	18.72	60.5	5	47.0
2353.284	6.39	4.81	30.73	3.55	5.27	18.73	60.9	5	47.0
2353.388	6.48	4.81	31.17	3.56	5.22	18.59	59.6	5	47.0
2353.533	6.54	4.81	31.47	3.58	5.16	18.47	58.7	5	47.5
2353.593	6.52	4.81	31.38	3.58	5.12	18.33	58.4	5	47.5
2353.697	6.16	4.81	29.63	3.57	5.12	18.26	61.6	5	47.5
2353.842	6.14	4.81	29.49	3.54	5.06	17.92	60.8	5	48.0
2353.902	6.11	4.82	29.48	3.53	5.02	17.76	60.2	5	48.0
2354.006	6.14	4.81	29.51	3.49	5.01	17.49	59.3	5	48.0
2354.151	6.07	4.80	29.15	3.48	4.98	17.30	59.3	5	48.5
2354.211	5.92	4.81	28.49	3.49	4.95	17.25	60.5	5	48.5
2354.314	5.92	4.81	28.47	3.45	4.95	17.09	60.0	5	48.5
2354.459	5.88	4.81	28.27	3.46	4.89	16.90	59.8	5	49.0
2354.519	5.90	4.81	28.39	3.48	4.84	16.83	59.3	5	49.0
2354.623	5.81	4.81	27.97	3.45	4.84	16.67	59.6	5	49.0
2354.768	5.67	4.84	27.41	3.48	4.82	16.76	61.1	5	49.5
2354.828	5.62	4.82	27.10	3.48	4.78	16.65	61.4	5	49.5
2354.932	5.60	4.81	26.91	3.52	4.77	16.79	62.4	5	49.5
2355.077	5.68	4.82	27.35	3.51	4.69	16.46	60.2	5	50.0
2355.137	5.56	4.81	26.77	3.47	4.69	16.28	60.8	5	50.0
2355.241	5.66	4.83	27.32	3.57	4.64	16.53	60.5	5	50.0
2355.385	5.76	4.81	27.69	3.60	4.62	16.60	59.9	5	50.5
2355.445	5.70	4.82	27.46	3.58	4.56	16.31	59.4	5	50.5
2355.549	5.35	4.81	25.77	3.57	4.55	16.23	63.0	5	50.5
2355.694	5.53	4.82	26.66	3.57	4.53	16.18	60.7	5	51.0
2355.754	5.55	4.82	26.77	3.60	4.49	16.17	60.4	5	51.0
2355.858	5.48	4.82	26.39	3.55	4.47	15.89	60.2	5	51.0
2356.003	5.41	4.83	26.15	3.52	4.48	15.78	60.4	5	51.5
2356.063	5.41	4.83	26.13	3.56	4.43	15.77	60.4	5	51.5
2356.167	5.27	4.82	25.38	3.57	4.39	15.70	61.9	5	51.5
2356.312	5.22	4.83	25.24	3.59	4.36	15.67	62.1	5	52.0
2356.372	5.17	4.82	24.92	3.59	4.36	15.67	62.9	5	52.0
2356.476	5.06	4.82	24.43	3.54	4.33	15.33	62.7	5	52.0
2356.621	4.87	4.82	23.48	3.38	4.31	14.56	62.0	5	52.5
2356.681	4.92	4.82	23.69	3.36	4.29	14.40	60.8	5	52.5
2356.785	4.90	4.81	23.60	3.30	4.28	14.13	59.8	5	52.5
2356.930	5.04	4.82	24.29	3.32	4.23	14.05	57.8	5	53.0
2356.990	5.01	4.81	24.13	3.31	4.17	13.80	57.2	5	53.0
2357.094	4.87	4.82	23.46	3.31	4.11	13.63	58.1	5	53.0
2357.239	4.72	4.82	22.77	3.26	4.16	13.55	59.5	5	53.5
2357.299	4.52	4.82	21.82	3.22	4.09	13.17	60.3	5	53.5
2357.402	4.58	4.82	22.09	3.18	4.08	12.97	58.7	5	53.5
2357.547	4.71	4.82	22.73	3.18	4.07	12.95	57.0	5	54.0
2357.607	4.58	4.83	22.08	3.16	4.05	12.80	58.0	5	54.0
2357.711	4.51	4.83	21.77	3.13	4.00	12.54	57.6	5	54.0
2357.856	4.45	4.83	21.50	3.14	4.00	12.58	58.5	5	54.0
2357.916	4.42	4.83	21.35	3.11	3.95	12.29	57.5	5	54.5
2358.020	4.28	4.83	20.67	3.10	3.94	12.19	59.0	5	54.5
2358.164	4.29	4.83	20.70	3.03	3.92	11.89	57.4	5	54.5
2358.224	4.27	4.82	20.61	3.03	3.89	11.79	57.2	5	55.0
2358.328	4.25	4.83	20.53	3.05	3.88	11.82	57.6	5	55.0
2358.472	4.34	4.83	20.95	3.02	3.89	11.77	56.2	5	55.0
2358.532	4.21	4.83	20.33	3.02	3.85	11.62	57.2	5	55.5
2358.635	4.12	4.84	19.91	2.97	3.80	11.30	56.8	5	55.5
2358.780	4.25	4.83	20.53	2.96	3.78	11.18	54.4	5	55.5
2358.840	4.06	4.83	19.61	2.95	3.78	11.14	56.8	5	56.0
2358.944	3.88	4.83	18.77	2.93	3.73	10.94	58.3	5	56.0
2359.089	4.10	4.83	19.82	2.97	3.72	11.02	55.6	5	56.0
2359.149	4.04	4.82	19.49	2.94	3.72	10.91	56.0	5	56.5
2359.253	3.87	4.83	18.69	2.89	3.66	10.57	56.6	5	56.5
2359.398	3.83	4.83	18.49	2.87	3.65	10.49	56.7	5	56.5
2359.458	3.88	4.83	18.74	2.91	3.64	10.60	56.6	5	57.0
2359.562	3.78	4.82	18.22	2.85	3.57	10.18	55.9	5	57.0
2359.706	3.81	4.82	18.36	2.95	3.58	10.57	57.6	5	57.0
2359.766	3.83	4.82	18.45	2.96	3.59	10.60	57.4	5	57.5
2359.870	3.72	4.82	17.95	2.90	3.52	10.19	56.8	5	57.5
2360.015	3.71	4.82	17.91	2.90	3.51	10.17	56.8	5	57.5
2360.075	3.75	4.83	18.12	2.90	3.51	10.19	56.2	5	57.5
2360.178	3.64	4.83	17.59	2.86	3.45	9.87	56.1	5	58.0
2360.322	3.76	4.84	18.18	2.82	3.43	9.66	53.1	5	58.0
2360.382	3.75	4.84	18.15	2.82	3.44	9.71	53.5	5	58.0
2360.485	3.62	4.84	17.53	2.80	3.38	9.47	54.0	5	58.5
2360.629	3.52	4.85	17.05	2.79	3.35	9.35	54.8	5	58.5
2360.689	3.55	4.84	17.18	2.77	3.36	9.31	54.2	5	58.5
2360.792	3.50	4.84	16.95	2.74	3.32	9.11	53.8	5	59.0
2360.936	3.50	4.83	16.90	2.68	3.33	8.93	52.8	5	59.0
2360.996	3.46	4.84	16.76	2.70	3.30	8.89	53.0	5	59.0
2361.099	3.44	4.83	16.60	2.69	3.26	8.77	52.8	5	59.5
2361.243	3.24	4.84	15.69	2.66	3.24	8.61	54.9	5	59.5
2361.303	3.19	4.84	15.45	2.66	3.26	8.66	56.1	5	59.5
2361.406	3.24	4.84	15.70	2.67	3.22	8.60	54.8	5	60.0
2361.550	3.29	4.84	15.94	2.67	3.22	8.61	54.0	5	60.0
2361.610	3.27	4.84	15.80	2.66	3.21	8.51	53.9	5	60.0
2361.713	3.15	4.84	15.25	2.69	3.16	8.49	55.7	5	60.5
2361.857	3.16	4.83	15.28	2.67	3.11	8.31	54.4	5	60.5
2361.917	3.09	4.83	14.92	2.66	3.11	8.27	55.5	5	60.5
2362.020	3.04	4.83	14.68	2.65	3.10	8.20	55.8	5	61.0
2362.164	3.15	4.84	15.24	2.65	3.04	8.07	53.0	5	61.0
2362.224	3.17	4.84	15.35	2.65	3.03	8.03	52.3	5	61.0
2362.327	3.15	4.83	15.21	2.61	3.00	7.83	51.5	5	61.5
2362.471	2.90	4.83	14.01	2.57	2.98	7.66	54.7	5	61.5
2362.531	2.91	4.83	14.07	2.58	2.99	7.71	54.8	5	61.5
2362.634	2.96	4.84	14.32	2.57	2.98	7.66	53.5	5	62.0
2362.778	3.00	4.84	14.53	2.54	2.94	7.45	51.3	5	62.0
2362.838	2.97	4.84	14.38	2.51	2.96	7.43	51.7	5	62.0
2362.941	3.01	4.84	14.59	2.47	2.92	7.23	49.5	5	62.5
2363.085	2.88	4.86	14.00	2.46	2.89	7.12	50.9	5	62.5
2363.145	2.83	4.85	13.72	2.47	2.87	7.08	51.6	5	62.5
2363.248	2.83	4.83	13.68	2.45	2.86	7.01	51.2	5	63.0
2363.392	2.81	4.84	13.60	2.41	2.85	6.87	50.5	5	63.0
2363.452	2.76	4.83	13.33	2.42	2.84	6.88	51.6	5	63.0
2363.555	2.82	4.84	13.66	2.42	2.83	6.84	50.1	5	63.5
2363.699	2.64	4.85	12.80	2.38	2.75	6.53	51.0	5	63.5
2363.759	2.59	4.84	12.52	2.37	2.77	6.58	52.5	5	63.5
2363.862	2.65	4.84	12.82	2.40	2.77	6.66	52.0	5	64.0
2364.006	2.66	4.84	12.87	2.40	2.73	6.56	51.0	5	64.0
2364.066	2.62	4.84	12.67	2.41	2.71	6.54	51.6	5	64.0
2364.169	2.66	4.84	12.89	2.42	2.71	6.58	51.0	5	64.5
2364.313	2.57	4.85	12.47	2.37	2.66	6.31	50.6	5	64.5
2364.373	2.57	4.84	12.44	2.39	2.64	6.30	50.6	5	64.5
2364.476	2.52	4.85	12.24	2.37	2.64	6.27	51.2	5	64.5
2364.620	2.49	4.83	12.01	2.35	2.58	6.08	50.6	5	65.0
2364.680	2.47	4.84	11.96	2.35	2.59	6.07	50.7	5	65.0
2364.783	2.36	4.85	11.45	2.34	2.61	6.09	53.2	5	65.0
2364.927	2.35	4.84	11.36	2.32	2.56	5.94	52.3	5	65.5
2364.987	2.32	4.85	11.24	2.31	2.54	5.87	52.2	5	65.5
2365.090	2.39	4.85	11.59	2.28	2.54	5.78	49.9	5	65.5
2365.234	2.31	4.84	11.17	2.28	2.50	5.70	51.1	5	66.0
2365.294	2.27	4.84	10.97	2.29	2.50	5.71	52.0	5	66.0
2365.397	2.37	4.84	11.47	2.31	2.48	5.71	49.8	5	66.0
2365.541	2.32	4.85	11.25	2.26	2.45	5.55	49.3	5	66.5
2365.601	2.27	4.85	11.01	2.25	2.44	5.47	49.7	5	66.5
2365.704	2.28	4.83	11.00	2.24	2.44	5.47	49.7	5	66.5
2365.848	2.29	4.84	11.08	2.21	2.40	5.30	47.8	5	67.0
2365.908	2.27	4.84	10.96	2.21	2.36	5.22	47.6	5	67.0
2366.011	2.23	4.84	10.78	2.19	2.37	5.20	48.2	5	67.0
2366.155	2.24	4.84	10.83	2.16	2.33	5.03	46.4	5	67.5
2366.215	2.18	4.84	10.54	2.16	2.37	5.14	48.8	5	67.5
2366.318	2.17	4.84	10.49	2.13	2.32	4.95	47.2	5	67.5
2366.462	2.20	4.83	10.65	2.10	2.33	4.89	45.9	5	68.0
2366.522	2.22	4.83	10.70	2.12	2.30	4.88	45.6	5	68.0
2366.625	2.16	4.83	10.42	2.11	2.29	4.83	46.4	5	68.0
2366.769	2.14	4.84	10.35	2.08	2.25	4.69	45.3	5	68.5
2366.829	2.07	4.82	9.99	2.07	2.24	4.65	46.6	5	68.5
2366.932	2.05	4.83	9.91	2.07	2.23	4.61	46.5	5	68.5
2367.076	2.18	4.83	10.54	2.11	2.22	4.70	44.6	5	69.0
2367.136	2.16	4.83	10.43	2.10	2.20	4.61	44.2	5	69.0
2367.239	2.06	4.83	9.93	2.10	2.19	4.60	46.3	5	69.0
2367.383	2.07	4.84	10.02	2.09	2.19	4.57	45.6	5	69.5
2367.443	2.06	4.84	9.98	2.06	2.17	4.48	44.9	5	69.5
2367.546	2.00	4.83	9.66	2.03	2.13	4.33	44.8	5	69.5
2367.690	1.90	4.85	9.23	2.00	2.12	4.25	46.0	5	70.0
2367.750	1.89	4.84	9.16	2.00	2.10	4.19	45.7	5	70.0
2367.853	1.96	4.83	9.49	1.99	2.08	4.13	43.6	5	70.0
2367.997	1.97	4.83	9.53	1.98	2.11	4.17	43.8	5	70.5
2368.057	1.98	4.84	9.57	1.97	2.07	4.09	42.7	5	70.5
2368.160	1.98	4.84	9.57	1.95	2.06	4.02	42.0	5	70.5
2368.304	1.99	4.84	9.63	1.93	2.04	3.95	41.1	5	71.0
2368.364	1.95	4.85	9.45	1.92	2.00	3.84	40.7	5	71.0
2368.467	1.77	4.85	8.59	1.92	1.99	3.81	44.3	5	71.0
2368.611	1.87	4.84	9.03	1.90	2.04	3.87	42.8	5	71.5
2368.671	1.85	4.84	8.96	1.88	1.99	3.74	41.8	5	71.5
2368.774	1.71	4.84	8.28	1.89	1.96	3.70	44.7	5	71.5
2368.918	1.75	4.84	8.44	1.85	1.94	3.59	42.5	5	72.0
2368.978	1.77	4.83	8.55	1.84	1.94	3.57	41.8	5	72.0
2369.081	1.71	4.83	8.25	1.85	1.92	3.55	43.0	5	72.0
2369.225	1.71	4.83	8.26	1.84	1.90	3.49	42.2	5	72.5
2369.285	1.73	4.83	8.37	1.81	1.88	3.39	40.5	5	72.5
2369.388	1.77	4.83	8.57	1.79	1.87	3.36	39.2	5	72.5
2369.532	1.64	4.83	7.94	1.77	1.89	3.35	42.2	5	73.0
2369.592	1.61	4.83	7.76	1.74	1.87	3.26	42.1	5	73.0
2369.695	1.56	4.84	7.53	1.75	1.85	3.25	43.1	5	73.0
2369.839	1.70	4.84	8.26	1.77	1.81	3.19	38.6	5	73.5
2369.899	1.56	4.84	7.55	1.75	1.80	3.15	41.8	5	73.5
2370.002	1.58	4.84	7.63	1.75	1.79	3.13	41.0	5	73.5
2370.146	1.63	4.84	7.90	1.75	1.84	3.20	40.6	5	73.5
2370.206	1.65	4.84	7.99	1.74	1.81	3.14	39.3	5	74.0
2370.309	1.57	4.84	7.59	1.71	1.75	2.99	39.4	5	74.0
2370.453	1.55	4.84	7.49	1.73	1.78	3.08	41.1	5	74.0
2370.513	1.58	4.83	7.65	1.69	1.77	2.99	39.1	5	74.5
2370.616	1.59	4.84	7.70	1.66	1.70	2.81	36.5	5	74.5
2370.760	1.55	4.85	7.51	1.66	1.70	2.82	37.5	5	74.5
2370.820	1.54	4.85	7.49	1.64	1.69	2.77	37.0	5	75.0
2370.923	1.48	4.85	7.19	1.63	1.63	2.66	37.0	5	75.0
2371.067	1.64	4.86	7.96	1.61	1.68	2.71	34.0	5	75.0
2371.127	1.59	4.85	7.71	1.62	1.67	2.69	34.9	5	75.5
2371.230	1.47	4.85	7.14	1.58	1.64	2.59	36.3	5	75.5
2371.374	1.56	4.85	7.55	1.58	1.65	2.61	34.6	5	75.5
2371.434	1.45	4.84	7.02	1.55	1.60	2.49	35.5	5	76.0
2371.537	1.35	4.84	6.55	1.53	1.60	2.45	37.3	5	76.0
2371.681	1.54	4.85	7.45	1.58	1.58	2.49	33.4	5	76.0
2371.741	1.50	4.85	7.26	1.56	1.58	2.47	34.1	5	76.5
2371.844	1.42	4.84	6.87	1.57	1.56	2.45	35.7	5	76.5
2371.988	1.29	4.85	6.24	1.56	1.57	2.46	39.4	5	76.5
2372.048	1.31	4.85	6.36	1.57	1.56	2.46	38.6	5	77.0
2372.151	1.37	4.84	6.61	1.52	1.50	2.27	34.4	5	77.0
2372.295	1.47	4.84	7.13	1.51	1.50	2.26	31.7	5	77.0
2372.355	1.38	4.84	6.70	1.52	1.53	2.32	34.7	5	77.0
2372.458	1.33	4.83	6.41	1.49	1.50	2.23	34.8	5	77.5
2372.602	1.47	4.85	7.14	1.48	1.47	2.17	30.4	5	77.5
2372.662	1.40	4.84	6.78	1.47	1.46	2.15	31.7	5	77.5
2372.765	1.38	4.85	6.68	1.45	1.44	2.08	31.2	5	78.0
2372.909	1.37	4.84	6.64	1.42	1.44	2.05	30.8	5	78.0
2372.969	1.30	4.85	6.29	1.42	1.44	2.05	32.5	5	78.0
2373.072	1.23	4.84	5.95	1.42	1.41	2.00	33.6	5	78.5
2373.216	1.29	4.84	6.23	1.42	1.43	2.03	32.5	5	78.5
2373.276	1.30	4.85	6.28	1.39	1.39	1.93	30.8	5	78.5
2373.379	1.31	4.84	6.35	1.38	1.38	1.91	30.0	5	79.0
2373.523	1.33	4.83	6.41	1.39	1.39	1.93	30.2	5	79.0
2373.583	1.30	4.84	6.27	1.40	1.35	1.89	30.2	5	79.0
2373.686	1.25	4.84	6.07	1.34	1.37	1.83	30.2	5	79.5
2373.830	1.19	4.85	5.79	1.34	1.37	1.83	31.6	5	79.5
2373.890	1.16	4.84	5.63	1.33	1.34	1.79	31.8	5	79.5
2373.993	1.19	4.85	5.77	1.32	1.30	1.71	29.7	5	80.0
2374.137	1.18	4.85	5.70	1.30	1.29	1.68	29.5	5	80.0
2374.197	1.13	4.85	5.48	1.32	1.28	1.68	30.7	5	80.0
2374.300	1.05	4.84	5.07	1.32	1.25	1.64	32.4	5	80.5
2374.444	1.13	4.86	5.48	1.30	1.22	1.60	29.1	5	80.5
2374.504	1.04	4.86	5.06	1.28	1.22	1.56	30.8	5	80.5
2374.607	1.13	4.84	5.47	1.28	1.24	1.58	28.9	5	81.0
2374.751	1.11	4.86	5.40	1.27	1.22	1.54	28.5	5	81.0
2374.811	1.17	4.86	5.69	1.28	1.18	1.51	26.6	5	81.0
2374.914	1.24	4.85	6.02	1.27	1.17	1.49	24.7	5	81.5
2375.058	1.23	4.84	5.96	1.24	1.17	1.45	24.3	5	81.5
2375.118	1.18	4.84	5.70	1.22	1.17	1.43	25.1	5	81.5
2375.221	1.12	4.84	5.42	1.22	1.15	1.40	25.9	5	82.0
2375.365	1.10	4.84	5.33	1.23	1.13	1.40	26.2	5	82.0
2375.425	1.17	4.85	5.65	1.23	1.15	1.41	25.0	5	82.0
2375.528	1.06	4.84	5.12	1.21	1.15	1.39	27.1	5	82.5
2375.672	1.10	4.85	5.33	1.20	1.11	1.33	25.0	5	82.5
2375.732	1.13	4.85	5.45	1.19	1.10	1.31	24.0	5	82.5
2375.835	1.16	4.85	5.65	1.19	1.09	1.30	23.1	5	83.0
2375.979	1.00	4.84	4.84	1.18	1.06	1.26	26.0	5	83.0
2376.039	1.08	4.83	5.20	1.18	1.06	1.25	24.0	5	83.0
2376.142	1.16	4.85	5.62	1.17	1.05	1.23	22.0	5	83.5
2376.286	1.02	4.84	4.93	1.12	1.04	1.16	23.6	5	83.5
2376.346	0.96	4.84	4.63	1.13	1.04	1.17	25.3	5	83.5
2376.449	1.09	4.84	5.28	1.14	1.04	1.18	22.3	5	83.5
2376.593	1.21	4.84	5.85	1.13	1.02	1.15	19.6	5	84.0
2376.653	1.16	4.85	5.63	1.11	1.03	1.13	20.2	5	84.0
2376.756	1.11	4.85	5.37	1.09	0.99	1.07	20.0	5	84.0
2376.900	1.07	4.85	5.17	1.02	0.97	0.99	19.1	5	84.5
2376.960	0.78	4.84	3.79	1.03	1.00	1.03	27.0	5	84.5
2377.063	0.76	4.85	3.67	1.03	0.99	1.02	27.9	5	84.5
2377.207	1.08	4.84	5.25	1.02	0.96	0.98	18.7	5	85.0
2377.267	0.93	4.84	4.50	1.02	0.95	0.97	21.6	5	85.0
2377.370	0.96	4.86	4.65	1.03	0.95	0.98	21.0	5	85.0
2377.514	0.97	4.85	4.68	1.00	0.93	0.93	19.9	5	85.5
2377.574	0.94	4.86	4.55	0.98	0.90	0.89	19.5	5	85.5
2377.677	0.89	4.85	4.30	0.99	0.92	0.91	21.2	5	85.5
2377.821	0.98	4.85	4.74	0.96	0.91	0.87	18.4	5	86.0
2377.881	0.90	4.85	4.36	0.97	0.91	0.89	20.4	5	86.0
2377.984	0.86	4.85	4.18	0.96	0.91	0.88	20.9	5	86.0
2378.128	0.87	4.86	4.25	0.93	0.90	0.84	19.7	5	86.5
2378.188	0.81	4.86	3.95	0.93	0.86	0.80	20.3	5	86.5
2378.291	0.91	4.84	4.40	0.94	0.82	0.77	17.4	5	86.5
2378.435	0.91	4.84	4.38	0.93	0.82	0.76	17.3	5	87.0
2378.495	0.76	4.84	3.68	0.91	0.85	0.77	20.9	5	87.0
2378.598	0.82	4.84	3.99	0.91	0.85	0.78	19.5	5	87.0
2378.742	0.82	4.84	3.95	0.94	0.83	0.78	19.7	5	87.5
2378.802	0.81	4.85	3.94	0.90	0.81	0.73	18.4	5	87.5
2378.905	0.91	4.86	4.43	0.92	0.80	0.74	16.6	5	87.5
2379.049	0.88	4.86	4.28	0.88	0.78	0.68	16.0	5	88.0
2379.109	0.90	4.85	4.39	0.85	0.77	0.65	14.8	5	88.0
2379.212	0.85	4.86	4.12	0.83	0.75	0.63	15.2	5	88.0
2379.356	0.93	4.85	4.52	0.83	0.76	0.63	14.0	5	88.5
2379.416	0.97	4.85	4.71	0.81	0.74	0.60	12.8	5	88.5
2379.519	0.93	4.84	4.51	0.84	0.73	0.62	13.7	5	88.5
2379.663	0.91	4.84	4.42	0.84	0.77	0.65	14.6	5	89.0
2379.723	0.88	4.85	4.24	0.81	0.70	0.57	13.4	5	89.0
2379.826	0.87	4.85	4.21	0.80	0.69	0.55	13.0	5	89.0
2379.970	0.73	4.85	3.55	0.78	0.70	0.54	15.4	5	89.5
2380.030	0.77	4.85	3.75	0.76	0.69	0.52	14.0	5	89.5
2380.133	0.85	4.84	4.11	0.76	0.67	0.51	12.4	5	89.5
2380.277	0.71	4.84	3.45	0.77	0.67	0.52	15.1	5	90.0
2380.337	0.71	4.84	3.43	0.75	0.66	0.50	14.5	5	90.0
2380.440	0.70	4.85	3.39	0.74	0.65	0.48	14.3	5	90.0
2380.584	0.74	4.85	3.56	0.73	0.68	0.49	13.9	5	90.5
2380.644	0.73	4.84	3.54	0.72	0.65	0.46	13.1	5	90.5
2380.747	0.76	4.85	3.68	0.70	0.63	0.45	12.1	5	90.5
2380.891	0.87	4.84	4.22	0.70	0.65	0.45	10.8	5	91.0
2380.951	0.79	4.84	3.83	0.67	0.63	0.42	11.0	5	91.0
2381.054	0.70	4.85	3.41	0.67	0.60	0.40	11.8	5	91.0
2381.198	0.66	4.85	3.21	0.66	0.59	0.39	12.1	5	91.5
2381.258	0.67	4.85	3.23	0.62	0.61	0.38	11.7	5	91.5
2381.361	0.66	4.86	3.20	0.64	0.60	0.39	12.1	5	91.5
2381.505	0.81	4.85	3.92	0.64	0.55	0.35	9.0	5	92.0
2381.565	0.74	4.86	3.59	0.61	0.54	0.33	9.2	5	92.0
2381.668	0.76	4.85	3.70	0.62	0.53	0.33	8.8	5	92.0
2381.812	0.95	4.85	4.60	0.63	0.56	0.35	7.7	5	92.5
2381.872	0.83	4.86	4.01	0.59	0.56	0.33	8.2	5	92.5
2381.975	0.76	4.85	3.68	0.57	0.53	0.30	8.2	5	92.5
2382.119	0.80	4.85	3.88	0.55	0.52	0.29	7.4	5	92.5
2382.179	0.73	4.85	3.52	0.53	0.51	0.27	7.6	5	93.0
2382.282	0.73	4.85	3.55	0.56	0.51	0.29	8.1	5	93.0
2382.426	0.69	4.86	3.33	0.54	0.51	0.28	8.3	5	93.0
2382.486	0.67	4.86	3.27	0.53	0.49	0.26	8.0	5	93.5
2382.589	0.59	4.86	2.87	0.50	0.46	0.23	8.0	5	93.5
2382.733	0.57	4.86	2.77	0.51	0.49	0.25	9.0	5	93.5
2382.793	0.61	4.86	2.98	0.49	0.47	0.23	7.7	5	94.0
2382.896	0.65	4.85	3.14	0.46	0.46	0.21	6.8	5	94.0
2383.040	0.61	4.86	2.99	0.46	0.46	0.21	7.0	5	94.0
2383.100	0.64	4.86	3.11	0.46	0.44	0.20	6.5	5	94.5
2383.203	0.66	4.85	3.21	0.43	0.39	0.17	5.3	5	94.5
2383.347	0.76	4.86	3.69	0.43	0.41	0.17	4.7	5	94.5
2383.407	0.86	4.86	4.19	0.43	0.39	0.17	4.0	5	95.0
2383.510	0.45	4.86	2.20	0.39	0.40	0.16	7.1	5	95.0
2383.654	27.15	1.59	43.06	0.14	0.25	0.04	0.1	5	0.0
2383.714	32.83	0.88	28.94	0.09	0.24	0.02	0.1	5	0.0
2383.817	37.09	0.36	13.50	0.05	0.20	0.01	0.1	5	0.0
2383.961	38.85	0.14	5.51	0.05	0.17	0.01	0.2	5	0.5
2384.021	39.13	0.11	4.47	0.06	0.17	0.01	0.3	5	0.5
2384.124	39.17	0.09	3.35	0.06	0.18	0.01	0.3	5	0.5
2384.268	39.28	0.09	3.60	0.42	0.45	0.19	5.3	5	1.0
2384.328	39.23	0.10	3.75	0.54	0.54	0.29	7.8	5	1.0
2384.431	39.32	0.09	3.72	0.61	0.59	0.36	9.6	5	1.0
2384.575	39.28	0.11	4.33	0.77	0.68	0.53	12.1	5	1.5
2384.635	39.19	0.11	4.37	0.80	0.71	0.57	13.1	5	1.5
2384.738	39.29	0.11	4.33	0.83	0.73	0.60	14.0	5	1.5
2384.882	39.36	0.12	4.54	0.93	0.81	0.75	16.6	5	2.0
2384.942	39.19	0.11	4.47	1.01	0.83	0.84	18.7	5	2.0
2385.045	39.27	0.11	4.43	1.03	0.86	0.89	20.0	5	2.0
2385.189	39.24	0.13	5.18	1.18	0.96	1.13	21.8	5	2.5
2385.249	39.20	0.13	5.17	1.24	0.98	1.22	23.6	5	2.5
2385.352	39.32	0.13	5.17	1.28	1.02	1.30	25.2	5	2.5
2385.496	39.24	0.13	5.19	1.40	1.08	1.51	29.1	5	3.0
2385.556	39.24	0.14	5.31	1.44	1.11	1.60	30.2	5	3.0
2385.659	39.28	0.14	5.38	1.48	1.16	1.72	31.9	5	3.0
