486.211	39.63	0.13	5.29	0.02	0.25	0.01	0.1	4	0.0
486.271	39.01	0.59	22.91	1.52	3.26	4.96	21.7	4	12.5
486.374	36.99	1.82	67.32	3.56	8.62	30.66	45.5	4	17.5
486.519	32.70	3.59	117.36	6.02	11.80	71.08	60.6	4	25.0
486.580	29.92	4.13	123.51	6.62	11.84	78.37	63.5	4	28.0
486.684	27.01	4.54	122.76	7.39	11.46	84.70	69.0	4	28.0
486.829	30.79	4.12	126.79	8.55	10.74	91.81	72.4	4	25.5
486.890	31.48	4.00	125.82	8.72	10.58	92.22	73.3	4	25.0
486.994	32.66	3.77	123.22	9.23	9.70	89.58	72.7	4	25.5
487.139	30.29	4.27	129.39	9.77	9.62	93.97	72.6	4	32.0
487.199	28.36	4.49	127.37	9.87	9.53	94.09	73.9	4	32.0
487.303	27.52	4.64	127.82	10.12	9.37	94.76	74.1	4	30.5
487.448	30.90	4.19	129.49	10.50	9.07	95.25	73.6	4	28.5
487.509	30.92	4.20	129.87	10.52	9.36	98.55	75.9	4	30.5
487.613	29.04	4.49	130.30	10.69	8.89	95.07	73.0	4	31.0
487.758	30.66	4.25	130.41	10.93	8.92	97.51	74.8	4	29.0
487.819	30.33	4.31	130.71	10.94	9.13	99.85	76.4	4	31.0
487.923	29.35	4.48	131.61	11.01	9.09	100.10	76.1	4	31.5
488.068	30.32	4.33	131.25	11.04	9.12	100.71	76.7	4	29.5
488.129	30.65	4.27	131.00	11.10	8.94	99.24	75.8	4	30.0
488.233	29.39	4.44	130.52	11.11	9.07	100.70	77.2	4	32.0
488.378	29.61	4.44	131.62	11.17	9.01	100.67	76.5	4	29.5
488.439	29.58	4.43	131.14	11.15	9.08	101.20	77.2	4	31.0
488.543	30.06	4.36	131.20	11.19	9.01	100.81	76.8	4	30.5
488.688	30.62	4.30	131.60	11.21	8.87	99.39	75.5	4	30.5
488.749	30.16	4.38	132.08	11.19	9.02	100.85	76.4	4	31.5
488.853	29.15	4.52	131.80	11.23	8.87	99.67	75.6	4	31.0
488.998	30.57	4.29	131.19	11.13	9.12	101.56	77.4	4	30.5
489.059	30.37	4.37	132.66	11.14	9.01	100.34	75.6	4	29.5
489.163	30.35	4.36	132.47	11.17	9.02	100.76	76.1	4	30.5
489.308	30.14	4.38	132.09	11.15	9.14	101.87	77.1	4	31.5
489.369	29.54	4.47	131.99	11.09	9.07	100.59	76.2	4	31.5
489.473	29.77	4.42	131.46	11.15	9.08	101.18	77.0	4	31.5
489.618	30.44	4.28	130.25	11.16	8.97	100.11	76.9	4	30.0
489.679	29.63	4.40	130.26	11.08	9.20	101.98	78.3	4	32.0
489.783	28.83	4.53	130.61	11.04	9.18	101.37	77.6	4	31.5
489.928	29.64	4.43	131.45	11.08	9.15	101.42	77.2	4	30.0
489.989	30.19	4.35	131.33	11.05	9.24	102.12	77.8	4	29.5
490.093	29.80	4.40	130.99	11.06	9.30	102.83	78.5	4	31.5
490.238	30.27	4.34	131.25	11.12	9.09	101.04	77.0	4	30.0
490.299	30.35	4.34	131.74	11.07	9.28	102.74	78.0	4	31.5
490.403	29.22	4.51	131.81	11.12	9.11	101.39	76.9	4	32.5
490.548	29.67	4.44	131.85	11.09	9.25	102.60	77.8	4	30.0
490.609	29.89	4.41	131.91	11.09	9.12	101.11	76.6	4	29.5
490.713	29.13	4.50	131.21	11.03	9.09	100.19	76.4	4	31.5
490.858	30.05	4.37	131.22	11.14	9.11	101.48	77.3	4	30.0
490.919	30.06	4.36	131.13	11.08	9.05	100.36	76.5	4	30.0
491.023	30.10	4.36	131.30	11.08	9.10	100.80	76.8	4	31.0
491.168	29.45	4.47	131.78	11.04	9.12	100.76	76.5	4	31.0
491.229	30.18	4.38	132.06	11.09	9.17	101.76	77.1	4	30.0
491.333	29.53	4.47	131.86	11.05	9.26	102.35	77.6	4	32.0
491.478	29.57	4.46	131.76	11.09	9.06	100.42	76.2	4	28.5
491.539	30.54	4.27	130.32	11.00	9.18	101.00	77.5	4	30.5
491.643	29.05	4.51	130.87	11.01	8.94	98.38	75.2	4	31.5
491.788	29.92	4.40	131.62	11.03	8.91	98.36	74.7	4	29.0
491.849	29.93	4.39	131.33	11.05	9.05	100.00	76.1	4	32.0
491.953	28.80	4.54	130.76	10.95	9.03	98.95	75.7	4	30.0
492.098	30.48	4.30	131.09	11.06	9.04	99.97	76.3	4	30.5
492.159	29.63	4.44	131.64	10.99	9.21	101.14	76.8	4	32.0
492.263	29.48	4.48	132.00	10.98	9.24	101.44	76.8	4	29.5
492.408	30.38	4.34	131.75	11.00	9.18	100.90	76.6	4	30.5
492.469	30.00	4.42	132.64	10.98	9.17	100.68	75.9	4	29.5
492.573	30.33	4.34	131.60	10.96	9.30	101.92	77.4	4	30.5
492.718	30.20	4.36	131.71	11.10	9.02	100.13	76.0	4	30.0
492.779	30.59	4.30	131.63	11.03	9.13	100.72	76.5	4	29.5
492.883	29.43	4.47	131.59	11.04	9.24	101.96	77.5	4	32.0
493.028	29.74	4.42	131.50	11.03	9.15	100.94	76.8	4	29.5
493.089	30.05	4.37	131.30	11.01	9.05	99.67	75.9	4	30.5
493.193	29.30	4.50	131.82	10.90	9.39	102.43	77.7	4	31.0
493.338	30.09	4.40	132.44	11.08	9.03	100.04	75.5	4	30.0
493.399	30.14	4.38	131.97	11.06	9.24	102.19	77.4	4	30.0
493.503	30.63	4.33	132.54	11.04	9.25	102.13	77.1	4	29.5
493.648	29.28	4.50	131.84	11.04	9.09	100.37	76.1	4	32.5
493.709	28.47	4.61	131.09	10.97	8.95	98.14	74.9	4	31.0
493.813	30.08	4.39	132.03	10.96	9.26	101.51	76.9	4	30.5
493.958	29.96	4.41	132.15	11.08	9.31	103.16	78.1	4	29.5
494.019	30.03	4.41	132.34	11.15	9.22	102.80	77.7	4	32.0
494.123	30.04	4.37	131.32	11.17	8.92	99.59	75.8	4	30.5
494.268	29.56	4.48	132.56	11.09	9.17	101.70	76.7	4	31.5
494.329	28.99	4.56	132.15	11.02	9.26	102.08	77.2	4	30.5
494.433	28.92	4.56	131.90	11.07	9.27	102.66	77.8	4	31.5
494.578	29.97	4.42	132.49	11.18	8.94	99.90	75.4	4	30.5
494.639	29.95	4.42	132.47	11.11	9.14	101.59	76.7	4	29.5
494.743	30.38	4.35	132.11	11.11	9.06	100.66	76.2	4	29.5
494.888	29.62	4.47	132.45	11.12	9.03	100.41	75.8	4	31.0
494.949	30.44	4.35	132.38	11.14	9.15	101.89	77.0	4	30.0
495.053	30.33	4.35	131.78	11.12	9.23	102.62	77.9	4	32.0
495.198	30.22	4.37	132.07	11.12	9.07	100.89	76.4	4	32.0
495.259	29.02	4.52	131.09	11.00	9.28	102.08	77.9	4	31.5
495.363	30.08	4.37	131.32	11.03	9.20	101.55	77.3	4	30.5
495.508	29.28	4.52	132.34	11.08	9.13	101.11	76.4	4	31.5
495.569	28.96	4.57	132.28	11.01	9.24	101.69	76.9	4	31.0
495.673	29.65	4.47	132.57	11.01	9.25	101.91	76.9	4	29.5
495.818	30.00	4.41	132.34	11.15	9.13	101.80	76.9	4	29.0
495.879	30.43	4.34	132.10	11.13	9.06	100.88	76.4	4	30.5
495.983	29.58	4.48	132.56	11.15	9.11	101.55	76.6	4	30.5
496.128	30.33	4.36	132.26	11.02	9.19	101.28	76.6	4	30.5
496.189	29.81	4.45	132.54	11.12	9.06	100.77	76.0	4	32.0
496.293	29.86	4.42	132.07	11.12	9.12	101.45	76.8	4	30.5
496.438	29.71	4.44	131.80	11.14	9.08	101.10	76.7	4	29.0
496.499	30.14	4.36	131.48	11.11	9.09	100.94	76.8	4	31.0
496.603	29.02	4.54	131.87	11.16	8.98	100.31	76.1	4	31.0
496.748	30.22	4.38	132.48	11.09	9.17	101.64	76.7	4	30.5
496.809	29.94	4.43	132.56	11.14	9.06	100.87	76.1	4	31.0
496.913	29.97	4.42	132.55	11.16	8.99	100.37	75.7	4	31.5
497.058	30.11	4.40	132.55	11.11	9.19	102.16	77.1	4	30.0
497.119	30.45	4.36	132.86	11.16	9.03	100.76	75.8	4	29.5
497.223	30.81	4.25	130.81	11.15	8.93	99.60	76.1	4	29.5
497.368	29.23	4.47	130.78	11.11	9.11	101.21	77.4	4	32.5
497.429	28.94	4.54	131.33	11.11	8.94	99.38	75.7	4	31.5
497.533	28.61	4.60	131.52	11.12	8.94	99.40	75.6	4	30.5
497.678	30.56	4.33	132.28	11.13	9.08	101.09	76.4	4	30.0
497.739	30.80	4.28	131.96	11.12	8.98	99.84	75.7	4	30.0
497.843	29.49	4.47	131.81	11.06	9.01	99.75	75.7	4	31.5
497.988	29.36	4.50	132.06	11.10	9.00	99.99	75.7	4	30.5
498.049	29.88	4.43	132.21	11.04	9.29	102.65	77.6	4	31.0
498.153	29.32	4.53	132.71	11.11	9.06	100.64	75.8	4	30.0
498.298	29.49	4.47	131.88	11.11	8.93	99.27	75.3	4	32.5
498.359	29.12	4.53	131.91	11.03	9.28	102.40	77.6	4	30.0
498.463	29.82	4.45	132.63	11.11	9.10	101.06	76.2	4	29.5
498.608	29.63	4.44	131.66	11.07	9.10	100.75	76.5	4	31.5
498.669	29.32	4.51	132.12	11.07	9.21	101.91	77.1	4	30.5
498.773	30.57	4.31	131.76	11.03	9.09	100.28	76.1	4	30.0
498.918	30.58	4.32	132.08	11.05	9.23	101.99	77.2	4	29.5
498.979	30.56	4.34	132.65	11.07	9.18	101.57	76.6	4	31.0
499.083	29.31	4.52	132.34	11.06	9.06	100.22	75.7	4	31.5
499.228	29.90	4.45	133.20	11.15	9.00	100.38	75.4	4	30.0
499.289	30.37	4.37	132.81	11.14	9.03	100.63	75.8	4	29.5
499.393	30.72	4.33	132.90	11.19	9.05	101.26	76.2	4	31.0
499.538	28.58	4.56	130.41	11.12	9.07	100.91	77.4	4	32.0
499.599	29.07	4.53	131.75	11.20	9.08	101.69	77.2	4	30.0
499.703	30.40	4.34	131.78	11.24	8.97	100.82	76.5	4	30.0
499.848	29.45	4.52	133.11	11.15	9.16	102.14	76.7	4	31.0
499.909	29.43	4.51	132.83	11.21	9.05	101.52	76.4	4	31.0
500.013	30.26	4.36	131.89	11.22	9.10	102.06	77.4	4	30.0
500.158	28.80	4.57	131.73	11.21	8.95	100.36	76.2	4	31.0
500.219	29.81	4.43	132.09	11.15	9.15	101.99	77.2	4	30.0
500.323	30.67	4.30	131.96	11.17	9.05	101.04	76.6	4	30.5
500.468	29.39	4.47	131.39	11.21	8.96	100.47	76.5	4	29.5
500.529	30.38	4.32	131.23	11.18	9.10	101.67	77.5	4	30.5
500.633	29.70	4.47	132.64	11.17	9.18	102.52	77.3	4	31.0
500.778	29.93	4.44	133.02	11.26	8.96	100.96	75.9	4	31.0
500.839	29.27	4.53	132.54	11.24	8.85	99.51	75.1	4	32.5
500.943	29.57	4.47	132.28	11.18	9.10	101.78	76.9	4	29.5
501.088	30.96	4.22	130.52	11.10	9.13	101.37	77.7	4	30.5
501.149	29.75	4.42	131.37	11.08	9.15	101.43	77.2	4	32.5
501.253	28.45	4.60	130.88	11.11	9.01	100.03	76.4	4	31.0
501.398	30.77	4.29	131.84	11.17	8.88	99.21	75.2	4	29.5
501.459	30.39	4.33	131.55	11.11	9.25	102.69	78.1	4	31.0
501.563	29.18	4.52	131.97	11.22	8.91	99.93	75.7	4	31.5
501.708	29.54	4.48	132.40	11.24	9.10	102.32	77.3	4	31.5
501.769	29.61	4.48	132.53	11.23	9.07	101.80	76.8	4	29.5
501.873	30.36	4.36	132.38	11.24	9.17	103.03	77.8	4	30.0
502.018	29.62	4.45	131.94	11.15	9.19	102.43	77.6	4	31.5
502.079	29.35	4.51	132.29	11.26	9.16	103.16	78.0	4	32.5
502.183	30.01	4.40	132.08	11.21	9.14	102.47	77.6	4	30.0
502.328	29.70	4.47	132.74	11.23	9.03	101.46	76.4	4	31.0
502.389	29.63	4.48	132.85	11.24	9.13	102.58	77.2	4	31.5
502.493	29.72	4.48	133.28	11.24	9.07	101.97	76.5	4	30.0
502.638	30.62	4.31	131.82	11.30	8.98	101.44	77.0	4	31.5
502.699	29.36	4.49	131.69	11.16	8.98	100.23	76.1	4	32.5
502.803	28.20	4.62	130.40	11.15	9.03	100.68	77.2	4	32.5
502.948	29.77	4.39	130.80	11.16	9.08	101.28	77.4	4	30.0
503.009	30.61	4.26	130.39	11.15	8.92	99.49	76.3	4	29.0
503.113	30.45	4.31	131.24	11.15	9.12	101.73	77.5	4	31.5
503.258	29.16	4.52	131.82	11.22	9.13	102.46	77.7	4	31.0
503.319	29.15	4.53	132.13	11.22	9.00	100.97	76.4	4	30.5
503.423	29.82	4.44	132.27	11.19	9.14	102.32	77.4	4	32.0
503.568	29.95	4.41	132.18	11.19	9.16	102.43	77.5	4	30.0
503.629	30.35	4.36	132.22	11.15	9.06	100.97	76.4	4	30.5
503.733	30.62	4.31	132.12	11.15	9.04	100.83	76.3	4	31.0
503.878	29.71	4.48	133.26	11.15	9.19	102.46	76.9	4	31.5
503.939	29.61	4.49	132.95	11.18	9.09	101.68	76.5	4	30.0
504.043	29.26	4.49	131.33	11.15	8.95	99.78	76.0	4	32.0
504.188	29.89	4.43	132.34	11.21	9.08	101.72	76.9	4	30.5
504.249	29.87	4.44	132.75	11.25	8.99	101.10	76.2	4	31.5
504.353	29.31	4.51	132.30	11.29	9.00	101.61	76.8	4	31.5
504.498	29.16	4.53	131.96	11.19	9.12	102.09	77.4	4	31.5
504.559	29.17	4.53	132.28	11.24	9.16	102.87	77.8	4	30.5
504.663	30.01	4.42	132.78	11.24	9.12	102.57	77.2	4	30.0
504.808	30.26	4.38	132.51	11.23	9.17	102.98	77.7	4	29.5
504.869	30.48	4.32	131.71	11.24	9.14	102.67	78.0	4	31.5
504.973	30.57	4.30	131.43	11.20	8.96	100.33	76.3	4	29.5
505.118	28.84	4.57	131.65	11.19	9.04	101.12	76.8	4	32.5
505.179	28.29	4.62	130.70	11.15	8.97	100.06	76.6	4	31.5
505.283	29.62	4.45	131.67	11.14	9.04	100.77	76.5	4	29.0
505.428	30.74	4.25	130.51	11.13	9.13	101.60	77.8	4	30.5
505.489	30.51	4.32	131.74	11.16	9.17	102.32	77.7	4	31.0
505.593	29.88	4.42	131.96	11.11	9.27	102.98	78.0	4	31.0
505.738	29.08	4.54	132.01	11.21	9.08	101.85	77.2	4	30.5
505.799	28.88	4.56	131.66	11.11	9.17	101.91	77.4	4	31.5
505.903	29.55	4.49	132.63	11.26	8.93	100.50	75.8	4	31.5
506.048	29.24	4.49	131.44	11.12	9.16	101.84	77.5	4	32.0
506.109	29.66	4.47	132.48	11.18	9.16	102.37	77.3	4	30.5
506.213	29.34	4.54	133.22	11.20	9.06	101.50	76.2	4	31.5
506.358	29.57	4.49	132.81	11.26	9.08	102.20	77.0	4	31.0
506.419	29.68	4.49	133.27	11.20	9.13	102.31	76.8	4	30.5
506.523	29.90	4.43	132.45	11.21	9.04	101.30	76.5	4	30.5
506.668	30.17	4.38	132.02	11.22	9.04	101.51	76.9	4	30.0
506.729	29.87	4.43	132.45	11.21	9.13	102.31	77.2	4	31.0
506.833	29.83	4.44	132.49	11.28	9.01	101.68	76.7	4	31.0
506.978	29.91	4.44	132.84	11.24	8.93	100.42	75.6	4	29.5
507.039	30.71	4.29	131.73	11.25	8.87	99.77	75.7	4	29.5
507.143	30.15	4.38	132.14	11.21	9.12	102.17	77.3	4	32.5
507.288	29.02	4.52	131.24	11.14	9.18	102.27	77.9	4	29.0
507.349	30.16	4.34	130.76	11.15	9.09	101.27	77.5	4	30.0
507.453	29.65	4.44	131.56	11.18	9.03	101.04	76.8	4	31.5
507.598	29.94	4.44	132.80	11.20	9.17	102.74	77.4	4	30.0
507.659	30.33	4.37	132.39	11.20	9.12	102.14	77.2	4	30.5
507.763	29.59	4.49	132.71	11.32	8.87	100.36	75.6	4	32.0
507.908	29.80	4.46	132.85	11.33	9.01	102.04	76.8	4	31.5
507.969	29.87	4.46	133.19	11.34	9.14	103.61	77.8	4	31.0
508.073	29.69	4.47	132.73	11.37	9.05	102.84	77.5	4	30.5
508.218	29.99	4.45	133.54	11.32	9.08	102.87	77.0	4	31.5
508.279	29.68	4.49	133.40	11.39	9.00	102.52	76.9	4	31.0
508.383	30.35	4.36	132.47	11.30	9.09	102.73	77.6	4	30.0
508.528	29.20	4.54	132.62	11.34	9.07	102.88	77.6	4	32.0
508.589	29.26	4.53	132.39	11.32	9.04	102.33	77.3	4	30.5
508.693	29.90	4.44	132.72	11.38	8.92	101.56	76.5	4	30.5
508.838	29.70	4.46	132.54	11.36	8.92	101.37	76.5	4	30.0
508.899	30.30	4.36	132.06	11.31	9.03	102.11	77.3	4	30.0
509.003	30.10	4.40	132.51	11.31	9.06	102.39	77.3	4	32.0
509.148	29.35	4.50	132.12	11.33	9.09	102.99	78.0	4	32.0
509.209	29.54	4.49	132.67	11.37	8.99	102.28	77.1	4	30.5
509.313	30.71	4.28	131.53	11.30	9.01	101.74	77.4	4	30.0
509.458	29.52	4.47	131.94	11.33	9.14	103.64	78.5	4	30.5
509.519	29.79	4.42	131.77	11.30	9.08	102.60	77.9	4	31.0
509.623	30.17	4.39	132.46	11.34	8.92	101.08	76.3	4	30.0
509.768	31.18	4.19	130.71	11.29	8.97	101.24	77.5	4	30.5
509.829	30.34	4.34	131.54	11.34	9.10	103.22	78.5	4	32.0
509.933	29.68	4.43	131.56	11.28	9.17	103.38	78.6	4	30.5
510.078	30.90	4.25	131.30	11.25	8.92	100.37	76.4	4	31.0
510.139	30.05	4.39	131.96	11.24	8.87	99.68	75.5	4	32.0
510.243	28.98	4.54	131.72	11.32	8.94	101.14	76.8	4	32.0
510.388	30.03	4.37	131.30	11.27	9.12	102.82	78.3	4	30.5
510.449	30.02	4.37	131.28	11.28	9.00	101.52	77.3	4	31.0
510.553	28.94	4.54	131.25	11.28	9.06	102.16	77.8	4	31.0
510.698	29.96	4.40	131.81	11.31	9.04	102.28	77.6	4	32.0
510.759	29.49	4.48	132.04	11.37	8.87	100.87	76.4	4	32.0
510.863	29.42	4.50	132.25	11.31	9.10	102.88	77.8	4	30.0
511.008	30.68	4.24	130.22	11.32	9.07	102.73	78.9	4	30.5
511.069	29.71	4.41	131.11	11.25	9.20	103.56	79.0	4	32.5
511.173	28.86	4.54	130.92	11.23	8.99	100.97	77.1	4	32.5
511.318	30.12	4.37	131.58	11.20	9.18	102.84	78.2	4	29.0
511.379	30.64	4.25	130.29	11.26	9.13	102.75	78.9	4	29.5
511.483	29.58	4.44	131.35	11.28	9.12	102.87	78.3	4	32.5
511.628	29.68	4.43	131.34	11.20	9.07	101.54	77.3	4	30.0
511.689	30.10	4.37	131.68	11.19	9.12	102.00	77.5	4	30.0
511.793	30.24	4.36	131.98	11.25	9.11	102.47	77.6	4	31.0
511.938	29.41	4.51	132.71	11.24	9.02	101.44	76.4	4	31.0
511.999	29.31	4.51	132.26	11.25	9.05	101.83	77.0	4	31.0
512.103	30.17	4.39	132.33	11.29	8.98	101.31	76.6	4	30.0
512.248	30.78	4.26	130.97	11.23	8.91	100.14	76.5	4	29.5
512.309	30.87	4.23	130.67	11.28	8.95	100.99	77.3	4	30.5
512.413	29.81	4.40	131.29	11.16	9.08	101.32	77.2	4	33.0
512.558	30.29	4.36	132.14	11.20	9.04	101.28	76.6	4	29.0
512.619	30.59	4.31	131.90	11.17	9.01	100.65	76.3	4	30.0
512.723	30.34	4.36	132.17	11.21	9.12	102.18	77.3	4	31.5
512.868	30.61	4.30	131.77	11.18	9.05	101.15	76.8	4	31.0
512.929	30.38	4.34	131.89	11.19	9.04	101.08	76.6	4	30.5
513.033	30.83	4.26	131.41	11.26	8.89	100.08	76.2	4	30.5
513.178	28.54	4.58	130.62	11.20	8.95	100.28	76.8	4	31.5
513.239	29.62	4.45	131.93	11.25	9.01	101.35	76.8	4	29.5
513.343	29.94	4.41	132.16	11.28	9.08	102.40	77.5	4	31.5
513.488	29.68	4.44	131.93	11.22	9.16	102.79	77.9	4	32.5
513.549	28.76	4.56	131.30	11.11	9.07	100.82	76.8	4	32.0
513.653	29.83	4.45	132.65	11.14	9.12	101.62	76.6	4	29.5
513.798	30.25	4.36	131.84	11.17	9.10	101.65	77.1	4	30.0
513.859	29.94	4.40	131.62	11.19	9.06	101.40	77.0	4	31.5
513.963	28.96	4.56	132.11	11.20	8.97	100.41	76.0	4	30.5
514.108	30.07	4.38	131.59	11.20	9.16	102.68	78.0	4	31.0
514.169	29.39	4.48	131.60	11.20	9.06	101.47	77.1	4	32.5
514.273	29.08	4.51	131.04	11.19	9.14	102.31	78.1	4	29.5
514.418	30.55	4.28	130.83	11.06	9.26	102.46	78.3	4	30.5
514.479	29.83	4.40	131.21	11.19	9.07	101.49	77.3	4	31.5
514.583	28.71	4.54	130.43	11.17	8.98	100.35	76.9	4	31.5
514.728	30.00	4.39	131.83	11.22	8.95	100.41	76.2	4	29.0
514.789	30.60	4.30	131.60	11.21	9.04	101.32	77.0	4	30.0
514.893	29.95	4.40	131.93	11.17	9.14	102.06	77.4	4	32.0
515.038	29.83	4.43	132.03	11.20	9.03	101.08	76.6	4	31.0
515.099	29.40	4.49	132.00	11.19	9.17	102.61	77.7	4	32.5
515.203	29.62	4.46	132.14	11.13	9.21	102.49	77.6	4	29.5
515.348	30.40	4.34	132.02	11.24	8.98	100.92	76.4	4	31.0
515.409	29.55	4.47	132.21	11.19	9.11	101.86	77.0	4	32.0
515.513	29.70	4.45	132.28	11.18	9.11	101.83	77.0	4	30.0
515.658	29.15	4.54	132.33	11.12	9.18	102.12	77.2	4	32.0
515.719	29.21	4.54	132.73	11.16	9.01	100.58	75.8	4	30.5
515.823	30.51	4.31	131.62	11.16	8.93	99.65	75.7	4	29.5
515.968	30.08	4.42	132.82	11.16	9.14	101.94	76.7	4	30.0
516.029	30.54	4.33	132.11	11.22	8.94	100.23	75.9	4	29.5
516.133	29.83	4.44	132.43	11.25	9.00	101.20	76.4	4	32.5
516.278	29.58	4.43	131.13	11.15	9.16	102.13	77.9	4	30.5
516.339	30.36	4.33	131.37	11.23	8.90	99.94	76.1	4	30.5
516.443	29.64	4.46	132.20	11.19	9.04	101.13	76.5	4	30.5
516.588	29.96	4.43	132.78	11.17	9.04	101.05	76.1	4	32.0
516.649	29.54	4.48	132.34	11.22	9.17	102.88	77.7	4	30.0
516.753	30.77	4.27	131.27	11.15	9.11	101.55	77.4	4	30.0
516.898	29.35	4.48	131.45	11.17	9.10	101.61	77.3	4	31.0
516.959	29.56	4.45	131.58	11.16	9.02	100.62	76.5	4	30.5
517.063	29.79	4.41	131.51	11.16	9.22	102.86	78.2	4	32.0
517.208	29.51	4.43	130.63	11.17	9.05	101.04	77.4	4	29.5
517.269	30.39	4.28	130.06	11.11	9.12	101.39	78.0	4	29.5
517.373	29.23	4.49	131.13	11.11	9.14	101.48	77.4	4	32.5
517.518	29.72	4.43	131.58	11.08	9.26	102.55	77.9	4	32.5
517.579	28.64	4.55	130.36	11.05	9.11	100.67	77.2	4	31.5
517.683	29.97	4.38	131.33	11.08	9.15	101.37	77.2	4	29.5
517.828	30.14	4.38	132.02	11.07	9.23	102.12	77.4	4	32.0
517.889	29.56	4.46	131.73	11.06	9.23	102.04	77.5	4	30.5
517.993	29.36	4.50	132.21	11.09	9.15	101.54	76.8	4	31.0
518.138	29.52	4.46	131.73	11.18	9.16	102.41	77.7	4	31.0
518.199	28.89	4.55	131.51	11.13	9.04	100.59	76.5	4	32.0
518.303	29.83	4.44	132.40	11.11	9.25	102.77	77.6	4	30.0
518.448	29.47	4.48	132.14	11.14	9.24	102.95	77.9	4	32.5
518.509	28.42	4.59	130.52	11.14	9.13	101.75	78.0	4	32.0
518.613	29.62	4.43	131.35	11.05	9.20	101.72	77.4	4	30.5
518.758	29.82	4.44	132.42	11.12	9.25	102.80	77.6	4	30.0
518.819	30.21	4.38	132.32	11.17	9.11	101.73	76.9	4	31.5
518.923	28.94	4.54	131.40	11.02	9.28	102.34	77.9	4	30.5
519.068	29.87	4.41	131.66	11.12	9.25	102.89	78.1	4	30.0
519.129	30.46	4.33	131.79	11.16	9.11	101.70	77.2	4	29.5
519.233	30.14	4.38	132.07	11.08	9.18	101.71	77.0	4	31.0
519.378	30.29	4.35	131.75	11.11	9.20	102.21	77.6	4	29.5
519.439	30.82	4.28	131.79	11.17	9.09	101.49	77.0	4	31.0
519.543	29.47	4.47	131.65	11.07	9.33	103.32	78.5	4	30.5
519.688	30.62	4.30	131.51	11.11	9.18	102.02	77.6	4	29.5
519.749	30.51	4.32	131.73	11.10	9.15	101.59	77.1	4	31.5
519.853	29.93	4.39	131.36	11.08	9.23	102.23	77.8	4	31.0
519.998	29.31	4.50	131.94	11.09	9.14	101.30	76.8	4	29.5
520.059	29.94	4.41	131.91	11.10	9.19	101.97	77.3	4	30.5
520.163	30.32	4.35	131.94	11.12	9.09	101.09	76.6	4	30.0
520.308	29.39	4.49	132.01	11.09	9.23	102.38	77.6	4	31.0
520.369	29.92	4.41	131.90	11.15	9.09	101.39	76.9	4	30.5
520.473	29.18	4.52	131.78	11.10	9.20	102.09	77.5	4	31.0
520.618	29.50	4.50	132.60	11.13	9.26	103.11	77.8	4	31.5
520.679	29.63	4.46	132.11	11.15	9.19	102.45	77.5	4	29.5
520.783	29.42	4.49	132.19	11.12	9.24	102.73	77.7	4	31.0
520.928	29.98	4.42	132.43	11.18	9.09	101.66	76.8	4	31.0
520.989	30.10	4.42	133.08	11.17	9.16	102.30	76.9	4	31.0
521.093	30.35	4.38	132.89	11.20	8.94	100.05	75.3	4	30.0
521.238	30.41	4.35	132.40	11.17	9.08	101.44	76.6	4	30.0
521.299	29.96	4.43	132.62	11.18	8.99	100.50	75.8	4	31.5
521.403	30.24	4.36	131.72	11.21	8.95	100.27	76.1	4	30.5
521.548	30.20	4.39	132.64	11.14	9.19	102.37	77.2	4	30.0
521.609	30.68	4.31	132.14	11.21	9.00	100.98	76.4	4	29.5
521.713	29.89	4.41	131.79	11.15	9.22	102.77	78.0	4	32.5
521.858	28.97	4.53	131.19	11.12	9.05	100.64	76.7	4	29.0
521.919	30.32	4.30	130.46	11.06	9.00	99.55	76.3	4	28.5
522.023	30.19	4.34	130.90	11.10	8.96	99.44	76.0	4	31.5
522.168	29.40	4.48	131.85	11.10	9.20	102.16	77.5	4	31.0
522.229	30.10	4.41	132.72	11.15	9.03	100.73	75.9	4	29.5
522.333	30.69	4.29	131.79	11.22	8.96	100.53	76.3	4	29.5
522.478	29.43	4.50	132.30	11.17	9.02	100.70	76.1	4	32.0
522.539	28.94	4.57	132.23	11.23	8.92	100.20	75.8	4	31.5
522.643	30.26	4.36	131.84	11.21	8.94	100.17	76.0	4	30.0
522.788	29.26	4.49	131.34	11.24	8.97	100.88	76.8	4	32.5
522.849	28.82	4.56	131.30	11.20	9.10	101.96	77.7	4	31.0
522.953	30.24	4.37	132.13	11.23	8.85	99.36	75.2	4	30.0
523.098	29.80	4.45	132.65	11.25	9.12	102.52	77.3	4	30.0
523.159	30.10	4.39	132.12	11.23	9.09	102.09	77.3	4	31.0
523.263	29.16	4.53	132.17	11.26	9.05	101.87	77.1	4	30.5
523.408	30.31	4.36	132.20	11.18	9.17	102.50	77.5	4	31.0
523.469	30.14	4.40	132.54	11.23	9.28	104.25	78.7	4	31.0
523.573	30.74	4.30	132.12	11.21	9.01	101.02	76.5	4	29.5
523.718	30.21	4.36	131.65	11.33	8.95	101.41	77.0	4	31.0
523.779	29.35	4.48	131.46	11.28	8.92	100.62	76.5	4	32.5
523.883	29.98	4.40	131.96	11.20	9.16	102.57	77.7	4	29.5
524.028	30.69	4.27	131.00	11.24	8.89	99.94	76.3	4	30.0
524.089	30.26	4.34	131.47	11.21	9.02	101.08	76.9	4	31.5
524.193	29.16	4.52	131.68	11.24	8.97	100.84	76.6	4	31.5
524.338	29.85	4.43	132.17	11.25	8.97	100.91	76.4	4	31.0
524.399	29.90	4.41	131.80	11.32	9.01	102.02	77.4	4	32.0
524.503	29.83	4.41	131.61	11.18	9.23	103.20	78.4	4	30.5
524.648	31.11	4.17	129.89	11.22	8.98	100.74	77.6	4	30.5
524.709	30.14	4.35	131.21	11.22	9.01	101.11	77.1	4	30.5
524.813	30.46	4.34	132.13	11.19	9.14	102.23	77.4	4	30.5
524.958	29.79	4.43	131.92	11.23	9.05	101.67	77.1	4	30.0
525.019	30.34	4.36	132.18	11.24	8.95	100.61	76.1	4	29.5
525.123	30.20	4.38	132.42	11.28	9.02	101.79	76.9	4	31.5
525.268	28.72	4.60	132.20	11.20	8.98	100.56	76.1	4	31.0
525.329	29.56	4.47	132.26	11.25	9.05	101.78	77.0	4	31.0
525.433	30.16	4.37	131.87	11.22	9.13	102.43	77.7	4	30.0
525.578	29.24	4.51	131.97	11.20	9.07	101.59	77.0	4	32.0
525.639	29.05	4.54	131.93	11.15	9.20	102.53	77.7	4	31.0
525.743	29.00	4.55	131.99	11.18	9.07	101.43	76.8	4	30.5
525.888	29.50	4.47	132.00	11.19	9.14	102.33	77.5	4	31.0
525.949	29.52	4.46	131.81	11.19	9.09	101.75	77.2	4	31.5
526.053	29.59	4.44	131.48	11.15	9.06	100.99	76.8	4	30.0
526.198	30.41	4.33	131.73	11.20	9.04	101.32	76.9	4	30.5
526.259	30.66	4.31	132.20	11.20	9.03	101.10	76.5	4	30.5
526.363	30.82	4.27	131.71	11.26	9.01	101.43	77.0	4	30.0
526.508	29.47	4.49	132.37	11.20	9.09	101.88	77.0	4	32.0
526.569	28.88	4.57	132.06	11.21	8.95	100.40	76.0	4	32.0
526.673	29.21	4.53	132.43	11.13	9.22	102.63	77.5	4	31.0
526.818	29.24	4.49	131.43	11.14	9.10	101.41	77.2	4	32.0
526.879	28.84	4.55	131.28	11.17	9.12	101.88	77.6	4	31.0
526.983	30.01	4.37	131.07	11.18	9.04	101.08	77.1	4	30.0
527.128	30.38	4.28	130.09	11.09	9.10	100.93	77.6	4	30.0
527.189	30.48	4.31	131.21	11.15	9.17	102.17	77.9	4	31.0
527.293	29.15	4.50	131.29	11.13	9.09	101.13	77.0	4	31.0
527.438	30.60	4.33	132.65	11.09	9.10	100.93	76.1	4	30.0
527.499	30.99	4.23	131.17	11.15	9.13	101.79	77.6	4	30.0
527.603	29.68	4.43	131.45	11.15	9.05	100.81	76.7	4	31.0
527.748	29.64	4.47	132.42	11.12	9.16	101.92	77.0	4	30.0
527.809	30.28	4.35	131.85	11.17	9.24	103.26	78.3	4	30.5
527.913	30.48	4.32	131.78	11.19	9.00	100.70	76.4	4	30.5
528.058	30.72	4.30	131.96	11.07	9.09	100.61	76.2	4	30.0
528.119	30.62	4.30	131.80	11.15	9.19	102.48	77.8	4	30.5
528.223	30.24	4.38	132.37	11.19	9.04	101.13	76.4	4	30.0
528.368	29.88	4.40	131.58	11.05	9.30	102.79	78.1	4	31.0
528.429	30.35	4.34	131.60	11.18	8.96	100.21	76.1	4	30.0
528.533	30.24	4.36	131.81	11.17	9.13	101.95	77.3	4	32.5
528.678	29.14	4.51	131.51	11.10	9.18	101.85	77.5	4	31.0
528.739	29.88	4.42	132.18	11.11	9.01	100.12	75.7	4	29.5
528.843	30.12	4.38	131.82	11.11	9.15	101.62	77.1	4	31.5
528.988	30.48	4.30	131.05	11.15	8.92	99.51	75.9	4	29.5
529.049	30.85	4.23	130.52	11.05	9.20	101.61	77.9	4	30.5
529.153	29.15	4.51	131.58	11.10	8.92	98.96	75.2	4	32.5
529.298	29.71	4.44	131.85	11.15	9.11	101.65	77.1	4	31.5
529.359	29.69	4.47	132.65	11.21	9.07	101.59	76.6	4	30.0
529.463	29.63	4.44	131.67	11.18	9.10	101.76	77.3	4	31.0
529.608	30.10	4.40	132.31	11.17	9.11	101.76	76.9	4	30.0
529.669	29.67	4.45	132.11	11.16	9.20	102.69	77.7	4	31.5
529.773	29.45	4.48	132.02	11.19	9.15	102.40	77.6	4	31.5
529.918	29.14	4.51	131.34	11.23	9.10	102.20	77.8	4	31.5
529.979	29.03	4.54	131.69	11.29	9.05	102.09	77.5	4	31.0
530.083	30.36	4.36	132.32	11.26	9.03	101.69	76.8	4	29.5
530.228	30.49	4.32	131.77	11.22	9.02	101.16	76.8	4	31.5
530.289	30.05	4.38	131.62	11.23	9.07	101.94	77.5	4	31.0
530.393	29.98	4.39	131.46	11.17	9.13	102.01	77.6	4	30.0
530.538	30.29	4.34	131.60	11.24	8.95	100.62	76.5	4	30.0
530.599	30.47	4.28	130.51	11.19	9.03	100.97	77.4	4	30.0
530.703	29.59	4.44	131.40	11.14	9.12	101.60	77.3	4	32.0
530.848	29.36	4.49	131.76	11.19	8.99	100.63	76.4	4	31.5
530.909	29.14	4.53	131.96	11.14	9.02	100.51	76.2	4	30.0
531.013	30.05	4.38	131.72	11.21	9.12	102.21	77.6	4	31.0
531.158	30.09	4.42	132.94	11.20	8.99	100.77	75.8	4	31.0
531.219	30.62	4.31	132.09	11.21	9.04	101.34	76.7	4	30.0
531.323	30.22	4.38	132.44	11.22	9.04	101.43	76.6	4	30.5
531.468	29.40	4.51	132.51	11.24	9.15	102.77	77.6	4	32.0
531.529	29.39	4.51	132.62	11.21	9.14	102.42	77.2	4	31.5
531.633	30.10	4.42	132.89	11.18	9.03	100.96	76.0	4	28.5
531.778	29.97	4.43	132.64	11.18	9.09	101.65	76.6	4	32.5
531.839	29.34	4.50	132.07	11.18	8.94	99.89	75.6	4	30.0
531.943	29.54	4.49	132.52	11.20	9.01	100.91	76.1	4	31.0
532.088	30.29	4.40	133.37	11.11	9.28	103.11	77.3	4	30.0
532.149	30.78	4.31	132.60	11.16	9.17	102.38	77.2	4	30.5
532.253	30.65	4.29	131.45	11.16	9.14	101.96	77.6	4	30.0
532.398	29.49	4.46	131.49	11.16	9.04	100.86	76.7	4	32.0
532.459	28.59	4.56	130.50	11.13	8.95	99.57	76.3	4	32.5
532.563	29.07	4.51	131.17	11.11	9.11	101.16	77.1	4	30.0
532.708	28.99	4.52	131.16	11.15	9.00	100.29	76.5	4	29.5
532.769	29.90	4.39	131.36	11.19	8.99	100.59	76.6	4	30.0
532.873	30.34	4.36	132.29	11.14	9.11	101.47	76.7	4	29.5
533.018	29.18	4.51	131.59	11.15	9.05	100.85	76.6	4	31.5
533.079	29.43	4.48	131.94	11.18	9.04	101.04	76.6	4	30.5
533.183	30.12	4.36	131.44	11.16	9.12	101.75	77.4	4	29.5
533.328	31.25	4.21	131.45	11.09	9.09	100.81	76.7	4	30.5
533.389	30.71	4.27	131.09	11.14	9.05	100.81	76.9	4	31.0
533.493	29.06	4.51	131.00	11.09	9.05	100.37	76.6	4	31.0
533.638	29.80	4.44	132.23	11.07	9.10	100.78	76.2	4	29.0
533.699	30.59	4.30	131.60	11.09	9.23	102.34	77.8	4	30.0
533.803	30.42	4.35	132.28	11.09	9.19	101.88	77.0	4	30.0
533.948	29.57	4.44	131.41	11.07	9.21	101.94	77.6	4	31.5
534.009	29.24	4.48	131.05	11.18	9.02	100.79	76.9	4	30.5
534.113	29.69	4.45	132.02	11.16	9.17	102.35	77.5	4	29.5
534.258	29.71	4.42	131.23	11.06	9.21	101.83	77.6	4	31.0
534.319	28.93	4.54	131.32	11.19	8.90	99.63	75.9	4	33.0
534.423	29.51	4.43	130.79	11.13	8.98	99.94	76.4	4	30.0
534.568	30.54	4.27	130.48	11.07	9.19	101.76	78.0	4	30.0
534.629	30.26	4.34	131.32	11.06	9.06	100.12	76.2	4	32.0
534.733	28.55	4.58	130.69	11.03	9.10	100.42	76.8	4	32.5
534.878	30.01	4.39	131.84	11.03	9.06	99.97	75.8	4	29.0
534.939	30.61	4.29	131.26	11.01	9.13	100.61	76.6	4	29.5
535.043	29.95	4.39	131.34	10.98	9.26	101.66	77.4	4	32.0
535.188	28.86	4.55	131.22	11.04	9.08	100.28	76.4	4	29.5
535.249	29.92	4.36	130.35	11.05	8.99	99.38	76.2	4	29.5
535.353	30.50	4.26	129.77	11.04	9.13	100.83	77.7	4	29.5
535.498	29.65	4.43	131.33	11.05	9.12	100.74	76.7	4	30.5
535.559	30.33	4.34	131.70	11.02	9.20	101.34	77.0	4	29.5
535.663	29.64	4.44	131.64	11.01	9.16	100.88	76.6	4	31.0
535.808	29.68	4.44	131.92	11.15	9.14	101.85	77.2	4	32.0
535.869	29.02	4.53	131.54	11.13	9.12	101.47	77.1	4	30.5
535.973	30.36	4.31	130.84	11.08	9.15	101.42	77.5	4	29.5
536.118	29.25	4.49	131.35	11.13	9.01	100.26	76.3	4	33.0
536.179	28.95	4.53	131.16	11.13	9.09	101.20	77.2	4	30.0
536.283	30.51	4.26	130.07	11.06	9.13	100.99	77.6	4	29.0
536.428	30.25	4.34	131.28	11.12	9.07	100.82	76.8	4	33.0
536.489	28.77	4.52	129.99	11.07	9.01	99.65	76.7	4	32.5
536.593	28.79	4.54	130.75	11.05	9.13	100.88	77.2	4	29.5
536.738	30.68	4.24	130.13	11.12	9.08	100.91	77.6	4	30.0
536.799	30.19	4.36	131.53	11.13	9.15	101.83	77.4	4	32.0
536.903	28.74	4.55	130.79	11.06	9.09	100.52	76.9	4	32.0
537.048	30.19	4.37	132.03	11.17	9.18	102.57	77.7	4	30.0
537.109	30.05	4.37	131.27	11.19	9.14	102.24	77.9	4	31.0
537.213	29.48	4.46	131.51	11.20	8.91	99.82	75.9	4	31.0
537.358	30.01	4.37	131.31	11.19	9.05	101.22	77.1	4	31.0
537.419	29.44	4.48	132.02	11.15	9.17	102.29	77.5	4	30.5
537.523	30.08	4.39	132.02	11.13	9.27	103.25	78.2	4	30.0
537.668	30.61	4.31	131.86	11.15	9.25	103.22	78.3	4	30.0
537.729	30.03	4.40	132.00	11.16	9.25	103.18	78.2	4	32.0
537.833	30.40	4.34	131.88	11.08	9.29	102.93	78.1	4	30.5
537.978	29.97	4.42	132.42	11.16	9.12	101.73	76.8	4	31.0
538.039	29.79	4.45	132.54	11.13	9.13	101.60	76.7	4	30.5
538.143	29.87	4.42	131.99	11.18	8.98	100.38	76.0	4	30.5
538.288	29.57	4.47	132.20	11.16	9.10	101.56	76.8	4	31.5
538.349	29.92	4.41	132.08	11.22	9.01	101.06	76.5	4	30.0
538.453	30.28	4.33	131.11	11.17	9.22	103.01	78.6	4	31.0
538.598	29.40	4.51	132.49	11.15	9.07	101.14	76.3	4	30.5
538.659	30.22	4.40	132.92	11.20	9.04	101.29	76.2	4	29.5
538.763	30.15	4.40	132.73	11.19	9.13	102.23	77.0	4	30.5
538.908	30.17	4.38	132.09	11.27	8.91	100.42	76.0	4	31.0
538.969	29.77	4.44	132.04	11.18	9.08	101.60	76.9	4	30.5
539.073	29.08	4.55	132.33	11.11	9.17	101.92	77.0	4	31.0
539.218	30.53	4.33	132.08	11.16	9.07	101.16	76.6	4	30.0
539.279	30.72	4.30	132.19	11.07	9.13	101.10	76.5	4	29.5
539.383	30.75	4.28	131.71	11.09	9.07	100.61	76.4	4	31.0
539.528	30.09	4.39	132.13	11.09	9.24	102.46	77.5	4	30.0
539.589	30.43	4.35	132.29	11.16	9.07	101.30	76.6	4	29.5
539.693	30.71	4.29	131.73	11.10	9.11	101.12	76.8	4	31.0
539.838	28.53	4.60	131.14	11.08	9.15	101.34	77.3	4	31.0
539.899	29.33	4.48	131.29	11.13	9.13	101.63	77.4	4	30.0
540.003	29.37	4.48	131.63	11.04	9.31	102.76	78.1	4	30.5
540.148	30.43	4.36	132.64	11.08	9.26	102.55	77.3	4	29.5
540.209	30.56	4.33	132.27	11.11	9.15	101.64	76.8	4	31.0
540.313	30.50	4.32	131.69	11.08	9.12	101.15	76.8	4	30.5
540.458	29.22	4.51	131.91	11.10	9.20	102.10	77.4	4	31.5
540.519	29.68	4.47	132.73	11.16	9.09	101.50	76.5	4	30.0
540.623	29.36	4.50	132.22	11.10	9.10	100.99	76.4	4	31.0
540.768	29.75	4.44	132.09	11.13	9.16	101.99	77.2	4	31.0
540.829	29.94	4.41	132.04	11.10	9.27	102.93	78.0	4	31.5
540.933	30.04	4.37	131.36	11.20	9.08	101.73	77.4	4	31.0
541.078	29.81	4.43	132.01	11.16	9.18	102.39	77.6	4	30.5
541.139	29.85	4.42	131.82	11.16	9.01	100.55	76.3	4	30.0
541.243	30.95	4.24	131.18	11.20	8.90	99.69	76.0	4	30.0
541.388	29.21	4.52	132.13	11.10	9.03	100.27	75.9	4	31.5
541.449	29.30	4.53	132.58	11.15	9.03	100.66	75.9	4	29.5
541.553	29.98	4.42	132.56	11.16	9.23	102.99	77.7	4	31.0
541.698	29.20	4.55	132.89	11.10	9.25	102.65	77.2	4	31.0
541.759	29.96	4.45	133.36	11.18	9.00	100.65	75.5	4	30.5
541.863	29.65	4.48	132.90	11.21	9.07	101.62	76.5	4	30.5
542.008	30.32	4.37	132.52	11.12	9.13	101.54	76.6	4	30.5
542.069	29.94	4.42	132.33	11.10	9.33	103.65	78.3	4	32.5
542.173	28.93	4.55	131.50	11.13	9.09	101.23	77.0	4	30.0
542.318	30.13	4.40	132.53	11.01	9.39	103.34	78.0	4	30.5
542.379	29.96	4.43	132.75	11.12	9.11	101.25	76.3	4	32.0
542.483	30.01	4.42	132.63	11.11	9.25	102.78	77.5	4	30.5
542.628	29.38	4.48	131.76	11.07	9.23	102.25	77.6	4	31.0
542.689	30.04	4.40	132.04	11.15	9.03	100.68	76.2	4	28.5
542.793	30.56	4.33	132.16	11.16	9.18	102.44	77.5	4	32.0
542.938	29.32	4.47	131.16	11.10	9.25	102.62	78.2	4	29.5
542.999	30.34	4.33	131.44	11.16	8.96	100.03	76.1	4	29.0
543.103	30.45	4.33	131.99	11.13	9.16	101.99	77.3	4	32.0
543.248	30.20	4.39	132.62	11.10	9.30	103.15	77.8	4	31.0
543.309	30.15	4.38	131.96	11.17	9.15	102.14	77.4	4	30.5
543.413	30.49	4.33	131.99	11.20	9.07	101.63	77.0	4	30.5
543.558	29.24	4.52	132.02	11.17	9.15	102.12	77.4	4	30.0
543.619	29.86	4.41	131.73	11.22	9.04	101.45	77.0	4	30.0
543.723	30.29	4.35	131.71	11.16	9.20	102.64	77.9	4	30.0
543.868	29.59	4.48	132.67	11.20	9.29	104.06	78.4	4	32.0
543.929	29.31	4.50	131.97	11.16	9.27	103.47	78.4	4	30.5
544.033	30.37	4.34	131.95	11.21	9.00	100.84	76.4	4	30.0
544.178	29.22	4.50	131.59	11.19	9.12	102.13	77.6	4	31.5
544.239	28.87	4.58	132.23	11.17	9.02	100.69	76.2	4	30.5
544.343	29.65	4.45	132.09	11.18	9.13	102.06	77.3	4	31.5
544.488	28.89	4.57	132.04	11.11	9.16	101.73	77.0	4	30.0
544.549	29.89	4.43	132.32	11.13	9.09	101.23	76.5	4	29.5
544.653	29.66	4.45	131.96	11.09	9.14	101.38	76.8	4	31.5
544.798	29.23	4.53	132.55	11.12	9.11	101.39	76.5	4	30.0
544.859	30.12	4.40	132.57	11.15	9.04	100.74	76.0	4	30.0
544.963	30.12	4.38	131.85	11.20	9.02	101.00	76.6	4	30.5
545.108	29.16	4.52	131.86	11.13	9.02	100.35	76.1	4	32.0
545.169	29.02	4.55	131.98	11.19	8.96	100.23	75.9	4	30.5
545.273	29.42	4.49	132.06	11.17	9.06	101.23	76.7	4	31.5
545.418	29.92	4.45	133.18	11.19	9.21	103.09	77.4	4	32.0
545.479	29.32	4.54	132.98	11.15	9.07	101.20	76.1	4	31.5
545.583	29.67	4.47	132.76	11.15	9.10	101.54	76.5	4	31.5
545.728	30.13	4.40	132.62	11.23	8.99	100.93	76.1	4	30.5
545.789	29.56	4.48	132.43	11.18	9.09	101.58	76.7	4	31.5
545.893	30.06	4.40	132.11	11.17	9.26	103.40	78.3	4	30.5
546.038	28.82	4.58	131.89	11.15	9.09	101.42	76.9	4	31.5
546.099	29.61	4.46	132.05	11.21	9.09	101.91	77.2	4	30.0
546.203	30.40	4.34	131.97	11.15	9.24	102.98	78.0	4	29.5
546.348	30.32	4.38	132.87	11.28	9.04	101.96	76.7	4	32.0
546.409	29.60	4.49	132.83	11.20	9.12	102.14	76.9	4	31.0
546.513	29.79	4.45	132.44	11.23	9.19	103.24	77.9	4	31.0
546.658	29.12	4.55	132.46	11.16	9.22	102.92	77.7	4	33.0
546.719	28.76	4.60	132.21	11.19	9.10	101.82	77.0	4	30.5
546.823	29.90	4.45	133.00	11.19	8.96	100.28	75.4	4	29.5
546.968	29.51	4.51	133.08	11.20	9.10	101.90	76.6	4	30.5
547.029	29.99	4.43	132.74	11.23	9.02	101.33	76.3	4	30.5
547.133	29.61	4.48	132.78	11.22	9.27	104.04	78.4	4	31.5
547.278	29.78	4.48	133.56	11.25	9.02	101.48	76.0	4	30.0
547.339	30.13	4.40	132.60	11.22	9.13	102.42	77.2	4	30.5
547.443	29.85	4.45	132.73	11.17	9.30	103.84	78.2	4	30.0
547.588	30.52	4.36	132.94	11.25	9.05	101.77	76.6	4	30.5
547.649	30.25	4.40	133.12	11.22	9.05	101.52	76.3	4	30.0
547.753	30.10	4.41	132.75	11.16	9.22	102.98	77.6	4	30.5
547.898	29.89	4.44	132.87	11.22	9.00	101.04	76.0	4	32.0
547.959	29.72	4.45	132.19	11.26	8.95	100.82	76.3	4	30.0
548.063	29.98	4.41	132.29	11.20	9.24	103.52	78.2	4	32.0
548.208	29.24	4.53	132.37	11.20	9.07	101.57	76.7	4	30.0
548.269	29.96	4.41	132.19	11.20	9.06	101.42	76.7	4	30.5
548.373	30.07	4.39	132.14	11.12	9.25	102.83	77.8	4	29.5
548.518	30.65	4.33	132.67	11.22	8.91	99.99	75.4	4	31.0
548.579	29.54	4.48	132.34	11.14	9.08	101.17	76.4	4	32.5
548.683	30.08	4.40	132.48	11.19	9.08	101.64	76.7	4	29.5
548.828	30.17	4.41	133.03	11.19	9.09	101.68	76.4	4	32.0
548.889	29.74	4.47	132.85	11.18	9.17	102.50	77.2	4	30.5
548.993	29.67	4.46	132.34	11.15	9.27	103.33	78.1	4	31.0
549.138	29.91	4.44	132.73	11.20	9.17	102.73	77.4	4	31.5
549.199	29.56	4.48	132.48	11.18	9.22	103.14	77.9	4	31.0
549.303	30.24	4.39	132.72	11.26	9.01	101.39	76.4	4	29.5
549.448	29.39	4.49	131.88	11.15	8.93	99.58	75.5	4	32.5
549.509	28.54	4.58	130.82	11.06	9.17	101.41	77.5	4	31.5
549.613	29.87	4.41	131.64	11.13	9.07	101.00	76.7	4	30.5
549.758	29.07	4.55	132.14	11.12	9.10	101.19	76.6	4	32.0
549.819	29.29	4.52	132.28	11.11	9.16	101.79	77.0	4	30.0
549.923	30.56	4.27	130.58	11.06	9.07	100.37	76.9	4	30.5
550.068	29.95	4.42	132.33	11.13	9.22	102.56	77.5	4	31.0
550.129	30.02	4.40	132.15	11.14	9.07	101.03	76.5	4	30.0
550.233	29.13	4.53	132.09	11.13	9.04	100.62	76.2	4	33.0
550.378	28.93	4.53	130.96	11.16	9.01	100.57	76.8	4	30.0
550.439	29.94	4.39	131.30	11.11	9.16	101.82	77.5	4	29.0
550.543	29.37	4.47	131.23	11.10	9.14	101.46	77.3	4	32.5
550.688	29.67	4.45	131.99	11.15	9.15	102.00	77.3	4	30.0
550.749	30.19	4.37	131.90	11.15	9.22	102.79	77.9	4	29.5
550.853	30.76	4.26	131.05	11.10	9.16	101.68	77.6	4	29.5
550.998	29.38	4.44	130.58	11.09	9.05	100.36	76.9	4	32.0
551.059	29.24	4.49	131.28	11.12	8.91	99.05	75.5	4	30.0
551.163	30.57	4.28	130.91	11.11	9.12	101.23	77.3	4	30.0
551.308	30.11	4.42	133.24	11.16	9.03	100.71	75.6	4	30.0
551.369	30.02	4.45	133.63	11.16	9.15	102.13	76.4	4	31.0
551.473	29.80	4.47	133.20	11.19	9.12	102.05	76.6	4	31.5
551.618	30.08	4.41	132.69	11.17	9.20	102.71	77.4	4	30.5
551.679	30.29	4.39	133.05	11.16	9.13	101.92	76.6	4	30.5
551.783	29.83	4.45	132.72	11.11	9.22	102.44	77.2	4	31.5
551.928	30.13	4.39	132.39	11.14	9.33	103.89	78.5	4	32.0
551.989	29.99	4.42	132.57	11.11	9.27	102.95	77.7	4	29.5
552.093	30.30	4.39	132.87	11.09	9.22	102.31	77.0	4	31.0
552.238	30.05	4.40	132.35	11.16	9.21	102.79	77.7	4	31.5
552.299	30.17	4.40	132.62	11.16	9.10	101.61	76.6	4	29.5
552.403	30.53	4.32	131.94	11.17	9.05	101.08	76.6	4	29.0
552.548	29.90	4.40	131.63	11.16	9.04	100.90	76.7	4	32.5
552.609	28.68	4.55	130.59	11.08	8.96	99.24	76.0	4	32.5
552.713	29.10	4.52	131.65	11.05	9.09	100.48	76.3	4	29.0
552.858	30.77	4.25	130.89	11.08	9.06	100.33	76.7	4	29.5
552.919	30.98	4.21	130.48	11.02	9.13	100.57	77.1	4	30.0
553.023	29.63	4.42	131.11	11.05	9.08	100.33	76.5	4	32.0
553.168	29.61	4.44	131.59	11.07	9.07	100.36	76.3	4	30.0
553.229	29.41	4.48	131.65	11.04	9.37	103.39	78.5	4	30.5
553.333	29.84	4.40	131.29	11.14	9.14	101.80	77.5	4	30.0
553.478	30.62	4.31	132.07	11.09	9.08	100.67	76.2	4	32.0
553.539	29.41	4.48	131.70	11.07	9.04	100.08	76.0	4	31.0
553.643	29.56	4.47	132.27	11.12	9.17	102.01	77.1	4	31.0
553.788	28.78	4.56	131.31	11.08	9.19	101.74	77.5	4	32.5
553.849	28.63	4.59	131.49	11.18	9.01	100.73	76.6	4	32.0
553.953	29.61	4.44	131.41	11.13	9.19	102.25	77.8	4	29.5
554.098	30.28	4.31	130.65	11.07	9.13	101.02	77.3	4	31.5
554.159	29.46	4.45	131.13	11.12	9.24	102.73	78.3	4	31.0
554.263	30.12	4.37	131.77	11.14	9.04	100.74	76.5	4	30.5
554.408	30.00	4.40	132.01	11.17	9.03	100.81	76.4	4	31.0
554.469	29.80	4.43	132.03	11.19	9.12	102.04	77.3	4	31.0
554.573	30.07	4.40	132.30	11.14	9.19	102.40	77.4	4	29.5
554.718	31.12	4.23	131.58	11.16	9.00	100.46	76.4	4	29.5
554.779	30.44	4.35	132.31	11.12	9.19	102.20	77.2	4	31.0
554.883	29.61	4.48	132.66	11.09	9.25	102.52	77.3	4	30.0
555.028	30.59	4.33	132.40	11.17	9.20	102.74	77.6	4	30.0
555.089	30.75	4.29	132.05	11.09	9.21	102.13	77.3	4	29.5
555.193	30.18	4.38	132.16	11.14	9.08	101.18	76.6	4	32.0
555.338	29.01	4.57	132.56	11.10	9.18	101.94	76.9	4	31.5
555.399	29.50	4.47	131.92	11.14	9.00	100.32	76.0	4	30.0
555.503	29.85	4.43	132.15	11.10	9.18	101.92	77.1	4	30.0
555.648	30.41	4.33	131.81	11.09	9.21	102.13	77.5	4	30.0
555.709	30.22	4.36	131.66	11.10	9.18	101.90	77.4	4	31.5
555.813	29.35	4.48	131.56	11.06	9.15	101.21	76.9	4	31.5
555.958	30.54	4.32	132.02	11.14	9.03	100.63	76.2	4	30.0
556.019	29.80	4.43	131.90	11.10	9.14	101.42	76.9	4	31.5
556.123	29.95	4.42	132.38	11.11	9.15	101.62	76.8	4	31.0
556.268	29.84	4.44	132.45	11.11	9.27	103.05	77.8	4	31.5
556.329	29.84	4.44	132.44	11.08	9.25	102.51	77.4	4	31.0
556.433	29.37	4.48	131.66	11.13	9.26	103.01	78.2	4	30.5
556.578	30.02	4.40	131.96	11.05	9.35	103.24	78.2	4	30.5
556.639	30.62	4.29	131.50	11.04	9.34	103.09	78.4	4	30.0
556.743	30.24	4.35	131.54	11.11	9.25	102.67	78.1	4	30.5
556.888	29.35	4.52	132.78	11.08	9.28	102.83	77.4	4	30.0
556.949	29.89	4.44	132.59	11.14	9.07	101.08	76.2	4	30.5
557.053	29.73	4.45	132.27	11.14	9.21	102.64	77.6	4	31.5
557.198	30.62	4.30	131.64	11.14	9.15	101.88	77.4	4	30.0
557.259	30.18	4.38	132.07	11.14	9.12	101.50	76.9	4	31.0
557.363	30.10	4.37	131.67	11.15	9.04	100.73	76.5	4	30.5
557.508	30.21	4.38	132.18	11.10	9.17	101.85	77.1	4	30.0
557.569	30.74	4.25	130.59	11.12	8.93	99.33	76.1	4	29.5
557.673	30.35	4.34	131.64	11.12	9.08	100.89	76.6	4	32.5
557.818	28.22	4.63	130.61	11.01	9.14	100.64	77.1	4	31.0
557.879	29.06	4.50	130.89	11.05	9.05	99.94	76.4	4	30.0
557.983	30.69	4.28	131.23	11.04	9.03	99.76	76.0	4	29.5
558.128	30.17	4.35	131.29	11.04	9.18	101.28	77.1	4	31.0
558.189	30.48	4.31	131.49	11.07	9.12	100.98	76.8	4	30.0
558.293	29.32	4.48	131.25	11.01	9.19	101.22	77.1	4	32.5
558.438	30.09	4.38	131.68	11.10	9.07	100.67	76.5	4	30.0
558.499	29.98	4.40	131.81	11.12	9.18	102.07	77.4	4	31.5
558.603	29.60	4.47	132.24	11.05	9.28	102.56	77.6	4	31.5
558.748	29.91	4.38	130.85	11.08	9.19	101.88	77.9	4	30.0
558.809	30.45	4.28	130.45	11.07	9.09	100.64	77.1	4	29.0
558.913	30.63	4.27	130.65	11.01	9.21	101.34	77.6	4	31.0
559.058	27.88	4.65	129.64	10.98	8.89	97.55	75.2	4	32.0
559.119	28.51	4.58	130.64	10.98	9.05	99.33	76.0	4	29.5
559.223	30.40	4.27	129.66	10.98	9.11	100.05	77.2	4	29.0
559.368	30.70	4.28	131.33	11.02	9.07	99.96	76.1	4	31.0
559.429	29.80	4.43	131.89	11.02	9.14	100.71	76.4	4	32.5
559.533	30.19	4.36	131.57	11.02	9.16	100.94	76.7	4	29.5
559.678	29.85	4.41	131.50	11.03	9.24	101.86	77.5	4	30.5
559.739	29.77	4.45	132.56	11.10	9.06	100.55	75.9	4	31.5
559.843	30.30	4.37	132.32	11.08	9.22	102.15	77.2	4	30.0
559.988	29.89	4.44	132.66	11.11	9.11	101.14	76.2	4	31.5
560.049	29.07	4.55	132.32	11.09	9.17	101.70	76.9	4	32.0
560.153	29.65	4.46	132.23	11.10	9.21	102.24	77.3	4	30.5
560.298	30.49	4.35	132.53	11.17	9.01	100.70	76.0	4	30.0
560.359	30.14	4.41	132.94	11.17	9.13	101.97	76.7	4	31.0
560.463	29.58	4.50	133.08	11.17	9.06	101.20	76.0	4	31.5
560.608	30.04	4.40	132.33	11.16	9.14	101.94	77.0	4	31.0
560.669	29.81	4.44	132.29	11.18	9.03	101.01	76.4	4	30.0
560.773	29.58	4.48	132.40	11.16	9.18	102.36	77.3	4	30.0
560.918	30.04	4.42	132.67	11.14	9.25	103.02	77.7	4	32.0
560.979	29.68	4.49	133.27	11.13	9.18	102.15	76.6	4	31.5
561.083	29.33	4.53	132.92	11.18	9.11	101.80	76.6	4	30.5
561.228	29.83	4.42	131.69	11.23	8.98	100.82	76.6	4	30.5
561.289	29.34	4.49	131.70	11.11	9.13	101.42	77.0	4	31.5
561.393	29.74	4.45	132.44	11.08	9.20	101.96	77.0	4	30.0
561.538	29.68	4.46	132.42	11.11	9.27	102.96	77.8	4	30.0
561.599	29.92	4.42	132.31	11.18	9.18	102.64	77.6	4	31.5
561.703	29.84	4.43	132.28	11.12	9.36	104.06	78.7	4	30.0
561.848	29.48	4.49	132.50	11.11	9.20	102.26	77.2	4	31.0
561.909	30.08	4.41	132.50	11.17	9.27	103.57	78.2	4	30.0
562.013	29.61	4.46	131.97	11.14	9.20	102.54	77.7	4	31.0
562.158	29.67	4.46	132.31	11.25	9.03	101.59	76.8	4	30.5
562.219	29.66	4.46	132.32	11.19	9.23	103.33	78.1	4	30.5
562.323	29.92	4.43	132.52	11.16	9.21	102.83	77.6	4	29.5
562.468	30.25	4.38	132.47	11.17	9.19	102.63	77.5	4	30.0
562.529	30.06	4.41	132.53	11.15	9.20	102.56	77.4	4	31.0
562.633	30.50	4.33	132.00	11.11	9.26	102.96	78.0	4	31.0
562.778	29.94	4.43	132.52	11.20	9.13	102.24	77.2	4	30.0
562.839	29.68	4.48	132.99	11.19	9.23	103.30	77.7	4	31.0
562.943	30.67	4.33	132.74	11.13	9.17	102.07	76.9	4	29.5
563.088	29.80	4.46	132.85	11.22	9.03	101.30	76.2	4	32.0
563.149	29.49	4.48	132.24	11.16	9.14	102.01	77.1	4	31.0
563.253	30.16	4.38	132.04	11.13	9.10	101.29	76.7	4	29.5
563.398	29.67	4.47	132.57	11.14	9.13	101.65	76.7	4	30.0
563.459	30.20	4.36	131.59	11.16	9.11	101.72	77.3	4	30.0
563.563	30.78	4.31	132.67	11.09	9.24	102.47	77.2	4	30.5
563.708	29.75	4.46	132.62	11.14	9.09	101.27	76.4	4	30.0
563.769	29.86	4.42	131.94	11.15	9.13	101.79	77.1	4	30.5
563.873	30.30	4.35	131.95	11.12	9.16	101.86	77.2	4	31.0
564.018	29.03	4.57	132.62	11.15	9.04	100.79	76.0	4	30.5
564.079	29.88	4.43	132.44	11.07	9.15	101.37	76.5	4	30.5
564.183	29.87	4.44	132.68	11.06	9.20	101.77	76.7	4	30.0
564.328	29.19	4.53	132.33	11.11	9.25	102.81	77.7	4	31.0
564.389	29.46	4.49	132.25	11.11	9.26	102.90	77.8	4	30.0
564.493	30.55	4.34	132.50	11.14	9.09	101.31	76.5	4	30.5
564.638	29.44	4.49	132.26	11.15	9.26	103.24	78.1	4	31.5
564.699	29.18	4.53	132.11	11.20	9.04	101.21	76.6	4	31.0
564.803	29.84	4.44	132.52	11.16	9.18	102.47	77.3	4	31.5
564.948	30.30	4.37	132.35	11.14	9.16	102.04	77.1	4	29.5
565.009	30.71	4.29	131.72	11.15	9.15	101.97	77.4	4	29.5
565.113	29.76	4.40	131.06	11.10	9.12	101.22	77.2	4	32.0
565.258	29.48	4.46	131.59	11.12	9.13	101.52	77.1	4	29.5
565.319	30.29	4.33	131.12	11.10	9.13	101.40	77.3	4	29.5
565.423	30.75	4.27	131.39	11.07	9.18	101.64	77.4	4	31.0
565.568	30.20	4.37	131.90	11.14	9.05	100.74	76.4	4	30.0
565.629	30.38	4.34	131.69	11.03	9.19	101.36	77.0	4	31.0
565.733	29.71	4.45	132.33	11.15	9.01	100.38	75.9	4	29.0
565.878	29.64	4.47	132.47	11.11	9.31	103.36	78.0	4	31.0
565.939	29.53	4.48	132.40	11.14	9.21	102.60	77.5	4	30.5
566.043	29.13	4.53	132.03	11.10	9.25	102.74	77.8	4	31.0
566.188	29.72	4.47	132.94	11.23	9.05	101.66	76.5	4	31.5
566.249	29.40	4.51	132.63	11.19	9.19	102.84	77.5	4	31.0
566.353	29.79	4.46	132.91	11.16	9.25	103.28	77.7	4	30.0
566.498	29.99	4.43	132.95	11.19	9.15	102.38	77.0	4	31.5
566.559	29.42	4.50	132.44	11.19	9.22	103.17	77.9	4	31.5
566.663	30.41	4.34	131.98	11.09	9.25	102.65	77.8	4	29.0
566.808	29.94	4.41	132.10	11.20	9.13	102.29	77.4	4	30.5
566.869	29.44	4.48	132.01	11.14	9.21	102.61	77.7	4	31.0
566.973	30.06	4.40	132.15	11.12	9.25	102.85	77.8	4	29.5
567.118	30.44	4.35	132.34	11.13	9.24	102.87	77.7	4	31.0
567.179	29.35	4.50	132.00	11.11	9.14	101.55	76.9	4	31.5
567.283	29.89	4.43	132.47	11.08	9.23	102.33	77.2	4	30.5
567.428	30.04	4.42	132.63	11.17	9.25	103.36	77.9	4	31.5
567.489	29.64	4.47	132.41	11.11	9.20	102.24	77.2	4	32.0
567.593	29.67	4.45	132.12	11.12	9.10	101.14	76.6	4	31.0
567.738	29.20	4.53	132.38	11.15	9.19	102.51	77.4	4	31.5
567.799	28.81	4.59	132.11	11.08	9.16	101.48	76.8	4	31.0
567.903	29.51	4.48	132.20	11.09	9.17	101.66	76.9	4	31.0
568.048	29.67	4.47	132.74	11.17	9.14	102.06	76.9	4	30.5
568.109	29.62	4.47	132.30	11.10	9.20	102.19	77.2	4	31.0
568.213	29.53	4.48	132.26	11.13	9.15	101.82	77.0	4	30.0
568.358	30.69	4.33	132.79	11.19	9.02	100.92	76.0	4	29.0
568.419	31.17	4.23	131.90	11.07	9.18	101.64	77.1	4	29.5
568.523	29.99	4.40	131.87	11.09	9.13	101.29	76.8	4	31.5
568.668	30.21	4.40	132.78	11.05	9.28	102.51	77.2	4	30.0
568.729	30.30	4.38	132.61	11.07	9.25	102.39	77.2	4	30.0
568.833	29.38	4.50	132.20	11.08	9.15	101.37	76.7	4	31.0
568.978	29.55	4.45	131.53	11.11	9.21	102.31	77.8	4	30.0
569.039	29.68	4.45	132.14	11.08	9.21	102.03	77.2	4	30.5
569.143	30.10	4.38	131.90	11.13	9.17	102.01	77.3	4	30.5
569.288	29.77	4.48	133.36	11.19	9.18	102.71	77.0	4	32.0
569.349	29.03	4.56	132.35	11.09	9.27	102.87	77.7	4	31.5
569.453	29.81	4.43	131.95	11.15	9.01	100.48	76.2	4	29.5
569.598	30.41	4.36	132.50	11.17	9.19	102.65	77.5	4	31.0
569.659	29.69	4.48	132.88	11.11	9.26	102.82	77.4	4	32.0
569.763	30.03	4.41	132.50	11.08	9.13	101.24	76.4	4	31.0
569.908	29.26	4.51	131.97	11.16	9.21	102.74	77.9	4	31.5
569.969	29.71	4.44	131.88	11.14	9.19	102.44	77.7	4	29.5
570.073	30.43	4.34	132.15	11.16	9.15	102.11	77.3	4	31.5
570.218	29.57	4.47	132.23	11.15	9.09	101.34	76.6	4	29.5
570.279	30.42	4.32	131.47	11.15	9.05	100.94	76.8	4	30.0
570.383	29.43	4.47	131.45	11.15	9.00	100.39	76.4	4	32.5
570.528	28.88	4.54	130.97	11.07	9.23	102.15	78.0	4	31.0
570.589	29.60	4.44	131.30	11.17	8.99	100.40	76.5	4	29.5
570.693	29.82	4.41	131.64	11.16	9.06	101.04	76.8	4	31.5
570.838	30.07	4.36	131.23	11.13	9.12	101.50	77.3	4	30.0
570.899	29.53	4.44	131.25	11.05	9.16	101.27	77.2	4	31.5
571.003	28.98	4.53	131.22	11.11	9.01	100.16	76.3	4	30.5
571.148	29.42	4.50	132.49	11.11	9.25	102.77	77.6	4	30.5
571.209	29.35	4.51	132.47	11.14	9.19	102.33	77.2	4	31.0
571.313	29.56	4.47	132.23	11.08	9.37	103.88	78.6	4	30.5
571.458	30.28	4.35	131.71	11.11	9.20	102.28	77.7	4	29.0
571.519	30.33	4.35	131.88	11.13	9.19	102.35	77.6	4	32.0
571.623	29.68	4.45	131.99	11.16	9.12	101.83	77.2	4	29.5
571.768	29.61	4.48	132.75	11.14	9.18	102.32	77.1	4	29.5
571.829	30.16	4.40	132.64	11.15	9.03	100.59	75.8	4	31.0
571.933	30.16	4.39	132.34	11.08	9.28	102.75	77.6	4	29.5
572.078	29.98	4.41	132.11	11.17	9.10	101.59	76.9	4	30.0
572.139	30.29	4.36	132.06	11.10	9.17	101.73	77.0	4	30.5
572.243	29.27	4.49	131.47	11.10	8.98	99.72	75.9	4	30.5
572.388	30.07	4.42	132.86	11.12	9.27	103.06	77.6	4	31.0
572.449	29.49	4.50	132.63	11.10	9.16	101.75	76.7	4	30.5
572.553	29.98	4.43	132.95	11.10	9.24	102.52	77.1	4	31.5
572.698	30.40	4.36	132.47	11.17	9.11	101.81	76.9	4	29.0
572.759	30.55	4.31	131.82	11.13	9.16	101.94	77.3	4	30.5
572.863	29.92	4.40	131.73	11.16	9.25	103.19	78.3	4	30.5
573.008	30.14	4.35	131.02	11.15	9.04	100.78	76.9	4	31.0
573.069	30.51	4.29	131.00	11.10	9.25	102.65	78.4	4	30.0
573.173	30.00	4.41	132.14	11.18	9.09	101.57	76.9	4	30.5
573.318	29.68	4.45	132.08	11.08	9.34	103.48	78.3	4	31.0
573.379	29.87	4.43	132.30	11.24	9.03	101.52	76.7	4	30.0
573.483	30.84	4.26	131.43	11.17	9.14	102.03	77.6	4	30.0
573.628	28.83	4.57	131.76	11.12	9.06	100.82	76.5	4	32.0
573.689	28.63	4.60	131.84	11.11	8.99	99.95	75.8	4	31.0
573.793	28.58	4.61	131.68	11.09	9.07	100.59	76.4	4	31.5
573.938	30.12	4.37	131.47	11.01	9.22	101.48	77.2	4	31.0
573.999	30.05	4.41	132.53	11.06	9.13	100.95	76.2	4	31.0
574.103	29.11	4.53	131.98	11.02	9.19	101.28	76.7	4	30.0
574.248	29.67	4.44	131.69	11.10	9.25	102.62	77.9	4	31.0
574.309	29.49	4.48	132.16	11.12	9.02	100.27	75.9	4	30.5
574.413	30.06	4.40	132.34	11.10	9.14	101.46	76.7	4	32.0
574.558	29.83	4.42	131.93	11.16	8.95	99.93	75.7	4	30.5
574.619	29.97	4.40	131.87	11.05	9.30	102.79	77.9	4	29.5
574.723	30.71	4.29	131.61	11.07	9.03	100.04	76.0	4	30.5
574.868	29.87	4.41	131.67	11.14	9.11	101.46	77.1	4	30.5
574.929	29.95	4.41	132.15	11.15	9.24	102.98	77.9	4	29.5
575.033	30.39	4.35	132.25	11.11	9.17	101.85	77.0	4	31.5
575.178	29.04	4.56	132.33	11.08	9.21	102.02	77.1	4	30.5
575.239	29.90	4.39	131.30	11.14	9.04	100.62	76.6	4	29.5
575.343	30.67	4.27	131.08	11.09	9.11	100.98	77.0	4	30.0
575.488	30.13	4.38	132.11	11.06	9.23	102.13	77.3	4	30.5
575.549	30.17	4.40	132.80	11.15	9.04	100.75	75.9	4	31.0
575.653	29.94	4.44	132.81	11.12	9.32	103.61	78.0	4	30.5
575.798	30.36	4.38	132.87	11.08	9.19	101.80	76.6	4	29.5
575.859	30.24	4.37	132.29	11.09	9.27	102.78	77.7	4	30.5
575.963	29.97	4.44	133.03	11.19	9.10	101.81	76.5	4	29.5
576.108	30.13	4.37	131.81	11.14	9.19	102.37	77.7	4	30.5
576.169	30.33	4.34	131.54	11.12	9.00	100.11	76.1	4	30.5
576.273	30.04	4.38	131.48	11.19	9.07	101.48	77.2	4	31.5
576.418	29.29	4.51	132.20	11.18	8.99	100.49	76.0	4	30.5
576.479	29.84	4.42	131.98	11.10	9.25	102.74	77.8	4	30.5
576.583	30.17	4.36	131.51	11.10	9.09	100.90	76.7	4	30.0
576.728	29.64	4.45	131.90	11.09	9.14	101.37	76.9	4	30.5
576.789	30.12	4.38	131.81	11.10	9.19	101.97	77.4	4	29.5
576.893	29.44	4.46	131.17	11.11	9.17	101.91	77.7	4	30.5
577.038	30.39	4.30	130.74	11.09	9.15	101.52	77.7	4	29.5
577.099	30.80	4.25	131.01	11.06	9.09	100.48	76.7	4	30.5
577.203	29.18	4.48	130.62	11.06	8.97	99.27	76.0	4	32.5
577.348	27.95	4.64	129.68	11.09	8.94	99.14	76.4	4	31.0
577.409	29.34	4.44	130.34	11.06	8.98	99.31	76.2	4	29.0
577.513	30.67	4.27	131.08	11.08	9.05	100.34	76.5	4	30.0
577.658	29.37	4.49	131.77	11.03	9.15	100.84	76.5	4	31.5
577.719	29.10	4.52	131.47	11.07	9.04	100.04	76.1	4	31.5
577.823	29.88	4.40	131.52	11.07	9.05	100.13	76.1	4	29.5
577.968	30.77	4.27	131.37	11.01	9.26	101.98	77.6	4	29.0
578.029	30.59	4.30	131.40	11.07	9.15	101.33	77.1	4	31.0
578.133	29.67	4.46	132.26	11.09	9.19	101.87	77.0	4	31.5
578.278	30.46	4.31	131.24	11.13	9.05	100.78	76.8	4	30.0
578.339	29.52	4.43	130.84	11.03	9.19	101.39	77.5	4	31.0
578.443	30.39	4.35	132.33	11.11	9.01	100.09	75.6	4	30.0
578.588	30.68	4.29	131.64	11.14	9.10	101.43	77.1	4	30.0
578.649	30.44	4.33	131.97	11.12	9.22	102.54	77.7	4	31.5
578.753	29.26	4.51	131.99	11.09	9.25	102.58	77.7	4	31.0
578.898	28.47	4.61	131.38	11.19	8.93	99.98	76.1	4	32.0
578.959	28.63	4.59	131.56	11.15	9.11	101.53	77.2	4	30.5
579.063	30.06	4.38	131.71	11.09	9.24	102.50	77.8	4	29.5
579.208	29.47	4.45	131.29	11.07	9.11	100.91	76.9	4	31.0
579.269	30.02	4.37	131.29	11.14	9.10	101.43	77.3	4	30.0
579.373	30.40	4.32	131.35	11.11	9.22	102.41	78.0	4	29.5
579.518	29.61	4.45	131.64	11.08	9.13	101.09	76.8	4	32.0
579.579	29.40	4.51	132.53	11.16	8.96	100.01	75.5	4	30.0
579.683	30.48	4.31	131.39	11.15	9.02	100.61	76.6	4	30.0
579.828	28.64	4.56	130.69	11.10	9.13	101.37	77.6	4	31.5
579.889	29.29	4.49	131.49	11.14	8.99	100.20	76.2	4	30.0
579.993	30.00	4.39	131.66	11.16	9.08	101.38	77.0	4	31.0
580.138	29.25	4.52	132.26	11.10	9.09	100.89	76.3	4	32.0
580.199	28.75	4.58	131.66	11.11	9.09	101.02	76.7	4	30.5
580.303	29.51	4.48	132.04	11.15	9.08	101.19	76.6	4	31.0
580.448	30.71	4.28	131.39	11.18	8.96	100.16	76.2	4	29.5
580.509	30.04	4.37	131.28	11.10	9.14	101.39	77.2	4	31.5
580.613	29.21	4.51	131.73	11.14	9.03	100.69	76.4	4	30.5
580.758	29.72	4.45	132.18	11.16	9.14	102.02	77.2	4	31.5
580.819	29.14	4.53	131.93	11.20	9.01	100.85	76.4	4	30.5
580.923	30.15	4.36	131.37	11.18	9.16	102.44	78.0	4	30.5
581.068	29.22	4.53	132.43	11.15	8.97	100.03	75.5	4	32.0
581.129	29.26	4.53	132.51	11.25	9.06	101.91	76.9	4	31.0
581.233	29.68	4.47	132.52	11.20	9.10	101.85	76.9	4	32.0
581.378	29.98	4.41	132.32	11.28	9.10	102.60	77.5	4	30.0
581.439	30.25	4.38	132.42	11.21	9.04	101.31	76.5	4	30.5
581.543	29.38	4.50	132.26	11.19	8.99	100.62	76.1	4	31.5
581.688	30.22	4.39	132.63	11.13	9.26	103.01	77.7	4	29.0
581.749	30.62	4.29	131.48	11.16	9.12	101.86	77.5	4	30.5
581.853	29.82	4.44	132.28	11.18	9.06	101.31	76.6	4	30.0
581.998	29.13	4.51	131.30	11.16	9.14	102.03	77.7	4	31.5
582.059	29.40	4.49	132.03	11.18	9.10	101.73	77.0	4	30.5
582.163	30.41	4.30	130.66	11.17	9.20	102.77	78.7	4	30.0
582.308	29.90	4.40	131.65	11.12	9.18	102.12	77.6	4	31.0
582.369	30.47	4.31	131.34	11.13	9.24	102.87	78.3	4	30.0
582.473	29.53	4.46	131.59	11.14	9.21	102.61	78.0	4	32.0
582.618	29.11	4.56	132.65	11.17	9.08	101.47	76.5	4	30.0
582.679	29.76	4.47	132.95	11.15	9.13	101.84	76.6	4	30.0
582.783	29.94	4.40	131.75	11.12	9.20	102.34	77.7	4	30.5
582.928	28.76	4.56	131.10	11.11	9.23	102.53	78.2	4	31.0
582.989	29.68	4.43	131.42	11.12	9.10	101.23	77.0	4	30.0
583.093	30.40	4.34	132.04	11.08	9.12	100.99	76.5	4	31.0
583.238	29.91	4.39	131.45	11.18	8.94	99.89	76.0	4	29.5
583.299	30.32	4.33	131.36	11.13	9.05	100.66	76.6	4	31.0
583.403	29.33	4.49	131.60	11.11	9.12	101.28	77.0	4	30.0
583.548	30.45	4.31	131.25	11.15	9.06	101.05	77.0	4	30.0
583.609	29.97	4.37	130.81	11.15	9.20	102.59	78.4	4	31.5
583.713	28.45	4.59	130.53	11.08	9.14	101.29	77.6	4	31.5
583.858	30.09	4.38	131.80	11.15	9.13	101.79	77.2	4	31.0
583.919	30.40	4.34	132.03	11.08	9.30	103.02	78.0	4	30.5
584.023	30.65	4.31	131.97	11.16	9.16	102.20	77.4	4	31.0
584.168	30.11	4.37	131.68	11.20	9.22	103.23	78.4	4	30.0
584.229	30.10	4.41	132.67	11.22	9.14	102.61	77.3	4	31.5
584.333	30.24	4.38	132.38	11.22	9.10	102.08	77.1	4	30.5
584.478	29.97	4.44	132.93	11.12	9.25	102.89	77.4	4	31.0
584.539	30.06	4.40	132.28	11.24	8.95	100.60	76.0	4	30.5
584.643	31.08	4.21	130.92	11.15	9.04	100.81	77.0	4	29.5
584.788	30.59	4.32	132.11	11.08	9.13	101.20	76.6	4	31.5
584.849	29.55	4.47	132.08	11.17	9.02	100.68	76.2	4	31.5
584.953	30.10	4.39	132.01	11.15	9.11	101.58	77.0	4	30.5
585.098	30.02	4.43	132.85	11.12	9.15	101.78	76.6	4	31.5
585.159	29.44	4.50	132.32	11.11	9.17	101.88	77.0	4	31.5
585.263	30.47	4.32	131.70	11.11	9.03	100.36	76.2	4	30.5
585.408	30.42	4.36	132.77	11.09	9.16	101.58	76.5	4	29.0
585.469	30.26	4.38	132.65	11.13	9.01	100.27	75.6	4	32.0
585.573	29.74	4.45	132.50	11.14	9.19	102.44	77.3	4	31.0
585.718	29.40	4.51	132.70	11.04	9.29	102.54	77.3	4	30.5
585.779	29.93	4.42	132.43	11.15	9.14	101.83	76.9	4	30.5
585.883	29.87	4.42	132.16	11.13	9.19	102.23	77.4	4	31.5
586.028	29.83	4.43	132.11	11.13	9.15	101.90	77.1	4	29.5
586.089	30.29	4.36	131.95	11.17	9.10	101.64	77.0	4	30.5
586.193	29.22	4.53	132.25	11.13	9.18	102.17	77.3	4	31.5
586.338	30.61	4.32	132.17	11.19	9.00	100.78	76.2	4	30.0
586.399	30.19	4.40	132.92	11.13	9.11	101.44	76.3	4	31.0
586.503	30.13	4.40	132.70	11.12	9.10	101.18	76.2	4	29.5
586.648	30.76	4.28	131.74	11.12	9.17	101.99	77.4	4	30.0
586.709	30.11	4.40	132.38	11.13	9.09	101.17	76.4	4	30.5
586.813	29.28	4.52	132.29	11.15	9.12	101.71	76.9	4	31.5
586.958	30.08	4.41	132.64	11.13	9.07	100.96	76.1	4	29.0
587.019	30.38	4.33	131.49	11.14	9.19	102.38	77.9	4	30.0
587.123	29.54	4.44	131.24	11.13	9.07	101.01	77.0	4	32.5
587.268	30.17	4.37	131.80	11.10	9.18	101.93	77.3	4	29.0
587.329	30.37	4.34	131.89	11.16	9.05	100.98	76.6	4	31.0
587.433	29.01	4.52	131.26	11.17	9.14	102.04	77.7	4	32.5
587.578	29.23	4.48	131.06	11.12	9.10	101.26	77.3	4	31.0
587.639	29.30	4.48	131.26	11.14	9.27	103.25	78.7	4	31.0
587.743	30.45	4.30	130.98	11.15	9.00	100.41	76.7	4	29.5
587.888	29.77	4.43	131.90	11.15	8.99	100.26	76.0	4	31.0
587.949	29.42	4.51	132.81	11.16	8.97	100.09	75.4	4	32.5
588.053	29.36	4.51	132.51	11.17	9.16	102.28	77.2	4	29.5
588.198	29.92	4.43	132.47	11.21	9.04	101.32	76.5	4	31.0
588.259	30.51	4.32	131.89	11.22	9.01	101.09	76.6	4	29.5
588.363	30.20	4.39	132.54	11.21	9.17	102.74	77.5	4	32.0
588.508	30.29	4.37	132.43	11.18	9.00	100.64	76.0	4	31.0
588.569	30.01	4.43	132.89	11.20	9.18	102.75	77.3	4	31.0
588.673	30.14	4.43	133.58	11.20	9.21	103.19	77.3	4	30.5
588.818	29.92	4.44	132.76	11.16	9.16	102.21	77.0	4	31.0
588.879	29.36	4.52	132.66	11.15	9.06	101.02	76.1	4	32.0
588.983	29.10	4.54	132.10	11.14	9.17	102.15	77.3	4	29.5
589.128	30.86	4.27	131.64	11.12	8.94	99.40	75.5	4	30.5
589.189	29.96	4.40	131.90	11.10	9.02	100.10	75.9	4	32.0
589.293	29.99	4.41	132.32	11.09	9.19	101.99	77.1	4	29.0
589.438	30.49	4.35	132.59	11.15	9.05	100.94	76.1	4	29.0
589.499	31.36	4.19	131.34	11.04	9.09	100.34	76.4	4	29.5
589.603	30.32	4.39	133.05	11.10	9.19	102.04	76.7	4	31.5
589.748	30.58	4.34	132.82	11.14	9.03	100.58	75.7	4	30.0
589.809	30.50	4.37	133.43	11.13	9.17	102.06	76.5	4	29.5
589.913	30.26	4.41	133.32	11.05	9.29	102.72	77.1	4	30.0
590.058	30.33	4.38	132.94	11.15	9.16	102.04	76.8	4	30.5
590.119	29.91	4.45	133.15	11.09	9.22	102.27	76.8	4	30.5
590.223	30.66	4.31	132.26	11.14	9.11	101.42	76.7	4	30.0
590.368	29.88	4.44	132.71	11.12	9.28	103.12	77.7	4	31.5
590.429	29.82	4.46	133.02	11.16	9.18	102.51	77.1	4	30.0
590.533	30.51	4.34	132.41	11.13	9.14	101.74	76.8	4	29.0
590.678	30.53	4.33	132.22	11.12	9.22	102.59	77.6	4	29.5
590.739	30.45	4.35	132.54	11.13	9.14	101.78	76.8	4	31.5
590.843	29.41	4.48	131.68	11.16	9.11	101.71	77.2	4	30.5
590.988	29.09	4.53	131.70	11.09	9.24	102.48	77.8	4	29.5
591.049	29.99	4.39	131.72	11.11	9.11	101.27	76.9	4	29.5
591.153	29.72	4.42	131.46	11.05	9.13	100.95	76.8	4	31.5
591.298	29.72	4.44	131.98	11.07	9.23	102.11	77.4	4	29.5
591.359	29.87	4.40	131.49	11.11	9.11	101.29	77.0	4	31.5
591.463	28.74	3.87	111.28	10.54	7.97	83.95	75.4	4	28.5
591.608	27.42	3.00	82.30	9.08	6.97	63.31	76.9	4	27.0
591.668	27.06	2.87	77.60	8.60	7.01	60.29	77.7	4	26.0
591.772	27.97	2.71	75.76	8.19	7.05	57.69	76.2	4	23.5
591.916	31.43	2.42	75.93	7.66	7.45	57.10	75.2	4	20.5
591.976	31.92	2.39	76.18	7.56	7.22	54.60	71.7	4	21.0
592.080	30.95	2.37	73.40	7.23	7.20	52.09	71.0	4	21.5
592.225	22.50	1.40	31.56	4.37	5.10	22.31	70.7	4	14.5
592.285	20.62	1.13	23.35	3.32	4.63	15.36	65.8	4	11.5
592.389	19.92	0.74	14.68	2.26	3.73	8.43	57.5	4	10.0
592.533	19.60	0.59	11.63	1.90	3.46	6.56	56.4	4	10.0
592.593	19.56	0.57	11.15	1.83	3.40	6.22	55.8	4	10.0
592.696	19.20	0.54	10.43	1.75	3.26	5.69	54.5	4	10.0
592.840	19.27	0.54	10.45	1.73	3.22	5.55	53.2	4	10.0
592.900	19.14	0.53	10.10	1.71	3.20	5.46	54.1	4	10.0
593.003	19.68	0.53	10.53	1.76	3.28	5.76	54.7	4	10.0
593.147	19.61	0.54	10.64	1.78	3.30	5.87	55.2	4	10.0
593.207	19.90	0.54	10.71	1.79	3.30	5.91	55.2	4	10.0
593.310	20.46	0.56	11.36	1.86	3.39	6.31	55.6	4	10.0
593.454	23.90	0.63	15.00	2.19	3.86	8.43	56.2	4	10.0
593.514	25.88	0.66	17.04	2.40	4.10	9.81	57.6	4	10.0
593.617	26.66	0.66	17.52	2.46	4.29	10.53	60.1	4	10.0
593.762	23.42	0.60	14.14	2.13	3.80	8.11	57.4	4	10.0
593.822	22.70	0.59	13.48	2.07	3.69	7.63	56.6	4	10.0
593.925	22.12	0.58	12.73	2.02	3.56	7.20	56.6	4	10.0
594.069	23.17	0.56	13.07	2.17	3.48	7.54	57.7	4	10.0
594.129	23.50	0.57	13.50	2.21	3.56	7.85	58.1	4	10.0
594.232	28.87	0.74	21.50	2.69	4.59	12.32	57.3	4	10.0
594.376	35.92	0.96	34.63	3.29	6.32	20.80	60.1	4	10.0
594.436	37.04	1.01	37.48	3.37	6.59	22.19	59.2	4	10.0
594.539	37.97	1.03	39.18	3.44	6.78	23.33	59.5	4	10.0
594.684	38.35	1.03	39.64	3.51	6.86	24.08	60.7	4	10.5
594.744	38.07	1.21	45.98	3.77	7.47	28.13	61.2	4	13.5
594.848	36.34	2.21	80.43	4.79	10.21	48.94	60.8	4	19.0
594.993	30.00	3.97	119.22	5.73	12.66	72.51	60.8	4	26.0
595.054	27.23	4.37	118.97	5.73	12.76	73.11	61.5	4	25.5
595.158	25.70	4.67	119.97	5.85	12.97	75.84	63.2	4	23.5
595.303	30.77	4.12	126.88	5.99	13.31	79.68	62.8	4	19.5
595.364	31.94	3.90	124.63	6.18	12.93	79.83	64.1	4	21.5
595.468	32.44	3.85	124.90	6.64	12.47	82.79	66.3	4	23.0
595.613	29.43	4.40	129.54	7.30	12.15	88.66	68.4	4	25.0
595.674	30.29	4.29	129.90	7.55	11.89	89.84	69.2	4	24.0
595.778	31.76	4.02	127.77	8.23	11.16	91.87	71.9	4	24.5
595.923	31.12	4.20	130.58	9.09	10.56	95.93	73.5	4	29.5
595.984	29.33	4.44	130.22	9.30	10.38	96.60	74.2	4	29.5
596.088	29.88	4.39	131.28	9.73	10.03	97.52	74.3	4	28.0
596.233	30.55	4.33	132.26	10.12	9.82	99.40	75.2	4	30.0
596.294	29.92	4.43	132.57	10.34	9.61	99.32	74.9	4	29.0
596.398	29.93	4.43	132.53	10.52	9.43	99.28	74.9	4	29.5
596.543	29.72	4.46	132.45	10.62	9.65	102.49	77.4	4	31.0
596.604	29.71	4.46	132.36	10.59	10.05	106.50	80.5	4	30.5
596.708	29.16	4.53	132.16	10.81	9.42	101.78	77.0	4	30.0
596.853	30.51	4.31	131.58	11.01	9.07	99.83	75.9	4	30.0
596.914	30.63	4.31	131.86	10.95	9.41	103.13	78.2	4	29.5
597.018	29.57	4.47	132.28	10.94	9.38	102.63	77.6	4	30.0
597.163	29.89	4.43	132.49	11.00	9.26	101.82	76.9	4	31.5
597.224	28.97	4.56	131.99	10.86	9.45	102.63	77.8	4	32.0
597.328	29.86	4.43	132.18	10.93	9.32	101.90	77.1	4	30.5
597.473	30.26	4.36	132.00	11.07	9.05	100.16	75.9	4	30.0
1486.566	38.88	0.35	13.54	1.38	1.90	2.63	19.5	4	12.0
1486.626	38.05	0.79	30.04	2.98	4.16	12.41	41.3	4	15.0
1486.730	33.92	2.05	69.56	4.54	8.46	38.43	55.2	4	20.5
1486.875	25.25	2.93	74.07	4.61	9.75	44.90	60.6	4	21.5
1486.935	24.42	3.05	74.49	4.64	9.94	46.15	62.0	4	21.5
1487.039	28.85	2.92	84.39	4.97	10.70	53.18	63.0	4	16.0
1487.184	33.13	2.54	84.20	4.97	10.76	53.49	63.5	4	16.0
1487.245	33.63	2.51	84.47	4.98	10.81	53.77	63.7	4	16.0
1487.349	34.02	2.49	84.66	4.98	10.83	53.96	63.7	4	17.0
1487.494	29.95	2.94	88.08	5.04	11.07	55.84	63.4	4	20.0
1487.555	29.22	3.01	88.01	5.07	11.12	56.39	64.1	4	20.0
1487.659	28.77	3.07	88.37	5.11	11.09	56.64	64.1	4	18.5
1487.804	32.16	2.77	89.06	5.12	11.19	57.26	64.3	4	17.5
1487.865	32.81	2.73	89.57	5.14	11.19	57.48	64.2	4	17.5
1487.969	31.63	2.86	90.33	5.17	11.24	58.11	64.3	4	19.0
1488.114	30.59	2.97	90.92	5.21	11.27	58.76	64.6	4	17.5
1488.175	31.44	2.89	90.77	5.22	11.31	59.03	65.0	4	18.5
1488.279	30.20	3.00	90.50	5.18	11.31	58.56	64.7	4	19.5
1488.424	31.70	2.88	91.15	5.13	11.34	58.16	63.8	4	17.5
1488.485	31.82	2.87	91.20	5.14	11.35	58.30	63.9	4	19.0
1488.589	30.54	2.98	91.03	5.17	11.31	58.43	64.2	4	19.5
1488.734	31.08	2.91	90.47	5.14	11.37	58.46	64.6	4	17.5
1488.795	31.83	2.84	90.35	5.15	11.33	58.35	64.6	4	18.0
1488.899	31.64	2.86	90.56	5.18	11.31	58.55	64.7	4	19.5
1489.044	31.69	2.87	91.01	5.52	10.87	59.96	65.9	4	20.0
1489.105	31.42	2.90	91.00	5.80	10.56	61.22	67.3	4	21.0
1489.209	30.79	2.95	90.93	6.30	9.90	62.35	68.6	4	22.0
1489.354	31.58	2.90	91.68	6.74	9.69	65.30	71.2	4	21.0
1489.414	31.96	2.84	90.89	6.92	9.42	65.24	71.8	4	21.5
1489.518	31.95	2.85	90.95	7.16	9.29	66.45	73.1	4	22.0
1489.663	31.79	2.88	91.53	7.40	9.21	68.14	74.4	4	22.0
1489.723	31.92	2.85	91.09	7.59	8.48	64.37	70.7	4	22.0
1489.827	31.97	2.85	91.23	7.48	9.11	68.13	74.7	4	22.5
1489.972	31.19	2.93	91.36	7.45	9.34	69.64	76.2	4	23.5
1490.032	31.35	2.91	91.34	7.75	8.48	65.66	71.9	4	23.0
1490.136	31.51	2.89	91.08	7.69	8.87	68.17	74.8	4	23.0
1490.281	31.89	2.84	90.65	7.86	8.45	66.35	73.2	4	23.5
1490.341	31.17	2.93	91.19	7.90	8.45	66.77	73.2	4	23.5
1490.445	31.68	2.88	91.14	7.92	8.35	66.11	72.5	4	22.5
1490.590	30.61	2.95	90.37	7.81	8.54	66.68	73.8	4	23.5
1490.650	31.59	2.85	90.19	7.82	8.65	67.64	75.0	4	22.5
1490.754	32.59	2.75	89.63	7.80	8.58	66.96	74.7	4	23.5
1490.899	32.42	2.78	90.21	7.76	8.66	67.16	74.4	4	21.5
1490.959	32.71	2.75	90.02	7.80	8.40	65.50	72.8	4	22.5
1491.063	30.71	2.92	89.78	7.77	8.38	65.10	72.5	4	24.5
1491.208	32.15	2.81	90.30	7.79	8.42	65.57	72.6	4	21.5
1491.268	32.54	2.77	90.13	7.85	8.18	64.25	71.3	4	23.0
1491.372	31.00	2.92	90.50	7.71	8.89	68.56	75.8	4	23.0
1491.517	32.11	2.82	90.42	7.75	8.96	69.44	76.8	4	24.0
1491.577	30.86	2.93	90.28	7.76	8.58	66.56	73.7	4	24.0
1491.681	30.97	2.94	90.97	7.84	8.70	68.16	74.9	4	22.5
1491.826	31.66	2.88	91.03	7.90	8.50	67.16	73.8	4	23.5
1491.886	30.96	2.94	90.94	7.87	8.56	67.37	74.1	4	23.0
1491.990	31.48	2.89	90.92	7.90	8.43	66.63	73.3	4	23.0
1492.135	31.55	2.89	91.10	7.86	8.55	67.22	73.8	4	21.5
1492.195	31.97	2.84	90.76	7.86	8.66	68.01	74.9	4	23.5
1492.299	30.58	2.97	90.75	7.82	8.52	66.66	73.5	4	23.0
1492.444	31.55	2.89	91.13	7.84	8.72	68.32	75.0	4	23.0
1492.504	31.86	2.85	90.84	7.82	8.68	67.89	74.7	4	23.0
1492.608	31.67	2.88	91.08	7.86	8.45	66.42	72.9	4	23.5
1492.753	31.25	2.94	91.75	7.86	8.54	67.11	73.1	4	23.5
1492.813	31.69	2.88	91.20	7.88	8.48	66.82	73.3	4	23.0
1492.917	30.75	2.97	91.39	7.82	8.70	68.09	74.5	4	23.0
1493.062	31.70	2.88	91.32	7.94	8.39	66.58	72.9	4	23.0
1493.122	31.05	2.95	91.46	7.86	8.59	67.50	73.8	4	23.0
1493.226	31.02	2.94	91.25	7.85	8.66	68.03	74.6	4	24.5
1493.371	31.89	2.86	91.29	7.77	8.70	67.59	74.0	4	21.5
1493.431	31.94	2.84	90.57	7.76	8.57	66.55	73.5	4	23.0
1493.535	31.52	2.88	90.90	7.82	8.56	66.99	73.7	4	23.5
1493.680	30.82	2.95	91.00	7.77	8.57	66.54	73.1	4	23.5
1493.740	31.33	2.91	91.31	7.84	8.54	66.92	73.3	4	23.0
1493.844	31.20	2.91	90.88	7.81	8.79	68.67	75.6	4	24.0
1493.989	31.98	2.84	90.72	7.81	8.53	66.61	73.4	4	22.5
1494.049	31.36	2.89	90.79	7.82	8.44	66.02	72.7	4	23.5
1494.153	31.46	2.89	90.83	7.78	8.66	67.36	74.2	4	23.0
1494.298	31.18	2.92	91.06	7.84	8.43	66.12	72.6	4	23.5
1494.358	31.27	2.92	91.38	7.86	8.48	66.65	72.9	4	23.0
1494.462	31.36	2.90	90.81	7.79	8.79	68.45	75.4	4	23.0
1494.607	31.75	2.86	90.85	7.86	8.57	67.34	74.1	4	22.0
1494.667	31.60	2.87	90.79	7.77	8.75	67.97	74.9	4	22.5
1494.771	32.33	2.79	90.24	7.82	8.53	66.68	73.9	4	23.0
1494.916	30.65	2.95	90.35	7.82	8.49	66.37	73.5	4	22.5
1494.976	31.85	2.83	90.19	7.78	8.40	65.34	72.5	4	22.0
1495.080	32.88	2.72	89.28	7.73	8.50	65.73	73.6	4	22.5
1495.225	31.59	2.88	90.84	7.76	8.61	66.80	73.5	4	24.0
1495.285	31.12	2.91	90.59	7.74	8.72	67.47	74.5	4	23.0
1495.389	31.52	2.89	91.06	7.83	8.50	66.63	73.2	4	23.5
1495.534	31.47	2.91	91.49	7.84	8.53	66.93	73.2	4	23.5
1495.594	31.27	2.92	91.20	7.79	8.61	67.04	73.5	4	23.0
1495.698	31.54	2.90	91.42	7.74	8.93	69.11	75.6	4	22.5
1495.843	30.62	2.97	91.03	7.78	8.58	66.81	73.4	4	22.5
1495.903	31.62	2.87	90.78	7.78	8.62	67.06	73.9	4	22.0
1496.007	30.74	2.96	91.13	7.80	8.58	66.91	73.4	4	24.5
1496.152	31.29	2.92	91.42	7.74	8.70	67.40	73.7	4	24.0
1496.212	30.48	2.98	90.89	7.74	8.76	67.80	74.6	4	23.0
1496.316	31.92	2.83	90.37	7.79	8.49	66.17	73.2	4	22.0
1496.461	31.21	2.92	91.15	7.82	8.65	67.68	74.3	4	24.5
1496.521	30.72	2.96	91.03	7.85	8.41	66.02	72.5	4	22.5
1496.625	31.95	2.83	90.39	7.71	8.69	67.04	74.2	4	21.5
1496.770	30.87	2.95	91.17	7.74	8.55	66.19	72.6	4	24.5
1496.830	30.54	2.97	90.79	7.72	8.71	67.27	74.1	4	22.5
1496.934	31.49	2.87	90.48	7.79	8.69	67.70	74.8	4	23.5
1497.079	31.76	2.86	90.87	7.77	8.57	66.66	73.4	4	22.0
1497.139	32.01	2.83	90.63	7.80	8.54	66.61	73.5	4	22.0
1497.243	31.85	2.83	90.28	7.80	8.50	66.25	73.4	4	24.5
1497.388	31.03	2.92	90.69	7.85	8.46	66.41	73.2	4	22.5
1497.448	31.19	2.93	91.32	7.91	8.37	66.24	72.5	4	24.0
1497.552	31.34	2.91	91.32	7.90	8.46	66.80	73.2	4	22.5
1497.697	31.65	2.85	90.25	7.84	8.47	66.45	73.6	4	24.5
1497.757	30.63	2.93	89.83	7.82	8.50	66.46	74.0	4	23.5
1497.861	32.00	2.82	90.23	7.82	8.62	67.37	74.7	4	22.0
1498.006	30.82	2.92	89.96	7.87	8.59	67.60	75.1	4	24.0
1498.066	31.10	2.90	90.18	7.85	8.64	67.78	75.2	4	22.5
1498.170	32.52	2.78	90.29	7.82	8.51	66.49	73.6	4	21.5
1498.315	31.11	2.93	91.15	7.90	8.35	66.02	72.4	4	23.0
1498.375	30.95	2.95	91.18	7.88	8.64	68.09	74.7	4	24.0
1498.479	31.53	2.86	90.26	7.92	8.43	66.78	74.0	4	22.5
1498.624	30.79	2.94	90.38	7.87	8.42	66.23	73.3	4	24.5
1498.684	30.57	2.96	90.39	7.86	8.54	67.11	74.3	4	23.5
1498.788	30.85	2.94	90.63	7.87	8.57	67.47	74.5	4	22.5
1498.933	31.38	2.90	91.09	7.84	8.50	66.63	73.1	4	22.0
1498.993	31.97	2.85	91.13	7.85	8.64	67.85	74.5	4	22.5
1499.097	31.92	2.86	91.27	7.86	8.51	66.89	73.3	4	22.5
1499.242	31.49	2.92	91.94	7.90	8.53	67.39	73.3	4	22.5
1499.302	31.93	2.86	91.44	7.85	8.67	68.04	74.4	4	23.0
1499.406	31.63	2.86	90.56	7.93	8.49	67.27	74.3	4	23.0
1499.551	30.76	2.96	90.95	7.93	8.62	68.36	75.2	4	24.0
1499.611	30.69	2.96	90.81	7.97	8.50	67.75	74.6	4	23.0
1499.715	32.09	2.82	90.34	7.92	8.49	67.21	74.4	4	23.0
1499.860	31.87	2.86	91.26	7.86	8.64	67.97	74.5	4	21.5
1499.920	32.02	2.85	91.14	7.96	8.47	67.41	74.0	4	24.5
1500.024	30.62	2.97	90.84	7.94	8.41	66.80	73.5	4	23.0
1500.169	31.52	2.89	91.07	7.91	8.67	68.56	75.3	4	23.0
1500.229	31.79	2.88	91.46	7.93	8.61	68.25	74.6	4	23.0
1500.333	32.13	2.83	90.95	7.91	8.66	68.48	75.3	4	22.5
1500.478	32.06	2.83	90.67	8.00	8.36	66.91	73.8	4	23.0
1500.538	31.76	2.85	90.61	8.00	8.39	67.13	74.1	4	23.0
1500.642	31.65	2.87	90.81	8.02	8.42	67.52	74.4	4	23.0
1500.787	31.77	2.87	91.08	7.95	8.58	68.20	74.9	4	22.0
1500.847	31.61	2.87	90.85	7.94	8.54	67.83	74.7	4	24.0
1500.951	32.06	2.83	90.70	8.00	8.35	66.85	73.7	4	22.5
1501.096	30.60	2.96	90.44	7.96	8.52	67.84	75.0	4	23.5
1501.156	31.71	2.85	90.48	8.03	8.53	68.43	75.6	4	22.5
1501.260	31.02	2.92	90.52	7.97	8.54	68.04	75.2	4	23.0
1501.405	31.02	2.94	91.12	7.98	8.40	67.04	73.6	4	24.0
1501.465	31.48	2.90	91.35	7.96	8.50	67.65	74.1	4	22.5
1501.569	31.76	2.88	91.35	7.96	8.55	68.07	74.5	4	23.5
1501.714	31.13	2.95	91.78	7.96	8.66	68.90	75.1	4	24.5
1501.774	30.55	2.98	90.98	7.98	8.46	67.48	74.2	4	24.0
1501.878	31.09	2.93	91.06	8.01	8.58	68.69	75.4	4	23.5
1502.023	31.49	2.89	90.87	7.94	8.51	67.56	74.3	4	23.0
1502.083	31.68	2.88	91.37	7.92	8.58	67.90	74.3	4	23.0
1502.187	32.05	2.83	90.59	7.95	8.55	67.93	75.0	4	23.5
1502.332	30.81	2.94	90.65	7.99	8.39	66.98	73.9	4	23.0
1502.392	31.63	2.88	90.97	7.94	8.53	67.76	74.5	4	22.0
1502.496	31.51	2.87	90.47	7.95	8.60	68.32	75.5	4	23.5
1502.641	30.34	2.97	90.12	7.99	8.38	66.91	74.2	4	23.0
1502.701	31.53	2.86	90.12	7.93	8.47	67.20	74.6	4	22.5
1502.805	32.06	2.80	89.85	7.93	8.53	67.59	75.2	4	23.0
1502.950	30.32	2.98	90.31	7.96	8.55	68.09	75.4	4	24.0
1503.010	30.31	2.99	90.62	7.98	8.42	67.19	74.1	4	24.0
1503.114	30.43	2.99	90.86	7.96	8.41	66.89	73.6	4	23.0
1503.259	30.89	2.95	91.07	7.97	8.40	66.91	73.5	4	24.0
1503.319	31.32	2.92	91.50	7.95	8.50	67.55	73.8	4	22.0
1503.423	32.63	2.76	89.95	7.90	8.47	66.92	74.4	4	22.5
1503.568	30.12	2.98	89.69	7.90	8.23	65.06	72.5	4	24.5
1503.628	30.71	2.95	90.46	7.89	8.44	66.65	73.7	4	22.0
1503.732	31.37	2.89	90.50	7.98	8.37	66.76	73.8	4	23.5
1503.877	32.22	2.82	90.95	7.91	8.51	67.30	74.0	4	23.0
1503.937	31.51	2.89	91.07	7.93	8.59	68.12	74.8	4	24.0
1504.041	31.98	2.84	90.98	8.00	8.36	66.83	73.5	4	23.0
1504.186	31.82	2.86	91.03	7.95	8.44	67.10	73.7	4	23.5
1504.246	31.22	2.93	91.42	7.93	8.58	68.05	74.4	4	24.0
1504.350	31.01	2.93	90.73	8.02	8.44	67.67	74.6	4	23.0
1504.495	32.32	2.79	90.03	8.01	8.43	67.49	75.0	4	23.0
1504.555	31.27	2.89	90.28	7.99	8.45	67.51	74.8	4	24.0
1504.659	31.69	2.84	90.12	8.05	8.43	67.86	75.3	4	22.5
1504.804	32.60	2.76	89.82	8.00	8.41	67.31	74.9	4	23.0
1504.864	32.16	2.82	90.84	7.92	8.57	67.91	74.8	4	23.5
1504.968	32.17	2.82	90.84	8.03	8.48	68.12	75.0	4	23.5
1505.113	31.27	2.90	90.83	8.02	8.42	67.51	74.3	4	22.5
1505.173	31.21	2.92	91.01	8.03	8.31	66.77	73.4	4	24.0
1505.277	31.52	2.89	91.19	8.00	8.46	67.68	74.2	4	22.0
1505.422	30.35	2.98	90.52	7.99	8.56	68.38	75.5	4	24.5
1505.482	30.91	2.93	90.60	8.09	8.32	67.31	74.3	4	23.0
1505.586	32.25	2.78	89.79	7.99	8.46	67.52	75.2	4	22.5
1505.731	32.19	2.79	89.78	8.00	8.34	66.66	74.2	4	25.0
1505.791	30.30	2.94	88.97	8.00	8.18	65.45	73.6	4	26.0
1505.895	28.90	3.05	88.12	7.87	8.30	65.27	74.1	4	24.5
1506.040	32.11	2.77	88.98	7.94	8.27	65.61	73.7	4	21.5
1506.100	32.75	2.71	88.60	7.91	8.31	65.75	74.2	4	22.0
1506.204	31.03	2.89	89.58	7.99	8.26	66.03	73.7	4	24.5
1506.349	31.05	2.89	89.80	7.97	8.39	66.84	74.4	4	22.5
1506.409	31.93	2.80	89.37	8.01	8.42	67.40	75.4	4	22.0
1506.513	32.34	2.77	89.54	7.96	8.41	67.00	74.8	4	23.0
1506.658	31.89	2.84	90.48	8.05	8.37	67.32	74.4	4	24.0
1506.718	31.51	2.86	90.23	8.04	8.43	67.78	75.1	4	23.0
1506.822	32.00	2.82	90.16	8.07	8.25	66.59	73.9	4	23.0
1506.967	30.61	2.97	90.87	7.97	8.46	67.45	74.2	4	24.0
1507.027	30.46	3.00	91.25	8.04	8.42	67.64	74.1	4	25.0
1507.131	30.90	2.95	91.08	8.17	8.31	67.90	74.5	4	23.0
1507.276	31.94	2.84	90.69	8.13	8.41	68.33	75.3	4	22.0
1507.336	32.62	2.76	89.87	8.04	8.30	66.78	74.3	4	22.0
1507.440	31.62	2.87	90.65	8.06	8.24	66.42	73.3	4	25.0
1507.585	32.78	2.73	89.55	7.98	8.36	66.68	74.5	4	21.5
1507.645	32.60	2.75	89.69	8.01	8.30	66.50	74.1	4	24.0
1507.749	31.22	2.88	90.02	8.01	8.46	67.75	75.3	4	22.5
1507.894	32.35	2.79	90.19	8.08	8.26	66.75	74.0	4	24.0
1507.954	30.94	2.92	90.33	7.99	8.42	67.31	74.5	4	24.5
1508.058	31.52	2.87	90.48	8.03	8.36	67.16	74.2	4	22.5
1508.203	31.16	2.89	89.98	8.02	8.37	67.11	74.6	4	25.5
1508.263	29.75	2.99	88.93	7.98	8.40	67.01	75.4	4	25.0
1508.367	30.63	2.93	89.64	7.99	8.38	67.00	74.7	4	22.0
1508.512	30.68	2.94	90.26	8.02	8.45	67.81	75.1	4	25.0
1508.572	30.45	2.97	90.39	8.02	8.36	67.09	74.2	4	23.5
1508.676	31.41	2.88	90.56	8.03	8.51	68.32	75.4	4	23.5
1508.821	31.66	2.87	90.97	8.10	8.36	67.69	74.4	4	24.0
1508.881	32.10	2.83	90.69	8.07	8.36	67.45	74.4	4	22.5
1508.985	30.99	2.93	90.71	8.07	8.40	67.76	74.7	4	24.5
1509.130	31.38	2.89	90.82	8.14	8.32	67.68	74.5	4	24.0
1509.190	30.72	2.96	90.95	8.12	8.41	68.27	75.1	4	23.5
1509.294	31.68	2.87	90.87	8.10	8.36	67.67	74.5	4	24.0
1509.439	31.26	2.93	91.68	8.13	8.36	68.02	74.2	4	22.0
1509.499	31.61	2.86	90.27	8.16	8.29	67.62	74.9	4	23.5
1509.603	31.55	2.88	90.72	8.14	8.38	68.21	75.2	4	24.5
1509.748	30.24	3.00	90.58	8.18	8.44	69.07	76.3	4	24.5
1509.808	31.08	2.91	90.51	8.20	8.25	67.64	74.7	4	22.5
1509.912	31.51	2.87	90.55	8.20	8.28	67.88	75.0	4	24.0
1510.057	31.71	2.88	91.35	8.17	8.21	67.11	73.5	4	22.5
1510.117	32.02	2.84	90.78	8.10	8.31	67.29	74.1	4	24.0
1510.221	31.08	2.92	90.91	8.03	8.54	68.61	75.5	4	23.5
1510.366	31.24	2.93	91.52	8.10	8.48	68.70	75.1	4	22.5
1510.426	31.38	2.91	91.42	8.05	8.58	69.08	75.6	4	24.5
1510.530	30.81	2.96	91.19	8.10	8.49	68.81	75.5	4	22.5
1510.675	32.26	2.81	90.59	8.02	8.50	68.20	75.3	4	23.5
1510.735	31.61	2.87	90.73	8.06	8.56	68.96	76.0	4	24.5
1510.839	30.36	2.99	90.74	8.11	8.44	68.39	75.4	4	25.0
1510.984	31.35	2.92	91.42	8.08	8.51	68.81	75.3	4	23.0
1511.044	31.99	2.85	91.01	8.11	8.44	68.48	75.2	4	23.0
1511.148	32.48	2.79	90.60	8.11	8.44	68.46	75.6	4	23.0
1511.293	31.37	2.91	91.41	8.20	8.41	68.91	75.4	4	24.5
1511.353	31.46	2.90	91.12	8.16	8.39	68.53	75.2	4	22.5
1511.457	30.61	2.95	90.24	8.09	8.36	67.62	74.9	4	24.5
1511.602	30.72	2.95	90.48	8.13	8.28	67.33	74.4	4	23.0
1511.662	31.20	2.89	90.26	8.17	8.27	67.64	74.9	4	23.0
1511.766	31.07	2.91	90.35	8.17	8.24	67.30	74.5	4	24.0
1511.911	31.16	2.93	91.18	8.16	8.29	67.68	74.2	4	23.5
1511.971	31.35	2.90	90.85	8.18	8.41	68.80	75.7	4	23.0
1512.075	31.20	2.93	91.40	8.11	8.44	68.47	74.9	4	24.0
1512.220	31.64	2.91	92.01	8.01	8.52	68.28	74.2	4	23.0
1512.280	32.00	2.87	91.77	8.08	8.40	67.91	74.0	4	23.5
1512.384	31.27	2.92	91.20	8.15	8.35	68.11	74.7	4	23.5
1512.529	31.58	2.90	91.51	8.14	8.57	69.77	76.2	4	24.0
1512.589	31.46	2.90	91.19	8.16	8.40	68.56	75.2	4	23.5
1512.693	32.16	2.84	91.23	8.21	8.17	67.04	73.5	4	23.5
1512.838	31.03	2.96	91.77	8.17	8.46	69.10	75.3	4	23.0
1512.898	31.20	2.93	91.39	8.19	8.28	67.83	74.2	4	24.5
1513.002	31.52	2.89	91.25	8.23	8.29	68.19	74.7	4	23.5
1513.147	32.06	2.84	90.90	8.14	8.38	68.23	75.1	4	23.5
1513.207	31.72	2.88	91.19	8.17	8.27	67.61	74.1	4	24.0
1513.311	30.43	2.98	90.59	8.14	8.33	67.80	74.8	4	24.5
1513.456	30.87	2.95	91.17	8.25	8.34	68.79	75.5	4	24.5
1513.516	31.14	2.91	90.66	8.18	8.33	68.17	75.2	4	22.5
1513.620	32.11	2.81	90.12	8.13	8.33	67.69	75.1	4	22.5
1513.765	31.62	2.85	90.04	8.08	8.46	68.33	75.9	4	24.5
1513.825	30.30	2.97	90.06	8.04	8.39	67.48	74.9	4	24.5
1513.929	29.50	3.05	89.95	8.01	8.41	67.37	74.9	4	23.5
1514.074	31.70	2.86	90.81	8.07	8.41	67.88	74.7	4	23.5
1514.134	31.46	2.88	90.74	8.10	8.45	68.48	75.5	4	23.0
1514.238	31.12	2.92	90.98	8.20	8.27	67.82	74.5	4	24.0
1514.383	31.59	2.88	91.10	8.20	8.32	68.25	74.9	4	23.5
1514.443	31.28	2.91	91.14	8.17	8.40	68.68	75.4	4	23.5
1514.547	30.67	2.96	90.66	8.16	8.25	67.35	74.3	4	24.5
1514.692	31.42	2.91	91.40	8.20	8.32	68.23	74.7	4	23.0
1514.752	31.53	2.91	91.60	8.19	8.27	67.72	73.9	4	24.5
1514.856	31.66	2.88	91.24	8.23	8.31	68.36	74.9	4	24.5
1515.001	31.09	2.94	91.29	8.18	8.29	67.81	74.3	4	23.0
1515.061	31.50	2.89	91.11	8.17	8.34	68.14	74.8	4	24.0
1515.165	31.12	2.92	90.79	8.12	8.40	68.25	75.2	4	24.0
1515.310	30.72	2.94	90.27	8.14	8.35	67.95	75.3	4	23.5
1515.370	30.42	2.95	89.76	8.18	8.11	66.37	73.9	4	24.5
1515.474	31.67	2.83	89.59	8.12	8.22	66.73	74.5	4	22.0
1515.619	30.74	2.95	90.82	8.11	8.38	67.96	74.8	4	23.5
1515.679	30.95	2.93	90.72	8.09	8.55	69.22	76.3	4	24.0
1515.783	30.89	2.95	90.98	8.13	8.36	67.94	74.7	4	23.5
1515.928	31.64	2.87	90.88	8.15	8.29	67.56	74.3	4	23.0
1515.988	32.14	2.81	90.43	8.14	8.23	67.01	74.1	4	23.0
1516.092	32.49	2.77	90.09	8.10	8.31	67.29	74.7	4	23.5
1516.237	31.01	2.93	90.86	8.10	8.32	67.35	74.1	4	24.5
1516.297	31.17	2.91	90.65	8.13	8.24	66.99	73.9	4	22.5
1516.401	30.66	2.95	90.50	8.04	8.44	67.86	75.0	4	25.0
1516.546	31.29	2.88	90.15	8.07	8.40	67.80	75.2	4	22.5
1516.606	31.50	2.86	90.20	8.08	8.46	68.37	75.8	4	24.0
1516.710	31.59	2.84	89.81	8.20	8.16	66.84	74.4	4	25.0
1516.855	31.05	2.90	90.05	8.16	8.24	67.24	74.7	4	22.5
1516.915	31.93	2.80	89.34	8.10	8.22	66.54	74.5	4	21.5
1517.019	32.68	2.73	89.07	8.10	8.18	66.25	74.4	4	24.5
1517.164	29.75	3.00	89.27	8.03	8.32	66.79	74.8	4	24.0
1517.224	30.81	2.92	90.13	8.00	8.36	66.94	74.3	4	22.0
1517.328	32.11	2.79	89.42	8.02	8.34	66.85	74.8	4	23.5
1517.473	31.34	2.91	91.17	8.06	8.35	67.28	73.8	4	22.0
1517.533	31.52	2.87	90.36	8.03	8.49	68.17	75.4	4	24.0
1517.637	32.01	2.81	90.05	8.02	8.32	66.78	74.2	4	22.5
1517.782	30.52	2.95	89.90	8.05	8.37	67.37	74.9	4	25.0
1517.842	30.51	2.95	90.09	8.07	8.43	68.01	75.5	4	24.0
1517.946	31.26	2.90	90.56	8.09	8.21	66.43	73.4	4	22.0
1518.091	31.42	2.89	90.94	8.06	8.36	67.44	74.2	4	22.5
1518.151	31.11	2.91	90.45	8.07	8.48	68.43	75.6	4	24.0
1518.255	31.51	2.87	90.57	8.12	8.48	68.84	76.0	4	23.5
1518.400	30.62	2.98	91.23	8.18	8.23	67.26	73.7	4	25.5
1518.460	29.85	3.03	90.51	8.17	8.12	66.35	73.3	4	24.5
1518.564	30.63	2.95	90.40	8.10	8.21	66.56	73.6	4	23.0
1518.709	31.46	2.88	90.65	8.08	8.38	67.68	74.7	4	24.0
1518.769	30.94	2.93	90.71	8.11	8.44	68.45	75.5	4	24.0
1518.873	31.00	2.93	90.84	8.17	8.31	67.93	74.8	4	23.5
1519.018	31.95	2.84	90.76	8.14	8.26	67.21	74.1	4	23.0
1519.078	31.35	2.89	90.55	8.13	8.36	68.00	75.1	4	24.0
1519.182	31.01	2.93	90.81	8.13	8.35	67.91	74.8	4	24.0
1519.327	31.68	2.87	90.87	8.21	8.20	67.35	74.1	4	22.5
1519.387	31.69	2.87	90.95	8.17	8.25	67.35	74.1	4	24.0
1519.491	31.34	2.89	90.65	8.20	8.21	67.33	74.3	4	23.5
1519.636	30.84	2.92	90.15	8.11	8.40	68.15	75.6	4	24.5
1519.696	30.75	2.93	89.93	8.20	8.24	67.54	75.1	4	22.5
1519.800	32.53	2.72	88.53	8.08	8.12	65.61	74.1	4	22.0
1519.945	30.79	2.91	89.73	8.06	8.39	67.69	75.4	4	23.5
1520.005	30.92	2.92	90.43	8.11	8.32	67.52	74.7	4	23.0
1520.109	30.41	2.96	90.09	8.07	8.38	67.64	75.1	4	24.0
1520.254	31.41	2.90	91.05	8.12	8.41	68.28	75.0	4	23.0
1520.314	31.74	2.86	90.64	8.14	8.31	67.70	74.7	4	24.0
1520.418	30.54	2.97	90.68	8.14	8.19	66.64	73.5	4	24.0
1520.563	30.98	2.93	90.90	8.02	8.48	68.04	74.8	4	23.5
1520.623	31.78	2.85	90.51	8.10	8.35	67.61	74.7	4	23.0
1520.727	32.17	2.81	90.40	8.08	8.40	67.85	75.1	4	23.5
1520.872	31.04	2.92	90.57	8.06	8.32	67.02	74.0	4	24.0
1520.932	30.45	2.96	90.24	8.08	8.32	67.18	74.4	4	24.0
1521.036	31.42	2.88	90.34	8.02	8.56	68.64	76.0	4	23.5
1521.181	31.00	2.93	90.69	8.08	8.45	68.27	75.3	4	24.0
1521.241	31.15	2.92	90.82	8.13	8.39	68.16	75.1	4	23.5
1521.345	31.92	2.85	90.80	8.09	8.40	67.96	74.8	4	23.5
1521.490	31.73	2.88	91.24	8.07	8.36	67.47	73.9	4	22.5
1521.550	31.58	2.88	90.93	8.03	8.40	67.51	74.2	4	23.0
1521.654	31.31	2.91	91.24	8.04	8.48	68.20	74.8	4	24.0
1521.799	31.36	2.91	91.17	8.09	8.53	69.01	75.7	4	23.5
1521.859	31.11	2.92	90.93	8.09	8.42	68.11	74.9	4	23.5
1521.963	31.61	2.87	90.67	8.09	8.52	68.89	76.0	4	23.5
1522.108	30.82	2.94	90.71	8.11	8.36	67.81	74.8	4	24.0
1522.168	31.51	2.89	91.14	8.11	8.35	67.72	74.3	4	22.5
1522.272	32.46	2.78	90.20	8.07	8.44	68.11	75.5	4	23.0
1522.417	31.48	2.90	91.16	8.09	8.28	67.02	73.5	4	22.5
1522.477	31.40	2.89	90.68	8.13	8.26	67.10	74.0	4	23.0
1522.581	31.54	2.91	91.67	8.11	8.42	68.25	74.5	4	24.5
1522.726	30.49	3.00	91.46	8.11	8.39	68.06	74.4	4	23.5
1522.786	31.11	2.93	91.04	8.12	8.36	67.88	74.6	4	23.0
1522.890	32.14	2.82	90.63	8.11	8.24	66.83	73.7	4	23.5
1523.035	30.60	2.97	90.88	8.07	8.38	67.59	74.4	4	24.5
1523.095	31.10	2.92	90.78	8.04	8.46	68.06	75.0	4	23.0
1523.199	31.25	2.91	90.89	8.13	8.35	67.87	74.7	4	23.5
1523.344	32.65	2.75	89.64	8.09	8.20	66.30	74.0	4	23.0
1523.404	31.40	2.87	90.12	7.99	8.41	67.17	74.5	4	24.5
1523.508	31.44	2.89	90.73	8.11	8.36	67.85	74.8	4	23.0
1523.653	31.51	2.89	91.15	8.12	8.30	67.35	73.9	4	23.0
1523.713	31.27	2.93	91.49	8.06	8.40	67.76	74.1	4	24.0
1523.817	31.44	2.90	91.25	8.11	8.33	67.59	74.1	4	23.0
1523.962	31.45	2.90	91.25	8.16	8.27	67.47	73.9	4	23.5
1524.022	31.18	2.93	91.21	8.12	8.27	67.20	73.7	4	24.5
1524.126	31.87	2.86	91.05	8.04	8.47	68.10	74.8	4	22.5
1524.271	30.74	2.95	90.57	8.04	8.44	67.83	74.9	4	24.5
1524.331	30.14	3.00	90.44	7.99	8.39	67.00	74.1	4	23.5
1524.435	32.00	2.82	90.29	7.98	8.27	65.98	73.1	4	22.5
1524.580	30.04	2.99	89.83	7.96	8.41	66.90	74.5	4	25.0
1524.640	29.66	3.02	89.63	7.95	8.40	66.73	74.5	4	24.0
1524.744	31.14	2.91	90.69	7.97	8.38	66.75	73.6	4	22.0
1524.889	31.16	2.90	90.48	8.05	8.34	67.14	74.2	4	22.5
1524.949	31.89	2.82	90.06	8.05	8.28	66.66	74.0	4	23.5
1525.053	31.62	2.87	90.60	8.05	8.30	66.81	73.7	4	23.0
1525.198	31.63	2.89	91.34	8.06	8.52	68.64	75.1	4	24.5
1525.258	31.09	2.94	91.51	8.07	8.52	68.78	75.2	4	23.5
1525.362	32.01	2.85	91.10	8.13	8.29	67.33	73.9	4	23.5
1525.507	30.69	2.98	91.48	8.13	8.28	67.31	73.6	4	24.5
1525.567	30.68	2.96	90.91	8.09	8.40	67.96	74.8	4	24.0
1525.671	30.08	3.00	90.10	8.01	8.42	67.41	74.8	4	24.0
1525.816	32.05	2.84	90.97	7.99	8.52	68.02	74.8	4	22.0
1525.876	32.25	2.82	90.89	7.98	8.56	68.36	75.2	4	23.5
1525.980	30.85	2.95	90.87	8.08	8.36	67.56	74.4	4	25.0
1526.125	31.72	2.86	90.78	8.10	8.23	66.70	73.5	4	22.5
1526.185	32.36	2.79	90.36	7.99	8.33	66.53	73.6	4	23.0
1526.289	31.22	2.92	91.04	8.05	8.33	67.11	73.7	4	24.0
1526.434	31.58	2.89	91.16	7.98	8.38	66.93	73.4	4	22.5
1526.494	31.36	2.90	90.88	7.97	8.50	67.72	74.5	4	24.0
1526.598	30.84	2.96	91.25	8.00	8.42	67.34	73.8	4	23.5
1526.743	31.63	2.88	91.15	7.96	8.51	67.73	74.3	4	22.0
1526.803	31.88	2.85	90.76	8.01	8.51	68.16	75.1	4	23.0
1526.907	31.12	2.92	90.90	8.01	8.44	67.66	74.4	4	23.5
1527.052	30.80	2.97	91.61	8.03	8.49	68.25	74.5	4	24.0
1527.112	31.37	2.92	91.53	8.06	8.45	68.11	74.4	4	23.5
1527.216	31.63	2.90	91.64	8.06	8.46	68.18	74.4	4	22.5
1527.361	31.85	2.87	91.27	7.97	8.52	67.91	74.4	4	23.5
1527.421	31.58	2.89	91.41	8.03	8.49	68.20	74.6	4	23.0
1527.525	31.94	2.86	91.50	8.03	8.48	68.11	74.4	4	23.0
1527.670	30.78	2.98	91.71	8.03	8.52	68.43	74.6	4	24.0
1527.730	30.70	2.97	91.19	8.03	8.46	67.90	74.5	4	23.5
1527.834	31.62	2.89	91.35	8.03	8.44	67.75	74.2	4	24.0
1527.979	30.65	2.97	90.88	7.93	8.59	68.17	75.0	4	23.5
1528.039	31.46	2.88	90.69	8.02	8.44	67.72	74.7	4	23.0
1528.143	30.64	2.99	91.49	7.98	8.53	68.11	74.4	4	24.0
1528.288	31.88	2.85	90.98	8.01	8.46	67.81	74.5	4	22.5
1528.348	32.28	2.82	91.12	8.08	8.41	67.93	74.5	4	23.0
1528.452	32.28	2.83	91.36	8.05	8.41	67.74	74.1	4	23.5
1528.597	30.24	2.99	90.37	8.00	8.38	67.06	74.2	4	23.5
1528.657	31.18	2.91	90.80	7.99	8.51	67.99	74.9	4	22.5
1528.761	31.38	2.90	91.00	7.97	8.49	67.68	74.4	4	23.0
1528.906	31.87	2.86	91.15	8.00	8.47	67.74	74.3	4	22.0
1528.966	31.77	2.86	90.95	7.98	8.42	67.19	73.9	4	23.5
1529.070	30.72	2.96	90.98	7.98	8.42	67.14	73.8	4	23.0
1529.215	30.92	2.96	91.61	7.96	8.47	67.44	73.6	4	22.5
1529.275	31.29	2.92	91.35	7.99	8.43	67.32	73.7	4	23.5
1529.379	30.99	2.95	91.41	8.06	8.43	67.91	74.3	4	23.0
1529.524	30.83	2.97	91.53	8.06	8.46	68.20	74.5	4	24.0
1529.584	30.75	2.97	91.23	8.06	8.34	67.18	73.6	4	24.5
1529.688	31.09	2.94	91.46	7.97	8.56	68.21	74.6	4	24.5
1529.833	31.42	2.91	91.50	8.00	8.55	68.44	74.8	4	22.0
1529.893	32.16	2.81	90.35	8.03	8.35	67.04	74.2	4	23.0
1529.997	31.18	2.91	90.68	8.05	8.41	67.71	74.7	4	24.0
1530.142	31.81	2.89	91.80	8.04	8.49	68.25	74.3	4	24.5
1530.202	30.96	2.95	91.24	8.11	8.34	67.65	74.2	4	24.0
1530.306	31.79	2.87	91.15	8.02	8.41	67.40	73.9	4	22.5
1530.451	31.74	2.88	91.30	8.05	8.43	67.86	74.3	4	25.0
1530.511	30.72	2.95	90.75	8.10	8.28	67.08	73.9	4	24.0
1530.615	30.53	2.98	90.98	8.03	8.42	67.64	74.3	4	23.0
1530.760	32.37	2.79	90.27	8.00	8.36	66.87	74.1	4	22.5
1530.820	31.57	2.87	90.48	8.02	8.32	66.79	73.8	4	24.0
1530.924	30.37	2.98	90.60	7.97	8.45	67.33	74.3	4	24.0
1531.069	31.92	2.85	90.95	7.96	8.49	67.55	74.3	4	24.0
1531.129	31.49	2.90	91.39	8.00	8.39	67.10	73.4	4	22.5
1531.233	31.17	2.93	91.22	7.95	8.49	67.55	74.0	4	23.5
1531.378	31.26	2.91	91.08	8.02	8.44	67.69	74.3	4	24.0
1531.438	31.69	2.86	90.67	7.98	8.47	67.62	74.6	4	22.0
1531.542	32.04	2.82	90.44	7.99	8.42	67.30	74.4	4	24.0
1531.687	31.13	2.95	91.69	8.00	8.44	67.55	73.7	4	25.0
1531.747	30.64	2.98	91.30	8.07	8.49	68.50	75.0	4	23.5
1531.851	31.30	2.91	91.22	8.04	8.47	68.03	74.6	4	22.5
1531.996	30.92	2.95	91.23	8.05	8.46	68.11	74.7	4	24.0
1532.056	30.81	2.97	91.53	8.10	8.36	67.70	74.0	4	23.5
1532.160	31.18	2.94	91.72	8.03	8.49	68.17	74.3	4	24.0
1532.305	31.54	2.91	91.84	8.10	8.33	67.52	73.5	4	25.5
1532.365	30.50	2.98	90.83	8.05	8.35	67.23	74.0	4	24.5
1532.469	30.94	2.93	90.80	8.04	8.42	67.65	74.5	4	23.5
1532.614	31.47	2.89	90.86	8.06	8.33	67.08	73.8	4	23.0
1532.674	32.07	2.84	91.03	8.02	8.40	67.30	73.9	4	23.0
1532.778	31.17	2.93	91.46	8.07	8.38	67.56	73.9	4	23.0
1532.923	31.31	2.90	90.71	8.06	8.44	68.06	75.0	4	24.0
1532.983	30.88	2.95	91.03	8.04	8.41	67.66	74.3	4	24.0
1533.087	31.65	2.86	90.40	7.94	8.59	68.20	75.4	4	22.5
1533.232	31.40	2.90	91.08	8.03	8.33	66.91	73.5	4	24.5
1533.292	30.75	2.95	90.57	8.04	8.33	66.93	73.9	4	24.0
1533.396	31.53	2.85	89.98	8.00	8.42	67.38	74.9	4	22.5
1533.541	30.83	2.93	90.24	7.93	8.42	66.74	74.0	4	24.0
1533.601	31.63	2.88	91.04	7.93	8.58	68.10	74.8	4	23.0
1533.705	31.80	2.85	90.47	8.00	8.43	67.40	74.5	4	23.5
1533.850	31.25	2.91	90.86	7.97	8.46	67.44	74.2	4	24.0
1533.910	31.27	2.90	90.55	8.04	8.39	67.44	74.5	4	24.0
1534.014	30.52	2.97	90.73	8.04	8.41	67.60	74.5	4	23.0
1534.159	32.10	2.81	90.21	7.93	8.42	66.75	74.0	4	21.5
1534.219	32.68	2.72	88.88	7.97	8.28	65.98	74.2	4	23.0
1534.323	30.34	2.94	89.06	7.91	8.24	65.14	73.1	4	24.5
1534.468	32.51	2.73	88.70	7.99	8.30	66.31	74.8	4	22.5
1534.528	31.54	2.85	89.82	8.00	8.26	66.07	73.6	4	25.0
1534.632	31.08	2.90	90.08	7.92	8.45	66.96	74.3	4	21.5
1534.777	32.29	2.79	90.13	7.96	8.42	67.05	74.4	4	24.0
1534.837	32.21	2.81	90.52	7.95	8.38	66.62	73.6	4	22.5
1534.941	32.29	2.82	90.94	8.02	8.44	67.68	74.4	4	24.5
1535.086	30.88	2.95	91.14	7.99	8.50	67.86	74.5	4	23.0
1535.146	31.78	2.86	90.87	7.95	8.53	67.83	74.6	4	23.0
1535.250	31.96	2.84	90.92	8.02	8.36	67.05	73.7	4	22.5
1535.395	30.99	2.93	90.85	8.03	8.50	68.25	75.1	4	22.5
1535.455	31.32	2.89	90.37	7.99	8.56	68.39	75.7	4	23.0
1535.559	31.51	2.87	90.39	8.06	8.45	68.13	75.4	4	23.5
1535.704	31.67	2.87	90.98	8.08	8.34	67.38	74.1	4	25.0
1535.764	30.17	2.98	89.99	7.93	8.32	65.96	73.3	4	24.5
1535.868	31.77	2.83	89.92	7.96	8.47	67.46	75.0	4	23.0
1536.013	30.44	2.97	90.37	8.03	8.33	66.83	74.0	4	23.5
1536.073	31.09	2.93	91.18	7.97	8.42	67.10	73.6	4	22.5
1536.177	32.35	2.78	90.06	7.95	8.36	66.43	73.8	4	22.5
1536.322	32.74	2.74	89.85	7.97	8.27	65.91	73.4	4	22.5
1536.382	32.36	2.78	90.07	7.89	8.42	66.47	73.8	4	24.0
1536.486	30.36	2.96	89.80	7.96	8.34	66.34	73.9	4	23.5
1536.631	31.93	2.82	90.19	7.95	8.36	66.48	73.7	4	22.5
1536.691	32.02	2.83	90.69	7.94	8.46	67.17	74.1	4	24.0
1536.795	30.84	2.94	90.63	8.03	8.36	67.12	74.1	4	23.0
1536.940	31.96	2.83	90.31	8.04	8.29	66.64	73.8	4	24.5
1537.000	30.42	2.95	89.73	7.93	8.41	66.70	74.3	4	24.5
1537.104	30.48	2.95	90.07	7.98	8.34	66.53	73.9	4	23.0
1537.249	31.96	2.84	90.63	8.00	8.26	66.13	73.0	4	24.5
1537.309	30.66	2.94	90.17	7.99	8.36	66.82	74.1	4	25.0
1537.413	30.70	2.95	90.68	8.01	8.45	67.64	74.6	4	23.0
1537.558	31.13	2.94	91.48	7.97	8.53	67.95	74.3	4	23.0
1537.618	31.76	2.88	91.60	7.97	8.59	68.42	74.7	4	23.5
1537.722	31.78	2.87	91.22	8.05	8.43	67.80	74.3	4	23.5
1537.867	31.85	2.85	90.86	8.04	8.41	67.66	74.5	4	24.5
1537.927	31.37	2.88	90.46	8.00	8.47	67.75	74.9	4	23.5
1538.031	30.76	2.95	90.64	8.05	8.58	69.02	76.1	4	25.0
1538.176	32.05	2.81	90.03	8.06	8.31	66.94	74.3	4	22.5
1538.236	31.66	2.85	90.28	8.08	8.25	66.61	73.8	4	25.0
1538.340	31.83	2.83	90.16	8.00	8.41	67.22	74.6	4	23.0
1538.485	30.86	2.92	90.19	7.97	8.51	67.81	75.2	4	24.0
1538.545	31.35	2.88	90.37	7.97	8.46	67.37	74.6	4	22.5
1538.649	31.99	2.84	90.98	8.01	8.39	67.25	73.9	4	23.0
1538.794	31.53	2.89	91.16	8.04	8.37	67.29	73.8	4	23.5
1538.854	31.12	2.94	91.46	8.01	8.41	67.37	73.7	4	23.5
1538.958	31.26	2.92	91.28	8.06	8.38	67.59	74.0	4	23.0
1539.103	31.97	2.83	90.54	8.02	8.45	67.71	74.8	4	22.0
1539.163	32.24	2.80	90.27	7.99	8.45	67.50	74.8	4	24.0
1539.267	30.72	2.94	90.36	7.94	8.52	67.61	74.8	4	23.5
1539.412	32.09	2.83	90.86	8.08	8.37	67.60	74.4	4	23.5
1539.472	31.31	2.90	90.87	8.10	8.30	67.22	74.0	4	23.5
1539.576	30.87	2.95	91.04	8.05	8.41	67.72	74.4	4	23.0
1539.721	30.87	2.96	91.33	8.06	8.47	68.23	74.7	4	24.5
1539.781	31.43	2.91	91.48	8.12	8.35	67.78	74.1	4	23.0
1539.885	31.78	2.88	91.50	8.08	8.46	68.32	74.7	4	23.5
1540.030	31.47	2.89	91.09	8.05	8.48	68.27	74.9	4	22.5
1540.090	31.95	2.85	90.97	8.02	8.55	68.55	75.4	4	23.0
1540.194	31.51	2.88	90.85	8.05	8.45	68.07	74.9	4	23.5
1540.339	31.14	2.92	90.90	8.17	8.31	67.87	74.7	4	23.5
1540.399	30.75	2.95	90.65	8.13	8.27	67.25	74.2	4	24.0
1540.503	31.96	2.81	89.89	8.05	8.36	67.34	74.9	4	23.0
1540.648	31.21	2.93	91.39	8.08	8.39	67.79	74.2	4	23.5
1540.708	30.93	2.95	91.18	8.08	8.31	67.12	73.6	4	24.0
1540.812	31.98	2.83	90.41	8.03	8.39	67.35	74.5	4	23.0
1540.957	31.00	2.93	90.76	8.08	8.32	67.22	74.1	4	23.5
1541.017	31.00	2.93	90.92	8.07	8.30	67.00	73.7	4	24.0
1541.121	29.90	3.02	90.27	8.02	8.38	67.25	74.5	4	24.0
1541.266	30.56	2.97	90.79	8.03	8.47	67.98	74.9	4	24.0
1541.326	30.70	2.97	91.14	8.06	8.32	67.09	73.6	4	24.0
1541.430	31.54	2.89	91.11	8.02	8.52	68.37	75.0	4	23.0
1541.575	32.11	2.85	91.42	7.98	8.50	67.82	74.2	4	23.5
1541.635	32.19	2.82	90.85	8.06	8.47	68.26	75.1	4	23.5
1541.739	31.09	2.93	91.03	8.05	8.35	67.25	73.9	4	24.5
1541.884	31.04	2.94	91.21	8.05	8.41	67.70	74.2	4	24.5
1541.944	31.24	2.90	90.73	8.12	8.32	67.53	74.4	4	23.0
1542.048	31.08	2.93	91.02	8.13	8.29	67.34	74.0	4	23.0
1542.193	31.03	2.93	90.93	8.05	8.32	66.99	73.7	4	24.0
1542.253	30.92	2.94	90.83	8.05	8.44	67.95	74.8	4	23.0
1542.357	32.07	2.83	90.70	8.06	8.24	66.43	73.2	4	22.5
1542.502	31.25	2.91	91.00	8.04	8.45	67.96	74.7	4	24.0
1542.562	30.70	2.97	91.20	8.00	8.55	68.37	75.0	4	24.5
1542.666	31.40	2.89	90.79	8.07	8.35	67.37	74.2	4	22.5
1542.811	32.22	2.81	90.64	8.02	8.30	66.54	73.4	4	22.0
1542.871	32.62	2.74	89.53	8.02	8.23	66.07	73.8	4	23.0
1542.975	30.63	2.94	90.09	7.99	8.23	65.77	73.0	4	24.5
1543.120	30.89	2.93	90.49	7.98	8.42	67.17	74.2	4	22.5
1543.180	31.36	2.90	91.05	7.98	8.48	67.66	74.3	4	23.5
1543.284	30.73	2.97	91.15	7.96	8.60	68.43	75.1	4	23.0
1543.429	31.20	2.92	91.22	8.07	8.38	67.64	74.2	4	23.0
1543.489	31.38	2.89	90.83	8.02	8.45	67.75	74.6	4	23.0
1543.593	31.17	2.92	90.92	8.00	8.49	67.96	74.7	4	24.0
1543.738	31.20	2.91	90.88	8.00	8.52	68.18	75.0	4	24.5
1543.798	30.91	2.94	90.90	7.93	8.63	68.49	75.3	4	23.0
1543.902	31.47	2.89	90.89	8.01	8.48	67.93	74.7	4	23.5
1544.047	32.60	2.73	89.16	7.99	8.46	67.56	75.8	4	23.0
1544.107	32.73	2.74	89.56	8.04	8.33	66.95	74.7	4	22.5
1544.211	31.54	2.86	90.28	8.07	8.28	66.81	74.0	4	23.0
1544.356	32.19	2.79	89.85	7.99	8.44	67.41	75.0	4	24.0
1544.416	30.99	2.91	90.21	8.01	8.46	67.71	75.1	4	24.5
1544.520	31.41	2.86	89.88	7.99	8.44	67.38	75.0	4	23.0
1544.665	31.38	2.89	90.82	8.07	8.39	67.68	74.5	4	22.5
1544.725	32.17	2.81	90.35	8.07	8.30	66.90	74.0	4	23.0
1544.829	30.91	2.93	90.70	8.00	8.43	67.46	74.4	4	25.5
1544.974	31.45	2.88	90.65	8.05	8.30	66.81	73.7	4	23.0
1545.034	31.98	2.83	90.55	8.06	8.24	66.46	73.4	4	24.0
1545.138	31.18	2.90	90.56	8.03	8.49	68.18	75.3	4	23.0
1545.283	30.99	2.94	91.19	8.04	8.38	67.38	73.9	4	23.5
1545.343	30.68	2.96	90.83	8.08	8.44	68.15	75.0	4	23.5
1545.447	31.01	2.91	90.24	8.09	8.34	67.48	74.8	4	22.5
1545.592	31.27	2.87	89.69	7.93	8.48	67.20	74.9	4	24.5
1545.652	30.66	2.94	90.04	8.01	8.41	67.39	74.9	4	23.5
1545.756	31.60	2.88	90.91	7.99	8.38	66.96	73.7	4	22.5
1545.901	31.87	2.86	91.22	7.87	8.58	67.58	74.1	4	23.5
1545.961	32.04	2.85	91.25	7.93	8.59	68.17	74.7	4	24.0
1546.065	30.93	2.93	90.66	8.07	8.31	67.04	73.9	4	23.0
1546.210	32.60	2.75	89.76	7.98	8.28	66.07	73.6	4	22.0
1546.270	32.06	2.81	90.08	7.99	8.33	66.62	74.0	4	24.0
1546.374	30.67	2.94	90.09	8.05	8.39	67.57	75.0	4	24.0
1546.519	31.84	2.84	90.36	7.99	8.31	66.46	73.6	4	22.5
1546.579	32.67	2.73	89.35	7.95	8.31	66.07	73.9	4	22.5
1546.683	31.27	2.90	90.66	7.92	8.56	67.84	74.8	4	23.5
1546.828	31.21	2.93	91.45	8.05	8.34	67.15	73.4	4	23.0
1546.888	31.77	2.86	90.90	8.02	8.36	67.05	73.8	4	22.0
1546.992	32.40	2.75	89.23	7.94	8.38	66.52	74.5	4	23.0
1547.137	30.77	2.94	90.39	7.94	8.52	67.68	74.9	4	23.0
1547.197	31.65	2.84	89.97	7.98	8.37	66.78	74.2	4	22.5
1547.301	30.86	2.92	90.07	8.02	8.35	66.92	74.3	4	25.0
1547.446	31.00	2.93	90.89	7.90	8.62	68.11	74.9	4	22.0
1547.506	31.98	2.81	89.73	7.93	8.49	67.35	75.1	4	22.5
1547.610	32.50	2.75	89.26	7.97	8.39	66.84	74.9	4	24.0
1547.755	29.97	2.98	89.29	7.92	8.49	67.21	75.3	4	25.0
1547.815	30.51	2.95	89.90	7.99	8.40	67.15	74.7	4	22.5
1547.919	31.83	2.82	89.80	7.93	8.50	67.36	75.0	4	22.5
1548.064	32.61	2.77	90.38	7.95	8.40	66.73	73.8	4	22.0
1548.124	32.44	2.78	90.29	7.91	8.47	66.98	74.2	4	22.5
1548.228	31.39	2.88	90.53	7.93	8.30	65.80	72.7	4	24.0
1548.373	32.29	2.79	90.12	7.97	8.23	65.52	72.7	4	22.5
1548.433	31.47	2.87	90.23	7.99	8.33	66.55	73.8	4	24.5
1548.537	30.57	2.96	90.39	7.98	8.40	67.06	74.2	4	22.5
1548.682	32.42	2.75	89.28	7.91	8.47	67.00	75.0	4	23.0
1548.742	31.89	2.83	90.21	7.95	8.45	67.18	74.5	4	24.5
1548.846	31.08	2.92	90.81	7.99	8.40	67.09	73.9	4	23.5
1548.991	30.96	2.95	91.19	7.94	8.53	67.73	74.3	4	23.5
1549.051	30.82	2.95	90.93	8.01	8.47	67.81	74.6	4	24.0
1549.155	30.37	2.99	90.84	7.99	8.33	66.57	73.3	4	24.0
1549.300	31.60	2.88	91.16	7.98	8.52	68.01	74.6	4	22.5
1549.360	31.68	2.86	90.65	8.02	8.45	67.72	74.7	4	23.5
1549.464	30.30	2.97	90.04	7.92	8.62	68.29	75.8	4	23.5
1549.609	32.22	2.79	90.02	8.03	8.36	67.07	74.5	4	23.0
1549.669	31.09	2.90	90.05	7.98	8.32	66.43	73.8	4	24.0
1549.773	30.54	2.95	90.10	7.95	8.43	67.01	74.4	4	22.0
1549.918	32.33	2.79	90.08	7.97	8.40	66.95	74.3	4	23.5
1549.978	31.73	2.84	90.01	7.93	8.43	66.84	74.3	4	24.0
1550.082	31.58	2.87	90.75	7.99	8.29	66.19	72.9	4	23.0
1550.227	31.71	2.87	91.12	8.01	8.45	67.65	74.2	4	22.5
1550.287	32.08	2.81	90.26	8.03	8.23	66.10	73.2	4	23.0
1550.391	31.92	2.84	90.58	8.00	8.50	68.03	75.1	4	24.5
1550.536	30.03	3.00	90.09	7.97	8.36	66.65	74.0	4	24.0
1550.596	30.63	2.96	90.59	8.00	8.57	68.57	75.7	4	23.0
1550.700	31.89	2.82	90.02	8.02	8.37	67.14	74.6	4	23.5
1550.845	31.18	2.93	91.31	7.95	8.51	67.64	74.1	4	25.0
1550.905	30.31	2.98	90.19	7.98	8.40	66.99	74.3	4	24.0
1551.009	31.72	2.85	90.44	7.93	8.40	66.65	73.7	4	23.0
1551.154	31.60	2.87	90.65	8.05	8.30	66.80	73.7	4	23.5
1551.214	30.68	2.95	90.50	7.95	8.34	66.34	73.3	4	24.0
1551.318	32.06	2.82	90.30	7.98	8.40	67.02	74.2	4	22.0
1551.463	30.82	2.92	89.86	7.92	8.35	66.14	73.6	4	25.0
1551.523	29.64	3.00	89.00	7.86	8.38	65.87	74.0	4	24.0
1551.627	30.55	2.95	90.14	7.95	8.39	66.72	74.0	4	23.5
1551.772	30.32	2.99	90.72	7.94	8.42	66.86	73.7	4	23.5
1551.832	31.17	2.91	90.69	8.00	8.31	66.48	73.3	4	24.0
1551.936	31.28	2.88	90.19	7.95	8.45	67.16	74.5	4	22.5
1552.081	31.15	2.91	90.77	8.00	8.35	66.81	73.6	4	22.5
1552.141	31.73	2.85	90.50	8.01	8.34	66.81	73.8	4	23.5
1552.245	30.64	2.97	91.02	8.04	8.36	67.16	73.8	4	23.5
1552.390	31.26	2.91	91.03	7.94	8.39	66.63	73.2	4	22.5
1552.450	31.69	2.87	91.06	8.01	8.39	67.24	73.8	4	24.0
1552.554	31.06	2.93	90.87	7.98	8.38	66.88	73.6	4	25.0
1552.699	31.18	2.88	89.85	7.97	8.41	67.02	74.6	4	22.0
1552.759	32.05	2.81	90.06	7.97	8.39	66.83	74.2	4	22.0
1552.863	31.32	2.89	90.42	8.02	8.38	67.16	74.3	4	23.5
1553.008	31.55	2.88	90.76	8.02	8.40	67.40	74.3	4	23.5
1553.068	31.71	2.87	91.09	7.98	8.51	67.93	74.6	4	23.0
1553.172	31.36	2.91	91.30	8.05	8.42	67.74	74.2	4	23.0
1553.317	30.79	2.94	90.50	8.04	8.39	67.42	74.5	4	24.0
1553.377	30.60	2.96	90.65	8.04	8.33	66.99	73.9	4	23.0
1553.481	31.24	2.91	90.98	8.06	8.35	67.33	74.0	4	23.0
1553.626	31.18	2.92	91.04	8.05	8.39	67.58	74.2	4	23.0
1553.686	31.57	2.87	90.77	8.06	8.30	66.92	73.7	4	22.5
1553.790	31.99	2.82	90.23	8.04	8.31	66.81	74.0	4	24.0
1553.935	31.36	2.89	90.72	8.05	8.46	68.05	75.0	4	23.5
1553.995	31.07	2.92	90.63	8.12	8.24	66.86	73.8	4	24.0
1554.099	31.86	2.83	90.07	8.02	8.29	66.48	73.8	4	23.0
1554.244	30.99	2.94	90.97	8.02	8.42	67.52	74.2	4	22.5
1554.304	31.98	2.81	89.90	8.01	8.35	66.94	74.5	4	22.5
1554.408	30.81	2.91	89.77	7.95	8.47	67.35	75.0	4	24.0
1554.553	31.94	2.83	90.34	7.97	8.41	67.03	74.2	4	22.0
1554.613	32.11	2.80	90.02	8.02	8.31	66.67	74.1	4	24.0
1554.717	30.44	2.96	90.20	7.95	8.25	65.58	72.7	4	24.0
1554.862	31.52	2.87	90.55	8.02	8.53	68.40	75.5	4	23.0
1554.922	31.44	2.88	90.65	8.07	8.29	66.93	73.8	4	24.5
1555.026	30.13	2.97	89.57	8.02	8.24	66.15	73.9	4	23.5
1555.171	31.11	2.91	90.65	8.05	8.37	67.38	74.3	4	24.0
1555.231	30.47	2.96	90.28	8.06	8.36	67.39	74.6	4	23.5
1555.335	31.41	2.89	90.65	8.10	8.32	67.40	74.4	4	22.0
1555.480	31.94	2.82	90.00	7.99	8.38	66.92	74.4	4	24.0
1555.540	31.18	2.90	90.27	8.00	8.37	66.95	74.2	4	24.5
1555.644	32.04	2.81	90.05	7.93	8.33	66.03	73.3	4	21.5
1555.789	31.13	2.90	90.35	7.98	8.33	66.47	73.6	4	23.5
1555.849	30.86	2.94	90.84	7.95	8.36	66.47	73.2	4	22.5
1555.953	31.50	2.87	90.28	7.94	8.48	67.35	74.6	4	24.0
1556.098	31.93	2.83	90.28	7.99	8.39	67.05	74.3	4	22.0
1556.158	32.25	2.78	89.58	7.90	8.53	67.38	75.2	4	23.5
1556.262	31.28	2.90	90.63	8.01	8.50	68.07	75.1	4	24.0
1556.407	31.94	2.82	89.95	7.98	8.40	67.02	74.5	4	23.0
1556.467	31.82	2.83	89.97	8.01	8.34	66.78	74.2	4	24.0
1556.571	31.23	2.88	89.94	8.03	8.32	66.82	74.3	4	23.5
1556.716	31.80	2.83	90.01	7.98	8.43	67.27	74.7	4	23.0
1556.776	31.83	2.84	90.41	7.99	8.41	67.15	74.3	4	23.5
1556.880	31.23	2.91	90.74	7.97	8.51	67.80	74.7	4	24.0
1557.025	31.82	2.86	90.97	7.99	8.49	67.86	74.6	4	22.5
1557.085	31.94	2.84	90.66	8.02	8.55	68.52	75.6	4	23.5
1557.189	31.17	2.91	90.58	7.97	8.53	67.94	75.0	4	23.0
1557.334	30.89	2.92	90.26	7.97	8.38	66.74	73.9	4	24.5
1557.394	31.02	2.93	90.80	7.99	8.26	66.02	72.7	4	22.5
1557.498	31.06	2.91	90.39	7.90	8.47	66.98	74.1	4	24.5
1557.643	31.55	2.86	90.11	7.95	8.39	66.74	74.1	4	23.0
1557.703	31.15	2.91	90.56	7.96	8.53	67.91	75.0	4	24.0
1557.807	30.76	2.95	90.81	8.01	8.42	67.43	74.3	4	22.5
1557.952	31.70	2.85	90.47	7.95	8.47	67.34	74.4	4	22.5
1558.012	32.44	2.78	90.28	7.95	8.36	66.47	73.6	4	22.5
1558.116	31.26	2.90	90.56	7.98	8.27	66.04	72.9	4	23.5
1558.261	31.16	2.94	91.47	8.00	8.48	67.88	74.2	4	23.0
1558.321	31.55	2.89	91.14	8.05	8.39	67.50	74.1	4	23.0
1558.425	30.98	2.93	90.91	7.98	8.44	67.34	74.1	4	23.0
1558.570	30.97	2.94	91.18	7.94	8.55	67.86	74.4	4	24.5
1558.630	30.81	2.94	90.67	7.98	8.53	68.08	75.1	4	23.5
1558.734	31.25	2.92	91.32	7.99	8.40	67.08	73.5	4	23.5
1558.879	31.19	2.92	91.20	8.00	8.51	68.04	74.6	4	23.5
1558.939	31.07	2.93	91.15	8.04	8.52	68.46	75.1	4	23.5
1559.043	31.06	2.93	91.12	8.09	8.32	67.35	73.9	4	24.0
1559.188	31.88	2.83	90.26	7.99	8.37	66.85	74.1	4	23.5
1559.248	31.08	2.91	90.31	8.05	8.35	67.24	74.4	4	25.0
1559.352	31.33	2.88	90.37	7.99	8.49	67.83	75.1	4	22.5
1559.497	31.55	2.87	90.48	8.00	8.38	67.03	74.1	4	23.0
1559.557	31.74	2.86	90.85	8.03	8.29	66.52	73.2	4	23.5
1559.661	30.74	2.96	90.99	8.03	8.36	67.11	73.8	4	24.5
1559.806	31.55	2.86	90.13	8.03	8.42	67.55	74.9	4	24.0
1559.866	30.83	2.93	90.29	8.09	8.32	67.26	74.5	4	23.5
1559.970	31.60	2.86	90.24	7.99	8.54	68.21	75.6	4	22.5
1560.115	31.00	2.92	90.45	8.01	8.57	68.67	75.9	4	23.5
1560.175	31.83	2.84	90.37	7.97	8.52	67.89	75.1	4	22.0
1560.279	32.07	2.80	89.94	7.93	8.47	67.24	74.8	4	24.0
1560.424	31.06	2.90	89.95	7.97	8.39	66.89	74.4	4	22.5
1560.484	32.00	2.80	89.68	7.93	8.48	67.23	75.0	4	23.0
1560.588	30.07	2.97	89.24	7.87	8.41	66.18	74.2	4	24.5
1560.733	31.95	2.80	89.31	7.89	8.50	67.09	75.1	4	22.5
1560.793	32.68	2.70	88.40	7.91	8.36	66.10	74.8	4	21.5
1560.897	31.29	2.85	89.05	7.92	8.31	65.78	73.9	4	23.5
1561.042	31.97	2.79	89.09	7.94	8.26	65.57	73.6	4	22.5
1561.102	32.47	2.76	89.56	7.92	8.37	66.29	74.0	4	22.5
1561.206	31.70	2.85	90.25	7.93	8.54	67.72	75.0	4	23.5
1561.351	31.01	2.92	90.62	7.97	8.34	66.52	73.4	4	23.5
1561.411	31.32	2.91	91.16	7.98	8.39	66.95	73.4	4	23.5
1561.515	31.19	2.92	91.10	7.94	8.53	67.75	74.4	4	23.0
1561.660	32.45	2.76	89.46	7.97	8.43	67.22	75.1	4	23.5
1561.720	31.12	2.89	90.08	7.94	8.45	67.07	74.5	4	25.0
1561.824	31.09	2.90	90.18	7.91	8.46	66.86	74.1	4	23.0
1561.969	32.28	2.76	89.12	7.93	8.30	65.79	73.8	4	22.0
1562.029	31.90	2.83	90.30	7.96	8.36	66.49	73.6	4	24.5
1562.133	30.31	2.98	90.23	7.85	8.44	66.27	73.5	4	24.5
1562.278	31.86	2.82	89.97	7.91	8.42	66.64	74.1	4	23.0
1562.338	31.84	2.83	90.11	7.95	8.40	66.76	74.1	4	24.0
1562.442	32.01	2.82	90.35	7.97	8.36	66.64	73.8	4	23.0
1562.587	30.46	2.96	90.21	7.94	8.57	68.04	75.4	4	24.0
1562.647	30.73	2.95	90.50	8.02	8.47	67.93	75.1	4	23.5
1562.751	31.32	2.89	90.45	8.04	8.41	67.62	74.8	4	22.5
1562.896	31.44	2.92	91.68	7.99	8.44	67.46	73.6	4	23.0
1562.956	31.68	2.87	90.90	7.96	8.46	67.35	74.1	4	23.0
1563.060	31.56	2.88	90.89	8.00	8.45	67.63	74.4	4	23.0
1563.205	31.17	2.93	91.28	8.02	8.58	68.77	75.3	4	23.5
1563.265	30.99	2.94	91.25	7.99	8.52	68.06	74.6	4	24.0
1563.369	30.59	2.97	90.91	7.98	8.46	67.49	74.2	4	23.5
1563.514	31.01	2.92	90.53	8.03	8.54	68.64	75.8	4	25.0
1563.574	30.89	2.94	90.76	8.01	8.36	66.94	73.8	4	23.0
1563.678	31.47	2.88	90.77	8.01	8.41	67.35	74.2	4	23.5
1563.823	31.14	2.91	90.49	8.03	8.43	67.71	74.8	4	24.0
1563.883	31.16	2.91	90.60	8.08	8.31	67.14	74.1	4	23.0
1563.987	30.78	2.94	90.55	8.06	8.33	67.13	74.1	4	23.5
1564.132	30.21	2.98	90.08	8.08	8.35	67.46	74.9	4	24.5
1564.192	30.40	2.96	90.06	8.15	8.23	67.15	74.6	4	23.5
1564.296	31.86	2.83	90.05	8.08	8.22	66.41	73.7	4	22.0
1564.441	32.55	2.77	90.27	8.01	8.28	66.27	73.4	4	24.5
1564.501	31.39	2.88	90.38	7.91	8.48	67.09	74.2	4	24.0
1564.605	30.89	2.94	90.74	7.99	8.48	67.71	74.6	4	24.0
1564.750	31.96	2.83	90.57	8.05	8.35	67.17	74.2	4	23.0
1564.810	32.08	2.84	91.13	8.06	8.30	66.93	73.4	4	23.5
1564.914	31.73	2.87	91.04	8.03	8.29	66.60	73.2	4	24.0
1565.059	30.53	2.96	90.40	7.99	8.53	68.16	75.4	4	23.5
1565.119	31.54	2.87	90.36	8.02	8.47	67.91	75.1	4	23.0
1565.223	31.90	2.85	90.82	8.03	8.48	68.17	75.1	4	24.5
1565.368	31.02	2.92	90.65	8.08	8.17	66.02	72.8	4	24.0
1565.428	31.06	2.91	90.48	8.09	8.23	66.63	73.6	4	23.5
1565.532	31.73	2.87	90.99	8.06	8.44	68.00	74.7	4	23.0
1565.677	31.38	2.89	90.80	8.04	8.43	67.78	74.6	4	24.0
1565.737	31.41	2.89	90.93	8.04	8.38	67.42	74.1	4	24.0
1565.841	31.29	2.90	90.63	8.01	8.46	67.77	74.8	4	24.0
1565.986	30.81	2.95	90.88	8.07	8.54	68.91	75.8	4	24.0
1566.046	31.15	2.92	90.86	8.14	8.31	67.63	74.4	4	23.0
1566.150	31.63	2.87	90.63	8.05	8.41	67.72	74.7	4	22.5
1566.295	31.35	2.89	90.74	7.93	8.58	68.06	75.0	4	24.0
1566.355	30.80	2.95	90.85	8.00	8.52	68.19	75.1	4	23.5
1566.459	30.84	2.93	90.47	8.03	8.42	67.66	74.8	4	23.0
1566.604	30.70	2.96	90.73	8.00	8.42	67.37	74.3	4	24.0
1566.664	31.22	2.92	91.20	8.07	8.37	67.51	74.0	4	23.0
1566.768	31.41	2.91	91.31	8.02	8.50	68.18	74.7	4	23.5
1566.913	31.02	2.95	91.39	8.09	8.33	67.36	73.7	4	22.5
1566.973	31.85	2.86	90.94	8.08	8.35	67.45	74.2	4	23.0
1567.077	31.51	2.87	90.31	8.08	8.35	67.40	74.6	4	23.0
1567.222	31.25	2.92	91.18	8.17	8.25	67.41	73.9	4	22.5
1567.282	31.44	2.90	91.15	8.13	8.30	67.48	74.0	4	24.0
1567.386	31.19	2.92	91.16	8.12	8.23	66.83	73.3	4	23.5
1567.531	32.43	2.76	89.59	7.99	8.24	65.90	73.6	4	22.5
1567.591	32.20	2.79	89.88	8.00	8.35	66.82	74.3	4	24.5
1567.695	30.41	2.95	89.82	7.95	8.33	66.21	73.7	4	25.0
1567.840	31.30	2.87	89.97	7.94	8.35	66.32	73.7	4	22.0
1567.900	32.12	2.79	89.64	7.97	8.30	66.17	73.8	4	23.0
1568.004	30.59	2.94	90.04	7.96	8.46	67.36	74.8	4	25.0
1568.149	32.08	2.80	89.95	7.88	8.52	67.14	74.6	4	22.5
1568.209	32.02	2.83	90.63	7.95	8.44	67.14	74.1	4	24.5
1568.313	30.78	2.94	90.51	7.97	8.35	66.54	73.5	4	24.5
1568.458	30.86	2.93	90.48	7.94	8.46	67.22	74.3	4	22.0
1568.518	32.10	2.80	89.96	7.96	8.33	66.33	73.7	4	22.5
1568.622	31.15	2.91	90.77	7.97	8.29	66.13	72.9	4	24.5
1568.767	31.50	2.88	90.71	7.92	8.58	67.99	74.9	4	22.0
1568.827	32.34	2.77	89.63	7.93	8.43	66.89	74.6	4	22.5
1568.931	32.08	2.82	90.32	7.91	8.35	66.02	73.1	4	24.0
1569.076	31.77	2.87	91.08	7.98	8.47	67.55	74.2	4	23.0
1569.136	31.39	2.89	90.86	8.03	8.47	67.98	74.8	4	23.0
1569.240	31.18	2.93	91.37	8.01	8.35	66.94	73.3	4	22.5
1569.385	31.40	2.89	90.87	8.06	8.38	67.54	74.3	4	23.0
1569.445	31.08	2.94	91.52	8.01	8.44	67.62	73.9	4	24.5
1569.549	31.26	2.93	91.69	8.11	8.28	67.12	73.2	4	22.5
1569.694	30.86	2.94	90.74	8.02	8.45	67.81	74.7	4	25.0
1569.754	30.08	3.00	90.32	7.97	8.38	66.77	73.9	4	24.0
1569.858	31.33	2.89	90.68	8.01	8.42	67.48	74.4	4	22.5
1570.003	30.93	2.94	90.82	7.97	8.31	66.29	73.0	4	24.0
1570.063	30.28	2.99	90.46	7.96	8.32	66.24	73.2	4	24.0
1570.167	31.76	2.84	90.17	7.86	8.45	66.49	73.7	4	23.0
1570.312	31.08	2.92	90.78	7.93	8.47	67.16	74.0	4	23.5
1570.372	30.92	2.94	91.03	7.95	8.46	67.26	73.9	4	23.5
1570.476	30.73	2.97	91.23	7.94	8.46	67.21	73.7	4	23.5
1570.621	31.76	2.90	92.24	7.98	8.48	67.68	73.4	4	22.0
1570.681	32.26	2.81	90.80	8.04	8.37	67.30	74.1	4	23.5
1570.785	31.34	2.89	90.61	8.09	8.34	67.50	74.5	4	24.0
1570.930	31.56	2.88	90.78	8.04	8.37	67.31	74.1	4	22.0
1570.990	32.39	2.74	88.83	7.95	8.37	66.54	74.9	4	22.0
1571.094	31.78	2.82	89.56	7.98	8.47	67.66	75.5	4	25.0
1571.239	31.19	2.87	89.44	7.97	8.30	66.17	74.0	4	22.0
1571.299	31.73	2.81	89.09	7.98	8.37	66.75	74.9	4	23.0
1571.403	31.72	2.82	89.38	8.01	8.34	66.78	74.7	4	23.0
1571.548	32.07	2.82	90.39	7.93	8.48	67.29	74.4	4	23.0
1571.608	31.81	2.87	91.21	8.01	8.43	67.52	74.0	4	24.5
1571.712	30.43	2.97	90.51	7.95	8.38	66.62	73.6	4	23.0
1571.857	32.40	2.72	88.08	7.92	8.26	65.42	74.3	4	22.0
1571.917	32.47	2.74	88.92	7.90	8.25	65.22	73.3	4	23.5
1572.021	30.42	2.95	89.79	7.90	8.50	67.13	74.8	4	24.5
1572.166	31.93	2.79	89.00	7.94	8.31	66.05	74.2	4	23.5
1572.226	31.09	2.88	89.60	7.96	8.32	66.23	73.9	4	23.5
1572.330	31.01	2.91	90.07	7.98	8.37	66.78	74.1	4	25.0
1572.475	31.64	2.81	88.94	7.92	8.42	66.62	74.9	4	24.0
1572.535	31.23	2.86	89.30	7.99	8.41	67.20	75.3	4	24.0
1572.639	30.97	2.93	90.88	7.95	8.58	68.24	75.1	4	23.5
1572.784	31.53	2.89	91.02	7.98	8.52	67.98	74.7	4	23.5
1572.844	30.91	2.93	90.53	7.93	8.47	67.15	74.2	4	24.0
1572.948	30.81	2.94	90.42	8.00	8.38	67.02	74.1	4	24.0
1573.093	30.38	2.97	90.19	7.97	8.44	67.33	74.7	4	22.5
1573.153	31.55	2.83	89.37	8.02	8.24	66.12	74.0	4	23.0
1573.257	30.71	2.96	90.90	8.02	8.33	66.80	73.5	4	25.0
1573.402	31.30	2.88	90.17	7.96	8.51	67.75	75.1	4	23.5
1573.462	31.16	2.91	90.60	7.99	8.38	66.94	73.9	4	24.0
1573.566	31.49	2.86	90.05	8.00	8.30	66.43	73.8	4	23.5
1573.711	31.33	2.87	89.86	7.97	8.40	66.88	74.4	4	23.0
1573.771	32.16	2.79	89.64	7.95	8.41	66.82	74.6	4	22.5
1573.875	31.39	2.87	90.02	7.98	8.48	67.63	75.1	4	23.5
1574.020	31.62	2.88	91.02	7.91	8.33	65.87	72.4	4	21.5
1574.080	32.01	2.80	89.61	7.88	8.44	66.54	74.3	4	23.0
1574.184	32.64	2.74	89.31	7.91	8.28	65.50	73.3	4	23.5
1574.329	32.03	2.79	89.34	7.95	8.33	66.25	74.2	4	23.0
1574.389	30.82	2.91	89.79	7.91	8.23	65.13	72.5	4	24.5
1574.493	30.43	2.96	90.09	7.93	8.54	67.70	75.2	4	22.5
1574.638	31.98	2.82	90.15	7.98	8.32	66.40	73.7	4	24.0
1574.698	31.10	2.92	90.65	7.98	8.39	66.93	73.8	4	24.5
1574.802	31.20	2.90	90.35	7.99	8.40	67.04	74.2	4	24.0
1574.947	31.24	2.90	90.73	8.02	8.47	67.95	74.9	4	24.5
1575.007	30.65	2.96	90.59	8.03	8.44	67.79	74.8	4	24.0
1575.111	31.26	2.91	91.04	7.95	8.42	66.92	73.5	4	22.0
1575.256	32.27	2.78	89.67	7.93	8.47	67.12	74.9	4	23.0
1575.316	32.04	2.80	89.85	7.98	8.35	66.65	74.2	4	23.5
1575.420	31.41	2.89	90.93	7.98	8.40	67.05	73.7	4	23.0
1575.565	31.21	2.90	90.57	8.06	8.23	66.28	73.2	4	23.5
1575.625	30.64	2.96	90.53	7.95	8.30	66.02	72.9	4	23.5
1575.729	31.53	2.87	90.57	7.97	8.52	67.97	75.0	4	23.0
1575.874	31.23	2.90	90.58	7.99	8.35	66.75	73.7	4	24.5
1575.934	30.70	2.95	90.69	7.95	8.38	66.64	73.5	4	23.5
1576.038	31.06	2.92	90.82	8.06	8.48	68.40	75.3	4	23.5
1576.183	31.39	2.89	90.58	7.99	8.38	66.93	73.9	4	23.0
1576.243	31.37	2.90	90.86	7.90	8.49	67.08	73.8	4	23.0
1576.347	30.78	2.93	90.12	7.89	8.55	67.48	74.9	4	24.0
1576.492	31.37	2.91	91.13	7.94	8.58	68.12	74.7	4	24.0
1576.552	31.46	2.88	90.58	8.01	8.38	67.09	74.1	4	24.0
1576.656	31.20	2.90	90.60	8.01	8.42	67.48	74.5	4	23.0
1576.801	31.42	2.90	91.12	7.99	8.39	67.01	73.5	4	23.0
1576.861	31.21	2.90	90.59	8.05	8.34	67.13	74.1	4	24.0
1576.965	31.55	2.86	90.26	8.04	8.36	67.16	74.4	4	23.0
1577.110	30.90	2.93	90.47	8.07	8.33	67.22	74.3	4	25.5
1577.170	30.42	2.96	90.10	8.05	8.29	66.76	74.1	4	23.5
1577.274	31.77	2.83	89.83	8.00	8.34	66.72	74.3	4	22.5
1577.419	31.37	2.88	90.26	8.02	8.35	67.00	74.2	4	24.5
1577.479	30.86	2.93	90.50	8.06	8.27	66.67	73.7	4	25.0
1577.583	30.58	2.97	90.87	8.06	8.38	67.52	74.3	4	23.5
1577.728	30.84	2.94	90.54	8.00	8.44	67.52	74.6	4	23.5
1577.788	31.42	2.87	90.16	7.99	8.39	67.01	74.3	4	23.0
1577.892	30.95	2.93	90.72	8.06	8.28	66.75	73.6	4	24.0
1578.037	31.39	2.89	90.67	8.05	8.22	66.23	73.0	4	23.5
1578.097	31.66	2.86	90.53	8.07	8.30	67.00	74.0	4	23.5
1578.201	31.95	2.84	90.58	8.10	8.29	67.10	74.1	4	23.5
1578.346	31.51	2.89	91.01	8.08	8.38	67.71	74.4	4	23.5
1578.406	31.26	2.93	91.45	8.09	8.30	67.16	73.4	4	24.0
1578.510	31.36	2.88	90.21	8.03	8.49	68.10	75.5	4	23.0
1578.655	31.49	2.87	90.42	7.97	8.49	67.61	74.8	4	24.5
1578.715	30.35	2.97	90.26	7.97	8.42	67.11	74.4	4	24.0
1578.819	31.13	2.92	90.81	8.02	8.46	67.89	74.8	4	23.5
1578.964	31.39	2.92	91.50	8.08	8.49	68.59	75.0	4	24.0
1579.024	31.06	2.92	90.69	8.09	8.50	68.79	75.9	4	24.0
1579.128	31.70	2.85	90.49	8.05	8.39	67.57	74.7	4	23.0
1579.273	31.08	2.92	90.82	8.10	8.34	67.53	74.4	4	24.5
1579.333	31.26	2.91	91.03	8.02	8.45	67.80	74.5	4	22.0
1579.437	31.93	2.83	90.43	8.00	8.50	67.94	75.1	4	24.0
1579.582	31.54	2.87	90.63	8.00	8.46	67.73	74.7	4	22.0
1579.642	32.12	2.79	89.54	7.95	8.40	66.82	74.6	4	23.0
1579.746	31.37	2.88	90.41	7.99	8.58	68.54	75.8	4	25.0
1579.891	32.26	2.81	90.60	7.95	8.42	66.87	73.8	4	22.0
1579.951	31.64	2.85	90.03	7.92	8.47	67.09	74.5	4	24.0
1580.055	30.59	2.95	90.29	7.93	8.62	68.41	75.8	4	23.0
1580.200	31.68	2.86	90.54	7.98	8.47	67.55	74.6	4	24.5
1580.260	30.80	2.93	90.17	7.94	8.44	66.95	74.3	4	24.0
1580.364	31.69	2.86	90.76	7.95	8.43	67.05	73.9	4	22.0
1580.509	32.05	2.79	89.27	7.95	8.31	66.00	73.9	4	25.0
1580.569	30.05	2.94	88.35	7.83	8.34	65.31	73.9	4	24.5
1580.673	31.74	2.80	88.74	7.86	8.44	66.40	74.8	4	22.0
1580.818	31.69	2.85	90.38	7.97	8.40	66.98	74.1	4	24.0
1580.878	31.54	2.87	90.67	7.91	8.54	67.57	74.5	4	23.0
1580.982	32.16	2.81	90.30	8.04	8.24	66.23	73.3	4	23.5
1581.127	31.73	2.87	91.11	7.99	8.40	67.19	73.7	4	22.0
1581.187	31.82	2.86	90.89	8.02	8.44	67.72	74.5	4	24.5
1581.291	31.08	2.92	90.87	8.08	8.26	66.75	73.5	4	23.5
1581.436	31.11	2.92	90.86	8.00	8.43	67.40	74.2	4	22.5
1581.496	31.32	2.91	91.11	7.98	8.51	67.95	74.6	4	24.0
1581.600	31.31	2.89	90.41	8.00	8.50	67.96	75.2	4	23.0
1581.745	31.71	2.88	91.18	8.05	8.44	67.97	74.5	4	24.0
1581.805	31.27	2.91	91.01	8.02	8.47	67.93	74.6	4	23.5
1581.909	30.88	2.95	91.05	7.96	8.54	68.00	74.7	4	23.5
1582.054	32.46	2.76	89.58	7.94	8.43	66.99	74.8	4	23.5
1582.114	31.23	2.88	89.84	7.96	8.46	67.32	74.9	4	25.0
1582.218	31.71	2.83	89.71	7.97	8.23	65.61	73.1	4	22.5
1582.363	31.46	2.88	90.46	8.05	8.28	66.69	73.7	4	22.5
1582.423	32.15	2.81	90.21	7.96	8.38	66.67	73.9	4	21.5
1582.527	32.68	2.73	89.09	7.98	8.23	65.66	73.7	4	24.0
1582.672	30.89	2.93	90.39	7.99	8.39	67.01	74.1	4	22.5
1582.732	31.76	2.85	90.52	7.95	8.49	67.53	74.6	4	22.0
1582.836	31.57	2.87	90.70	8.04	8.33	67.02	73.9	4	25.0
1582.981	30.50	2.97	90.55	8.01	8.33	66.69	73.7	4	23.5
1583.041	30.92	2.96	91.46	7.97	8.45	67.30	73.6	4	22.0
1583.145	31.92	2.82	90.07	8.02	8.44	67.68	75.1	4	23.0
1583.290	31.93	2.84	90.56	8.00	8.46	67.66	74.7	4	23.0
1583.350	31.43	2.88	90.49	8.00	8.35	66.74	73.8	4	23.5
1583.454	30.91	2.93	90.48	8.01	8.46	67.75	74.9	4	23.0
1583.599	32.47	2.76	89.57	8.01	8.34	66.81	74.6	4	23.0
1583.659	31.26	2.87	89.83	8.02	8.29	66.50	74.0	4	25.0
1583.763	30.50	2.95	89.87	7.95	8.45	67.14	74.7	4	22.5
1583.908	32.38	2.77	89.65	8.00	8.32	66.54	74.2	4	22.5
1583.968	32.03	2.80	89.73	7.97	8.35	66.62	74.2	4	23.0
1584.072	31.84	2.84	90.44	7.94	8.50	67.48	74.6	4	21.5
1584.217	30.84	2.93	90.24	7.98	8.43	67.25	74.5	4	24.5
1584.277	31.11	2.91	90.50	8.00	8.38	67.04	74.1	4	22.5
1584.381	32.40	2.76	89.32	7.98	8.35	66.58	74.5	4	23.5
1584.526	30.72	2.93	90.15	8.02	8.38	67.18	74.5	4	24.0
1584.586	31.03	2.92	90.56	7.97	8.47	67.45	74.5	4	22.0
1584.690	32.54	2.72	88.39	7.90	8.31	65.59	74.2	4	23.5
1584.835	30.33	2.94	89.23	7.90	8.41	66.40	74.4	4	23.0
1584.895	30.62	2.93	89.61	7.95	8.52	67.75	75.6	4	23.5
1584.999	31.18	2.91	90.64	8.02	8.43	67.61	74.6	4	22.0
1585.144	32.38	2.77	89.81	7.96	8.52	67.87	75.6	4	23.5
1585.204	31.79	2.84	90.22	8.03	8.36	67.12	74.4	4	23.5
1585.308	31.78	2.84	90.42	7.99	8.50	67.91	75.1	4	23.5
1585.453	31.33	2.86	89.59	8.02	8.46	67.79	75.7	4	24.5
1585.513	30.32	2.96	89.62	7.92	8.48	67.18	75.0	4	24.5
1585.617	31.32	2.88	90.09	8.02	8.35	66.98	74.3	4	23.0
1585.762	31.15	2.92	90.89	8.05	8.39	67.56	74.3	4	22.0
1585.822	32.24	2.75	88.82	7.98	8.35	66.67	75.1	4	22.5
1585.926	32.24	2.78	89.67	7.98	8.35	66.67	74.3	4	23.0
1586.071	31.00	2.91	90.33	8.02	8.40	67.37	74.6	4	23.5
1586.131	31.36	2.89	90.65	8.05	8.29	66.78	73.7	4	22.5
1586.235	31.69	2.86	90.53	8.04	8.27	66.48	73.4	4	23.5
1586.380	31.72	2.88	91.30	8.03	8.37	67.18	73.6	4	22.5
1586.440	32.65	2.72	88.78	7.99	8.10	64.68	72.9	4	21.5
1586.544	32.47	2.75	89.28	7.91	8.40	66.42	74.4	4	24.0
1586.689	31.29	2.88	90.19	7.93	8.55	67.74	75.1	4	23.5
1586.749	31.55	2.86	90.37	7.99	8.45	67.49	74.7	4	22.0
1586.853	30.95	2.92	90.37	7.91	8.52	67.43	74.6	4	24.0
1586.998	31.08	2.94	91.22	8.03	8.42	67.60	74.1	4	24.0
1587.058	31.06	2.93	90.97	7.94	8.55	67.85	74.6	4	23.0
1587.162	30.55	2.97	90.74	8.03	8.48	68.09	75.0	4	24.5
1587.307	30.88	2.95	91.18	8.05	8.46	68.05	74.6	4	23.0
1587.367	31.33	2.91	91.02	8.04	8.39	67.46	74.1	4	22.0
1587.471	31.96	2.83	90.37	8.06	8.34	67.23	74.4	4	23.0
1587.616	31.02	2.92	90.58	8.07	8.37	67.52	74.5	4	24.0
1587.676	30.73	2.95	90.67	8.06	8.40	67.70	74.7	4	24.0
1587.780	31.19	2.91	90.73	8.06	8.39	67.59	74.5	4	23.5
1587.925	31.97	2.80	89.59	7.98	8.27	65.96	73.6	4	21.0
1587.985	32.76	2.69	88.17	7.95	8.30	65.99	74.8	4	23.0
1588.089	31.54	2.87	90.40	7.97	8.37	66.67	73.8	4	23.5
1588.234	31.48	2.87	90.32	8.05	8.28	66.69	73.8	4	24.5
1588.294	30.61	2.95	90.45	7.93	8.36	66.31	73.3	4	23.5
1588.398	32.04	2.82	90.52	8.00	8.27	66.18	73.1	4	23.5
1588.543	31.39	2.89	90.67	8.10	8.30	67.28	74.2	4	24.5
1588.603	31.47	2.89	90.84	8.01	8.47	67.86	74.7	4	23.0
1588.707	30.99	2.93	90.77	8.05	8.37	67.38	74.2	4	24.5
1588.852	31.91	2.82	89.87	8.06	8.26	66.57	74.1	4	23.0
1588.912	31.06	2.91	90.30	7.98	8.38	66.85	74.0	4	24.5
1589.016	30.91	2.93	90.53	8.02	8.36	67.07	74.1	4	22.5
1589.161	31.52	2.88	90.93	8.06	8.34	67.16	73.9	4	25.5
1589.221	30.16	2.99	90.05	7.96	8.38	66.77	74.1	4	25.0
1589.325	31.25	2.86	89.39	7.92	8.46	66.98	74.9	4	22.5
1589.470	32.33	2.79	90.08	7.84	8.54	66.96	74.3	4	22.5
1589.530	32.54	2.76	89.95	7.94	8.36	66.41	73.8	4	23.5
1589.634	31.20	2.90	90.57	7.96	8.29	65.99	72.9	4	24.0
1589.779	31.97	2.79	89.28	7.93	8.52	67.50	75.6	4	21.5
1589.839	32.48	2.76	89.73	7.95	8.29	65.88	73.4	4	22.5
1589.943	31.19	2.90	90.51	7.92	8.45	66.97	74.0	4	24.5
1590.088	32.12	2.81	90.18	7.93	8.53	67.66	75.0	4	22.0
1590.148	32.60	2.74	89.19	7.89	8.41	66.30	74.3	4	22.5
1590.252	31.21	2.88	89.81	7.98	8.23	65.71	73.2	4	25.5
1590.397	31.78	2.77	88.13	7.93	8.16	64.69	73.4	4	21.5
1590.457	32.60	2.68	87.31	7.90	8.13	64.26	73.6	4	22.0
1590.561	32.85	2.67	87.79	7.84	8.42	66.00	75.2	4	23.0
1590.706	30.49	2.94	89.54	7.94	8.35	66.33	74.1	4	23.5
1590.766	31.44	2.84	89.35	7.94	8.40	66.68	74.6	4	23.0
1590.870	30.92	2.91	90.12	7.88	8.54	67.33	74.7	4	24.0
1591.015	31.58	2.86	90.23	8.00	8.37	67.00	74.2	4	22.5
1591.075	31.76	2.85	90.42	8.04	8.44	67.89	75.1	4	24.0
1591.179	31.45	2.86	89.80	7.98	8.49	67.79	75.5	4	23.5
1591.324	32.09	2.79	89.67	7.88	8.47	66.77	74.5	4	21.0
1591.384	32.84	2.68	88.03	7.89	8.21	64.81	73.6	4	22.5
1591.488	31.50	2.84	89.33	7.86	8.55	67.19	75.2	4	25.0
1591.633	31.39	2.89	90.84	7.92	8.47	67.08	73.8	4	22.0
1591.693	32.09	2.80	90.01	7.87	8.48	66.74	74.2	4	23.0
1591.797	31.07	2.91	90.37	7.96	8.48	67.49	74.7	4	22.5
1591.942	30.99	2.92	90.35	8.00	8.49	67.92	75.2	4	24.5
1592.002	30.62	2.95	90.37	7.98	8.44	67.41	74.6	4	23.0
1592.106	31.43	2.86	90.01	8.00	8.32	66.61	74.0	4	24.0
1592.251	31.88	2.83	90.20	8.01	8.35	66.94	74.2	4	23.0
1592.311	31.91	2.81	89.73	8.01	8.31	66.54	74.2	4	23.5
1592.415	31.24	2.91	90.83	8.00	8.39	67.11	73.9	4	24.5
1592.560	31.36	2.89	90.61	7.95	8.48	67.40	74.4	4	23.5
1592.620	31.99	2.82	90.33	8.04	8.31	66.80	73.9	4	22.0
1592.724	30.61	2.93	89.58	7.90	8.53	67.34	75.2	4	24.5
1592.869	30.88	2.90	89.64	7.96	8.37	66.65	74.4	4	22.0
1592.929	30.89	2.89	89.35	7.93	8.39	66.57	74.5	4	24.0
1593.033	30.36	2.96	89.87	7.98	8.48	67.69	75.3	4	24.5
1593.178	30.75	2.92	89.72	7.94	8.45	67.09	74.8	4	22.5
1593.238	31.68	2.82	89.29	7.92	8.31	65.88	73.8	4	22.5
1593.342	32.95	2.65	87.22	7.87	8.21	64.59	74.1	4	22.0
1593.487	31.10	2.90	90.16	7.90	8.52	67.36	74.7	4	23.0
1593.547	31.59	2.85	90.11	7.89	8.46	66.71	74.0	4	23.0
1593.651	31.27	2.87	89.80	8.01	8.27	66.22	73.7	4	23.0
1593.796	32.10	2.78	89.31	7.88	8.46	66.65	74.6	4	24.0
1593.856	30.76	2.92	89.71	7.91	8.47	67.03	74.7	4	24.5
1593.960	31.47	2.84	89.39	7.95	8.39	66.75	74.7	4	22.5
1594.105	32.08	2.82	90.44	7.96	8.45	67.27	74.4	4	22.5
1594.165	32.03	2.82	90.35	7.96	8.30	66.05	73.1	4	23.0
1594.269	30.77	2.92	89.95	7.94	8.36	66.38	73.8	4	23.0
1594.414	31.17	2.90	90.29	7.83	8.51	66.65	73.8	4	23.5
1594.474	31.67	2.85	90.30	8.02	8.29	66.45	73.6	4	24.0
1594.578	31.14	2.90	90.28	7.96	8.54	67.94	75.3	4	24.0
1594.723	32.24	2.78	89.59	7.90	8.40	66.33	74.0	4	22.0
1594.783	32.52	2.74	89.12	7.91	8.29	65.59	73.6	4	23.0
1594.887	31.35	2.87	89.98	7.90	8.44	66.72	74.2	4	22.0
1595.032	31.97	2.83	90.61	7.85	8.39	65.83	72.7	4	24.0
1595.092	31.01	2.92	90.48	7.87	8.58	67.53	74.6	4	23.5
1595.196	31.50	2.88	90.67	7.93	8.37	66.35	73.2	4	23.0
1595.341	30.10	3.00	90.19	7.95	8.41	66.88	74.2	4	24.5
1595.401	30.13	3.00	90.41	7.89	8.52	67.23	74.4	4	23.0
1595.505	30.81	2.94	90.71	7.98	8.43	67.26	74.2	4	24.0
1595.650	31.35	2.90	91.01	7.97	8.42	67.07	73.7	4	23.0
1595.710	31.58	2.88	91.06	7.98	8.46	67.51	74.1	4	24.0
1595.814	31.13	2.90	90.25	7.99	8.35	66.69	73.9	4	24.0
1595.959	32.10	2.81	90.13	7.97	8.41	67.03	74.4	4	23.5
1596.019	31.51	2.85	89.85	8.01	8.29	66.41	73.9	4	24.0
1596.123	31.28	2.90	90.58	8.04	8.31	66.86	73.8	4	23.0
1596.268	30.85	2.92	90.08	7.94	8.48	67.29	74.7	4	23.5
1596.328	31.58	2.84	89.61	8.04	8.31	66.82	74.6	4	23.0
1596.432	32.44	2.77	89.69	7.91	8.35	66.02	73.6	4	22.0
1596.577	30.35	2.95	89.50	7.91	8.32	65.80	73.5	4	24.5
1596.637	30.34	2.96	89.74	7.93	8.42	66.82	74.5	4	23.0
1596.741	31.29	2.88	90.04	8.02	8.35	66.97	74.4	4	23.0
1596.886	32.04	2.78	89.08	7.84	8.42	65.97	74.1	4	23.5
1596.946	31.17	2.87	89.62	7.95	8.32	66.15	73.8	4	23.5
1597.050	31.82	2.84	90.25	7.93	8.45	67.02	74.3	4	22.5
1597.195	31.36	2.89	90.56	7.96	8.50	67.66	74.7	4	24.5
1597.255	31.28	2.89	90.52	7.94	8.47	67.27	74.3	4	22.5
1597.359	31.84	2.82	89.87	7.88	8.35	65.82	73.2	4	23.0
1597.504	30.61	2.95	90.16	7.96	8.41	66.96	74.3	4	23.5
1597.564	31.47	2.87	90.25	7.96	8.40	66.89	74.1	4	22.5
1597.668	31.66	2.85	90.06	7.99	8.50	67.89	75.4	4	23.5
1597.813	31.54	2.88	90.80	8.03	8.39	67.36	74.2	4	23.5
1597.873	31.27	2.91	90.98	8.03	8.44	67.74	74.5	4	23.5
1597.977	31.46	2.87	90.38	8.01	8.48	67.88	75.1	4	24.0
1598.122	31.25	2.89	90.46	7.94	8.42	66.89	73.9	4	23.0
1598.182	31.68	2.85	90.27	7.97	8.52	67.86	75.2	4	23.0
1598.286	32.34	2.78	89.89	7.97	8.36	66.63	74.1	4	22.5
1598.431	31.30	2.90	90.66	7.99	8.51	67.99	75.0	4	22.5
1598.491	31.83	2.84	90.41	8.02	8.32	66.73	73.8	4	22.5
1598.595	31.62	2.83	89.51	7.96	8.40	66.88	74.7	4	24.0
1598.740	32.05	2.80	89.65	7.97	8.33	66.37	74.0	4	22.0
1598.800	32.68	2.70	88.28	7.91	8.42	66.58	75.4	4	23.0
1598.904	31.63	2.83	89.65	7.91	8.42	66.57	74.3	4	22.5
1599.049	31.10	2.90	90.21	8.00	8.44	67.53	74.9	4	24.0
1599.109	30.79	2.93	90.26	8.01	8.35	66.88	74.1	4	23.0
1599.213	32.15	2.80	89.91	7.98	8.33	66.45	73.9	4	22.0
1599.358	30.53	2.93	89.57	7.89	8.49	67.01	74.8	4	24.5
1599.418	30.85	2.91	89.90	7.90	8.46	66.90	74.4	4	22.5
1599.522	32.01	2.81	89.93	7.94	8.43	66.94	74.4	4	22.5
1599.667	31.87	2.84	90.64	7.98	8.40	67.05	74.0	4	23.5
1599.727	31.60	2.87	90.70	7.97	8.34	66.49	73.3	4	22.5
1599.831	32.12	2.80	89.78	7.99	8.39	67.02	74.6	4	22.5
1599.976	31.18	2.89	90.09	8.00	8.43	67.41	74.8	4	24.5
1600.036	30.88	2.93	90.45	7.98	8.51	67.89	75.1	4	23.0
1600.140	31.75	2.84	90.32	7.89	8.51	67.14	74.3	4	23.0
1600.285	31.43	2.88	90.38	7.95	8.40	66.82	73.9	4	24.0
1600.345	31.00	2.91	90.32	8.00	8.46	67.71	75.0	4	23.5
1600.449	31.53	2.88	90.78	8.01	8.41	67.32	74.2	4	23.5
1600.594	30.97	2.93	90.74	7.95	8.45	67.16	74.0	4	24.0
1600.654	31.25	2.91	90.87	8.00	8.38	67.03	73.8	4	23.0
1600.758	31.04	2.92	90.76	8.05	8.33	67.05	73.9	4	24.0
1600.903	31.91	2.82	90.10	8.08	8.26	66.75	74.1	4	23.0
1600.963	31.33	2.87	90.04	7.97	8.37	66.70	74.1	4	23.5
1601.067	31.29	2.90	90.74	8.02	8.47	67.93	74.9	4	22.5
1601.212	31.87	2.83	90.04	8.05	8.35	67.25	74.7	4	24.5
1601.272	30.78	2.92	89.99	7.98	8.52	68.03	75.6	4	24.5
1601.376	31.20	2.88	89.91	8.01	8.45	67.70	75.3	4	22.5
1601.521	31.17	2.89	89.93	8.01	8.49	68.06	75.7	4	24.0
1601.581	31.36	2.88	90.39	8.03	8.33	66.89	74.0	4	22.0
1601.685	32.90	2.67	87.84	7.85	8.35	65.55	74.6	4	21.5
1601.830	31.57	2.85	90.01	7.92	8.25	65.34	72.6	4	25.5
1601.890	30.50	2.94	89.74	7.80	8.49	66.16	73.7	4	23.5
1601.994	31.17	2.88	89.61	7.92	8.37	66.29	74.0	4	23.0
1602.139	31.71	2.85	90.37	7.92	8.50	67.32	74.5	4	22.5
1602.199	31.37	2.89	90.57	7.98	8.37	66.73	73.7	4	24.5
1602.303	30.31	2.99	90.70	7.93	8.57	68.01	75.0	4	23.5
1602.448	32.37	2.78	89.87	7.85	8.50	66.72	74.2	4	22.0
1602.508	32.02	2.81	89.92	7.98	8.36	66.65	74.1	4	24.5
1602.612	31.91	2.80	89.45	7.91	8.31	65.77	73.5	4	23.5
1602.757	31.30	2.90	90.87	7.98	8.36	66.69	73.4	4	22.5
1602.817	31.83	2.84	90.25	7.93	8.50	67.35	74.6	4	23.5
1602.921	30.33	2.97	89.99	7.94	8.38	66.50	73.9	4	24.5
1603.066	32.29	2.74	88.49	7.98	8.24	65.76	74.3	4	22.0
1603.126	32.27	2.77	89.32	7.97	8.35	66.57	74.5	4	24.0
1603.230	31.40	2.88	90.33	7.98	8.42	67.24	74.4	4	22.5
1603.375	31.94	2.83	90.25	7.94	8.35	66.25	73.4	4	21.5
1603.435	32.08	2.80	89.96	7.93	8.52	67.56	75.1	4	24.5
1603.539	31.04	2.92	90.73	8.00	8.32	66.52	73.3	4	24.5
1603.684	30.91	2.94	90.72	7.91	8.47	67.01	73.9	4	24.0
1603.744	31.17	2.92	91.05	8.03	8.33	66.93	73.5	4	23.5
1603.848	31.14	2.91	90.73	8.01	8.46	67.81	74.7	4	23.5
1603.993	30.52	2.95	89.94	7.93	8.55	67.80	75.4	4	23.5
1604.053	30.82	2.93	90.41	8.04	8.37	67.27	74.4	4	23.0
1604.157	32.07	2.81	90.06	7.97	8.26	65.80	73.1	4	22.5
1604.302	32.23	2.82	90.87	7.91	8.55	67.60	74.4	4	22.5
1604.362	32.06	2.81	90.24	8.05	8.30	66.79	74.0	4	23.0
1604.466	31.38	2.88	90.38	8.02	8.28	66.36	73.4	4	24.0
1604.611	31.19	2.91	90.71	8.01	8.50	68.05	75.0	4	23.5
1604.671	31.03	2.92	90.67	8.05	8.49	68.34	75.4	4	24.0
1604.775	31.70	2.87	90.96	8.10	8.27	66.95	73.6	4	24.0
1604.920	31.30	2.91	91.11	8.04	8.31	66.87	73.4	4	24.0
1604.980	31.19	2.90	90.52	8.03	8.47	67.99	75.1	4	24.0
1605.084	31.19	2.89	90.13	8.03	8.36	67.18	74.5	4	23.5
1605.229	30.86	2.92	90.26	8.07	8.47	68.38	75.8	4	24.5
1605.289	31.10	2.90	90.24	8.07	8.49	68.45	75.9	4	23.0
1605.393	31.49	2.87	90.22	8.09	8.31	67.17	74.4	4	23.5
1605.538	31.24	2.93	91.47	8.01	8.49	68.03	74.4	4	24.0
1605.598	30.87	2.96	91.23	8.03	8.58	68.86	75.5	4	24.5
1605.702	30.98	2.92	90.45	8.05	8.34	67.14	74.2	4	23.5
1605.847	30.78	2.95	90.74	8.06	8.46	68.19	75.1	4	25.0
1605.907	30.26	2.98	90.26	8.07	8.49	68.45	75.8	4	24.0
1606.011	30.19	2.97	89.58	8.00	8.39	67.19	75.0	4	23.5
1606.156	31.95	2.81	89.85	8.00	8.38	67.02	74.6	4	22.5
1606.216	31.35	2.87	90.09	7.98	8.50	67.82	75.3	4	24.0
1606.320	31.05	2.91	90.21	8.06	8.25	66.55	73.8	4	24.0
1606.465	30.98	2.91	90.24	8.04	8.43	67.72	75.0	4	23.5
1606.525	31.38	2.89	90.65	8.05	8.40	67.62	74.6	4	23.0
1606.629	30.61	2.94	90.01	8.07	8.35	67.37	74.8	4	23.5
1606.774	31.39	2.89	90.85	8.03	8.39	67.41	74.2	4	22.5
1606.834	31.84	2.84	90.49	8.04	8.40	67.57	74.7	4	23.0
1606.938	31.25	2.90	90.61	8.04	8.39	67.41	74.4	4	23.5
1607.083	31.19	2.90	90.32	8.00	8.39	67.09	74.3	4	24.0
1607.143	31.23	2.90	90.54	8.02	8.36	67.06	74.1	4	22.5
1607.247	31.35	2.89	90.51	7.99	8.50	67.91	75.0	4	24.5
1607.392	31.31	2.88	90.03	8.10	8.29	67.09	74.5	4	23.0
1607.452	31.59	2.83	89.46	8.08	8.36	67.57	75.5	4	23.0
1607.556	31.41	2.87	90.02	8.07	8.16	65.86	73.2	4	25.0
1607.701	30.53	2.94	89.86	7.98	8.41	67.17	74.8	4	23.0
1607.761	30.97	2.90	89.79	7.95	8.40	66.82	74.4	4	23.0
1607.865	31.71	2.85	90.38	7.96	8.51	67.72	74.9	4	22.5
1608.010	31.45	2.85	89.76	8.07	8.50	68.55	76.4	4	23.0
1608.070	31.63	2.86	90.39	8.10	8.35	67.64	74.8	4	24.0
1608.174	31.67	2.86	90.46	8.05	8.27	66.59	73.6	4	22.5
1608.319	31.28	2.90	90.64	7.96	8.48	67.49	74.5	4	23.0
1608.379	31.73	2.86	90.72	7.98	8.55	68.17	75.1	4	23.0
1608.483	31.91	2.84	90.57	8.05	8.56	68.86	76.0	4	24.0
1608.628	31.23	2.89	90.32	8.09	8.33	67.39	74.6	4	23.0
1608.688	31.86	2.83	90.17	8.08	8.28	66.86	74.2	4	22.5
1608.792	30.87	2.93	90.47	8.02	8.40	67.37	74.5	4	25.0
1608.937	31.48	2.86	90.08	8.00	8.31	66.47	73.8	4	22.5
1608.997	31.99	2.81	89.89	7.98	8.42	67.19	74.7	4	23.0
1609.101	31.97	2.81	89.90	7.96	8.44	67.16	74.7	4	25.0
1609.246	31.37	2.85	89.40	8.01	8.26	66.16	74.0	4	22.0
1609.306	31.68	2.85	90.24	8.06	8.30	66.87	74.1	4	23.5
1609.410	31.34	2.90	90.90	8.01	8.41	67.35	74.1	4	23.0
1609.555	31.54	2.89	91.11	8.11	8.28	67.10	73.6	4	22.5
1609.615	31.65	2.86	90.55	8.07	8.27	66.75	73.7	4	24.5
1609.719	30.79	2.93	90.08	8.00	8.48	67.82	75.3	4	23.0
1609.864	30.88	2.94	90.68	8.04	8.37	67.29	74.2	4	23.5
1609.924	31.53	2.87	90.40	8.05	8.37	67.38	74.5	4	23.0
1610.028	31.69	2.85	90.26	7.99	8.46	67.52	74.8	4	22.5
1610.173	30.65	2.95	90.40	8.01	8.33	66.71	73.8	4	24.0
1610.233	31.14	2.90	90.29	8.02	8.32	66.70	73.9	4	23.5
1610.337	32.01	2.79	89.17	7.97	8.39	66.84	75.0	4	22.5
1610.482	31.84	2.85	90.59	8.06	8.23	66.38	73.3	4	23.5
1610.542	31.62	2.86	90.45	8.09	8.27	66.86	73.9	4	23.0
1610.646	31.06	2.93	90.88	8.10	8.46	68.51	75.4	4	23.5
1610.791	31.81	2.82	89.60	8.08	8.26	66.74	74.5	4	23.0
1610.851	31.37	2.86	89.67	8.07	8.31	67.03	74.7	4	23.5
1610.955	31.86	2.79	88.99	7.99	8.35	66.77	75.0	4	21.5
1611.100	31.11	2.90	90.12	8.00	8.37	66.99	74.3	4	25.0
1611.160	30.95	2.90	89.88	8.03	8.33	66.83	74.4	4	23.5
1611.264	31.34	2.87	89.82	8.00	8.44	67.53	75.2	4	22.5
1611.409	31.10	2.90	90.24	8.03	8.41	67.50	74.8	4	24.5
1611.469	31.17	2.90	90.38	8.05	8.42	67.81	75.0	4	23.0
1611.573	31.16	2.91	90.72	8.04	8.28	66.56	73.4	4	24.5
1611.718	30.91	2.95	91.25	8.04	8.37	67.29	73.7	4	23.0
1611.778	31.18	2.89	90.27	7.96	8.36	66.59	73.8	4	22.5
1611.882	30.39	2.95	89.63	7.93	8.36	66.34	74.0	4	24.0
1612.027	32.46	2.74	88.83	7.87	8.45	66.57	74.9	4	22.5
1612.087	32.25	2.78	89.50	7.97	8.43	67.18	75.1	4	24.0
1612.191	30.61	2.92	89.49	8.00	8.30	66.38	74.2	4	22.5
1612.336	32.56	2.72	88.68	7.96	8.28	65.93	74.3	4	21.5
1612.396	32.69	2.69	88.09	7.98	8.15	65.06	73.9	4	22.0
1612.500	32.98	2.66	87.69	7.85	8.27	64.89	74.0	4	23.5
1612.645	30.63	2.92	89.37	7.98	8.28	66.05	73.9	4	24.5
1612.705	30.57	2.94	89.84	7.97	8.40	66.95	74.5	4	22.5
1612.809	31.81	2.81	89.42	7.95	8.45	67.12	75.1	4	22.0
1612.954	31.37	2.89	90.58	7.90	8.49	67.05	74.0	4	23.5
1613.014	31.03	2.91	90.39	8.01	8.54	68.38	75.6	4	23.5
1613.118	31.64	2.85	90.10	8.06	8.28	66.72	74.1	4	23.0
1613.263	31.05	2.91	90.30	8.00	8.37	67.02	74.2	4	24.0
1613.323	31.11	2.90	90.21	8.06	8.43	67.96	75.3	4	24.0
1613.427	31.63	2.84	89.81	8.12	8.23	66.76	74.3	4	22.5
1613.572	30.98	2.89	89.63	7.93	8.36	66.31	74.0	4	24.5
1613.632	30.85	2.92	90.06	7.99	8.52	68.08	75.6	4	23.5
1613.736	31.09	2.89	89.91	8.11	8.24	66.82	74.3	4	23.5
1613.881	31.38	2.89	90.63	7.93	8.45	67.06	74.0	4	22.5
1613.941	31.49	2.87	90.37	8.04	8.46	68.01	75.2	4	24.0
1614.045	31.27	2.89	90.35	8.11	8.32	67.45	74.6	4	22.5
1614.190	30.83	2.92	89.99	8.00	8.38	67.11	74.6	4	23.5
1614.250	31.89	2.80	89.42	8.06	8.23	66.35	74.2	4	23.0
1614.354	30.93	2.90	89.68	8.02	8.15	65.36	72.9	4	25.0
1614.499	30.95	2.90	89.70	8.01	8.40	67.33	75.1	4	23.5
1614.559	30.92	2.91	90.11	8.04	8.27	66.42	73.7	4	23.5
1614.663	31.33	2.88	90.14	8.01	8.37	67.01	74.3	4	23.0
1614.808	31.16	2.90	90.49	8.01	8.41	67.31	74.4	4	23.0
1614.868	31.10	2.89	89.91	7.97	8.39	66.85	74.4	4	24.0
1614.972	30.93	2.90	89.83	8.00	8.37	66.98	74.6	4	23.0
1615.117	31.34	2.88	90.10	7.98	8.38	66.89	74.2	4	23.5
1615.177	31.58	2.86	90.42	7.91	8.54	67.58	74.7	4	22.5
1615.281	32.00	2.78	89.06	8.01	8.28	66.34	74.5	4	23.0
1615.426	31.49	2.83	89.10	8.01	8.36	66.95	75.1	4	23.5
1615.486	31.43	2.84	89.34	7.95	8.49	67.53	75.6	4	22.0
2007.598	37.97	0.52	19.83	1.47	3.11	4.58	23.1	4	12.5
2007.743	29.37	1.61	47.34	3.23	7.24	23.36	49.4	4	18.5
2007.803	25.99	1.79	46.62	3.36	7.54	25.33	54.3	4	17.5
2007.907	25.18	1.92	48.26	3.53	8.01	28.33	58.7	4	15.5
2008.052	33.31	1.64	54.59	3.83	8.64	33.07	60.6	4	13.0
2008.112	34.42	1.59	54.75	3.81	8.69	33.10	60.5	4	12.5
2008.216	35.50	1.52	53.79	3.77	8.65	32.62	60.6	4	12.5
2008.361	31.66	1.81	57.41	3.87	9.01	34.90	60.8	4	16.0
2008.421	30.21	1.89	57.12	3.84	9.02	34.66	60.7	4	15.5
2008.525	30.13	1.94	58.38	3.88	9.14	35.49	60.8	4	14.0
2008.670	34.23	1.75	59.79	3.91	9.32	36.41	60.9	4	13.0
2008.730	34.74	1.73	60.23	3.90	9.34	36.41	60.5	4	13.0
2008.834	32.98	1.84	60.71	3.93	9.38	36.88	60.8	4	15.5
2008.979	32.90	1.86	61.10	3.96	9.40	37.20	60.9	4	13.5
2009.039	33.86	1.80	61.11	3.95	9.42	37.22	60.9	4	13.5
2009.143	34.63	1.75	60.76	3.94	9.41	37.13	61.1	4	13.0
2009.288	32.95	1.87	61.66	3.98	9.48	37.77	61.3	4	15.5
2009.348	31.91	1.91	60.96	3.96	9.44	37.38	61.3	4	15.5
2009.452	31.57	1.93	60.99	3.96	9.43	37.40	61.3	4	13.5
2009.597	34.40	1.78	61.21	3.94	9.46	37.27	60.9	4	13.0
2009.657	34.62	1.76	60.86	3.94	9.45	37.22	61.2	4	13.0
2009.761	33.48	1.83	61.22	3.97	9.47	37.56	61.4	4	15.0
2009.906	32.20	1.90	61.26	3.94	9.47	37.26	60.8	4	13.0
2009.966	33.71	1.81	60.87	3.90	9.42	36.80	60.5	4	13.5
2010.070	34.42	1.78	61.34	3.92	9.47	37.13	60.5	4	15.0
2010.215	32.74	1.89	61.76	3.98	9.49	37.81	61.2	4	13.5
2010.275	33.82	1.82	61.40	4.06	9.32	37.82	61.6	4	14.0
2010.379	34.52	1.78	61.57	4.05	9.34	37.83	61.4	4	13.5
2010.524	33.26	1.86	61.93	3.99	9.48	37.78	61.0	4	15.0
2010.584	32.47	1.90	61.83	3.95	9.55	37.74	61.0	4	14.5
2010.688	33.71	1.84	62.11	3.88	9.63	37.36	60.1	4	13.0
2010.833	34.57	1.80	62.20	3.89	9.69	37.69	60.6	4	14.5
2010.893	33.01	1.88	61.90	3.86	9.66	37.32	60.3	4	14.5
2010.997	32.09	1.93	61.91	3.85	9.66	37.18	60.1	4	15.0
2011.142	33.86	1.82	61.75	3.84	9.64	37.05	60.0	4	13.5
2011.202	34.34	1.79	61.60	3.85	9.62	36.98	60.0	4	13.5
2011.306	33.59	1.85	62.06	3.86	9.70	37.48	60.4	4	14.5
2011.451	32.40	1.92	62.30	3.86	9.74	37.57	60.3	4	13.0
2011.511	33.44	1.86	62.33	3.85	9.76	37.58	60.3	4	13.0
2011.615	34.41	1.80	62.08	3.84	9.72	37.28	60.0	4	13.5
2011.760	33.01	1.89	62.37	3.84	9.70	37.26	59.7	4	15.0
2011.820	33.12	1.88	62.14	3.86	9.72	37.50	60.3	4	13.5
2011.924	34.10	1.82	62.15	3.86	9.75	37.63	60.5	4	13.0
2012.069	33.61	1.86	62.36	3.85	9.76	37.61	60.3	4	13.5
2012.129	34.24	1.82	62.20	3.85	9.72	37.42	60.2	4	13.5
2012.233	33.66	1.86	62.70	3.87	9.76	37.78	60.3	4	15.0
2012.378	32.23	1.94	62.39	3.88	9.75	37.84	60.7	4	14.0
2012.438	33.40	1.87	62.39	3.84	9.70	37.22	59.7	4	13.5
2012.542	34.35	1.81	62.29	3.85	9.69	37.28	59.9	4	13.0
2012.687	33.34	1.88	62.61	3.85	9.69	37.28	59.5	4	15.0
2012.747	32.34	1.92	61.96	3.85	9.66	37.17	60.0	4	14.5
2012.851	32.70	1.89	61.87	3.86	9.70	37.47	60.6	4	13.5
2012.996	34.44	1.80	61.97	3.86	9.67	37.35	60.3	4	13.5
2013.056	34.77	1.79	62.28	3.82	9.64	36.86	59.2	4	14.0
2013.160	32.67	1.90	62.18	3.86	9.69	37.38	60.1	4	15.0
2013.305	33.57	1.86	62.47	3.88	9.66	37.48	60.0	4	13.5
2013.365	34.24	1.83	62.54	3.87	9.65	37.35	59.7	4	13.5
2013.469	34.66	1.79	61.97	3.86	9.63	37.15	60.0	4	14.0
2013.614	33.23	1.88	62.50	3.88	9.66	37.45	59.9	4	13.0
2013.674	33.03	1.89	62.31	3.88	9.70	37.60	60.4	4	15.0
2013.778	32.70	1.91	62.41	3.86	9.68	37.30	59.8	4	13.5
2013.923	34.46	1.80	62.11	3.86	9.65	37.26	60.0	4	13.5
2013.983	34.65	1.80	62.29	3.87	9.66	37.40	60.0	4	14.0
2014.087	32.85	1.90	62.44	3.89	9.69	37.66	60.3	4	15.0
2014.232	32.65	1.93	63.08	3.88	9.71	37.63	59.7	4	15.0
2014.292	32.05	1.95	62.40	3.89	9.67	37.60	60.3	4	14.5
2014.396	33.05	1.90	62.78	3.91	9.68	37.80	60.2	4	13.0
2014.541	33.56	1.87	62.60	3.89	9.67	37.58	60.0	4	14.5
2014.601	33.76	1.85	62.40	3.88	9.70	37.62	60.3	4	13.5
2014.705	32.60	1.91	62.41	3.88	9.68	37.56	60.2	4	15.0
2014.850	33.79	1.83	61.91	3.86	9.62	37.18	60.1	4	13.5
2014.910	32.96	1.88	61.89	3.88	9.64	37.41	60.4	4	14.5
2015.014	34.12	1.81	61.93	3.86	9.61	37.12	59.9	4	13.0
2015.159	32.60	1.90	61.81	3.87	9.66	37.36	60.4	4	14.5
2015.219	33.23	1.87	62.14	3.88	9.67	37.49	60.3	4	13.5
2015.323	34.15	1.80	61.55	3.88	9.67	37.47	60.9	4	12.5
2015.468	33.57	1.86	62.29	3.88	9.65	37.48	60.2	4	14.5
2015.528	32.77	1.90	62.21	3.89	9.65	37.52	60.3	4	13.5
2015.632	34.18	1.82	62.06	3.87	9.65	37.39	60.3	4	13.5
2015.777	34.44	1.80	62.14	3.86	9.66	37.28	60.0	4	15.0
2015.837	33.02	1.87	61.80	3.85	9.64	37.08	60.0	4	14.5
2015.941	31.80	1.93	61.49	3.83	9.61	36.84	59.9	4	14.5
2016.086	34.09	1.82	62.02	3.86	9.64	37.23	60.0	4	13.0
2016.146	34.49	1.80	62.03	3.86	9.63	37.14	59.9	4	13.0
2016.250	34.75	1.80	62.57	3.89	9.68	37.67	60.2	4	14.0
2016.395	34.37	1.83	62.97	3.88	9.69	37.62	59.7	4	13.5
2016.455	33.75	1.87	63.19	3.89	9.74	37.93	60.0	4	14.5
2016.559	33.87	1.84	62.34	3.89	9.65	37.59	60.3	4	13.5
2016.704	34.63	1.82	62.85	3.88	9.68	37.57	59.8	4	14.5
2016.764	33.20	1.88	62.56	3.87	9.66	37.36	59.7	4	14.5
2016.868	33.68	1.87	62.92	3.86	9.67	37.35	59.3	4	13.0
2017.013	34.67	1.80	62.49	3.85	9.67	37.24	59.6	4	13.5
2017.073	34.72	1.80	62.51	3.88	9.70	37.60	60.2	4	13.5
2017.177	32.89	1.90	62.45	3.89	9.68	37.64	60.3	4	14.5
2017.322	33.40	1.87	62.41	3.86	9.69	37.40	59.9	4	13.5
2017.382	34.10	1.83	62.30	3.86	9.67	37.29	59.9	4	13.5
2017.486	34.59	1.80	62.25	3.88	9.66	37.45	60.2	4	13.5
2017.631	32.38	1.91	61.90	3.87	9.63	37.25	60.2	4	14.5
2017.691	31.96	1.94	61.85	3.87	9.61	37.18	60.1	4	13.5
2017.795	33.96	1.82	61.91	3.86	9.64	37.18	60.1	4	13.5
2017.940	34.69	1.79	62.23	3.88	9.67	37.54	60.3	4	14.0
2018.000	33.43	1.87	62.35	3.89	9.69	37.70	60.5	4	15.0
2018.104	31.78	1.94	61.52	3.86	9.60	37.10	60.3	4	14.0
2018.249	34.18	1.82	62.07	3.88	9.66	37.49	60.4	4	13.0
2018.309	34.55	1.80	62.02	3.87	9.63	37.28	60.1	4	13.0
2018.413	33.46	1.83	61.39	3.87	9.62	37.25	60.7	4	14.5
2018.558	33.74	1.83	61.64	3.87	9.56	37.00	60.0	4	12.5
2018.618	34.39	1.78	61.22	3.85	9.57	36.91	60.3	4	13.5
2018.722	34.82	1.78	61.98	3.88	9.58	37.19	60.0	4	13.0
2018.867	33.62	1.86	62.49	3.92	9.64	37.75	60.4	4	13.5
2018.927	34.20	1.82	62.38	3.91	9.64	37.66	60.4	4	13.0
2019.031	34.78	1.79	62.30	3.89	9.61	37.36	60.0	4	13.0
2019.176	33.03	1.88	62.21	3.87	9.68	37.43	60.2	4	14.5
2019.236	32.45	1.92	62.16	3.89	9.65	37.54	60.4	4	15.0
2019.340	33.69	1.85	62.36	3.89	9.62	37.39	60.0	4	13.5
2019.485	34.98	1.75	61.14	3.86	9.49	36.66	60.0	4	13.5
2019.545	33.70	1.83	61.83	3.89	9.58	37.32	60.4	4	14.5
2019.649	32.65	1.91	62.51	3.91	9.63	37.67	60.3	4	13.5
2019.794	34.59	1.79	61.96	3.88	9.52	36.98	59.7	4	13.5
2019.854	34.59	1.81	62.49	3.90	9.59	37.39	59.8	4	14.5
2019.958	32.71	1.91	62.35	3.91	9.65	37.74	60.5	4	15.0
2020.103	34.47	1.81	62.37	3.91	9.61	37.59	60.3	4	13.0
2020.163	34.69	1.78	61.92	3.91	9.56	37.37	60.4	4	13.5
2020.267	34.13	1.83	62.29	3.92	9.59	37.57	60.3	4	15.0
2020.412	32.81	1.91	62.71	3.95	9.58	37.87	60.4	4	13.5
2020.472	33.66	1.87	62.89	3.98	9.59	38.22	60.8	4	13.5
2020.576	34.37	1.83	62.91	4.01	9.57	38.33	60.9	4	14.5
2020.721	33.93	1.86	63.06	4.17	9.38	39.13	62.1	4	14.0
2020.781	34.30	1.84	63.21	4.24	9.30	39.46	62.4	4	14.0
2020.885	34.08	1.86	63.27	4.23	9.30	39.32	62.2	4	14.0
2021.030	34.32	1.84	63.04	4.45	9.12	40.57	64.4	4	16.5
2021.090	33.21	1.88	62.54	4.53	9.01	40.84	65.3	4	16.0
2021.194	33.53	1.86	62.43	4.34	9.10	39.48	63.2	4	14.0
2021.339	34.74	1.80	62.48	4.17	9.28	38.73	62.0	4	13.5
2021.399	34.40	1.81	62.42	4.15	9.32	38.70	62.0	4	15.5
2021.503	32.49	1.92	62.23	4.16	9.26	38.48	61.8	4	15.0
2021.648	33.78	1.84	62.25	4.57	8.80	40.19	64.6	4	16.0
2021.708	32.94	1.89	62.19	4.53	8.87	40.17	64.6	4	15.0
2021.812	33.25	1.87	62.28	4.80	8.54	40.94	65.7	4	16.5
2021.957	33.89	1.79	60.71	4.92	8.25	40.61	66.9	4	15.5
2022.017	34.33	1.78	61.14	5.01	8.19	41.09	67.2	4	15.0
2022.121	34.87	1.73	60.44	5.43	7.77	42.17	69.8	4	18.0
2022.266	33.87	1.82	61.63	5.98	7.28	43.52	70.6	4	18.0
2022.326	34.19	1.82	62.19	6.13	7.15	43.86	70.5	4	19.0
2022.430	33.58	1.88	63.21	6.46	7.02	45.34	71.7	4	18.5
2022.575	34.22	1.82	62.38	6.85	6.47	44.36	71.1	4	20.5
2022.635	32.74	1.89	61.93	6.85	6.74	46.19	74.6	4	20.5
2022.739	33.05	1.91	63.00	6.94	6.65	46.13	73.2	4	18.5
2022.884	34.18	1.82	62.37	7.08	6.44	45.56	73.1	4	20.5
2022.944	33.59	1.87	62.97	7.12	6.50	46.29	73.5	4	19.5
2023.048	34.22	1.81	61.85	7.19	6.38	45.84	74.1	4	20.0
2023.193	33.62	1.88	63.38	7.18	6.46	46.42	73.2	4	19.0
2023.253	33.74	1.86	62.74	7.23	6.42	46.40	73.9	4	20.0
2023.357	34.45	1.79	61.75	7.22	6.40	46.19	74.8	4	20.5
2023.502	33.51	1.87	62.62	7.30	6.33	46.21	73.8	4	19.5
2023.562	34.16	1.81	61.73	7.27	6.30	45.81	74.2	4	20.5
2023.666	33.41	1.89	63.29	7.31	6.48	47.32	74.8	4	21.5
2023.811	34.04	1.84	62.61	7.24	6.38	46.19	73.8	4	20.0
2023.871	34.40	1.82	62.47	7.24	6.38	46.21	74.0	4	20.5
2023.975	33.53	1.89	63.31	7.28	6.49	47.20	74.6	4	21.0
2024.120	34.35	1.82	62.45	7.28	6.45	46.94	75.2	4	21.5
2024.180	32.79	1.89	61.89	7.23	6.32	45.66	73.8	4	21.0
2024.284	32.95	1.92	63.17	7.32	6.35	46.49	73.6	4	19.5
2024.429	34.40	1.83	63.05	7.25	6.28	45.55	72.2	4	21.0
2024.489	33.09	1.90	62.73	7.28	6.27	45.63	72.7	4	21.0
2024.593	33.94	1.86	62.96	7.30	6.27	45.77	72.7	4	20.0
2024.738	32.25	1.93	62.16	7.34	6.18	45.39	73.0	4	22.0
2024.798	32.61	1.92	62.60	7.29	6.28	45.82	73.2	4	19.0
2024.902	33.80	1.85	62.66	7.34	6.21	45.61	72.8	4	20.5
2025.047	34.23	1.82	62.16	7.32	6.29	46.07	74.1	4	20.0
2025.107	34.53	1.78	61.59	7.34	6.21	45.56	74.0	4	20.5
2025.211	32.33	1.91	61.78	7.34	6.27	46.02	74.5	4	21.5
2025.356	34.46	1.76	60.50	7.26	6.19	44.95	74.3	4	19.5
2025.416	34.98	1.70	59.63	7.19	6.19	44.53	74.7	4	19.0
2025.520	33.17	1.85	61.42	7.23	6.33	45.71	74.4	4	21.5
2025.665	33.33	1.84	61.46	7.29	6.05	44.16	71.9	4	18.5
2025.725	34.25	1.79	61.22	7.18	6.15	44.16	72.1	4	18.5
2025.829	34.87	1.74	60.76	7.17	6.12	43.87	72.2	4	20.5
2025.974	33.12	1.88	62.11	7.21	6.34	45.70	73.6	4	19.0
2026.034	34.06	1.78	60.72	7.10	6.37	45.23	74.5	4	19.0
2026.138	35.24	1.67	58.71	7.07	6.07	42.91	73.1	4	18.5
2026.283	34.21	1.82	62.41	7.20	6.28	45.23	72.5	4	21.5
2026.343	33.48	1.87	62.74	7.22	6.37	45.97	73.3	4	19.5
2026.447	34.59	1.77	61.38	7.14	6.25	44.64	72.7	4	20.0
2026.592	33.92	1.83	61.99	7.29	6.32	46.09	74.3	4	20.0
2026.652	33.75	1.85	62.51	7.37	6.23	45.95	73.5	4	21.5
2026.756	33.04	1.89	62.59	7.33	6.44	47.22	75.4	4	20.5
2026.901	33.36	1.89	63.20	7.39	6.25	46.21	73.1	4	20.5
2026.961	33.36	1.90	63.46	7.37	6.39	47.11	74.2	4	20.0
2027.065	33.69	1.86	62.57	7.40	6.15	45.51	72.7	4	21.0
2027.210	33.15	1.92	63.54	7.50	6.34	47.50	74.8	4	20.5
2027.270	34.02	1.83	62.29	7.46	6.18	46.10	74.0	4	20.0
2027.374	33.35	1.88	62.57	7.42	6.37	47.27	75.6	4	21.5
2027.519	33.81	1.83	61.86	7.37	6.14	45.28	73.2	4	19.5
2027.579	34.36	1.80	61.80	7.33	6.10	44.72	72.4	4	19.0
2027.683	35.08	1.72	60.23	7.21	6.06	43.66	72.5	4	18.5
2027.828	33.97	1.84	62.50	7.28	6.22	45.26	72.4	4	20.0
2027.888	34.10	1.84	62.87	7.35	6.35	46.64	74.2	4	21.5
2027.992	33.88	1.87	63.35	7.37	6.33	46.66	73.6	4	20.0
2028.137	34.20	1.86	63.56	7.32	6.39	46.73	73.5	4	20.0
2028.197	33.96	1.87	63.49	7.32	6.43	47.06	74.1	4	21.0
2028.301	34.16	1.84	62.94	7.37	6.28	46.27	73.5	4	20.0
2028.446	33.06	1.91	63.07	7.36	6.30	46.40	73.6	4	21.5
2028.506	33.12	1.88	62.40	7.41	6.23	46.14	73.9	4	21.0
2028.610	34.37	1.77	60.95	7.28	6.19	45.07	74.0	4	19.0
2028.755	32.64	1.90	62.02	7.24	6.41	46.44	74.9	4	22.0
2028.815	32.92	1.91	62.74	7.28	6.34	46.13	73.5	4	19.0
2028.919	33.50	1.87	62.75	7.29	6.27	45.74	72.9	4	21.5
2029.064	33.34	1.92	64.03	7.38	6.40	47.29	73.9	4	20.5
2029.124	33.46	1.92	64.40	7.40	6.28	46.48	72.2	4	19.5
2029.228	33.20	1.89	62.72	7.43	6.18	45.90	73.2	4	21.0
2029.373	33.16	1.92	63.75	7.36	6.29	46.25	72.5	4	19.0
2029.433	34.30	1.78	61.14	7.32	6.03	44.14	72.2	4	19.5
2029.537	35.09	1.70	59.77	7.19	5.99	43.07	72.1	4	19.5
2029.682	32.53	1.91	62.16	7.21	6.43	46.35	74.6	4	20.5
2029.742	33.56	1.86	62.45	7.27	6.25	45.45	72.8	4	20.0
2029.846	33.24	1.92	63.86	7.29	6.34	46.27	72.5	4	20.0
2029.991	33.52	1.89	63.42	7.37	6.37	46.93	74.0	4	21.0
2030.051	33.02	1.92	63.48	7.40	6.27	46.38	73.1	4	21.5
2030.155	33.73	1.86	62.64	7.36	6.29	46.31	73.9	4	19.5
2030.300	33.37	1.91	63.69	7.41	6.35	47.04	73.9	4	21.0
2030.360	33.35	1.90	63.47	7.42	6.26	46.47	73.2	4	20.5
2030.464	34.24	1.83	62.57	7.32	6.27	45.84	73.3	4	19.5
2030.609	33.35	1.89	63.04	7.35	6.38	46.87	74.3	4	19.5
2030.669	33.59	1.88	63.08	7.37	6.28	46.27	73.4	4	21.0
2030.773	33.85	1.84	62.32	7.21	6.50	46.81	75.1	4	21.0
2030.918	32.90	1.91	62.72	7.27	6.40	46.56	74.2	4	19.5
2030.978	33.55	1.85	62.22	7.25	6.42	46.59	74.9	4	20.0
2031.082	33.16	1.86	61.66	7.26	6.47	46.98	76.2	4	21.0
2031.227	33.87	1.85	62.72	7.23	6.46	46.69	74.4	4	19.0
2031.287	34.28	1.83	62.60	7.31	6.21	45.40	72.5	4	20.5
2031.391	33.45	1.88	62.87	7.24	6.38	46.18	73.5	4	19.5
2031.536	34.36	1.81	62.35	7.23	6.40	46.29	74.2	4	19.5
2031.596	33.60	1.88	63.01	7.20	6.37	45.83	72.7	4	21.5
2031.700	33.18	1.90	63.00	7.25	6.42	46.52	73.8	4	19.5
2031.845	34.44	1.81	62.35	7.18	6.45	46.36	74.4	4	19.0
2031.905	34.72	1.78	61.84	7.06	6.42	45.28	73.2	4	19.5
2032.009	33.44	1.87	62.55	7.15	6.27	44.82	71.6	4	19.5
2032.154	34.72	1.76	61.08	7.06	6.34	44.77	73.3	4	19.0
2032.214	34.02	1.82	62.02	7.07	6.41	45.30	73.0	4	20.0
2032.318	33.88	1.85	62.61	7.11	6.53	46.42	74.1	4	21.5
2032.463	33.49	1.88	62.95	7.10	6.62	46.98	74.6	4	19.0
2032.523	34.30	1.80	61.76	7.09	6.40	45.43	73.5	4	18.0
2032.627	33.78	1.86	62.76	7.11	6.43	45.73	72.9	4	21.5
2032.772	34.62	1.76	61.10	7.01	6.33	44.34	72.6	4	19.5
2032.832	33.33	1.85	61.68	6.99	6.29	44.00	71.3	4	20.5
2032.936	33.66	1.85	62.33	7.05	6.58	46.33	74.3	4	20.5
2033.081	32.83	1.91	62.55	7.11	6.41	45.56	72.8	4	19.0
2033.141	33.88	1.85	62.59	7.05	6.50	45.80	73.2	4	19.0
2033.245	33.94	1.86	63.27	7.09	6.56	46.49	73.5	4	20.5
2033.390	32.09	1.96	62.75	6.98	6.69	46.72	74.5	4	21.5
2033.450	32.62	1.92	62.79	7.08	6.47	45.82	73.0	4	19.0
2033.554	33.99	1.84	62.47	7.03	6.36	44.69	71.5	4	19.0
2033.699	32.08	1.93	61.82	7.06	6.34	44.76	72.4	4	21.0
2033.759	32.79	1.91	62.55	7.08	6.49	45.94	73.4	4	19.5
2033.863	34.50	1.74	60.19	6.95	6.42	44.61	74.1	4	18.0
2034.008	33.18	1.88	62.36	6.85	6.73	46.06	73.9	4	21.0
2034.068	32.37	1.90	61.63	6.91	6.33	43.72	70.9	4	19.0
2034.172	33.62	1.85	62.27	6.97	6.64	46.32	74.4	4	18.5
2034.317	33.53	1.85	61.90	6.99	6.46	45.13	72.9	4	20.0
2034.377	34.03	1.84	62.75	7.00	6.56	45.90	73.1	4	18.5
2034.481	33.69	1.85	62.39	7.04	6.60	46.43	74.4	4	19.5
2034.626	34.77	1.74	60.56	6.98	6.46	45.11	74.5	4	19.5
2034.686	33.46	1.84	61.57	6.95	6.58	45.77	74.3	4	20.5
2034.790	33.08	1.90	62.93	7.06	6.67	47.07	74.8	4	21.0
2034.935	33.63	1.88	63.36	7.07	6.56	46.37	73.2	4	18.5
2034.995	33.43	1.87	62.53	7.02	6.55	45.98	73.5	4	20.0
2035.099	33.53	1.87	62.82	7.00	6.74	47.18	75.1	4	20.0
2035.244	33.41	1.89	63.28	7.06	6.47	45.67	72.2	4	20.5
2035.304	33.21	1.91	63.50	7.08	6.59	46.67	73.5	4	20.0
2035.408	33.98	1.87	63.39	7.10	6.59	46.79	73.8	4	19.5
2035.553	32.62	1.93	62.85	7.00	6.76	47.27	75.2	4	21.0
2035.613	33.09	1.92	63.41	7.04	6.58	46.30	73.0	4	18.5
2035.717	33.11	1.90	62.85	7.07	6.44	45.49	72.4	4	20.5
2035.862	33.30	1.88	62.66	7.14	6.44	45.95	73.3	4	20.0
2035.922	33.82	1.86	63.06	7.18	6.50	46.70	74.1	4	20.0
2036.026	33.64	1.88	63.40	7.16	6.58	47.10	74.3	4	19.5
2036.171	33.59	1.87	62.82	7.05	6.40	45.10	71.8	4	19.5
2036.231	33.87	1.87	63.24	7.08	6.61	46.81	74.0	4	19.5
2036.335	34.02	1.85	62.98	7.04	6.53	45.97	73.0	4	20.0
2036.480	33.71	1.85	62.41	7.11	6.15	43.72	70.0	4	20.0
2036.540	32.87	1.89	62.12	7.00	6.73	47.13	75.9	4	21.0
2036.644	33.35	1.86	62.10	6.94	6.43	44.61	71.8	4	19.0
2036.789	34.49	1.84	63.35	7.05	6.29	44.38	70.1	4	19.5
2036.849	34.25	1.84	62.90	7.04	6.54	45.99	73.1	4	21.0
2036.953	33.44	1.89	63.22	6.80	7.13	48.55	76.8	4	18.0
2037.098	33.24	1.90	63.16	6.83	6.59	45.03	71.3	4	19.5
2037.158	33.59	1.89	63.52	6.97	6.13	42.73	67.3	4	19.0
2037.262	34.03	1.86	63.32	7.12	6.25	44.53	70.3	4	20.5
2037.407	33.75	1.89	63.74	7.09	6.52	46.23	72.5	4	19.0
2037.467	34.06	1.86	63.23	6.92	6.89	47.70	75.4	4	20.0
2037.571	33.51	1.87	62.75	7.05	6.22	43.86	69.9	4	20.5
2037.716	32.82	1.92	62.99	6.97	6.69	46.65	74.1	4	20.5
2037.776	33.28	1.91	63.49	6.95	6.78	47.07	74.1	4	20.5
2037.880	34.12	1.86	63.45	6.98	6.44	44.98	70.9	4	19.0
2038.025	33.85	1.86	63.01	7.22	5.84	42.18	66.9	4	20.0
2038.085	34.10	1.86	63.46	7.16	6.35	45.44	71.6	4	21.0
2038.189	33.01	1.92	63.23	6.92	7.16	49.53	78.3	4	18.5
2038.334	34.37	1.83	63.07	6.74	7.44	50.10	79.4	4	19.5
2038.394	33.80	1.88	63.59	6.82	7.53	51.33	80.7	4	21.0
2038.498	34.24	1.81	62.13	7.01	6.59	46.19	74.3	4	19.0
2038.643	33.28	1.89	62.76	7.10	5.79	41.09	65.5	4	19.0
2038.703	33.58	1.88	63.20	7.09	5.65	40.07	63.4	4	19.5
2038.807	33.75	1.88	63.56	7.08	5.86	41.50	65.3	4	19.0
2038.952	33.77	1.89	63.89	6.80	6.91	47.00	73.6	4	19.5
2039.012	33.77	1.89	63.90	6.88	6.67	45.87	71.8	4	19.0
2039.116	33.38	1.89	63.15	6.86	6.74	46.27	73.3	4	19.5
2039.261	33.71	1.86	62.75	6.95	6.81	47.37	75.5	4	19.5
2039.321	34.01	1.84	62.43	7.04	6.20	43.68	70.0	4	20.5
2039.425	32.51	1.90	61.92	6.94	6.20	43.08	69.6	4	18.5
2039.570	32.45	1.90	61.63	6.72	6.85	46.05	74.7	4	21.0
2039.630	32.37	1.91	61.96	6.83	6.47	44.19	71.3	4	19.0
2039.734	34.00	1.79	60.98	6.70	6.56	43.95	72.1	4	18.0
2039.879	31.86	1.88	60.03	6.57	6.72	44.17	73.6	4	21.0
2039.939	31.31	1.92	60.11	6.60	6.70	44.22	73.6	4	20.0
2040.043	33.49	1.80	60.25	6.55	6.73	44.03	73.1	4	17.5
2040.188	34.28	1.77	60.73	6.55	6.71	43.96	72.4	4	20.0
2040.248	32.75	1.86	60.76	6.53	6.90	45.05	74.1	4	20.0
2040.352	33.78	1.84	62.19	6.57	6.91	45.41	73.0	4	17.5
2040.497	33.18	1.83	60.87	6.65	6.61	43.99	72.3	4	20.5
2040.557	33.04	1.87	61.92	6.62	6.80	45.01	72.7	4	18.0
2040.661	34.07	1.80	61.44	6.63	6.67	44.27	72.1	4	18.0
2040.806	32.49	1.89	61.46	6.70	6.63	44.41	72.3	4	21.0
2040.866	32.50	1.89	61.39	6.71	6.59	44.19	72.0	4	18.0
2040.970	33.61	1.85	62.17	6.66	6.98	46.51	74.8	4	19.5
2041.115	33.96	1.84	62.42	6.71	6.67	44.76	71.7	4	19.0
2041.175	33.69	1.88	63.38	6.70	6.89	46.17	72.8	4	20.5
2041.279	32.63	1.92	62.66	6.66	6.85	45.66	72.9	4	18.0
2041.424	33.31	1.86	62.07	6.68	6.64	44.36	71.5	4	19.0
2041.484	33.44	1.88	62.73	6.63	6.77	44.91	71.6	4	19.5
2041.588	34.10	1.83	62.34	6.70	6.68	44.75	71.8	4	18.0
2041.733	33.53	1.88	62.93	6.70	6.87	46.01	73.1	4	19.0
2041.793	33.97	1.84	62.53	6.67	6.74	44.97	71.9	4	19.0
2041.897	33.54	1.85	62.08	6.69	6.75	45.13	72.7	4	18.5
2042.042	33.83	1.83	61.98	6.65	6.62	44.03	71.0	4	20.0
2042.102	33.38	1.87	62.44	6.62	6.80	45.05	72.1	4	18.0
2042.206	33.50	1.87	62.70	6.66	6.94	46.21	73.7	4	20.0
2042.351	34.36	1.80	61.84	6.60	6.76	44.65	72.2	4	18.5
2042.411	33.47	1.85	61.97	6.63	6.74	44.74	72.2	4	19.5
2042.515	33.77	1.84	62.04	6.60	6.90	45.48	73.3	4	19.5
2042.660	33.46	1.87	62.61	6.68	6.78	45.28	72.3	4	18.5
2042.720	34.18	1.79	61.34	6.57	6.80	44.67	72.8	4	18.5
2042.824	34.36	1.77	60.90	6.54	6.72	43.96	72.2	4	18.5
2042.969	33.06	1.84	60.68	6.56	6.83	44.85	73.9	4	19.5
2043.029	33.10	1.88	62.15	6.65	6.78	45.04	72.5	4	19.0
2043.133	33.38	1.86	62.15	6.57	6.95	45.66	73.5	4	19.5
2043.278	33.57	1.84	61.88	6.51	6.75	43.94	71.0	4	18.0
2043.338	34.38	1.78	61.15	6.39	6.85	43.78	71.6	4	17.0
2043.442	33.28	1.84	61.13	6.44	6.90	44.39	72.6	4	20.5
2043.587	33.35	1.88	62.85	6.55	6.76	44.27	70.4	4	20.0
2043.647	32.30	1.93	62.22	6.45	6.85	44.22	71.1	4	20.0
2043.751	33.14	1.86	61.69	6.44	6.92	44.54	72.2	4	18.0
2043.896	33.68	1.84	62.01	6.45	6.85	44.21	71.3	4	19.0
2043.956	32.45	1.90	61.67	6.51	6.76	43.99	71.3	4	20.0
2044.060	33.70	1.80	60.55	6.47	6.67	43.11	71.2	4	18.0
2044.205	33.59	1.87	62.88	6.47	6.94	44.89	71.4	4	18.0
2044.265	33.66	1.84	62.07	6.44	6.86	44.17	71.2	4	19.0
2044.369	33.91	1.84	62.39	6.49	6.94	45.04	72.2	4	18.5
2044.514	33.66	1.84	62.07	6.47	6.92	44.76	72.1	4	20.0
2044.574	32.63	1.89	61.81	6.51	6.81	44.38	71.8	4	20.0
2044.678	34.15	1.75	59.89	6.44	6.69	43.08	71.9	4	18.5
2044.823	33.88	1.83	61.87	6.46	6.83	44.16	71.4	4	18.0
2044.883	33.43	1.86	62.21	6.41	7.03	45.09	72.5	4	19.5
2044.987	33.54	1.86	62.25	6.50	6.95	45.22	72.6	4	19.5
2045.132	33.82	1.86	62.96	6.50	6.95	45.13	71.7	4	19.0
2045.192	33.58	1.87	62.64	6.57	6.83	44.88	71.6	4	18.5
2045.296	34.41	1.79	61.53	6.45	6.83	44.04	71.6	4	19.0
2045.441	33.73	1.86	62.65	6.53	6.87	44.80	71.5	4	20.0
2045.501	32.67	1.91	62.39	6.52	6.73	43.94	70.4	4	19.0
2045.605	33.08	1.88	62.14	6.50	6.83	44.38	71.4	4	18.5
2045.750	33.55	1.86	62.35	6.47	6.98	45.13	72.4	4	18.0
2045.810	33.76	1.85	62.51	6.44	6.90	44.41	71.0	4	20.0
2045.914	31.96	1.91	61.17	6.41	6.71	43.04	70.4	4	19.5
2046.059	34.30	1.78	61.06	6.30	6.93	43.63	71.5	4	17.0
2046.119	34.61	1.77	61.18	6.33	6.85	43.39	70.9	4	18.5
2046.223	34.01	1.81	61.50	6.31	6.94	43.81	71.2	4	18.5
2046.368	32.88	1.86	61.03	6.40	7.01	44.86	73.5	4	20.0
2046.428	33.07	1.87	61.78	6.36	7.08	45.05	72.9	4	18.0
2046.532	33.27	1.87	62.20	6.37	7.02	44.71	71.9	4	19.5
2046.677	32.79	1.91	62.77	6.47	6.99	45.18	72.0	4	18.5
2046.737	33.30	1.88	62.55	6.40	7.10	45.39	72.6	4	19.0
2046.841	33.66	1.87	62.89	6.41	7.07	45.36	72.1	4	18.0
2046.986	33.20	1.89	62.87	6.36	7.24	46.08	73.3	4	19.0
2047.046	33.10	1.87	62.02	6.42	6.98	44.76	72.2	4	19.0
2047.150	34.02	1.84	62.67	6.37	7.10	45.22	72.2	4	19.0
2047.295	31.49	1.93	60.68	6.36	6.72	42.74	70.4	4	20.0
2047.355	32.59	1.89	61.61	6.36	6.87	43.65	70.9	4	17.5
2047.459	34.39	1.78	61.28	6.23	7.08	44.13	72.0	4	17.5
2047.604	33.86	1.82	61.56	6.39	6.80	43.41	70.5	4	18.0
2047.664	33.95	1.81	61.42	6.48	6.75	43.79	71.3	4	19.0
2047.768	32.72	1.85	60.67	6.31	6.98	44.08	72.7	4	20.0
2047.913	33.66	1.84	62.03	6.32	6.96	43.98	70.9	4	18.5
2047.973	33.96	1.83	62.17	6.36	6.91	43.96	70.7	4	18.5
2048.077	33.10	1.90	62.85	6.33	6.96	44.01	70.0	4	18.5
2048.222	33.97	1.86	63.18	6.43	6.99	44.97	71.2	4	18.5
2048.282	34.00	1.86	63.16	6.40	6.95	44.45	70.4	4	18.0
2048.386	34.09	1.84	62.69	6.34	7.05	44.72	71.3	4	18.5
2048.531	33.66	1.86	62.56	6.37	6.96	44.33	70.9	4	19.0
2048.591	32.99	1.89	62.34	6.37	6.93	44.14	70.8	4	18.5
2048.695	33.45	1.85	62.00	6.42	6.99	44.85	72.3	4	20.0
2048.840	34.09	1.81	61.69	6.31	6.80	42.96	69.6	4	18.5
2048.900	34.18	1.83	62.45	6.29	6.90	43.38	69.5	4	18.5
2049.004	32.60	1.90	62.00	6.29	6.97	43.90	70.8	4	18.5
2049.149	33.82	1.82	61.70	6.31	6.85	43.20	70.0	4	19.0
2049.209	32.90	1.88	61.70	6.33	6.85	43.36	70.3	4	19.0
2049.313	33.86	1.82	61.48	6.42	6.71	43.05	70.0	4	19.0
2049.458	32.46	1.90	61.72	6.26	6.99	43.76	70.9	4	17.5
2049.518	33.97	1.78	60.42	6.17	6.88	42.49	70.3	4	17.5
2049.622	33.27	1.85	61.50	6.22	7.00	43.56	70.8	4	18.5
2049.767	33.75	1.84	61.92	6.18	7.01	43.28	69.9	4	20.0
2049.827	32.80	1.89	61.99	6.21	7.06	43.87	70.8	4	19.5
2049.931	33.35	1.86	62.01	6.20	7.07	43.82	70.7	4	18.0
2050.076	33.84	1.83	61.97	6.24	7.12	44.44	71.7	4	17.5
2050.136	34.50	1.77	61.19	6.19	7.00	43.30	70.8	4	17.5
2050.240	33.37	1.83	61.20	6.22	6.96	43.33	70.8	4	19.0
2050.385	30.96	1.94	60.19	6.14	7.02	43.12	71.6	4	19.5
2050.445	32.28	1.91	61.57	6.19	7.00	43.36	70.4	4	17.0
2050.549	33.59	1.83	61.52	6.15	7.14	43.89	71.3	4	19.0
2050.694	33.88	1.81	61.20	6.16	7.08	43.57	71.2	4	17.5
2050.754	34.29	1.77	60.75	6.20	6.96	43.12	71.0	4	18.5
2050.858	32.84	1.89	62.16	6.14	7.20	44.25	71.2	4	18.5
2051.003	33.64	1.87	62.87	6.17	7.27	44.84	71.3	4	19.0
2051.063	32.94	1.91	62.86	6.20	7.16	44.41	70.7	4	19.5
2051.167	33.07	1.89	62.34	6.14	7.16	43.96	70.5	4	17.0
2051.312	32.72	1.91	62.38	6.22	7.09	44.07	70.6	4	20.0
2051.372	32.55	1.92	62.43	6.24	7.16	44.67	71.6	4	18.5
2051.476	34.05	1.80	61.32	6.11	7.02	42.92	70.0	4	17.0
2051.621	32.46	1.88	61.13	6.11	7.10	43.35	70.9	4	18.5
2051.681	33.48	1.85	61.81	6.08	7.20	43.80	70.9	4	17.5
2051.785	34.48	1.79	61.77	6.04	7.08	42.71	69.1	4	16.5
2051.930	33.61	1.84	62.00	6.08	7.25	44.11	71.1	4	17.0
2051.990	33.83	1.81	61.25	6.14	7.05	43.33	70.7	4	19.0
2052.094	33.09	1.90	62.86	6.14	7.22	44.33	70.5	4	17.5
2052.239	34.21	1.85	63.21	6.13	7.23	44.35	70.2	4	18.0
2052.299	34.71	1.78	61.86	6.10	7.08	43.20	69.8	4	17.5
2052.403	34.74	1.77	61.54	6.08	7.06	42.90	69.7	4	18.5
2052.548	33.28	1.87	62.20	6.05	7.28	44.06	70.8	4	19.0
2052.608	32.12	1.91	61.27	6.05	7.24	43.81	71.5	4	19.0
2052.712	33.73	1.83	61.59	6.14	7.06	43.36	70.4	4	18.5
2052.857	33.80	1.83	61.80	6.11	7.17	43.82	70.9	4	17.5
2052.917	34.26	1.80	61.53	6.09	7.23	44.01	71.5	4	17.0
2053.021	34.23	1.79	61.18	6.02	7.19	43.32	70.8	4	19.0
2053.166	34.15	1.80	61.51	6.00	7.27	43.66	71.0	4	17.0
2053.226	34.33	1.79	61.62	6.12	6.98	42.72	69.3	4	19.0
2053.330	34.22	1.78	60.99	6.05	7.01	42.40	69.5	4	17.5
2053.475	33.21	1.89	62.72	6.11	7.11	43.43	69.2	4	17.0
2053.535	33.75	1.82	61.57	5.99	7.19	43.06	69.9	4	18.0
2053.639	33.07	1.85	61.10	6.04	7.01	42.33	69.3	4	17.5
2053.784	34.04	1.82	62.04	5.94	7.35	43.66	70.4	4	19.0
2053.844	32.73	1.89	61.81	6.07	6.95	42.17	68.2	4	19.0
2053.948	33.02	1.89	62.42	6.09	7.13	43.39	69.5	4	17.0
2054.093	32.58	1.90	61.92	6.04	7.09	42.80	69.1	4	18.0
2054.153	33.24	1.86	61.95	6.02	7.26	43.73	70.6	4	17.0
2054.257	33.53	1.86	62.40	6.07	7.18	43.54	69.8	4	16.5
2054.402	33.16	1.84	60.96	5.92	7.20	42.61	69.9	4	19.5
2054.462	33.02	1.87	61.78	5.90	7.40	43.65	70.6	4	16.5
2054.566	34.12	1.79	61.01	5.87	7.29	42.77	70.1	4	18.5
2054.711	33.79	1.83	61.86	6.01	7.12	42.75	69.1	4	17.5
2054.771	33.89	1.84	62.48	6.05	7.19	43.51	69.6	4	17.5
2054.875	33.84	1.85	62.75	6.01	7.32	43.98	70.1	4	19.0
2055.020	34.64	1.77	61.25	6.02	7.10	42.72	69.8	4	16.5
2055.080	34.33	1.78	61.13	5.95	7.21	42.86	70.1	4	19.0
2055.184	32.84	1.89	62.02	5.92	7.39	43.74	70.5	4	17.0
2055.329	31.40	1.93	60.47	5.85	7.21	42.16	69.7	4	19.0
2055.389	31.92	1.91	60.98	5.90	7.27	42.87	70.3	4	19.0
2055.493	33.21	1.84	61.08	5.95	7.19	42.75	70.0	4	17.5
2055.638	33.31	1.84	61.35	6.01	7.05	42.39	69.1	4	18.0
2055.698	32.95	1.85	61.11	6.10	7.01	42.71	69.9	4	19.0
2055.802	33.67	1.78	60.07	5.99	7.00	41.89	69.7	4	17.5
2055.947	33.57	1.81	60.91	5.93	7.08	41.96	68.9	4	19.5
2056.007	32.07	1.88	60.21	5.83	7.17	41.81	69.4	4	19.5
2056.111	33.88	1.74	58.84	5.87	6.86	40.32	68.5	4	17.5
2056.256	33.32	1.83	60.89	5.86	7.26	42.59	69.9	4	19.0
2056.316	32.45	1.89	61.44	5.83	7.21	42.02	68.4	4	19.0
2056.420	32.09	1.91	61.19	5.83	7.13	41.56	67.9	4	19.0
2056.565	33.54	1.87	62.67	5.93	7.42	43.99	70.2	4	17.5
2056.625	34.12	1.82	62.09	6.01	7.08	42.55	68.5	4	18.5
2056.729	34.37	1.80	61.75	5.96	7.35	43.82	71.0	4	19.0
2056.874	33.08	1.88	62.22	5.85	7.41	43.37	69.7	4	17.5
2056.934	33.78	1.85	62.42	5.83	7.55	44.01	70.5	4	17.0
2057.038	33.80	1.81	61.11	5.80	7.50	43.53	71.2	4	18.5
2057.183	34.00	1.83	62.25	5.87	7.26	42.62	68.5	4	18.5
2057.243	32.54	1.87	60.84	5.82	7.27	42.37	69.6	4	19.0
2057.347	31.66	1.93	61.11	5.77	7.56	43.62	71.4	4	17.5
2057.492	33.32	1.84	61.14	5.82	7.56	43.96	71.9	4	18.5
2057.552	33.37	1.84	61.53	5.89	7.39	43.52	70.7	4	18.0
2057.656	34.51	1.74	60.03	5.86	7.13	41.73	69.5	4	17.0
2057.801	33.51	1.82	60.82	5.86	7.21	42.25	69.5	4	18.0
2057.861	34.12	1.79	60.93	5.83	7.33	42.74	70.1	4	17.0
2057.965	33.62	1.80	60.59	5.88	7.25	42.62	70.3	4	18.0
2058.110	33.99	1.83	62.05	6.03	7.19	43.39	69.9	4	17.5
2058.170	33.07	1.89	62.42	5.87	7.59	44.52	71.3	4	17.5
2058.274	33.35	1.85	61.76	5.87	7.49	43.97	71.2	4	18.5
2058.419	33.37	1.81	60.37	5.85	7.07	41.37	68.5	4	17.0
2058.479	34.12	1.77	60.50	5.95	7.04	41.91	69.3	4	18.0
2058.583	32.56	1.88	61.09	5.76	7.40	42.62	69.8	4	17.0
2058.728	32.66	1.90	61.99	5.75	7.73	44.40	71.6	4	16.5
2058.788	33.48	1.86	62.23	5.64	7.79	43.94	70.6	4	17.5
2058.892	34.31	1.79	61.59	5.52	7.78	42.91	69.7	4	17.0
2059.037	33.58	1.86	62.53	5.71	7.20	41.11	65.7	4	15.5
2059.097	34.06	1.82	61.86	5.56	7.57	42.12	68.1	4	16.5
2059.201	32.44	1.88	60.86	5.61	7.24	40.57	66.7	4	18.0
2059.346	32.05	1.90	60.90	5.77	7.17	41.39	68.0	4	17.0
2059.406	33.44	1.85	61.70	5.60	7.46	41.73	67.6	4	17.0
2059.510	32.98	1.86	61.33	5.65	7.30	41.23	67.2	4	17.0
2059.655	33.52	1.83	61.22	5.73	7.14	40.87	66.8	4	19.0
2059.715	32.34	1.88	60.76	5.57	7.39	41.17	67.8	4	16.5
2059.819	33.69	1.79	60.18	5.66	7.24	41.01	68.1	4	18.5
2059.964	31.38	1.91	59.94	5.48	7.81	42.79	71.4	4	17.0
2060.024	32.53	1.87	60.95	5.71	7.33	41.87	68.7	4	18.0
2060.128	34.01	1.81	61.58	5.56	7.51	41.79	67.9	4	16.0
2060.273	32.16	1.88	60.39	5.57	7.37	41.04	68.0	4	17.5
2060.333	33.50	1.80	60.35	5.54	7.64	42.36	70.2	4	16.5
2060.437	32.75	1.85	60.58	5.69	7.33	41.71	68.9	4	18.0
2060.582	33.57	1.82	61.05	5.67	7.72	43.78	71.7	4	18.5
2060.642	32.86	1.87	61.41	5.82	7.33	42.63	69.4	4	18.5
2060.746	33.63	1.84	62.03	5.97	6.87	41.00	66.1	4	17.0
2060.891	34.04	1.83	62.18	5.92	6.57	38.92	62.6	4	17.0
2060.951	33.24	1.87	62.23	5.84	6.75	39.43	63.4	4	18.0
2061.055	33.15	1.89	62.51	5.63	7.54	42.46	67.9	4	16.0
2061.200	33.10	1.84	61.01	5.76	7.07	40.72	66.7	4	18.5
2061.260	31.96	1.90	60.58	5.61	7.43	41.66	68.8	4	18.5
2061.364	32.60	1.87	60.80	5.67	7.77	44.06	72.5	4	17.5
2061.509	33.22	1.84	61.17	5.86	6.88	40.29	65.9	4	18.5
2061.569	33.15	1.87	62.16	5.92	6.73	39.85	64.1	4	18.5
2061.673	32.94	1.88	62.02	5.96	6.72	40.00	64.5	4	18.5
2061.818	33.66	1.86	62.45	6.10	6.87	41.87	67.0	4	18.5
2061.878	33.80	1.85	62.47	6.00	7.29	43.74	70.0	4	18.0
2061.982	33.08	1.90	62.77	5.65	8.08	45.69	72.8	4	17.0
2062.127	34.09	1.85	63.23	5.56	8.26	45.95	72.7	4	18.0
2062.187	33.43	1.87	62.59	5.52	8.34	46.08	73.6	4	16.5
2062.291	32.66	1.88	61.38	5.60	8.20	45.87	74.7	4	17.5
2062.436	33.90	1.82	61.80	5.96	7.20	42.95	69.5	4	17.0
2062.496	33.78	1.82	61.34	6.03	7.02	42.34	69.0	4	19.0
2062.600	32.82	1.84	60.46	6.02	6.75	40.68	67.3	4	18.0
2062.745	34.08	1.80	61.34	5.81	6.95	40.43	65.9	4	16.0
2062.805	34.73	1.71	59.47	5.59	7.31	40.82	68.6	4	17.0
2062.909	32.15	1.86	59.92	5.54	7.56	41.85	69.8	4	17.5
2063.054	33.65	1.83	61.72	5.70	7.51	42.79	69.3	4	18.0
2063.114	33.10	1.88	62.16	5.63	7.54	42.43	68.3	4	16.0
2063.218	33.66	1.81	60.77	5.68	7.40	42.02	69.1	4	17.5
2063.363	31.70	1.92	60.97	5.53	7.83	43.32	71.1	4	18.0
2063.423	32.89	1.88	61.98	5.48	8.13	44.53	71.9	4	16.5
2063.527	33.96	1.84	62.38	5.51	8.33	45.91	73.6	4	17.5
2063.672	34.09	1.87	63.60	5.60	8.42	47.16	74.2	4	17.0
2063.732	34.28	1.83	62.74	5.54	8.34	46.15	73.6	4	16.5
2063.836	34.16	1.84	62.83	5.55	8.35	46.31	73.7	4	18.5
2063.981	33.61	1.83	61.41	5.89	7.37	43.38	70.6	4	17.0
2064.041	33.59	1.82	61.27	5.90	7.01	41.36	67.5	4	17.0
2064.145	34.49	1.78	61.37	5.53	7.38	40.84	66.6	4	15.5
2064.290	32.86	1.86	60.98	5.66	7.62	43.12	70.7	4	18.5
2064.350	31.65	1.90	60.24	5.65	7.30	41.26	68.5	4	18.0
2064.454	33.44	1.82	60.92	5.73	7.44	42.62	70.0	4	18.0
2064.599	34.23	1.76	60.13	5.55	7.58	42.03	69.9	4	18.0
2064.659	32.86	1.82	59.85	5.62	7.31	41.04	68.6	4	18.0
2064.763	33.95	1.77	59.97	5.68	7.25	41.23	68.7	4	16.5
2064.908	32.42	1.86	60.37	5.66	7.26	41.09	68.1	4	18.5
2064.968	32.52	1.85	60.05	5.69	7.34	41.77	69.6	4	18.5
2065.072	32.81	1.86	61.03	5.58	7.51	41.90	68.7	4	15.5
2065.217	34.63	1.66	57.52	5.34	7.34	39.18	68.1	4	17.0
2065.277	34.54	1.74	60.16	5.50	7.49	41.18	68.4	4	17.5
2065.381	33.91	1.81	61.35	5.44	7.73	42.08	68.6	4	16.0
2065.526	32.29	1.89	61.00	5.57	7.61	42.42	69.5	4	17.5
2065.586	33.30	1.85	61.63	5.56	7.60	42.28	68.6	4	17.5
2065.690	33.62	1.82	61.31	5.53	7.61	42.08	68.6	4	17.0
2065.835	34.10	1.78	60.71	5.50	7.61	41.83	68.9	4	17.0
2065.895	33.66	1.81	61.09	5.52	7.68	42.37	69.4	4	17.0
2065.999	33.61	1.83	61.57	5.58	7.72	43.08	70.0	4	18.0
2066.144	31.98	1.90	60.78	5.54	7.43	41.15	67.7	4	18.0
2066.204	32.95	1.87	61.59	5.58	7.69	42.95	69.7	4	17.5
2066.308	34.27	1.79	61.31	5.62	7.60	42.70	69.6	4	17.5
2066.453	33.18	1.85	61.50	5.80	7.49	43.42	70.6	4	17.0
2066.513	32.67	1.90	62.02	5.73	7.50	42.92	69.2	4	18.0
2066.617	31.49	1.93	60.78	5.69	7.46	42.42	69.8	4	18.0
2066.762	33.19	1.85	61.31	5.64	7.56	42.63	69.5	4	19.0
2066.822	32.12	1.89	60.86	5.74	7.20	41.34	67.9	4	17.5
2066.926	33.92	1.78	60.50	5.65	7.36	41.60	68.8	4	17.0
2067.071	32.78	1.85	60.61	5.63	7.41	41.70	68.8	4	17.5
2067.131	31.66	1.90	60.15	5.53	7.80	43.17	71.8	4	18.5
2067.235	33.50	1.83	61.29	5.58	7.68	42.86	69.9	4	17.0
2067.380	33.00	1.87	61.77	5.81	7.37	42.76	69.2	4	17.0
2067.440	33.36	1.85	61.77	5.63	7.59	42.73	69.2	4	16.5
2067.544	32.80	1.88	61.69	5.63	7.47	42.03	68.1	4	16.5
2067.689	32.69	1.88	61.48	5.61	7.54	42.28	68.8	4	16.5
2067.749	33.54	1.81	60.83	5.78	7.24	41.85	68.8	4	18.0
2067.853	31.17	1.92	59.93	5.58	7.62	42.51	70.9	4	18.0
2067.998	33.54	1.82	61.04	5.67	7.20	40.80	66.8	4	17.0
2068.058	34.37	1.78	61.26	5.54	7.52	41.69	68.1	4	16.5
2068.162	33.81	1.80	60.89	5.71	7.48	42.73	70.2	4	18.5
2068.307	32.95	1.85	60.99	5.75	7.32	42.08	69.0	4	18.0
2068.367	33.17	1.83	60.83	5.76	7.43	42.80	70.3	4	17.5
2068.471	33.80	1.81	61.19	5.66	7.58	42.92	70.1	4	17.0
2068.616	33.38	1.84	61.38	5.77	7.54	43.50	70.9	4	17.5
2068.676	33.51	1.85	61.88	5.68	7.61	43.24	69.9	4	17.0
2068.780	33.94	1.85	62.92	5.69	7.59	43.18	68.6	4	16.5
2068.925	32.16	1.90	61.10	5.55	7.72	42.84	70.1	4	18.5
2068.985	32.73	1.88	61.44	5.71	7.46	42.62	69.4	4	17.5
2069.089	34.47	1.73	59.78	5.71	7.16	40.88	68.4	4	17.0
2069.234	32.03	1.89	60.68	5.67	7.53	42.75	70.4	4	19.0
2069.294	32.50	1.85	60.01	5.76	7.37	42.48	70.8	4	17.5
2069.398	33.43	1.83	61.01	5.72	7.31	41.75	68.4	4	17.0
2069.543	34.97	1.67	58.43	5.61	7.15	40.07	68.6	4	16.5
2069.603	34.12	1.78	60.61	5.63	7.23	40.67	67.1	4	18.5
2069.707	32.10	1.87	60.02	5.62	7.42	41.69	69.5	4	16.5
2069.852	34.28	1.74	59.80	5.59	7.31	40.88	68.4	4	15.5
2069.912	35.10	1.65	57.84	5.47	7.24	39.58	68.4	4	15.5
2070.016	34.27	1.78	60.93	5.57	7.67	42.76	70.2	4	17.5
2070.161	31.96	1.93	61.77	5.59	7.66	42.85	69.4	4	17.5
2070.221	32.96	1.88	61.96	5.55	7.66	42.53	68.6	4	16.5
2070.325	34.27	1.80	61.75	5.55	7.65	42.45	68.7	4	17.0
2070.470	31.63	1.92	60.75	5.66	7.30	41.36	68.1	4	18.5
2070.530	31.50	1.90	59.79	5.55	7.56	41.96	70.2	4	17.5
2070.634	33.20	1.84	61.20	5.49	7.66	42.08	68.7	4	15.5
2070.779	34.82	1.71	59.70	5.46	7.55	41.25	69.1	4	16.0
2070.839	33.84	1.77	60.05	5.51	7.67	42.22	70.3	4	18.0
2070.943	31.69	1.90	60.34	5.63	7.30	41.12	68.2	4	17.5
2071.088	34.23	1.76	60.21	5.60	7.38	41.30	68.6	4	17.5
2071.148	33.16	1.86	61.53	5.67	7.40	41.92	68.1	4	19.5
2071.252	32.91	1.85	61.00	5.62	7.40	41.65	68.3	4	16.0
2071.397	31.87	1.89	60.35	5.56	7.44	41.34	68.5	4	18.5
2071.457	31.42	1.93	60.64	5.63	7.57	42.61	70.3	4	18.0
2071.561	33.67	1.78	60.02	5.62	7.35	41.28	68.8	4	17.0
2071.706	34.68	1.71	59.39	5.60	7.42	41.54	69.9	4	17.5
2071.766	33.13	1.83	60.54	5.53	7.70	42.58	70.3	4	17.5
2071.870	31.73	1.90	60.12	5.52	7.78	42.95	71.4	4	18.5
2072.015	33.89	1.80	61.08	5.54	7.56	41.87	68.5	4	16.5
2072.075	34.48	1.79	61.74	5.46	7.63	41.63	67.4	4	15.0
2072.179	34.29	1.79	61.25	5.62	7.34	41.26	67.4	4	18.5
2072.324	33.03	1.90	62.79	5.62	7.82	43.88	69.9	4	19.0
2072.384	31.69	1.94	61.38	5.66	7.31	41.38	67.4	4	18.0
2072.488	33.45	1.85	61.88	5.58	7.58	42.26	68.3	4	16.0
2072.633	32.78	1.89	62.01	5.61	7.66	43.00	69.4	4	17.0
2072.693	32.74	1.88	61.56	5.63	7.42	41.76	67.8	4	18.0
2072.797	32.95	1.87	61.62	5.81	7.51	43.62	70.8	4	17.0
2072.942	33.09	1.84	61.03	5.67	7.30	41.41	67.9	4	18.0
2073.002	31.74	1.91	60.60	5.54	7.55	41.85	69.1	4	18.0
2073.106	32.14	1.90	60.98	5.72	7.25	41.46	68.0	4	18.0
2073.251	34.35	1.81	62.29	5.67	7.39	41.93	67.3	4	15.5
2073.311	35.01	1.72	60.16	5.61	7.40	41.56	69.1	4	17.5
2073.415	32.32	1.88	60.67	5.59	7.60	42.48	70.0	4	17.5
2073.560	33.35	1.86	61.94	5.74	7.30	41.90	67.7	4	18.0
2073.620	32.19	1.91	61.59	5.58	7.84	43.77	71.1	4	19.0
2073.724	33.17	1.87	62.02	5.76	7.50	43.25	69.7	4	17.0
2073.869	34.50	1.79	61.60	5.51	7.69	42.37	68.8	4	16.5
2073.929	33.71	1.82	61.49	5.70	7.22	41.14	66.9	4	19.5
2074.033	33.15	1.84	60.92	5.48	7.56	41.46	68.1	4	16.0
2074.178	31.59	1.90	60.06	5.52	7.77	42.90	71.4	4	18.5
2074.238	32.74	1.86	61.05	5.65	7.60	42.93	70.3	4	17.0
2074.342	34.25	1.80	61.73	5.48	7.58	41.53	67.3	4	15.5
2074.487	32.10	1.87	60.09	5.38	7.80	41.98	69.9	4	18.5
2074.547	31.39	1.91	60.08	5.49	7.74	42.47	70.7	4	19.0
2074.651	33.39	1.84	61.49	5.45	7.68	41.84	68.0	4	16.5
2074.796	33.28	1.85	61.47	5.48	7.61	41.68	67.8	4	16.5
2074.856	34.04	1.80	61.25	5.68	7.36	41.79	68.2	4	18.5
2074.960	32.13	1.91	61.45	5.57	7.81	43.47	70.7	4	17.5
2075.105	33.38	1.87	62.32	5.83	7.25	42.31	67.9	4	17.0
2075.165	33.65	1.85	62.29	5.71	7.11	40.61	65.2	4	16.0
2075.269	33.28	1.82	60.47	5.60	7.13	39.90	66.0	4	18.0
2075.414	32.00	1.92	61.53	5.68	7.22	41.03	66.7	4	17.5
2075.474	33.23	1.86	61.80	5.53	7.72	42.72	69.1	4	17.0
2075.578	32.49	1.90	61.60	5.54	7.61	42.14	68.4	4	16.5
2075.723	34.47	1.79	61.82	5.48	7.75	42.46	68.7	4	16.5
2075.783	33.97	1.81	61.32	5.58	7.55	42.09	68.6	4	18.5
2075.887	31.93	1.92	61.39	5.55	7.93	44.06	71.8	4	19.5
2076.032	33.41	1.83	61.21	5.48	7.75	42.48	69.4	4	16.5
2076.092	33.18	1.83	60.71	5.54	7.49	41.51	68.4	4	17.5
2076.196	33.10	1.86	61.62	5.67	7.65	43.38	70.4	4	16.5
2076.341	34.46	1.76	60.74	5.56	7.56	42.02	69.2	4	17.5
2076.401	32.93	1.86	61.31	5.59	7.39	41.27	67.3	4	18.0
2076.505	32.44	1.90	61.50	5.65	7.80	44.06	71.6	4	17.5
2076.650	34.20	1.82	62.35	5.65	7.26	41.03	65.8	4	15.5
2076.710	34.87	1.71	59.67	5.64	7.24	40.81	68.4	4	17.5
2076.814	32.14	1.88	60.35	5.54	7.60	42.13	69.8	4	17.5
2076.959	32.49	1.88	61.01	5.58	7.39	41.25	67.6	4	18.0
2077.019	32.23	1.88	60.70	5.67	7.52	42.68	70.3	4	18.0
2077.123	33.55	1.83	61.37	5.58	7.56	42.17	68.7	4	18.0
2077.268	33.16	1.87	62.04	5.59	7.51	41.97	67.7	4	16.0
2077.328	33.69	1.82	61.37	5.57	7.53	41.93	68.3	4	18.0
2077.432	31.49	1.91	60.26	5.61	7.44	41.72	69.2	4	18.5
2077.577	33.73	1.77	59.56	5.53	7.48	41.38	69.5	4	16.5
2077.637	33.22	1.85	61.32	5.51	7.83	43.15	70.4	4	19.0
2077.741	32.68	1.90	62.19	5.52	7.92	43.69	70.3	4	16.5
2077.886	34.54	1.79	61.71	5.56	7.70	42.79	69.3	4	17.0
2077.946	34.18	1.82	62.30	5.53	7.80	43.13	69.2	4	18.0
2078.050	31.87	1.92	61.26	5.62	7.42	41.74	68.1	4	17.5
2078.195	33.95	1.84	62.47	5.55	7.57	42.06	67.3	4	15.0
2078.255	34.70	1.73	59.96	5.54	7.39	40.96	68.3	4	17.0
2078.359	31.91	1.89	60.28	5.60	7.40	41.42	68.7	4	17.5
2078.504	34.32	1.75	60.01	5.50	7.56	41.56	69.3	4	16.5
2078.564	33.41	1.83	61.10	5.45	7.77	42.35	69.3	4	18.5
2078.668	31.31	1.93	60.52	5.44	7.69	41.84	69.1	4	17.0
2078.813	34.24	1.77	60.68	5.47	7.55	41.28	68.0	4	16.0
2078.873	34.84	1.72	59.82	5.41	7.44	40.30	67.4	4	16.5
2078.977	32.96	1.86	61.34	5.46	7.79	42.52	69.3	4	17.5
2079.122	33.44	1.80	60.17	5.52	7.59	41.89	69.6	4	17.0
2079.182	33.50	1.81	60.75	5.50	7.73	42.53	70.0	4	17.0
2079.286	33.96	1.79	60.91	5.70	7.51	42.82	70.3	4	17.5
2079.431	32.54	1.91	62.10	5.55	7.89	43.79	70.5	4	16.0
2079.491	33.65	1.82	61.14	5.71	7.49	42.75	69.9	4	17.5
2079.595	33.37	1.86	62.23	5.76	7.30	42.01	67.5	4	19.0
2079.740	33.61	1.85	62.25	5.70	7.27	41.49	66.7	4	16.5
2079.800	34.40	1.76	60.46	5.68	7.26	41.20	68.1	4	17.5
2079.904	31.92	1.88	59.92	5.56	7.43	41.29	68.9	4	17.5
2080.049	32.84	1.87	61.45	5.58	7.57	42.21	68.7	4	16.5
2080.109	32.93	1.84	60.48	5.59	7.49	41.83	69.2	4	17.5
2080.213	32.74	1.88	61.42	5.61	7.84	43.98	71.6	4	18.0
2080.358	31.86	1.94	61.73	5.62	7.61	42.75	69.2	4	17.0
2080.418	33.30	1.83	60.91	5.70	7.47	42.61	69.9	4	17.0
2080.522	33.73	1.79	60.52	5.53	7.54	41.66	68.8	4	17.0
2080.667	32.93	1.86	61.12	5.65	7.58	42.88	70.2	4	17.5
2080.727	33.61	1.85	62.11	5.61	7.62	42.71	68.8	4	15.0
2080.831	35.19	1.64	57.63	5.42	7.28	39.48	68.5	4	15.0
2080.976	32.03	1.86	59.71	5.42	7.47	40.47	67.8	4	19.0
2081.036	31.90	1.90	60.51	5.42	7.55	40.91	67.6	4	16.0
2081.140	34.36	1.71	58.71	5.43	7.38	40.08	68.3	4	16.5
2081.285	34.63	1.77	61.21	5.35	7.69	41.14	67.2	4	17.5
2081.345	33.21	1.83	60.78	5.41	7.76	42.00	69.1	4	18.0
2081.449	33.16	1.82	60.32	5.57	7.54	42.01	69.6	4	17.5
2081.594	32.84	1.85	60.92	5.43	7.74	42.04	69.0	4	16.0
2081.654	34.07	1.76	59.81	5.37	7.63	40.92	68.4	4	15.5
2081.758	33.78	1.81	61.04	5.46	7.73	42.21	69.1	4	18.5
2081.903	33.32	1.85	61.50	5.38	7.65	41.16	66.9	4	15.5
2081.963	33.39	1.82	60.91	5.30	7.86	41.63	68.3	4	16.5
2082.067	32.75	1.88	61.43	5.41	7.74	41.90	68.2	4	16.0
2082.212	33.48	1.85	61.77	5.55	7.73	42.93	69.5	4	17.0
2082.272	32.99	1.87	61.75	5.49	7.83	43.01	69.6	4	16.5
2082.376	34.00	1.81	61.42	5.42	7.76	42.07	68.5	4	15.5
2082.521	31.92	1.89	60.47	5.44	7.65	41.61	68.8	4	18.0
2082.581	32.85	1.87	61.58	5.50	7.64	42.03	68.2	4	16.0
2082.685	34.35	1.76	60.52	5.43	7.51	40.80	67.4	4	16.0
2082.830	31.83	1.88	59.84	5.47	7.42	40.57	67.8	4	18.0
2082.890	30.14	1.93	58.16	5.31	7.47	39.68	68.2	4	18.0
2082.994	33.19	1.83	60.68	5.39	7.70	41.52	68.4	4	16.0
2083.139	32.56	1.91	62.23	5.48	7.71	42.29	68.0	4	18.0
2083.199	32.61	1.92	62.69	5.52	7.60	41.96	66.9	4	16.5
2083.303	32.74	1.92	62.80	5.61	7.73	43.34	69.0	4	18.0
2083.448	33.90	1.83	62.09	5.52	7.71	42.59	68.6	4	17.5
2083.508	32.94	1.89	62.40	5.58	7.60	42.42	68.0	4	18.0
2083.612	33.88	1.80	61.12	5.57	7.60	42.30	69.2	4	16.5
2083.757	33.81	1.79	60.67	5.64	7.55	42.57	70.2	4	18.0
2083.817	32.64	1.86	60.78	5.48	7.68	42.08	69.2	4	16.5
2083.921	33.25	1.81	60.32	5.53	7.65	42.35	70.2	4	17.0
2084.066	34.65	1.75	60.72	5.47	7.53	41.20	67.9	4	16.0
2084.126	34.14	1.83	62.48	5.51	7.80	43.00	68.8	4	18.0
2084.230	32.78	1.89	61.94	5.54	7.59	42.03	67.9	4	17.5
2084.375	33.32	1.89	62.91	5.55	7.54	41.87	66.6	4	18.0
2084.435	32.98	1.91	63.09	5.56	7.77	43.20	68.5	4	16.5
2084.539	32.86	1.90	62.40	5.68	7.53	42.76	68.5	4	19.0
2084.684	33.85	1.81	61.40	5.60	7.54	42.27	68.8	4	16.0
2084.744	34.48	1.72	59.34	5.52	7.38	40.72	68.6	4	17.0
2084.848	31.53	1.89	59.61	5.39	7.55	40.73	68.3	4	17.5
2084.993	34.23	1.76	60.18	5.39	7.63	41.15	68.4	4	16.5
2085.053	33.82	1.84	62.22	5.49	7.78	42.71	68.6	4	18.5
2085.157	31.55	1.92	60.72	5.44	7.57	41.16	67.8	4	17.5
2085.302	34.08	1.76	60.14	5.47	7.56	41.37	68.8	4	17.0
2085.362	33.05	1.86	61.48	5.47	7.61	41.64	67.7	4	17.5
2085.466	33.39	1.84	61.60	5.49	7.71	42.34	68.7	4	17.0
2085.611	33.43	1.86	62.04	5.53	7.67	42.38	68.3	4	16.5
2085.671	33.80	1.85	62.56	5.58	7.62	42.54	68.0	4	17.5
2085.775	32.46	1.90	61.76	5.48	7.83	42.92	69.5	4	18.5
2085.920	33.11	1.86	61.65	5.43	7.74	42.02	68.2	4	16.0
2085.980	34.08	1.78	60.62	5.41	7.54	40.77	67.3	4	17.0
2086.084	32.50	1.89	61.56	5.34	7.89	42.13	68.4	4	17.0
2086.229	33.66	1.82	61.12	5.39	7.80	42.06	68.8	4	17.5
2086.289	32.85	1.88	61.83	5.55	7.63	42.35	68.5	4	18.0
2086.393	32.86	1.86	61.22	5.37	7.76	41.65	68.0	4	17.0
2086.538	33.79	1.81	61.21	5.42	7.63	41.41	67.6	4	15.0
2086.598	33.90	1.79	60.58	5.42	7.62	41.33	68.2	4	17.5
2086.702	32.76	1.88	61.46	5.39	7.76	41.79	68.0	4	16.5
2086.847	34.67	1.76	60.90	5.31	7.85	41.69	68.5	4	16.0
2086.907	34.66	1.77	61.27	5.46	7.71	42.09	68.7	4	18.0
2087.011	32.89	1.88	61.91	5.46	7.68	41.95	67.8	4	17.5
2087.156	31.96	1.93	61.59	5.35	7.90	42.21	68.5	4	17.0
2087.216	31.84	1.90	60.48	5.37	7.84	42.09	69.6	4	17.0
2087.320	34.09	1.79	60.91	5.41	7.72	41.77	68.6	4	15.5
2087.465	32.89	1.87	61.66	5.51	7.51	41.37	67.1	4	17.0
2087.525	32.20	1.92	61.87	5.48	7.63	41.82	67.6	4	17.0
2087.629	33.55	1.81	60.75	5.48	7.66	41.97	69.1	4	16.5
2087.774	32.94	1.88	61.84	5.46	7.78	42.44	68.6	4	16.0
2087.834	33.75	1.83	61.84	5.44	7.74	42.12	68.1	4	16.5
2087.938	32.66	1.85	60.53	5.36	7.78	41.70	68.9	4	17.0
2088.083	34.58	1.75	60.37	5.45	7.56	41.18	68.2	4	16.5
2088.143	33.99	1.84	62.39	5.52	7.72	42.64	68.3	4	18.5
2088.247	32.51	1.88	61.11	5.40	7.82	42.23	69.1	4	17.5
2088.392	32.78	1.87	61.20	5.40	7.92	42.73	69.8	4	17.0
2088.452	33.74	1.81	61.03	5.49	7.79	42.77	70.1	4	17.0
2088.556	33.73	1.87	62.96	5.44	8.05	43.79	69.5	4	17.5
2088.701	32.61	1.89	61.55	5.53	7.74	42.80	69.5	4	17.5
2088.761	33.66	1.83	61.74	5.45	7.74	42.14	68.2	4	15.5
2088.865	32.75	1.86	60.91	5.44	7.76	42.24	69.3	4	18.5
2089.010	33.38	1.81	60.31	5.40	7.65	41.33	68.5	4	16.5
2089.070	34.40	1.71	58.99	5.39	7.52	40.56	68.8	4	16.0
2089.174	33.82	1.81	61.08	5.38	7.86	42.26	69.2	4	19.0
2089.319	31.23	1.92	59.85	5.32	7.85	41.77	69.8	4	16.0
2089.379	32.83	1.84	60.56	5.29	7.90	41.79	69.0	4	15.0
2089.483	34.74	1.69	58.66	5.15	7.66	39.43	67.2	4	14.5
2089.628	32.99	1.81	59.71	5.25	7.68	40.29	67.5	4	18.5
2089.688	31.14	1.88	58.53	5.17	7.62	39.35	67.2	4	17.5
2089.792	33.65	1.75	58.84	5.21	7.62	39.69	67.5	4	15.5
2089.937	32.73	1.87	61.18	5.29	7.91	41.87	68.4	4	17.0
2089.997	33.07	1.84	61.00	5.27	7.90	41.62	68.2	4	16.0
2090.101	33.08	1.85	61.35	5.34	7.89	42.14	68.7	4	18.5
2090.246	33.77	1.82	61.44	5.30	7.81	41.45	67.5	4	15.5
2090.306	34.52	1.75	60.40	5.31	7.63	40.48	67.0	4	16.5
2090.410	32.59	1.87	60.91	5.31	7.94	42.17	69.2	4	17.0
2090.555	32.43	1.87	60.56	5.35	7.72	41.33	68.2	4	16.0
2090.615	33.95	1.74	58.92	5.25	7.57	39.77	67.5	4	15.5
2090.719	34.81	1.70	59.22	5.31	7.59	40.33	68.1	4	17.0
2090.864	31.99	1.89	60.41	5.24	7.97	41.77	69.1	4	17.0
2090.924	33.20	1.84	61.10	5.41	7.84	42.45	69.5	4	16.0
2091.028	34.01	1.78	60.49	5.31	7.87	41.77	69.1	4	17.5
2091.173	32.55	1.88	61.24	5.41	7.87	42.56	69.5	4	17.5
2091.233	33.65	1.82	61.32	5.44	7.72	41.98	68.5	4	16.5
2091.337	34.90	1.68	58.79	5.35	7.46	39.88	67.8	4	16.0
2091.482	32.14	1.88	60.36	5.27	7.72	40.73	67.5	4	16.5
2091.542	33.51	1.79	59.86	5.36	7.63	40.87	68.3	4	16.0
2091.646	34.71	1.70	59.15	5.23	7.68	40.17	67.9	4	16.0
2091.791	32.97	1.87	61.74	5.45	7.73	42.15	68.3	4	16.5
2091.851	33.35	1.82	60.78	5.38	7.72	41.52	68.3	4	16.5
2091.955	34.53	1.73	59.86	5.41	7.55	40.84	68.2	4	16.5
2092.100	31.89	1.91	61.06	5.32	7.75	41.25	67.6	4	17.0
2092.160	33.40	1.82	60.79	5.48	7.59	41.59	68.4	4	17.0
2092.264	33.98	1.78	60.58	5.30	7.69	40.73	67.2	4	16.5
2092.409	33.34	1.82	60.85	5.42	7.72	41.84	68.8	4	16.0
2092.469	34.23	1.73	59.32	5.33	7.63	40.67	68.6	4	16.0
2092.573	34.06	1.81	61.51	5.33	7.89	42.09	68.4	4	17.5
2092.718	33.43	1.86	62.16	5.38	7.88	42.36	68.1	4	16.0
2092.778	34.16	1.79	61.03	5.44	7.74	42.09	69.0	4	17.0
2092.882	31.38	1.91	59.92	5.35	7.79	41.69	69.6	4	17.5
2093.027	34.44	1.70	58.69	5.31	7.49	39.76	67.8	4	16.0
2093.087	34.07	1.78	60.72	5.23	7.83	40.93	67.4	4	17.5
2093.191	31.26	1.92	60.07	5.27	7.68	40.48	67.4	4	18.0
2093.336	33.02	1.85	61.05	5.37	7.77	41.76	68.4	4	17.5
2093.396	33.49	1.82	60.81	5.40	7.57	40.87	67.2	4	16.0
2093.500	33.60	1.80	60.58	5.44	7.73	42.07	69.4	4	17.0
2093.645	32.80	1.87	61.40	5.36	7.84	42.05	68.5	4	16.0
2093.705	33.19	1.85	61.34	5.33	7.83	41.76	68.1	4	16.5
2093.809	33.40	1.84	61.50	5.40	7.85	42.39	68.9	4	16.0
2093.954	34.34	1.76	60.52	5.32	7.78	41.40	68.4	4	17.0
2094.014	34.03	1.82	61.88	5.44	7.74	42.10	68.0	4	16.0
2094.118	32.73	1.85	60.67	5.37	7.73	41.52	68.4	4	17.5
2094.263	33.72	1.80	60.55	5.53	7.60	42.03	69.4	4	17.0
2094.323	33.67	1.80	60.60	5.42	7.60	41.19	68.0	4	16.0
2094.427	34.99	1.67	58.32	5.30	7.45	39.51	67.7	4	16.0
2094.572	32.95	1.86	61.35	5.38	7.79	41.92	68.3	4	17.5
2094.632	32.78	1.87	61.27	5.36	7.87	42.12	68.8	4	17.0
2094.736	32.42	1.91	61.97	5.38	7.79	41.88	67.6	4	16.0
2094.881	33.93	1.80	60.91	5.38	7.76	41.77	68.6	4	17.5
2094.941	33.19	1.85	61.55	5.47	7.70	42.13	68.4	4	18.5
2095.045	33.43	1.84	61.53	5.44	7.75	42.17	68.5	4	16.0
2095.190	33.14	1.86	61.49	5.47	7.67	41.98	68.3	4	18.0
2095.250	33.05	1.84	60.66	5.44	7.75	42.16	69.5	4	16.5
2095.354	33.71	1.81	61.16	5.44	7.60	41.35	67.6	4	16.5
2095.499	33.82	1.82	61.44	5.44	7.61	41.42	67.4	4	18.0
2095.559	32.60	1.88	61.35	5.48	7.74	42.44	69.2	4	17.0
2095.663	33.36	1.82	60.67	5.41	7.67	41.53	68.5	4	16.0
2095.808	33.31	1.81	60.36	5.51	7.61	41.92	69.5	4	18.0
2095.868	32.86	1.85	60.82	5.46	7.69	41.97	69.0	4	16.0
2095.972	34.01	1.78	60.37	5.50	7.63	42.02	69.6	4	17.0
2096.117	33.99	1.80	61.01	5.45	7.66	41.73	68.4	4	17.5
2096.177	33.12	1.86	61.58	5.37	7.87	42.27	68.6	4	16.5
2096.281	33.87	1.80	60.96	5.52	7.55	41.68	68.4	4	16.0
2096.426	34.55	1.76	60.90	5.43	7.62	41.33	67.9	4	15.0
2096.486	34.67	1.74	60.29	5.42	7.59	41.12	68.2	4	17.0
2096.590	32.36	1.88	60.83	5.31	7.80	41.44	68.1	4	16.0
2096.735	33.63	1.84	61.91	5.47	7.65	41.88	67.6	4	17.0
2096.795	33.71	1.82	61.37	5.43	7.63	41.42	67.5	4	16.5
2096.899	33.80	1.86	62.99	5.54	7.73	42.81	68.0	4	18.5
2097.044	33.08	1.88	62.20	5.56	7.67	42.63	68.5	4	18.0
2097.104	32.90	1.89	62.34	5.51	7.69	42.33	67.9	4	16.0
2097.208	33.78	1.83	61.67	5.53	7.67	42.39	68.7	4	17.5
2097.353	32.55	1.88	61.26	5.58	7.65	42.66	69.6	4	16.0
2097.413	33.53	1.84	61.61	5.57	7.63	42.45	68.9	4	16.5
2097.517	34.23	1.76	60.22	5.59	7.48	41.84	69.5	4	17.0
2097.662	32.93	1.85	60.98	5.57	7.61	42.42	69.6	4	18.0
2097.722	33.56	1.81	60.78	5.60	7.49	41.90	68.9	4	17.0
2097.826	33.50	1.86	62.40	5.63	7.50	42.20	67.6	4	16.5
2097.971	33.24	1.84	61.02	5.53	7.51	41.55	68.1	4	16.0
2098.031	33.43	1.79	59.84	5.51	7.51	41.40	69.2	4	17.0
2098.135	33.64	1.80	60.60	5.51	7.71	42.48	70.1	4	18.0
2098.280	33.50	1.84	61.56	5.51	7.62	41.97	68.2	4	16.0
2098.340	33.86	1.80	60.93	5.40	7.61	41.11	67.5	4	17.0
2098.444	32.88	1.84	60.37	5.48	7.55	41.38	68.6	4	17.0
2098.589	33.58	1.79	60.07	5.39	7.72	41.66	69.3	4	18.0
2098.649	31.97	1.88	60.15	5.45	7.73	42.13	70.0	4	19.0
2098.753	32.62	1.87	61.11	5.46	7.65	41.72	68.3	4	15.5
2098.898	33.36	1.85	61.68	5.58	7.57	42.25	68.5	4	19.0
2098.958	31.99	1.89	60.55	5.51	7.57	41.72	68.9	4	17.0
2099.062	33.94	1.78	60.25	5.45	7.64	41.61	69.1	4	16.5
2099.207	33.60	1.82	61.17	5.56	7.58	42.14	68.9	4	17.5
2099.267	32.63	1.88	61.36	5.46	7.69	41.98	68.4	4	16.5
2099.371	33.73	1.75	59.15	5.56	7.45	41.43	70.0	4	17.0
2099.516	33.94	1.81	61.29	5.49	7.75	42.59	69.5	4	16.0
2099.576	34.01	1.81	61.62	5.59	7.79	43.54	70.7	4	18.5
2099.680	32.60	1.88	61.15	5.44	7.84	42.67	69.8	4	16.5
2099.825	33.95	1.80	61.25	5.51	7.74	42.65	69.6	4	15.5
2099.885	34.72	1.70	59.07	5.40	7.48	40.37	68.3	4	16.5
2099.989	31.93	1.87	59.56	5.51	7.43	40.91	68.7	4	18.0
2100.134	34.07	1.75	59.54	5.40	7.59	40.98	68.8	4	15.5
2100.194	33.26	1.79	59.39	5.28	7.74	40.88	68.8	4	17.5
2100.298	31.57	1.90	59.94	5.39	7.55	40.75	68.0	4	18.0
2100.443	34.26	1.75	59.94	5.49	7.37	40.44	67.5	4	16.0
2100.503	34.22	1.79	61.08	5.48	7.52	41.20	67.5	4	17.0
2100.607	33.72	1.79	60.47	5.52	7.54	41.61	68.8	4	16.5
2100.752	33.72	1.79	60.46	5.50	7.53	41.43	68.5	4	17.0
2100.812	33.33	1.85	61.66	5.46	7.78	42.47	68.9	4	16.5
2100.916	32.52	1.89	61.46	5.51	7.70	42.41	69.0	4	17.5
2101.061	34.66	1.76	60.97	5.49	7.48	41.09	67.4	4	16.5
2101.121	33.81	1.79	60.40	5.41	7.73	41.83	69.3	4	17.5
2101.225	32.38	1.91	61.72	5.51	7.49	41.25	66.8	4	17.5
2101.370	33.12	1.87	61.95	5.48	7.83	42.92	69.3	4	16.0
2101.430	33.41	1.82	60.72	5.62	7.60	42.72	70.4	4	17.5
2101.534	32.47	1.88	61.16	5.50	7.60	41.83	68.4	4	16.5
2101.679	34.85	1.70	59.41	5.33	7.53	40.11	67.5	4	15.5
2101.739	34.52	1.74	59.92	5.52	7.43	41.04	68.5	4	18.5
2101.843	32.89	1.86	61.04	5.47	7.77	42.51	69.6	4	17.0
2101.988	33.56	1.80	60.39	5.56	7.67	42.59	70.5	4	17.5
2102.048	33.24	1.83	60.69	5.55	7.62	42.27	69.6	4	16.5
2102.152	33.15	1.86	61.81	5.66	7.62	43.16	69.8	4	18.0
2102.297	34.40	1.75	60.09	5.57	7.50	41.77	69.5	4	16.5
2102.357	33.65	1.83	61.72	5.60	7.53	42.16	68.3	4	19.0
2102.461	32.41	1.85	59.96	5.53	7.54	41.72	69.6	4	16.5
2102.606	33.50	1.81	60.78	5.52	7.63	42.16	69.4	4	16.0
2102.666	34.41	1.72	59.16	5.42	7.54	40.91	69.1	4	16.0
2102.770	33.11	1.83	60.61	5.51	7.63	42.01	69.3	4	18.5
2102.915	34.41	1.76	60.72	5.46	7.56	41.27	68.0	4	16.5
2102.975	34.78	1.75	60.77	5.44	7.48	40.69	66.9	4	15.5
2560.089	38.91	0.35	13.55	0.97	2.02	1.96	14.5	4	11.5
2560.192	35.68	1.29	46.01	3.05	6.67	20.33	44.2	4	16.5
2560.337	26.04	1.89	49.12	3.50	7.90	27.60	56.2	4	17.5
2560.397	25.28	1.94	49.10	3.58	8.06	28.89	58.8	4	17.5
2560.501	29.94	1.92	57.46	3.92	8.85	34.74	60.5	4	12.5
2560.646	35.31	1.60	56.41	3.86	8.82	34.03	60.3	4	12.5
2560.706	35.96	1.55	55.91	3.84	8.81	33.83	60.5	4	11.5
2560.810	36.66	1.50	54.98	3.83	8.79	33.67	61.2	4	12.5
2560.955	32.11	1.86	59.87	3.97	9.17	36.44	60.9	4	15.5
2561.015	30.92	1.93	59.62	3.99	9.20	36.74	61.6	4	15.5
2561.119	31.29	1.96	61.42	4.06	9.37	38.06	62.0	4	13.5
2561.264	35.35	1.74	61.59	4.02	9.34	37.51	60.9	4	12.5
2561.324	35.77	1.71	61.05	4.01	9.32	37.41	61.3	4	13.5
2561.428	35.47	1.79	63.47	4.11	9.53	39.19	61.8	4	15.5
2561.573	32.26	1.96	63.20	4.09	9.52	38.92	61.6	4	15.0
2561.633	33.00	1.95	64.32	4.13	9.57	39.52	61.5	4	13.0
2561.737	35.15	1.81	63.64	4.13	9.51	39.25	61.7	4	13.0
2561.882	35.41	1.82	64.29	4.16	9.58	39.83	62.0	4	15.5
2561.942	33.61	1.90	63.80	4.14	9.57	39.57	62.0	4	15.5
2562.046	32.26	1.96	63.25	4.10	9.54	39.15	61.9	4	15.0
2562.191	34.30	1.85	63.54	4.06	9.57	38.88	61.2	4	13.0
2562.251	35.19	1.81	63.79	4.05	9.67	39.20	61.5	4	13.0
2562.355	35.80	1.79	64.14	3.99	9.72	38.76	60.4	4	14.5
2562.500	33.08	1.95	64.53	4.00	9.84	39.37	61.0	4	13.5
2562.560	34.43	1.88	64.69	4.00	9.84	39.33	60.8	4	13.5
2562.664	35.41	1.84	65.05	4.01	9.87	39.60	60.9	4	13.0
2562.809	34.60	1.89	65.44	4.02	9.88	39.75	60.7	4	14.5
2562.869	34.98	1.88	65.70	4.02	9.87	39.70	60.4	4	13.5
2562.973	35.43	1.84	65.32	4.03	9.86	39.72	60.8	4	14.5
2563.118	33.37	1.96	65.30	4.07	9.89	40.24	61.6	4	13.5
2563.178	34.59	1.89	65.32	4.05	9.87	39.94	61.1	4	13.5
2563.282	35.58	1.80	64.02	3.98	9.72	38.73	60.5	4	13.0
2563.427	35.07	1.86	65.21	4.05	9.86	39.95	61.3	4	15.5
2563.487	33.65	1.92	64.58	4.01	9.80	39.34	60.9	4	14.5
2563.591	34.48	1.90	65.48	4.03	9.87	39.83	60.8	4	13.0
2563.736	35.77	1.81	64.63	4.03	9.84	39.67	61.4	4	13.5
2563.796	36.02	1.80	64.93	4.01	9.81	39.37	60.6	4	13.5
2563.900	34.15	1.90	64.96	4.03	9.81	39.52	60.8	4	14.5
2564.045	34.28	1.90	65.12	4.02	9.83	39.52	60.7	4	13.5
2564.105	35.09	1.85	64.88	4.02	9.81	39.40	60.7	4	13.5
2564.209	35.65	1.82	64.93	4.01	9.82	39.36	60.6	4	14.0
2564.354	33.28	1.96	65.30	4.03	9.89	39.87	61.0	4	15.0
2564.414	34.07	1.92	65.52	4.02	9.86	39.62	60.5	4	13.5
2564.518	35.49	1.84	65.13	4.01	9.81	39.38	60.5	4	13.5
2564.663	33.77	1.94	65.66	4.02	9.84	39.56	60.2	4	14.5
2564.723	34.09	1.93	65.76	4.02	9.86	39.65	60.3	4	13.5
2564.827	35.36	1.85	65.24	3.98	9.83	39.16	60.0	4	13.5
2564.972	35.83	1.83	65.61	4.00	9.88	39.51	60.2	4	14.5
2565.032	34.17	1.91	65.19	3.99	9.89	39.46	60.5	4	14.5
2565.136	32.83	1.97	64.78	3.98	9.83	39.14	60.4	4	15.0
2565.281	34.70	1.87	65.03	3.98	9.88	39.32	60.5	4	13.5
2565.341	35.34	1.84	65.10	3.96	9.86	39.04	60.0	4	13.0
2565.445	34.73	1.89	65.71	4.00	9.90	39.64	60.3	4	14.5
2565.590	35.31	1.85	65.14	3.97	9.88	39.24	60.2	4	13.5
2565.650	35.56	1.84	65.48	3.98	9.91	39.47	60.3	4	14.5
2565.754	34.70	1.90	65.92	4.01	9.92	39.73	60.3	4	13.0
2565.899	35.71	1.85	66.17	4.02	9.92	39.93	60.3	4	14.5
2565.959	34.82	1.91	66.56	4.04	9.98	40.29	60.5	4	14.5
2566.063	35.29	1.89	66.56	4.02	10.00	40.24	60.5	4	13.0
2566.208	35.23	1.88	66.12	4.02	9.98	40.13	60.7	4	13.5
2566.268	34.28	1.93	66.32	3.99	9.97	39.72	59.9	4	15.0
2566.372	33.83	1.93	65.29	3.98	9.90	39.41	60.4	4	13.5
2566.517	35.50	1.84	65.25	3.97	9.92	39.41	60.4	4	13.0
2566.577	34.83	1.88	65.37	3.98	9.92	39.52	60.5	4	14.5
2566.681	34.44	1.91	65.81	3.99	9.94	39.63	60.2	4	13.0
2566.826	35.75	1.83	65.52	3.95	9.87	38.97	59.5	4	13.0
2566.886	35.49	1.85	65.73	3.96	9.91	39.30	59.8	4	15.0
2566.990	35.38	1.84	65.23	4.00	9.90	39.58	60.7	4	13.0
2567.135	35.04	1.89	66.20	4.01	9.97	39.95	60.4	4	13.0
2567.195	35.41	1.86	65.82	4.03	9.94	40.09	60.9	4	13.5
2567.299	35.43	1.85	65.64	4.03	9.97	40.16	61.2	4	15.0
2567.444	32.66	1.98	64.54	3.98	9.86	39.23	60.8	4	14.5
2567.504	33.87	1.94	65.63	4.00	9.92	39.69	60.5	4	13.5
2567.608	35.31	1.85	65.33	3.99	9.85	39.32	60.2	4	14.0
2567.753	35.36	1.85	65.39	4.00	9.94	39.77	60.8	4	13.5
2567.813	35.55	1.85	65.61	4.01	9.97	39.95	60.9	4	14.5
2567.917	33.79	1.94	65.53	3.99	9.97	39.75	60.7	4	13.5
2568.062	35.51	1.85	65.60	3.99	9.92	39.64	60.4	4	13.5
2568.122	35.77	1.83	65.32	3.98	9.91	39.44	60.4	4	13.5
2568.226	34.30	1.91	65.55	3.99	9.93	39.61	60.4	4	14.0
2568.371	35.75	1.83	65.31	3.97	9.88	39.20	60.0	4	13.5
2568.431	34.48	1.89	65.25	3.98	9.88	39.34	60.3	4	14.5
2568.535	33.40	1.94	64.91	3.99	9.92	39.60	61.0	4	13.5
2568.680	35.51	1.83	64.85	3.96	9.88	39.16	60.4	4	13.0
2568.740	35.36	1.85	65.41	3.95	9.92	39.19	59.9	4	15.0
2568.844	34.96	1.87	65.33	3.94	9.90	39.05	59.8	4	13.0
2568.989	33.70	1.92	64.84	3.94	9.85	38.83	59.9	4	14.0
2569.049	34.71	1.88	65.40	3.95	9.87	38.98	59.6	4	13.0
2569.153	35.12	1.87	65.59	3.99	9.94	39.71	60.5	4	15.0
2569.298	34.24	1.91	65.52	4.00	9.89	39.55	60.4	4	13.0
2569.358	35.10	1.86	65.25	3.97	9.84	39.11	59.9	4	13.0
2569.462	35.77	1.82	65.17	3.95	9.81	38.75	59.5	4	13.5
2569.607	34.75	1.88	65.43	3.95	9.88	39.04	59.7	4	15.0
2569.667	33.70	1.92	64.84	3.93	9.87	38.75	59.8	4	14.5
2569.771	35.14	1.85	65.14	3.94	9.85	38.80	59.6	4	13.0
2569.916	35.81	1.82	65.11	3.96	9.83	38.96	59.8	4	13.0
2569.976	35.80	1.82	65.11	3.95	9.85	38.87	59.7	4	13.0
2570.080	35.26	1.84	64.82	3.95	9.84	38.87	60.0	4	14.5
2570.225	33.93	1.91	64.84	3.95	9.88	38.98	60.1	4	13.5
2570.285	34.80	1.85	64.48	3.94	9.86	38.82	60.2	4	13.5
2570.389	35.61	1.82	64.83	3.97	9.86	39.16	60.4	4	13.0
2570.534	33.49	1.93	64.53	3.97	9.84	39.07	60.5	4	15.0
2570.594	32.87	1.95	64.25	3.96	9.83	38.88	60.5	4	14.5
2570.698	34.77	1.87	64.93	3.97	9.88	39.21	60.4	4	13.0
2570.843	34.56	1.89	65.19	3.96	9.88	39.15	60.1	4	14.5
2570.903	33.36	1.94	64.77	3.97	9.84	39.05	60.3	4	14.5
2571.007	33.64	1.94	65.21	3.97	9.90	39.32	60.3	4	13.5
2571.152	35.55	1.84	65.32	3.96	9.88	39.10	59.9	4	12.5
2571.212	35.90	1.81	64.82	3.97	9.84	39.07	60.3	4	13.5
2571.316	35.16	1.86	65.39	3.97	9.91	39.34	60.2	4	13.5
2571.461	35.26	1.87	65.92	4.00	10.00	39.98	60.6	4	13.0
2571.522	35.60	1.84	65.42	3.99	9.95	39.67	60.6	4	13.0
2571.626	34.88	1.88	65.48	3.97	9.94	39.48	60.3	4	15.0
2571.771	32.88	1.97	64.83	3.96	9.83	38.94	60.1	4	14.5
2571.831	34.13	1.91	65.25	3.97	9.86	39.13	60.0	4	13.5
2571.935	35.30	1.85	65.23	3.98	9.89	39.33	60.3	4	13.0
2572.080	34.35	1.89	64.91	3.94	9.89	38.96	60.0	4	14.5
2572.140	34.90	1.87	65.28	3.99	9.91	39.51	60.5	4	13.5
2572.244	35.57	1.81	64.37	3.94	9.83	38.74	60.2	4	13.0
2572.389	33.85	1.91	64.82	3.93	9.86	38.77	59.8	4	15.0
2572.449	32.97	1.95	64.27	3.94	9.84	38.79	60.4	4	14.5
2572.553	34.19	1.91	65.18	3.97	9.91	39.35	60.4	4	13.0
2572.698	35.61	1.81	64.49	3.95	9.89	39.09	60.6	4	13.5
2572.758	35.80	1.79	64.04	3.94	9.84	38.75	60.5	4	13.0
2572.862	35.10	1.82	63.88	3.92	9.84	38.58	60.4	4	14.5
2573.007	32.84	1.96	64.31	3.97	9.91	39.36	61.2	4	13.5
2573.067	34.11	1.90	64.64	3.97	9.89	39.31	60.8	4	13.5
2573.171	35.47	1.83	64.88	3.94	9.82	38.73	59.7	4	13.0
2573.316	34.28	1.90	65.26	3.96	9.89	39.18	60.0	4	14.5
2573.376	33.46	1.95	65.10	3.99	9.91	39.51	60.7	4	14.5
2573.480	33.37	1.96	65.46	3.99	9.96	39.68	60.6	4	13.5
2573.625	35.38	1.86	65.83	3.94	9.92	39.14	59.5	4	13.0
2573.685	34.99	1.88	65.93	3.95	9.95	39.33	59.7	4	14.0
2573.789	34.52	1.92	66.29	4.00	9.99	39.94	60.2	4	13.5
2573.934	35.70	1.83	65.41	3.93	9.89	38.82	59.3	4	13.0
2573.994	34.81	1.89	65.63	3.96	9.91	39.20	59.7	4	14.5
2574.098	33.20	1.97	65.35	3.98	9.88	39.36	60.2	4	15.0
2574.243	35.02	1.88	65.69	3.95	9.87	38.94	59.3	4	13.5
2574.303	35.47	1.85	65.62	3.96	9.88	39.13	59.6	4	14.0
2574.407	33.90	1.94	65.87	3.99	9.92	39.54	60.0	4	13.5
2574.552	35.20	1.88	66.29	4.02	9.94	39.98	60.3	4	15.0
2574.612	33.96	1.94	65.72	3.99	9.89	39.51	60.1	4	14.5
2574.716	33.79	1.94	65.40	3.99	9.90	39.51	60.4	4	13.5
2574.861	35.78	1.79	64.07	3.94	9.75	38.39	59.9	4	13.0
2574.921	36.05	1.75	63.22	3.92	9.71	38.06	60.2	4	13.0
2575.025	36.25	1.75	63.34	3.92	9.69	38.00	60.0	4	13.0
2575.170	34.24	1.85	63.48	3.96	9.75	38.57	60.8	4	15.0
2575.230	33.16	1.92	63.72	3.95	9.80	38.75	60.8	4	15.0
2575.334	34.23	1.87	64.04	3.93	9.82	38.57	60.2	4	13.0
2575.479	33.82	1.92	64.84	3.94	9.88	38.90	60.0	4	14.5
2575.539	32.97	1.95	64.38	3.96	9.89	39.15	60.8	4	14.5
2575.643	34.84	1.87	65.02	4.00	9.89	39.58	60.9	4	13.5
2575.788	34.77	1.89	65.67	4.00	9.96	39.80	60.6	4	13.0
2575.848	35.35	1.85	65.37	3.98	9.92	39.48	60.4	4	13.0
2575.952	35.85	1.82	65.14	3.97	9.89	39.22	60.2	4	13.5
2576.097	35.33	1.85	65.39	4.00	9.91	39.67	60.7	4	13.0
2576.157	35.69	1.81	64.59	3.96	9.82	38.93	60.3	4	13.0
2576.261	34.40	1.89	65.09	3.98	9.90	39.42	60.6	4	15.0
2576.406	33.76	1.93	65.08	3.98	9.94	39.53	60.7	4	13.5
2576.466	34.75	1.87	65.07	3.98	9.88	39.33	60.5	4	13.5
2576.570	35.61	1.82	64.63	3.97	9.82	38.93	60.2	4	13.5
2576.715	34.08	1.90	64.59	3.99	9.86	39.33	60.9	4	14.5
2576.775	33.10	1.95	64.46	3.98	9.84	39.18	60.8	4	14.5
2576.879	34.23	1.90	65.07	3.98	9.89	39.35	60.5	4	13.0
2577.024	35.61	1.84	65.69	3.97	9.91	39.31	59.8	4	13.0
2577.084	35.83	1.83	65.58	3.96	9.91	39.29	59.9	4	13.0
2577.188	34.32	1.90	65.37	3.99	9.93	39.63	60.6	4	14.5
2577.333	35.12	1.86	65.40	3.98	9.94	39.53	60.4	4	13.0
2577.393	35.56	1.83	65.20	3.99	9.89	39.46	60.5	4	13.0
2577.497	35.78	1.83	65.40	3.99	9.92	39.52	60.4	4	14.5
2577.642	34.73	1.88	65.45	3.96	9.90	39.27	60.0	4	13.0
2577.702	35.30	1.85	65.24	3.95	9.89	39.08	59.9	4	13.0
2577.806	35.73	1.83	65.31	3.96	9.88	39.17	60.0	4	13.0
2577.951	33.42	1.93	64.66	3.98	9.89	39.39	60.9	4	15.0
2578.011	32.75	1.96	64.35	3.98	9.87	39.30	61.1	4	14.5
2578.115	34.70	1.88	65.36	3.97	9.90	39.28	60.1	4	13.5
2578.260	35.81	1.81	64.71	3.96	9.82	38.90	60.1	4	13.0
2578.320	35.90	1.77	63.53	3.94	9.79	38.57	60.7	4	13.5
2578.424	33.71	1.90	64.16	3.99	9.88	39.40	61.4	4	14.5
2578.569	34.50	1.87	64.65	3.97	9.85	39.12	60.5	4	13.0
2578.629	35.18	1.85	65.09	3.99	9.89	39.47	60.6	4	13.0
2578.733	35.86	1.81	65.04	3.97	9.87	39.14	60.2	4	13.0
2578.878	35.03	1.86	65.30	3.99	9.93	39.64	60.7	4	13.0
2578.938	35.61	1.82	64.89	3.96	9.86	39.02	60.1	4	13.5
2579.042	34.65	1.89	65.46	3.99	9.94	39.61	60.5	4	14.5
2579.187	34.92	1.87	65.25	3.99	9.91	39.54	60.6	4	13.5
2579.247	35.34	1.85	65.38	3.98	9.91	39.41	60.3	4	13.5
2579.351	34.67	1.87	64.85	3.96	9.89	39.17	60.4	4	14.0
2579.496	35.77	1.83	65.51	3.98	9.94	39.50	60.3	4	13.0
2579.556	35.92	1.82	65.46	3.98	9.93	39.47	60.3	4	14.0
2579.660	35.08	1.87	65.59	3.98	9.93	39.56	60.3	4	13.5
2579.805	35.94	1.82	65.53	3.97	9.91	39.35	60.0	4	13.5
2579.865	34.52	1.90	65.48	3.98	9.92	39.45	60.2	4	14.5
2579.969	32.99	1.96	64.83	3.99	9.89	39.41	60.8	4	14.5
2580.114	35.21	1.85	64.98	3.97	9.89	39.24	60.4	4	13.5
2580.174	35.43	1.85	65.41	3.98	9.92	39.51	60.4	4	13.0
2580.278	34.47	1.89	65.18	3.97	9.90	39.34	60.4	4	14.5
2580.423	33.45	1.95	65.36	3.98	9.93	39.55	60.5	4	13.0
2580.483	34.57	1.89	65.18	3.98	9.89	39.30	60.3	4	13.5
2580.587	35.47	1.84	65.09	3.97	9.87	39.18	60.2	4	13.5
2580.732	34.46	1.92	66.24	3.98	9.93	39.55	59.7	4	13.5
2580.792	35.14	1.88	66.17	4.00	9.95	39.78	60.1	4	13.0
2580.896	35.10	1.89	66.17	3.99	9.96	39.75	60.1	4	14.5
2581.041	35.23	1.88	66.37	4.02	10.01	40.19	60.6	4	13.0
2581.102	35.50	1.87	66.21	4.00	9.99	39.94	60.3	4	13.5
2581.206	34.80	1.92	66.81	4.03	10.01	40.35	60.4	4	13.5
2581.351	35.62	1.87	66.71	4.01	9.96	39.92	59.8	4	14.5
2581.411	34.55	1.93	66.76	4.03	9.98	40.23	60.3	4	14.0
2581.515	35.17	1.91	67.13	4.05	10.04	40.70	60.6	4	14.5
2581.660	34.57	1.94	67.15	4.06	10.00	40.56	60.4	4	13.0
2581.721	35.10	1.91	67.22	4.05	10.01	40.56	60.3	4	13.5
2581.825	35.65	1.87	66.55	4.02	9.96	40.03	60.2	4	13.0
2581.970	34.75	1.89	65.72	3.99	9.89	39.46	60.0	4	15.0
2582.030	34.17	1.92	65.58	4.00	9.92	39.64	60.4	4	13.0
2582.134	35.46	1.84	65.11	3.98	9.85	39.20	60.2	4	13.5
2582.279	34.34	1.90	65.38	4.00	9.90	39.58	60.5	4	14.5
2582.339	34.87	1.88	65.67	4.01	9.92	39.82	60.6	4	13.0
2582.443	35.30	1.87	65.85	4.02	9.92	39.88	60.6	4	15.0
2582.588	35.63	1.82	64.80	4.00	9.81	39.23	60.5	4	13.0
2582.648	34.81	1.87	65.19	4.03	9.83	39.61	60.8	4	15.0
2582.752	34.32	1.90	65.04	4.01	9.86	39.55	60.8	4	13.0
2582.897	35.75	1.82	65.00	4.03	9.83	39.61	60.9	4	13.5
2582.957	35.88	1.82	65.34	4.03	9.82	39.55	60.5	4	13.0
2583.061	34.04	1.92	65.19	4.02	9.86	39.65	60.8	4	14.5
2583.206	33.75	1.94	65.40	4.02	9.86	39.62	60.6	4	13.5
2583.266	34.84	1.88	65.45	4.01	9.86	39.55	60.4	4	13.5
2583.370	35.59	1.83	65.18	3.99	9.83	39.23	60.2	4	13.0
2583.515	34.07	1.92	65.29	4.03	9.84	39.68	60.8	4	15.0
2583.575	33.09	1.95	64.61	4.02	9.78	39.35	60.9	4	15.0
2583.679	34.84	1.87	65.16	4.02	9.81	39.40	60.5	4	13.5
2583.824	35.81	1.81	64.91	4.01	9.78	39.26	60.5	4	13.5
2583.884	35.87	1.82	65.47	4.03	9.83	39.60	60.5	4	14.5
2583.988	33.58	1.94	65.27	4.03	9.81	39.52	60.6	4	15.0
2584.133	34.99	1.86	65.00	4.02	9.79	39.40	60.6	4	13.5
2584.193	35.49	1.83	64.79	4.01	9.78	39.19	60.5	4	13.5
2584.297	34.25	1.91	65.28	4.05	9.82	39.76	60.9	4	15.0
2584.442	35.23	1.85	65.09	3.99	9.81	39.10	60.1	4	13.5
2584.502	35.61	1.81	64.46	4.00	9.79	39.11	60.7	4	13.5
2584.606	35.91	1.79	64.41	4.01	9.75	39.14	60.8	4	13.5
2584.751	33.57	1.94	65.05	4.02	9.82	39.47	60.7	4	14.5
2584.811	33.37	1.96	65.37	4.04	9.82	39.70	60.7	4	13.5
2584.915	35.08	1.86	65.29	4.05	9.80	39.64	60.7	4	13.5
2585.060	35.56	1.83	65.15	4.01	9.78	39.26	60.3	4	15.0
2585.120	33.73	1.91	64.43	4.01	9.72	38.96	60.5	4	15.0
2585.224	33.48	1.93	64.53	3.99	9.75	38.92	60.3	4	13.5
2585.369	35.61	1.81	64.38	3.99	9.73	38.80	60.3	4	13.5
2585.429	35.88	1.80	64.52	3.99	9.75	38.92	60.3	4	13.5
2585.533	34.73	1.89	65.75	4.04	9.85	39.81	60.5	4	15.0
2585.678	33.80	1.93	65.19	4.03	9.86	39.69	60.9	4	13.5
2585.738	34.80	1.88	65.31	4.04	9.83	39.68	60.8	4	13.0
2585.842	35.63	1.82	64.93	4.03	9.81	39.53	60.9	4	13.5
2585.987	34.06	1.92	65.55	4.04	9.80	39.53	60.3	4	15.0
2586.047	33.65	1.95	65.69	4.02	9.82	39.48	60.1	4	13.5
2586.151	35.17	1.86	65.58	4.02	9.84	39.59	60.4	4	13.0
2586.296	34.14	1.92	65.68	4.05	9.87	39.98	60.9	4	13.5
2586.356	35.11	1.86	65.28	4.02	9.85	39.64	60.7	4	13.5
2586.460	35.81	1.82	65.33	4.01	9.80	39.29	60.1	4	14.0
2586.605	33.44	1.95	65.15	4.05	9.87	39.95	61.3	4	14.5
2586.665	34.51	1.90	65.52	4.03	9.86	39.74	60.7	4	13.5
2586.769	35.41	1.85	65.62	4.03	9.82	39.58	60.3	4	13.0
2586.914	35.91	1.82	65.29	4.00	9.79	39.20	60.0	4	13.0
2586.974	35.00	1.87	65.56	4.03	9.82	39.58	60.4	4	14.5
2587.078	33.66	1.95	65.54	4.04	9.77	39.50	60.3	4	13.5
2587.223	35.43	1.83	64.80	4.06	9.75	39.57	61.1	4	13.5
2587.283	35.79	1.80	64.54	4.02	9.74	39.15	60.7	4	13.5
2587.387	34.75	1.88	65.41	4.03	9.81	39.48	60.4	4	14.5
2587.532	34.78	1.90	66.14	4.05	9.88	40.03	60.5	4	13.0
2587.592	35.31	1.86	65.81	4.02	9.86	39.64	60.2	4	13.5
2587.696	34.09	1.92	65.40	4.04	9.87	39.91	61.0	4	14.0
2587.841	35.52	1.83	65.08	4.07	9.83	40.03	61.5	4	13.5
2587.901	35.82	1.81	64.82	4.04	9.81	39.60	61.1	4	13.5
2588.005	34.27	1.91	65.50	4.05	9.85	39.85	60.8	4	13.5
2588.150	35.78	1.81	64.89	4.01	9.80	39.31	60.6	4	13.0
2588.210	35.67	1.82	64.98	4.02	9.81	39.38	60.6	4	15.0
2588.314	33.50	1.93	64.52	4.02	9.76	39.28	60.9	4	14.5
2588.459	35.03	1.85	64.91	4.04	9.78	39.46	60.8	4	13.0
2588.519	35.57	1.82	64.67	4.03	9.78	39.47	61.0	4	13.5
2588.623	35.17	1.85	64.92	4.04	9.82	39.65	61.1	4	14.5
2588.768	34.85	1.88	65.37	4.02	9.84	39.57	60.5	4	14.5
2588.828	35.17	1.85	65.16	4.04	9.81	39.59	60.8	4	13.5
2588.932	35.86	1.81	64.84	4.03	9.76	39.33	60.6	4	13.5
2589.077	35.14	1.85	65.12	4.06	9.79	39.73	61.0	4	13.0
2589.137	35.56	1.82	64.69	4.05	9.76	39.57	61.2	4	13.5
2589.241	33.86	1.90	64.49	4.06	9.79	39.73	61.6	4	14.0
2589.386	35.50	1.79	63.61	3.97	9.73	38.67	60.8	4	13.0
2589.446	35.82	1.77	63.54	3.99	9.73	38.78	61.0	4	14.0
2589.550	33.44	1.93	64.45	4.00	9.74	38.91	60.4	4	14.5
2589.695	34.77	1.87	65.08	4.03	9.79	39.45	60.6	4	13.5
2589.755	35.36	1.83	64.84	4.03	9.78	39.38	60.7	4	13.5
2589.859	36.02	1.79	64.57	4.04	9.74	39.37	61.0	4	13.5
2590.004	33.62	1.93	64.78	4.03	9.76	39.32	60.7	4	14.5
2590.064	33.37	1.95	65.13	4.06	9.80	39.81	61.1	4	13.5
2590.168	35.21	1.84	64.74	4.05	9.75	39.51	61.0	4	13.0
2590.313	35.09	1.85	64.92	4.06	9.80	39.77	61.3	4	14.5
2590.373	34.78	1.87	65.13	4.04	9.82	39.67	60.9	4	13.5
2590.477	35.47	1.83	64.78	4.01	9.82	39.37	60.8	4	13.0
2590.622	33.35	1.95	65.08	4.03	9.81	39.57	60.8	4	15.0
2590.682	33.53	1.95	65.30	4.03	9.81	39.56	60.6	4	13.0
2590.786	34.93	1.86	64.97	4.05	9.79	39.60	61.0	4	13.0
2590.931	35.85	1.82	65.07	4.06	9.74	39.50	60.7	4	14.5
2590.991	34.44	1.89	65.21	4.09	9.76	39.87	61.1	4	14.5
2591.095	33.81	1.93	65.37	4.11	9.82	40.36	61.7	4	13.0
2591.240	35.73	1.81	64.51	4.07	9.71	39.56	61.3	4	13.0
2591.300	36.15	1.77	64.16	4.03	9.65	38.92	60.7	4	13.0
2591.404	34.52	1.86	64.21	4.04	9.70	39.19	61.0	4	14.5
2591.549	33.46	1.94	64.89	4.07	9.74	39.60	61.0	4	13.0
2591.609	34.64	1.86	64.60	4.05	9.70	39.27	60.8	4	13.0
2591.713	35.50	1.81	64.26	4.07	9.70	39.49	61.5	4	13.5
2591.858	35.89	1.80	64.51	4.08	9.67	39.48	61.2	4	14.5
2591.918	34.46	1.89	64.99	4.11	9.73	39.99	61.5	4	14.5
2592.022	33.94	1.93	65.44	4.14	9.74	40.26	61.5	4	13.5
2592.167	35.80	1.79	64.05	4.12	9.59	39.52	61.7	4	13.5
2592.227	34.75	1.85	64.18	4.14	9.63	39.88	62.1	4	15.0
2592.331	34.38	1.88	64.47	4.13	9.60	39.61	61.4	4	13.5
2592.476	35.96	1.77	63.58	4.14	9.48	39.27	61.8	4	13.0
2592.536	35.89	1.79	64.37	4.34	9.30	40.33	62.7	4	16.0
2592.640	34.86	1.85	64.48	4.51	9.14	41.24	64.0	4	14.0
2592.785	35.93	1.79	64.49	4.31	9.33	40.18	62.3	4	13.5
2592.845	36.15	1.75	63.20	4.22	9.28	39.17	62.0	4	13.5
2592.949	35.08	1.82	63.86	4.27	9.35	39.90	62.5	4	16.0
2593.094	34.95	1.85	64.65	4.80	8.77	42.11	65.1	4	15.0
2593.154	35.36	1.83	64.66	5.02	8.59	43.09	66.6	4	16.0
2593.258	33.07	1.94	64.17	5.22	8.26	43.13	67.2	4	16.5
2593.403	34.63	1.88	65.02	5.83	7.89	45.98	70.7	4	18.0
2593.463	34.40	1.89	65.10	6.03	7.72	46.59	71.6	4	19.0
2593.567	34.85	1.91	66.73	6.45	7.43	47.91	71.8	4	18.5
2593.712	34.42	1.94	66.61	6.89	7.08	48.79	73.2	4	19.0
2593.772	34.71	1.91	66.38	7.14	6.73	48.04	72.4	4	19.5
2593.876	35.05	1.85	64.89	7.31	6.67	48.79	75.2	4	21.0
2594.021	33.19	1.94	64.46	7.49	6.41	48.06	74.6	4	19.5
2594.081	34.30	1.89	64.78	7.56	6.42	48.60	75.0	4	20.0
2594.185	35.09	1.87	65.55	7.72	6.34	48.98	74.7	4	20.0
2594.330	35.02	1.86	65.10	7.74	6.55	50.71	77.9	4	21.0
2594.390	34.91	1.89	65.85	7.90	6.35	50.15	76.2	4	22.0
2594.494	35.34	1.81	63.83	7.84	6.23	48.84	76.5	4	20.0
2594.639	33.92	1.92	65.15	7.96	6.32	50.25	77.1	4	21.5
2594.699	34.60	1.91	65.92	7.96	6.17	49.13	74.5	4	21.0
2594.803	35.12	1.88	66.11	8.02	6.43	51.55	78.0	4	21.5
2594.948	34.51	1.93	66.47	8.03	6.38	51.21	77.0	4	20.5
2595.008	34.63	1.92	66.41	8.11	6.36	51.56	77.6	4	21.5
2595.112	34.25	1.94	66.49	8.11	6.16	49.94	75.1	4	21.0
2595.257	35.47	1.84	65.15	8.06	6.25	50.39	77.4	4	21.0
2595.317	35.00	1.88	65.90	8.10	6.08	49.24	74.7	4	21.5
2595.421	34.63	1.91	66.27	8.05	6.41	51.59	77.8	4	22.0
2595.566	35.21	1.91	67.38	8.18	6.06	49.57	73.6	4	19.5
2595.626	35.21	1.91	67.16	8.06	6.07	48.98	72.9	4	21.0
2595.730	33.98	1.94	65.90	8.07	6.22	50.22	76.2	4	22.0
2595.875	34.47	1.92	66.22	8.00	6.06	48.47	73.2	4	21.0
2595.935	35.00	1.86	65.23	7.97	6.22	49.52	75.9	4	21.0
2596.039	33.85	1.93	65.19	7.98	6.15	49.13	75.4	4	21.5
2596.184	35.38	1.82	64.23	8.09	6.00	48.56	75.6	4	20.5
2596.244	34.49	1.91	65.71	8.05	6.10	49.12	74.8	4	22.5
2596.348	34.74	1.89	65.71	8.10	6.31	51.10	77.8	4	20.5
2596.493	34.62	1.91	66.20	8.04	6.34	50.92	76.9	4	21.5
2596.553	33.94	1.95	66.07	8.08	6.16	49.77	75.3	4	21.0
2596.657	34.39	1.93	66.44	8.03	6.38	51.24	77.1	4	21.5
2596.802	34.39	1.95	67.10	8.00	6.51	52.07	77.6	4	21.0
2596.862	34.42	1.95	66.97	8.11	6.39	51.84	77.4	4	21.0
2596.966	35.31	1.87	65.88	7.99	6.27	50.11	76.1	4	21.0
2597.111	34.82	1.91	66.35	8.01	6.38	51.10	77.0	4	21.5
2597.171	34.74	1.93	67.17	8.12	6.32	51.29	76.4	4	20.5
2597.275	34.97	1.92	67.22	8.01	6.38	51.14	76.1	4	21.5
2597.420	34.87	1.92	67.11	8.00	6.41	51.30	76.4	4	21.0
2597.480	35.21	1.92	67.46	8.07	6.31	50.90	75.5	4	20.5
2597.584	34.44	1.94	66.90	8.04	6.29	50.55	75.6	4	22.0
2597.729	35.18	1.84	64.76	7.91	6.15	48.68	75.2	4	21.0
2597.789	34.57	1.91	66.11	7.86	6.49	51.03	77.2	4	21.5
2597.893	33.82	1.97	66.75	8.00	6.18	49.45	74.1	4	21.0
2598.038	34.76	1.91	66.49	7.98	6.35	50.69	76.2	4	20.5
2598.098	34.52	1.91	65.90	8.02	6.26	50.25	76.2	4	22.5
2598.202	34.28	1.90	65.15	7.95	6.30	50.10	76.9	4	20.0
2598.347	34.72	1.90	66.12	7.97	6.28	50.09	75.8	4	22.0
2598.407	33.83	1.94	65.62	7.87	6.42	50.49	76.9	4	21.5
2598.511	34.58	1.89	65.47	7.94	6.19	49.19	75.1	4	20.5
2598.656	35.16	1.84	64.69	7.89	6.28	49.52	76.5	4	22.0
2598.716	33.29	1.92	63.75	7.81	6.18	48.24	75.7	4	22.0
2598.820	34.56	1.86	64.37	7.86	6.14	48.22	74.9	4	21.0
2598.965	34.51	1.92	66.18	7.92	6.38	50.54	76.4	4	21.5
2599.025	33.73	1.96	66.09	7.86	6.30	49.53	74.9	4	21.0
2599.129	34.66	1.93	66.76	7.91	6.36	50.26	75.3	4	20.0
2599.274	33.86	1.94	65.82	7.90	6.36	50.25	76.4	4	20.5
2599.334	34.75	1.87	64.88	7.99	6.16	49.26	75.9	4	20.0
2599.438	34.04	1.89	64.37	7.85	6.25	49.03	76.2	4	21.5
2599.583	34.43	1.92	65.97	7.88	6.46	50.91	77.2	4	21.5
2599.643	33.73	1.96	66.05	7.90	6.33	49.99	75.7	4	21.5
2599.747	35.08	1.87	65.44	7.87	6.23	49.08	75.0	4	19.5
2599.892	34.59	1.90	65.81	7.80	6.37	49.69	75.5	4	19.5
2599.952	34.12	1.91	65.02	7.74	6.29	48.64	74.8	4	21.5
2600.056	34.30	1.96	67.21	7.85	6.40	50.22	74.7	4	20.5
2600.201	34.51	1.94	66.95	7.82	6.50	50.86	76.0	4	22.5
2600.261	33.39	1.97	65.93	7.72	6.54	50.50	76.6	4	21.5
2600.365	34.75	1.89	65.64	7.76	6.44	50.00	76.2	4	20.5
2600.510	35.04	1.86	65.23	7.85	6.24	48.94	75.0	4	21.0
2600.570	34.69	1.91	66.32	7.86	6.41	50.44	76.1	4	20.0
2600.674	34.31	1.93	66.12	7.82	6.55	51.21	77.4	4	21.5
2600.819	35.33	1.86	65.61	7.75	6.30	48.84	74.4	4	20.5
2600.879	35.64	1.84	65.65	7.78	6.32	49.12	74.8	4	19.5
2600.983	34.24	1.92	65.58	7.77	6.31	49.01	74.7	4	21.5
2601.128	34.17	1.93	65.83	7.70	6.68	51.47	78.2	4	19.5
2601.188	34.82	1.89	65.74	7.72	6.55	50.58	76.9	4	21.0
2601.292	34.37	1.93	66.37	7.76	6.55	50.84	76.6	4	21.0
2601.437	35.43	1.86	65.90	7.71	6.37	49.06	74.4	4	20.0
2601.497	35.41	1.86	65.84	7.79	6.30	49.11	74.6	4	21.0
2601.601	34.27	1.93	66.29	7.72	6.48	50.08	75.5	4	20.5
2601.746	35.08	1.85	65.04	7.70	6.33	48.72	74.9	4	19.0
2601.806	35.13	1.87	65.63	7.70	6.43	49.51	75.4	4	21.5
2601.910	34.85	1.88	65.67	7.65	6.36	48.65	74.1	4	20.5
2602.055	34.49	1.92	66.13	7.66	6.43	49.30	74.5	4	19.5
2602.115	35.00	1.88	65.89	7.64	6.49	49.55	75.2	4	21.0
2602.219	34.84	1.90	66.25	7.62	6.62	50.41	76.1	4	20.0
2602.364	34.30	1.91	65.39	7.67	6.63	50.88	77.8	4	19.5
2602.424	34.51	1.89	65.28	7.66	6.64	50.90	78.0	4	21.5
2602.528	33.41	1.96	65.52	7.61	6.55	49.86	76.1	4	20.5
2602.673	35.43	1.83	64.78	7.54	6.36	47.96	74.0	4	19.0
2602.733	35.74	1.82	64.88	7.53	6.39	48.08	74.1	4	20.0
2602.837	35.07	1.90	66.47	7.53	6.61	49.72	74.8	4	20.5
2602.982	34.44	1.94	66.76	7.46	6.77	50.49	75.6	4	20.5
2603.042	34.36	1.92	65.96	7.50	6.64	49.83	75.6	4	21.0
2603.146	34.71	1.89	65.72	7.53	6.56	49.42	75.2	4	20.0
2603.291	34.31	1.92	65.85	7.56	6.50	49.09	74.5	4	19.5
2603.351	35.13	1.88	66.03	7.46	6.48	48.33	73.2	4	20.5
2603.455	35.33	1.86	65.75	7.38	6.61	48.81	74.2	4	19.0
2603.600	33.61	1.93	64.77	7.35	6.71	49.29	76.1	4	21.0
2603.660	34.01	1.94	65.85	7.41	6.78	50.22	76.3	4	21.0
2603.764	33.66	1.95	65.68	7.43	6.55	48.68	74.1	4	19.5
2603.909	35.21	1.87	65.83	7.27	6.73	48.97	74.4	4	19.5
2603.969	35.34	1.88	66.44	7.34	6.86	50.38	75.8	4	20.5
2604.073	34.13	1.93	65.91	7.39	6.58	48.62	73.8	4	20.5
2604.218	34.84	1.89	65.90	7.38	6.70	49.47	75.1	4	19.5
2604.278	34.10	1.90	64.69	7.37	6.74	49.71	76.9	4	21.0
2604.382	33.62	1.94	65.26	7.35	6.67	49.04	75.1	4	20.5
2604.527	33.91	1.91	64.74	7.32	6.66	48.77	75.3	4	21.0
2604.587	33.68	1.92	64.51	7.37	6.59	48.58	75.3	4	20.0
2604.691	35.16	1.84	64.60	7.26	6.66	48.31	74.8	4	20.0
2604.836	35.34	1.84	65.10	7.32	6.60	48.29	74.2	4	19.0
2604.896	34.96	1.85	64.75	7.30	6.62	48.33	74.6	4	20.5
2605.000	34.83	1.86	64.81	7.32	6.65	48.62	75.0	4	19.0
2605.145	34.59	1.92	66.38	7.33	6.64	48.70	73.4	4	19.0
2605.205	34.03	1.93	65.73	7.23	6.80	49.18	74.8	4	20.5
2605.309	34.71	1.90	65.94	7.28	6.61	48.11	73.0	4	20.0
2605.454	34.77	1.90	66.04	7.37	6.68	49.24	74.6	4	19.5
2605.514	34.93	1.91	66.62	7.33	6.80	49.87	74.9	4	19.5
2605.618	35.61	1.85	65.72	7.25	6.70	48.51	73.8	4	18.5
2605.763	34.47	1.88	64.95	7.25	6.68	48.44	74.6	4	21.5
2605.823	33.83	1.90	64.31	7.26	6.47	46.98	73.1	4	20.0
2605.927	34.53	1.92	66.16	7.20	6.84	49.24	74.4	4	19.0
2606.072	35.44	1.87	66.29	7.25	6.73	48.77	73.6	4	20.0
2606.132	34.14	1.94	66.15	7.15	6.94	49.59	75.0	4	20.0
2606.236	35.17	1.86	65.57	7.18	6.76	48.53	74.0	4	18.5
2606.381	34.67	1.84	63.63	7.06	6.80	48.02	75.5	4	21.0
2606.441	32.89	1.91	62.93	6.95	6.89	47.88	76.1	4	20.5
2606.545	34.54	1.83	63.05	7.03	6.56	46.16	73.2	4	19.0
2606.690	35.80	1.76	63.09	6.90	6.70	46.20	73.2	4	18.0
2606.750	35.96	1.77	63.62	6.81	7.03	47.87	75.2	4	19.0
2606.854	34.16	1.91	65.16	6.87	7.08	48.61	74.6	4	19.0
2606.999	34.27	1.92	65.81	7.01	6.89	48.27	73.3	4	20.0
2607.059	34.09	1.94	66.22	7.02	6.99	49.10	74.1	4	19.0
2607.163	34.72	1.90	66.11	7.14	6.68	47.69	72.1	4	19.5
2607.308	34.54	1.92	66.40	7.07	6.89	48.72	73.4	4	18.0
2607.368	35.20	1.83	64.26	7.07	6.77	47.85	74.5	4	20.0
2607.472	34.01	1.91	65.10	7.08	6.87	48.63	74.7	4	19.0
2607.617	35.01	1.86	65.29	7.14	6.67	47.60	72.9	4	19.0
2607.677	34.92	1.89	65.84	7.05	7.08	49.90	75.8	4	20.0
2607.781	35.29	1.81	64.02	7.07	6.79	48.01	75.0	4	20.0
2607.926	35.10	1.86	65.45	7.08	6.56	46.41	70.9	4	19.5
2607.986	35.05	1.88	66.04	7.17	6.53	46.82	70.9	4	20.0
2608.090	34.79	1.91	66.57	7.08	6.84	48.40	72.7	4	19.5
2608.235	35.06	1.86	65.38	7.05	6.69	47.15	72.1	4	19.0
2608.295	35.49	1.84	65.25	7.12	6.72	47.86	73.4	4	19.0
2608.399	34.55	1.92	66.48	7.10	6.79	48.24	72.6	4	19.0
2608.544	35.08	1.89	66.22	6.94	7.09	49.27	74.4	4	19.0
2608.604	35.30	1.84	65.01	7.00	6.48	45.39	69.8	4	18.0
2608.708	35.12	1.89	66.41	7.07	6.07	42.96	64.7	4	19.5
2608.853	35.28	1.87	65.97	7.21	6.25	45.12	68.4	4	20.0
2608.913	34.72	1.91	66.21	7.16	6.56	46.96	70.9	4	19.0
2609.017	35.19	1.88	66.09	7.00	7.23	50.62	76.6	4	19.5
2609.162	34.76	1.93	67.02	6.91	7.46	51.57	77.0	4	18.5
2609.222	35.07	1.92	67.19	6.80	7.51	51.07	76.0	4	19.5
2609.326	34.97	1.92	67.17	6.81	7.79	52.98	78.9	4	18.5
2609.471	34.73	1.92	66.64	7.03	7.18	50.49	75.8	4	20.0
2609.531	34.66	1.91	66.06	7.09	6.85	48.61	73.6	4	20.0
2609.635	34.83	1.89	65.82	7.17	6.31	45.25	68.8	4	18.5
2609.780	35.27	1.86	65.57	6.95	6.51	45.19	68.9	4	18.5
2609.840	35.78	1.76	63.14	6.89	6.63	45.70	72.4	4	18.5
2609.944	34.93	1.89	65.89	7.01	6.76	47.39	71.9	4	18.5
2610.089	34.23	1.96	66.91	6.88	7.10	48.85	73.0	4	19.0
2610.149	34.89	1.89	66.00	6.94	6.94	48.16	73.0	4	19.5
2610.253	34.44	1.94	66.84	6.88	7.03	48.38	72.4	4	18.5
2610.398	35.45	1.84	65.13	6.78	6.96	47.12	72.4	4	18.0
2610.458	35.86	1.76	62.95	6.66	6.86	45.73	72.6	4	18.0
2610.562	33.20	1.88	62.41	6.65	7.01	46.61	74.7	4	20.0
2610.707	35.21	1.77	62.48	6.67	6.85	45.67	73.1	4	17.5
2610.767	35.60	1.75	62.26	6.61	6.89	45.55	73.2	4	18.0
2610.871	34.46	1.88	64.69	6.64	7.07	46.95	72.6	4	19.5
2611.016	35.11	1.86	65.36	6.78	7.11	48.21	73.8	4	18.0
2611.076	34.31	1.90	65.37	6.72	7.09	47.70	73.0	4	19.5
2611.180	34.67	1.88	65.30	6.74	6.99	47.11	72.1	4	20.0
2611.325	34.49	1.90	65.52	6.74	7.04	47.47	72.5	4	20.0
2611.385	34.18	1.93	65.96	6.80	6.97	47.37	71.8	4	18.0
2611.489	35.14	1.83	64.40	6.76	6.99	47.25	73.4	4	18.5
2611.634	34.96	1.84	64.35	6.75	7.00	47.24	73.4	4	18.5
2611.694	34.14	1.92	65.48	6.76	6.96	47.04	71.8	4	20.5
2611.798	34.13	1.92	65.65	6.71	7.25	48.67	74.1	4	18.5
2611.943	34.80	1.89	65.74	6.72	7.18	48.27	73.4	4	19.5
2612.003	34.71	1.92	66.81	6.86	7.06	48.41	72.5	4	18.5
2612.107	34.94	1.92	67.00	6.89	7.01	48.25	72.0	4	18.5
2612.252	34.42	1.88	64.71	6.68	7.11	47.45	73.3	4	20.0
2612.312	33.86	1.93	65.36	6.71	7.06	47.36	72.5	4	18.0
2612.416	34.64	1.90	65.88	6.75	7.09	47.86	72.6	4	18.5
2612.561	34.40	1.89	65.11	6.67	7.16	47.74	73.3	4	19.0
2612.621	34.70	1.90	66.07	6.71	7.25	48.64	73.6	4	20.0
2612.725	34.82	1.89	65.83	6.71	7.17	48.07	73.0	4	18.5
2612.870	33.93	1.92	65.07	6.66	7.11	47.31	72.7	4	17.5
2612.930	34.39	1.87	64.37	6.67	7.09	47.32	73.5	4	18.0
2613.034	35.16	1.86	65.27	6.67	7.05	47.03	72.1	4	19.5
2613.179	35.00	1.85	64.60	6.55	7.07	46.27	71.6	4	20.0
2613.239	34.41	1.88	64.86	6.57	7.07	46.45	71.6	4	18.5
2613.343	35.36	1.84	65.07	6.61	7.17	47.38	72.8	4	18.0
2613.488	33.88	1.93	65.55	6.62	7.06	46.76	71.3	4	18.0
2613.548	33.94	1.92	65.01	6.61	7.01	46.37	71.3	4	18.5
2613.652	34.50	1.89	65.24	6.61	7.21	47.66	73.1	4	19.0
2613.797	34.72	1.90	66.03	6.59	7.36	48.53	73.5	4	19.5
2613.857	34.36	1.92	66.04	6.69	7.16	47.91	72.5	4	19.0
2613.961	34.66	1.88	65.10	6.65	7.16	47.60	73.1	4	17.5
2614.106	33.64	1.92	64.43	6.59	7.07	46.60	72.3	4	20.0
2614.166	33.72	1.90	64.01	6.58	7.10	46.70	73.0	4	18.5
2614.270	34.99	1.85	64.76	6.60	7.01	46.26	71.4	4	18.0
2614.415	34.11	1.90	64.80	6.50	7.24	47.12	72.7	4	19.5
2614.475	34.19	1.90	64.93	6.57	7.15	46.97	72.3	4	18.5
2614.579	34.24	1.92	65.79	6.59	7.33	48.34	73.5	4	18.0
2614.724	34.20	1.90	64.92	6.59	7.18	47.36	72.9	4	20.5
2614.784	33.62	1.90	63.94	6.50	7.18	46.69	73.0	4	18.5
2614.888	35.42	1.79	63.31	6.40	7.02	44.87	70.9	4	17.0
2615.033	34.52	1.88	64.73	6.47	7.28	47.09	72.8	4	19.5
2615.093	34.25	1.88	64.28	6.49	7.26	47.08	73.2	4	19.0
2615.197	34.07	1.91	65.02	6.46	7.24	46.80	72.0	4	19.0
2615.342	34.68	1.89	65.54	6.50	7.25	47.12	71.9	4	19.0
2615.402	34.40	1.91	65.81	6.58	7.15	47.03	71.5	4	19.5
2615.506	33.74	1.94	65.28	6.52	7.33	47.84	73.3	4	18.5
2615.651	35.22	1.82	64.25	6.44	7.22	46.52	72.4	4	17.0
2615.711	34.86	1.84	64.07	6.45	7.20	46.48	72.5	4	19.0
2615.815	33.38	1.94	64.62	6.50	7.16	46.55	72.0	4	19.5
2615.960	34.60	1.87	64.62	6.49	7.14	46.38	71.8	4	18.0
2616.020	35.07	1.85	65.05	6.56	7.12	46.71	71.8	4	18.5
2616.124	34.18	1.91	65.26	6.53	7.01	45.75	70.1	4	19.0
2616.269	34.56	1.89	65.37	6.54	7.23	47.25	72.3	4	19.0
2616.329	34.68	1.92	66.58	6.60	7.25	47.87	71.9	4	19.0
2616.433	34.79	1.87	65.17	6.60	7.20	47.48	72.9	4	18.5
2616.578	35.18	1.83	64.32	6.56	7.13	46.73	72.6	4	18.0
2616.638	34.91	1.88	65.68	6.54	7.14	46.72	71.1	4	18.0
2616.742	35.21	1.89	66.41	6.57	7.31	48.02	72.3	4	19.5
2616.887	34.77	1.91	66.54	6.60	7.31	48.20	72.4	4	18.0
2616.947	34.24	1.93	65.98	6.48	7.37	47.79	72.4	4	18.5
2617.051	34.76	1.91	66.26	6.53	7.33	47.82	72.2	4	18.5
2617.196	35.13	1.84	64.58	6.53	7.20	46.99	72.8	4	18.0
2617.256	34.51	1.90	65.68	6.50	7.31	47.48	72.3	4	18.5
2617.360	34.09	1.93	65.74	6.52	7.11	46.38	70.6	4	17.0
2617.505	34.43	1.93	66.36	6.48	7.34	47.57	71.7	4	18.0
2617.565	34.84	1.90	66.11	6.44	7.21	46.39	70.2	4	18.0
2617.669	34.54	1.89	65.11	6.51	7.05	45.91	70.5	4	18.0
2617.814	34.22	1.91	65.26	6.54	7.25	47.41	72.6	4	18.0
2617.874	34.10	1.94	66.23	6.46	7.37	47.61	71.9	4	18.0
2617.978	34.52	1.96	67.69	6.48	7.45	48.32	71.4	4	18.0
2618.123	34.01	1.93	65.54	6.53	7.22	47.18	72.0	4	18.0
2618.183	34.18	1.89	64.75	6.45	7.21	46.47	71.8	4	18.0
2618.287	35.11	1.84	64.73	6.51	7.11	46.27	71.5	4	18.5
2618.432	35.19	1.86	65.56	6.52	7.00	45.64	69.6	4	18.5
2618.492	34.77	1.89	65.78	6.55	7.01	45.90	69.8	4	18.0
2618.596	34.15	1.91	65.32	6.49	7.00	45.49	69.6	4	18.0
2618.741	34.55	1.90	65.78	6.45	7.25	46.76	71.1	4	18.0
2618.801	34.74	1.86	64.66	6.48	7.24	46.91	72.6	4	19.0
2618.905	34.33	1.87	64.21	6.51	7.17	46.64	72.6	4	18.0
2619.050	34.61	1.86	64.28	6.66	6.90	45.97	71.5	4	18.5
2619.110	34.59	1.82	62.91	6.63	6.79	45.00	71.5	4	18.5
2619.214	34.53	1.84	63.60	6.64	6.81	45.21	71.1	4	18.0
2619.359	34.24	1.89	64.63	6.54	7.16	46.84	72.5	4	19.0
2619.419	33.27	1.92	63.93	6.48	7.08	45.86	71.7	4	18.5
2619.523	34.69	1.86	64.43	6.38	7.28	46.45	72.1	4	17.0
2619.668	34.43	1.88	64.57	6.33	7.34	46.46	72.0	4	18.5
2619.728	34.00	1.89	64.12	6.34	7.36	46.68	72.8	4	18.5
2619.832	35.08	1.79	62.90	6.27	7.18	45.02	71.6	4	17.5
2619.977	33.41	1.91	63.94	6.24	7.40	46.17	72.2	4	19.0
2620.037	33.76	1.91	64.35	6.34	7.24	45.92	71.4	4	17.5
2620.141	35.27	1.77	62.31	6.30	7.01	44.20	70.9	4	17.0
2620.286	35.15	1.84	64.55	6.29	7.13	44.91	69.6	4	20.0
2620.346	33.22	1.91	63.48	6.15	7.18	44.15	69.5	4	18.0
2620.450	34.36	1.88	64.53	6.29	7.34	46.13	71.5	4	17.5
2620.595	33.99	1.88	63.98	6.18	7.51	46.43	72.6	4	19.0
2620.655	34.27	1.87	64.21	6.23	7.42	46.23	72.0	4	17.0
2620.759	34.86	1.85	64.63	6.28	7.37	46.29	71.6	4	18.0
2620.904	34.75	1.83	63.47	6.37	7.13	45.43	71.6	4	18.5
2620.964	33.81	1.91	64.65	6.32	7.41	46.85	72.5	4	20.0
2621.068	34.25	1.84	62.96	6.23	7.30	45.46	72.2	4	18.0
2621.213	32.42	1.96	63.41	6.19	7.43	46.00	72.5	4	19.0
2621.273	33.58	1.89	63.64	6.29	7.29	45.88	72.1	4	17.5
2621.377	34.34	1.89	64.90	6.32	7.44	47.03	72.5	4	18.5
2621.522	34.46	1.89	65.10	6.33	7.25	45.94	70.6	4	18.0
2621.582	34.38	1.88	64.78	6.31	7.36	46.45	71.7	4	17.0
2621.686	33.84	1.90	64.35	6.30	7.57	47.67	74.1	4	18.5
2621.831	35.35	1.82	64.43	6.19	7.28	45.04	69.9	4	18.0
2621.891	34.28	1.89	64.91	6.31	7.10	44.77	69.0	4	19.0
2621.995	34.57	1.83	63.35	6.30	7.21	45.41	71.7	4	17.0
2622.140	34.59	1.89	65.26	6.24	7.45	46.45	71.2	4	16.5
2622.200	34.62	1.84	63.77	6.22	7.32	45.54	71.4	4	17.5
2622.304	34.30	1.85	63.53	6.32	7.16	45.25	71.2	4	18.0
2622.449	34.74	1.84	64.00	6.34	7.33	46.44	72.6	4	18.0
2622.509	33.95	1.88	63.98	6.24	7.46	46.60	72.8	4	18.0
2622.613	34.58	1.88	65.10	6.30	7.50	47.27	72.6	4	18.0
2622.758	35.21	1.84	64.68	6.28	7.39	46.36	71.7	4	18.5
2622.818	33.55	1.90	63.63	6.18	7.45	46.02	72.3	4	19.5
2622.922	34.10	1.92	65.50	6.23	7.52	46.84	71.5	4	16.5
2623.067	32.50	1.94	63.02	6.18	7.12	44.02	69.9	4	19.0
2623.127	33.31	1.90	63.41	6.22	7.27	45.26	71.4	4	18.0
2623.231	34.50	1.90	65.50	6.17	7.58	46.79	71.4	4	17.0
2623.376	34.05	1.87	63.83	6.18	7.54	46.62	73.0	4	18.5
2623.436	33.46	1.92	64.18	6.21	7.43	46.13	71.9	4	17.5
2623.540	34.81	1.84	63.97	6.27	7.38	46.27	72.3	4	17.5
2623.685	34.53	1.88	64.90	6.28	7.36	46.22	71.2	4	17.5
2623.745	34.42	1.88	64.72	6.25	7.33	45.81	70.8	4	18.5
2623.849	34.22	1.92	65.63	6.26	7.41	46.42	70.7	4	17.5
2623.994	34.86	1.89	65.96	6.32	7.40	46.78	70.9	4	18.0
2624.054	34.07	1.90	64.66	6.22	7.41	46.03	71.2	4	19.0
2624.158	34.46	1.88	64.78	6.33	7.33	46.40	71.6	4	17.5
2624.303	34.78	1.86	64.56	6.27	7.38	46.25	71.6	4	18.5
2624.363	33.41	1.92	64.18	6.27	7.23	45.29	70.6	4	18.5
2624.467	34.99	1.83	64.20	6.21	7.32	45.44	70.8	4	17.0
2624.612	34.52	1.86	64.32	6.23	7.31	45.55	70.8	4	17.5
2624.672	34.80	1.86	64.59	6.19	7.44	46.03	71.3	4	18.5
2624.776	34.06	1.92	65.56	6.27	7.41	46.47	70.9	4	18.5
2624.921	34.96	1.84	64.16	6.23	7.22	44.95	70.1	4	17.0
2624.981	35.21	1.79	63.02	6.08	7.40	44.99	71.4	4	18.0
2625.085	34.73	1.87	65.07	6.13	7.52	46.06	70.8	4	17.0
2625.230	33.24	1.92	63.67	6.12	7.30	44.65	70.1	4	18.0
2625.290	33.95	1.89	64.15	6.16	7.49	46.13	71.9	4	18.5
2625.394	34.43	1.90	65.25	6.09	7.67	46.74	71.6	4	16.5
2625.539	34.55	1.88	65.09	6.09	7.57	46.11	70.8	4	17.0
2625.599	35.20	1.81	63.81	6.19	7.30	45.17	70.8	4	18.5
2625.703	33.85	1.92	65.07	6.27	7.43	46.56	71.5	4	19.0
2625.848	34.97	1.83	64.12	6.14	7.39	45.38	70.8	4	16.5
2625.908	34.95	1.82	63.57	6.13	7.27	44.54	70.1	4	18.5
2626.012	34.70	1.84	63.98	6.20	7.40	45.89	71.7	4	17.5
2626.157	34.40	1.90	65.20	6.23	7.44	46.34	71.1	4	17.0
2626.217	34.99	1.85	64.59	6.18	7.45	46.09	71.4	4	17.5
2626.321	33.89	1.92	64.95	6.18	7.39	45.72	70.4	4	19.0
2626.466	34.52	1.88	64.78	6.20	7.47	46.28	71.4	4	18.0
2626.526	35.08	1.83	64.18	6.20	7.37	45.68	71.2	4	17.0
2626.630	35.51	1.79	63.50	6.07	7.45	45.27	71.3	4	18.0
2626.775	34.30	1.91	65.37	6.09	7.58	46.17	70.6	4	17.5
2626.835	33.78	1.90	64.21	6.14	7.60	46.66	72.7	4	19.5
2626.939	34.55	1.84	63.69	6.19	7.31	45.24	71.0	4	17.5
2627.084	34.99	1.89	65.96	6.22	7.56	47.06	71.4	4	17.0
2627.144	34.86	1.87	65.26	6.18	7.63	47.12	72.2	4	18.0
2627.248	34.73	1.87	65.06	6.20	7.64	47.37	72.8	4	17.5
2627.393	33.46	1.91	63.92	6.15	7.55	46.47	72.7	4	19.0
2627.453	33.51	1.93	64.70	6.16	7.61	46.89	72.5	4	18.0
2627.557	34.32	1.90	65.32	6.19	7.60	47.03	72.0	4	18.5
2627.702	35.25	1.84	64.93	6.27	7.22	45.28	69.7	4	19.0
2627.762	34.19	1.91	65.20	6.19	7.36	45.58	69.9	4	17.0
2627.866	34.66	1.90	65.74	6.15	7.64	46.95	71.4	4	19.0
2628.011	34.49	1.88	64.68	6.12	7.51	45.95	71.0	4	17.5
2628.071	34.96	1.86	64.93	6.08	7.59	46.16	71.1	4	18.0
2628.175	35.27	1.82	64.11	6.12	7.37	45.11	70.4	4	17.5
2628.320	34.30	1.89	64.89	6.14	7.54	46.26	71.3	4	17.5
2628.380	34.76	1.89	65.71	6.16	7.57	46.59	70.9	4	17.0
2628.484	34.60	1.87	64.84	6.17	7.40	45.70	70.5	4	17.5
2628.629	34.83	1.85	64.37	6.13	7.52	46.14	71.7	4	18.0
2628.689	34.31	1.89	64.85	6.14	7.55	46.37	71.5	4	17.5
2628.793	35.09	1.84	64.74	6.11	7.57	46.23	71.4	4	17.0
2628.938	33.51	1.90	63.71	6.11	7.47	45.64	71.6	4	18.5
2628.998	33.92	1.91	64.78	6.16	7.66	47.12	72.7	4	17.5
2629.102	34.65	1.85	64.10	6.16	7.39	45.53	71.0	4	17.5
2629.247	33.99	1.90	64.52	6.18	7.52	46.51	72.1	4	18.0
2629.307	34.01	1.93	65.70	6.17	7.70	47.47	72.2	4	18.5
2629.411	34.90	1.85	64.67	6.10	7.50	45.75	70.7	4	17.0
2629.556	33.37	1.93	64.45	6.05	7.63	46.15	71.6	4	19.0
2629.616	33.84	1.90	64.12	6.06	7.51	45.52	71.0	4	17.0
2629.720	35.35	1.81	64.02	5.92	7.63	45.19	70.6	4	15.5
2629.865	33.89	1.81	61.35	6.02	7.06	42.47	69.2	4	18.0
2629.925	34.12	1.85	63.28	5.96	7.51	44.78	70.8	4	16.0
2630.029	35.68	1.67	59.65	6.01	6.97	41.91	70.3	4	17.5
2630.174	33.92	1.84	62.27	5.96	7.32	43.61	70.0	4	17.5
2630.234	34.33	1.85	63.60	5.86	7.82	45.82	72.0	4	17.5
2630.338	34.18	1.91	65.43	5.95	7.82	46.52	71.1	4	17.0
2630.483	34.65	1.90	65.77	6.14	7.56	46.43	70.6	4	18.0
2630.543	34.54	1.88	64.95	6.18	7.37	45.58	70.2	4	18.0
2630.647	35.40	1.79	63.36	6.03	7.50	45.25	71.4	4	17.0
2630.792	34.78	1.82	63.17	6.09	7.34	44.69	70.7	4	17.5
2630.852	35.17	1.82	64.01	6.05	7.46	45.16	70.5	4	17.5
2630.956	34.84	1.86	64.95	6.13	7.55	46.27	71.2	4	18.0
2631.101	34.33	1.88	64.67	6.10	7.59	46.28	71.6	4	17.0
2631.161	34.92	1.82	63.40	6.10	7.41	45.22	71.3	4	18.0
2631.265	33.32	1.91	63.74	6.03	7.57	45.63	71.6	4	18.0
2631.410	32.19	1.95	62.89	5.94	7.34	43.58	69.3	4	19.0
2631.470	32.67	1.97	64.34	5.90	7.75	45.69	71.0	4	16.5
2631.574	34.23	1.91	65.29	5.91	7.94	46.90	71.8	4	16.0
2631.719	35.17	1.82	63.90	5.99	7.58	45.38	71.0	4	16.5
2631.779	35.13	1.85	65.02	6.13	7.43	45.52	70.0	4	19.0
2631.883	34.53	1.87	64.74	6.10	7.35	44.85	69.3	4	18.5
2632.028	35.32	1.81	63.89	6.10	7.26	44.28	69.3	4	18.5
2632.088	33.57	1.88	63.22	5.93	7.78	46.18	73.0	4	17.5
2632.192	34.06	1.87	63.67	6.03	7.37	44.48	69.8	4	18.5
2632.337	34.66	1.90	65.80	6.14	7.29	44.74	68.0	4	19.0
2632.397	34.29	1.91	65.63	6.05	7.59	45.93	70.0	4	16.5
2632.501	35.63	1.80	63.96	5.86	7.29	42.73	66.8	4	16.5
2632.646	34.82	1.90	66.28	5.72	8.37	47.91	72.3	4	17.0
2632.706	35.00	1.88	65.72	5.73	8.47	48.52	73.8	4	17.0
2632.810	35.10	1.89	66.50	5.69	8.57	48.77	73.3	4	18.0
2632.955	35.37	1.84	64.97	5.55	8.40	46.59	71.7	4	17.0
2633.015	34.26	1.86	63.60	5.80	7.82	45.37	71.3	4	19.0
2633.119	35.12	1.83	64.39	5.84	7.39	43.17	67.0	4	15.5
2633.264	34.91	1.82	63.49	5.79	7.60	44.01	69.3	4	16.5
2633.324	34.80	1.82	63.49	5.86	7.47	43.82	69.0	4	18.5
2633.428	34.71	1.83	63.62	5.90	7.48	44.18	69.4	4	18.0
2633.573	35.24	1.77	62.35	5.67	7.71	43.72	70.1	4	17.0
2633.633	35.07	1.82	63.71	5.81	7.43	43.18	67.8	4	16.0
2633.737	35.59	1.75	62.29	5.57	7.62	42.43	68.1	4	17.0
2633.882	33.27	1.92	63.75	5.73	7.49	42.93	67.3	4	16.5
2633.942	34.61	1.80	62.29	5.58	7.68	42.84	68.8	4	16.0
2634.046	33.52	1.88	62.94	5.63	7.99	44.94	71.4	4	18.0
2634.191	33.19	1.91	63.39	5.93	7.43	44.09	69.6	4	17.5
2634.251	34.16	1.87	63.93	6.04	7.19	43.37	67.9	4	17.5
2634.355	34.18	1.87	63.90	6.04	7.09	42.80	67.0	4	17.5
2634.500	35.08	1.87	65.62	5.97	7.79	46.51	70.9	4	16.5
2634.560	35.55	1.81	64.26	5.80	7.57	43.91	68.3	4	15.5
2634.664	34.12	1.90	64.91	5.64	8.09	45.61	70.3	4	16.5
2634.809	35.14	1.85	64.92	6.10	7.19	43.88	67.6	4	17.5
2634.869	34.73	1.90	66.09	6.06	7.85	47.54	71.9	4	18.5
2634.973	34.78	1.87	64.89	6.07	7.51	45.53	70.2	4	17.5
2635.118	35.23	1.83	64.47	6.01	7.49	44.99	69.8	4	17.5
2635.178	35.31	1.83	64.49	6.07	7.50	45.48	70.5	4	17.5
2635.282	34.25	1.92	65.92	6.04	7.79	47.00	71.3	4	17.5
2635.427	34.51	1.85	63.83	6.06	7.41	44.92	70.4	4	18.0
2635.487	34.54	1.86	64.32	6.03	7.60	45.82	71.2	4	17.5
2635.591	34.51	1.85	63.90	6.15	7.36	45.30	70.9	4	18.0
2635.736	33.56	1.94	64.94	6.05	7.60	45.95	70.8	4	18.5
2635.796	34.44	1.87	64.39	6.06	7.44	45.11	70.1	4	16.5
2635.900	33.59	1.88	63.22	6.01	7.40	44.45	70.3	4	18.5
2636.045	35.04	1.88	65.76	5.92	7.89	46.72	71.0	4	16.0
2636.105	35.63	1.76	62.82	5.88	7.43	43.69	69.6	4	17.0
2636.209	33.33	1.88	62.56	5.80	7.75	44.93	71.8	4	18.0
2636.354	33.96	1.88	64.02	5.98	7.52	44.98	70.3	4	17.5
2636.414	34.03	1.90	64.80	6.00	7.79	46.75	72.1	4	17.5
2636.518	34.73	1.87	65.04	5.95	7.70	45.86	70.5	4	16.5
2636.663	35.80	1.75	62.81	5.85	7.52	44.03	70.1	4	17.5
2636.723	34.42	1.86	63.99	5.93	7.44	44.13	69.0	4	19.0
2636.827	34.59	1.86	64.34	5.95	7.57	45.06	70.0	4	17.0
2636.972	33.46	1.93	64.59	5.95	7.74	46.05	71.3	4	16.5
2637.032	34.52	1.82	62.76	6.02	7.30	43.91	70.0	4	17.5
2637.136	35.59	1.80	63.90	5.82	7.67	44.65	69.9	4	15.5
2637.281	34.75	1.78	61.73	5.74	7.36	42.25	68.4	4	17.5
2637.341	32.88	1.88	61.82	5.64	7.62	42.98	69.5	4	17.5
2637.445	34.91	1.78	62.08	5.75	7.68	44.16	71.1	4	16.5
2637.590	35.16	1.86	65.28	5.79	7.44	43.09	66.0	4	15.0
2637.650	35.01	1.84	64.53	5.60	7.88	44.15	68.4	4	17.0
2637.754	34.07	1.89	64.51	5.95	7.39	43.95	68.1	4	19.0
2637.899	33.99	1.89	64.22	6.04	7.18	43.34	67.5	4	17.5
2637.959	34.46	1.87	64.55	6.10	7.33	44.69	69.2	4	17.0
2638.063	34.92	1.90	66.26	5.90	7.88	46.51	70.2	4	17.5
2638.208	34.90	1.87	65.38	6.04	7.53	45.52	69.6	4	18.5
2638.268	34.69	1.88	65.35	5.95	7.75	46.15	70.6	4	16.5
2638.372	34.82	1.82	63.31	5.99	7.45	44.62	70.5	4	19.5
2638.517	34.08	1.87	63.83	5.82	7.53	43.85	68.7	4	16.0
2638.577	34.91	1.78	61.98	5.89	7.35	43.28	69.8	4	17.5
2638.681	33.60	1.90	63.88	5.94	7.48	44.39	69.5	4	17.5
2638.826	34.95	1.84	64.17	6.02	7.38	44.46	69.3	4	18.0
2638.886	34.68	1.89	65.58	6.00	7.79	46.73	71.3	4	18.5
2638.990	33.79	1.91	64.46	6.03	7.50	45.22	70.1	4	17.0
2639.135	34.62	1.83	63.29	6.00	7.55	45.32	71.6	4	18.5
2639.195	32.89	1.91	62.66	5.88	7.57	44.54	71.1	4	17.5
2639.299	33.31	1.93	64.36	5.96	7.84	46.70	72.6	4	17.0
2639.444	34.41	1.91	65.62	5.99	7.71	46.19	70.4	4	16.5
2639.504	35.12	1.86	65.36	5.91	7.50	44.29	67.8	4	16.5
2639.608	34.36	1.86	63.85	6.05	7.22	43.67	68.4	4	19.0
2639.753	34.80	1.83	63.87	5.71	8.09	46.18	72.3	4	17.0
2639.813	35.23	1.83	64.30	5.65	8.28	46.77	72.7	4	16.0
2639.917	35.43	1.77	62.80	5.89	7.75	45.61	72.6	4	19.0
2640.062	34.66	1.82	63.12	5.87	7.74	45.43	72.0	4	18.0
2640.122	34.77	1.86	64.55	5.82	8.16	47.50	73.6	4	18.0
2640.226	35.13	1.87	65.68	5.80	7.91	45.85	69.8	4	17.5
2640.371	33.76	1.88	63.56	5.99	7.32	43.83	69.0	4	18.0
2640.431	34.30	1.90	65.01	5.86	7.88	46.20	71.1	4	16.0
2640.535	35.28	1.83	64.60	5.73	7.58	43.47	67.3	4	16.0
2640.680	35.40	1.79	63.46	5.93	7.08	41.97	66.1	4	17.0
2640.740	35.11	1.87	65.49	6.15	7.23	44.47	67.9	4	19.0
2640.844	34.75	1.85	64.40	5.86	7.58	44.45	69.0	4	17.0
2640.989	32.60	1.94	63.21	5.77	7.79	44.98	71.2	4	17.5
2641.049	34.06	1.87	63.64	5.90	7.47	44.10	69.3	4	17.5
2641.153	34.69	1.87	64.81	5.91	7.60	44.92	69.3	4	18.0
2641.298	33.99	1.92	65.39	5.93	7.94	47.13	72.1	4	17.5
2641.358	33.80	1.91	64.40	5.92	7.76	45.93	71.3	4	17.5
2641.462	34.54	1.90	65.48	5.91	7.90	46.66	71.3	4	16.0
2641.607	33.63	1.90	63.86	5.95	7.74	46.08	72.2	4	16.5
2641.667	34.60	1.81	62.53	5.90	7.48	44.12	70.6	4	16.0
2641.771	35.63	1.76	62.55	5.69	7.79	44.29	70.8	4	16.5
2641.916	34.04	1.87	63.82	5.92	7.39	43.71	68.5	4	18.5
2641.976	32.91	1.94	63.78	5.75	7.97	45.82	71.8	4	17.5
2642.080	33.77	1.91	64.33	5.91	7.75	45.85	71.3	4	17.5
2642.225	35.15	1.85	64.98	5.92	7.77	45.97	70.8	4	16.5
2642.285	35.27	1.84	64.86	6.04	7.66	46.22	71.3	4	18.5
2642.389	34.49	1.89	65.15	6.05	7.75	46.88	72.0	4	17.0
2642.534	33.72	1.92	64.65	5.91	7.69	45.46	70.3	4	18.5
2642.594	33.48	1.93	64.76	6.00	7.42	44.52	68.7	4	17.5
2642.698	34.97	1.81	63.28	5.83	7.47	43.52	68.8	4	16.0
2642.843	33.80	1.86	62.95	5.88	7.07	41.60	66.1	4	16.0
2642.903	34.68	1.83	63.62	5.71	7.52	42.94	67.5	4	16.0
2643.007	35.18	1.75	61.45	5.72	7.30	41.77	68.0	4	18.0
2643.152	33.08	1.90	62.89	5.83	7.42	43.23	68.7	4	18.0
2643.212	32.58	1.94	63.09	5.70	7.71	43.95	69.7	4	16.5
2643.316	34.65	1.81	62.63	5.69	7.68	43.73	69.8	4	17.5
2643.461	33.88	1.91	64.72	5.63	7.80	43.92	67.9	4	16.0
2643.521	35.06	1.81	63.47	5.52	7.93	43.80	69.0	4	16.0
2643.625	33.80	1.88	63.66	5.74	7.31	41.95	65.9	4	18.5
2643.770	34.96	1.82	63.66	5.61	7.81	43.79	68.8	4	17.0
2643.830	33.96	1.87	63.57	5.73	7.44	42.59	67.0	4	17.0
2643.934	35.36	1.77	62.61	5.68	7.57	43.02	68.7	4	16.5
2644.079	32.83	1.92	62.97	5.62	7.85	44.09	70.0	4	17.0
2644.139	34.26	1.85	63.47	5.53	8.11	44.80	70.6	4	15.5
2644.243	35.12	1.80	63.28	5.87	7.26	42.66	67.4	4	16.5
2644.388	35.08	1.86	65.21	5.69	8.14	46.29	71.0	4	18.0
2644.448	34.06	1.89	64.35	5.76	7.70	44.35	68.9	4	17.5
2644.552	33.96	1.90	64.64	5.98	7.28	43.57	67.4	4	19.0
2644.697	33.56	1.95	65.57	6.01	7.22	43.37	66.2	4	17.5
2644.757	33.78	1.93	65.28	5.93	7.66	45.41	69.6	4	17.0
2644.861	35.18	1.87	65.95	5.58	8.16	45.54	69.1	4	15.0
2645.006	34.26	1.87	64.07	5.82	7.61	44.32	69.2	4	18.5
2645.066	33.35	1.92	64.15	5.91	7.36	43.53	67.9	4	17.5
2645.170	32.95	1.95	64.31	5.85	7.16	41.89	65.1	4	16.0
2645.315	34.24	1.88	64.44	5.69	7.60	43.26	67.1	4	19.0
2645.375	33.29	1.94	64.52	5.81	7.28	42.28	65.5	4	17.0
2645.479	34.22	1.91	65.41	5.75	7.50	43.09	65.9	4	15.0
2645.624	34.25	1.85	63.29	5.77	7.28	42.05	66.4	4	18.0
2645.684	33.54	1.91	63.98	5.76	7.35	42.34	66.2	4	16.5
2645.788	35.24	1.78	62.64	5.62	7.61	42.80	68.3	4	17.0
2645.933	33.90	1.91	64.74	5.57	7.99	44.50	68.7	4	16.0
2645.993	34.90	1.86	64.79	5.46	8.18	44.70	69.0	4	15.5
2646.097	35.59	1.78	63.43	5.84	7.55	44.08	69.5	4	18.5
2646.242	34.70	1.85	64.32	5.88	6.99	41.10	63.9	4	16.0
2646.302	35.36	1.80	63.62	5.64	7.35	41.44	65.1	4	15.0
2646.406	33.60	1.84	61.90	5.60	7.59	42.50	68.7	4	18.5
2646.551	35.08	1.82	63.83	5.60	7.78	43.59	68.3	4	15.5
2646.611	35.69	1.75	62.45	5.76	7.44	42.83	68.6	4	16.5
2646.715	35.62	1.80	64.25	5.92	7.48	44.23	68.8	4	17.5
2646.860	33.71	1.91	64.30	5.72	7.74	44.32	68.9	4	16.0
2646.920	34.81	1.83	63.59	5.73	7.83	44.90	70.6	4	17.0
2647.024	33.78	1.86	62.99	5.94	7.22	42.89	68.1	4	17.5
2647.169	35.09	1.83	64.33	5.90	7.43	43.82	68.1	4	18.5
2647.229	34.49	1.87	64.42	5.79	7.61	44.09	68.4	4	16.0
2647.333	34.04	1.87	63.54	5.70	7.79	44.41	69.9	4	16.5
2647.478	34.32	1.87	64.32	5.79	7.88	45.64	70.9	4	18.0
2647.538	34.71	1.82	63.35	5.94	7.48	44.45	70.2	4	17.5
2647.642	34.17	1.85	63.09	5.75	7.79	44.79	71.0	4	17.5
2647.787	33.92	1.90	64.29	5.83	7.63	44.48	69.2	4	18.5
2647.847	32.58	1.94	63.19	5.74	7.55	43.35	68.6	4	17.0
2647.951	35.21	1.75	61.47	5.67	7.49	42.41	69.0	4	16.5
2648.096	33.91	1.89	64.17	5.64	8.18	46.12	71.9	4	17.5
2648.156	34.17	1.87	63.92	5.80	7.97	46.20	72.3	4	17.5
2648.260	34.09	1.88	64.12	5.98	7.71	46.08	71.9	4	18.0
2648.405	34.35	1.91	65.62	5.71	8.38	47.86	72.9	4	16.5
2648.465	35.03	1.87	65.50	5.58	8.39	46.81	71.5	4	16.0
2648.569	35.14	1.87	65.80	5.51	8.57	47.24	71.8	4	17.0
2648.714	35.28	1.86	65.56	5.53	8.49	47.00	71.7	4	16.0
2648.774	35.76	1.79	64.05	5.45	8.33	45.39	70.9	4	16.0
2648.878	33.30	1.88	62.61	5.63	7.63	42.98	68.7	4	17.0
2649.023	34.62	1.83	63.43	5.76	7.37	42.50	67.0	4	18.5
2649.083	32.94	1.91	62.89	5.67	7.57	42.92	68.3	4	16.5
2649.187	35.07	1.76	61.69	5.73	7.50	42.94	69.6	4	17.0
2649.332	33.47	1.90	63.56	5.67	7.71	43.72	68.8	4	17.5
2649.392	34.03	1.92	65.48	5.65	8.21	46.36	70.8	4	16.0
2649.496	34.51	1.88	64.90	5.95	7.60	45.23	69.7	4	18.5
2649.641	34.24	1.91	65.25	5.84	7.20	42.07	64.5	4	15.0
2649.701	35.14	1.82	64.04	5.61	7.69	43.14	67.4	4	15.5
2649.805	33.93	1.83	62.16	5.73	7.31	41.91	67.4	4	18.5
2649.950	33.58	1.88	63.08	5.79	7.54	43.66	69.2	4	18.0
2650.010	34.12	1.88	64.30	5.75	7.52	43.24	67.2	4	15.0
2650.114	35.12	1.80	63.15	5.60	7.74	43.32	68.6	4	17.0
2650.259	33.72	1.90	64.20	5.83	7.78	45.40	70.7	4	17.5
2650.319	33.97	1.91	64.85	5.88	7.51	44.11	68.0	4	18.0
2650.423	34.53	1.88	64.88	5.58	8.20	45.75	70.5	4	16.0
2650.568	33.92	1.89	64.25	5.70	7.53	42.93	66.8	4	15.5
2650.628	35.19	1.73	60.72	5.61	7.45	41.75	68.8	4	16.5
2650.732	32.95	1.88	61.87	5.59	7.88	44.02	71.1	4	18.5
2650.877	32.90	1.93	63.50	5.57	7.88	43.88	69.1	4	15.0
2650.937	34.22	1.80	61.58	5.61	7.61	42.73	69.4	4	15.5
2651.041	35.83	1.64	58.76	5.52	7.32	40.43	68.8	4	16.0
2651.186	33.07	1.83	60.60	5.51	7.58	41.81	69.0	4	18.5
2651.246	30.72	1.92	58.83	5.33	7.65	40.83	69.4	4	18.5
2651.350	33.67	1.82	61.19	5.53	7.60	42.07	68.7	4	16.5
2651.495	35.79	1.69	60.56	5.44	7.53	40.95	67.6	4	15.5
2651.555	34.77	1.77	61.38	5.47	7.78	42.52	69.3	4	17.5
2651.659	32.84	1.89	62.09	5.47	7.77	42.51	68.5	4	16.5
2651.804	35.23	1.79	63.05	5.47	7.82	42.77	67.8	4	15.5
2651.864	34.79	1.80	62.51	5.50	7.87	43.25	69.2	4	17.0
2651.968	34.69	1.88	65.10	5.66	7.83	44.32	68.1	4	16.5
2652.113	34.92	1.85	64.62	5.80	7.61	44.08	68.2	4	18.0
2652.173	34.01	1.90	64.51	5.69	8.03	45.73	70.9	4	17.5
2652.277	34.39	1.90	65.34	5.79	7.55	43.69	66.9	4	17.0
2652.422	35.36	1.85	65.45	5.73	7.93	45.45	69.4	4	17.5
2652.482	34.60	1.87	64.74	5.86	7.58	44.38	68.5	4	18.0
2652.586	33.67	1.94	65.30	5.79	7.29	42.20	64.6	4	15.5
2652.731	35.31	1.81	63.79	5.70	7.30	41.61	65.2	4	18.0
2652.791	33.47	1.89	63.21	5.59	7.82	43.69	69.1	4	17.0
2652.895	34.84	1.84	64.17	5.80	7.55	43.75	68.2	4	17.0
2653.040	34.86	1.83	63.71	5.63	7.45	41.95	65.8	4	15.5
2653.100	35.31	1.82	64.12	5.69	7.50	42.65	66.5	4	17.0
2653.204	34.04	1.90	64.56	5.66	7.91	44.80	69.4	4	16.0
2653.349	34.05	1.88	63.86	5.86	7.38	43.24	67.7	4	17.0
2653.409	33.09	1.90	63.00	5.79	7.15	41.42	65.7	4	18.0
2653.513	34.69	1.86	64.48	5.60	7.88	44.12	68.4	4	16.0
2653.658	33.21	1.91	63.28	5.66	7.48	42.37	67.0	4	16.5
2653.718	34.72	1.83	63.46	5.55	7.88	43.74	68.9	4	16.0
2653.822	34.49	1.84	63.53	5.70	7.68	43.77	68.9	4	16.0
2653.967	35.01	1.80	62.93	5.68	7.78	44.15	70.2	4	17.0
2654.027	35.08	1.84	64.57	5.76	7.63	43.93	68.0	4	15.5
2654.131	34.79	1.84	63.85	5.69	7.75	44.10	69.1	4	17.5
2654.276	33.88	1.87	63.22	5.65	7.87	44.50	70.4	4	17.0
2654.336	34.15	1.88	64.23	5.68	7.80	44.26	68.9	4	16.0
2654.440	34.94	1.85	64.50	5.69	7.83	44.53	69.0	4	16.5
2654.585	34.81	1.84	64.00	5.70	7.83	44.59	69.7	4	17.5
2654.645	33.34	1.92	64.00	5.70	7.75	44.21	69.1	4	18.5
2654.749	34.00	1.91	64.90	5.75	7.69	44.26	68.2	4	15.5
2654.894	33.80	1.91	64.40	5.69	7.95	45.24	70.3	4	16.5
2654.954	34.56	1.88	64.93	5.83	7.80	45.44	70.0	4	16.5
2655.058	34.40	1.86	64.01	5.88	7.15	42.05	65.7	4	17.0
2655.203	35.14	1.86	65.43	5.58	7.73	43.13	65.9	4	15.5
2655.263	35.84	1.75	62.66	5.56	7.64	42.44	67.7	4	16.0
2655.367	33.33	1.89	63.10	5.47	8.12	44.39	70.4	4	17.5
2655.512	33.05	1.93	63.81	5.75	7.38	42.47	66.6	4	16.5
2655.572	34.41	1.83	63.07	5.57	7.76	43.24	68.6	4	16.5
2655.676	32.86	1.92	62.93	5.56	7.67	42.67	67.8	4	17.5
2655.821	35.56	1.76	62.62	5.60	7.58	42.47	67.8	4	16.0
2655.881	35.66	1.79	63.76	5.61	7.49	42.05	65.9	4	17.5
2655.985	34.20	1.88	64.33	5.81	7.54	43.80	68.1	4	18.5
2656.130	32.86	1.92	63.13	5.69	7.51	42.76	67.7	4	18.0
2656.190	33.42	1.94	65.00	5.64	7.89	44.51	68.5	4	15.5
2656.294	34.36	1.86	64.05	5.77	7.50	43.30	67.6	4	16.5
2656.439	34.05	1.90	64.58	5.83	7.65	44.59	69.0	4	17.5
2656.499	34.53	1.86	64.18	5.78	7.91	45.69	71.2	4	17.0
2656.603	33.59	1.91	64.26	5.75	7.63	43.86	68.3	4	16.0
2656.748	35.47	1.74	61.64	5.75	7.46	42.89	69.6	4	18.0
2656.808	34.22	1.81	61.91	5.75	7.68	44.11	71.3	4	17.5
2656.912	33.79	1.87	63.06	5.71	7.87	44.99	71.3	4	17.5
2657.057	34.69	1.84	63.69	5.70	7.87	44.80	70.3	4	17.5
2657.117	34.91	1.84	64.15	5.76	7.92	45.61	71.1	4	17.5
2657.221	33.92	1.89	64.26	5.73	7.86	45.03	70.1	4	16.5
2657.366	34.34	1.84	63.31	5.75	7.65	44.03	69.5	4	16.5
2657.426	34.97	1.83	63.84	5.81	7.53	43.74	68.5	4	16.0
2657.530	35.25	1.81	63.87	5.70	7.88	44.89	70.3	4	17.5
2657.675	34.52	1.83	63.23	5.69	7.59	43.23	68.4	4	15.5
2657.735	34.07	1.84	62.55	5.55	7.68	42.63	68.2	4	17.5
2657.839	34.20	1.83	62.65	5.74	7.46	42.88	68.4	4	16.0
2657.984	35.76	1.71	61.16	5.64	7.56	42.62	69.7	4	16.0
2658.044	35.24	1.79	62.96	5.71	7.63	43.55	69.2	4	17.0
2658.148	34.50	1.85	63.80	5.68	7.70	43.74	68.6	4	17.5
2658.293	34.29	1.88	64.48	5.71	7.89	45.07	69.9	4	15.5
2658.353	35.33	1.77	62.67	5.60	7.71	43.18	68.9	4	16.0
2658.457	34.77	1.80	62.58	5.58	7.84	43.73	69.9	4	17.0
2658.602	34.08	1.88	64.05	5.66	7.90	44.65	69.7	4	15.5
2658.662	35.14	1.79	62.98	5.67	7.66	43.42	68.9	4	16.5
2658.766	34.26	1.85	63.26	5.68	7.85	44.54	70.4	4	17.5
2658.911	33.81	1.89	63.79	5.59	8.01	44.74	70.1	4	16.5
2658.971	33.19	1.87	62.16	5.57	7.95	44.26	71.2	4	17.5
2659.075	32.72	1.92	62.74	5.73	7.60	43.53	69.4	4	17.5
2659.220	33.77	1.87	63.09	5.73	7.76	44.48	70.5	4	16.5
2659.280	34.12	1.86	63.45	5.68	7.75	44.00	69.4	4	16.5
2659.384	33.61	1.91	64.33	5.65	8.00	45.22	70.3	4	17.5
2659.529	34.24	1.85	63.34	5.70	7.55	43.03	67.9	4	16.5
2659.589	35.12	1.80	63.04	5.62	7.73	43.43	68.9	4	16.0
2659.693	36.01	1.70	61.26	5.61	7.52	42.18	68.8	4	17.0
2659.838	34.27	1.83	62.88	5.73	7.65	43.81	69.7	4	17.0
2659.898	34.67	1.80	62.44	5.67	7.67	43.51	69.7	4	17.0
2660.002	35.48	1.74	61.82	5.64	7.64	43.09	69.7	4	16.5
2660.147	32.49	1.93	62.83	5.59	7.90	44.17	70.3	4	18.0
2660.207	33.35	1.93	64.34	5.68	7.77	44.14	68.6	4	16.0
2660.311	33.86	1.87	63.44	5.65	7.88	44.54	70.2	4	17.0
2660.456	34.58	1.85	64.13	5.73	7.58	43.46	67.8	4	17.0
2660.516	34.47	1.86	64.22	5.68	7.92	44.98	70.0	4	17.0
2660.620	34.48	1.89	65.20	5.66	8.01	45.32	69.5	4	17.0
2660.765	34.98	1.87	65.42	5.67	7.86	44.59	68.2	4	16.0
2660.825	34.61	1.85	63.87	5.72	7.53	43.07	67.4	4	17.0
2660.929	35.19	1.84	64.76	5.88	7.58	44.54	68.8	4	18.5
2661.074	34.27	1.87	64.02	5.82	7.77	45.20	70.6	4	17.5
2661.134	33.93	1.89	64.07	5.81	7.75	45.00	70.2	4	18.0
2661.238	33.92	1.92	65.02	5.84	7.51	43.82	67.4	4	16.0
2661.383	34.53	1.85	63.88	5.70	7.87	44.87	70.2	4	18.0
2661.443	34.33	1.89	64.75	5.73	7.71	44.24	68.3	4	16.5
2661.547	33.50	1.88	62.94	5.60	7.73	43.28	68.8	4	17.5
2661.692	32.24	1.95	62.80	5.65	7.84	44.29	70.5	4	18.0
2661.752	32.79	1.92	63.03	5.74	7.45	42.75	67.8	4	17.0
2661.856	34.91	1.80	62.94	5.77	7.45	42.97	68.3	4	16.0
2662.001	34.85	1.79	62.40	5.70	7.73	44.08	70.6	4	18.5
2662.061	34.33	1.83	62.70	5.76	7.63	43.90	70.0	4	16.0
2662.165	35.63	1.75	62.19	5.58	7.77	43.31	69.7	4	16.0
2662.310	33.90	1.85	62.88	5.55	7.88	43.73	69.6	4	18.0
2662.370	34.57	1.87	64.53	5.64	7.91	44.65	69.2	4	17.0
2662.474	34.61	1.91	66.03	5.74	7.64	43.85	66.4	4	18.5
2662.619	35.16	1.86	65.47	5.72	7.86	44.98	68.7	4	16.5
2662.679	35.16	1.85	65.01	5.71	7.67	43.77	67.3	4	16.0
2662.783	34.40	1.85	63.48	5.61	7.87	44.19	69.6	4	17.0
2662.928	32.53	1.94	63.05	5.65	7.78	43.98	69.8	4	17.5
2662.988	32.77	1.94	63.44	5.66	7.88	44.60	70.3	4	16.5
2663.092	34.81	1.80	62.76	5.67	7.72	43.75	69.7	4	17.0
2663.237	34.42	1.82	62.47	5.81	7.68	44.62	71.4	4	17.5
2663.297	34.29	1.80	61.73	5.69	7.67	43.65	70.7	4	17.0
2663.401	33.69	1.84	61.99	5.66	7.68	43.46	70.1	4	17.0
2663.546	34.31	1.84	63.11	5.66	7.78	44.02	69.7	4	17.0
2663.606	34.77	1.84	64.11	5.67	7.90	44.79	69.9	4	17.0
2663.710	35.42	1.80	63.86	5.68	7.65	43.43	68.0	4	16.0
2663.855	33.34	1.84	61.27	5.66	7.52	42.55	69.4	4	17.5
2663.915	33.00	1.91	62.93	5.62	7.78	43.70	69.4	4	17.0
2664.019	34.46	1.85	63.68	5.69	7.93	45.17	70.9	4	17.5
2664.164	33.56	1.90	63.72	5.69	7.71	43.90	68.9	4	16.5
2664.224	34.25	1.87	64.06	5.67	7.74	43.87	68.5	4	16.5
2664.328	32.92	1.90	62.51	5.53	7.77	42.98	68.8	4	17.0
2664.473	33.97	1.89	64.04	5.56	7.92	44.02	68.7	4	16.5
2664.533	34.84	1.83	63.84	5.66	7.82	44.23	69.3	4	16.5
2664.637	34.51	1.84	63.47	5.66	7.81	44.23	69.7	4	16.5
2664.782	33.71	1.87	63.14	5.62	7.71	43.34	68.6	4	17.0
2664.842	34.76	1.83	63.79	5.62	7.66	43.07	67.5	4	16.0
2664.946	35.85	1.72	61.81	5.55	7.55	41.93	67.8	4	15.5
2665.091	31.41	1.93	60.60	5.36	7.65	41.00	67.7	4	18.5
2665.151	32.12	1.95	62.76	5.52	7.80	43.06	68.6	4	17.0
2665.255	33.56	1.90	63.67	5.45	8.04	43.80	68.8	4	16.0
2665.400	34.78	1.86	64.55	5.51	8.08	44.54	69.0	4	15.5
2665.460	35.38	1.80	63.80	5.50	7.97	43.80	68.6	4	14.5
