197.813	39.55	0.19	7.38	0.37	0.78	0.29	3.9	2	10.5
197.957	37.40	1.57	58.78	4.12	7.23	29.83	50.7	2	18.0
198.017	35.96	2.27	81.48	4.85	9.22	44.73	54.9	2	20.5
198.121	31.03	3.80	117.91	5.99	11.95	71.57	60.7	2	26.0
198.266	23.82	4.59	109.24	6.76	10.86	73.39	67.2	2	33.0
198.327	20.53	4.72	96.82	6.77	9.73	65.81	68.0	2	36.0
198.431	14.73	4.83	71.19	6.12	8.01	49.00	68.8	2	41.5
198.576	8.83	4.89	43.21	4.61	6.13	28.25	65.4	2	48.5
198.636	6.82	4.90	33.42	3.88	5.56	21.55	64.5	2	51.5
198.739	4.52	4.91	22.18	2.89	4.53	13.09	59.0	2	57.0
198.883	3.16	4.92	15.57	2.62	3.49	9.15	58.8	2	64.0
198.943	2.65	4.93	13.08	2.51	3.09	7.76	59.3	2	67.0
199.046	2.06	4.93	10.14	2.32	2.53	5.87	57.9	2	72.0
199.190	1.32	4.94	6.52	1.91	1.82	3.47	53.2	2	79.5
199.250	1.15	4.94	5.69	1.73	1.56	2.69	47.3	2	82.5
199.353	0.92	4.95	4.53	1.47	1.21	1.79	39.4	2	87.5
199.497	0.61	4.95	3.03	0.89	0.77	0.68	22.6	2	95.0
199.557	6.49	4.91	31.88	2.14	3.86	8.27	25.9	2	26.5
199.660	18.82	4.82	90.69	5.39	8.91	48.05	53.0	2	27.4
199.805	25.43	4.68	118.90	7.36	10.86	79.95	67.2	2	26.5
199.866	27.36	4.56	124.74	8.01	10.77	86.27	69.2	2	27.0
199.970	29.66	4.34	128.70	8.78	10.73	94.20	73.2	2	26.2
200.115	24.32	4.35	105.77	8.75	8.56	74.91	70.8	2	46.0
200.175	17.88	4.60	82.25	8.04	7.06	56.78	69.0	2	46.0
200.279	25.82	4.38	113.19	8.68	9.53	82.76	73.1	2	27.1
200.424	24.93	4.52	112.63	9.17	8.99	82.39	73.2	2	27.1
200.484	28.06	4.29	120.46	9.45	9.37	88.59	73.5	2	27.1
200.588	31.12	3.92	122.05	9.76	9.43	91.96	75.3	2	26.5
200.733	35.03	2.66	93.30	8.98	7.56	67.91	72.8	2	20.7
200.793	21.65	3.56	77.06	7.29	5.14	37.45	48.6	2	75.4
200.897	17.77	4.37	77.65	6.40	6.36	40.73	52.5	2	27.0
201.042	32.27	2.38	76.93	5.85	5.67	33.19	43.1	2	10.0
201.102	30.22	2.41	72.85	5.10	5.98	30.45	41.8	2	36.3
201.206	18.47	4.02	74.21	5.22	7.04	36.75	49.5	2	47.5
201.351	15.86	4.69	74.36	5.10	8.22	41.90	56.3	2	26.9
201.411	20.51	4.72	96.70	6.06	9.62	58.28	60.3	2	26.9
201.515	29.85	3.44	102.70	6.62	9.72	64.34	62.6	2	19.2
201.660	23.79	3.64	86.64	5.99	7.66	45.86	52.9	2	10.0
201.720	30.65	2.24	68.72	5.00	6.04	30.21	44.0	2	10.0
201.824	34.66	1.77	61.26	4.56	6.59	30.08	49.1	2	12.0
201.969	36.14	2.09	75.65	5.45	8.70	47.45	62.7	2	19.5
202.029	35.03	2.72	95.29	6.19	9.68	59.85	62.8	2	22.5
202.133	31.94	3.73	119.11	7.24	10.86	78.69	66.1	2	27.5
202.278	24.33	4.59	111.60	8.01	9.77	78.30	70.2	2	35.0
202.338	20.73	4.73	97.99	7.83	8.87	69.52	71.0	2	38.0
202.442	15.98	4.83	77.11	7.39	7.35	54.34	70.5	2	43.0
202.587	9.68	4.88	47.29	5.58	5.71	31.87	67.4	2	50.5
202.647	7.93	4.90	38.85	4.94	5.06	24.97	64.3	2	53.0
202.750	4.64	4.92	22.81	2.77	4.22	11.68	51.2	2	58.5
202.894	2.73	4.94	13.48	1.61	3.30	5.30	39.3	2	65.5
202.954	2.26	4.94	11.18	1.33	2.92	3.87	34.6	2	68.5
203.057	1.65	4.94	8.18	1.03	2.37	2.43	29.7	2	73.5
203.201	1.35	4.95	6.67	0.71	1.76	1.25	18.7	2	81.0
203.261	1.09	4.94	5.40	0.60	1.50	0.91	16.8	2	84.0
203.364	0.91	4.94	4.50	0.44	1.15	0.51	11.2	2	89.0
203.508	2.27	4.94	11.20	0.74	1.77	1.32	11.7	2	29.5
203.568	8.62	4.90	42.23	2.43	5.97	14.49	34.3	2	29.5
203.671	14.30	4.87	69.66	3.82	9.39	35.85	51.5	2	28.3
203.816	14.38	4.87	70.06	4.07	10.02	40.75	58.2	2	31.3
203.876	14.60	4.87	71.06	4.09	10.24	41.90	59.0	2	29.9
203.980	20.96	4.52	94.63	4.59	11.66	53.46	56.5	2	19.4
204.125	24.57	4.39	107.94	5.98	11.47	68.57	63.5	2	29.0
204.186	23.04	4.60	106.00	6.38	10.62	67.81	64.0	2	30.1
204.290	23.31	4.73	110.33	7.10	10.77	76.48	69.3	2	27.5
204.435	29.52	3.98	117.51	8.00	10.04	80.35	68.4	2	22.6
204.496	31.75	3.56	113.06	8.16	9.69	79.06	69.9	2	22.6
204.600	36.62	1.57	57.64	5.49	5.48	30.06	52.1	2	10.0
204.745	33.60	1.71	57.49	4.34	5.88	25.48	44.3	2	31.5
204.805	25.26	3.20	80.83	4.69	7.78	36.47	45.1	2	31.5
204.909	28.77	3.65	105.02	6.38	10.01	63.81	60.8	2	22.4
205.054	15.93	4.48	71.42	5.32	7.43	39.49	55.3	2	44.9
205.114	15.66	4.67	73.11	5.48	8.05	44.13	60.4	2	33.2
205.218	20.95	4.71	98.61	6.41	10.02	64.21	65.1	2	26.3
205.363	25.88	4.61	119.33	8.03	10.09	81.03	67.9	2	29.6
205.424	21.54	4.71	101.44	7.50	8.68	65.04	64.1	2	66.5
205.528	11.17	4.86	54.26	5.06	5.82	29.48	54.3	2	32.4
205.673	21.92	4.53	99.41	6.75	9.21	62.19	62.6	2	24.5
205.733	26.60	4.30	114.36	7.54	9.67	72.91	63.8	2	29.6
205.837	27.21	4.49	122.06	8.31	10.09	83.83	68.7	2	26.5
205.982	31.93	3.75	119.82	9.11	9.65	87.88	73.3	2	27.0
206.042	32.25	3.78	121.86	9.47	9.61	91.02	74.7	2	28.0
206.146	29.44	4.30	126.73	9.77	9.62	94.00	74.2	2	31.0
206.291	29.09	4.43	128.91	10.13	9.43	95.50	74.1	2	28.0
206.352	30.55	4.21	128.65	10.24	9.32	95.42	74.2	2	28.0
206.456	30.27	4.29	129.79	10.48	9.32	97.68	75.3	2	32.0
206.601	28.72	4.54	130.25	10.76	9.19	98.89	75.9	2	30.0
206.662	29.31	4.46	130.79	10.80	9.34	100.83	77.1	2	32.0
206.766	28.93	4.49	130.04	10.88	9.18	99.86	76.8	2	29.5
206.911	30.49	4.28	130.66	11.00	9.00	98.97	75.7	2	29.5
206.972	30.67	4.27	130.92	11.09	8.94	99.12	75.7	2	30.5
207.076	29.76	4.39	130.62	11.09	9.13	101.23	77.5	2	31.5
207.221	29.86	4.40	131.31	11.21	9.09	101.91	77.6	2	31.5
207.282	29.93	4.39	131.28	11.18	9.05	101.23	77.1	2	30.0
207.386	30.37	4.33	131.52	11.24	8.87	99.69	75.8	2	29.5
207.531	31.00	4.21	130.60	11.16	8.98	100.20	76.7	2	31.0
207.592	29.63	4.41	130.60	11.16	8.92	99.59	76.3	2	33.0
207.696	28.22	4.58	129.26	11.13	8.81	98.10	75.9	2	31.5
207.841	29.99	4.37	131.11	11.20	8.84	99.01	75.5	2	30.0
207.902	29.72	4.42	131.28	11.19	8.81	98.61	75.1	2	32.0
208.006	29.56	4.42	130.78	11.20	8.96	100.36	76.7	2	30.0
208.151	29.69	4.43	131.50	11.26	8.79	99.01	75.3	2	31.0
208.212	30.04	4.39	131.79	11.20	9.01	100.89	76.6	2	30.0
208.316	29.51	4.45	131.33	11.17	9.08	101.49	77.3	2	32.0
208.461	30.16	4.33	130.68	11.18	8.94	99.99	76.5	2	29.5
208.522	30.50	4.29	130.84	11.23	8.83	99.10	75.7	2	29.5
208.626	29.49	4.45	131.10	11.14	9.04	100.67	76.8	2	32.0
208.771	29.64	4.44	131.66	11.21	8.91	99.90	75.9	2	29.0
208.832	30.41	4.29	130.56	11.13	8.90	99.11	75.9	2	30.0
208.936	29.55	4.43	131.05	11.23	8.95	100.54	76.7	2	32.5
209.081	29.88	4.37	130.61	11.29	8.87	100.15	76.7	2	30.5
209.142	29.67	4.42	131.07	11.19	9.19	102.75	78.4	2	31.5
209.246	28.88	4.54	131.08	11.19	9.04	101.11	77.1	2	31.0
209.391	29.87	4.38	130.90	11.26	8.90	100.23	76.6	2	31.0
209.452	30.29	4.32	130.97	11.23	9.11	102.24	78.1	2	30.5
209.556	29.40	4.47	131.56	11.27	9.01	101.56	77.2	2	31.5
209.701	30.01	4.40	132.02	11.25	9.11	102.43	77.6	2	31.0
209.762	29.83	4.42	131.91	11.37	8.85	100.62	76.3	2	32.0
209.866	29.13	4.51	131.46	11.34	8.95	101.51	77.2	2	32.0
210.011	29.79	4.38	130.40	11.27	8.95	100.83	77.3	2	31.0
210.072	30.15	4.33	130.62	11.31	8.92	100.91	77.2	2	30.0
210.176	30.45	4.28	130.38	11.32	8.88	100.47	77.1	2	31.5
210.321	30.61	4.24	129.79	11.34	8.90	100.93	77.8	2	31.0
210.382	29.80	4.39	130.85	11.35	8.90	101.00	77.2	2	33.0
210.486	28.84	4.51	130.21	11.20	8.91	99.83	76.7	2	30.0
210.631	30.47	4.29	130.77	11.28	8.78	99.11	75.8	2	30.5
210.692	30.74	4.25	130.68	11.29	8.90	100.57	77.0	2	31.0
210.796	29.68	4.43	131.37	11.35	8.93	101.30	77.1	2	32.0
210.941	29.75	4.42	131.34	11.28	9.14	103.05	78.5	2	30.0
211.002	30.19	4.36	131.55	11.33	8.94	101.26	77.0	2	30.0
211.106	29.88	4.40	131.44	11.31	8.89	100.53	76.5	2	30.5
211.251	29.31	4.46	130.79	11.25	9.12	102.55	78.4	2	31.0
211.312	30.17	4.34	130.96	11.33	8.95	101.36	77.4	2	30.0
211.416	30.38	4.32	131.11	11.31	9.01	101.92	77.7	2	32.0
211.561	30.53	4.28	130.57	11.30	8.86	100.08	76.6	2	29.5
211.622	30.33	4.31	130.71	11.30	8.92	100.79	77.1	2	32.5
211.726	29.36	4.45	130.58	11.30	8.92	100.87	77.3	2	30.5
211.871	30.34	4.30	130.47	11.28	8.79	99.15	76.0	2	30.5
211.932	29.99	4.37	131.22	11.32	8.78	99.38	75.7	2	32.0
212.036	29.33	4.49	131.67	11.26	9.00	101.31	76.9	2	31.0
212.181	30.50	4.27	130.33	11.31	8.79	99.41	76.3	2	30.0
212.242	30.49	4.29	130.73	11.35	8.80	99.91	76.4	2	31.5
212.346	30.03	4.36	130.85	11.32	8.89	100.68	76.9	2	29.5
212.491	31.02	4.20	130.28	11.23	9.03	101.46	77.9	2	30.5
212.552	29.94	4.37	130.72	11.27	8.94	100.78	77.1	2	32.5
212.656	29.58	4.43	131.20	11.26	8.95	100.77	76.8	2	30.5
212.801	29.88	4.38	130.73	11.25	8.83	99.33	76.0	2	30.0
212.862	30.30	4.32	130.86	11.31	8.88	100.45	76.8	2	30.5
212.966	29.63	4.40	130.47	11.23	8.97	100.77	77.2	2	32.5
213.111	29.48	4.42	130.35	11.29	8.83	99.69	76.5	2	30.0
213.172	30.48	4.26	129.88	11.20	8.94	100.16	77.1	2	29.5
213.276	29.48	4.42	130.41	11.30	8.79	99.36	76.2	2	32.5
213.421	29.39	4.46	131.22	11.36	8.74	99.30	75.7	2	30.0
213.482	30.09	4.37	131.50	11.28	8.87	100.07	76.1	2	31.0
213.586	30.14	4.36	131.36	11.30	8.87	100.21	76.3	2	31.5
213.731	29.41	4.48	131.65	11.27	9.09	102.45	77.8	2	31.0
213.792	29.88	4.42	132.13	11.25	9.18	103.25	78.1	2	30.5
213.896	30.64	4.21	129.03	11.24	9.10	102.23	79.2	2	29.5
214.041	28.85	4.49	129.59	11.18	9.26	103.48	79.9	2	33.0
214.102	28.15	4.59	129.18	11.25	8.94	100.66	77.9	2	33.0
214.206	29.49	4.43	130.74	11.23	9.02	101.32	77.5	2	30.0
214.351	30.57	4.29	131.14	11.35	8.82	100.04	76.3	2	30.5
214.412	30.57	4.31	131.82	11.43	8.75	99.98	75.9	2	31.0
214.516	30.12	4.36	131.35	11.46	8.64	98.99	75.4	2	31.0
214.661	30.30	4.32	130.95	11.47	8.63	99.00	75.6	2	31.0
214.722	30.40	4.32	131.27	11.40	8.82	100.57	76.6	2	31.0
214.826	29.22	4.50	131.61	11.32	8.92	101.01	76.7	2	32.0
214.971	29.74	4.42	131.51	11.39	9.07	103.26	78.5	2	31.0
215.032	29.36	4.48	131.52	11.34	9.03	102.44	77.9	2	31.5
215.136	30.26	4.35	131.56	11.40	9.01	102.77	78.1	2	31.0
215.281	30.69	4.30	131.85	11.41	8.85	100.99	76.6	2	30.5
215.342	30.20	4.37	131.86	11.42	8.79	100.39	76.1	2	31.5
215.446	30.07	4.40	132.36	11.42	8.88	101.46	76.7	2	30.0
215.591	30.29	4.38	132.64	11.36	9.08	103.20	77.8	2	30.5
215.652	30.28	4.36	132.03	11.35	9.13	103.58	78.4	2	31.0
215.756	30.15	4.36	131.35	11.28	9.10	102.64	78.1	2	30.5
215.901	30.17	4.36	131.53	11.36	8.86	100.68	76.5	2	30.0
215.962	30.37	4.33	131.60	11.33	8.95	101.33	77.0	2	32.0
216.066	30.08	4.38	131.64	11.29	8.96	101.17	76.8	2	30.5
216.211	30.49	4.31	131.43	11.34	9.09	103.04	78.4	2	32.5
216.272	29.88	4.40	131.38	11.32	9.00	101.91	77.6	2	31.5
216.376	29.55	4.46	131.86	11.41	8.88	101.28	76.8	2	30.5
216.521	30.20	4.36	131.72	11.45	8.72	99.84	75.8	2	30.5
216.582	30.08	4.38	131.76	11.34	8.88	100.62	76.4	2	31.0
216.686	30.34	4.34	131.65	11.38	9.01	102.50	77.9	2	31.0
216.831	29.29	4.50	131.75	11.43	8.85	101.08	76.7	2	32.0
216.892	29.56	4.47	132.23	11.43	8.80	100.54	76.0	2	30.5
216.996	29.99	4.38	131.50	11.32	9.02	102.15	77.7	2	31.5
217.141	30.46	4.29	130.78	11.35	9.03	102.45	78.3	2	31.0
217.202	29.80	4.41	131.36	11.37	8.99	102.26	77.8	2	31.5
217.306	28.93	4.53	131.04	11.32	9.01	101.96	77.8	2	32.5
217.451	29.81	4.41	131.38	11.33	8.96	101.48	77.2	2	31.0
217.512	30.10	4.38	131.80	11.41	8.98	102.43	77.7	2	32.0
217.616	29.98	4.35	130.32	11.33	8.93	101.16	77.6	2	30.5
217.761	30.61	4.22	129.25	11.30	8.78	99.16	76.7	2	30.5
217.822	30.76	4.21	129.38	11.29	8.96	101.11	78.1	2	31.0
217.926	28.86	4.50	129.89	11.26	8.92	100.39	77.3	2	33.0
218.071	29.71	4.43	131.68	11.25	9.04	101.62	77.2	2	30.0
218.132	30.50	4.30	131.03	11.34	8.83	100.12	76.4	2	30.5
218.236	30.92	4.23	130.83	11.28	8.91	100.57	76.9	2	30.0
218.381	28.87	4.54	130.98	11.24	8.90	100.01	76.4	2	32.0
218.442	28.74	4.57	131.21	11.31	8.91	100.78	76.8	2	32.0
218.546	29.72	4.40	130.90	11.29	8.87	100.14	76.5	2	30.5
218.691	29.29	4.50	131.69	11.32	8.99	101.76	77.3	2	31.0
218.752	29.97	4.39	131.69	11.35	8.97	101.81	77.3	2	30.5
218.856	30.25	4.35	131.58	11.29	8.98	101.43	77.1	2	32.0
219.001	29.88	4.40	131.52	11.36	8.71	99.00	75.3	2	30.0
219.062	30.40	4.32	131.25	11.32	8.85	100.21	76.4	2	30.5
219.166	30.20	4.35	131.51	11.31	8.97	101.41	77.1	2	32.0
219.311	29.13	4.53	132.06	11.30	9.06	102.40	77.5	2	32.5
219.372	28.92	4.56	132.00	11.28	9.16	103.26	78.2	2	32.0
219.476	29.74	4.42	131.44	11.38	8.83	100.47	76.4	2	30.5
219.621	30.01	4.39	131.79	11.33	9.04	102.43	77.7	2	32.5
219.682	29.20	4.49	131.16	11.27	9.03	101.82	77.6	2	31.5
219.786	29.86	4.41	131.80	11.33	9.09	102.92	78.1	2	32.5
219.931	29.38	4.49	131.76	11.36	8.87	100.81	76.5	2	30.0
219.992	29.50	4.47	131.92	11.43	8.70	99.40	75.4	2	31.0
220.096	29.67	4.44	131.80	11.45	8.76	100.31	76.1	2	30.0
220.241	29.56	4.44	131.32	11.47	8.73	100.14	76.3	2	30.5
220.302	30.12	4.36	131.37	11.48	8.80	101.11	77.0	2	31.0
220.406	29.38	4.48	131.64	11.37	8.95	101.82	77.4	2	32.0
220.551	29.93	4.40	131.56	11.43	8.74	99.81	75.9	2	30.0
220.612	30.37	4.32	131.07	11.40	8.78	100.14	76.4	2	30.5
220.716	30.54	4.30	131.34	11.47	8.67	99.47	75.7	2	30.0
220.861	29.74	4.42	131.45	11.47	8.80	100.99	76.8	2	32.5
220.922	29.10	4.51	131.26	11.35	8.87	100.64	76.7	2	32.5
221.026	29.31	4.45	130.47	11.45	8.72	99.76	76.5	2	30.5
221.171	30.84	4.22	130.24	11.39	8.80	100.27	77.0	2	30.0
221.232	31.07	4.17	129.54	11.31	8.83	99.80	77.0	2	29.5
221.336	30.65	4.26	130.46	11.35	8.85	100.52	77.0	2	32.0
221.481	29.22	4.47	130.67	11.33	8.79	99.60	76.2	2	30.0
221.542	30.29	4.30	130.33	11.24	8.95	100.58	77.2	2	30.0
221.646	30.37	4.31	131.02	11.28	8.93	100.68	76.8	2	32.0
221.791	29.21	4.52	131.89	11.23	8.98	100.78	76.4	2	30.0
221.852	30.24	4.33	130.94	11.27	8.87	99.93	76.3	2	30.0
221.956	30.36	4.30	130.52	11.26	8.92	100.49	77.0	2	32.0
222.101	28.15	4.60	129.48	11.17	8.90	99.44	76.8	2	32.5
222.162	28.15	4.62	130.18	11.22	8.87	99.55	76.5	2	31.5
222.266	29.98	4.34	130.10	11.23	8.87	99.68	76.6	2	29.5
222.411	31.07	4.18	129.97	11.25	8.87	99.72	76.7	2	30.0
222.472	30.80	4.24	130.74	11.32	8.81	99.82	76.4	2	31.0
222.576	29.67	4.42	131.24	11.27	9.04	101.95	77.7	2	30.5
222.721	30.75	4.26	130.87	11.32	9.01	102.05	78.0	2	30.5
222.782	30.77	4.26	131.13	11.34	8.97	101.70	77.6	2	31.0
222.886	29.99	4.38	131.45	11.40	8.65	98.63	75.0	2	31.0
223.031	30.58	4.32	131.98	11.26	9.05	101.91	77.2	2	30.0
223.092	31.19	4.22	131.57	11.32	8.95	101.35	77.0	2	30.0
223.196	30.46	4.32	131.60	11.23	9.01	101.19	76.9	2	32.5
223.341	30.38	4.33	131.59	11.29	8.91	100.60	76.4	2	31.0
223.402	30.41	4.33	131.78	11.30	8.98	101.52	77.0	2	30.5
223.506	30.14	4.37	131.73	11.28	8.90	100.38	76.2	2	31.5
223.651	29.03	4.53	131.52	11.40	8.70	99.24	75.5	2	31.5
223.712	29.22	4.50	131.49	11.35	8.87	100.67	76.6	2	30.5
223.816	29.75	4.43	131.71	11.42	8.84	100.98	76.7	2	31.5
223.961	30.84	4.26	131.24	11.39	8.86	100.93	76.9	2	30.0
224.022	31.11	4.18	129.98	11.28	8.90	100.37	77.2	2	29.5
224.126	30.69	4.27	131.19	11.33	8.84	100.23	76.4	2	30.0
224.271	29.35	4.49	131.90	11.28	8.94	100.90	76.5	2	31.5
224.332	29.62	4.48	132.76	11.27	9.00	101.38	76.4	2	31.5
224.436	29.98	4.42	132.54	11.32	8.91	100.85	76.1	2	32.0
224.581	30.36	4.33	131.52	11.28	9.03	101.78	77.4	2	30.5
224.642	29.91	4.40	131.71	11.26	8.98	101.13	76.8	2	31.5
224.746	30.05	4.38	131.68	11.28	8.99	101.47	77.1	2	31.5
224.891	29.52	4.45	131.36	11.21	9.34	104.66	79.7	2	31.0
224.952	29.32	4.48	131.39	11.24	9.22	103.65	78.9	2	31.0
225.056	30.33	4.31	130.73	11.27	9.20	103.61	79.3	2	30.0
225.201	31.09	4.22	131.20	11.28	8.99	101.45	77.3	2	30.0
225.262	30.94	4.23	130.87	11.34	8.78	99.57	76.1	2	30.0
225.366	30.49	4.33	131.96	11.27	8.94	100.68	76.3	2	31.0
225.511	30.39	4.33	131.46	11.26	9.01	101.37	77.1	2	30.0
225.572	30.82	4.25	131.13	11.30	8.99	101.62	77.5	2	30.0
225.676	29.63	4.44	131.58	11.27	9.03	101.80	77.4	2	32.5
225.821	29.54	4.44	131.23	11.23	8.99	101.02	77.0	2	30.5
225.882	29.97	4.36	130.58	11.26	8.90	100.22	76.7	2	30.5
225.986	30.65	4.26	130.50	11.27	9.01	101.53	77.8	2	30.0
226.131	28.95	4.50	130.15	11.17	8.98	100.29	77.1	2	32.5
226.192	28.88	4.51	130.36	11.26	8.85	99.74	76.5	2	30.5
226.296	30.13	4.33	130.58	11.23	9.03	101.36	77.6	2	30.5
226.441	29.00	4.53	131.23	11.19	8.90	99.63	75.9	2	33.5
226.502	28.44	4.59	130.43	11.23	8.92	100.19	76.8	2	31.0
226.606	30.13	4.35	131.14	11.22	8.86	99.36	75.8	2	29.5
226.751	30.76	4.25	130.66	11.21	8.87	99.51	76.2	2	30.0
226.812	30.04	4.36	131.03	11.25	8.84	99.46	75.9	2	32.0
226.916	28.85	4.55	131.14	11.20	8.99	100.61	76.7	2	31.0
227.061	30.59	4.27	130.68	11.19	9.00	100.69	77.0	2	30.5
227.122	30.06	4.36	131.13	11.24	8.94	100.53	76.7	2	30.5
227.226	29.81	4.42	131.86	11.31	8.89	100.53	76.2	2	31.5
227.371	30.13	4.38	131.91	11.29	8.98	101.40	76.9	2	30.5
227.432	30.59	4.29	131.24	11.26	8.94	100.61	76.7	2	30.0
227.536	29.42	4.47	131.64	11.28	9.09	102.55	77.9	2	33.0
227.681	30.24	4.32	130.71	11.29	8.87	100.12	76.6	2	29.5
227.742	30.77	4.23	130.12	11.23	8.95	100.51	77.2	2	30.0
227.846	30.46	4.28	130.38	11.31	8.87	100.30	76.9	2	30.5
227.991	29.43	4.46	131.30	11.28	9.06	102.26	77.9	2	31.5
228.052	29.21	4.50	131.35	11.26	9.04	101.79	77.5	2	30.5
228.156	30.22	4.35	131.53	11.32	8.85	100.08	76.1	2	31.0
228.301	29.66	4.43	131.32	11.36	8.93	101.47	77.3	2	30.0
228.362	30.13	4.33	130.42	11.28	9.04	102.01	78.2	2	30.0
228.466	30.52	4.30	131.32	11.37	8.80	100.10	76.2	2	30.0
228.611	29.52	4.48	132.20	11.35	9.01	102.29	77.4	2	31.0
228.672	29.81	4.43	132.14	11.31	9.10	102.96	77.9	2	31.0
228.776	30.25	4.35	131.57	11.43	8.73	99.81	75.9	2	31.0
228.921	30.22	4.38	132.49	11.29	9.01	101.77	76.8	2	31.0
228.982	30.35	4.35	132.03	11.29	9.03	101.92	77.2	2	30.5
229.086	30.05	4.38	131.68	11.37	8.88	100.90	76.6	2	31.0
229.231	29.82	4.45	132.66	11.33	8.98	101.74	76.7	2	31.5
229.292	29.78	4.44	132.36	11.33	8.99	101.91	77.0	2	30.0
229.396	30.24	4.34	131.21	11.36	8.76	99.57	75.9	2	30.5
229.541	30.52	4.33	132.05	11.31	8.97	101.47	76.8	2	31.0
229.602	30.27	4.37	132.28	11.26	9.05	102.00	77.1	2	31.0
229.706	29.78	4.44	132.18	11.35	8.92	101.30	76.6	2	31.5
229.851	30.13	4.36	131.40	11.34	9.01	102.19	77.8	2	31.0
229.912	29.54	4.45	131.49	11.31	8.97	101.51	77.2	2	32.0
230.016	29.41	4.47	131.35	11.40	8.73	99.58	75.8	2	30.0
230.161	30.04	4.39	131.84	11.38	8.93	101.66	77.1	2	30.0
230.222	30.48	4.32	131.53	11.32	8.97	101.52	77.2	2	30.5
230.326	30.06	4.35	130.87	11.39	8.79	100.17	76.5	2	30.5
230.471	29.26	4.49	131.41	11.32	8.96	101.48	77.2	2	31.5
230.532	29.87	4.41	131.78	11.33	8.95	101.41	77.0	2	30.5
230.636	30.47	4.32	131.55	11.38	8.73	99.37	75.5	2	32.0
230.781	29.35	4.50	132.07	11.37	8.96	101.94	77.2	2	33.0
230.842	29.06	4.52	131.25	11.35	8.84	100.38	76.5	2	30.5
230.946	30.57	4.28	130.81	11.28	8.93	100.71	77.0	2	29.5
231.091	29.95	4.36	130.68	11.28	8.87	100.08	76.6	2	32.0
231.152	29.09	4.49	130.58	11.24	8.91	100.19	76.7	2	31.5
231.256	30.42	4.29	130.38	11.23	8.91	100.10	76.8	2	29.0
231.401	29.52	4.45	131.49	11.22	8.96	100.58	76.5	2	33.0
231.462	29.11	4.50	131.02	11.29	8.85	99.95	76.3	2	30.5
231.566	30.13	4.35	130.99	11.26	8.94	100.66	76.8	2	29.5
231.711	29.39	4.48	131.70	11.30	9.03	102.02	77.5	2	31.0
231.772	29.81	4.41	131.32	11.27	9.01	101.55	77.3	2	29.5
231.876	30.35	4.31	130.66	11.30	8.90	100.60	77.0	2	31.5
232.021	30.21	4.35	131.27	11.24	8.98	100.94	76.9	2	29.5
232.082	30.88	4.24	130.96	11.21	8.99	100.71	76.9	2	30.5
232.186	29.82	4.39	131.00	11.24	9.00	101.14	77.2	2	32.0
232.331	28.48	4.59	130.76	11.24	8.85	99.46	76.1	2	31.0
232.392	29.64	4.41	130.62	11.25	8.94	100.58	77.0	2	30.5
232.496	30.53	4.26	130.13	11.20	9.09	101.80	78.2	2	30.5
232.641	29.86	4.40	131.33	11.30	8.92	100.75	76.7	2	31.0
232.702	29.81	4.41	131.56	11.23	8.93	100.36	76.3	2	30.5
232.806	29.78	4.42	131.76	11.20	9.04	101.32	76.9	2	32.0
232.951	29.58	4.45	131.73	11.19	9.06	101.37	77.0	2	29.5
233.012	29.71	4.43	131.75	11.27	8.99	101.31	76.9	2	32.0
233.116	30.02	4.40	132.20	11.26	9.00	101.41	76.7	2	29.5
233.261	31.28	4.18	130.65	11.23	8.98	100.89	77.2	2	29.0
233.322	31.20	4.18	130.56	11.30	8.75	98.84	75.7	2	31.0
233.426	29.22	4.46	130.43	11.23	8.99	100.91	77.4	2	32.0
233.571	30.55	4.29	130.93	11.27	9.02	101.58	77.6	2	30.5
233.632	30.73	4.26	130.97	11.27	8.96	101.03	77.1	2	29.0
233.736	29.64	4.40	130.30	11.29	8.81	99.46	76.3	2	32.5
233.881	30.43	4.32	131.47	11.30	8.80	99.42	75.6	2	31.0
233.942	30.21	4.37	132.12	11.35	8.82	100.04	75.7	2	31.0
234.046	29.79	4.43	131.95	11.27	8.87	99.95	75.7	2	31.0
234.191	29.82	4.40	131.32	11.28	9.09	102.53	78.1	2	29.5
234.252	30.02	4.34	130.39	11.25	9.04	101.67	78.0	2	30.5
234.356	30.43	4.29	130.57	11.28	9.08	102.38	78.4	2	30.5
234.501	29.85	4.40	131.44	11.27	8.83	99.51	75.7	2	31.5
234.562	29.45	4.45	131.12	11.18	9.10	101.79	77.6	2	32.0
234.666	29.27	4.48	130.99	11.17	9.09	101.59	77.6	2	31.0
234.811	30.22	4.32	130.49	11.22	9.06	101.63	77.9	2	31.0
234.872	30.13	4.35	131.19	11.32	8.81	99.70	76.0	2	30.0
234.976	30.78	4.25	130.84	11.23	8.95	100.55	76.8	2	31.5
235.121	30.12	4.37	131.48	11.19	9.13	102.14	77.7	2	30.0
235.182	30.44	4.32	131.37	11.22	9.05	101.51	77.3	2	31.0
235.286	29.97	4.39	131.46	11.31	8.91	100.74	76.6	2	32.0
235.431	29.18	4.53	132.08	11.31	8.90	100.65	76.2	2	30.5
235.492	29.72	4.45	132.12	11.28	8.97	101.17	76.6	2	30.5
235.596	30.12	4.38	131.95	11.27	9.03	101.79	77.1	2	30.5
235.741	30.03	4.40	132.03	11.27	8.96	100.90	76.4	2	29.5
235.802	30.59	4.28	130.83	11.30	9.00	101.79	77.8	2	30.5
235.906	30.58	4.29	131.22	11.23	9.02	101.32	77.2	2	29.0
236.051	29.91	4.39	131.25	11.21	9.10	102.03	77.7	2	32.5
236.112	29.04	4.50	130.78	11.25	8.88	99.87	76.4	2	32.0
236.216	29.73	4.42	131.38	11.31	9.04	102.26	77.8	2	30.5
236.361	29.56	4.44	131.20	11.29	9.00	101.58	77.4	2	31.5
236.422	29.38	4.46	130.93	11.30	8.85	99.98	76.4	2	31.5
236.526	29.96	4.38	131.28	11.27	9.00	101.46	77.3	2	30.5
236.671	29.00	4.48	130.05	11.30	8.92	100.87	77.6	2	31.0
236.732	29.47	4.44	130.71	11.32	8.94	101.23	77.4	2	30.0
236.836	30.31	4.31	130.74	11.19	9.04	101.17	77.4	2	31.5
236.981	28.65	4.55	130.45	11.21	8.94	100.20	76.8	2	31.5
237.042	29.32	4.45	130.61	11.24	9.02	101.31	77.6	2	30.0
237.146	30.35	4.29	130.14	11.26	8.88	100.05	76.9	2	31.0
237.291	29.31	4.47	130.89	11.23	8.95	100.48	76.8	2	32.0
237.352	28.91	4.51	130.46	11.26	9.04	101.72	78.0	2	31.0
237.456	30.03	4.36	131.05	11.26	8.84	99.55	76.0	2	30.0
237.601	29.80	4.42	131.59	11.24	9.06	101.81	77.4	2	32.0
237.662	29.42	4.48	131.75	11.20	9.03	101.12	76.7	2	30.5
237.766	30.46	4.28	130.27	11.29	8.70	98.20	75.4	2	29.5
237.911	29.65	4.44	131.66	11.27	8.87	100.02	76.0	2	31.5
237.972	29.18	4.51	131.48	11.24	8.96	100.65	76.5	2	31.0
238.076	29.51	4.45	131.42	11.24	8.95	100.55	76.5	2	30.5
238.221	28.89	4.53	130.96	11.21	8.96	100.44	76.7	2	31.5
238.282	29.35	4.46	131.04	11.21	9.00	100.90	77.0	2	30.0
238.386	30.56	4.28	130.76	11.22	9.00	101.00	77.2	2	30.0
238.531	30.44	4.32	131.41	11.19	8.98	100.47	76.5	2	29.5
238.592	30.83	4.25	130.91	11.21	8.97	100.50	76.8	2	30.0
238.696	29.45	4.45	131.14	11.24	8.88	99.80	76.1	2	31.5
238.841	29.39	4.49	132.03	11.27	9.06	102.16	77.4	2	31.5
238.902	29.69	4.44	131.70	11.21	9.08	101.82	77.3	2	30.5
239.006	29.96	4.39	131.59	11.23	8.99	100.90	76.7	2	30.0
239.151	30.63	4.26	130.53	11.14	9.06	100.93	77.3	2	30.5
239.212	29.98	4.38	131.16	11.22	9.01	101.09	77.1	2	32.0
239.316	30.27	4.30	130.11	11.26	8.93	100.60	77.3	2	30.5
239.461	29.74	4.40	130.92	11.23	9.14	102.61	78.4	2	31.0
239.522	30.26	4.34	131.27	11.23	8.98	100.93	76.9	2	29.5
239.626	29.82	4.40	131.15	11.22	8.99	100.89	76.9	2	30.5
239.771	30.07	4.38	131.74	11.25	8.97	100.90	76.6	2	32.0
239.832	28.91	4.50	130.21	11.23	8.97	100.75	77.4	2	32.0
239.936	28.98	4.50	130.50	11.20	8.97	100.44	77.0	2	31.0
240.081	30.64	4.28	131.17	11.24	9.02	101.38	77.3	2	30.0
240.142	30.82	4.23	130.44	11.17	8.92	99.65	76.4	2	29.5
240.246	29.85	4.39	130.97	11.21	8.95	100.34	76.6	2	32.5
240.391	29.78	4.39	130.73	11.06	9.05	100.13	76.6	2	29.0
240.452	30.77	4.21	129.51	11.11	8.90	98.88	76.3	2	30.0
240.556	29.71	4.40	130.65	11.10	9.00	99.88	76.4	2	31.5
240.701	30.04	4.37	131.22	11.21	8.95	100.24	76.4	2	30.5
240.762	29.76	4.41	131.22	11.14	9.15	102.01	77.7	2	31.5
240.866	30.21	4.33	130.69	11.16	9.01	100.58	77.0	2	30.0
241.011	29.83	4.42	131.77	11.26	8.91	100.28	76.1	2	30.5
241.072	30.27	4.35	131.60	11.27	8.81	99.30	75.5	2	30.5
241.176	30.39	4.33	131.44	11.28	9.03	101.84	77.5	2	30.5
241.321	28.77	4.53	130.34	11.29	8.80	99.44	76.3	2	32.0
241.382	28.61	4.55	130.28	11.23	8.95	100.41	77.1	2	32.0
241.486	29.86	4.35	129.97	11.20	8.97	100.55	77.4	2	31.0
241.631	30.03	4.35	130.51	11.19	9.09	101.68	77.9	2	29.5
241.692	30.58	4.26	130.20	11.16	9.08	101.39	77.9	2	30.5
241.796	30.58	4.27	130.47	11.24	8.78	98.74	75.7	2	31.0
241.941	28.55	4.55	129.80	11.17	8.93	99.75	76.9	2	32.5
242.002	29.10	4.48	130.31	11.18	9.07	101.48	77.9	2	30.5
242.106	30.26	4.32	130.87	11.17	8.97	100.18	76.6	2	30.0
242.251	30.10	4.36	131.12	11.22	9.12	102.29	78.0	2	30.0
242.312	29.71	4.42	131.30	11.17	9.16	102.34	77.9	2	31.5
242.416	29.66	4.43	131.46	11.21	9.03	101.25	77.0	2	29.5
242.561	29.51	4.44	131.15	11.16	9.13	101.90	77.7	2	30.5
242.622	29.79	4.40	131.07	11.14	9.12	101.58	77.5	2	30.5
242.726	29.71	4.42	131.23	11.24	8.95	100.63	76.7	2	30.5
242.871	30.57	4.29	131.10	11.14	9.07	101.06	77.1	2	29.5
242.932	30.63	4.29	131.29	11.22	8.93	100.13	76.3	2	31.0
243.036	30.12	4.36	131.44	11.19	9.06	101.40	77.1	2	31.0
243.181	29.71	4.42	131.40	11.23	9.04	101.48	77.2	2	30.0
243.242	30.35	4.30	130.51	11.17	9.05	101.04	77.4	2	30.0
243.346	30.35	4.30	130.49	11.13	9.03	100.48	77.0	2	30.5
243.491	29.11	4.48	130.53	11.15	8.96	99.86	76.5	2	30.0
243.552	29.91	4.37	130.58	11.19	8.95	100.17	76.7	2	30.0
243.656	30.08	4.36	131.17	11.20	9.00	100.76	76.8	2	32.0
243.801	30.57	4.32	132.19	11.14	9.03	100.62	76.1	2	29.0
243.862	30.49	4.32	131.85	11.12	9.09	101.10	76.7	2	31.0
243.966	30.08	4.37	131.52	11.19	8.90	99.57	75.7	2	31.0
244.111	30.12	4.34	130.73	11.16	9.06	101.09	77.3	2	31.0
244.172	30.14	4.35	131.05	11.14	9.11	101.52	77.5	2	29.0
244.276	30.25	4.34	131.20	11.15	8.89	99.14	75.6	2	30.0
244.421	30.09	4.34	130.66	11.14	9.06	100.92	77.2	2	31.5
244.482	29.79	4.40	131.03	11.19	9.01	100.91	77.0	2	32.0
244.586	29.44	4.44	130.64	11.14	9.00	100.34	76.8	2	30.0
244.731	30.89	4.24	130.84	11.17	8.95	99.93	76.4	2	30.5
244.792	30.58	4.28	130.77	11.16	9.00	100.39	76.8	2	29.5
244.896	29.72	4.38	130.23	11.15	8.95	99.82	76.7	2	31.5
245.041	29.84	4.41	131.50	11.17	8.96	100.16	76.2	2	30.5
245.102	29.79	4.39	130.83	11.16	9.06	101.10	77.3	2	30.5
245.206	29.66	4.44	131.56	11.18	8.98	100.41	76.3	2	30.0
245.351	29.81	4.39	130.73	11.18	9.02	100.83	77.1	2	31.0
245.412	29.60	4.43	131.05	11.28	8.95	100.89	77.0	2	30.5
245.516	30.13	4.35	131.07	11.18	9.18	102.63	78.3	2	30.5
245.661	30.50	4.31	131.53	11.23	9.09	102.07	77.6	2	31.0
245.722	29.87	4.39	131.05	11.21	9.11	102.12	77.9	2	32.0
245.826	29.94	4.39	131.38	11.19	9.12	102.06	77.7	2	30.0
245.971	29.13	4.50	131.07	11.13	9.00	100.26	76.5	2	31.5
246.032	29.24	4.49	131.41	11.11	9.06	100.70	76.6	2	30.5
246.136	30.56	4.29	131.07	11.13	8.96	99.76	76.1	2	30.0
246.281	30.82	4.26	131.40	11.11	9.07	100.82	76.7	2	29.5
246.342	30.89	4.23	130.78	11.12	8.99	99.90	76.4	2	30.5
246.446	29.54	4.43	130.83	11.12	9.02	100.34	76.7	2	32.0
246.591	29.96	4.36	130.67	11.11	9.00	100.01	76.5	2	29.5
246.652	30.25	4.32	130.57	11.13	9.00	100.19	76.7	2	30.5
246.756	29.86	4.40	131.30	11.10	9.15	101.52	77.3	2	31.5
246.901	29.36	4.50	132.12	11.16	9.03	100.72	76.2	2	31.0
246.962	29.49	4.45	131.33	11.16	8.97	100.09	76.2	2	31.0
247.066	30.29	4.34	131.31	11.09	9.15	101.45	77.3	2	29.5
247.211	29.84	4.40	131.42	11.23	8.92	100.15	76.2	2	30.5
247.272	30.14	4.36	131.47	11.20	8.96	100.37	76.3	2	29.0
247.376	30.98	4.19	129.69	11.18	8.84	98.77	76.2	2	29.5
247.521	30.09	4.38	131.78	11.12	9.20	102.25	77.6	2	30.5
247.582	29.78	4.42	131.61	11.22	9.01	101.03	76.8	2	31.0
247.686	29.19	4.49	131.12	11.15	9.12	101.74	77.6	2	30.5
247.831	30.74	4.27	131.31	11.19	8.92	99.90	76.1	2	31.0
247.892	30.39	4.34	132.02	11.15	9.03	100.76	76.3	2	30.0
247.996	30.45	4.33	131.77	11.14	9.10	101.33	76.9	2	31.0
248.141	29.93	4.40	131.62	11.14	9.18	102.30	77.7	2	29.5
248.202	30.19	4.34	130.96	11.16	9.09	101.44	77.5	2	31.0
248.306	29.31	4.48	131.20	11.19	9.01	100.88	76.9	2	31.0
248.451	30.67	4.26	130.61	11.15	9.03	100.65	77.1	2	29.5
248.512	30.94	4.23	130.87	11.14	8.96	99.77	76.2	2	30.5
248.616	29.63	4.44	131.51	11.12	9.11	101.33	77.1	2	31.5
248.761	29.92	4.39	131.29	11.12	9.18	102.06	77.7	2	30.0
248.822	30.34	4.32	131.01	11.11	9.16	101.77	77.7	2	30.5
248.926	29.74	4.42	131.51	11.14	9.02	100.42	76.4	2	30.5
249.071	30.40	4.34	131.92	11.15	9.06	100.99	76.6	2	29.5
249.132	30.26	4.35	131.74	11.22	8.92	100.10	76.0	2	30.5
249.236	30.21	4.35	131.31	11.19	9.11	101.91	77.6	2	31.0
249.381	30.13	4.37	131.76	11.22	9.09	102.00	77.4	2	30.5
249.442	29.77	4.42	131.66	11.12	9.23	102.66	78.0	2	32.0
249.546	30.57	4.29	131.24	11.12	9.04	100.58	76.6	2	30.5
249.691	28.87	4.51	130.28	11.11	8.97	99.68	76.5	2	31.0
249.752	29.68	4.40	130.53	11.14	9.02	100.51	77.0	2	29.0
249.856	29.12	4.44	129.36	11.10	8.99	99.85	77.2	2	32.5
250.001	30.01	4.36	130.80	11.07	9.02	99.85	76.3	2	29.0
250.062	30.43	4.28	130.12	11.08	9.05	100.24	77.0	2	31.0
250.166	29.66	4.42	131.06	11.15	8.93	99.53	75.9	2	31.5
250.311	28.96	4.49	130.17	11.20	8.97	100.49	77.2	2	31.0
250.372	29.72	4.41	131.05	11.16	8.99	100.31	76.5	2	30.5
250.476	28.89	4.51	130.42	11.10	8.94	99.26	76.1	2	32.5
250.621	30.22	4.31	130.36	11.09	9.00	99.88	76.6	2	29.5
250.682	30.87	4.21	130.04	11.10	8.86	98.41	75.7	2	29.5
250.786	29.49	4.42	130.25	11.09	8.91	98.81	75.9	2	32.5
250.931	28.56	4.57	130.58	11.03	8.92	98.44	75.4	2	30.0
250.992	29.72	4.39	130.51	11.03	9.07	100.08	76.7	2	29.5
251.096	29.85	4.37	130.42	11.03	9.03	99.63	76.4	2	31.5
251.241	30.16	4.35	131.25	11.05	9.10	100.57	76.6	2	29.5
251.302	30.60	4.28	131.06	11.07	9.10	100.68	76.8	2	29.5
251.406	29.84	4.39	131.01	11.08	9.10	100.83	77.0	2	31.0
251.551	29.40	4.44	130.60	11.11	9.16	101.77	77.9	2	31.5
251.612	29.64	4.41	130.68	11.12	9.09	101.08	77.4	2	29.5
251.716	30.46	4.28	130.43	11.10	9.15	101.55	77.9	2	30.5
251.861	30.44	4.33	131.82	11.09	9.15	101.42	76.9	2	29.0
251.922	30.37	4.33	131.49	11.09	9.05	100.38	76.3	2	31.0
252.026	29.62	4.43	131.25	11.18	8.98	100.40	76.5	2	30.0
252.171	29.59	4.45	131.53	11.14	8.98	100.07	76.1	2	32.0
252.232	29.23	4.51	131.69	11.15	9.02	100.63	76.4	2	31.5
252.336	29.58	4.44	131.34	11.19	9.02	100.91	76.8	2	31.5
252.481	29.35	4.46	130.87	11.15	9.13	101.78	77.8	2	30.5
252.542	30.11	4.35	131.06	11.21	9.02	101.17	77.2	2	30.0
252.646	30.38	4.32	131.26	11.20	8.94	100.12	76.3	2	30.0
252.791	29.73	4.43	131.62	11.22	8.93	100.20	76.1	2	31.5
252.852	29.30	4.49	131.39	11.20	9.03	101.18	77.0	2	32.0
252.956	28.59	4.57	130.79	11.11	9.16	101.84	77.9	2	30.5
253.101	29.42	4.49	132.17	11.20	8.98	100.63	76.1	2	30.5
253.162	29.70	4.43	131.41	11.19	9.04	101.18	77.0	2	31.0
253.266	29.82	4.41	131.44	11.20	9.08	101.75	77.4	2	31.5
253.411	29.60	4.45	131.62	11.10	9.03	100.23	76.1	2	30.0
253.472	30.32	4.33	131.34	11.11	9.05	100.53	76.5	2	30.5
253.576	29.04	4.50	130.74	11.13	9.02	100.44	76.8	2	32.5
253.721	29.85	4.40	131.43	11.13	9.03	100.56	76.5	2	29.5
253.782	30.72	4.27	131.09	11.18	8.92	99.71	76.1	2	30.5
253.886	29.47	4.45	131.10	11.16	8.98	100.19	76.4	2	31.0
254.031	29.99	4.40	132.00	11.27	8.98	101.24	76.7	2	30.5
254.092	29.57	4.46	132.01	11.17	9.17	102.43	77.6	2	31.0
254.196	29.40	4.48	131.82	11.13	9.17	102.11	77.5	2	31.0
254.341	29.87	4.43	132.42	11.14	9.16	102.01	77.0	2	31.0
254.402	29.92	4.42	132.33	11.15	8.97	100.01	75.6	2	31.0
254.506	30.56	4.31	131.74	11.19	9.06	101.28	76.9	2	30.5
254.651	29.18	4.52	131.87	11.20	9.01	100.91	76.5	2	30.5
254.712	29.56	4.44	131.35	11.17	9.11	101.80	77.5	2	31.0
254.816	29.97	4.40	131.81	11.15	9.16	102.20	77.5	2	30.0
254.961	29.83	4.39	130.96	11.16	9.09	101.47	77.5	2	29.5
255.022	30.51	4.29	130.75	11.12	9.13	101.46	77.6	2	30.5
255.126	30.07	4.37	131.36	11.14	9.30	103.53	78.8	2	30.5
255.271	30.13	4.37	131.60	11.23	9.01	101.16	76.9	2	31.0
255.332	29.55	4.46	131.75	11.15	9.15	101.98	77.4	2	31.5
255.436	29.96	4.40	131.86	11.19	9.12	101.99	77.3	2	31.0
255.581	29.46	4.49	132.17	11.16	9.12	101.80	77.0	2	31.0
255.642	29.83	4.43	132.21	11.17	9.13	101.99	77.1	2	30.5
255.746	30.40	4.33	131.63	11.16	9.18	102.49	77.9	2	31.0
255.891	29.70	4.43	131.69	11.17	9.16	102.34	77.7	2	31.0
255.952	29.45	4.48	132.04	11.17	9.04	100.95	76.5	2	30.5
256.056	30.16	4.35	131.19	11.12	9.23	102.64	78.2	2	30.5
256.201	30.00	4.42	132.55	11.17	9.17	102.43	77.3	2	29.5
256.262	30.22	4.37	132.00	11.18	9.07	101.31	76.8	2	30.5
256.366	29.93	4.40	131.85	11.15	9.11	101.55	77.0	2	30.5
256.511	29.65	4.43	131.39	11.15	9.15	102.03	77.7	2	30.0
256.572	30.11	4.38	131.82	11.06	9.19	101.63	77.1	2	29.5
256.676	30.35	4.34	131.62	11.14	9.07	101.03	76.8	2	31.5
256.821	30.07	4.41	132.47	11.18	8.98	100.35	75.8	2	30.5
256.882	30.43	4.35	132.35	11.19	8.91	99.63	75.3	2	29.5
256.986	30.06	4.40	132.28	11.23	8.95	100.51	76.0	2	31.0
257.131	30.62	4.31	131.95	11.16	9.16	102.20	77.5	2	30.5
257.192	30.41	4.32	131.36	11.09	9.16	101.55	77.3	2	29.0
257.296	30.81	4.26	131.33	11.10	9.16	101.67	77.4	2	31.0
257.441	29.97	4.42	132.54	11.21	9.18	102.93	77.7	2	30.0
257.502	30.36	4.34	131.87	11.25	9.00	101.23	76.8	2	30.5
257.606	29.23	4.49	131.39	11.18	9.12	101.86	77.5	2	32.0
257.751	30.39	4.33	131.62	11.20	8.95	100.28	76.2	2	29.0
257.812	30.69	4.29	131.68	11.19	8.91	99.68	75.7	2	30.0
257.916	29.32	4.48	131.20	11.17	9.00	100.53	76.6	2	32.0
258.061	29.10	4.52	131.54	11.16	8.99	100.38	76.3	2	29.5
258.122	29.89	4.39	131.18	11.21	8.94	100.20	76.4	2	31.0
258.226	29.30	4.47	131.03	11.19	9.06	101.35	77.4	2	31.0
258.371	30.68	4.25	130.53	11.13	9.13	101.67	77.9	2	29.5
258.432	30.71	4.29	131.92	11.10	9.19	102.00	77.3	2	31.5
258.536	29.73	4.44	131.98	11.18	9.02	100.87	76.4	2	30.0
258.681	30.92	4.26	131.61	11.14	8.92	99.34	75.5	2	29.5
258.742	30.26	4.35	131.73	11.15	8.96	99.92	75.9	2	31.5
258.846	29.75	4.41	131.13	11.22	9.06	101.60	77.5	2	31.0
258.991	29.23	4.51	131.97	11.20	9.08	101.67	77.0	2	29.5
259.052	29.86	4.40	131.48	11.21	9.18	102.91	78.3	2	31.0
259.156	29.49	4.48	132.05	11.21	9.02	101.06	76.5	2	30.5
259.301	30.23	4.37	132.01	11.16	9.19	102.52	77.7	2	29.0
259.362	30.59	4.29	131.27	11.11	9.17	101.90	77.6	2	30.5
259.466	30.52	4.31	131.55	11.17	9.14	102.14	77.6	2	30.0
259.611	28.89	4.55	131.37	11.20	8.86	99.26	75.6	2	32.5
259.672	28.43	4.60	130.81	11.15	9.01	100.50	76.8	2	31.5
259.776	29.91	4.40	131.53	11.20	9.01	100.84	76.7	2	29.5
259.921	29.46	4.49	132.22	11.16	9.05	101.04	76.4	2	30.0
259.982	30.05	4.37	131.39	11.18	9.04	101.12	77.0	2	30.5
260.086	30.84	4.26	131.32	11.23	8.95	100.47	76.5	2	30.5
260.231	29.39	4.47	131.49	11.23	8.96	100.61	76.5	2	31.5
260.292	29.16	4.52	131.73	11.21	9.10	102.05	77.5	2	31.5
260.396	30.37	4.33	131.42	11.17	8.98	100.35	76.4	2	30.0
260.541	29.44	4.49	132.10	11.17	9.00	100.54	76.1	2	30.0
260.602	30.31	4.36	132.20	11.12	8.97	99.77	75.5	2	29.0
260.706	29.74	4.43	131.74	11.15	9.03	100.63	76.4	2	32.5
260.851	29.77	4.43	131.91	11.23	8.86	99.56	75.5	2	30.0
260.912	30.28	4.36	131.92	11.17	9.04	100.99	76.6	2	29.5
261.016	29.95	4.39	131.50	11.15	9.16	102.13	77.7	2	31.0
261.161	30.48	4.30	131.16	11.22	9.04	101.47	77.4	2	30.0
261.222	30.03	4.37	131.28	11.23	9.02	101.28	77.1	2	31.5
261.326	29.15	4.49	131.03	11.26	8.90	100.18	76.5	2	30.0
261.471	30.33	4.33	131.46	11.25	9.04	101.75	77.4	2	31.0
261.532	29.74	4.44	132.07	11.26	8.89	100.13	75.8	2	30.0
261.636	29.97	4.41	132.27	11.19	9.03	101.00	76.4	2	31.0
261.781	29.78	4.44	132.23	11.18	9.10	101.75	77.0	2	30.5
261.842	30.24	4.34	131.37	11.22	9.15	102.64	78.1	2	31.0
261.946	30.76	4.25	130.79	11.19	9.04	101.13	77.3	2	29.5
262.091	30.89	4.21	130.14	11.17	9.04	101.03	77.6	2	31.5
262.152	29.36	4.44	130.43	11.14	8.95	99.67	76.4	2	32.0
262.256	29.95	4.40	131.73	11.15	8.83	98.42	74.7	2	29.0
262.401	31.06	4.20	130.37	11.16	9.06	101.13	77.6	2	31.0
262.462	29.87	4.39	131.08	11.19	8.97	100.44	76.6	2	32.5
262.566	29.33	4.50	131.90	11.11	9.16	101.80	77.2	2	30.0
262.711	30.12	4.41	132.73	11.17	9.16	102.27	77.0	2	31.0
262.772	29.90	4.45	132.96	11.16	9.01	100.51	75.6	2	30.5
262.876	30.20	4.39	132.68	11.18	9.05	101.23	76.3	2	30.5
263.021	30.30	4.39	133.11	11.21	9.12	102.24	76.8	2	31.5
263.082	29.79	4.43	132.10	11.25	8.89	100.00	75.7	2	31.0
263.186	29.49	4.47	131.90	11.18	9.10	101.80	77.2	2	31.0
263.331	29.79	4.43	131.88	11.19	9.11	101.91	77.3	2	29.5
263.392	30.42	4.34	131.92	11.21	8.96	100.38	76.1	2	30.5
263.496	30.16	4.37	131.79	11.22	8.98	100.75	76.4	2	31.0
263.641	29.69	4.48	132.96	11.22	9.06	101.68	76.5	2	31.5
263.702	29.80	4.47	133.32	11.25	9.12	102.61	77.0	2	31.5
263.806	30.20	4.39	132.74	11.17	9.21	102.80	77.4	2	30.0
263.951	29.66	4.45	132.11	11.23	9.16	102.92	77.9	2	30.0
264.012	29.50	4.45	131.28	11.20	9.09	101.87	77.6	2	30.5
264.116	30.32	4.35	131.88	11.30	8.87	100.16	75.9	2	30.5
264.261	30.05	4.40	132.30	11.22	9.01	101.13	76.4	2	29.5
264.322	30.36	4.35	132.15	11.16	9.15	102.11	77.3	2	31.0
264.426	29.60	4.46	132.15	11.16	9.14	102.04	77.2	2	32.0
264.571	30.31	4.36	132.21	11.20	9.09	101.82	77.0	2	30.0
264.632	30.07	4.39	132.02	11.21	9.07	101.70	77.0	2	31.0
264.736	30.61	4.29	131.20	11.22	9.17	102.93	78.5	2	30.5
264.881	30.70	4.30	131.94	11.20	9.03	101.12	76.6	2	30.5
264.942	30.10	4.38	131.81	11.21	9.15	102.59	77.8	2	30.5
265.046	29.79	4.43	131.97	11.19	9.16	102.53	77.7	2	31.0
265.191	30.06	4.41	132.63	11.22	9.12	102.30	77.1	2	29.5
265.252	30.24	4.35	131.67	11.20	9.06	101.39	77.0	2	30.5
265.356	30.95	4.24	131.16	11.20	9.09	101.79	77.6	2	30.5
265.501	29.53	4.50	132.77	11.19	9.03	101.05	76.1	2	30.5
265.562	29.87	4.44	132.49	11.15	9.17	102.32	77.2	2	30.0
265.666	29.61	4.48	132.62	11.14	9.21	102.61	77.4	2	31.5
265.811	31.02	4.26	132.07	11.14	9.16	102.07	77.3	2	31.0
265.872	30.27	4.37	132.21	11.16	9.11	101.73	76.9	2	31.5
265.976	30.27	4.37	132.22	11.26	9.01	101.46	76.7	2	30.0
266.121	29.25	4.52	132.30	11.20	8.92	99.98	75.6	2	32.0
266.182	29.25	4.52	132.21	11.26	8.83	99.44	75.2	2	31.0
266.286	30.01	4.42	132.51	11.15	9.10	101.49	76.6	2	30.5
266.431	30.21	4.36	131.75	11.21	9.14	102.49	77.8	2	29.5
266.492	30.43	4.33	131.62	11.11	9.22	102.35	77.8	2	31.5
266.596	29.35	4.47	131.20	11.12	9.10	101.13	77.1	2	30.0
266.741	30.34	4.38	132.84	11.07	9.20	101.81	76.6	2	29.5
266.802	30.81	4.28	131.98	11.13	9.19	102.30	77.5	2	31.0
266.906	29.63	4.47	132.44	11.12	9.16	101.89	76.9	2	32.0
267.051	30.26	4.36	131.86	11.15	9.26	103.17	78.2	2	30.0
267.112	30.14	4.40	132.51	11.15	9.24	103.04	77.8	2	31.5
267.216	29.55	4.48	132.44	11.19	9.13	102.17	77.1	2	32.0
267.361	30.89	4.26	131.65	11.17	8.96	100.03	76.0	2	30.5
267.422	30.62	4.32	132.42	11.21	9.00	100.90	76.2	2	31.0
267.526	30.00	4.41	132.38	11.18	9.17	102.54	77.5	2	31.0
267.671	30.23	4.40	132.95	11.25	9.09	102.24	76.9	2	30.5
267.732	30.38	4.37	132.90	11.19	9.04	101.18	76.1	2	29.5
267.836	30.29	4.35	131.72	11.22	8.98	100.70	76.4	2	30.0
267.981	30.25	4.38	132.39	11.23	8.91	100.14	75.6	2	31.0
268.042	30.18	4.40	132.85	11.25	8.94	100.56	75.7	2	30.0
268.146	30.12	4.40	132.40	11.21	9.07	101.66	76.8	2	31.5
268.291	30.35	4.36	132.46	11.21	9.10	101.93	77.0	2	29.5
268.352	30.75	4.30	132.14	11.18	9.12	101.94	77.1	2	30.0
268.456	29.99	4.40	131.88	11.19	8.99	100.64	76.3	2	32.0
268.601	30.18	4.38	132.22	11.16	9.12	101.71	76.9	2	29.5
268.662	30.80	4.26	131.27	11.18	9.05	101.19	77.1	2	30.0
268.766	29.05	4.50	130.73	11.12	9.16	101.88	77.9	2	32.5
268.911	29.97	4.36	130.79	11.14	8.97	100.00	76.5	2	29.0
268.972	30.94	4.20	129.88	11.09	9.04	100.33	77.3	2	29.0
269.076	30.46	4.29	130.68	11.15	8.87	98.95	75.7	2	30.5
269.221	30.22	4.37	132.22	11.18	9.09	101.60	76.8	2	32.5
269.282	29.16	4.51	131.54	11.15	9.00	100.40	76.3	2	32.5
269.386	29.53	4.45	131.43	11.16	9.10	101.54	77.3	2	31.0
269.531	30.59	4.28	131.01	11.14	9.06	100.89	77.0	2	30.0
269.592	30.56	4.30	131.35	11.19	8.99	100.57	76.6	2	31.0
269.696	29.11	4.51	131.18	11.21	9.08	101.76	77.6	2	32.5
269.841	30.08	4.37	131.46	11.19	9.03	101.09	76.9	2	31.5
269.902	29.47	4.45	131.15	11.21	9.07	101.65	77.5	2	31.0
270.006	28.97	4.53	131.19	11.11	9.19	102.15	77.9	2	30.5
270.151	28.99	4.51	130.77	11.21	9.13	102.32	78.2	2	30.5
270.212	29.97	4.38	131.17	11.19	9.06	101.38	77.3	2	30.0
270.316	29.43	4.46	131.35	11.18	9.05	101.10	77.0	2	31.5
270.461	29.96	4.40	131.98	11.19	9.19	102.75	77.9	2	30.0
270.522	30.55	4.31	131.77	11.19	9.10	101.89	77.3	2	30.0
270.626	29.37	4.49	131.83	11.16	9.18	102.40	77.7	2	31.5
270.771	30.32	4.37	132.40	11.23	8.99	100.94	76.2	2	29.5
270.832	30.28	4.34	131.54	11.17	9.11	101.72	77.3	2	30.5
270.936	29.48	4.47	131.70	11.15	9.05	100.97	76.7	2	31.0
271.081	30.35	4.34	131.58	11.12	9.13	101.49	77.1	2	30.0
271.142	30.82	4.27	131.55	11.16	8.99	100.28	76.2	2	29.5
271.246	30.52	4.32	131.75	11.12	9.24	102.77	78.0	2	32.0
271.391	30.19	4.36	131.50	11.15	9.15	101.98	77.6	2	29.5
271.452	30.30	4.33	131.27	11.16	9.13	101.91	77.6	2	31.0
271.556	29.22	4.49	131.23	11.23	8.92	100.14	76.3	2	30.5
271.701	29.40	4.49	131.95	11.18	8.97	100.29	76.0	2	33.0
271.762	28.94	4.54	131.34	11.17	8.99	100.34	76.4	2	30.5
271.866	30.30	4.32	130.98	11.18	8.93	99.84	76.2	2	29.5
272.011	30.80	4.30	132.50	11.13	9.14	101.76	76.8	2	31.0
272.072	30.17	4.40	132.66	11.20	9.00	100.83	76.0	2	31.0
272.176	30.14	4.41	132.91	11.22	9.17	102.85	77.4	2	31.0
272.321	30.24	4.38	132.39	11.23	9.08	102.01	77.1	2	30.0
272.382	30.15	4.40	132.52	11.16	9.20	102.67	77.5	2	31.0
272.486	29.93	4.44	132.95	11.15	9.19	102.43	77.0	2	30.5
272.631	29.57	4.47	132.27	11.20	9.07	101.61	76.8	2	30.0
272.692	30.36	4.33	131.59	11.23	9.00	101.06	76.8	2	29.5
272.796	31.23	4.16	129.86	11.16	8.94	99.77	76.8	2	29.0
272.941	29.20	4.48	130.89	11.17	8.96	100.05	76.4	2	33.5
273.002	28.25	4.59	129.67	11.09	8.82	97.81	75.4	2	31.5
273.106	30.01	4.35	130.66	11.07	9.12	100.99	77.3	2	29.5
273.251	30.13	4.34	130.87	11.10	9.00	99.86	76.3	2	32.0
273.312	29.08	4.49	130.69	11.10	8.93	99.11	75.8	2	32.0
273.416	29.72	4.42	131.30	11.16	9.03	100.80	76.8	2	30.5
273.561	30.15	4.40	132.57	11.16	9.14	101.99	76.9	2	30.5
273.622	30.41	4.35	132.35	11.15	9.12	101.64	76.8	2	30.5
273.726	30.07	4.42	132.80	11.17	9.03	100.87	76.0	2	30.0
273.871	30.69	4.27	131.15	11.16	8.98	100.26	76.4	2	30.5
273.932	30.42	4.35	132.30	11.15	9.03	100.73	76.1	2	31.5
274.036	29.84	4.43	132.18	11.26	8.88	100.00	75.7	2	31.5
274.181	30.77	4.28	131.56	11.19	8.91	99.79	75.8	2	30.0
274.242	30.68	4.29	131.68	11.21	8.97	100.51	76.3	2	31.0
274.346	29.56	4.48	132.28	11.15	8.96	99.93	75.5	2	30.0
274.491	29.41	4.51	132.75	11.12	9.17	101.96	76.8	2	30.0
274.552	30.16	4.39	132.52	11.12	9.11	101.30	76.4	2	30.0
274.656	29.84	4.45	132.67	11.23	8.90	99.88	75.3	2	31.5
274.801	30.53	4.33	132.22	11.16	9.02	100.63	76.1	2	29.5
274.862	30.89	4.27	131.98	11.13	9.13	101.59	77.0	2	30.5
274.966	29.56	4.48	132.55	11.12	9.07	100.85	76.1	2	32.0
275.111	29.98	4.42	132.55	11.12	9.23	102.62	77.4	2	30.0
275.172	29.64	4.46	132.16	11.12	9.23	102.67	77.7	2	31.0
275.276	30.08	4.39	132.11	11.19	9.11	101.98	77.2	2	30.5
275.421	29.41	4.51	132.59	11.15	9.17	102.31	77.2	2	30.5
275.482	29.83	4.43	132.11	11.16	9.18	102.47	77.6	2	30.5
275.586	29.81	4.46	132.88	11.21	9.13	102.29	77.0	2	31.5
275.731	29.98	4.41	132.16	11.18	9.02	100.84	76.3	2	30.0
275.792	30.33	4.33	131.42	11.16	9.07	101.22	77.0	2	31.0
275.896	29.23	4.50	131.63	11.23	8.97	100.73	76.5	2	31.5
276.041	30.52	4.34	132.44	11.23	9.14	102.58	77.5	2	30.5
276.102	30.07	4.40	132.45	11.20	9.22	103.26	78.0	2	31.5
276.206	29.31	4.52	132.44	11.17	9.14	102.09	77.1	2	31.0
276.351	29.96	4.44	133.02	11.19	9.01	100.80	75.8	2	31.5
276.412	29.67	4.46	132.41	11.17	8.98	100.27	75.7	2	30.0
276.516	29.88	4.43	132.37	11.20	9.08	101.63	76.8	2	30.5
276.661	30.60	4.32	132.10	11.25	8.83	99.34	75.2	2	30.0
276.722	30.71	4.29	131.86	11.24	8.98	100.99	76.6	2	30.0
276.826	29.55	4.45	131.57	11.22	8.94	100.33	76.3	2	31.0
276.971	29.94	4.41	131.88	11.18	9.12	101.89	77.3	2	30.0
277.032	30.29	4.34	131.46	11.15	9.09	101.36	77.1	2	30.5
277.136	30.31	4.37	132.39	11.22	9.02	101.22	76.5	2	30.5
277.281	29.68	4.46	132.39	11.19	8.99	100.65	76.0	2	30.0
277.342	30.23	4.37	132.21	11.18	9.01	100.78	76.2	2	30.0
277.446	29.73	4.46	132.60	11.17	9.08	101.43	76.5	2	31.5
277.591	30.39	4.36	132.66	11.20	8.99	100.78	76.0	2	31.0
277.652	29.78	4.46	132.69	11.19	9.06	101.40	76.4	2	31.5
277.756	29.59	4.48	132.51	11.21	9.09	101.90	76.9	2	30.5
277.901	29.86	4.42	132.07	11.21	9.08	101.83	77.1	2	31.0
277.962	30.04	4.40	132.08	11.16	9.07	101.19	76.6	2	30.0
278.066	30.19	4.37	131.97	11.23	9.10	102.20	77.4	2	30.5
278.211	29.74	4.42	131.35	11.19	9.13	102.17	77.8	2	29.5
278.272	30.56	4.27	130.54	11.19	9.11	101.94	78.1	2	29.5
278.376	29.10	4.49	130.65	11.14	9.05	100.84	77.2	2	32.5
278.521	30.35	4.32	131.15	11.15	8.93	99.57	75.9	2	29.5
278.582	30.94	4.22	130.63	11.17	8.92	99.65	76.3	2	30.5
278.686	29.26	4.48	131.13	11.12	8.82	98.08	74.8	2	32.0
278.831	29.97	4.37	130.88	11.07	9.10	100.73	77.0	2	29.5
278.892	30.56	4.27	130.61	11.13	9.09	101.20	77.5	2	30.0
278.996	29.46	4.46	131.34	11.11	9.14	101.52	77.3	2	31.5
279.141	30.53	4.29	131.14	11.16	9.13	101.83	77.6	2	30.5
279.202	29.60	4.44	131.35	11.10	9.21	102.20	77.8	2	32.0
279.306	29.84	4.42	131.82	11.15	8.98	100.20	76.0	2	30.0
279.451	29.79	4.44	132.21	11.16	9.08	101.40	76.7	2	31.0
279.512	29.90	4.41	131.94	11.23	9.04	101.59	77.0	2	31.0
279.616	30.30	4.36	132.02	11.23	8.96	100.66	76.2	2	30.0
279.761	30.02	4.40	131.94	11.15	9.07	101.15	76.7	2	31.0
279.822	29.73	4.44	132.08	11.17	9.07	101.34	76.7	2	31.0
279.926	29.60	4.45	131.68	11.21	9.09	101.94	77.4	2	32.0
280.071	29.68	4.45	132.17	11.22	9.06	101.57	76.9	2	30.5
280.132	29.78	4.42	131.54	11.15	9.24	102.99	78.3	2	30.0
280.236	30.13	4.37	131.62	11.19	9.03	101.04	76.8	2	30.0
280.381	29.87	4.45	132.82	11.15	9.13	101.76	76.6	2	31.5
280.442	29.42	4.50	132.41	11.20	8.98	100.61	76.0	2	32.0
280.546	29.66	4.44	131.68	11.19	9.18	102.70	78.0	2	30.5
280.691	29.85	4.42	131.86	11.25	8.95	100.65	76.3	2	31.0
280.752	30.27	4.36	131.84	11.24	9.00	101.14	76.7	2	30.0
280.856	29.67	4.45	132.02	11.20	8.86	99.26	75.2	2	32.0
281.001	29.91	4.40	131.52	11.15	9.05	100.95	76.8	2	28.5
281.062	30.92	4.21	130.21	11.15	9.02	100.55	77.2	2	29.5
281.166	29.49	4.45	131.23	11.14	8.99	100.14	76.3	2	32.0
281.311	28.76	4.57	131.31	11.22	9.00	100.99	76.9	2	31.5
281.372	29.37	4.49	131.96	11.16	9.00	100.39	76.1	2	29.0
281.476	30.66	4.26	130.76	11.06	9.20	101.76	77.8	2	30.0
281.621	30.53	4.32	131.76	11.09	9.22	102.20	77.6	2	30.0
281.682	30.51	4.31	131.62	11.16	9.08	101.31	77.0	2	30.5
281.786	30.54	4.31	131.65	11.14	9.21	102.54	77.9	2	30.0
281.931	30.19	4.36	131.55	11.19	8.99	100.60	76.5	2	30.5
281.992	30.17	4.36	131.60	11.19	9.03	101.00	76.7	2	30.5
282.096	29.87	4.41	131.81	11.13	9.03	100.55	76.3	2	31.5
282.241	30.37	4.37	132.78	11.18	9.03	100.98	76.0	2	29.0
282.302	30.77	4.30	132.18	11.28	8.94	100.79	76.3	2	31.0
282.406	29.59	4.47	132.17	11.21	8.99	100.78	76.3	2	30.5
282.551	29.62	4.47	132.52	11.10	9.24	102.47	77.3	2	31.0
282.612	29.96	4.39	131.41	11.15	9.09	101.33	77.1	2	30.0
282.716	29.55	4.46	131.79	11.24	8.98	100.96	76.6	2	32.0
282.861	31.00	4.21	130.61	11.16	8.86	98.90	75.7	2	29.5
282.922	30.40	4.33	131.61	11.11	9.03	100.29	76.2	2	32.5
283.026	29.47	4.45	131.27	11.17	8.95	99.99	76.2	2	29.5
283.171	28.95	4.51	130.67	11.15	8.77	97.74	74.8	2	32.5
283.232	28.30	4.59	129.85	11.10	8.83	98.01	75.5	2	31.5
283.336	29.74	4.39	130.49	11.11	9.04	100.46	77.0	2	30.0
283.481	29.67	4.44	131.67	11.09	9.06	100.53	76.3	2	32.0
283.542	29.45	4.48	131.88	11.14	9.07	101.01	76.6	2	30.5
283.646	29.49	4.48	132.20	11.08	9.13	101.19	76.5	2	30.5
283.791	30.48	4.37	133.20	11.15	9.09	101.35	76.1	2	29.0
283.852	30.84	4.27	131.74	11.15	9.00	100.35	76.2	2	29.0
283.956	30.18	4.37	132.00	11.14	9.03	100.66	76.3	2	31.0
284.101	30.23	4.36	131.80	11.12	9.04	100.46	76.2	2	31.5
284.162	30.39	4.31	131.01	11.21	8.85	99.16	75.7	2	29.5
284.266	30.17	4.36	131.51	11.07	8.97	99.38	75.6	2	31.5
284.411	29.60	4.46	131.98	11.12	9.02	100.31	76.0	2	31.5
284.472	29.69	4.44	131.77	11.12	9.16	101.90	77.3	2	30.0
284.576	30.41	4.34	131.87	11.19	9.06	101.32	76.8	2	30.0
284.721	29.45	4.46	131.20	11.13	9.13	101.64	77.5	2	32.0
284.782	29.12	4.52	131.52	11.17	9.14	102.10	77.6	2	30.5
284.886	30.35	4.32	131.02	11.17	9.07	101.39	77.4	2	30.0
285.031	30.72	4.29	131.72	11.14	9.19	102.34	77.7	2	31.5
285.092	29.88	4.40	131.58	11.13	9.19	102.29	77.7	2	30.5
285.196	30.73	4.26	131.07	11.23	8.96	100.59	76.7	2	30.0
285.341	29.63	4.44	131.58	11.15	9.05	100.92	76.7	2	29.5
285.402	30.30	4.35	131.76	11.14	9.11	101.55	77.1	2	30.5
285.506	29.63	4.45	131.96	11.14	9.12	101.58	77.0	2	31.5
285.651	30.21	4.36	131.75	11.18	9.10	101.81	77.3	2	30.0
285.712	30.26	4.36	132.00	11.15	9.13	101.79	77.1	2	31.5
285.816	28.71	4.55	130.64	11.11	9.04	100.45	76.9	2	32.0
285.961	30.23	4.33	130.87	11.04	9.14	100.86	77.1	2	29.0
286.022	31.06	4.17	129.45	11.10	9.04	100.26	77.5	2	29.5
286.126	29.37	4.44	130.33	11.12	9.04	100.52	77.1	2	32.5
286.271	29.45	4.44	130.60	11.13	9.03	100.56	77.0	2	29.5
286.332	30.42	4.28	130.28	11.05	9.16	101.17	77.7	2	29.5
286.436	30.12	4.37	131.70	11.11	8.99	99.95	75.9	2	32.0
286.581	30.19	4.37	131.83	11.14	9.20	102.57	77.8	2	29.5
286.642	30.71	4.28	131.31	11.11	9.14	101.55	77.3	2	29.5
286.746	30.44	4.34	132.00	11.07	9.11	100.83	76.4	2	31.0
286.891	30.95	4.24	131.10	11.06	9.06	100.28	76.5	2	29.0
286.952	30.84	4.26	131.22	11.12	9.13	101.58	77.4	2	31.5
287.056	29.23	4.47	130.78	11.12	9.12	101.40	77.5	2	31.0
287.201	30.86	4.22	130.09	11.13	9.06	100.80	77.5	2	29.5
287.262	30.96	4.21	130.42	11.11	9.02	100.22	76.8	2	31.0
287.366	29.31	4.46	130.57	11.05	9.11	100.69	77.1	2	32.0
287.511	30.12	4.32	130.18	11.14	8.98	100.02	76.8	2	29.5
287.572	30.45	4.29	130.61	11.16	8.94	99.87	76.5	2	31.0
287.676	30.17	4.35	131.40	11.18	8.99	100.48	76.5	2	30.0
287.821	29.57	4.45	131.68	11.25	8.96	100.81	76.6	2	32.5
287.882	29.06	4.52	131.38	11.17	9.12	101.83	77.5	2	31.0
287.986	30.26	4.34	131.30	11.12	9.18	102.04	77.7	2	30.0
288.131	30.40	4.33	131.57	11.13	9.14	101.73	77.3	2	31.0
288.192	30.49	4.31	131.57	11.14	9.05	100.76	76.6	2	31.0
288.296	29.48	4.48	132.02	11.19	9.11	101.88	77.2	2	32.5
288.441	30.16	4.33	130.71	11.16	8.97	100.13	76.6	2	30.5
288.502	29.98	4.37	131.12	11.16	9.04	100.92	77.0	2	30.5
288.606	30.17	4.34	131.04	11.18	8.83	98.72	75.3	2	30.0
288.751	29.92	4.43	132.41	11.18	9.08	101.53	76.7	2	32.0
288.812	29.40	4.48	131.78	11.17	9.09	101.49	77.0	2	30.0
288.916	30.19	4.36	131.58	11.24	8.88	99.82	75.9	2	31.0
289.061	28.55	4.57	130.49	11.15	8.81	98.24	75.3	2	31.5
289.122	29.23	4.48	131.06	11.22	8.87	99.52	75.9	2	30.5
289.226	30.05	4.33	130.09	11.16	9.07	101.19	77.8	2	29.5
289.371	29.28	4.44	130.00	11.13	9.14	101.75	78.3	2	32.0
289.432	29.00	4.49	130.11	11.12	9.11	101.33	77.9	2	30.0
289.536	29.95	4.39	131.59	11.13	9.01	100.26	76.2	2	30.5
289.681	29.88	4.42	131.99	11.12	9.14	101.65	77.0	2	31.0
289.742	30.11	4.38	131.85	11.18	9.05	101.22	76.8	2	29.5
289.846	30.75	4.29	131.79	11.18	9.04	101.04	76.7	2	31.0
289.991	30.70	4.31	132.17	11.17	9.09	101.57	76.8	2	30.0
290.052	30.25	4.38	132.43	11.14	9.10	101.45	76.6	2	31.5
290.156	29.93	4.38	131.15	11.23	9.04	101.57	77.4	2	31.0
290.301	29.30	4.48	131.21	11.22	8.88	99.63	75.9	2	30.5
290.362	29.67	4.42	131.27	11.21	8.94	100.23	76.4	2	30.0
290.466	30.26	4.34	131.19	11.18	9.13	101.99	77.7	2	32.0
290.611	30.65	4.27	130.91	11.16	9.15	102.08	78.0	2	31.0
290.672	29.69	4.40	130.75	11.14	9.23	102.82	78.6	2	31.5
290.776	28.85	4.54	130.98	11.11	9.09	100.96	77.1	2	30.5
290.921	30.27	4.32	130.63	11.15	9.08	101.21	77.5	2	30.0
290.982	30.22	4.35	131.45	11.17	9.16	102.25	77.8	2	31.5
291.086	28.39	4.57	129.81	11.06	9.00	99.55	76.7	2	32.0
291.231	30.65	4.27	130.79	11.09	9.06	100.39	76.8	2	29.5
291.292	30.91	4.23	130.62	11.09	8.95	99.25	76.0	2	30.0
291.396	30.41	4.33	131.81	11.18	8.99	100.56	76.3	2	32.0
291.541	29.62	4.47	132.37	11.18	8.91	99.67	75.3	2	31.0
291.602	29.70	4.45	132.30	11.22	8.96	100.49	76.0	2	30.0
291.706	29.75	4.43	131.90	11.15	9.06	101.08	76.6	2	31.5
291.851	29.97	4.41	132.27	11.19	8.98	100.52	76.0	2	31.0
291.912	29.80	4.42	131.76	11.18	8.93	99.85	75.8	2	30.5
292.016	29.88	4.40	131.47	11.13	9.11	101.38	77.1	2	30.0
292.161	29.61	4.47	132.23	11.17	9.13	101.92	77.1	2	31.5
292.222	29.83	4.42	131.73	11.18	9.04	101.05	76.7	2	30.0
292.326	30.50	4.32	131.73	11.19	9.01	100.89	76.6	2	30.5
292.471	29.24	4.50	131.45	11.17	8.86	98.91	75.2	2	31.0
292.532	29.10	4.51	131.10	11.15	9.00	100.35	76.5	2	32.0
292.636	29.90	4.38	130.98	11.20	9.00	100.81	77.0	2	31.0
292.781	29.63	4.44	131.45	11.17	9.23	103.01	78.4	2	31.5
292.842	29.29	4.49	131.37	11.16	9.17	102.29	77.9	2	30.5
292.946	30.13	4.36	131.39	11.19	8.96	100.20	76.3	2	30.5
293.091	30.33	4.37	132.50	11.21	8.99	100.84	76.1	2	29.5
293.152	30.55	4.30	131.42	11.23	9.04	101.56	77.3	2	30.0
293.256	30.35	4.33	131.27	11.21	9.07	101.61	77.4	2	31.5
293.401	30.49	4.29	130.87	11.15	8.95	99.81	76.3	2	30.0
293.462	30.58	4.30	131.36	11.15	8.85	98.67	75.1	2	30.5
293.566	30.32	4.32	131.03	11.13	9.03	100.51	76.7	2	31.0
293.711	29.72	4.42	131.48	11.17	9.07	101.30	77.0	2	30.0
293.772	30.35	4.34	131.73	11.14	9.04	100.62	76.4	2	29.5
293.876	30.76	4.26	130.95	11.16	9.02	100.65	76.9	2	30.0
294.021	29.08	4.49	130.65	11.17	8.93	99.73	76.3	2	32.0
294.082	29.07	4.49	130.55	11.18	9.02	100.84	77.2	2	30.0
294.186	29.99	4.38	131.27	11.16	9.02	100.67	76.7	2	30.5
294.331	30.16	4.40	132.57	11.19	9.09	101.63	76.7	2	30.0
294.392	30.52	4.33	132.03	11.13	8.99	100.10	75.8	2	30.5
294.496	29.59	4.47	132.16	11.17	8.97	100.20	75.8	2	31.0
294.641	29.71	4.44	131.93	11.16	9.05	100.93	76.5	2	30.5
294.702	30.12	4.39	132.25	11.18	9.02	100.80	76.2	2	30.0
294.806	29.93	4.40	131.57	11.22	9.11	102.20	77.7	2	31.0
294.951	30.36	4.33	131.35	11.18	9.04	101.05	76.9	2	32.0
295.012	29.30	4.47	130.86	11.16	9.02	100.72	77.0	2	32.0
295.116	29.87	4.41	131.58	11.15	9.14	101.84	77.4	2	29.0
295.261	30.31	4.30	130.29	11.20	9.07	101.59	78.0	2	30.0
295.322	30.69	4.26	130.64	11.22	9.00	100.96	77.3	2	30.0
295.426	30.99	4.20	130.28	11.15	9.03	100.73	77.3	2	30.5
295.571	29.65	4.42	130.91	11.25	8.94	100.50	76.8	2	30.0
295.632	30.19	4.33	130.78	11.20	8.97	100.55	76.9	2	31.0
295.736	30.09	4.37	131.56	11.29	9.00	101.68	77.3	2	31.0
295.881	29.65	4.45	132.07	11.16	8.97	100.14	75.8	2	30.5
295.942	29.99	4.38	131.22	11.22	8.98	100.77	76.8	2	30.5
296.046	30.23	4.35	131.44	11.15	9.20	102.52	78.0	2	30.0
296.191	29.82	4.42	131.76	11.20	9.14	102.45	77.8	2	31.0
296.252	29.89	4.42	132.23	11.19	9.08	101.60	76.8	2	30.5
296.356	29.57	4.43	131.08	11.21	8.83	98.95	75.5	2	32.0
296.501	29.40	4.46	131.22	11.17	9.11	101.79	77.6	2	29.0
296.562	30.27	4.34	131.41	11.21	8.98	100.62	76.6	2	29.0
296.666	30.80	4.27	131.43	11.22	8.88	99.62	75.8	2	30.5
296.811	29.54	4.45	131.42	11.29	8.91	100.58	76.5	2	31.0
296.872	30.03	4.38	131.41	11.24	8.98	100.93	76.8	2	30.0
296.976	29.95	4.39	131.56	11.17	9.10	101.61	77.2	2	31.5
297.121	29.95	4.41	132.11	11.18	9.17	102.51	77.6	2	30.0
297.182	29.97	4.39	131.71	11.21	9.06	101.59	77.1	2	30.5
297.286	30.64	4.30	131.67	11.24	9.06	101.79	77.3	2	30.0
297.431	29.48	4.47	131.69	11.20	9.05	101.35	77.0	2	30.5
297.492	29.79	4.40	131.15	11.22	9.05	101.60	77.5	2	30.5
297.596	30.40	4.34	131.87	11.24	8.86	99.49	75.4	2	30.5
297.741	30.04	4.43	133.07	11.21	9.08	101.81	76.5	2	32.0
297.802	29.51	4.50	132.68	11.21	9.05	101.46	76.5	2	30.5
297.906	29.85	4.43	132.24	11.28	8.89	100.30	75.9	2	30.5
298.051	30.50	4.34	132.42	11.21	9.08	101.80	76.9	2	31.5
298.112	29.81	4.44	132.45	11.23	9.12	102.42	77.3	2	32.0
298.216	30.07	4.39	131.86	11.20	9.12	102.08	77.4	2	30.0
298.361	30.52	4.32	131.87	11.17	9.11	101.74	77.2	2	31.5
298.422	29.27	4.48	131.21	11.12	9.09	101.07	77.0	2	32.0
298.526	30.02	4.38	131.36	11.22	8.92	100.01	76.1	2	30.5
298.671	29.30	4.48	131.38	11.23	8.85	99.38	75.6	2	32.0
298.732	29.38	4.46	131.14	11.27	8.94	100.70	76.8	2	30.0
298.836	30.54	4.32	131.77	11.25	8.91	100.23	76.1	2	30.5
298.981	30.67	4.28	131.30	11.28	9.00	101.57	77.4	2	29.5
299.042	30.91	4.23	130.66	11.21	9.02	101.13	77.4	2	28.5
299.146	30.64	4.24	129.96	11.11	9.00	99.97	76.9	2	32.0
299.291	28.69	4.56	130.94	11.16	8.97	100.08	76.4	2	31.5
299.352	29.31	4.47	130.96	11.15	9.14	101.92	77.8	2	30.0
299.456	30.10	4.37	131.47	11.20	9.03	101.11	76.9	2	32.0
299.601	28.91	4.54	131.33	11.17	9.07	101.30	77.1	2	31.0
299.662	29.60	4.43	130.99	11.11	9.20	102.25	78.1	2	30.0
299.766	30.52	4.30	131.17	11.09	9.09	100.82	76.9	2	31.0
299.911	28.70	4.57	131.16	11.07	9.03	100.03	76.3	2	32.0
299.972	28.56	4.59	130.97	11.07	9.03	99.93	76.3	2	30.5
300.076	30.30	4.33	131.21	11.15	8.99	100.21	76.4	2	29.5
300.221	30.93	4.23	130.83	11.20	8.94	100.17	76.6	2	30.5
300.282	30.38	4.32	131.37	11.26	8.95	100.85	76.8	2	32.0
300.386	29.48	4.45	131.19	11.15	9.14	101.93	77.7	2	29.5
300.531	30.84	4.25	131.00	11.18	9.15	102.27	78.1	2	31.0
300.592	29.75	4.41	131.18	11.14	9.14	101.76	77.6	2	31.5
300.696	30.05	4.38	131.63	11.18	9.06	101.30	77.0	2	29.0
300.841	29.58	4.46	131.94	11.17	9.14	102.14	77.4	2	31.0
300.902	30.17	4.38	131.99	11.22	9.12	102.35	77.5	2	30.5
301.006	30.56	4.32	132.06	11.20	9.10	101.91	77.2	2	30.5
301.151	29.69	4.47	132.64	11.23	9.12	102.38	77.2	2	31.5
301.212	29.51	4.49	132.58	11.17	9.17	102.39	77.2	2	31.5
301.316	29.67	4.45	132.18	11.21	9.09	101.91	77.1	2	31.5
301.461	29.77	4.43	131.76	11.17	9.18	102.57	77.8	2	30.0
301.522	30.54	4.29	131.10	11.21	9.13	102.34	78.1	2	30.5
301.626	30.35	4.35	131.91	11.21	9.09	101.87	77.2	2	32.0
301.771	29.86	4.34	129.50	11.20	9.00	100.84	77.9	2	29.5
301.832	30.64	4.24	129.80	11.16	8.94	99.73	76.8	2	29.5
301.936	31.12	4.19	130.29	11.18	8.93	99.79	76.6	2	30.0
302.081	29.47	4.44	130.81	11.21	8.95	100.35	76.7	2	30.5
302.142	28.95	4.49	130.09	11.16	8.91	99.47	76.5	2	31.5
302.246	30.07	4.34	130.42	11.25	8.85	99.48	76.3	2	30.0
302.391	29.11	4.53	131.80	11.14	8.98	100.06	75.9	2	33.0
302.452	28.74	4.59	131.78	11.13	8.96	99.71	75.7	2	31.0
302.556	30.03	4.38	131.44	11.15	8.99	100.17	76.2	2	30.0
302.701	29.33	4.49	131.77	11.17	9.02	100.67	76.4	2	32.0
302.762	28.92	4.54	131.39	11.13	9.01	100.29	76.3	2	31.0
302.866	29.80	4.42	131.83	11.16	9.04	100.86	76.5	2	29.5
303.011	31.04	4.25	131.86	11.18	8.93	99.91	75.8	2	29.5
303.072	30.50	4.33	132.07	11.14	9.05	100.77	76.3	2	31.5
303.176	30.03	4.38	131.51	11.19	9.02	100.98	76.8	2	31.0
303.321	30.16	4.38	132.05	11.23	9.01	101.20	76.6	2	31.0
303.382	30.01	4.38	131.46	11.24	9.05	101.65	77.3	2	31.0
303.486	30.14	4.35	131.10	11.28	8.86	99.87	76.2	2	31.0
303.631	29.56	4.45	131.65	11.17	9.21	102.86	78.1	2	30.0
303.692	30.20	4.36	131.79	11.16	9.18	102.54	77.8	2	29.5
303.796	30.47	4.30	130.89	11.28	8.99	101.44	77.5	2	29.5
303.941	29.97	4.38	131.28	11.18	9.05	101.13	77.0	2	32.0
304.002	30.17	4.36	131.48	11.22	9.03	101.35	77.1	2	30.0
304.106	30.12	4.38	132.08	11.16	9.12	101.84	77.1	2	31.0
304.251	30.41	4.33	131.71	11.23	9.01	101.18	76.8	2	29.5
304.312	30.20	4.36	131.60	11.22	9.06	101.62	77.2	2	31.0
304.416	29.47	4.46	131.56	11.23	8.99	100.95	76.7	2	30.5
304.561	31.00	4.23	131.05	11.17	9.04	100.98	77.1	2	30.0
304.622	30.75	4.26	131.08	11.21	9.08	101.76	77.6	2	30.0
304.726	29.72	4.41	131.13	11.25	8.93	100.50	76.6	2	32.0
304.871	29.47	4.47	131.85	11.33	9.00	101.96	77.3	2	32.0
304.932	29.48	4.48	132.05	11.30	9.01	101.79	77.1	2	30.0
305.036	30.11	4.37	131.49	11.22	9.10	102.01	77.6	2	30.0
305.181	30.09	4.35	130.77	11.18	9.13	102.09	78.1	2	30.0
305.242	30.52	4.28	130.53	11.26	9.01	101.49	77.8	2	30.5
305.346	30.58	4.27	130.72	11.22	9.13	102.44	78.4	2	29.5
305.491	29.90	4.41	131.74	11.26	9.03	101.69	77.2	2	31.0
305.552	30.04	4.38	131.51	11.27	8.95	100.86	76.7	2	30.5
305.656	29.73	4.45	132.41	11.21	9.12	102.22	77.2	2	30.0
305.801	29.82	4.43	132.04	11.20	9.19	102.96	78.0	2	30.0
305.862	30.33	4.35	131.81	11.28	9.01	101.61	77.1	2	30.0
305.966	30.83	4.23	130.37	11.20	9.13	102.26	78.4	2	29.0
306.111	30.23	4.36	131.73	11.19	9.05	101.27	76.9	2	32.5
306.172	28.85	4.51	130.17	11.12	8.96	99.64	76.5	2	31.5
306.276	29.88	4.39	131.32	11.17	9.05	101.09	77.0	2	30.0
306.421	29.95	4.39	131.50	11.18	9.08	101.50	77.2	2	32.0
306.482	28.96	4.50	130.47	11.17	9.03	100.87	77.3	2	31.5
306.586	30.01	4.36	130.80	11.14	8.88	98.92	75.6	2	29.0
306.731	31.38	4.14	129.78	11.14	8.93	99.51	76.7	2	29.0
306.792	31.66	4.10	129.85	11.14	8.79	97.84	75.3	2	30.0
306.896	29.62	4.41	130.64	11.15	8.87	98.87	75.7	2	32.0
307.041	30.07	4.36	131.06	11.14	9.06	100.98	77.1	2	31.5
307.102	29.54	4.43	130.96	11.22	9.03	101.34	77.4	2	31.5
307.206	29.46	4.44	130.94	11.19	9.16	102.58	78.3	2	30.0
307.351	29.40	4.45	130.81	11.15	8.93	99.63	76.2	2	32.0
307.412	28.86	4.52	130.49	11.20	8.96	100.31	76.9	2	31.0
307.516	30.18	4.34	130.95	11.16	9.01	100.61	76.8	2	29.5
307.661	29.76	4.43	131.94	11.16	9.23	103.08	78.1	2	31.5
307.722	29.16	4.51	131.61	11.10	9.21	102.22	77.7	2	32.0
307.826	29.09	4.49	130.47	11.14	9.06	100.92	77.4	2	29.0
307.971	31.05	4.18	129.73	11.13	8.94	99.50	76.7	2	29.5
308.032	31.33	4.13	129.23	11.11	8.98	99.80	77.2	2	29.5
308.136	30.05	4.36	131.04	11.08	9.01	99.84	76.2	2	32.0
308.281	28.94	4.54	131.27	11.10	9.11	101.13	77.0	2	30.5
308.342	29.66	4.43	131.41	11.12	9.17	101.95	77.6	2	31.0
308.446	29.69	4.42	131.37	11.22	9.00	100.94	76.8	2	31.0
308.591	29.36	4.48	131.60	11.16	9.14	102.05	77.5	2	30.5
308.652	29.57	4.45	131.59	11.25	9.14	102.84	78.2	2	31.5
308.756	30.18	4.34	131.13	11.25	8.99	101.12	77.1	2	30.0
308.901	29.66	4.46	132.17	11.30	8.98	101.46	76.8	2	32.5
308.962	29.48	4.47	131.88	11.24	8.94	100.49	76.2	2	29.5
309.066	30.29	4.34	131.47	11.20	9.06	101.45	77.2	2	31.5
309.211	28.98	4.56	132.13	11.17	9.08	101.39	76.7	2	30.0
309.272	29.98	4.39	131.70	11.15	9.13	101.82	77.3	2	30.0
309.376	30.24	4.35	131.49	11.20	8.97	100.42	76.4	2	31.5
309.521	30.16	4.34	130.98	11.20	9.09	101.81	77.7	2	29.5
309.582	30.64	4.27	130.95	11.26	8.89	100.12	76.5	2	29.5
309.686	30.97	4.19	129.75	11.22	8.91	100.02	77.1	2	30.0
309.831	29.23	4.46	130.47	11.19	8.93	99.98	76.6	2	32.0
309.892	29.15	4.47	130.37	11.19	9.13	102.13	78.3	2	30.5
309.996	30.24	4.34	131.39	11.15	9.04	100.80	76.7	2	31.0
310.141	29.92	4.40	131.73	11.22	9.12	102.37	77.7	2	30.0
310.202	30.29	4.35	131.63	11.19	9.13	102.21	77.6	2	30.5
310.306	30.34	4.33	131.41	11.21	9.00	100.93	76.8	2	30.5
310.451	29.67	4.44	131.67	11.22	9.11	102.20	77.6	2	31.0
310.512	29.88	4.40	131.48	11.27	8.88	100.08	76.1	2	29.5
310.616	30.60	4.28	131.10	11.25	8.95	100.62	76.8	2	30.5
310.761	30.10	4.38	131.80	11.28	8.94	100.78	76.5	2	30.5
310.822	30.13	4.37	131.54	11.24	9.03	101.50	77.2	2	30.5
310.926	30.77	4.27	131.52	11.25	8.95	100.68	76.6	2	30.0
311.071	30.83	4.21	129.78	11.16	9.11	101.66	78.3	2	29.0
311.132	30.93	4.22	130.51	11.15	9.05	100.89	77.3	2	31.0
311.236	29.42	4.43	130.35	11.21	8.87	99.49	76.3	2	30.5
311.381	30.19	4.32	130.40	11.17	9.11	101.76	78.0	2	30.5
311.442	30.17	4.34	130.80	11.25	8.98	100.99	77.2	2	31.5
311.546	29.95	4.39	131.42	11.24	9.10	102.27	77.8	2	32.0
311.691	29.61	4.43	131.11	11.20	9.03	101.10	77.1	2	30.0
311.752	30.32	4.31	130.75	11.17	9.05	101.08	77.3	2	30.0
311.856	30.90	4.24	131.06	11.14	9.12	101.56	77.5	2	29.5
312.001	30.01	4.40	132.05	11.25	9.00	101.19	76.6	2	32.5
312.062	29.27	4.49	131.42	11.19	9.01	100.84	76.7	2	30.5
312.166	29.92	4.38	131.13	11.16	9.11	101.65	77.5	2	31.0
312.311	28.59	4.58	130.88	11.10	9.07	100.65	76.9	2	31.0
312.372	29.36	4.47	131.10	11.11	9.07	100.69	76.8	2	30.0
312.476	30.45	4.32	131.46	11.13	8.96	99.73	75.9	2	29.5
312.621	30.46	4.32	131.72	11.12	9.09	101.14	76.8	2	30.0
312.682	30.76	4.26	131.05	11.15	8.98	100.18	76.4	2	30.5
312.786	29.38	4.48	131.67	11.14	9.19	102.32	77.7	2	32.5
312.931	29.33	4.48	131.50	11.17	8.93	99.67	75.8	2	30.0
312.992	30.28	4.34	131.56	11.17	8.99	100.45	76.4	2	29.5
313.096	30.70	4.29	131.79	11.16	9.05	100.94	76.6	2	31.0
313.241	29.93	4.43	132.44	11.25	9.06	101.90	76.9	2	31.0
313.302	29.86	4.42	131.96	11.17	9.18	102.56	77.7	2	30.0
313.406	30.43	4.30	130.89	11.14	9.17	102.14	78.0	2	29.5
313.551	29.66	4.40	130.44	11.15	9.01	100.46	77.0	2	32.0
313.612	28.66	4.52	129.54	11.13	9.01	100.30	77.4	2	32.5
313.716	30.10	4.33	130.49	11.13	8.94	99.47	76.2	2	29.5
313.861	31.18	4.21	131.20	11.08	9.13	101.14	77.1	2	30.0
313.922	30.66	4.28	131.25	11.07	9.05	100.25	76.4	2	31.0
314.026	29.20	4.51	131.56	11.12	9.04	100.46	76.4	2	32.0
314.171	30.66	4.31	132.07	11.10	9.04	100.28	75.9	2	29.0
314.232	31.17	4.19	130.66	11.11	8.96	99.58	76.2	2	29.5
314.336	30.13	4.36	131.24	11.06	9.17	101.42	77.3	2	32.0
314.481	29.64	4.45	131.91	11.18	8.99	100.54	76.2	2	31.0
314.542	29.68	4.45	132.06	11.15	9.00	100.33	76.0	2	30.0
314.646	29.84	4.43	132.14	11.12	9.22	102.52	77.6	2	30.0
314.791	30.11	4.37	131.69	11.12	9.16	101.87	77.4	2	31.5
314.852	29.29	4.49	131.67	11.10	9.18	101.93	77.4	2	32.0
314.956	29.77	4.45	132.36	11.12	8.97	99.74	75.4	2	29.5
315.101	30.48	4.33	131.91	11.24	8.92	100.21	76.0	2	31.0
315.162	30.06	4.39	131.97	11.15	9.14	101.88	77.2	2	31.0
315.266	29.91	4.41	132.00	11.18	9.07	101.34	76.8	2	31.0
315.411	28.49	4.59	130.70	11.19	8.93	100.01	76.5	2	31.5
315.472	29.22	4.49	131.07	11.21	8.91	99.89	76.2	2	30.0
315.576	30.26	4.33	131.00	11.21	8.96	100.46	76.7	2	30.0
315.721	30.11	4.38	131.79	11.23	8.90	99.99	75.9	2	30.5
315.782	29.77	4.45	132.34	11.17	9.09	101.55	76.7	2	30.5
315.886	30.27	4.37	132.23	11.17	9.02	100.75	76.2	2	29.5
316.031	30.24	4.39	132.82	11.16	9.18	102.37	77.1	2	29.5
316.092	30.30	4.34	131.57	11.17	9.11	101.79	77.4	2	31.0
316.196	29.20	4.51	131.65	11.18	9.14	102.15	77.6	2	31.5
316.341	29.69	4.45	131.99	11.20	9.17	102.65	77.8	2	29.5
316.402	30.34	4.35	131.89	11.15	9.18	102.32	77.6	2	29.5
316.506	30.63	4.30	131.72	11.12	9.17	102.01	77.4	2	31.5
316.651	29.30	4.47	131.11	11.20	8.90	99.60	76.0	2	30.5
316.712	30.17	4.36	131.42	11.20	8.87	99.36	75.6	2	29.5
316.816	30.04	4.39	131.95	11.24	8.98	100.94	76.5	2	32.5
316.961	28.37	4.61	130.65	11.14	8.92	99.36	76.1	2	31.5
317.022	29.12	4.50	131.16	11.20	8.86	99.27	75.7	2	29.5
317.126	29.58	4.43	131.13	11.11	9.15	101.65	77.5	2	32.0
317.271	29.05	4.51	131.03	11.11	9.00	99.99	76.3	2	29.0
317.332	30.06	4.35	130.85	11.06	9.10	100.64	76.9	2	29.5
317.436	30.31	4.33	131.18	11.09	9.08	100.73	76.8	2	32.0
317.581	29.72	4.44	131.91	11.10	9.27	102.81	77.9	2	31.0
317.642	29.19	4.51	131.57	11.08	9.15	101.35	77.0	2	32.0
317.746	29.84	4.41	131.56	11.16	8.91	99.47	75.6	2	30.0
317.891	30.85	4.25	131.20	11.11	9.09	101.00	77.0	2	30.5
317.952	30.40	4.34	131.87	11.15	9.19	102.47	77.7	2	32.0
318.056	29.69	4.44	131.82	11.18	9.11	101.77	77.2	2	29.5
318.201	29.83	4.44	132.57	11.14	8.99	100.23	75.6	2	29.5
318.262	30.32	4.35	131.94	11.16	8.92	99.49	75.4	2	30.5
318.366	30.15	4.38	132.08	11.14	9.08	101.11	76.6	2	30.5
318.511	29.52	4.48	132.11	11.15	9.09	101.28	76.7	2	30.5
318.572	29.75	4.43	131.67	11.18	9.09	101.56	77.1	2	31.0
318.676	30.19	4.37	131.92	11.21	9.06	101.57	77.0	2	29.5
318.821	30.12	4.39	132.22	11.23	9.00	101.10	76.5	2	31.5
318.882	29.96	4.41	132.06	11.16	9.04	100.88	76.4	2	30.0
318.986	29.98	4.41	132.30	11.16	9.13	101.87	77.0	2	31.0
319.131	29.22	4.51	131.68	11.21	9.05	101.46	77.0	2	31.0
319.192	29.70	4.44	131.92	11.18	9.02	100.80	76.4	2	30.5
319.296	30.73	4.25	130.46	11.20	9.01	100.95	77.4	2	29.0
319.441	29.18	4.50	131.33	11.23	8.85	99.44	75.7	2	31.5
319.502	29.06	4.53	131.71	11.24	8.99	101.03	76.7	2	30.5
319.606	29.88	4.39	131.21	11.22	8.91	99.98	76.2	2	29.5
319.751	30.02	4.40	132.09	11.21	9.11	102.06	77.3	2	31.0
319.812	30.10	4.39	132.07	11.17	9.07	101.29	76.7	2	31.5
319.916	29.40	4.50	132.37	11.19	8.98	100.53	75.9	2	30.5
320.061	29.94	4.41	132.07	11.13	9.07	100.90	76.4	2	30.5
320.122	29.85	4.41	131.77	11.19	9.08	101.62	77.1	2	31.0
320.226	30.10	4.37	131.64	11.23	9.04	101.50	77.1	2	30.0
320.371	29.62	4.44	131.67	11.22	9.13	102.49	77.8	2	31.5
320.432	30.09	4.37	131.36	11.17	9.14	102.07	77.7	2	29.5
320.536	29.29	4.48	131.25	11.13	9.10	101.29	77.2	2	32.0
320.681	29.91	4.40	131.70	11.13	9.07	100.94	76.6	2	31.5
320.742	28.94	4.53	130.97	11.17	8.88	99.18	75.7	2	32.0
320.846	29.43	4.47	131.70	11.18	9.00	100.57	76.4	2	30.5
320.991	30.53	4.32	131.78	11.12	9.07	100.95	76.6	2	29.5
321.052	30.99	4.25	131.58	11.06	9.15	101.16	76.9	2	29.5
321.156	29.95	4.41	132.22	11.11	9.02	100.21	75.8	2	32.5
321.301	29.35	4.49	131.76	11.17	9.11	101.70	77.2	2	30.0
321.362	30.05	4.37	131.46	11.14	9.16	102.08	77.7	2	29.0
321.466	31.00	4.23	131.12	11.14	8.95	99.65	76.0	2	29.5
321.611	28.75	4.53	130.35	11.10	9.06	100.62	77.2	2	32.0
321.672	28.57	4.57	130.62	11.11	8.96	99.52	76.2	2	30.5
321.776	29.98	4.35	130.27	11.11	9.11	101.17	77.7	2	29.5
321.921	30.34	4.30	130.56	11.13	8.95	99.63	76.3	2	31.5
321.982	29.40	4.46	131.01	11.16	9.02	100.61	76.8	2	31.0
322.086	29.80	4.44	132.18	11.18	9.04	101.07	76.5	2	31.5
322.231	29.64	4.45	131.85	11.22	9.15	102.63	77.8	2	31.5
322.292	28.95	4.54	131.29	11.15	9.04	100.76	76.7	2	32.0
322.396	29.74	4.42	131.49	11.20	8.97	100.54	76.5	2	29.0
322.541	30.33	4.37	132.52	11.19	9.07	101.49	76.6	2	31.5
322.602	30.18	4.39	132.37	11.19	9.05	101.28	76.5	2	30.5
322.706	30.48	4.34	132.24	11.29	8.87	100.14	75.7	2	29.5
322.851	29.92	4.37	130.78	11.12	9.04	100.52	76.9	2	32.0
322.912	28.97	4.51	130.76	11.15	9.02	100.54	76.9	2	32.0
323.016	28.82	4.55	131.25	11.11	9.02	100.15	76.3	2	29.5
323.161	31.22	4.18	130.56	11.13	8.91	99.19	76.0	2	29.5
323.222	30.57	4.30	131.40	11.10	9.02	100.19	76.3	2	31.5
323.326	29.02	4.53	131.37	11.11	9.00	99.97	76.1	2	32.5
323.471	30.15	4.38	132.12	11.17	9.03	100.88	76.4	2	30.0
323.532	30.09	4.38	131.94	11.15	9.13	101.85	77.2	2	31.5
323.636	29.40	4.50	132.36	11.17	9.13	101.93	77.0	2	30.5
323.781	30.55	4.34	132.59	11.08	9.25	102.50	77.3	2	29.5
323.842	30.34	4.37	132.47	11.11	9.31	103.50	78.1	2	32.0
323.946	29.24	4.51	131.72	11.14	9.28	103.34	78.5	2	31.0
324.091	30.20	4.37	132.10	11.19	9.16	102.50	77.6	2	31.0
324.152	29.79	4.44	132.11	11.18	9.20	102.89	77.9	2	32.0
324.256	29.29	4.51	132.05	11.26	8.96	100.89	76.4	2	31.5
324.401	30.22	4.36	131.88	11.23	8.91	100.11	75.9	2	30.0
324.462	30.47	4.31	131.27	11.19	9.01	100.80	76.8	2	30.5
324.566	30.23	4.35	131.50	11.19	8.94	99.96	76.0	2	31.5
324.711	29.66	4.44	131.82	11.12	9.14	101.65	77.1	2	29.5
324.772	30.28	4.36	131.93	11.22	9.01	101.11	76.6	2	30.0
324.876	30.92	4.25	131.27	11.22	9.08	101.81	77.6	2	30.5
325.021	28.88	4.54	131.18	11.17	9.01	100.58	76.7	2	31.5
325.082	28.38	4.61	130.87	11.12	9.05	100.68	76.9	2	32.0
325.186	29.89	4.40	131.48	11.14	9.07	101.01	76.8	2	30.0
325.331	30.39	4.34	131.91	11.12	9.23	102.60	77.8	2	31.5
325.392	29.70	4.45	132.16	11.13	9.17	102.10	77.3	2	30.5
325.496	29.84	4.43	132.10	11.22	8.96	100.48	76.1	2	32.0
325.641	30.51	4.34	132.42	11.17	8.93	99.73	75.3	2	29.5
325.702	30.82	4.27	131.58	11.18	9.03	100.97	76.7	2	30.0
325.806	30.70	4.30	131.97	11.18	9.02	100.94	76.5	2	31.0
325.951	30.40	4.35	132.18	11.20	9.09	101.78	77.0	2	29.5
326.012	30.74	4.31	132.41	11.19	9.00	100.74	76.1	2	31.0
326.116	29.98	4.40	131.79	11.25	8.98	101.03	76.7	2	30.5
326.261	30.38	4.32	131.14	11.23	8.98	100.88	76.9	2	30.0
326.322	30.20	4.36	131.64	11.26	9.05	101.95	77.4	2	32.0
326.426	29.85	4.40	131.39	11.17	9.18	102.62	78.1	2	30.5
326.571	30.49	4.30	131.25	11.22	9.19	103.14	78.6	2	30.5
326.632	29.93	4.41	131.96	11.18	9.22	103.10	78.1	2	32.0
326.736	29.72	4.43	131.57	11.23	9.12	102.39	77.8	2	30.0
326.881	29.89	4.41	131.83	11.22	9.09	101.93	77.3	2	31.0
326.942	30.36	4.35	132.04	11.26	9.11	102.63	77.7	2	30.5
327.046	30.01	4.41	132.21	11.23	9.09	102.11	77.2	2	30.5
327.191	30.20	4.39	132.41	11.27	9.08	102.29	77.3	2	30.5
327.252	30.09	4.39	131.98	11.21	9.08	101.77	77.1	2	30.5
327.356	29.47	4.46	131.47	11.19	8.99	100.62	76.5	2	32.0
327.501	29.93	4.38	131.03	11.19	9.18	102.72	78.4	2	30.5
327.562	30.02	4.37	131.23	11.27	8.98	101.18	77.1	2	30.5
327.666	30.23	4.37	132.11	11.21	9.18	102.83	77.8	2	31.5
327.811	30.12	4.38	132.03	11.27	8.98	101.15	76.6	2	29.0
327.872	30.13	4.36	131.42	11.20	8.94	100.10	76.2	2	32.0
327.976	29.57	4.44	131.39	11.14	9.15	101.96	77.6	2	30.5
328.121	28.89	4.54	131.30	11.11	9.11	101.28	77.1	2	32.5
328.182	28.63	4.58	131.19	11.16	8.94	99.78	76.1	2	32.5
328.286	29.50	4.44	131.00	11.19	8.92	99.74	76.1	2	30.0
328.431	30.28	4.34	131.29	11.19	9.03	101.02	76.9	2	30.5
328.492	30.21	4.32	130.65	11.12	9.22	102.47	78.4	2	30.0
328.596	29.25	4.49	131.17	11.12	9.15	101.70	77.5	2	32.0
328.741	30.13	4.36	131.21	11.18	9.14	102.15	77.9	2	29.0
328.802	30.78	4.25	130.87	11.15	9.11	101.54	77.6	2	29.0
328.906	29.49	4.42	130.32	11.17	8.89	99.25	76.2	2	31.0
329.051	30.15	4.35	131.08	11.18	9.06	101.27	77.3	2	30.5
329.112	30.37	4.29	130.32	11.19	9.01	100.80	77.3	2	30.5
329.216	29.30	4.47	131.00	11.17	9.20	102.71	78.4	2	31.0
329.361	30.66	4.29	131.57	11.18	8.96	100.21	76.2	2	30.5
329.422	30.03	4.39	131.88	11.22	9.11	102.17	77.5	2	31.5
329.526	29.91	4.42	132.08	11.21	9.08	101.80	77.1	2	30.5
329.671	31.19	4.20	130.90	11.23	8.99	100.96	77.1	2	29.0
329.732	31.21	4.19	130.80	11.17	9.06	101.21	77.4	2	30.5
329.836	29.72	4.41	131.01	11.13	9.07	100.88	77.0	2	31.5
329.981	29.11	4.52	131.61	11.22	8.97	100.67	76.5	2	30.0
330.042	29.72	4.41	131.05	11.15	9.11	101.54	77.5	2	30.0
330.146	30.62	4.26	130.35	11.11	9.07	100.75	77.3	2	29.5
330.291	29.43	4.44	130.74	11.10	9.05	100.36	76.8	2	31.0
330.352	29.60	4.43	131.23	11.11	9.10	101.11	77.0	2	30.5
330.456	30.13	4.37	131.71	11.08	9.20	101.99	77.4	2	30.5
330.601	30.33	4.33	131.36	11.11	8.96	99.61	75.8	2	30.5
330.662	29.57	4.44	131.23	11.11	9.06	100.63	76.7	2	31.0
330.766	30.28	4.35	131.65	11.19	8.94	100.08	76.0	2	30.0
330.911	29.70	4.45	132.04	11.09	9.16	101.57	76.9	2	31.0
330.972	29.58	4.46	131.90	11.20	9.01	100.84	76.5	2	30.5
331.076	30.07	4.37	131.44	11.14	9.14	101.79	77.4	2	30.5
331.221	30.46	4.32	131.69	11.20	8.96	100.31	76.2	2	30.0
331.282	30.41	4.33	131.55	11.19	9.08	101.58	77.2	2	29.5
331.386	30.61	4.30	131.55	11.14	9.02	100.51	76.4	2	31.0
331.531	29.89	4.43	132.42	11.20	8.99	100.74	76.1	2	31.5
331.592	29.41	4.48	131.66	11.15	8.96	99.89	75.9	2	31.0
331.696	29.59	4.44	131.41	11.15	9.09	101.29	77.1	2	30.5
331.841	30.45	4.35	132.43	11.10	9.21	102.19	77.2	2	29.5
331.902	30.78	4.28	131.61	11.10	9.13	101.33	77.0	2	30.0
332.006	30.20	4.37	131.99	11.18	9.02	100.85	76.4	2	32.0
332.151	30.09	4.37	131.59	11.12	9.16	101.92	77.4	2	29.0
332.212	30.37	4.34	131.80	11.12	9.13	101.54	77.0	2	30.5
332.316	30.20	4.36	131.75	11.16	9.16	102.22	77.6	2	30.5
332.461	30.02	4.40	132.04	11.11	9.06	100.65	76.2	2	32.0
332.522	29.78	4.40	131.17	11.19	8.96	100.30	76.5	2	30.5
332.626	29.42	4.47	131.52	11.12	9.18	102.16	77.7	2	30.0
332.771	30.64	4.31	131.93	11.18	8.95	100.04	75.8	2	29.5
332.832	30.75	4.27	131.41	11.11	9.07	100.81	76.7	2	29.5
332.936	30.14	4.38	131.87	11.09	9.11	101.02	76.6	2	31.0
333.081	29.51	4.49	132.50	11.15	9.02	100.52	75.9	2	29.5
333.142	30.08	4.37	131.58	11.12	9.09	101.03	76.8	2	30.5
333.246	29.57	4.44	131.39	11.16	9.06	101.07	76.9	2	30.5
333.391	29.90	4.41	131.91	11.08	9.12	101.04	76.6	2	30.5
333.452	30.19	4.36	131.76	11.13	9.16	101.97	77.4	2	30.0
333.556	30.15	4.39	132.33	11.12	9.22	102.52	77.5	2	31.5
333.701	29.81	4.46	132.98	11.14	9.07	101.11	76.0	2	31.0
333.762	29.92	4.43	132.47	11.10	9.08	100.79	76.1	2	30.0
333.866	30.03	4.39	131.84	11.10	9.15	101.53	77.0	2	31.0
334.011	29.99	4.41	132.17	11.11	9.09	100.96	76.4	2	30.0
334.072	30.43	4.32	131.52	11.09	9.04	100.24	76.2	2	30.0
334.176	29.96	4.40	131.89	11.09	9.20	102.09	77.4	2	32.5
334.321	30.11	4.36	131.40	11.04	9.12	100.62	76.6	2	28.5
334.382	31.06	4.19	130.24	11.03	9.06	99.90	76.7	2	29.5
334.486	29.72	4.41	131.12	10.97	9.21	101.05	77.1	2	31.5
334.631	29.73	4.44	131.87	11.10	9.18	101.90	77.3	2	30.5
334.692	29.58	4.45	131.78	11.07	9.23	102.20	77.6	2	30.5
334.796	29.98	4.39	131.54	11.09	9.15	101.47	77.1	2	30.0
334.941	30.08	4.37	131.32	11.11	9.18	101.93	77.6	2	30.5
335.002	30.09	4.36	131.08	11.16	9.08	101.34	77.3	2	31.0
335.106	29.68	4.42	131.23	11.18	9.01	100.80	76.8	2	31.5
335.251	29.53	4.47	131.94	11.19	9.05	101.23	76.7	2	31.0
335.312	29.47	4.48	132.16	11.10	9.19	102.06	77.2	2	30.5
335.416	30.06	4.38	131.62	11.05	9.15	101.18	76.9	2	29.5
335.561	29.02	4.49	130.39	11.02	9.11	100.38	77.0	2	32.0
335.622	28.39	4.57	129.88	11.04	9.06	100.04	77.0	2	32.0
335.726	29.15	4.49	130.79	11.05	8.99	99.39	76.0	2	28.5
1159.764	39.09	0.24	9.23	0.76	1.16	0.88	9.5	2	11.0
1159.908	36.05	1.66	59.73	4.09	7.52	30.78	51.5	2	18.5
1159.968	31.77	2.32	73.78	4.43	9.12	40.37	54.7	2	21.5
1160.072	22.96	2.90	66.49	4.21	9.06	38.08	57.3	2	26.5
1160.217	15.30	4.03	61.62	3.96	8.99	35.64	57.8	2	34.0
1160.277	13.30	4.33	57.55	3.85	8.66	33.30	57.9	2	36.5
1160.381	9.76	4.63	45.25	3.50	7.50	26.25	58.0	2	42.0
1160.526	6.64	4.76	31.61	3.18	5.86	18.65	59.0	2	49.0
1160.586	5.58	4.78	26.69	2.97	5.25	15.58	58.4	2	52.0
1160.689	4.07	4.80	19.52	2.53	4.30	10.88	55.7	2	57.5
1160.834	2.69	4.83	12.99	1.99	3.31	6.58	50.7	2	64.5
1160.894	2.28	4.83	11.01	1.75	2.95	5.15	46.8	2	67.5
1160.997	1.66	4.83	8.00	1.43	2.39	3.43	42.9	2	72.5
1161.141	1.28	4.84	6.22	1.00	1.72	1.73	27.8	2	80.0
1161.201	1.07	4.85	5.20	0.88	1.50	1.32	25.3	2	83.0
1161.304	0.84	4.85	4.10	0.67	1.13	0.75	18.3	2	88.0
1161.448	0.62	4.85	3.03	0.39	0.70	0.27	9.0	2	95.0
1161.508	10.42	4.14	43.15	2.23	4.57	10.19	23.6	2	21.5
1161.612	21.64	3.43	74.24	4.09	8.56	34.99	47.1	2	19.2
1161.757	26.20	3.15	82.47	4.89	10.25	50.10	60.7	2	20.6
1161.818	25.51	3.13	79.79	4.87	10.27	50.03	62.7	2	21.6
1161.922	25.49	3.12	79.42	4.91	10.34	50.80	64.0	2	19.7
1162.067	28.68	3.02	86.69	5.22	10.82	56.46	65.1	2	19.2
1162.128	29.30	3.02	88.45	5.27	10.87	57.34	64.8	2	19.5
1162.232	29.40	3.02	88.78	5.30	10.91	57.79	65.1	2	20.1
1162.377	28.99	3.04	88.08	5.31	10.85	57.61	65.4	2	19.5
1162.438	29.56	3.01	89.04	5.36	10.84	58.03	65.2	2	19.5
1162.542	34.25	1.86	63.87	4.26	8.54	36.35	56.9	2	10.0
1162.687	32.52	2.39	77.73	4.72	9.59	45.23	58.2	2	33.2
1162.747	24.17	3.30	79.76	4.40	9.22	40.62	50.9	2	33.2
1162.851	13.52	4.18	56.54	3.48	7.19	25.01	44.2	2	51.9
1162.996	16.26	3.72	60.49	3.89	7.98	31.05	51.3	2	22.8
1163.056	23.10	2.87	66.21	3.88	8.01	31.10	47.0	2	10.0
1163.160	26.36	2.56	67.38	3.73	7.71	28.79	42.7	2	32.9
1163.305	23.66	3.34	79.04	4.44	9.03	40.11	50.7	2	17.7
1163.365	28.04	3.02	84.73	4.89	9.82	48.03	56.7	2	22.6
1163.469	25.45	3.10	78.89	5.19	9.63	49.98	63.3	2	20.5
1163.614	24.92	3.11	77.62	4.59	10.59	48.61	62.6	2	20.2
1163.675	24.90	3.13	77.85	4.51	10.73	48.43	62.2	2	20.2
1163.779	28.73	2.90	83.24	4.74	10.97	51.99	62.5	2	15.5
1163.924	32.90	2.52	82.91	5.10	10.53	53.72	64.8	2	16.5
1163.985	33.79	2.43	82.15	5.40	10.08	54.37	66.2	2	17.0
1164.089	32.54	2.63	85.52	5.63	10.23	57.60	67.4	2	20.5
1164.234	30.28	2.88	87.13	6.07	9.74	59.14	67.9	2	19.0
1164.294	32.03	2.68	86.00	6.13	9.75	59.78	69.5	2	19.5
1164.398	33.06	2.57	85.00	6.43	9.50	61.04	71.8	2	19.0
1164.543	33.95	2.46	83.43	6.61	9.04	59.70	71.6	2	20.5
1164.603	32.29	2.68	86.65	6.74	9.00	60.66	70.0	2	23.5
1164.707	30.32	2.88	87.43	6.96	8.94	62.24	71.2	2	21.5
1164.852	33.13	2.63	86.97	7.18	8.67	62.26	71.6	2	21.5
1164.912	32.94	2.67	88.07	7.28	8.84	64.36	73.1	2	22.0
1165.016	31.08	2.87	89.21	7.38	8.71	64.27	72.0	2	23.5
1165.161	31.60	2.85	89.99	7.65	8.14	62.30	69.2	2	22.5
1165.221	31.72	2.83	89.78	7.66	7.99	61.22	68.2	2	21.5
1165.325	31.83	2.83	90.07	7.65	8.06	61.69	68.5	2	23.0
1165.470	32.13	2.81	90.22	7.74	8.45	65.38	72.5	2	21.5
1165.530	32.56	2.75	89.62	7.67	8.36	64.13	71.6	2	22.5
1165.634	31.88	2.80	89.41	7.67	8.61	65.99	73.8	2	22.5
1165.779	31.38	2.88	90.22	7.79	8.47	65.96	73.1	2	22.0
1165.839	31.45	2.85	89.76	7.80	8.38	65.33	72.8	2	22.5
1165.943	31.18	2.87	89.60	7.85	8.38	65.78	73.4	2	22.5
1166.088	31.23	2.86	89.32	7.86	8.39	65.93	73.8	2	24.0
1166.148	31.09	2.88	89.46	7.80	8.64	67.39	75.3	2	23.0
1166.252	32.12	2.80	89.79	7.87	8.41	66.16	73.7	2	21.5
1166.397	32.31	2.76	89.27	7.86	8.20	64.48	72.2	2	22.5
1166.457	31.63	2.83	89.43	7.80	8.66	67.53	75.5	2	23.5
1166.561	30.82	2.90	89.45	7.76	8.46	65.59	73.3	2	23.0
1166.706	32.16	2.77	88.95	7.74	8.60	66.57	74.8	2	22.0
1166.766	31.88	2.81	89.47	7.82	8.24	64.49	72.1	2	22.0
1166.870	30.54	2.92	89.22	7.75	8.48	65.71	73.6	2	24.0
1167.015	31.82	2.83	89.98	7.78	8.46	65.85	73.2	2	21.5
1167.075	32.49	2.75	89.35	7.66	8.64	66.23	74.1	2	21.5
1167.179	31.27	2.87	89.62	7.71	8.65	66.71	74.4	2	23.5
1167.324	30.37	2.95	89.66	7.73	8.67	67.06	74.8	2	23.0
1167.384	30.97	2.89	89.57	7.69	8.74	67.18	75.0	2	22.0
1167.488	32.32	2.77	89.58	7.74	8.45	65.36	73.0	2	21.0
1167.633	32.56	2.73	89.02	7.67	8.56	65.69	73.8	2	24.0
1167.693	31.02	2.86	88.81	7.61	8.66	65.90	74.2	2	23.5
1167.797	31.57	2.84	89.80	7.78	8.39	65.22	72.6	2	22.0
1167.942	31.06	2.89	89.64	7.73	8.58	66.28	73.9	2	24.0
1168.002	30.31	2.93	88.92	7.70	8.60	66.24	74.5	2	23.5
1168.106	30.56	2.90	88.68	7.83	8.40	65.79	74.2	2	24.0
1168.251	31.89	2.79	88.82	7.78	8.39	65.27	73.5	2	21.0
1168.311	31.86	2.78	88.48	7.68	8.61	66.16	74.8	2	23.5
1168.415	30.11	2.94	88.54	7.74	8.51	65.91	74.4	2	24.5
1168.560	31.65	2.81	88.83	7.79	8.54	66.54	74.9	2	22.0
1168.620	32.28	2.76	89.12	7.69	8.45	64.94	72.9	2	22.5
1168.724	31.75	2.79	88.71	7.79	8.31	64.78	73.0	2	22.5
1168.869	32.43	2.73	88.45	7.74	8.34	64.62	73.1	2	22.0
1168.929	32.58	2.73	88.95	7.77	8.57	66.56	74.8	2	23.0
1169.033	31.54	2.84	89.56	7.69	8.74	67.27	75.1	2	22.5
1169.178	32.66	2.72	88.76	7.77	8.32	64.70	72.9	2	23.5
1169.238	31.08	2.86	88.99	7.67	8.62	66.08	74.3	2	24.5
1169.342	31.69	2.82	89.26	7.69	8.71	66.93	75.0	2	21.0
1169.487	32.84	2.67	87.77	7.58	8.83	66.97	76.3	2	23.5
1169.547	31.05	2.83	87.76	7.58	8.38	63.53	72.4	2	24.0
1169.651	31.81	2.79	88.70	7.64	8.77	67.02	75.6	2	22.5
1169.796	32.43	2.73	88.60	7.61	8.77	66.72	75.3	2	21.0
1169.856	32.92	2.68	88.26	7.66	8.19	62.71	71.1	2	22.0
1169.960	30.99	2.87	88.79	7.70	8.68	66.85	75.3	2	24.0
1170.105	31.89	2.77	88.31	7.62	8.66	66.03	74.8	2	22.0
1170.165	31.60	2.82	89.00	7.64	8.57	65.52	73.6	2	23.5
1170.269	30.91	2.89	89.29	7.76	8.32	64.53	72.3	2	22.5
1170.414	31.23	2.87	89.74	7.60	8.68	65.95	73.5	2	21.5
1170.474	32.15	2.77	89.11	7.64	8.34	63.69	71.5	2	22.5
1170.578	31.20	2.87	89.46	7.72	8.44	65.11	72.8	2	23.5
1170.723	30.92	2.89	89.50	7.50	9.23	69.24	77.4	2	22.5
1170.783	31.27	2.86	89.52	7.54	8.91	67.13	75.0	2	22.0
1170.887	31.40	2.87	89.96	7.73	7.99	61.77	68.7	2	23.5
1171.032	32.43	2.75	89.18	7.92	7.52	59.51	66.7	2	22.0
1171.092	31.99	2.80	89.66	7.95	7.61	60.56	67.5	2	24.0
1171.196	31.13	2.88	89.78	7.92	7.96	63.08	70.3	2	23.5
1171.341	31.87	2.81	89.65	7.64	9.17	70.04	78.1	2	22.5
1171.401	32.07	2.79	89.55	7.51	9.48	71.17	79.5	2	21.5
1171.505	31.18	2.89	89.99	7.48	9.29	69.54	77.3	2	23.5
1171.650	31.29	2.87	89.77	7.72	8.32	64.27	71.6	2	24.0
1171.710	31.48	2.84	89.47	7.76	8.33	64.57	72.2	2	22.0
1171.814	31.52	2.82	89.00	7.54	9.00	67.89	76.3	2	22.5
1171.959	31.46	2.86	90.07	7.61	8.50	64.69	71.8	2	21.0
1172.019	32.26	2.75	88.72	7.69	7.97	61.26	69.0	2	21.0
1172.123	31.56	2.81	88.77	7.84	7.78	60.99	68.7	2	24.5
1172.268	31.72	2.80	88.94	7.90	7.68	60.70	68.3	2	22.0
1172.328	31.51	2.84	89.43	7.94	7.78	61.77	69.1	2	24.5
1172.432	31.14	2.87	89.27	7.95	7.92	62.93	70.5	2	22.5
1172.577	30.68	2.92	89.73	7.68	8.96	68.77	76.6	2	22.5
1172.637	31.37	2.86	89.60	7.63	9.17	69.94	78.1	2	22.5
1172.741	30.86	2.92	89.96	7.48	9.58	71.63	79.6	2	21.5
1172.886	31.85	2.83	90.06	7.38	9.48	70.00	77.7	2	23.0
1172.946	31.16	2.90	90.33	7.38	9.61	70.98	78.6	2	23.5
1173.050	31.51	2.87	90.40	7.45	9.18	68.35	75.6	2	21.5
1173.195	31.25	2.89	90.16	7.35	9.50	69.83	77.5	2	24.0
1173.255	30.24	2.96	89.46	7.33	9.66	70.87	79.2	2	23.5
1173.359	31.43	2.85	89.61	7.41	9.78	72.48	80.9	2	22.5
1173.504	31.55	2.86	90.13	7.40	9.79	72.46	80.4	2	22.0
1173.564	31.96	2.83	90.30	7.42	9.80	72.69	80.5	2	21.5
1173.668	31.55	2.85	89.85	7.46	9.74	72.67	80.9	2	23.5
1173.813	31.87	2.84	90.41	7.57	9.70	73.44	81.2	2	22.5
1173.873	31.79	2.84	90.18	7.56	9.73	73.56	81.6	2	22.5
1173.977	31.22	2.89	90.11	7.49	9.83	73.58	81.7	2	23.0
1174.122	31.85	2.82	89.95	7.53	9.02	67.98	75.6	2	22.0
1174.182	31.88	2.83	90.26	7.58	8.77	66.41	73.6	2	23.0
1174.286	31.45	2.87	90.30	7.59	8.63	65.56	72.6	2	22.5
1174.431	32.24	2.80	90.17	7.67	8.04	61.67	68.4	2	22.5
1174.491	31.87	2.82	89.80	7.69	8.00	61.50	68.5	2	22.0
1174.595	31.39	2.86	89.73	7.66	8.04	61.59	68.6	2	24.0
1174.740	32.18	2.77	89.22	7.67	7.97	61.11	68.5	2	21.5
1174.800	32.11	2.79	89.56	7.70	7.97	61.38	68.5	2	23.5
1174.904	30.78	2.92	89.84	7.66	8.41	64.46	71.7	2	22.0
1175.049	32.00	2.81	90.03	7.48	9.35	69.94	77.7	2	23.0
1175.109	31.06	2.89	89.76	7.66	8.93	68.38	76.2	2	24.0
1175.213	31.56	2.87	90.44	7.91	8.03	63.50	70.2	2	23.0
1175.358	31.17	2.88	89.68	7.89	7.54	59.52	66.4	2	22.0
1175.418	31.23	2.88	89.99	7.73	8.00	61.83	68.7	2	22.0
1175.522	32.00	2.79	89.40	7.50	8.86	66.52	74.4	2	23.0
1175.667	31.20	2.88	89.80	7.68	8.58	65.84	73.3	2	23.0
1175.727	31.04	2.91	90.33	7.73	8.39	64.87	71.8	2	23.0
1175.831	31.34	2.88	90.23	7.71	8.35	64.41	71.4	2	22.0
1175.976	31.64	2.85	90.19	7.78	8.24	64.12	71.1	2	22.5
1176.036	31.30	2.88	90.04	7.78	8.35	64.95	72.1	2	23.0
1176.140	30.99	2.88	89.20	7.58	9.10	68.94	77.3	2	23.0
1176.285	31.62	2.84	89.82	7.66	8.18	62.64	69.7	2	21.0
1176.345	32.17	2.77	89.27	7.72	7.74	59.75	66.9	2	22.5
1176.449	32.09	2.80	89.97	7.92	7.59	60.07	66.8	2	23.5
1176.594	30.89	2.92	90.27	7.80	8.49	66.28	73.4	2	25.0
1176.654	30.77	2.93	90.09	7.72	8.94	69.09	76.7	2	23.0
1176.758	30.22	2.97	89.60	7.61	9.27	70.62	78.8	2	23.5
1176.903	31.73	2.85	90.40	7.57	9.56	72.37	80.1	2	22.0
1176.963	32.11	2.82	90.41	7.49	9.67	72.48	80.2	2	22.5
1177.067	31.56	2.87	90.45	7.50	9.23	69.25	76.6	2	22.0
1177.212	31.58	2.85	90.01	7.74	8.17	63.24	70.3	2	22.5
1177.272	31.42	2.86	89.80	7.75	8.40	65.09	72.5	2	23.0
1177.376	31.11	2.90	90.14	7.53	9.00	67.78	75.2	2	22.0
1177.521	32.32	2.81	90.79	7.85	7.92	62.15	68.5	2	22.0
1177.581	32.50	2.75	89.43	7.84	8.26	64.78	72.4	2	22.0
1177.685	30.78	2.90	89.38	7.54	9.22	69.53	77.8	2	23.0
1177.830	32.24	2.76	89.04	7.75	8.18	63.38	71.2	2	22.0
1177.890	31.92	2.81	89.61	7.78	8.29	64.55	72.0	2	23.5
1177.994	31.01	2.88	89.41	7.57	9.08	68.72	76.9	2	23.5
1178.139	32.25	2.75	88.55	7.73	7.88	60.95	68.8	2	21.5
1178.199	32.66	2.71	88.64	7.78	7.60	59.12	66.7	2	21.5
1178.303	30.94	2.87	88.79	7.80	7.33	57.19	64.4	2	24.0
1178.448	31.86	2.83	90.31	7.88	7.30	57.48	63.7	2	23.0
1178.508	31.52	2.86	90.24	7.91	7.37	58.37	64.7	2	23.0
1178.612	31.68	2.82	89.42	7.98	7.70	61.51	68.8	2	24.0
1178.757	31.65	2.83	89.65	7.93	8.31	65.92	73.5	2	22.5
1178.817	31.76	2.82	89.69	7.83	8.64	67.61	75.4	2	22.5
1178.921	31.20	2.87	89.59	7.63	9.45	72.12	80.5	2	23.5
1179.066	30.90	2.92	90.14	7.66	8.74	66.94	74.3	2	21.5
1179.126	31.53	2.84	89.46	7.70	8.35	64.26	71.8	2	22.5
1179.230	30.97	2.88	89.33	7.69	8.65	66.55	74.5	2	23.0
1179.375	32.02	2.77	88.66	7.45	8.89	66.22	74.7	2	20.0
1179.435	32.59	2.68	87.33	7.34	9.05	66.38	76.0	2	22.0
1179.539	31.02	2.83	87.90	7.62	8.43	64.26	73.1	2	24.0
1179.684	29.42	2.99	88.07	7.58	8.48	64.32	73.0	2	23.0
1179.744	30.62	2.90	88.74	7.45	9.17	68.26	76.9	2	21.5
1179.848	32.19	2.76	88.84	7.70	8.71	67.08	75.5	2	22.0
1179.993	32.85	2.72	89.45	7.89	7.70	60.73	67.9	2	22.5
1180.053	32.27	2.77	89.48	7.89	7.49	59.07	66.0	2	23.5
1180.157	31.31	2.87	89.75	7.85	7.39	58.00	64.6	2	23.0
1180.302	31.84	2.85	90.60	8.04	7.65	61.53	67.9	2	23.5
1180.362	32.07	2.80	89.82	7.94	8.24	65.42	72.8	2	22.5
1180.466	30.99	2.91	90.25	7.67	9.23	70.84	78.5	2	23.5
1180.611	31.68	2.83	89.67	7.64	8.46	64.66	72.1	2	21.5
1180.671	31.94	2.80	89.54	7.69	8.20	63.05	70.4	2	22.0
1180.775	31.06	2.90	89.93	7.74	8.12	62.87	69.9	2	22.0
1180.920	31.70	2.82	89.27	7.71	7.96	61.33	68.7	2	23.0
1180.980	31.46	2.86	89.98	7.73	7.97	61.64	68.5	2	22.0
1181.084	31.10	2.88	89.45	7.65	8.50	65.01	72.7	2	23.5
1181.229	31.54	2.85	89.99	7.71	8.26	63.67	70.8	2	21.5
1181.289	31.71	2.82	89.29	7.85	7.99	62.69	70.2	2	23.0
1181.393	31.60	2.85	90.05	7.75	8.92	69.09	76.7	2	23.5
1181.538	31.56	2.84	89.52	7.64	8.79	67.10	75.0	2	21.5
1181.598	31.57	2.86	90.16	7.63	8.68	66.23	73.5	2	22.0
1181.702	32.25	2.77	89.37	7.71	8.61	66.43	74.3	2	22.5
1181.847	32.17	2.82	90.66	7.76	8.44	65.46	72.2	2	23.5
1181.907	31.05	2.89	89.85	7.58	8.93	67.67	75.3	2	23.0
1182.011	31.76	2.82	89.51	7.82	8.28	64.76	72.3	2	23.5
1182.156	31.79	2.84	90.35	7.77	8.40	65.28	72.3	2	22.0
1182.216	31.92	2.81	89.63	7.64	8.85	67.59	75.4	2	23.5
1182.320	31.57	2.83	89.42	7.80	8.24	64.23	71.8	2	23.0
1182.465	31.65	2.83	89.42	7.74	8.50	65.80	73.6	2	23.5
1182.525	30.84	2.89	89.15	7.59	8.92	67.72	76.0	2	22.5
1182.629	31.46	2.84	89.39	7.75	8.48	65.72	73.5	2	23.5
1182.774	30.94	2.89	89.34	7.63	8.60	65.62	73.5	2	21.5
1182.834	31.83	2.80	89.07	7.48	8.95	66.90	75.1	2	20.5
1182.938	31.01	2.87	89.03	7.66	8.06	61.77	69.4	2	23.5
1183.083	32.09	2.79	89.65	7.81	8.20	64.00	71.4	2	22.5
1183.143	31.74	2.83	89.80	7.67	8.89	68.17	75.9	2	23.5
1183.247	31.05	2.89	89.78	7.67	8.57	65.74	73.2	2	23.0
1183.392	31.78	2.84	90.22	7.74	8.28	64.09	71.0	2	21.5
1183.452	31.64	2.83	89.52	7.67	8.72	66.83	74.7	2	23.5
1183.556	30.89	2.89	89.37	7.73	8.39	64.81	72.5	2	22.5
1183.701	31.97	2.77	88.50	7.75	8.14	63.05	71.2	2	22.0
1183.761	32.43	2.73	88.43	7.66	8.68	66.52	75.2	2	21.5
1183.865	32.93	2.68	88.40	7.52	8.58	64.55	73.0	2	22.0
1184.010	30.84	2.91	89.78	7.65	8.12	62.11	69.2	2	21.5
1184.070	31.84	2.79	88.98	7.68	8.15	62.65	70.4	2	22.5
1184.174	31.58	2.84	89.69	7.59	8.90	67.50	75.3	2	22.5
1184.319	31.37	2.87	90.06	7.82	8.22	64.29	71.4	2	23.5
1184.379	30.60	2.94	89.82	7.66	8.96	68.62	76.4	2	23.5
1184.483	31.63	2.81	88.99	7.76	8.33	64.61	72.6	2	22.0
1184.628	30.71	2.87	88.27	7.52	8.84	66.55	75.4	2	22.5
1184.688	31.64	2.78	87.91	7.68	8.08	62.04	70.6	2	22.5
1184.792	32.91	2.66	87.41	7.84	7.85	61.61	70.5	2	21.5
1184.937	33.45	2.61	87.34	7.69	8.68	66.72	76.4	2	23.5
1184.997	31.86	2.78	88.51	7.62	9.00	68.55	77.5	2	25.0
1185.101	28.69	3.00	86.14	7.54	8.30	62.60	72.7	2	24.5
1185.246	31.35	2.81	87.98	7.56	8.36	63.17	71.8	2	21.0
1185.306	32.22	2.72	87.65	7.43	8.73	64.80	73.9	2	21.5
1185.410	32.79	2.68	87.78	7.51	8.34	62.57	71.3	2	22.0
1185.555	30.73	2.90	89.00	7.59	8.23	62.51	70.2	2	23.5
1185.615	30.16	2.96	89.21	7.50	8.94	67.04	75.1	2	23.0
1185.719	32.14	2.77	89.04	7.56	9.10	68.73	77.2	2	22.0
1185.864	32.52	2.74	89.03	7.88	7.96	62.74	70.5	2	24.5
1185.924	31.34	2.85	89.22	7.89	7.59	59.93	67.2	2	23.5
1186.028	32.12	2.78	89.43	7.87	7.41	58.32	65.2	2	22.0
1186.173	31.71	2.83	89.89	7.75	7.74	59.99	66.7	2	23.0
1186.233	31.03	2.89	89.76	7.75	7.71	59.75	66.6	2	21.5
1186.337	31.49	2.86	90.10	7.82	7.57	59.24	65.7	2	22.0
1186.482	31.33	2.87	89.91	7.83	7.50	58.67	65.3	2	22.0
1186.542	32.23	2.78	89.63	7.81	7.35	57.38	64.0	2	21.0
1186.646	31.71	2.83	89.91	7.54	8.43	63.59	70.7	2	21.5
1186.791	31.36	2.88	90.25	7.42	9.43	69.95	77.5	2	22.0
1186.851	31.71	2.83	89.74	7.38	9.50	70.16	78.2	2	22.0
1186.955	31.46	2.85	89.66	7.32	9.55	69.91	78.0	2	22.5
1187.100	30.38	2.95	89.54	7.30	9.62	70.19	78.4	2	23.5
1187.160	30.47	2.95	90.00	7.27	9.64	70.07	77.9	2	22.5
1187.264	31.52	2.85	89.89	7.42	8.84	65.60	73.0	2	21.5
1187.409	31.72	2.84	90.09	7.69	7.94	61.03	67.7	2	22.5
1187.469	31.59	2.85	90.05	7.78	7.59	59.07	65.6	2	22.5
1187.573	32.26	2.79	90.03	7.97	7.43	59.17	65.7	2	23.5
1187.718	31.98	2.79	89.26	8.07	7.76	62.64	70.2	2	23.0
1187.778	32.32	2.74	88.51	8.08	7.93	64.09	72.4	2	23.0
1187.882	30.56	2.91	88.82	7.80	8.72	68.03	76.6	2	24.0
1188.027	32.12	2.79	89.67	7.80	8.84	68.91	76.9	2	23.5
1188.087	32.25	2.78	89.66	7.78	9.02	70.21	78.3	2	22.5
1188.191	31.62	2.83	89.44	7.60	9.50	72.18	80.7	2	24.5
1188.336	30.18	2.97	89.77	7.40	9.69	71.75	79.9	2	22.0
1188.396	31.16	2.89	89.99	7.52	9.06	68.15	75.7	2	21.0
1188.500	31.92	2.82	89.87	7.56	8.64	65.39	72.8	2	23.0
1188.645	31.57	2.86	90.29	7.70	8.34	64.25	71.2	2	21.0
1188.705	31.74	2.84	90.00	7.70	8.22	63.29	70.3	2	23.0
1188.809	31.34	2.88	90.10	7.72	8.12	62.69	69.6	2	22.0
1188.954	31.77	2.84	90.37	7.70	8.14	62.68	69.4	2	22.0
1189.014	31.90	2.84	90.48	7.68	8.06	61.89	68.4	2	23.0
1189.118	31.36	2.86	89.84	7.76	8.16	63.39	70.6	2	22.5
1189.263	30.75	2.92	89.73	7.57	8.87	67.14	74.8	2	22.5
1189.323	31.71	2.81	89.16	7.71	8.13	62.72	70.3	2	22.0
1189.427	32.71	2.68	87.69	7.79	8.30	64.63	73.7	2	23.0
1189.572	30.01	2.96	88.78	7.63	8.47	64.63	72.8	2	23.5
1189.632	30.92	2.90	89.57	7.68	8.48	65.13	72.7	2	21.5
1189.736	31.18	2.89	90.07	7.55	8.95	67.55	75.0	2	22.0
1189.881	32.46	2.78	90.11	7.84	8.41	65.93	73.2	2	22.5
1189.941	31.66	2.85	90.31	7.75	8.75	67.82	75.1	2	22.0
1190.045	31.27	2.88	89.91	7.67	8.79	67.39	75.0	2	23.0
1190.190	32.19	2.78	89.53	7.81	8.55	66.74	74.5	2	21.5
1190.250	32.87	2.70	88.77	7.68	8.49	65.24	73.5	2	21.0
1190.354	32.79	2.69	88.24	7.64	8.18	62.51	70.8	2	22.5
1190.499	30.96	2.89	89.56	7.70	8.06	62.05	69.3	2	21.5
1190.559	31.90	2.77	88.27	7.69	7.92	60.90	69.0	2	21.0
1190.663	31.37	2.82	88.45	7.61	7.94	60.43	68.3	2	24.0
1190.808	31.90	2.77	88.32	7.65	8.22	62.93	71.3	2	22.5
1190.868	31.28	2.84	88.83	7.59	8.72	66.15	74.5	2	23.0
1190.972	31.73	2.83	89.71	7.65	8.33	63.77	71.1	2	21.5
1191.117	30.81	2.91	89.75	7.65	8.87	67.87	75.6	2	24.0
1191.177	30.24	2.95	89.11	7.69	8.53	65.56	73.6	2	23.0
1191.281	30.87	2.89	89.11	7.61	8.82	67.08	75.3	2	22.5
1191.426	32.72	2.71	88.63	7.80	8.26	64.46	72.7	2	22.0
1191.486	32.64	2.74	89.33	7.61	8.93	68.00	76.1	2	23.0
1191.590	31.33	2.86	89.49	7.72	8.50	65.62	73.3	2	24.0
1191.735	32.27	2.75	88.83	7.82	8.18	64.00	72.0	2	22.5
1191.795	31.98	2.78	88.77	7.71	8.77	67.59	76.1	2	23.5
1191.899	30.78	2.90	89.16	7.66	8.82	67.58	75.8	2	22.5
1192.044	32.29	2.78	89.90	7.70	8.77	67.56	75.1	2	21.5
1192.104	32.30	2.78	89.70	7.74	8.40	65.01	72.5	2	23.5
1192.208	31.33	2.88	90.14	7.62	8.59	65.45	72.6	2	21.5
1192.353	31.15	2.89	89.96	7.70	8.64	66.46	73.9	2	22.0
1192.413	31.82	2.82	89.67	7.63	8.72	66.50	74.2	2	22.5
1192.517	31.93	2.83	90.29	7.80	8.22	64.12	71.0	2	23.0
1192.662	32.40	2.72	88.28	7.71	8.50	65.52	74.2	2	22.0
1192.722	31.81	2.80	89.09	7.62	8.83	67.28	75.5	2	23.0
1192.826	32.05	2.78	89.21	7.73	8.60	66.45	74.5	2	24.0
1192.971	30.36	2.94	89.24	7.60	8.87	67.38	75.5	2	23.0
1193.031	31.02	2.87	89.15	7.74	8.24	63.73	71.5	2	22.0
1193.135	32.15	2.78	89.41	7.58	8.86	67.23	75.2	2	22.5
1193.280	30.10	2.94	88.59	7.51	8.73	65.58	74.0	2	23.5
1193.340	31.07	2.87	89.28	7.71	8.13	62.67	70.2	2	21.5
1193.444	31.75	2.82	89.45	7.66	8.85	67.80	75.8	2	24.0
1193.589	31.18	2.87	89.59	7.68	8.88	68.19	76.1	2	23.5
1193.649	31.17	2.87	89.52	7.72	8.47	65.42	73.1	2	21.5
1193.753	32.44	2.73	88.51	7.77	8.50	66.11	74.7	2	23.0
1193.898	30.64	2.90	88.85	7.71	8.59	66.20	74.5	2	23.5
1193.958	30.15	2.93	88.34	7.56	8.94	67.61	76.5	2	22.5
1194.062	32.35	2.74	88.48	7.82	8.07	63.07	71.3	2	22.0
1194.207	30.39	2.93	88.89	7.65	8.60	65.87	74.1	2	23.5
1194.267	30.35	2.94	89.12	7.73	8.45	65.35	73.3	2	22.5
1194.371	31.13	2.87	89.29	7.62	8.64	65.85	73.7	2	22.0
1194.516	33.00	2.69	88.79	7.75	8.47	65.61	73.9	2	21.0
1194.576	32.89	2.69	88.58	7.60	9.03	68.60	77.4	2	22.5
1194.680	31.03	2.89	89.54	7.57	8.57	64.86	72.4	2	21.5
1194.825	33.28	2.57	85.64	7.44	8.67	64.55	75.4	2	21.0
1194.885	32.90	2.66	87.39	7.51	8.89	66.75	76.4	2	23.0
1194.989	31.13	2.86	89.05	7.47	9.35	69.82	78.4	2	23.0
1195.134	31.97	2.81	89.77	7.75	8.14	63.03	70.2	2	21.5
1195.194	32.39	2.76	89.52	7.82	8.19	64.04	71.5	2	23.0
1195.298	30.72	2.92	89.79	7.65	8.72	66.70	74.3	2	23.0
1195.443	32.44	2.74	88.87	7.50	9.00	67.44	75.9	2	22.5
1195.503	31.36	2.85	89.40	7.59	8.51	64.53	72.2	2	22.0
1195.607	32.50	2.74	89.10	7.70	8.47	65.19	73.2	2	22.5
1195.752	31.09	2.92	90.64	7.63	8.73	66.55	73.4	2	22.5
1195.812	31.35	2.87	90.09	7.61	8.73	66.46	73.8	2	22.5
1195.916	32.39	2.76	89.49	7.75	8.53	66.15	73.9	2	23.0
1196.061	31.46	2.88	90.55	7.66	8.82	67.52	74.6	2	22.0
1196.121	31.92	2.82	89.89	7.80	8.28	64.52	71.8	2	23.5
1196.225	31.63	2.86	90.40	7.75	8.50	65.90	72.9	2	22.0
1196.370	32.30	2.76	89.04	7.67	8.69	66.71	74.9	2	22.0
1196.430	31.39	2.86	89.76	7.62	8.53	65.04	72.5	2	23.5
1196.534	31.37	2.85	89.52	7.71	8.36	64.46	72.0	2	22.5
1196.679	32.54	2.75	89.43	7.67	8.54	65.49	73.2	2	23.0
1196.739	31.90	2.80	89.47	7.65	8.53	65.23	72.9	2	21.5
1196.843	32.09	2.79	89.44	7.69	8.67	66.66	74.5	2	24.0
1196.988	31.29	2.85	89.29	7.71	8.36	64.48	72.2	2	22.0
1197.048	32.02	2.78	88.98	7.68	8.70	66.81	75.1	2	22.0
1197.152	30.65	2.92	89.52	7.63	8.68	66.27	74.0	2	23.0
1197.297	31.81	2.81	89.55	7.71	8.61	66.37	74.1	2	24.0
1197.357	31.38	2.86	89.61	7.64	8.61	65.83	73.5	2	23.0
1197.461	32.51	2.71	88.01	7.73	8.37	64.70	73.5	2	21.5
1197.606	31.65	2.84	89.90	7.67	8.80	67.48	75.1	2	24.0
1197.666	31.21	2.88	89.85	7.79	8.24	64.18	71.4	2	22.5
1197.770	31.45	2.86	89.90	7.75	8.50	65.89	73.3	2	22.0
1197.915	32.81	2.68	87.82	7.79	8.39	65.37	74.4	2	22.5
1197.975	31.53	2.83	89.20	7.69	8.68	66.77	74.8	2	24.5
1198.079	30.90	2.90	89.75	7.65	8.77	67.13	74.8	2	22.5
1198.224	31.75	2.84	90.09	7.63	8.64	65.93	73.2	2	22.5
1198.284	32.05	2.80	89.87	7.65	8.71	66.63	74.1	2	23.0
1198.388	31.51	2.86	89.98	7.74	8.42	65.20	72.5	2	22.5
1198.533	31.81	2.85	90.74	7.65	8.71	66.67	73.5	2	22.5
1198.593	31.96	2.84	90.79	7.83	8.36	65.51	72.2	2	24.0
1198.697	32.10	2.80	90.00	7.75	8.57	66.42	73.8	2	21.5
1198.842	31.03	2.91	90.25	7.63	8.75	66.79	74.0	2	24.0
1198.902	30.85	2.93	90.29	7.66	8.56	65.63	72.7	2	22.0
1199.006	32.46	2.75	89.23	7.74	8.21	63.54	71.2	2	22.0
1199.151	30.56	2.92	89.22	7.60	8.80	66.88	75.0	2	24.0
1199.211	31.03	2.88	89.26	7.76	8.22	63.73	71.4	2	22.0
1199.315	30.78	2.91	89.46	7.77	8.49	65.95	73.7	2	22.5
1199.460	32.16	2.79	89.58	7.78	8.40	65.34	72.9	2	22.5
1199.520	31.32	2.87	89.76	7.71	8.52	65.76	73.3	2	23.5
1199.624	31.66	2.84	89.81	7.70	8.41	64.73	72.1	2	22.5
1199.769	30.95	2.90	89.89	7.71	8.78	67.70	75.3	2	23.0
1199.829	31.40	2.86	89.67	7.82	8.31	64.94	72.4	2	22.5
1199.933	31.10	2.91	90.36	7.72	8.57	66.20	73.3	2	23.0
1200.078	31.99	2.80	89.72	7.68	8.74	67.14	74.8	2	21.0
1200.138	32.63	2.72	88.67	7.76	8.35	64.77	73.1	2	23.0
1200.242	31.36	2.85	89.24	7.74	8.51	65.86	73.8	2	23.0
1200.387	31.09	2.89	89.74	7.72	8.58	66.25	73.8	2	22.0
1200.447	31.51	2.86	90.02	7.67	8.77	67.31	74.8	2	21.5
1200.551	32.67	2.72	88.97	7.74	8.69	67.24	75.6	2	23.0
1200.696	30.67	2.91	89.40	7.67	8.89	68.14	76.2	2	23.0
1200.756	31.15	2.86	88.94	7.78	8.23	64.01	72.0	2	22.0
1200.860	31.25	2.86	89.28	7.73	8.70	67.19	75.3	2	24.0
1201.005	30.55	2.93	89.65	7.67	8.61	66.02	73.6	2	23.0
1201.065	31.47	2.85	89.78	7.82	8.23	64.42	71.8	2	23.5
1201.169	30.99	2.91	90.05	7.74	8.55	66.14	73.5	2	23.0
1201.314	32.04	2.79	89.30	7.75	8.54	66.22	74.2	2	21.5
1201.374	32.32	2.76	89.11	7.65	8.56	65.50	73.5	2	22.5
1201.478	30.92	2.89	89.47	7.65	8.68	66.44	74.3	2	22.5
1201.623	32.38	2.75	89.09	7.72	8.53	65.86	73.9	2	22.0
1201.683	32.03	2.80	89.71	7.80	8.40	65.55	73.1	2	22.5
1201.787	31.71	2.83	89.81	7.75	8.34	64.68	72.0	2	22.0
1201.932	31.66	2.84	89.94	7.81	8.41	65.63	73.0	2	23.0
1201.992	31.04	2.89	89.72	7.69	8.80	67.62	75.4	2	22.5
1202.096	32.25	2.77	89.32	7.79	8.58	66.77	74.8	2	23.0
1202.241	31.66	2.86	90.40	7.62	8.88	67.65	74.8	2	21.0
1202.301	32.68	2.72	88.85	7.69	8.13	62.53	70.4	2	21.0
1202.405	32.55	2.73	88.83	7.83	8.31	65.12	73.3	2	24.5
1202.550	29.62	2.99	88.43	7.69	8.25	63.46	71.8	2	23.0
1202.610	31.31	2.81	88.11	7.73	8.23	63.66	72.2	2	22.0
1202.714	30.38	2.92	88.81	7.53	8.94	67.27	75.7	2	23.0
1202.859	31.75	2.82	89.65	7.64	8.86	67.72	75.5	2	23.0
1202.919	31.46	2.87	90.29	7.77	8.49	65.94	73.0	2	22.5
1203.023	31.41	2.87	90.02	7.81	8.32	65.01	72.2	2	22.5
1203.168	32.05	2.82	90.24	7.68	8.75	67.22	74.5	2	22.0
1203.228	31.73	2.84	90.25	7.76	8.38	65.01	72.0	2	23.5
1203.332	31.36	2.88	90.27	7.82	8.43	65.90	73.0	2	23.5
1203.477	32.12	2.80	89.80	7.76	8.54	66.31	73.8	2	21.5
1203.537	32.57	2.75	89.69	7.71	8.49	65.40	72.9	2	21.5
1203.641	31.75	2.81	89.29	7.65	8.75	66.94	75.0	2	22.5
1203.786	32.03	2.82	90.24	7.73	8.60	66.47	73.7	2	21.5
1203.846	32.63	2.73	89.14	7.74	8.46	65.48	73.5	2	23.0
1203.950	31.10	2.87	89.40	7.69	8.30	63.84	71.4	2	21.5
1204.095	31.07	2.89	89.79	7.67	8.64	66.23	73.8	2	23.0
1204.155	31.56	2.86	90.12	7.69	8.46	65.04	72.2	2	21.5
1204.259	31.04	2.89	89.66	7.70	8.73	67.21	75.0	2	22.0
1204.404	32.03	2.79	89.34	7.78	8.36	65.01	72.8	2	22.0
1204.464	32.53	2.75	89.46	7.71	8.83	68.02	76.0	2	23.0
1204.568	30.50	2.93	89.45	7.66	8.82	67.55	75.5	2	24.0
1204.713	32.04	2.82	90.20	7.72	8.69	67.04	74.3	2	21.0
1204.773	32.87	2.71	89.13	7.71	8.26	63.66	71.4	2	21.5
1204.877	32.21	2.78	89.48	7.60	8.74	66.49	74.3	2	23.0
1205.022	31.79	2.85	90.52	7.77	8.66	67.27	74.3	2	23.0
1205.082	31.29	2.89	90.56	7.77	8.54	66.38	73.3	2	23.0
1205.186	31.38	2.88	90.48	7.72	8.49	65.50	72.4	2	22.5
1205.331	31.56	2.85	89.96	7.73	8.59	66.43	73.8	2	22.5
1205.391	31.54	2.85	89.75	7.68	8.59	65.97	73.5	2	21.5
1205.495	32.20	2.77	89.31	7.71	8.81	67.98	76.1	2	24.0
1205.640	30.80	2.91	89.62	7.65	8.90	68.06	75.9	2	23.5
1205.700	31.47	2.86	89.96	7.72	8.39	64.74	72.0	2	21.5
1205.804	32.56	2.73	88.88	7.70	8.69	66.88	75.2	2	22.0
1205.949	31.97	2.81	89.96	7.79	8.46	65.92	73.3	2	23.0
1206.009	31.24	2.87	89.67	7.65	8.93	68.25	76.1	2	22.5
1206.113	32.46	2.74	88.85	7.85	8.11	63.64	71.6	2	22.5
1206.258	30.35	2.94	89.17	7.67	8.51	65.27	73.2	2	23.5
1206.318	31.13	2.89	89.95	7.61	8.82	67.04	74.5	2	22.5
1206.422	31.76	2.81	89.21	7.79	8.13	63.27	70.9	2	22.0
1206.567	30.76	2.91	89.62	7.71	8.51	65.64	73.2	2	24.5
1206.627	30.51	2.94	89.59	7.75	8.46	65.56	73.2	2	23.0
1206.731	31.23	2.87	89.64	7.68	8.43	64.70	72.2	2	21.0
1206.876	31.61	2.83	89.33	7.95	8.19	65.12	72.9	2	25.0
1206.936	30.06	2.95	88.77	7.77	8.88	68.97	77.7	2	24.5
1207.040	30.95	2.88	89.16	7.75	9.07	70.26	78.8	2	22.0
1207.185	31.51	2.84	89.41	7.98	8.09	64.52	72.2	2	24.5
1207.245	30.95	2.91	90.00	8.01	7.91	63.40	70.4	2	23.5
1207.349	32.13	2.79	89.73	8.01	7.52	60.27	67.2	2	22.0
1207.494	31.49	2.86	89.92	8.04	7.44	59.80	66.5	2	23.5
1207.554	31.33	2.88	90.36	8.11	7.61	61.71	68.3	2	23.5
1207.658	31.56	2.86	90.20	7.88	8.60	67.78	75.1	2	22.0
1207.803	31.88	2.85	90.71	7.67	8.74	67.02	73.9	2	22.5
1207.863	31.85	2.86	90.92	7.66	8.74	67.03	73.7	2	22.5
1207.967	32.34	2.79	90.22	7.71	8.31	64.07	71.0	2	23.0
1208.112	31.13	2.90	90.14	7.73	8.79	67.96	75.4	2	23.0
1208.172	31.45	2.86	89.97	7.78	8.37	65.11	72.4	2	22.5
1208.276	32.01	2.81	90.10	7.74	8.56	66.28	73.6	2	23.0
1208.421	31.19	2.89	90.25	7.78	8.42	65.49	72.6	2	22.5
1208.481	31.24	2.89	90.34	7.74	8.66	67.03	74.2	2	23.5
1208.585	31.81	2.85	90.76	7.79	8.55	66.56	73.3	2	23.0
1208.730	31.72	2.83	89.85	7.76	8.74	67.84	75.5	2	24.5
1208.790	30.84	2.91	89.76	7.75	8.64	66.95	74.6	2	23.5
1208.894	31.93	2.80	89.30	7.75	8.59	66.59	74.6	2	21.5
1209.039	30.86	2.89	89.26	7.79	8.23	64.13	71.8	2	22.5
1209.099	31.77	2.82	89.71	7.72	8.69	67.04	74.7	2	21.0
1209.203	31.71	2.84	89.93	7.64	8.80	67.23	74.8	2	23.0
1209.348	30.56	2.95	90.07	7.81	8.47	66.18	73.5	2	22.5
1209.408	31.30	2.87	89.75	7.67	8.85	67.83	75.6	2	22.0
1209.512	31.81	2.83	90.16	7.77	8.78	68.23	75.7	2	23.5
1209.657	32.58	2.74	89.12	7.74	8.19	63.42	71.2	2	21.0
1209.717	32.98	2.67	88.13	7.78	8.49	66.02	74.9	2	23.0
1209.821	30.71	2.91	89.40	7.76	8.45	65.65	73.4	2	23.0
1209.966	32.14	2.77	89.17	7.85	8.32	65.33	73.3	2	23.5
1210.026	30.80	2.90	89.30	7.76	8.56	66.40	74.4	2	24.0
1210.130	31.79	2.79	88.60	7.64	8.77	67.05	75.7	2	21.5
1210.275	30.44	2.92	88.78	7.74	8.71	67.37	75.9	2	24.0
1210.335	30.25	2.95	89.33	7.74	8.48	65.65	73.5	2	22.0
1210.439	32.03	2.79	89.45	7.53	8.89	66.96	74.9	2	20.5
1210.584	32.07	2.80	89.91	7.84	8.08	63.37	70.5	2	24.5
1210.644	30.39	2.93	89.16	7.65	8.86	67.75	76.0	2	24.0
1210.748	31.37	2.83	88.74	7.70	8.34	64.26	72.4	2	22.0
1210.893	30.97	2.87	88.99	7.62	8.66	66.04	74.2	2	24.0
1210.953	30.94	2.87	88.91	7.82	8.10	63.39	71.3	2	23.0
1211.057	32.08	2.79	89.57	7.61	8.70	66.25	74.0	2	21.0
1211.202	31.18	2.89	90.01	7.56	8.86	67.04	74.5	2	23.5
1211.262	31.22	2.90	90.39	7.72	8.31	64.14	71.0	2	21.5
1211.366	31.40	2.86	89.94	7.75	8.69	67.32	74.9	2	24.0
1211.511	31.05	2.88	89.28	7.75	8.32	64.48	72.2	2	22.5
1211.571	31.92	2.80	89.40	7.72	8.68	67.07	75.0	2	22.0
1211.675	32.84	2.67	87.65	7.68	8.39	64.39	73.5	2	22.0
1211.820	31.90	2.79	89.09	7.80	8.39	65.41	73.4	2	22.5
1211.880	31.89	2.82	89.81	7.73	8.63	66.70	74.3	2	23.5
1211.984	30.71	2.93	89.99	7.61	8.81	67.03	74.5	2	23.0
1212.129	31.56	2.87	90.59	7.80	8.46	66.00	72.9	2	23.0
1212.189	31.37	2.87	90.01	7.75	8.80	68.21	75.8	2	22.5
1212.293	31.89	2.81	89.64	7.78	8.60	66.92	74.6	2	24.0
1212.438	30.91	2.93	90.47	7.72	8.53	65.84	72.8	2	21.5
1212.498	31.97	2.80	89.66	7.79	8.53	66.46	74.1	2	23.5
1212.602	31.20	2.90	90.34	7.79	8.62	67.19	74.4	2	24.0
1212.747	31.34	2.87	90.04	7.74	8.92	69.04	76.7	2	23.0
1212.807	31.40	2.88	90.39	7.83	8.53	66.79	73.9	2	22.0
1212.911	31.86	2.81	89.68	7.86	8.22	64.59	72.0	2	22.5
1213.056	31.50	2.84	89.60	7.78	8.55	66.45	74.2	2	23.5
1213.116	30.74	2.91	89.49	7.72	8.60	66.35	74.1	2	22.5
1213.220	31.66	2.82	89.32	7.75	8.77	67.94	76.1	2	23.5
1213.365	31.19	2.87	89.57	7.63	8.76	66.86	74.6	2	22.5
1213.425	31.90	2.81	89.65	7.82	8.16	63.81	71.2	2	23.5
1213.529	30.58	2.94	89.87	7.73	8.60	66.51	74.0	2	23.5
1213.674	32.25	2.77	89.45	7.78	8.16	63.42	70.9	2	22.5
1213.734	32.19	2.80	90.13	7.81	8.60	67.21	74.6	2	23.0
1213.838	31.61	2.83	89.58	7.80	8.42	65.71	73.4	2	22.0
1213.983	32.21	2.78	89.70	7.83	8.24	64.52	71.9	2	22.5
1214.043	31.27	2.87	89.82	7.72	8.81	67.97	75.7	2	24.0
1214.147	31.23	2.88	89.81	7.72	8.60	66.41	73.9	2	21.5
1214.292	32.12	2.77	88.90	7.79	7.97	62.11	69.9	2	23.0
1214.352	32.42	2.76	89.59	7.89	8.08	63.76	71.2	2	23.0
1214.456	30.97	2.90	89.86	7.73	8.63	66.77	74.3	2	24.0
1214.601	31.19	2.89	90.00	7.71	8.73	67.28	74.8	2	22.0
1214.661	32.16	2.77	89.20	7.87	8.11	63.83	71.6	2	22.5
1214.765	31.23	2.87	89.74	7.77	8.83	68.57	76.4	2	24.0
1214.910	32.14	2.75	88.28	7.78	8.50	66.11	74.9	2	21.5
1214.970	31.68	2.80	88.81	7.64	9.04	69.04	77.7	2	23.5
1215.074	31.12	2.86	89.09	7.78	8.17	63.53	71.3	2	22.5
1215.219	31.04	2.88	89.47	7.69	9.04	69.55	77.7	2	25.0
1215.279	29.94	2.96	88.73	7.57	9.13	69.05	77.8	2	23.5
1215.383	31.30	2.85	89.15	7.74	8.30	64.20	72.0	2	22.0
1215.528	32.81	2.66	87.30	7.62	8.64	65.82	75.4	2	22.5
1215.588	31.49	2.80	88.13	7.55	8.94	67.56	76.7	2	24.5
1215.692	29.33	2.97	87.18	7.42	9.27	68.82	78.9	2	23.0
1215.837	31.65	2.80	88.67	7.33	9.26	67.90	76.6	2	21.5
1215.897	32.02	2.77	88.58	7.31	9.32	68.12	76.9	2	21.0
1216.001	32.18	2.77	89.03	7.32	9.53	69.74	78.3	2	22.0
1216.146	31.62	2.83	89.58	7.51	9.56	71.84	80.2	2	22.0
1216.206	31.51	2.85	89.92	7.45	9.62	71.66	79.7	2	22.0
1216.310	31.71	2.86	90.59	7.65	8.53	65.26	72.0	2	22.0
1216.455	31.62	2.88	91.08	7.89	7.59	59.84	65.7	2	24.0
1216.515	31.43	2.89	90.80	7.99	7.76	62.02	68.3	2	23.5
1216.619	31.95	2.84	90.75	7.68	9.06	69.56	76.7	2	21.5
1216.764	31.84	2.83	90.08	7.82	8.31	65.05	72.2	2	24.0
1216.824	31.15	2.88	89.58	7.78	8.54	66.42	74.1	2	24.0
1216.928	31.08	2.88	89.47	7.57	9.18	69.46	77.6	2	22.0
1217.073	31.72	2.84	90.13	7.80	7.95	62.06	68.9	2	21.5
1217.133	32.06	2.81	90.06	7.89	7.58	59.81	66.4	2	23.0
1217.237	31.75	2.85	90.37	8.02	7.78	62.33	69.0	2	23.0
1217.382	32.14	2.80	89.97	7.70	9.10	70.08	77.9	2	21.5
1217.442	32.43	2.77	89.85	7.66	8.83	67.69	75.3	2	21.5
1217.546	32.21	2.79	89.97	7.64	8.57	65.47	72.8	2	22.5
1217.691	32.49	2.77	89.93	7.60	8.49	64.57	71.8	2	22.0
1217.751	31.54	2.87	90.58	7.52	9.08	68.27	75.4	2	23.5
1217.855	30.72	2.95	90.63	7.42	9.34	69.26	76.4	2	21.5
1218.000	30.93	2.91	90.08	7.43	9.25	68.71	76.3	2	22.5
1218.060	31.74	2.85	90.53	7.57	8.68	65.67	72.5	2	21.0
1218.164	31.87	2.83	90.17	7.65	8.21	62.75	69.6	2	24.0
1218.309	31.10	2.89	89.91	7.77	8.44	65.60	73.0	2	22.5
1218.369	31.07	2.89	89.66	7.65	8.94	68.46	76.3	2	22.0
1218.473	31.62	2.85	90.19	7.57	8.76	66.32	73.5	2	22.0
1218.618	31.64	2.86	90.59	7.87	7.83	61.61	68.0	2	23.0
1218.678	31.22	2.90	90.56	7.81	8.50	66.38	73.3	2	23.5
1218.782	31.38	2.86	89.86	7.75	8.44	65.41	72.8	2	22.0
1218.927	31.56	2.87	90.56	7.61	9.09	69.19	76.4	2	23.0
1218.987	31.06	2.91	90.37	7.70	8.52	65.66	72.7	2	22.5
1219.091	31.85	2.85	90.69	7.81	8.52	66.59	73.4	2	22.5
1219.236	31.01	2.91	90.27	7.71	8.50	65.57	72.6	2	23.0
1219.296	31.06	2.91	90.53	7.68	8.73	67.11	74.1	2	22.5
1219.400	31.69	2.87	90.94	7.74	8.31	64.33	70.7	2	23.0
1219.545	31.09	2.92	90.89	7.70	8.83	67.97	74.8	2	23.5
1219.605	30.92	2.94	90.80	7.78	8.48	65.96	72.6	2	22.5
1219.709	31.25	2.89	90.20	7.58	9.06	68.72	76.2	2	21.5
1219.854	31.43	2.86	89.85	7.86	7.99	62.82	69.9	2	24.0
1219.914	31.22	2.88	90.05	7.82	8.56	66.99	74.4	2	22.5
1220.018	31.54	2.86	90.31	7.67	8.82	67.59	74.8	2	22.5
1220.163	31.44	2.88	90.44	7.67	8.79	67.41	74.5	2	23.5
1220.223	31.14	2.91	90.65	7.57	9.02	68.23	75.3	2	22.0
1220.327	31.94	2.83	90.44	7.82	8.13	63.60	70.3	2	23.0
1220.472	31.06	2.90	90.10	7.74	8.59	66.47	73.8	2	22.0
1220.532	31.72	2.84	90.03	7.77	8.38	65.13	72.3	2	22.0
1220.636	31.72	2.86	90.66	7.61	9.06	68.98	76.1	2	21.5
1220.781	31.91	2.83	90.46	7.87	8.23	64.72	71.5	2	23.0
1220.841	31.35	2.89	90.71	7.73	8.97	69.30	76.4	2	24.0
1220.945	31.23	2.89	90.37	7.79	8.37	65.18	72.1	2	22.0
1221.090	31.12	2.90	90.14	7.57	9.23	69.85	77.5	2	22.5
1221.150	31.87	2.82	89.92	7.60	8.68	65.98	73.4	2	21.0
1221.254	31.48	2.87	90.20	7.73	8.20	63.35	70.2	2	21.5
1221.399	31.81	2.85	90.67	7.83	7.74	60.57	66.8	2	21.5
1221.459	32.21	2.82	90.95	7.86	7.53	59.22	65.1	2	22.0
1221.563	32.41	2.79	90.55	7.93	7.49	59.38	65.6	2	22.0
1221.708	30.59	2.94	90.05	7.73	8.93	69.01	76.6	2	24.5
1221.768	30.27	2.98	90.25	7.57	9.37	70.92	78.6	2	22.0
1221.872	31.77	2.84	90.21	7.62	8.71	66.36	73.6	2	21.5
1222.017	31.52	2.88	90.71	7.75	8.18	63.34	69.8	2	21.5
1222.077	32.00	2.83	90.69	7.75	8.33	64.56	71.2	2	22.0
1222.181	31.05	2.90	90.14	7.50	9.01	67.53	74.9	2	22.5
1222.326	31.80	2.84	90.44	7.87	8.38	65.96	72.9	2	24.5
1222.386	30.81	2.94	90.46	7.69	8.97	68.94	76.2	2	24.0
1222.490	31.77	2.82	89.61	7.71	8.46	65.23	72.8	2	22.0
1222.635	30.94	2.93	90.50	7.63	8.78	66.93	74.0	2	22.0
1222.695	31.61	2.86	90.41	7.84	8.11	63.55	70.3	2	23.0
1222.799	30.94	2.92	90.22	7.76	8.86	68.78	76.2	2	23.5
1222.944	31.23	2.89	90.28	7.74	8.54	66.13	73.3	2	23.5
1223.004	30.75	2.93	89.98	7.61	8.97	68.33	75.9	2	22.5
1223.108	32.04	2.79	89.23	7.74	8.06	62.39	69.9	2	22.0
1223.253	30.65	2.92	89.50	7.92	7.98	63.22	70.6	2	23.5
1223.313	31.31	2.86	89.64	7.85	8.51	66.87	74.6	2	22.5
1223.417	31.04	2.89	89.83	7.68	9.43	72.42	80.6	2	24.0
1223.562	31.21	2.87	89.63	7.63	8.70	66.40	74.1	2	21.5
1223.622	32.13	2.78	89.41	7.60	8.40	63.90	71.5	2	21.0
1223.726	32.60	2.73	89.05	7.64	8.12	62.11	69.7	2	21.5
1223.871	33.21	2.67	88.72	7.48	9.01	67.40	76.0	2	22.5
1223.931	31.66	2.81	88.89	7.66	8.41	64.45	72.5	2	24.5
1224.035	30.72	2.89	88.64	7.55	8.46	63.93	72.1	2	21.0
1224.180	31.40	2.83	88.83	7.45	8.71	64.87	73.0	2	23.5
1224.240	30.89	2.90	89.63	7.54	8.62	65.01	72.5	2	24.0
1224.344	30.91	2.90	89.71	7.43	8.84	65.71	73.2	2	21.0
1224.489	31.58	2.82	88.90	7.46	8.69	64.88	73.0	2	21.0
1224.549	32.58	2.70	87.92	7.37	8.78	64.72	73.6	2	21.0
1224.653	32.23	2.76	88.84	7.50	8.72	65.36	73.6	2	24.0
1224.798	30.99	2.87	88.98	7.63	8.48	64.66	72.7	2	21.5
1224.858	31.83	2.80	89.00	7.49	8.72	65.26	73.3	2	22.5
1224.962	32.46	2.76	89.43	7.47	8.92	66.61	74.5	2	22.0
1225.107	31.02	2.89	89.57	7.55	8.85	66.84	74.6	2	22.5
1225.167	31.57	2.84	89.71	7.56	8.77	66.28	73.9	2	22.5
1225.271	30.72	2.93	90.04	7.53	9.16	68.95	76.6	2	23.5
1225.416	32.45	2.75	89.35	7.71	8.82	68.04	76.2	2	23.0
1225.476	31.53	2.84	89.69	7.85	8.32	65.27	72.8	2	23.5
1225.580	32.01	2.82	90.36	7.99	8.01	63.98	70.8	2	22.5
1225.725	32.06	2.84	90.91	7.83	8.84	69.17	76.1	2	22.5
1225.785	32.21	2.81	90.65	7.64	9.32	71.20	78.5	2	22.0
1225.889	31.11	2.92	90.94	7.61	8.84	67.26	74.0	2	23.0
1226.034	31.89	2.82	90.06	7.56	8.79	66.46	73.8	2	23.0
1226.094	31.30	2.87	89.93	7.47	9.10	68.01	75.6	2	22.5
1226.198	32.37	2.77	89.61	7.80	7.84	61.15	68.2	2	22.0
1226.343	31.65	2.84	90.01	7.85	8.36	65.65	72.9	2	24.0
1226.403	30.63	2.93	89.88	7.70	9.04	69.63	77.5	2	24.0
1226.507	31.16	2.88	89.89	7.49	9.66	72.38	80.5	2	22.5
1226.652	32.16	2.78	89.55	7.34	9.45	69.39	77.5	2	21.5
1226.712	31.95	2.82	90.16	7.32	9.63	70.45	78.1	2	23.5
1226.816	30.32	2.96	89.90	7.40	9.38	69.38	77.2	2	23.0
1226.961	31.55	2.86	90.32	7.62	8.28	63.09	69.9	2	21.5
1227.021	32.22	2.79	89.87	7.67	8.10	62.12	69.1	2	22.5
1227.125	32.08	2.80	89.94	7.76	8.29	64.29	71.5	2	22.5
1227.270	31.72	2.83	89.93	7.51	9.27	69.64	77.4	2	22.5
1227.330	31.60	2.84	89.78	7.54	9.02	67.96	75.7	2	23.0
1227.434	32.26	2.75	88.79	7.71	7.85	60.58	68.2	2	22.5
1227.579	32.67	2.77	90.46	7.94	7.64	60.70	67.1	2	23.0
1227.639	31.85	2.82	89.92	7.83	8.32	65.13	72.4	2	24.0
1227.743	30.33	2.96	89.70	7.64	8.94	68.26	76.1	2	23.5
1227.888	31.70	2.81	88.97	7.73	8.61	66.54	74.8	2	22.0
1227.948	31.27	2.85	89.16	7.61	9.01	68.51	76.8	2	22.5
1228.052	31.66	2.83	89.45	7.76	8.07	62.60	70.0	2	23.0
1228.197	29.90	2.96	88.66	7.74	8.93	69.06	77.9	2	24.5
1228.257	29.77	2.99	89.10	7.68	9.42	72.34	81.2	2	23.0
1228.361	31.56	2.83	89.39	7.61	9.65	73.42	82.1	2	22.0
1228.506	30.05	2.97	89.35	7.59	9.88	74.94	83.9	2	23.5
1228.566	30.70	2.93	90.02	7.50	9.93	74.54	82.8	2	22.0
1228.670	31.61	2.85	90.07	7.45	9.84	73.32	81.4	2	21.5
1228.815	32.48	2.78	90.16	7.42	9.42	69.95	77.6	2	21.5
1228.875	32.26	2.79	90.13	7.45	9.60	71.54	79.4	2	22.0
1228.979	32.36	2.78	90.03	7.54	9.65	72.76	80.8	2	23.5
1229.124	30.32	2.96	89.69	7.83	8.58	67.19	74.9	2	23.0
1229.184	30.40	2.95	89.84	7.81	8.06	63.02	70.1	2	22.0
1229.288	31.16	2.88	89.73	7.53	8.93	67.25	74.9	2	22.5
1229.433	31.31	2.90	90.76	7.42	9.60	71.21	78.5	2	22.0
1229.493	31.66	2.84	90.00	7.40	9.57	70.83	78.7	2	22.0
1229.597	31.26	2.86	89.55	7.40	9.60	71.08	79.4	2	22.5
1229.742	32.34	2.76	89.31	7.33	9.19	67.36	75.4	2	21.0
1229.802	32.20	2.78	89.56	7.35	9.44	69.37	77.5	2	22.5
1229.906	30.88	2.88	88.96	7.44	9.51	70.74	79.5	2	22.5
1230.051	31.41	2.87	90.04	7.44	9.65	71.83	79.8	2	23.5
1230.111	30.33	2.94	89.31	7.38	9.66	71.27	79.8	2	23.0
1230.215	31.38	2.85	89.51	7.31	9.36	68.42	76.4	2	22.0
1230.360	32.40	2.72	88.20	7.34	9.00	66.08	74.9	2	21.5
1230.420	32.30	2.74	88.49	7.38	9.13	67.39	76.2	2	23.5
1230.524	30.70	2.90	89.14	7.64	8.29	63.35	71.1	2	23.0
1230.669	31.62	2.83	89.33	7.48	9.10	68.04	76.2	2	21.5
1230.729	32.38	2.75	89.10	7.53	9.11	68.59	77.0	2	23.0
1230.833	32.75	2.73	89.46	7.87	8.17	64.32	71.9	2	23.0
1230.978	31.32	2.87	90.01	7.90	7.49	59.21	65.8	2	22.0
1231.038	31.38	2.87	89.91	7.83	7.71	60.42	67.2	2	22.5
1231.142	31.57	2.87	90.46	7.57	8.60	65.07	71.9	2	23.0
1231.287	31.24	2.90	90.70	7.39	9.43	69.70	76.8	2	22.5
1231.347	31.02	2.91	90.23	7.37	9.34	68.88	76.3	2	22.5
1231.451	31.26	2.89	90.42	7.59	8.31	63.08	69.8	2	22.5
1231.596	31.92	2.83	90.39	7.94	7.79	61.90	68.5	2	23.0
1231.656	31.11	2.91	90.50	7.84	8.49	66.62	73.6	2	24.5
1231.760	31.40	2.87	90.28	7.55	9.38	70.86	78.5	2	21.5
1231.905	31.33	2.91	91.13	7.58	8.95	67.87	74.5	2	21.5
1231.965	31.51	2.90	91.31	7.65	8.54	65.35	71.6	2	23.0
1232.069	31.40	2.87	90.16	7.69	8.35	64.24	71.3	2	22.0
1232.214	31.55	2.86	90.36	7.64	8.92	68.11	75.4	2	22.0
1232.274	31.57	2.87	90.55	7.52	9.28	69.75	77.0	2	21.5
1232.378	31.83	2.84	90.32	7.65	8.41	64.38	71.3	2	21.5
1232.523	31.76	2.85	90.50	7.78	7.66	59.61	65.9	2	21.5
1232.583	31.59	2.87	90.65	7.77	7.74	60.10	66.3	2	22.0
1232.687	31.62	2.86	90.39	7.60	8.29	62.97	69.7	2	22.5
1232.832	31.18	2.89	90.12	7.34	9.35	68.67	76.2	2	22.0
1232.892	30.93	2.92	90.31	7.30	9.50	69.39	76.8	2	22.0
1232.996	31.38	2.87	90.04	7.29	9.55	69.61	77.3	2	22.0
1233.141	31.07	2.90	90.17	7.29	9.51	69.30	76.9	2	22.5
1233.201	30.90	2.91	89.93	7.37	9.24	68.12	75.7	2	22.0
1233.305	30.98	2.91	90.29	7.44	8.85	65.84	72.9	2	21.5
1233.450	31.88	2.83	90.20	7.30	9.33	68.12	75.5	2	21.5
1233.510	32.13	2.79	89.53	7.29	9.46	68.98	77.0	2	22.0
1233.614	31.06	2.87	89.07	7.57	8.82	66.79	75.0	2	23.0
1233.759	32.09	2.77	89.05	7.69	8.21	63.14	70.9	2	21.5
1233.819	32.88	2.69	88.46	7.53	8.55	64.32	72.7	2	21.5
1233.923	31.28	2.85	89.08	7.76	8.04	62.35	70.0	2	25.0
1234.068	31.49	2.81	88.64	7.61	8.35	63.56	71.7	2	21.0
1234.128	32.45	2.73	88.55	7.52	8.80	66.17	74.7	2	21.5
1234.232	30.79	2.87	88.28	7.59	8.44	64.10	72.6	2	22.5
1234.377	31.77	2.84	90.27	7.59	8.48	64.40	71.3	2	20.5
1234.437	32.36	2.75	88.93	7.50	8.93	66.97	75.3	2	22.5
1234.541	31.34	2.87	89.80	7.77	7.98	61.98	69.0	2	23.5
1234.686	31.41	2.82	88.71	7.45	9.02	67.20	75.8	2	21.5
1234.746	32.37	2.73	88.40	7.54	8.62	64.97	73.5	2	20.5
1234.850	32.62	2.73	88.96	7.70	8.65	66.64	74.9	2	22.0
1234.995	31.57	2.85	90.01	7.54	8.73	65.87	73.2	2	21.5
1235.055	31.92	2.81	89.60	7.49	8.96	67.17	75.0	2	23.0
1235.159	31.19	2.89	90.05	7.66	8.56	65.60	72.8	2	23.5
1235.304	31.70	2.84	90.00	7.79	8.70	67.73	75.3	2	22.5
1235.364	32.16	2.79	89.78	7.85	8.02	62.98	70.2	2	22.0
1235.468	31.59	2.84	89.57	7.62	8.69	66.22	73.9	2	23.0
1235.613	31.73	2.85	90.42	7.72	8.62	66.51	73.5	2	22.0
1235.673	31.86	2.83	90.21	7.74	8.34	64.54	71.5	2	22.5
1235.777	31.03	2.92	90.50	7.71	8.40	64.71	71.5	2	22.5
1235.922	31.71	2.83	89.80	7.75	8.93	69.21	77.1	2	24.0
1235.982	31.58	2.86	90.32	7.90	8.31	65.62	72.7	2	22.5
1236.086	31.92	2.85	91.01	7.87	7.73	60.80	66.8	2	21.5
1236.231	31.85	2.82	89.72	7.54	8.98	67.68	75.4	2	22.0
1236.291	31.88	2.83	90.20	7.66	8.71	66.70	74.0	2	23.5
1236.395	32.20	2.78	89.59	7.64	8.47	64.70	72.2	2	21.0
1236.540	31.64	2.84	89.81	7.75	8.21	63.60	70.8	2	23.5
1236.600	31.36	2.84	89.10	7.57	8.87	67.17	75.4	2	22.0
1236.704	31.46	2.85	89.57	7.61	8.59	65.38	73.0	2	22.5
1236.849	31.44	2.87	90.38	7.80	8.78	68.45	75.7	2	23.0
1236.909	31.44	2.87	90.12	7.87	8.16	64.22	71.3	2	23.5
1237.013	31.07	2.90	90.08	7.56	8.61	65.10	72.3	2	21.0
1237.158	30.64	2.90	88.89	7.52	8.64	64.98	73.1	2	24.0
1237.218	31.26	2.84	88.65	7.55	8.91	67.32	75.9	2	22.0
1237.322	31.93	2.78	88.87	7.57	8.43	63.80	71.8	2	23.0
1237.467	31.78	2.84	90.35	7.64	8.52	65.04	72.0	2	21.5
1237.527	32.01	2.80	89.75	7.58	8.80	66.64	74.3	2	22.5
1237.631	32.09	2.79	89.67	7.76	8.40	65.20	72.7	2	21.5
1237.776	31.18	2.88	89.87	7.52	8.87	66.65	74.2	2	22.0
1237.836	31.00	2.90	89.96	7.45	9.25	68.90	76.6	2	23.5
1237.940	31.95	2.75	87.98	7.56	8.92	67.46	76.7	2	21.5
1238.085	31.87	2.78	88.66	7.51	8.97	67.39	76.0	2	24.5
1238.145	30.32	2.92	88.44	7.62	8.65	65.93	74.5	2	24.5
1238.249	30.52	2.88	87.91	7.59	8.67	65.82	74.9	2	22.0
1238.394	32.91	2.66	87.38	7.62	8.45	64.40	73.7	2	22.0
1238.454	31.54	2.80	88.45	7.57	8.48	64.18	72.6	2	24.0
1238.558	31.64	2.83	89.54	7.59	8.43	64.02	71.5	2	20.5
1238.703	31.95	2.80	89.62	7.67	8.34	63.95	71.4	2	23.5
1238.763	31.32	2.85	89.26	7.51	8.86	66.54	74.5	2	23.5
1238.867	31.08	2.89	89.78	7.61	8.56	65.13	72.5	2	21.5
1239.012	32.55	2.75	89.37	7.70	8.75	67.39	75.4	2	22.0
1239.072	32.46	2.75	89.41	7.83	8.21	64.23	71.8	2	24.0
1239.176	29.66	2.95	87.57	7.63	8.01	61.07	69.7	2	23.5
1239.321	32.22	2.74	88.34	7.54	8.59	64.72	73.3	2	20.5
1239.381	32.80	2.69	88.10	7.49	8.74	65.51	74.4	2	21.5
1239.485	31.14	2.83	87.99	7.64	8.06	61.58	70.0	2	24.5
1239.630	31.40	2.84	89.18	7.59	8.51	64.60	72.4	2	21.0
1239.690	32.36	2.73	88.28	7.61	8.77	66.75	75.6	2	22.5
1239.794	31.47	2.83	88.97	7.62	8.40	64.05	72.0	2	22.5
1239.939	31.71	2.82	89.52	7.62	8.57	65.32	73.0	2	22.0
1239.999	32.22	2.79	89.77	7.59	8.64	65.61	73.1	2	21.0
1240.103	31.16	2.86	89.18	7.69	8.51	65.42	73.4	2	24.0
1240.248	32.35	2.74	88.80	7.51	8.68	65.17	73.4	2	22.0
1240.308	31.31	2.83	88.73	7.58	8.64	65.49	73.8	2	23.0
1240.412	30.13	2.96	89.07	7.67	8.68	66.54	74.7	2	24.0
1240.557	31.43	2.86	89.74	7.57	8.77	66.39	74.0	2	22.5
1240.617	31.76	2.84	90.35	7.67	8.45	64.87	71.8	2	22.0
1240.721	31.89	2.83	90.31	7.60	9.14	69.47	76.9	2	22.5
1240.866	30.96	2.88	89.31	7.87	7.79	61.29	68.6	2	23.5
1240.926	30.45	2.93	89.34	7.69	8.42	64.73	72.5	2	22.0
1241.030	32.40	2.71	87.84	7.59	8.57	65.08	74.1	2	22.0
1241.175	31.39	2.86	89.86	7.68	9.02	69.23	77.0	2	22.5
1241.235	31.65	2.84	89.90	7.86	8.41	66.07	73.5	2	23.5
1241.339	31.87	2.82	89.91	7.78	8.01	62.29	69.3	2	22.5
1241.484	31.30	2.87	89.93	7.59	8.89	67.48	75.0	2	21.5
1241.544	32.17	2.75	88.50	7.65	8.55	65.35	73.8	2	22.5
1241.648	32.58	2.73	88.83	7.58	8.89	67.46	75.9	2	22.5
1241.793	30.10	2.94	88.58	7.74	8.01	61.97	70.0	2	23.5
1241.853	30.17	2.95	88.98	7.53	8.74	65.80	74.0	2	21.5
1241.957	32.62	2.66	86.75	7.53	8.39	63.21	72.9	2	21.0
1242.102	32.47	2.70	87.74	7.43	8.76	65.02	74.1	2	23.5
1242.162	30.66	2.86	87.66	7.50	8.54	64.04	73.1	2	23.5
1242.266	30.36	2.93	89.02	7.62	8.36	63.74	71.6	2	22.5
1242.411	32.81	2.67	87.55	7.58	8.60	65.18	74.4	2	21.5
1242.471	32.44	2.74	88.80	7.56	8.61	65.04	73.2	2	22.5
1242.575	31.47	2.86	89.88	7.57	8.69	65.79	73.2	2	22.5
1242.720	31.90	2.80	89.46	7.75	8.20	63.51	71.0	2	22.5
1242.780	31.87	2.80	89.31	7.57	8.83	66.79	74.8	2	21.5
1242.884	30.98	2.88	89.28	7.55	8.62	65.07	72.9	2	24.0
1243.029	31.51	2.82	88.84	7.60	9.02	68.51	77.1	2	23.0
1243.089	31.63	2.81	88.93	7.79	8.47	65.96	74.2	2	24.0
1243.193	29.76	2.95	87.80	7.69	7.85	60.38	68.8	2	23.0
1243.338	32.58	2.66	86.52	7.42	8.60	63.85	73.8	2	20.5
1243.398	33.29	2.58	85.75	7.39	8.63	63.84	74.4	2	21.5
1243.502	31.18	2.80	87.24	7.40	8.79	65.07	74.6	2	24.0
1243.647	30.75	2.89	88.75	7.63	8.69	66.37	74.8	2	21.5
1243.707	31.77	2.79	88.72	7.59	8.31	63.10	71.1	2	21.0
1243.811	32.12	2.75	88.26	7.39	8.67	64.04	72.6	2	23.5
1243.956	29.70	2.97	88.08	7.50	8.61	64.55	73.3	2	22.5
1244.016	31.22	2.83	88.49	7.52	8.62	64.84	73.3	2	21.5
1244.120	32.63	2.71	88.53	7.57	8.61	65.17	73.6	2	22.5
1244.265	31.59	2.80	88.46	7.45	8.84	65.90	74.5	2	21.5
1244.325	32.49	2.70	87.78	7.50	8.50	63.78	72.7	2	21.0
1244.429	32.96	2.65	87.26	7.57	8.60	65.15	74.7	2	23.0
1244.574	31.91	2.75	87.70	7.41	8.87	65.69	74.9	2	21.0
1244.634	32.12	2.75	88.42	7.51	8.56	64.23	72.6	2	23.5
1244.738	30.63	2.91	89.13	7.47	9.20	68.68	77.1	2	22.0
1244.883	32.12	2.80	89.83	7.81	8.24	64.41	71.7	2	22.0
1244.943	32.27	2.79	89.95	7.87	7.85	61.79	68.7	2	23.0
1245.047	31.54	2.86	90.24	7.89	7.60	59.98	66.5	2	23.5
1245.192	32.09	2.79	89.39	7.97	7.74	61.72	69.0	2	22.5
1245.252	32.27	2.79	89.98	8.01	7.88	63.15	70.2	2	23.5
1245.356	31.22	2.88	89.89	7.74	8.78	68.01	75.7	2	23.5
1245.501	31.89	2.81	89.73	7.41	9.47	70.21	78.2	2	22.5
1245.561	30.94	2.89	89.37	7.39	9.47	69.93	78.3	2	23.0
1245.665	31.65	2.83	89.48	7.50	8.86	66.46	74.3	2	22.0
1245.810	30.77	2.92	89.71	7.49	8.96	67.14	74.8	2	22.0
1245.870	31.35	2.87	89.96	7.52	8.90	66.87	74.3	2	21.5
1245.974	31.38	2.88	90.32	7.42	9.19	68.23	75.5	2	23.0
1246.119	30.87	2.90	89.43	7.54	8.82	66.53	74.4	2	22.0
1246.179	31.70	2.83	89.63	7.58	8.45	64.08	71.5	2	22.5
1246.283	32.17	2.75	88.54	7.71	8.09	62.42	70.5	2	21.5
1246.428	31.43	2.81	88.46	7.74	8.04	62.22	70.3	2	24.5
1246.488	31.00	2.87	89.08	7.81	8.07	63.00	70.7	2	22.5
1246.592	31.23	2.86	89.40	7.77	8.03	62.36	69.8	2	23.5
1246.737	31.47	2.86	89.84	7.83	8.16	63.90	71.1	2	22.5
1246.797	31.50	2.86	90.24	7.81	8.23	64.28	71.2	2	22.5
1246.901	30.85	2.89	89.25	7.54	9.04	68.18	76.4	2	22.0
1247.046	31.18	2.88	89.85	7.54	8.84	66.70	74.2	2	21.5
1247.106	31.68	2.84	89.83	7.68	8.17	62.79	69.9	2	22.5
1247.210	32.08	2.80	89.78	7.81	7.74	60.47	67.4	2	22.5
1247.355	31.90	2.79	89.04	7.82	8.26	64.59	72.5	2	23.0
1247.415	32.18	2.78	89.49	7.65	8.87	67.84	75.8	2	22.5
1247.519	30.12	2.96	89.13	7.51	9.24	69.38	77.8	2	23.5
1247.664	32.10	2.77	89.02	7.49	8.85	66.24	74.4	2	21.0
1247.724	32.59	2.72	88.61	7.44	9.14	67.97	76.7	2	22.5
1247.828	31.00	2.85	88.49	7.72	8.20	63.32	71.5	2	22.5
1247.973	31.42	2.85	89.42	7.52	8.90	66.93	74.8	2	23.0
1248.033	30.96	2.88	89.18	7.56	8.89	67.21	75.4	2	22.5
1248.137	32.05	2.79	89.27	7.62	8.49	64.70	72.5	2	22.5
1248.282	30.68	2.92	89.60	7.53	8.83	66.47	74.2	2	24.0
1248.342	30.86	2.92	89.97	7.48	9.28	69.46	77.2	2	22.0
1248.446	31.75	2.85	90.34	7.53	9.44	71.10	78.7	2	23.0
1248.591	31.80	2.82	89.66	7.64	9.35	71.38	79.6	2	23.5
1248.651	31.75	2.83	89.78	7.58	9.50	71.95	80.1	2	21.5
1248.755	31.24	2.88	89.84	7.45	9.58	71.33	79.4	2	23.5
1248.900	32.41	2.76	89.56	7.57	8.80	66.63	74.4	2	22.0
1248.960	32.36	2.78	90.09	7.46	9.21	68.71	76.3	2	21.5
1249.064	32.02	2.82	90.40	7.62	8.36	63.70	70.5	2	22.5
1249.209	31.28	2.87	89.77	7.68	8.65	66.45	74.0	2	22.5
1249.269	32.03	2.79	89.27	7.58	8.84	67.06	75.1	2	21.5
1249.373	32.42	2.76	89.59	7.62	8.43	64.19	71.7	2	21.5
1249.518	31.19	2.88	89.84	7.73	8.58	66.31	73.8	2	24.0
1249.578	30.21	2.95	89.05	7.56	9.14	69.12	77.6	2	23.5
1249.682	30.91	2.89	89.40	7.59	8.61	65.30	73.0	2	21.5
1249.827	31.12	2.86	89.11	7.66	8.40	64.37	72.2	2	23.5
1249.887	30.54	2.91	88.94	7.54	8.74	65.86	74.0	2	23.0
1249.991	31.40	2.87	90.08	7.40	9.43	69.78	77.5	2	22.0
1250.136	31.87	2.83	90.17	7.61	8.27	62.97	69.8	2	22.5
1250.196	32.27	2.77	89.55	7.77	8.20	63.70	71.1	2	23.5
1250.300	31.11	2.88	89.75	7.60	9.12	69.33	77.2	2	22.0
1250.445	32.40	2.75	89.23	7.58	8.52	64.55	72.3	2	22.5
1250.505	32.21	2.78	89.55	7.59	8.62	65.38	73.0	2	22.5
1250.609	32.01	2.81	90.01	7.41	9.32	69.06	76.7	2	21.0
1250.754	31.93	2.84	90.68	7.57	8.35	63.16	69.6	2	22.0
1250.814	31.33	2.88	90.27	7.70	7.81	60.16	66.6	2	23.0
1250.918	32.22	2.78	89.59	7.85	7.94	62.35	69.6	2	22.0
1251.063	30.49	2.90	88.56	7.54	9.29	70.05	79.1	2	24.0
1251.123	29.80	2.96	88.35	7.48	9.37	70.14	79.4	2	23.5
1251.227	30.46	2.93	89.40	7.45	9.24	68.80	77.0	2	20.5
1251.372	31.94	2.77	88.53	7.60	8.47	64.37	72.7	2	24.5
1251.432	29.88	2.91	86.94	7.54	8.01	60.46	69.5	2	23.5
1251.536	31.33	2.80	87.82	7.47	8.78	65.60	74.7	2	21.5
1251.681	30.64	2.91	89.20	7.45	9.14	68.12	76.4	2	24.5
1251.741	30.53	2.93	89.56	7.61	8.82	67.06	74.9	2	22.0
1251.845	31.00	2.89	89.58	7.75	7.87	61.03	68.1	2	21.5
1251.990	32.52	2.76	89.68	7.57	8.43	63.86	71.2	2	21.5
1252.050	31.50	2.85	89.74	7.52	8.57	64.52	71.9	2	23.5
1252.154	31.52	2.85	89.78	7.55	9.22	69.61	77.5	2	22.5
1252.299	31.95	2.82	90.07	7.89	7.89	62.23	69.1	2	22.5
1252.359	31.95	2.82	90.22	7.87	7.76	61.03	67.6	2	21.5
1252.463	32.32	2.75	88.78	7.52	8.67	65.23	73.5	2	21.5
1252.608	30.16	2.94	88.59	7.58	8.55	64.81	73.2	2	23.5
1252.668	30.62	2.91	89.07	7.55	9.10	68.64	77.1	2	22.0
1252.772	32.09	2.79	89.39	7.78	8.26	64.26	71.9	2	22.0
1252.917	31.89	2.80	89.35	7.53	9.02	67.86	75.9	2	21.5
1252.977	32.69	2.67	87.41	7.55	8.68	65.58	75.0	2	21.0
1253.081	30.72	2.89	88.85	7.48	9.13	68.27	76.8	2	24.5
1253.226	31.59	2.84	89.83	7.64	8.31	63.45	70.6	2	21.0
1253.286	32.12	2.78	89.41	7.54	8.67	65.38	73.1	2	23.0
1253.390	30.40	2.94	89.41	7.53	8.63	64.95	72.6	2	22.0
1253.535	32.58	2.74	89.13	7.71	8.29	63.85	71.6	2	21.5
1253.595	32.39	2.78	90.01	7.60	8.49	64.46	71.6	2	22.5
1253.699	31.54	2.86	90.09	7.58	8.74	66.31	73.6	2	23.0
1253.844	31.83	2.81	89.55	7.58	8.41	63.76	71.2	2	21.5
1253.904	32.66	2.70	88.21	7.51	8.75	65.70	74.5	2	22.0
1254.008	31.49	2.81	88.44	7.57	8.21	62.15	70.3	2	23.0
1254.153	32.63	2.67	87.17	7.45	8.83	65.75	75.4	2	21.5
1254.213	32.77	2.67	87.51	7.51	8.47	63.64	72.7	2	21.5
1254.317	31.16	2.86	89.04	7.56	9.04	68.35	76.8	2	24.0
1254.462	31.42	2.86	89.79	7.54	8.72	65.80	73.3	2	21.5
1254.522	32.31	2.71	87.61	7.50	8.69	65.25	74.5	2	21.5
1254.626	32.83	2.68	87.98	7.44	8.91	66.33	75.4	2	22.0
1254.771	32.37	2.79	90.21	7.50	8.94	67.04	74.3	2	23.5
1254.831	31.65	2.85	90.26	7.60	8.67	65.90	73.0	2	23.5
1254.935	31.38	2.88	90.22	7.50	9.05	67.86	75.2	2	21.5
1255.080	31.34	2.86	89.62	7.79	8.26	64.37	71.8	2	24.0
1255.140	29.88	2.96	88.41	7.71	7.81	60.27	68.2	2	23.5
1255.244	31.64	2.78	87.94	7.42	8.69	64.49	73.3	2	20.5
1255.389	30.02	2.94	88.32	7.58	8.45	64.07	72.5	2	23.5
1255.449	30.60	2.91	88.92	7.51	8.72	65.50	73.7	2	21.5
1255.553	32.75	2.64	86.32	7.41	8.67	64.25	74.4	2	21.0
1255.698	32.90	2.64	86.84	7.45	8.46	63.06	72.6	2	23.5
1255.758	31.05	2.82	87.70	7.45	8.45	62.94	71.8	2	24.0
1255.862	29.86	2.94	87.68	7.46	8.68	64.75	73.8	2	22.5
1256.007	31.17	2.85	88.91	7.43	8.83	65.57	73.7	2	23.5
1256.067	30.13	2.93	88.36	7.44	8.78	65.34	73.9	2	23.5
1256.171	30.66	2.92	89.40	7.43	8.92	66.28	74.1	2	20.5
1256.316	32.43	2.73	88.45	7.51	8.55	64.20	72.6	2	23.0
1256.376	31.89	2.81	89.52	7.54	8.49	64.00	71.5	2	23.0
1256.480	30.35	2.94	89.31	7.63	8.38	63.90	71.6	2	23.5
1256.625	32.22	2.75	88.72	7.42	8.86	65.71	74.1	2	20.5
1256.685	32.11	2.75	88.27	7.46	8.51	63.45	71.9	2	22.5
1256.789	30.76	2.91	89.40	7.53	8.54	64.28	71.9	2	24.0
1256.934	32.06	2.82	90.28	7.45	8.84	65.86	72.9	2	22.0
1256.994	31.52	2.86	90.10	7.53	8.67	65.28	72.5	2	23.0
1257.098	31.02	2.91	90.10	7.58	8.85	67.06	74.4	2	23.0
1257.243	31.11	2.90	90.15	7.47	9.07	67.70	75.1	2	22.0
1257.303	31.85	2.81	89.54	7.57	8.74	66.13	73.9	2	22.5
1257.407	32.85	2.70	88.57	7.49	8.78	65.78	74.3	2	21.0
1257.552	31.15	2.86	89.09	7.53	8.65	65.20	73.2	2	22.5
1257.612	30.85	2.92	90.01	7.55	9.01	67.99	75.5	2	24.0
1257.716	31.21	2.91	90.70	7.54	8.68	65.50	72.2	2	22.0
1257.861	31.06	2.91	90.53	7.56	8.91	67.32	74.4	2	22.0
1257.921	31.76	2.84	90.27	7.70	8.61	66.30	73.4	2	23.5
1258.025	31.52	2.86	90.30	7.48	8.91	66.63	73.8	2	22.5
1258.170	30.72	2.95	90.46	7.58	8.85	67.10	74.2	2	23.5
1258.230	31.33	2.88	90.38	7.60	9.08	69.01	76.3	2	22.0
1258.334	31.90	2.81	89.63	7.67	8.27	63.43	70.8	2	23.0
1258.479	31.51	2.84	89.60	7.57	8.89	67.28	75.1	2	23.0
1258.539	31.54	2.86	90.30	7.64	8.54	65.21	72.2	2	22.5
1258.643	32.40	2.76	89.37	7.49	8.83	66.07	73.9	2	21.0
1258.788	30.64	2.91	89.08	7.50	8.60	64.54	72.4	2	22.5
1258.848	31.68	2.81	89.10	7.51	8.83	66.35	74.5	2	21.0
1258.952	31.94	2.79	88.96	7.52	8.90	67.00	75.3	2	24.0
1259.097	30.56	2.92	89.21	7.53	8.60	64.79	72.6	2	21.5
1259.157	31.80	2.78	88.55	7.50	8.69	65.18	73.6	2	21.5
1259.261	30.99	2.87	88.98	7.46	8.76	65.38	73.5	2	23.0
1259.406	31.16	2.90	90.24	7.70	8.40	64.63	71.6	2	21.5
1259.466	32.07	2.79	89.41	7.56	8.65	65.38	73.1	2	22.5
1259.570	32.43	2.76	89.47	7.58	8.79	66.64	74.5	2	22.5
1259.715	31.26	2.86	89.31	7.61	8.75	66.58	74.6	2	23.0
1259.775	30.21	2.95	89.10	7.58	8.54	64.70	72.6	2	24.0
1259.879	30.91	2.91	89.84	7.73	8.43	65.22	72.6	2	23.5
1260.024	31.39	2.88	90.28	7.65	8.78	67.15	74.4	2	23.0
1260.084	31.37	2.88	90.34	7.65	8.50	64.99	71.9	2	22.0
1260.188	32.41	2.74	88.97	7.66	8.78	67.24	75.6	2	22.0
1260.333	31.53	2.85	89.70	7.60	8.82	67.04	74.7	2	22.5
1260.393	32.16	2.75	88.49	7.55	8.89	67.06	75.8	2	21.5
1260.497	31.91	2.82	89.84	7.62	8.46	64.40	71.7	2	22.0
1260.642	32.00	2.81	89.99	7.68	9.06	69.60	77.3	2	22.0
1260.702	32.41	2.77	89.79	7.80	8.50	66.35	73.9	2	23.5
1260.806	30.91	2.91	89.92	7.79	7.82	60.96	67.8	2	23.0
1260.951	32.63	2.72	88.80	7.54	8.56	64.60	72.7	2	21.0
1261.011	33.09	2.67	88.50	7.45	8.65	64.48	72.9	2	21.5
1261.115	31.58	2.81	88.78	7.59	8.21	62.35	70.2	2	24.0
1261.260	32.31	2.74	88.55	7.55	8.57	64.66	73.0	2	21.5
1261.320	32.04	2.78	89.12	7.63	8.75	66.83	75.0	2	23.0
1261.424	30.56	2.91	89.08	7.55	8.66	65.42	73.4	2	22.0
1261.569	31.62	2.81	88.90	7.55	8.95	67.57	76.0	2	24.0
1261.629	31.15	2.89	90.07	7.65	8.44	64.53	71.6	2	22.0
1261.733	32.28	2.75	88.82	7.41	8.83	65.40	73.6	2	21.0
1261.878	31.32	2.86	89.61	7.67	8.66	66.39	74.1	2	23.5
1261.938	30.28	2.93	88.72	7.61	8.37	63.74	71.8	2	22.5
1262.042	31.35	2.85	89.25	7.59	8.72	66.22	74.2	2	21.5
1262.187	31.03	2.89	89.66	7.55	9.02	68.05	75.9	2	23.0
1262.247	31.49	2.86	90.09	7.65	8.57	65.55	72.8	2	21.5
1262.351	30.36	2.93	89.07	7.56	8.32	62.92	70.6	2	22.0
1262.496	32.39	2.72	88.07	7.54	8.75	65.99	74.9	2	22.0
1262.556	32.83	2.70	88.77	7.59	8.34	63.25	71.3	2	21.0
1262.660	33.60	2.59	87.10	7.52	8.41	63.30	72.7	2	22.0
1262.805	31.52	2.81	88.65	7.53	8.69	65.45	73.8	2	22.0
1262.865	32.21	2.76	88.79	7.50	8.65	64.94	73.1	2	21.0
1262.969	32.08	2.77	88.81	7.56	8.52	64.45	72.6	2	23.5
1263.114	30.43	2.93	89.04	7.49	8.96	67.13	75.4	2	23.5
1263.174	31.28	2.87	89.86	7.64	8.60	65.69	73.1	2	21.5
1263.278	31.96	2.81	89.84	7.58	8.80	66.71	74.3	2	23.0
1263.423	31.47	2.89	90.92	7.60	9.03	68.64	75.5	2	22.0
1263.483	31.85	2.86	90.99	7.69	8.41	64.64	71.0	2	23.0
1263.587	31.65	2.85	90.33	7.49	8.89	66.61	73.7	2	22.0
1263.732	31.20	2.90	90.47	7.59	8.74	66.33	73.3	2	23.0
1263.792	30.81	2.94	90.69	7.55	9.15	69.05	76.1	2	23.5
1263.896	31.72	2.86	90.83	7.77	8.33	64.68	71.2	2	23.0
1264.041	32.28	2.75	88.94	7.50	8.78	65.84	74.0	2	22.5
1264.101	31.71	2.82	89.56	7.61	8.45	64.34	71.8	2	24.0
1264.205	31.17	2.88	89.82	7.58	9.02	68.31	76.0	2	22.5
1264.350	31.71	2.85	90.30	7.47	8.88	66.34	73.5	2	22.0
1264.410	31.63	2.84	89.89	7.59	8.75	66.38	73.9	2	23.0
1264.514	31.86	2.82	89.91	7.53	8.92	67.18	74.7	2	22.0
1264.659	31.11	2.86	88.97	7.54	8.69	65.56	73.7	2	22.0
1264.719	31.30	2.86	89.47	7.60	8.48	64.42	72.0	2	22.0
1264.823	32.62	2.72	88.68	7.63	8.55	65.20	73.5	2	21.5
1264.968	30.61	2.94	89.89	7.50	8.76	65.71	73.1	2	23.5
1265.028	30.60	2.95	90.15	7.61	8.72	66.31	73.6	2	23.0
1265.132	31.42	2.87	90.10	7.54	8.82	66.53	73.8	2	23.0
1265.277	32.38	2.74	88.67	7.63	8.45	64.49	72.7	2	21.5
1265.337	32.07	2.78	89.22	7.52	8.84	66.49	74.5	2	23.5
1265.441	30.61	2.93	89.76	7.53	8.87	66.81	74.4	2	23.5
1265.586	32.26	2.76	89.00	7.43	8.85	65.78	73.9	2	20.5
1265.646	32.20	2.76	88.76	7.48	8.55	63.96	72.1	2	23.5
1265.750	30.50	2.93	89.39	7.43	8.98	66.74	74.7	2	23.5
1265.895	30.67	2.92	89.41	7.50	8.76	65.69	73.5	2	22.0
1265.955	31.61	2.83	89.35	7.42	8.88	65.82	73.7	2	21.0
1266.059	32.12	2.80	89.98	7.51	8.76	65.73	73.1	2	22.5
1266.204	29.86	2.99	89.13	7.46	8.69	64.81	72.7	2	23.5
1266.264	30.67	2.92	89.51	7.46	9.08	67.77	75.7	2	21.5
1266.368	32.19	2.77	89.12	7.54	8.45	63.72	71.5	2	22.5
1266.513	31.83	2.83	90.19	7.61	8.58	65.26	72.4	2	22.0
1266.573	31.42	2.88	90.57	7.64	8.42	64.32	71.0	2	23.0
1266.677	31.52	2.88	90.72	7.53	9.18	69.18	76.3	2	22.0
1266.822	31.29	2.89	90.35	7.79	8.52	66.35	73.4	2	22.5
1266.882	31.60	2.85	90.22	7.77	8.07	62.71	69.5	2	22.0
1266.986	31.61	2.87	90.63	7.78	7.76	60.39	66.6	2	21.5
1267.131	32.58	2.75	89.71	7.37	8.87	65.45	73.0	2	21.5
1267.191	31.99	2.81	90.02	7.47	8.89	66.39	73.8	2	24.5
1267.295	31.37	2.87	89.94	7.53	8.55	64.43	71.6	2	22.5
1267.440	31.78	2.84	90.33	7.53	9.31	70.14	77.6	2	22.0
1267.500	32.37	2.77	89.55	7.69	8.89	68.38	76.4	2	22.0
1267.604	32.61	2.72	88.75	7.83	8.11	63.45	71.5	2	23.5
1267.749	30.69	2.92	89.57	7.60	8.11	61.64	68.8	2	21.5
1267.809	31.00	2.90	89.84	7.42	8.83	65.57	73.0	2	23.5
1267.913	31.30	2.87	89.98	7.48	9.24	69.19	76.9	2	22.5
1268.058	31.58	2.86	90.18	7.70	8.48	65.25	72.4	2	22.5
1268.118	31.37	2.88	90.42	7.71	8.34	64.28	71.1	2	22.5
1268.222	32.34	2.79	90.32	7.54	9.05	68.19	75.5	2	22.0
1268.367	31.56	2.86	90.23	7.90	8.21	64.88	71.9	2	24.0
1268.427	31.14	2.90	90.23	7.85	7.86	61.73	68.4	2	23.0
1268.531	31.82	2.82	89.80	7.69	8.07	62.06	69.1	2	22.0
1268.676	32.04	2.79	89.56	7.55	8.87	66.98	74.8	2	22.5
1268.736	32.08	2.82	90.33	7.66	8.51	65.21	72.2	2	22.0
1268.840	32.58	2.74	89.37	7.56	8.93	67.48	75.5	2	22.0
1268.985	32.48	2.78	90.22	7.83	8.01	62.69	69.5	2	22.0
1269.045	32.28	2.79	90.19	7.64	8.39	64.08	71.1	2	22.0
1269.149	31.31	2.88	90.07	7.46	9.13	68.16	75.7	2	22.5
1269.294	32.04	2.83	90.77	7.74	8.45	65.36	72.0	2	23.5
1269.354	31.09	2.92	90.81	7.70	8.27	63.69	70.1	2	23.5
1269.458	31.76	2.86	90.68	7.54	8.68	65.42	72.1	2	21.5
1269.603	32.36	2.78	90.03	7.73	8.95	69.20	76.9	2	23.5
1269.663	31.81	2.83	90.08	7.86	8.46	66.52	73.9	2	23.0
1269.767	31.43	2.88	90.61	7.87	7.86	61.88	68.3	2	21.5
1269.912	31.43	2.88	90.47	7.64	7.93	60.60	67.0	2	22.0
1269.972	31.00	2.90	89.99	7.46	8.55	63.77	70.9	2	22.5
1270.076	31.75	2.83	89.93	7.34	9.22	67.71	75.3	2	21.5
1270.221	31.49	2.86	90.09	7.56	8.78	66.42	73.7	2	22.5
1270.281	31.74	2.85	90.48	7.59	8.50	64.54	71.3	2	22.5
1270.385	30.71	2.95	90.49	7.67	8.40	64.44	71.2	2	22.5
1270.530	32.31	2.78	89.80	7.52	9.32	70.07	78.0	2	22.5
1270.590	32.74	2.74	89.83	7.72	8.83	68.21	75.9	2	23.0
1270.694	31.46	2.88	90.51	7.88	8.12	64.04	70.8	2	23.5
1270.839	30.81	2.95	90.72	7.78	7.68	59.80	65.9	2	21.5
1270.899	31.83	2.85	90.86	7.62	8.02	61.08	67.2	2	20.5
1271.003	31.74	2.82	89.35	7.48	8.59	64.23	71.9	2	23.5
1271.148	31.61	2.84	89.83	7.68	8.53	65.52	72.9	2	21.5
1271.208	32.24	2.78	89.65	7.66	8.13	62.28	69.5	2	20.5
1271.312	31.77	2.80	88.98	7.50	8.50	63.70	71.6	2	23.5
1271.457	30.71	2.93	89.98	7.55	8.60	64.92	72.1	2	21.5
1271.517	31.96	2.76	88.14	7.50	8.67	65.03	73.8	2	21.0
1271.621	32.87	2.69	88.41	7.61	8.55	65.07	73.6	2	23.0
1271.766	31.94	2.79	89.23	7.54	8.56	64.55	72.3	2	22.0
1271.826	32.33	2.77	89.46	7.46	8.95	66.80	74.7	2	22.5
1271.930	31.88	2.82	89.98	7.57	8.80	66.61	74.0	2	23.5
1272.075	32.47	2.79	90.70	7.52	8.89	66.79	73.6	2	20.5
1272.135	32.62	2.73	89.02	7.59	8.38	63.66	71.5	2	23.5
1272.239	31.27	2.86	89.36	7.57	8.71	65.97	73.8	2	22.0
1272.384	32.56	2.77	90.02	7.61	8.64	65.67	73.0	2	22.5
1272.444	32.15	2.81	90.39	7.60	8.43	64.05	70.9	2	22.0
1272.548	31.47	2.87	90.22	7.65	8.63	66.03	73.2	2	23.0
1272.693	32.25	2.80	90.25	7.65	8.61	65.84	73.0	2	22.5
1272.753	31.84	2.84	90.50	7.64	8.30	63.41	70.1	2	22.0
1272.857	31.11	2.90	90.27	7.60	8.82	67.07	74.3	2	23.0
1273.002	32.46	2.77	90.00	7.63	8.52	65.03	72.3	2	22.5
1273.062	30.94	2.89	89.49	7.47	8.69	64.92	72.5	2	23.0
1273.166	31.57	2.85	89.99	7.64	8.46	64.63	71.8	2	22.0
1273.311	31.54	2.89	91.04	7.69	8.29	63.75	70.0	2	22.5
1273.371	30.97	2.93	90.62	7.48	8.89	66.49	73.4	2	22.0
1273.475	32.23	2.77	89.39	7.60	8.54	64.86	72.6	2	21.5
1273.620	30.92	2.87	88.69	7.62	8.22	62.65	70.6	2	23.5
1273.680	30.47	2.93	89.17	7.43	8.83	65.60	73.6	2	21.5
1273.784	32.32	2.75	88.79	7.55	8.44	63.71	71.8	2	21.0
1273.929	31.07	2.88	89.39	7.46	8.82	65.80	73.6	2	23.0
1273.989	30.74	2.91	89.45	7.54	8.74	65.83	73.6	2	23.0
1274.093	31.77	2.83	89.82	7.58	8.82	66.84	74.4	2	22.0
1274.238	30.29	2.95	89.38	7.53	8.69	65.41	73.2	2	22.0
1274.298	31.50	2.85	89.72	7.53	8.68	65.36	72.9	2	21.5
1274.402	30.80	2.90	89.44	7.60	8.24	62.61	70.0	2	23.0
1274.547	31.12	2.88	89.75	7.56	8.56	64.70	72.1	2	23.0
1274.607	30.61	2.94	90.10	7.53	8.79	66.18	73.5	2	23.0
1274.711	31.57	2.86	90.37	7.65	8.78	67.12	74.3	2	22.0
1274.856	30.87	2.93	90.51	7.58	8.49	64.32	71.1	2	21.5
1274.916	31.71	2.84	90.00	7.45	9.03	67.25	74.7	2	21.5
1275.020	32.88	2.70	88.92	7.55	8.40	63.45	71.4	2	21.0
1275.165	32.03	2.78	89.04	7.63	8.27	63.14	70.9	2	24.5
1275.225	30.69	2.89	88.63	7.53	8.68	65.31	73.7	2	22.5
1275.329	32.01	2.80	89.61	7.51	8.83	66.32	74.0	2	21.5
1275.474	33.07	2.67	88.30	7.50	8.61	64.55	73.1	2	20.5
1275.534	33.75	2.57	86.69	7.37	8.61	63.45	73.2	2	20.5
1275.638	31.61	2.78	87.97	7.40	8.62	63.74	72.5	2	24.0
1275.783	30.01	2.94	88.21	7.44	8.60	63.96	72.5	2	21.5
1275.843	31.43	2.81	88.32	7.43	8.66	64.34	72.9	2	21.5
1275.947	32.80	2.67	87.68	7.44	8.43	62.72	71.5	2	20.5
1276.092	31.09	2.86	88.79	7.42	8.65	64.18	72.3	2	24.0
1276.152	30.33	2.94	89.23	7.50	8.77	65.79	73.7	2	23.0
1276.256	31.24	2.86	89.44	7.44	8.81	65.53	73.3	2	21.0
1276.401	31.92	2.81	89.64	7.49	8.70	65.13	72.7	2	23.0
1276.461	30.89	2.89	89.25	7.51	8.66	65.04	72.9	2	24.5
1276.565	31.12	2.86	89.09	7.61	8.66	65.96	74.0	2	21.5
1276.710	31.05	2.89	89.62	7.54	8.65	65.20	72.8	2	23.5
1276.770	31.27	2.89	90.28	7.57	9.02	68.28	75.6	2	22.5
1276.874	31.51	2.88	90.79	7.61	8.53	64.89	71.5	2	23.0
1277.019	31.66	2.85	90.20	7.61	8.53	64.86	71.9	2	23.0
1277.079	30.87	2.91	89.94	7.57	8.70	65.82	73.2	2	22.0
1277.183	32.16	2.80	90.00	7.56	9.07	68.54	76.2	2	22.0
1277.328	31.07	2.91	90.54	7.80	7.86	61.24	67.6	2	24.5
1277.388	29.72	3.00	89.19	7.73	7.58	58.61	65.7	2	23.5
1277.492	31.01	2.89	89.67	7.38	8.89	65.63	73.2	2	21.0
1277.637	33.04	2.65	87.64	7.44	8.69	64.67	73.8	2	21.0
1277.697	33.45	2.61	87.19	7.52	8.47	63.74	73.1	2	22.5
1277.801	30.99	2.86	88.71	7.44	8.84	65.72	74.1	2	23.0
1277.946	31.12	2.90	90.33	7.48	9.17	68.53	75.9	2	21.5
1278.006	32.17	2.78	89.40	7.66	8.65	66.32	74.2	2	22.5
1278.110	32.02	2.81	90.08	7.49	8.77	65.75	73.0	2	22.5
1278.255	31.90	2.85	90.83	7.66	8.45	64.69	71.2	2	22.0
1278.315	31.28	2.90	90.83	7.57	8.81	66.67	73.4	2	23.0
1278.419	31.17	2.92	90.90	7.72	8.72	67.31	74.0	2	23.0
1278.564	31.31	2.88	90.23	7.53	8.74	65.84	73.0	2	21.0
1278.624	32.44	2.73	88.40	7.54	8.51	64.18	72.6	2	21.0
1278.728	32.98	2.66	87.74	7.56	8.23	62.17	70.9	2	21.5
1278.873	30.42	2.92	88.68	7.47	8.88	66.33	74.8	2	24.0
1278.933	30.74	2.92	89.75	7.65	8.38	64.06	71.4	2	22.5
1279.037	31.93	2.78	88.61	7.53	8.58	64.58	72.9	2	21.5
1279.182	31.86	2.81	89.39	7.49	8.77	65.68	73.5	2	22.5
1279.242	31.20	2.88	89.72	7.59	8.63	65.45	72.9	2	23.0
1279.346	30.91	2.92	90.22	7.50	9.06	67.97	75.3	2	22.5
1279.491	31.59	2.88	91.14	7.55	8.49	64.12	70.4	2	23.0
1279.551	31.28	2.89	90.35	7.46	9.05	67.52	74.7	2	23.0
1279.655	31.11	2.91	90.41	7.64	8.69	66.40	73.4	2	24.0
1279.800	31.72	2.84	90.00	7.57	8.61	65.21	72.5	2	21.5
1279.860	32.58	2.74	89.13	7.52	8.95	67.29	75.5	2	21.5
1279.964	31.58	2.83	89.48	7.73	8.05	62.18	69.5	2	23.5
1280.109	31.55	2.86	90.20	7.58	8.81	66.75	74.0	2	22.5
1280.169	31.86	2.85	90.65	7.64	8.48	64.75	71.4	2	21.5
1280.273	32.78	2.73	89.64	7.55	8.83	66.69	74.4	2	22.5
1280.418	30.20	2.94	88.76	7.53	8.67	65.24	73.5	2	22.5
1280.478	31.35	2.84	89.03	7.61	8.56	65.10	73.1	2	22.0
1280.582	32.57	2.72	88.74	7.46	8.79	65.58	73.9	2	22.0
1280.727	30.76	2.90	89.33	7.49	8.75	65.51	73.3	2	23.0
1280.787	30.86	2.92	90.08	7.56	8.61	65.06	72.2	2	22.5
1280.891	32.27	2.79	90.09	7.50	9.02	67.59	75.0	2	22.5
1281.036	31.42	2.89	90.70	7.75	8.01	62.09	68.5	2	22.0
1281.096	31.62	2.87	90.64	7.55	8.66	65.35	72.1	2	22.0
1281.200	31.57	2.84	89.82	7.54	8.90	67.08	74.7	2	23.0
1281.345	32.00	2.83	90.61	7.70	8.30	63.88	70.5	2	22.0
1281.405	32.09	2.82	90.59	7.62	8.44	64.39	71.1	2	22.0
1281.509	31.30	2.90	90.88	7.55	9.35	70.60	77.7	2	24.0
1281.654	31.29	2.91	90.95	7.91	8.14	64.34	70.7	2	22.5
1281.714	30.89	2.94	90.76	7.86	7.72	60.66	66.8	2	22.5
1281.818	31.29	2.90	90.76	7.60	8.56	65.04	71.7	2	22.0
1281.963	31.56	2.87	90.57	7.52	9.01	67.73	74.8	2	23.0
1282.023	30.93	2.92	90.23	7.62	8.76	66.74	74.0	2	23.0
1282.127	31.71	2.84	89.99	7.71	8.24	63.51	70.6	2	20.5
1282.272	31.34	2.85	89.29	7.65	8.25	63.08	70.6	2	24.0
1282.332	30.31	2.94	89.24	7.57	8.15	61.71	69.2	2	23.0
1282.436	31.25	2.86	89.50	7.60	8.66	65.85	73.6	2	22.0
1282.581	32.53	2.75	89.41	7.57	8.49	64.29	71.9	2	23.5
1282.641	31.02	2.88	89.21	7.51	8.39	63.04	70.7	2	22.5
1282.745	32.65	2.68	87.48	7.49	8.49	63.59	72.7	2	21.0
1282.890	31.46	2.84	89.34	7.46	8.77	65.34	73.1	2	24.0
1282.950	30.49	2.93	89.33	7.51	8.68	65.17	73.0	2	23.0
1283.054	31.40	2.88	90.31	7.65	8.33	63.72	70.6	2	21.5
1283.199	31.46	2.87	90.45	7.55	8.81	66.45	73.5	2	21.5
1283.259	32.05	2.80	89.89	7.57	8.54	64.59	71.9	2	22.5
1283.363	30.56	2.96	90.59	7.49	9.26	69.38	76.6	2	23.5
1283.508	31.60	2.86	90.42	7.77	8.60	66.79	73.9	2	24.0
1283.568	31.09	2.91	90.54	7.84	8.19	64.21	70.9	2	23.5
1283.672	31.54	2.88	90.95	7.88	7.77	61.18	67.3	2	22.5
1283.817	31.58	2.87	90.77	7.80	7.58	59.14	65.2	2	22.5
1283.877	31.85	2.84	90.46	7.74	7.59	58.69	64.9	2	22.5
1283.981	31.65	2.87	90.73	7.85	7.55	59.32	65.4	2	22.5
1284.126	31.46	2.89	90.80	7.94	7.74	61.46	67.7	2	22.0
1284.186	31.74	2.85	90.49	7.95	7.96	63.26	69.9	2	23.0
1284.290	31.30	2.89	90.32	7.70	8.91	68.57	75.9	2	24.0
1284.435	31.62	2.85	90.13	7.48	9.58	71.65	79.5	2	21.0
1284.495	32.53	2.75	89.47	7.42	9.62	71.39	79.8	2	22.0
1284.599	32.55	2.75	89.60	7.71	8.84	68.10	76.0	2	22.5
1284.744	32.12	2.82	90.48	7.87	7.95	62.54	69.1	2	23.5
1284.804	31.21	2.89	90.29	7.82	7.68	60.09	66.6	2	23.0
1284.908	31.25	2.91	90.84	7.80	7.51	58.53	64.4	2	24.0
1285.053	32.06	2.81	90.01	7.82	7.54	58.96	65.5	2	22.5
1285.113	32.17	2.81	90.51	7.87	7.55	59.41	65.6	2	23.5
1285.217	31.96	2.82	90.21	7.98	7.77	62.01	68.7	2	24.0
1285.362	32.08	2.82	90.58	7.85	8.77	68.80	76.0	2	23.0
1285.422	31.50	2.88	90.84	7.71	9.22	71.05	78.2	2	22.5
1285.526	30.78	2.95	90.84	7.59	9.64	73.09	80.5	2	24.0
1285.671	31.55	2.86	90.12	7.52	9.69	72.87	80.9	2	23.0
1285.731	31.56	2.87	90.69	7.60	9.55	72.51	79.9	2	23.5
1285.835	31.16	2.90	90.42	7.81	8.90	69.50	76.9	2	23.5
1285.980	31.50	2.88	90.80	7.94	7.81	62.00	68.3	2	22.5
1286.040	31.66	2.88	91.07	7.90	7.63	60.27	66.2	2	22.0
1286.144	31.64	2.88	91.06	7.76	7.83	60.74	66.7	2	23.0
1286.289	31.64	2.88	91.24	7.42	9.14	67.80	74.3	2	21.5
1286.349	31.47	2.87	90.24	7.36	9.41	69.27	76.8	2	22.0
1286.453	31.42	2.86	89.94	7.28	9.67	70.39	78.3	2	22.5
1286.598	31.26	2.90	90.68	7.38	9.63	71.03	78.3	2	22.0
1286.658	31.36	2.87	90.13	7.48	9.27	69.31	76.9	2	23.0
1286.762	31.60	2.86	90.47	7.68	8.52	65.49	72.4	2	22.5
1286.907	31.33	2.89	90.58	7.48	9.18	68.62	75.8	2	21.5
1286.967	32.06	2.78	89.26	7.53	9.26	69.76	78.2	2	21.5
1287.071	32.66	2.76	89.99	7.76	8.30	64.42	71.6	2	23.5
1287.216	29.62	2.99	88.62	7.61	7.85	59.74	67.4	2	23.0
1287.276	30.41	2.94	89.54	7.45	8.47	63.17	70.5	2	20.5
1287.380	32.88	2.64	86.69	7.35	8.66	63.66	73.4	2	20.5
1287.525	33.61	2.57	86.34	7.39	8.33	61.55	71.3	2	22.0
1287.585	31.44	2.78	87.38	7.29	8.86	64.64	74.0	2	24.0
1287.689	30.46	2.93	89.31	7.47	8.64	64.54	72.3	2	22.0
1287.834	32.67	2.73	89.22	7.60	8.42	63.99	71.7	2	22.0
1287.894	31.93	2.81	89.79	7.65	8.04	61.51	68.5	2	22.5
1287.998	31.21	2.88	89.93	7.49	8.86	66.38	73.8	2	22.0
1288.143	31.06	2.91	90.31	7.39	9.49	70.13	77.7	2	22.0
1288.203	31.99	2.81	89.74	7.34	9.49	69.66	77.6	2	21.5
1288.307	31.90	2.81	89.73	7.46	9.14	68.15	76.0	2	23.5
1288.452	31.65	2.87	90.75	7.62	8.37	63.77	70.3	2	23.5
1288.512	30.78	2.94	90.53	7.66	8.21	62.87	69.4	2	23.5
1288.616	31.66	2.87	90.77	7.67	8.23	63.14	69.6	2	21.0
1288.761	31.21	2.92	91.08	7.75	8.27	64.05	70.3	2	23.0
1288.821	31.35	2.90	90.97	7.73	8.21	63.46	69.8	2	22.5
1288.925	31.55	2.87	90.51	7.86	8.08	63.46	70.1	2	23.0
1289.070	30.64	2.94	90.08	7.63	9.06	69.11	76.7	2	23.0
1289.130	30.72	2.93	89.98	7.56	9.11	68.90	76.6	2	21.5
1289.234	32.49	2.71	88.12	7.42	8.79	65.19	74.0	2	21.0
1289.379	32.15	2.78	89.43	7.67	8.48	65.01	72.7	2	21.5
1289.439	32.56	2.75	89.40	7.69	8.35	64.21	71.8	2	21.5
1289.543	33.15	2.65	87.74	7.73	8.23	63.65	72.5	2	23.0
1289.688	31.04	2.90	89.91	7.67	8.56	65.61	73.0	2	22.5
1289.748	31.51	2.86	90.19	7.65	8.41	64.40	71.4	2	22.0
1289.852	32.16	2.80	89.90	7.57	9.12	69.11	76.9	2	23.5
1289.997	31.33	2.92	91.56	7.91	7.95	62.89	68.7	2	22.0
1290.057	31.58	2.90	91.54	7.84	7.91	62.01	67.7	2	22.0
1290.161	31.03	2.92	90.71	7.64	8.30	63.38	69.9	2	22.0
1290.306	31.64	2.88	91.10	7.81	7.79	60.86	66.8	2	22.0
1290.366	31.33	2.90	90.92	7.89	7.58	59.74	65.7	2	23.0
1290.470	31.19	2.90	90.62	7.93	7.41	58.76	64.8	2	23.0
1290.615	31.97	2.83	90.47	8.04	7.78	62.55	69.1	2	23.0
1290.675	31.78	2.84	90.34	7.95	8.32	66.12	73.2	2	24.5
1290.779	30.94	2.93	90.62	7.79	9.18	71.52	78.9	2	23.0
1290.924	31.68	2.88	91.22	7.71	9.59	73.96	81.1	2	22.5
1290.984	31.34	2.90	90.78	7.63	9.69	73.96	81.5	2	22.5
1291.088	31.27	2.90	90.73	7.76	8.76	67.98	74.9	2	22.0
1291.233	31.00	2.92	90.46	7.73	8.33	64.41	71.2	2	24.0
1291.293	30.96	2.92	90.55	7.78	8.32	64.74	71.5	2	23.5
1291.397	31.02	2.89	89.65	7.81	8.57	66.94	74.7	2	23.5
1291.542	31.47	2.87	90.48	7.55	9.39	70.87	78.3	2	23.0
1291.602	30.89	2.92	90.26	7.50	9.28	69.62	77.1	2	22.5
1291.706	31.78	2.84	90.17	7.76	8.11	62.89	69.8	2	23.5
1291.851	32.54	2.75	89.60	7.95	7.70	61.20	68.3	2	22.0
1291.911	32.12	2.81	90.19	7.94	8.12	64.47	71.5	2	24.5
1292.015	30.68	2.94	90.16	7.67	9.10	69.85	77.5	2	22.0
1292.160	32.20	2.80	90.17	7.71	8.42	64.90	72.0	2	21.5
1292.220	32.62	2.74	89.38	7.73	8.12	62.77	70.2	2	22.0
1292.324	31.46	2.86	89.99	7.81	8.22	64.19	71.3	2	23.5
1292.469	31.18	2.89	90.14	7.67	8.60	65.97	73.2	2	23.5
1292.529	31.71	2.84	89.95	7.83	8.20	64.24	71.4	2	22.0
1292.633	30.82	2.91	89.61	7.71	8.59	66.23	73.9	2	24.0
1292.778	31.07	2.88	89.42	7.74	8.45	65.44	73.2	2	22.5
1292.838	32.23	2.76	88.90	7.78	8.42	65.50	73.7	2	22.0
1292.942	32.20	2.80	90.13	7.67	8.63	66.26	73.5	2	23.5
1293.087	30.76	2.92	89.83	7.63	8.90	67.96	75.7	2	23.0
1293.147	30.94	2.92	90.25	7.59	8.98	68.15	75.5	2	21.5
1293.251	32.70	2.68	87.72	7.74	7.77	60.09	68.5	2	22.5
1293.396	31.19	2.89	90.18	7.87	7.53	59.23	65.7	2	22.0
1293.456	32.23	2.76	89.06	7.91	7.66	60.58	68.0	2	21.0
1293.560	32.41	2.75	89.09	8.02	7.83	62.79	70.5	2	25.0
1293.705	30.81	2.88	88.85	7.95	7.67	60.95	68.6	2	22.5
1293.765	31.78	2.79	88.63	7.90	7.49	59.12	66.7	2	21.5
1293.869	33.09	2.63	86.94	7.46	8.16	60.82	70.0	2	20.0
1294.014	33.49	2.57	85.92	7.46	8.36	62.39	72.6	2	22.0
1294.074	31.72	2.77	88.01	7.44	8.64	64.26	73.0	2	24.0
1294.178	30.04	2.94	88.34	7.53	8.63	65.01	73.6	2	22.5
1294.323	32.44	2.73	88.60	7.56	8.32	62.88	71.0	2	22.0
1294.383	32.22	2.78	89.50	7.47	8.80	65.73	73.4	2	21.5
1294.487	30.89	2.90	89.65	7.66	8.33	63.82	71.2	2	24.5
1294.632	30.85	2.91	89.69	7.52	9.27	69.77	77.8	2	21.0
1294.692	32.17	2.76	88.83	7.55	9.13	68.90	77.6	2	21.5
1294.796	33.35	2.61	87.02	7.82	8.21	64.17	73.7	2	21.5
1294.941	31.75	2.81	89.09	7.53	8.91	67.10	75.3	2	22.0
1295.001	31.71	2.83	89.87	7.51	9.27	69.63	77.5	2	22.5
1295.105	31.03	2.90	90.10	7.47	9.45	70.62	78.4	2	22.0
1295.250	31.82	2.86	90.99	7.74	8.17	63.19	69.4	2	22.0
1295.310	31.80	2.85	90.70	7.89	7.86	61.99	68.3	2	24.0
1295.414	30.89	2.94	90.70	7.82	8.65	67.61	74.5	2	23.5
1295.559	31.17	2.91	90.67	7.84	8.40	65.91	72.7	2	23.5
1295.619	30.63	2.93	89.86	7.75	8.74	67.77	75.4	2	24.0
1295.723	31.52	2.84	89.46	7.66	8.47	64.91	72.6	2	21.0
1295.868	32.03	2.81	89.95	7.83	7.57	59.27	65.9	2	23.5
1295.928	32.18	2.80	90.25	7.92	7.62	60.42	66.9	2	22.5
1296.032	31.31	2.90	90.67	7.78	8.70	67.69	74.7	2	23.5
1296.177	32.09	2.79	89.57	7.78	8.39	65.32	72.9	2	23.0
1296.237	31.15	2.87	89.43	7.61	8.88	67.57	75.6	2	23.5
1296.341	31.65	2.82	89.41	7.73	8.22	63.54	71.1	2	21.5
1296.486	32.21	2.78	89.48	7.83	8.61	67.41	75.3	2	24.5
1296.546	30.44	2.92	88.98	7.67	9.12	69.93	78.6	2	24.5
1296.650	30.66	2.93	89.71	7.60	9.02	68.56	76.4	2	20.5
1296.795	32.54	2.75	89.41	7.52	9.35	70.33	78.7	2	23.5
1296.855	30.99	2.89	89.43	7.67	9.00	69.04	77.2	2	24.5
1296.959	31.49	2.86	89.99	7.87	7.99	62.93	69.9	2	22.5
1297.104	31.34	2.90	90.77	7.72	8.01	61.81	68.1	2	22.0
1297.164	31.07	2.92	90.74	7.64	8.24	62.99	69.4	2	23.0
1297.268	31.63	2.87	90.68	7.81	7.78	60.70	66.9	2	22.0
1297.413	32.20	2.79	89.95	8.01	7.68	61.53	68.4	2	23.0
1297.473	32.63	2.76	90.08	7.91	8.27	65.38	72.6	2	22.5
1297.577	30.51	2.94	89.78	7.64	9.00	68.79	76.6	2	23.5
1297.722	32.45	2.72	88.25	7.72	8.40	64.83	73.5	2	22.5
1297.782	31.96	2.78	88.88	7.73	8.56	66.23	74.5	2	24.0
1297.886	30.79	2.91	89.45	7.57	9.21	69.74	78.0	2	22.5
1298.031	31.70	2.85	90.29	7.71	8.20	63.25	70.1	2	22.0
1298.091	32.37	2.78	89.96	7.76	7.79	60.41	67.2	2	21.0
1298.195	31.92	2.82	90.07	7.80	7.82	61.00	67.7	2	22.5
1298.340	31.78	2.86	90.76	7.94	7.53	59.79	65.9	2	23.0
1298.400	31.17	2.90	90.35	8.02	7.75	62.17	68.8	2	24.0
1298.504	31.05	2.93	90.92	7.80	8.90	69.41	76.3	2	23.5
1298.649	31.96	2.78	88.76	7.80	8.25	64.35	72.5	2	21.5
1298.709	32.00	2.78	88.96	7.84	8.31	65.14	73.2	2	23.0
1298.813	30.85	2.90	89.43	7.66	9.07	69.46	77.7	2	23.5
1298.958	32.04	2.81	89.92	7.46	9.07	67.64	75.2	2	22.5
1299.018	31.81	2.83	90.06	7.42	9.21	68.36	75.9	2	22.5
1299.122	31.70	2.86	90.61	7.40	9.24	68.35	75.4	2	22.0
1299.267	31.35	2.88	90.45	7.52	8.74	65.71	72.6	2	22.5
1299.327	31.59	2.88	90.91	7.55	8.73	65.95	72.5	2	23.0
1299.431	31.35	2.89	90.57	7.44	9.01	67.08	74.1	2	22.0
1299.576	30.85	2.92	89.98	7.32	9.55	69.89	77.7	2	23.0
1299.636	31.19	2.90	90.43	7.34	9.69	71.10	78.6	2	22.0
1299.740	31.54	2.85	90.00	7.43	9.70	72.06	80.1	2	22.0
1299.885	31.16	2.91	90.52	7.49	9.65	72.30	79.9	2	23.0
1299.945	31.63	2.82	89.12	7.47	9.54	71.30	80.0	2	22.0
1300.049	31.48	2.82	88.68	7.57	9.00	68.08	76.8	2	24.0
1300.194	30.33	2.95	89.51	7.65	8.58	65.65	73.4	2	21.0
1300.254	31.69	2.82	89.21	7.50	9.09	68.17	76.4	2	22.0
1300.358	32.64	2.73	89.08	7.76	8.32	64.53	72.4	2	23.0
1300.503	30.19	2.96	89.28	7.65	8.17	62.43	69.9	2	22.0
1300.563	31.16	2.88	89.90	7.48	8.88	66.44	73.9	2	21.0
1300.667	33.04	2.62	86.49	7.44	8.58	63.87	73.8	2	20.0
1300.812	31.15	2.81	87.52	7.43	8.68	64.47	73.7	2	25.0
1300.872	29.79	2.94	87.54	7.48	8.41	62.92	71.9	2	24.0
1300.976	29.76	2.97	88.47	7.61	8.41	63.98	72.3	2	22.0
1301.121	32.92	2.64	86.84	7.33	8.66	63.47	73.1	2	19.5
1301.181	33.57	2.55	85.54	7.42	8.28	61.43	71.8	2	20.5
1301.285	31.49	2.80	88.32	7.42	8.68	64.44	73.0	2	24.5
1301.430	30.84	2.91	89.77	7.73	8.07	62.39	69.5	2	22.0
1301.490	31.36	2.87	90.16	7.57	8.51	64.36	71.4	2	22.0
1301.594	31.42	2.88	90.54	7.43	9.31	69.21	76.4	2	21.5
1301.739	31.83	2.83	90.11	7.63	8.38	63.88	70.9	2	22.5
1301.799	32.13	2.80	89.99	7.84	8.04	63.06	70.1	2	22.5
1301.903	31.11	2.90	90.19	7.72	8.87	68.45	75.9	2	24.0
1302.048	31.52	2.86	90.02	7.76	8.63	66.98	74.4	2	23.5
1302.108	30.95	2.89	89.52	7.66	8.76	67.15	75.0	2	22.5
1302.212	32.59	2.73	89.01	7.80	8.43	65.79	73.9	2	22.5
1302.357	31.06	2.92	90.75	7.80	8.60	67.14	74.0	2	22.0
1302.417	31.46	2.88	90.65	7.69	8.98	69.07	76.2	2	23.5
1302.521	31.88	2.84	90.56	7.87	8.34	65.63	72.5	2	23.5
1302.666	31.56	2.83	89.18	7.77	8.58	66.68	74.8	2	22.0
1302.726	31.80	2.83	89.94	7.66	8.84	67.71	75.3	2	22.0
1302.830	31.73	2.86	90.64	7.82	8.59	67.23	74.2	2	23.0
1302.975	32.47	2.75	89.45	7.71	8.56	65.98	73.8	2	20.5
1303.035	32.54	2.72	88.35	7.55	8.97	67.68	76.6	2	23.5
1303.139	30.69	2.90	89.10	7.50	9.38	70.34	78.9	2	23.5
1303.284	32.31	2.74	88.55	7.78	7.90	61.44	69.4	2	21.5
1303.344	32.96	2.68	88.34	7.85	7.72	60.55	68.6	2	22.5
1303.448	30.62	2.91	89.00	7.89	7.78	61.43	69.0	2	24.0
1303.593	32.44	2.77	90.02	7.89	8.44	66.59	74.0	2	22.0
1303.653	32.50	2.77	90.09	7.76	8.91	69.17	76.8	2	24.0
1303.757	30.44	2.96	90.24	7.57	9.46	71.58	79.3	2	23.5
1303.902	32.20	2.80	90.22	7.65	8.39	64.24	71.2	2	21.5
1303.962	32.87	2.71	89.05	7.71	8.12	62.64	70.3	2	21.5
1304.066	32.62	2.73	89.11	7.83	8.17	63.96	71.8	2	23.5
1304.211	31.16	2.89	90.12	7.61	9.16	69.73	77.4	2	23.5
1304.271	30.69	2.93	89.91	7.54	9.20	69.42	77.2	2	22.0
1304.375	32.12	2.80	89.85	7.76	8.20	63.68	70.9	2	21.5
1304.520	31.32	2.86	89.47	7.68	8.91	68.43	76.5	2	24.5
1304.580	30.31	2.95	89.37	7.75	8.43	65.32	73.1	2	23.5
1304.684	31.37	2.88	90.21	7.79	8.71	67.88	75.2	2	22.5
1304.829	32.08	2.82	90.53	7.87	8.13	63.94	70.6	2	24.0
1304.889	30.98	2.92	90.35	7.78	8.73	67.90	75.2	2	24.0
1304.993	31.53	2.85	89.98	7.74	8.46	65.47	72.8	2	22.0
1305.138	31.18	2.90	90.29	7.60	9.02	68.55	75.9	2	23.0
1305.198	31.32	2.88	90.16	7.77	8.31	64.52	71.6	2	23.0
1305.302	31.17	2.90	90.34	7.70	8.95	68.95	76.3	2	23.0
1305.447	31.30	2.89	90.39	7.61	8.94	68.05	75.3	2	22.5
1305.507	31.74	2.86	90.72	7.74	8.42	65.18	71.9	2	22.0
1305.611	31.03	2.90	89.84	7.67	8.79	67.41	75.0	2	24.0
1305.756	31.34	2.87	90.03	7.63	8.80	67.17	74.6	2	22.5
1305.816	32.14	2.79	89.76	7.76	8.28	64.22	71.6	2	22.5
1305.920	30.96	2.92	90.34	7.72	8.55	66.00	73.1	2	23.0
1306.065	32.05	2.84	91.07	7.73	8.33	64.42	70.7	2	21.5
1306.125	32.49	2.77	89.99	7.68	8.77	67.37	74.9	2	22.0
1306.229	31.63	2.84	89.85	7.65	8.85	67.67	75.3	2	23.0
1306.374	32.36	2.79	90.42	7.77	8.82	68.50	75.8	2	23.5
1306.434	31.05	2.91	90.24	7.75	8.57	66.47	73.7	2	23.5
1306.538	31.93	2.82	90.17	7.74	8.48	65.62	72.8	2	22.0
1306.683	31.70	2.86	90.54	7.81	8.88	69.34	76.6	2	24.0
1306.743	31.19	2.90	90.41	7.88	8.48	66.84	73.9	2	22.5
1306.847	31.41	2.90	91.06	7.71	8.88	68.47	75.2	2	22.5
1306.992	31.08	2.91	90.35	7.96	7.89	62.78	69.5	2	24.0
1307.052	31.26	2.88	89.98	7.96	8.18	65.10	72.4	2	23.0
1307.156	32.35	2.78	90.04	7.83	8.97	70.21	78.0	2	22.0
1307.301	33.12	2.70	89.32	7.54	9.43	71.15	79.7	2	22.0
1307.361	32.99	2.72	89.60	7.68	9.14	70.25	78.4	2	23.0
1307.465	30.93	2.90	89.77	7.91	8.52	67.34	75.0	2	24.5
1307.610	31.68	2.86	90.45	7.94	7.60	60.36	66.7	2	21.5
1307.670	32.06	2.83	90.65	7.87	7.68	60.46	66.7	2	21.0
1307.774	31.50	2.88	90.70	7.46	8.91	66.49	73.3	2	22.5
1307.919	30.66	2.94	90.16	7.43	9.29	69.04	76.6	2	22.0
1307.979	31.62	2.85	90.12	7.49	8.79	65.86	73.1	2	22.0
1308.083	31.37	2.89	90.65	7.71	8.20	63.23	69.8	2	22.0
1308.228	31.91	2.86	91.32	7.89	8.15	64.31	70.4	2	23.0
1308.288	31.36	2.92	91.57	7.79	8.72	67.91	74.2	2	24.0
1308.392	30.97	2.91	90.22	7.69	8.78	67.51	74.8	2	23.0
1308.537	30.82	2.92	90.10	7.74	8.68	67.23	74.6	2	24.0
1308.597	30.67	2.95	90.57	7.72	8.65	66.79	73.7	2	23.5
1308.701	31.34	2.86	89.74	7.84	8.40	65.88	73.4	2	22.5
1308.846	31.74	2.81	89.26	7.73	8.60	66.47	74.5	2	24.0
1308.906	31.07	2.89	89.67	7.74	8.53	65.98	73.6	2	22.0
1309.010	32.65	2.75	89.67	7.69	8.76	67.39	75.2	2	21.5
1309.155	31.23	2.91	90.83	7.69	8.89	68.39	75.3	2	23.0
1309.215	31.52	2.88	90.86	7.81	8.31	64.94	71.5	2	22.5
1309.319	32.07	2.85	91.46	7.81	8.49	66.30	72.5	2	22.5
1309.464	31.31	2.89	90.42	7.80	8.32	64.85	71.7	2	23.0
1309.524	31.93	2.83	90.34	7.82	8.60	67.20	74.4	2	23.0
1309.628	30.94	2.92	90.38	7.74	8.74	67.66	74.9	2	23.0
1309.773	31.46	2.87	90.23	7.85	8.73	68.55	76.0	2	24.0
1309.833	30.80	2.94	90.53	7.78	8.58	66.79	73.8	2	23.5
1309.937	30.85	2.93	90.36	7.76	8.47	65.76	72.8	2	23.0
1310.082	30.84	2.94	90.65	7.88	8.42	66.34	73.2	2	22.5
1310.142	31.74	2.84	90.03	7.76	8.77	68.04	75.6	2	22.0
1310.246	32.11	2.82	90.66	7.86	8.10	63.63	70.2	2	22.5
1310.391	31.88	2.88	91.75	7.85	8.48	66.59	72.6	2	22.5
1310.451	32.05	2.85	91.50	7.73	8.89	68.69	75.1	2	22.5
1310.555	31.83	2.85	90.63	7.93	8.08	64.06	70.7	2	23.0
1310.700	29.67	3.01	89.38	7.75	8.56	66.33	74.2	2	23.5
1310.760	30.84	2.94	90.55	7.74	8.61	66.64	73.6	2	22.0
1310.864	31.54	2.88	90.76	7.71	8.58	66.17	72.9	2	22.5
1311.009	31.53	2.88	90.69	7.86	8.77	68.92	76.0	2	24.5
1311.069	30.54	2.96	90.31	7.81	8.84	69.03	76.4	2	24.0
1311.173	31.66	2.84	89.93	7.76	8.49	65.89	73.3	2	21.0
1311.318	31.81	2.84	90.48	7.58	9.16	69.39	76.7	2	22.0
1311.378	31.45	2.87	90.36	7.46	9.27	69.17	76.5	2	22.0
1311.482	31.83	2.80	89.12	7.81	8.01	62.50	70.1	2	23.0
1311.627	30.63	2.93	89.77	7.87	8.64	67.99	75.7	2	25.0
1311.687	30.34	2.97	90.08	7.80	8.98	70.04	77.8	2	23.0
1311.791	31.71	2.85	90.33	7.79	9.39	73.21	81.0	2	23.0
1311.936	29.86	3.02	90.12	7.64	9.36	71.50	79.3	2	24.5
1311.996	29.44	3.05	89.77	7.67	8.94	68.51	76.3	2	22.5
1312.100	31.29	2.87	89.92	7.72	8.39	64.76	72.0	2	23.0
1312.245	31.85	2.82	89.87	7.66	8.22	63.02	70.1	2	21.0
1312.305	31.58	2.85	90.07	7.67	8.23	63.09	70.0	2	23.0
1312.409	31.16	2.92	90.85	7.71	8.13	62.66	69.0	2	21.0
1312.554	32.76	2.73	89.57	7.67	8.04	61.68	68.9	2	22.5
1312.614	31.18	2.88	89.73	7.60	8.60	65.34	72.8	2	23.5
1312.718	31.40	2.86	89.69	7.47	9.36	69.90	77.9	2	21.5
1312.863	33.39	2.62	87.38	7.72	8.63	66.66	76.3	2	21.5
1312.923	32.91	2.72	89.37	7.85	8.01	62.94	70.4	2	23.5
1313.027	30.77	2.91	89.67	7.63	8.37	63.87	71.2	2	22.0
1313.172	31.64	2.83	89.67	7.51	9.21	69.19	77.2	2	22.0
1313.232	31.59	2.85	90.00	7.65	8.94	68.39	76.0	2	23.5
1313.336	30.98	2.92	90.39	7.66	8.56	65.64	72.6	2	23.5
1313.481	32.26	2.81	90.79	7.57	8.69	65.83	72.5	2	21.5
1313.541	32.45	2.79	90.60	7.65	8.92	68.22	75.3	2	24.0
1313.645	31.61	2.87	90.68	7.82	8.05	62.98	69.5	2	23.0
1313.790	31.34	2.91	91.13	7.55	8.69	65.61	72.0	2	22.0
1313.850	31.33	2.91	91.08	7.43	9.23	68.63	75.4	2	22.5
1313.954	32.09	2.82	90.41	7.57	8.96	67.91	75.1	2	23.5
1314.099	32.00	2.82	90.29	7.76	8.55	66.36	73.5	2	23.0
1314.159	31.46	2.88	90.67	7.80	8.53	66.58	73.4	2	23.0
1314.263	31.44	2.87	90.17	7.69	8.84	68.02	75.4	2	24.0
1314.408	30.96	2.92	90.47	7.47	9.29	69.35	76.6	2	21.5
1314.468	31.80	2.84	90.24	7.64	8.52	65.05	72.1	2	22.0
1314.572	31.76	2.85	90.46	7.84	7.83	61.37	67.8	2	23.5
1314.717	32.10	2.83	90.95	7.74	8.61	66.71	73.3	2	22.0
1314.777	32.10	2.84	91.01	7.72	8.55	66.02	72.5	2	23.5
1314.881	31.42	2.89	90.87	7.71	8.63	66.56	73.2	2	22.0
1315.026	31.42	2.88	90.46	7.80	8.77	68.37	75.6	2	23.5
1315.086	31.77	2.82	89.46	7.79	8.47	65.96	73.7	2	22.0
1315.190	31.92	2.80	89.53	7.78	8.21	63.87	71.3	2	22.0
1315.335	31.03	2.90	89.85	7.79	8.42	65.60	73.0	2	23.5
1315.395	31.09	2.91	90.61	7.70	8.91	68.59	75.7	2	22.5
1315.499	32.19	2.80	90.22	7.80	8.60	67.07	74.3	2	21.5
1315.644	31.01	2.90	89.92	7.68	8.72	66.99	74.5	2	23.5
1315.704	31.75	2.84	90.23	7.89	8.24	65.02	72.1	2	22.0
1315.808	32.01	2.84	90.90	7.77	8.52	66.27	72.9	2	22.5
1315.953	32.20	2.78	89.54	7.89	8.22	64.83	72.4	2	22.5
1316.013	32.19	2.81	90.41	7.76	8.88	68.86	76.2	2	23.0
1316.117	30.87	2.91	89.80	7.79	8.78	68.38	76.1	2	24.0
1316.262	32.47	2.73	88.79	7.88	8.39	66.12	74.5	2	22.5
1316.322	32.31	2.77	89.62	7.75	8.94	69.30	77.3	2	23.5
1316.426	30.97	2.91	90.02	7.76	8.60	66.67	74.1	2	23.0
1316.571	31.99	2.80	89.54	7.85	8.13	63.82	71.3	2	22.5
1316.631	31.56	2.85	89.88	7.80	8.72	68.00	75.7	2	24.5
1316.735	30.63	2.95	90.32	7.78	8.46	65.77	72.8	2	22.5
1316.880	31.50	2.87	90.48	7.77	8.51	66.12	73.1	2	22.0
1316.940	32.06	2.82	90.26	7.94	8.19	64.98	72.0	2	22.5
1317.044	31.68	2.86	90.77	7.80	8.62	67.23	74.1	2	24.0
1317.189	31.59	2.85	90.05	7.77	8.41	65.31	72.5	2	21.5
1317.249	32.52	2.70	87.88	7.85	8.07	63.36	72.1	2	22.0
1317.353	32.95	2.69	88.61	7.64	8.99	68.73	77.6	2	23.0
1317.498	30.73	2.94	90.22	7.69	8.64	66.42	73.6	2	22.0
1317.558	31.39	2.88	90.25	7.57	9.03	68.34	75.7	2	22.5
1317.662	32.21	2.77	89.12	7.77	8.15	63.33	71.1	2	23.0
1317.807	30.11	2.98	89.83	7.75	8.97	69.51	77.4	2	24.5
1317.867	30.13	2.99	89.98	7.75	8.64	66.90	74.4	2	22.0
1317.971	32.22	2.77	89.28	7.69	8.46	65.01	72.8	2	21.0
1318.116	31.09	2.87	89.19	7.60	9.07	68.95	77.3	2	24.0
1318.176	30.62	2.93	89.78	7.52	9.17	68.93	76.8	2	22.5
1318.280	31.41	2.87	90.20	7.79	7.99	62.27	69.0	2	22.5
1318.425	32.00	2.81	89.91	7.94	8.22	65.25	72.6	2	23.5
1318.485	31.53	2.86	90.21	7.80	8.92	69.57	77.1	2	23.0
1318.589	31.84	2.85	90.90	7.72	8.80	67.98	74.8	2	21.0
1318.734	31.71	2.87	90.90	7.80	8.17	63.67	70.0	2	22.5
1318.794	31.21	2.92	91.24	7.88	8.17	64.38	70.6	2	24.5
1318.898	31.30	2.87	89.93	7.82	8.31	65.03	72.3	2	22.0
1319.043	30.77	2.91	89.67	7.73	8.43	65.13	72.6	2	23.5
1319.103	31.11	2.91	90.44	7.73	8.42	65.16	72.0	2	22.0
1319.207	31.50	2.88	90.60	7.80	8.23	64.20	70.9	2	23.5
1319.352	31.15	2.92	90.86	7.77	8.72	67.74	74.6	2	23.5
1319.412	30.74	2.94	90.49	7.63	9.10	69.43	76.7	2	22.5
1319.516	31.17	2.91	90.64	7.57	9.09	68.77	75.9	2	22.0
1319.661	31.37	2.90	91.04	7.97	7.88	62.84	69.0	2	23.5
1319.721	31.49	2.90	91.23	7.89	8.63	68.08	74.6	2	23.5
1319.825	32.01	2.84	90.89	7.78	8.59	66.84	73.5	2	21.5
1843.753	38.52	0.25	9.48	0.66	1.35	0.89	9.4	2	11.0
1843.856	35.84	1.16	41.52	2.82	6.08	17.12	41.2	2	16.0
1844.001	22.19	1.94	42.99	3.19	7.19	22.94	53.4	2	23.5
1844.061	19.09	2.39	45.71	3.33	7.55	25.15	55.0	2	26.5
1844.165	15.81	3.35	53.01	3.60	8.26	29.69	56.0	2	31.5
1844.310	11.14	4.44	49.41	3.43	8.01	27.44	55.5	2	39.0
1844.370	9.43	4.62	43.54	3.23	7.39	23.89	54.9	2	42.0
1844.474	6.78	4.76	32.30	2.80	6.30	17.62	54.6	2	47.0
1844.619	4.48	4.83	21.66	2.25	4.84	10.89	50.3	2	54.5
1844.679	3.80	4.84	18.41	2.07	4.35	9.00	48.9	2	57.5
1844.782	2.87	4.85	13.92	1.80	3.58	6.44	46.3	2	62.5
1844.926	1.91	4.86	9.29	1.42	2.74	3.88	41.8	2	69.5
1844.986	1.71	4.87	8.30	1.24	2.41	2.99	36.0	2	72.5
1845.089	1.33	4.87	6.50	0.98	1.90	1.87	28.8	2	78.0
1845.233	0.90	4.88	4.40	0.72	1.35	0.97	22.0	2	85.0
1845.293	0.77	4.88	3.77	0.59	1.16	0.69	18.2	2	88.0
1845.396	0.64	4.88	3.14	0.41	0.83	0.34	10.8	2	93.0
1845.540	7.31	4.72	34.49	2.39	5.52	13.21	38.3	2	33.5
1845.600	9.37	4.65	43.54	3.01	6.97	20.98	48.2	2	33.1
1845.704	11.19	4.55	50.88	3.51	8.06	28.33	55.7	2	32.2
1845.849	12.35	4.40	54.33	3.72	8.62	32.06	59.0	2	31.4
1845.909	12.20	4.45	54.24	3.73	8.64	32.23	59.4	2	33.5
1846.013	11.76	4.55	53.53	3.70	8.59	31.81	59.4	2	33.2
1846.158	12.27	4.46	54.71	3.77	8.68	32.70	59.8	2	31.1
1846.218	12.57	4.38	55.02	3.76	8.76	32.97	59.9	2	35.5
1846.322	10.95	4.63	50.69	3.60	8.34	30.01	59.2	2	35.5
1846.467	10.32	4.61	47.56	3.48	8.00	27.87	58.6	2	29.8
1846.527	11.68	4.39	51.21	3.62	8.34	30.18	58.9	2	29.8
1846.631	13.79	3.82	52.68	3.66	8.47	31.01	58.9	2	26.8
1846.776	13.15	4.12	54.23	3.73	8.71	32.52	60.0	2	31.6
1846.836	13.15	4.08	53.67	3.71	8.63	32.02	59.7	2	28.8
1846.940	13.64	3.91	53.34	3.74	8.68	32.46	60.9	2	29.0
1847.085	14.78	3.36	49.62	3.61	8.37	30.19	60.8	2	24.7
1847.145	14.67	3.31	48.48	3.59	8.34	29.97	61.8	2	28.6
1847.249	13.31	3.75	49.85	3.52	8.17	28.74	57.6	2	51.4
1847.394	9.42	4.31	40.54	3.04	6.80	20.67	51.0	2	29.9
1847.454	11.36	4.18	47.51	3.39	7.73	26.19	55.1	2	29.9
1847.558	12.91	4.07	52.50	3.68	8.45	31.06	59.2	2	29.8
1847.703	13.67	3.57	48.79	3.45	7.97	27.50	56.4	2	30.6
1847.763	13.12	3.96	51.93	3.60	8.35	30.09	57.9	2	33.6
1847.867	11.78	4.43	52.19	3.63	8.39	30.45	58.3	2	33.6
1848.012	12.54	4.36	54.66	3.77	8.70	32.80	60.0	2	29.6
1848.072	13.12	4.17	54.69	3.77	8.72	32.87	60.1	2	29.6
1848.176	13.64	4.03	54.94	3.75	8.77	32.91	59.9	2	29.1
1848.321	13.96	3.91	54.57	3.75	8.75	32.86	60.2	2	29.1
1848.381	14.05	3.87	54.35	3.76	8.75	32.91	60.6	2	29.1
1848.485	13.97	3.91	54.69	3.77	8.76	33.00	60.3	2	31.1
1848.630	12.64	4.36	55.08	3.76	8.79	33.08	60.1	2	32.6
1848.690	12.61	4.38	55.17	3.79	8.77	33.24	60.2	2	31.1
1848.794	13.19	4.18	55.11	3.79	8.82	33.42	60.6	2	29.1
1848.939	13.73	4.01	55.06	3.75	8.83	33.08	60.1	2	29.1
1848.999	13.81	3.96	54.65	3.75	8.76	32.86	60.1	2	29.6
1849.103	13.92	3.90	54.25	3.75	8.76	32.85	60.6	2	28.1
1849.248	14.47	3.67	53.17	3.68	8.71	32.07	60.3	2	27.1
1849.308	14.54	3.65	53.06	3.69	8.69	32.09	60.5	2	27.6
1849.412	14.73	3.55	52.36	3.67	8.59	31.55	60.3	2	27.6
1849.557	14.93	3.41	50.90	3.63	8.49	30.86	60.6	2	27.1
1849.617	14.98	3.39	50.74	3.64	8.49	30.89	60.9	2	26.6
1849.721	15.09	3.28	49.52	3.60	8.42	30.33	61.2	2	25.6
1849.866	15.36	3.18	48.90	3.56	8.34	29.71	60.7	2	25.1
1849.926	15.42	3.11	47.91	3.53	8.27	29.17	60.9	2	25.6
1850.030	14.54	3.56	51.74	3.68	8.57	31.55	61.0	2	31.1
1850.175	12.14	4.38	53.16	3.66	8.59	31.47	59.2	2	33.1
1850.235	11.77	4.51	53.04	3.65	8.61	31.42	59.2	2	33.6
1850.339	12.21	4.44	54.25	3.72	8.71	32.42	59.8	2	30.1
1850.484	13.65	3.95	53.96	3.71	8.81	32.69	60.6	2	27.6
1850.544	14.02	3.82	53.53	3.71	8.76	32.46	60.6	2	27.6
1850.648	14.34	3.70	53.07	3.68	8.75	32.17	60.6	2	27.1
1850.793	14.50	3.61	52.29	3.64	8.73	31.80	60.8	2	26.6
1850.853	14.56	3.55	51.70	3.63	8.69	31.58	61.1	2	27.6
1850.957	14.70	3.51	51.53	3.62	8.63	31.28	60.7	2	27.1
1851.102	13.38	4.01	53.58	3.71	8.78	32.60	60.8	2	32.6
1851.162	12.52	4.29	53.77	3.67	8.70	31.88	59.3	2	33.1
1851.266	12.30	4.42	54.34	3.70	8.73	32.32	59.5	2	30.6
1851.411	13.46	4.03	54.30	3.71	8.82	32.72	60.3	2	29.6
1851.471	13.65	4.00	54.57	3.71	8.83	32.75	60.0	2	29.1
1851.575	13.89	3.89	54.09	3.69	8.84	32.64	60.3	2	29.1
1851.720	14.31	3.73	53.44	3.67	8.78	32.26	60.4	2	27.6
1851.780	14.54	3.68	53.53	3.67	8.76	32.11	60.0	2	28.1
1851.884	14.49	3.67	53.24	3.67	8.74	32.11	60.3	2	28.1
1852.029	14.40	3.60	51.86	3.63	8.75	31.76	61.2	2	26.6
1852.089	14.52	3.55	51.57	3.61	8.70	31.40	60.9	2	27.1
1852.193	14.76	3.48	51.32	3.60	8.64	31.07	60.5	2	26.6
1852.338	14.86	3.40	50.47	3.60	8.55	30.83	61.1	2	26.6
1852.398	14.90	3.39	50.49	3.60	8.56	30.79	61.0	2	27.6
1852.502	13.91	3.83	53.19	3.65	8.77	31.99	60.1	2	32.1
1852.647	11.94	4.46	53.20	3.65	8.69	31.68	59.6	2	33.6
1852.707	11.70	4.53	52.99	3.62	8.69	31.43	59.3	2	33.6
1852.811	12.49	4.36	54.48	3.69	8.79	32.46	59.6	2	29.1
1852.956	13.61	4.01	54.52	3.74	8.83	33.07	60.7	2	28.6
1853.016	13.81	3.92	54.10	3.72	8.82	32.83	60.7	2	28.6
1853.120	14.05	3.81	53.53	3.70	8.82	32.66	61.0	2	28.1
1853.265	14.44	3.67	52.99	3.65	8.76	31.96	60.3	2	27.6
1853.325	14.61	3.62	52.90	3.64	8.71	31.73	60.0	2	27.1
1853.429	14.65	3.59	52.61	3.63	8.68	31.49	59.9	2	27.6
1853.574	13.40	4.07	54.51	3.66	8.86	32.48	59.6	2	33.1
1853.634	12.53	4.33	54.26	3.62	8.81	31.91	58.8	2	32.6
1853.738	12.01	4.51	54.13	3.63	8.79	31.92	59.0	2	33.1
1853.883	12.83	4.33	55.58	3.72	8.89	33.05	59.5	2	29.6
1853.943	13.31	4.12	54.89	3.74	8.85	33.05	60.2	2	29.6
1854.047	13.83	3.99	55.11	3.74	8.83	33.05	60.0	2	29.1
1854.192	14.07	3.91	55.06	3.72	8.86	32.92	59.8	2	28.1
1854.252	14.15	3.85	54.47	3.71	8.83	32.73	60.1	2	28.6
1854.356	14.25	3.75	53.48	3.70	8.78	32.44	60.6	2	28.1
1854.501	14.39	3.68	52.90	3.70	8.74	32.37	61.2	2	27.6
1854.561	14.40	3.60	51.89	3.69	8.69	32.04	61.8	2	27.6
1854.665	14.62	3.53	51.59	3.67	8.63	31.68	61.4	2	27.1
1854.810	14.97	3.40	50.83	3.62	8.51	30.83	60.7	2	26.6
1854.870	15.00	3.43	51.38	3.64	8.56	31.17	60.7	2	27.1
1854.974	14.99	3.40	51.02	3.65	8.53	31.09	60.9	2	27.1
1855.119	13.21	4.09	54.10	3.71	8.72	32.37	59.8	2	33.1
1855.179	12.50	4.34	54.19	3.67	8.69	31.91	58.9	2	33.6
1855.283	12.17	4.42	53.71	3.72	8.72	32.39	60.3	2	30.6
1855.428	13.69	3.95	54.08	3.74	8.74	32.70	60.5	2	27.6
1855.488	13.99	3.84	53.76	3.73	8.75	32.64	60.7	2	29.1
1855.592	14.15	3.76	53.27	3.73	8.71	32.47	61.0	2	28.1
1855.737	14.45	3.57	51.57	3.68	8.65	31.85	61.8	2	27.1
1855.797	14.64	3.51	51.33	3.66	8.61	31.50	61.4	2	26.6
1855.901	14.79	3.44	50.88	3.65	8.57	31.24	61.4	2	26.6
1856.046	14.05	3.81	53.56	3.71	8.75	32.45	60.6	2	32.1
1856.106	12.83	4.18	53.67	3.67	8.69	31.88	59.4	2	33.1
1856.210	12.06	4.46	53.75	3.69	8.71	32.17	59.9	2	33.1
1856.355	12.27	4.47	54.80	3.68	8.82	32.45	59.2	2	31.1
1856.415	12.88	4.29	55.30	3.70	8.88	32.81	59.3	2	29.1
1856.519	13.53	4.08	55.14	3.71	8.92	33.11	60.0	2	29.6
1856.664	14.02	3.88	54.35	3.71	8.87	32.88	60.5	2	27.6
1856.724	14.29	3.80	54.26	3.71	8.85	32.80	60.4	2	28.6
1856.828	14.22	3.80	54.04	3.71	8.88	32.97	61.0	2	29.1
1856.973	13.12	4.17	54.68	3.71	8.91	33.06	60.5	2	31.1
1857.033	13.33	4.15	55.31	3.71	8.94	33.13	59.9	2	29.6
1857.137	13.61	4.06	55.28	3.70	8.95	33.11	59.9	2	29.6
1857.282	13.86	4.00	55.42	3.72	8.94	33.24	60.0	2	28.6
1857.342	13.95	3.89	54.33	3.70	8.87	32.81	60.4	2	28.6
1857.446	14.18	3.78	53.57	3.68	8.81	32.48	60.6	2	28.1
1857.591	14.61	3.60	52.55	3.64	8.72	31.72	60.4	2	26.6
1857.651	14.72	3.54	52.15	3.61	8.68	31.37	60.2	2	27.1
1857.755	14.78	3.48	51.48	3.62	8.63	31.23	60.7	2	26.6
1857.900	15.15	3.31	50.07	3.58	8.46	30.29	60.5	2	25.6
1857.960	15.11	3.32	50.11	3.59	8.50	30.51	60.9	2	27.6
1858.064	13.89	3.85	53.47	3.69	8.71	32.11	60.0	2	32.6
1858.209	12.00	4.48	53.73	3.64	8.65	31.49	58.6	2	34.1
1858.269	11.82	4.54	53.65	3.66	8.65	31.66	59.0	2	32.1
1858.373	12.73	4.33	55.06	3.73	8.78	32.72	59.4	2	29.1
1858.518	13.62	4.03	54.86	3.76	8.84	33.22	60.5	2	29.6
1858.578	13.84	3.95	54.72	3.78	8.82	33.31	60.9	2	29.1
1858.682	14.06	3.86	54.32	3.71	8.80	32.69	60.2	2	28.6
1858.827	14.17	3.76	53.31	3.69	8.83	32.57	61.1	2	28.1
1858.887	14.25	3.69	52.61	3.67	8.79	32.29	61.4	2	27.6
1858.991	14.49	3.60	52.12	3.66	8.74	31.98	61.4	2	27.6
1859.136	14.81	3.51	51.94	3.63	8.65	31.41	60.5	2	27.1
1859.196	14.81	3.49	51.72	3.64	8.62	31.39	60.7	2	26.6
1859.300	14.96	3.43	51.24	3.61	8.56	30.95	60.4	2	26.6
1859.445	15.30	3.22	49.23	3.54	8.43	29.85	60.6	2	25.1
1859.505	15.30	3.17	48.47	3.53	8.38	29.55	61.0	2	25.1
1859.609	15.50	3.06	47.41	3.49	8.28	28.88	60.9	2	26.1
1859.754	14.21	3.73	53.05	3.66	8.70	31.86	60.1	2	32.1
1859.814	12.98	4.13	53.61	3.67	8.69	31.87	59.4	2	34.1
1859.918	11.94	4.48	53.48	3.67	8.60	31.53	59.0	2	33.1
1860.063	12.99	4.20	54.52	3.74	8.81	32.94	60.4	2	28.6
1860.123	13.53	4.04	54.63	3.74	8.84	33.04	60.5	2	28.1
1860.227	13.91	3.86	53.71	3.72	8.78	32.62	60.7	2	28.6
1860.372	14.32	3.71	53.08	3.69	8.73	32.19	60.6	2	27.6
1860.432	14.45	3.64	52.61	3.69	8.70	32.13	61.1	2	27.1
1860.536	14.58	3.56	51.93	3.67	8.65	31.75	61.1	2	27.1
1860.681	15.02	3.42	51.33	3.61	8.55	30.89	60.2	2	26.6
1860.741	14.94	3.42	51.13	3.64	8.52	31.03	60.7	2	27.1
1860.845	14.91	3.41	50.83	3.65	8.51	31.04	61.1	2	27.1
1860.990	13.56	4.00	54.23	3.73	8.70	32.41	59.8	2	33.6
1861.050	12.55	4.29	53.88	3.74	8.64	32.34	60.0	2	33.6
1861.154	11.91	4.49	53.51	3.73	8.65	32.20	60.2	2	32.6
1861.299	13.32	4.06	54.07	3.79	8.73	33.07	61.1	2	28.6
1861.359	13.59	3.96	53.78	3.78	8.71	32.90	61.2	2	29.1
1861.463	14.07	3.83	53.90	3.78	8.74	33.01	61.3	2	28.1
1861.608	14.41	3.63	52.25	3.73	8.61	32.13	61.5	2	26.6
1861.668	14.58	3.56	51.95	3.70	8.56	31.69	61.0	2	27.6
1861.772	14.70	3.53	51.87	3.73	8.53	31.78	61.3	2	27.1
1861.917	14.84	3.48	51.67	3.73	8.47	31.61	61.2	2	27.6
1861.977	14.79	3.49	51.55	3.73	8.46	31.60	61.3	2	27.6
1862.081	14.96	3.41	51.07	3.73	8.42	31.43	61.5	2	26.6
1862.226	15.10	3.32	50.20	3.68	8.38	30.87	61.5	2	26.1
1862.286	15.11	3.28	49.55	3.67	8.35	30.64	61.8	2	26.1
1862.390	14.92	3.48	51.90	3.70	8.48	31.42	60.5	2	29.6
1862.535	12.72	4.26	54.21	3.76	8.66	32.52	60.0	2	33.6
1862.595	12.21	4.43	54.10	3.75	8.63	32.35	59.8	2	33.6
1862.699	12.68	4.31	54.64	3.81	8.71	33.16	60.7	2	29.1
1862.844	13.66	3.99	54.55	3.79	8.79	33.28	61.0	2	29.6
1862.904	13.57	3.98	53.95	3.81	8.78	33.48	62.1	2	28.6
1863.008	14.12	3.83	54.12	3.83	8.70	33.31	61.5	2	28.6
1863.153	14.27	3.75	53.56	3.89	8.54	33.25	62.1	2	28.6
1863.213	14.34	3.72	53.28	3.94	8.44	33.26	62.4	2	29.1
1863.317	14.50	3.64	52.78	3.94	8.39	33.08	62.7	2	28.1
1863.462	14.64	3.52	51.49	4.06	8.19	33.24	64.5	2	28.6
1863.522	14.88	3.39	50.48	4.18	7.93	33.14	65.6	2	29.1
1863.626	14.65	3.48	50.96	4.17	8.00	33.36	65.5	2	30.6
1863.771	13.32	4.11	54.74	4.74	7.74	36.74	67.1	2	35.6
1863.831	12.80	4.26	54.53	4.78	7.65	36.53	67.0	2	35.1
1863.935	12.54	4.40	55.22	4.85	7.49	36.31	65.8	2	35.1
1864.080	13.49	4.04	54.49	5.32	7.03	37.41	68.7	2	33.6
1864.140	13.87	3.88	53.81	5.50	6.88	37.87	70.4	2	35.1
1864.244	13.89	3.89	53.98	5.97	6.41	38.29	70.9	2	38.1
1864.389	12.71	4.31	54.75	6.28	6.39	40.13	73.3	2	39.6
1864.449	12.86	4.26	54.74	6.46	6.38	41.22	75.3	2	39.6
1864.553	12.98	4.20	54.51	6.63	6.23	41.34	75.8	2	40.1
1864.698	13.07	4.22	55.15	6.90	5.96	41.09	74.5	2	39.6
1864.758	13.36	4.16	55.54	7.03	5.87	41.27	74.3	2	40.1
1864.862	13.53	4.08	55.14	7.10	5.81	41.21	74.7	2	41.1
1865.007	13.25	4.20	55.64	7.21	5.73	41.31	74.2	2	40.6
1865.067	13.28	4.18	55.49	7.26	5.69	41.28	74.4	2	40.1
1865.171	13.37	4.14	55.40	7.25	5.62	40.73	73.5	2	40.6
1865.316	13.41	4.16	55.75	7.32	5.66	41.43	74.3	2	40.6
1865.376	13.39	4.11	55.09	7.41	5.59	41.39	75.1	2	41.6
1865.480	13.04	4.25	55.37	7.32	5.61	41.11	74.2	2	42.1
1865.625	12.81	4.34	55.56	7.33	5.65	41.40	74.5	2	41.6
1865.685	13.05	4.26	55.60	7.30	5.71	41.66	74.9	2	40.6
1865.789	13.46	4.12	55.43	7.33	5.56	40.74	73.5	2	41.6
1865.934	13.49	4.06	54.71	7.28	5.79	42.11	77.0	2	39.6
1865.994	13.40	4.08	54.63	7.25	5.81	42.17	77.2	2	41.1
1866.098	13.00	4.24	55.09	7.27	5.75	41.77	75.8	2	41.6
1866.243	13.49	4.10	55.38	7.30	5.76	42.07	76.0	2	40.1
1866.303	13.63	4.06	55.29	7.27	5.70	41.44	75.0	2	41.1
1866.407	13.15	4.25	55.88	7.18	5.88	42.22	75.6	2	42.6
1866.552	12.89	4.25	54.79	7.17	5.78	41.46	75.7	2	40.6
1866.612	12.95	4.22	54.62	7.26	5.59	40.58	74.3	2	41.1
1866.716	12.64	4.34	54.85	7.20	5.65	40.65	74.1	2	43.1
1866.861	12.99	4.31	56.03	7.21	5.62	40.53	72.3	2	39.6
1866.921	13.29	4.17	55.37	7.15	5.76	41.20	74.4	2	39.6
1867.025	13.41	4.11	55.08	7.15	5.77	41.20	74.8	2	41.1
1867.170	13.08	4.21	55.03	7.07	5.81	41.07	74.6	2	41.1
1867.230	13.27	4.17	55.29	7.14	5.74	40.98	74.1	2	40.1
1867.334	13.39	4.12	55.19	7.17	5.67	40.64	73.6	2	40.6
1867.479	13.49	4.09	55.17	7.16	5.78	41.38	75.0	2	40.1
1867.539	13.57	4.04	54.87	7.08	5.79	41.01	74.7	2	39.6
1867.643	13.53	4.04	54.69	7.08	5.86	41.46	75.8	2	40.6
1867.788	13.39	4.09	54.81	7.10	5.85	41.56	75.8	2	40.1
1867.848	13.44	4.07	54.71	7.14	5.73	40.91	74.8	2	39.6
1867.952	13.26	4.13	54.73	7.07	5.83	41.25	75.4	2	41.6
1868.097	13.23	4.16	55.04	7.06	5.78	40.80	74.1	2	39.6
1868.157	13.24	4.17	55.22	7.04	5.73	40.37	73.1	2	41.1
1868.261	12.90	4.29	55.29	7.05	5.84	41.13	74.4	2	40.6
1868.406	13.16	4.22	55.51	7.16	5.70	40.80	73.5	2	40.6
1868.466	13.07	4.22	55.20	7.07	5.73	40.50	73.4	2	41.1
1868.570	13.22	4.20	55.54	7.09	5.76	40.83	73.5	2	39.6
1868.715	13.21	4.14	54.62	7.02	5.83	40.96	75.0	2	40.6
1868.775	12.95	4.21	54.54	7.07	5.72	40.40	74.1	2	40.6
1868.879	12.85	4.28	55.02	6.98	5.80	40.46	73.5	2	41.6
1869.024	13.32	4.15	55.30	7.02	5.81	40.78	73.7	2	39.6
1869.084	13.24	4.18	55.30	6.95	5.84	40.57	73.4	2	39.6
1869.188	13.04	4.24	55.33	6.92	5.92	41.02	74.1	2	41.1
1869.333	13.34	4.11	54.87	6.92	5.82	40.29	73.4	2	38.6
1869.393	13.41	4.11	55.07	6.86	5.95	40.82	74.1	2	40.6
1869.497	12.97	4.27	55.37	6.89	5.95	41.00	74.0	2	40.6
1869.642	13.27	4.20	55.79	6.89	5.96	41.03	73.6	2	40.1
1869.702	13.27	4.20	55.70	6.89	5.87	40.50	72.7	2	39.6
1869.806	13.33	4.16	55.51	6.93	5.80	40.22	72.4	2	40.1
1869.951	13.17	4.25	55.99	6.83	6.06	41.39	73.9	2	41.6
1870.011	13.00	4.31	56.07	6.91	5.86	40.48	72.2	2	41.1
1870.115	13.08	4.28	55.97	7.00	5.83	40.84	73.0	2	40.1
1870.260	12.84	4.29	55.07	6.89	5.99	41.27	74.9	2	40.6
1870.320	12.85	4.26	54.77	6.92	5.94	41.09	75.0	2	39.6
1870.424	13.42	4.08	54.69	6.87	5.93	40.72	74.5	2	39.1
1870.569	13.52	4.07	55.07	6.93	5.93	41.12	74.7	2	39.6
1870.629	13.27	4.15	55.04	6.96	5.91	41.12	74.7	2	41.1
1870.733	12.84	4.29	55.14	6.92	5.80	40.14	72.8	2	41.1
1870.878	13.15	4.15	54.59	6.83	6.04	41.28	75.6	2	39.1
1870.938	13.22	4.12	54.45	6.77	6.06	41.07	75.4	2	38.6
1871.042	13.85	3.91	54.13	6.83	5.85	39.94	73.8	2	37.1
1871.187	13.51	4.03	54.51	6.72	6.04	40.59	74.5	2	41.6
1871.247	12.93	4.23	54.62	6.79	5.94	40.32	73.8	2	42.6
1871.351	12.72	4.31	54.75	6.76	6.01	40.60	74.2	2	38.6
1871.496	13.67	4.01	54.86	6.75	5.88	39.68	72.3	2	38.1
1871.556	13.58	4.01	54.41	6.68	6.15	41.11	75.5	2	39.6
1871.660	13.19	4.19	55.28	6.73	5.96	40.11	72.6	2	39.1
1871.805	13.16	4.22	55.50	6.76	6.08	41.14	74.1	2	39.6
1871.865	13.44	4.10	55.12	6.81	5.86	39.86	72.3	2	38.1
1871.969	13.13	4.19	54.98	6.76	5.89	39.78	72.3	2	42.1
1872.114	12.89	4.32	55.69	6.63	5.98	39.62	71.2	2	39.1
1872.174	13.19	4.19	55.28	6.84	5.83	39.86	72.1	2	40.1
1872.278	12.92	4.28	55.35	6.63	6.11	40.49	73.2	2	39.6
1872.423	13.09	4.24	55.47	6.62	6.18	40.93	73.8	2	40.1
1872.483	13.24	4.21	55.67	6.91	5.68	39.24	70.5	2	40.1
1872.587	12.89	4.30	55.41	6.70	6.29	42.15	76.1	2	40.6
1872.732	13.29	4.21	56.01	6.79	5.93	40.22	71.8	2	39.1
1872.792	13.16	4.23	55.66	6.67	6.25	41.70	74.9	2	39.1
1872.896	13.13	4.20	55.14	6.65	5.92	39.38	71.4	2	39.1
1873.041	13.55	4.07	55.12	6.85	6.06	41.52	75.3	2	41.1
1873.101	12.77	4.31	55.03	6.62	6.46	42.73	77.7	2	41.6
1873.205	12.36	4.45	54.97	6.39	6.71	42.88	78.0	2	39.6
1873.350	13.33	4.12	54.99	6.39	6.84	43.76	79.6	2	39.1
1873.410	13.40	4.07	54.57	6.51	6.79	44.17	80.9	2	39.6
1873.514	13.43	4.12	55.26	6.86	6.26	42.94	77.7	2	41.6
1873.659	12.14	4.47	54.27	6.60	5.89	38.91	71.7	2	40.1
1873.719	12.67	4.35	55.13	6.62	6.08	40.29	73.1	2	39.1
1873.823	12.84	4.33	55.62	6.48	6.16	39.89	71.7	2	39.1
1873.968	13.12	4.22	55.33	6.72	5.87	39.42	71.3	2	38.6
1874.028	13.31	4.10	54.59	6.55	6.23	40.76	74.7	2	38.1
1874.132	13.25	4.15	54.98	6.64	5.90	39.22	71.3	2	40.6
1874.277	13.19	4.21	55.46	6.65	6.01	39.97	72.1	2	39.1
1874.337	13.19	4.19	55.30	6.52	6.26	40.82	73.8	2	38.6
1874.441	13.21	4.18	55.24	6.50	6.33	41.12	74.4	2	39.1
1874.586	13.28	4.13	54.86	6.53	6.24	40.77	74.3	2	39.6
1874.646	13.03	4.22	55.04	6.56	6.04	39.64	72.0	2	40.1
1874.750	13.16	4.20	55.29	6.67	5.91	39.40	71.3	2	38.6
1874.895	12.98	4.27	55.37	6.51	6.26	40.77	73.6	2	39.1
1874.955	13.28	4.14	54.95	6.73	5.88	39.59	72.0	2	38.6
1875.059	13.10	4.21	55.15	6.52	6.10	39.76	72.1	2	38.6
1875.204	13.32	4.15	55.24	6.57	6.17	40.55	73.4	2	39.6
1875.264	12.96	4.26	55.26	6.49	6.20	40.21	72.8	2	40.1
1875.368	13.08	4.24	55.39	6.49	6.26	40.60	73.3	2	39.1
1875.513	12.95	4.32	55.98	6.57	6.07	39.89	71.3	2	38.6
1875.573	12.99	4.29	55.68	6.54	6.12	40.05	71.9	2	39.1
1875.677	13.16	4.24	55.77	6.55	6.19	40.56	72.7	2	39.1
1875.822	13.41	4.07	54.62	6.51	6.18	40.21	73.6	2	38.6
1875.882	13.58	4.03	54.74	6.63	6.10	40.45	73.9	2	39.1
1875.986	13.18	4.22	55.61	6.53	6.25	40.85	73.5	2	39.6
1876.131	13.25	4.18	55.33	6.52	6.20	40.41	73.0	2	38.1
1876.191	13.29	4.12	54.69	6.44	6.29	40.51	74.1	2	37.1
1876.295	13.58	3.97	53.98	6.44	6.21	39.99	74.1	2	36.6
1876.440	13.29	4.14	55.03	6.44	6.18	39.79	72.3	2	38.6
1876.500	13.26	4.15	55.00	6.51	6.09	39.60	72.0	2	39.6
1876.604	13.10	4.19	54.93	6.53	6.06	39.57	72.0	2	38.1
1876.749	13.46	4.14	55.68	6.48	6.15	39.84	71.5	2	39.1
1876.809	13.05	4.24	55.32	6.46	6.21	40.09	72.5	2	40.6
1876.913	12.69	4.34	55.05	6.47	6.14	39.70	72.1	2	39.1
1877.058	13.19	4.16	54.88	6.47	6.11	39.53	72.0	2	38.1
1877.118	13.21	4.15	54.77	6.43	6.24	40.15	73.3	2	38.6
1877.222	13.16	4.18	55.04	6.51	6.20	40.40	73.4	2	39.1
1877.367	13.55	4.08	55.36	6.38	6.30	40.15	72.5	2	36.6
1877.427	13.69	4.00	54.77	6.43	6.19	39.76	72.6	2	37.1
1877.531	13.20	4.19	55.25	6.31	6.35	40.07	72.5	2	39.1
1877.676	13.27	4.14	54.96	6.36	6.26	39.81	72.4	2	37.1
1877.736	13.40	4.09	54.79	6.38	6.26	39.93	72.9	2	38.6
1877.840	12.95	4.27	55.31	6.43	6.22	39.98	72.3	2	39.6
1877.985	12.97	4.27	55.37	6.45	6.23	40.17	72.5	2	38.6
1878.045	13.08	4.24	55.42	6.46	6.27	40.53	73.1	2	39.1
1878.149	13.05	4.26	55.64	6.44	6.32	40.71	73.2	2	39.6
1878.294	13.24	4.14	54.78	6.41	6.30	40.33	73.6	2	38.6
1878.354	13.03	4.21	54.87	6.33	6.37	40.30	73.4	2	38.6
1878.458	13.14	4.19	55.03	6.40	6.26	40.08	72.8	2	38.1
1878.603	13.60	4.03	54.81	6.41	6.19	39.70	72.4	2	38.1
1878.663	13.61	4.06	55.26	6.42	6.19	39.80	72.0	2	38.1
1878.767	13.21	4.23	55.92	6.42	6.12	39.26	70.2	2	40.6
1878.912	13.16	4.19	55.20	6.36	6.25	39.70	71.9	2	37.6
1878.972	13.39	4.13	55.37	6.23	6.36	39.62	71.6	2	36.6
1879.076	13.13	4.19	55.06	6.32	6.30	39.79	72.3	2	39.1
1879.221	13.12	4.23	55.44	6.24	6.41	40.01	72.2	2	38.6
1879.281	13.11	4.23	55.47	6.27	6.44	40.39	72.8	2	38.6
1879.385	13.17	4.18	55.09	6.28	6.35	39.88	72.4	2	39.1
1879.530	13.78	4.02	55.42	6.23	6.40	39.90	72.0	2	36.6
1879.590	13.91	3.88	54.05	6.21	6.42	39.91	73.8	2	37.6
1879.694	13.37	4.13	55.20	6.28	6.26	39.32	71.2	2	39.1
1879.839	12.98	4.29	55.71	6.20	6.37	39.53	71.0	2	39.1
1879.899	13.24	4.20	55.60	6.34	6.30	39.94	71.8	2	38.6
1880.003	13.21	4.19	55.31	6.32	6.22	39.32	71.1	2	38.6
1880.148	13.10	4.21	55.17	6.38	6.20	39.57	71.7	2	37.6
1880.208	12.93	4.26	55.07	6.19	6.38	39.48	71.7	2	38.1
1880.312	13.18	4.21	55.52	6.28	6.32	39.69	71.5	2	39.1
1880.457	13.03	4.31	56.13	6.24	6.38	39.80	70.9	2	38.6
1880.517	12.87	4.33	55.78	6.19	6.37	39.43	70.7	2	38.6
1880.621	13.09	4.23	55.39	6.24	6.40	39.90	72.0	2	37.6
1880.766	13.56	4.08	55.27	6.33	6.24	39.46	71.4	2	38.6
1880.826	13.59	4.08	55.51	6.28	6.30	39.61	71.3	2	36.6
1880.930	13.47	4.09	55.08	6.29	6.28	39.52	71.8	2	38.6
1881.075	12.97	4.22	54.70	6.21	6.42	39.92	73.0	2	37.6
1881.135	13.50	4.07	54.98	6.19	6.41	39.66	72.1	2	36.6
1881.239	13.66	3.98	54.33	6.28	6.26	39.36	72.4	2	39.1
1881.384	12.77	4.30	54.94	6.18	6.51	40.23	73.2	2	40.1
1881.444	12.44	4.42	55.00	6.07	6.47	39.27	71.4	2	38.6
1881.548	13.08	4.21	55.09	6.05	6.47	39.16	71.1	2	36.6
1881.693	13.69	4.04	55.29	6.12	6.41	39.27	71.0	2	38.6
1881.753	13.21	4.20	55.48	6.03	6.53	39.41	71.0	2	38.1
1881.857	13.03	4.24	55.32	6.11	6.46	39.51	71.4	2	38.6
1882.002	13.02	4.27	55.60	6.11	6.48	39.60	71.2	2	38.1
1882.062	12.98	4.30	55.77	6.06	6.51	39.49	70.8	2	38.1
1882.166	13.22	4.19	55.44	6.12	6.45	39.50	71.2	2	37.6
1882.311	12.94	4.29	55.46	6.01	6.57	39.47	71.2	2	39.1
1882.371	12.72	4.31	54.77	6.09	6.52	39.70	72.5	2	39.1
1882.475	12.47	4.39	54.76	6.01	6.55	39.33	71.8	2	38.1
1882.620	13.50	4.09	55.20	6.03	6.52	39.31	71.2	2	35.6
1882.680	13.84	3.98	55.06	6.07	6.40	38.81	70.5	2	36.1
1882.784	13.79	3.96	54.68	5.97	6.65	39.69	72.6	2	36.1
1882.929	13.70	4.05	55.50	6.10	6.43	39.27	70.8	2	38.6
1882.989	13.45	4.09	54.99	6.12	6.39	39.09	71.1	2	38.1
1883.093	13.00	4.24	55.09	6.10	6.29	38.40	69.7	2	38.1
1883.238	13.11	4.21	55.22	5.97	6.60	39.43	71.4	2	36.6
1883.298	13.38	4.11	54.96	6.07	6.57	39.83	72.5	2	38.1
1883.402	13.10	4.17	54.63	6.15	6.49	39.92	73.1	2	38.1
1883.547	12.94	4.27	55.24	6.09	6.54	39.79	72.0	2	38.1
1883.607	12.84	4.35	55.85	6.00	6.48	38.89	69.6	2	39.1
1883.711	12.84	4.32	55.42	6.03	6.59	39.77	71.8	2	37.6
1883.856	13.08	4.24	55.46	6.08	6.51	39.55	71.3	2	38.1
1883.916	13.28	4.14	55.02	6.17	6.49	40.08	72.8	2	38.1
1884.020	13.04	4.25	55.48	6.05	6.47	39.13	70.5	2	36.6
1884.165	13.32	4.20	55.90	6.11	6.53	39.89	71.3	2	38.1
1884.225	12.97	4.25	55.14	6.06	6.49	39.29	71.2	2	38.6
1884.329	13.16	4.21	55.42	6.15	6.38	39.21	70.7	2	37.6
1884.474	13.48	4.12	55.49	6.03	6.55	39.48	71.2	2	35.6
1884.534	13.59	4.03	54.81	6.08	6.43	39.07	71.3	2	37.1
1884.638	13.03	4.23	55.12	5.97	6.51	38.85	70.5	2	40.1
1884.783	12.75	4.33	55.14	6.07	6.50	39.44	71.5	2	37.1
1884.843	13.00	4.24	55.08	6.03	6.49	39.09	71.0	2	38.1
1884.947	13.29	4.16	55.25	6.12	6.38	39.02	70.6	2	37.1
1885.092	13.15	4.26	56.02	6.05	6.62	40.04	71.5	2	39.1
1885.152	12.88	4.28	55.16	6.07	6.42	38.99	70.7	2	37.1
1885.256	13.38	4.16	55.65	6.02	6.53	39.31	70.6	2	36.1
1885.401	13.37	4.17	55.74	6.03	6.54	39.42	70.7	2	38.1
1885.461	13.16	4.26	56.03	6.00	6.58	39.50	70.5	2	38.1
1885.565	13.06	4.26	55.64	6.03	6.47	39.01	70.1	2	37.1
1885.710	13.12	4.26	55.88	6.01	6.61	39.76	71.1	2	38.1
1885.770	13.27	4.21	55.85	6.02	6.57	39.59	70.9	2	37.6
1885.874	12.92	4.32	55.79	6.04	6.39	38.62	69.2	2	38.6
1886.019	12.77	4.34	55.41	6.07	6.43	39.01	70.4	2	38.6
1886.079	12.97	4.30	55.84	6.02	6.55	39.45	70.6	2	37.1
1886.183	13.09	4.22	55.29	6.12	6.38	39.03	70.6	2	38.1
1886.328	13.11	4.24	55.60	6.07	6.45	39.16	70.4	2	39.1
1886.388	12.83	4.33	55.61	6.08	6.38	38.78	69.7	2	40.6
1886.492	12.63	4.35	54.97	6.06	6.45	39.12	71.2	2	36.6
1886.637	13.33	4.12	54.95	5.99	6.59	39.49	71.9	2	38.1
1886.697	13.28	4.13	54.85	6.10	6.41	39.11	71.3	2	38.1
1886.801	12.82	4.29	55.02	5.95	6.57	39.11	71.1	2	37.6
1886.946	13.39	4.14	55.39	5.97	6.63	39.59	71.5	2	37.1
1887.006	13.60	4.07	55.33	6.05	6.47	39.17	70.8	2	37.6
1887.110	12.86	4.32	55.62	5.95	6.54	38.91	70.0	2	38.6
1887.255	13.00	4.27	55.53	5.89	6.56	38.64	69.6	2	38.1
1887.315	12.92	4.27	55.13	6.04	6.44	38.95	70.6	2	38.6
1887.419	12.93	4.25	55.03	6.00	6.52	39.08	71.0	2	38.1
1887.564	12.75	4.34	55.41	5.94	6.59	39.14	70.6	2	36.6
1887.624	13.03	4.24	55.22	6.01	6.52	39.16	70.9	2	38.6
1887.728	13.11	4.20	55.14	6.01	6.53	39.25	71.2	2	38.1
1887.873	13.22	4.16	55.03	5.98	6.54	39.11	71.1	2	37.1
1887.933	13.26	4.18	55.36	5.99	6.55	39.19	70.8	2	38.6
1888.037	12.87	4.28	55.13	5.96	6.58	39.19	71.1	2	37.6
1888.182	13.24	4.17	55.14	5.95	6.67	39.66	71.9	2	37.6
1888.242	13.23	4.20	55.63	5.97	6.64	39.64	71.3	2	37.6
1888.346	13.14	4.21	55.35	5.95	6.65	39.61	71.6	2	37.1
1888.491	13.62	4.01	54.61	5.91	6.69	39.53	72.4	2	36.1
1888.551	13.49	4.08	54.99	5.86	6.72	39.40	71.6	2	37.6
1888.655	13.49	4.11	55.38	5.88	6.66	39.16	70.7	2	38.1
1888.800	13.27	4.22	56.02	5.92	6.64	39.36	70.3	2	37.6
1888.860	13.17	4.23	55.66	5.87	6.70	39.34	70.7	2	37.6
1888.964	12.85	4.31	55.37	5.85	6.73	39.34	71.0	2	37.6
1889.109	13.53	4.09	55.38	5.92	6.63	39.23	70.8	2	35.6
1889.169	13.73	4.01	55.10	5.92	6.68	39.54	71.8	2	36.6
1889.273	13.00	4.26	55.32	5.83	6.67	38.88	70.3	2	38.1
1889.418	13.03	4.25	55.39	5.93	6.63	39.34	71.0	2	37.1
1889.478	13.18	4.17	54.98	5.96	6.60	39.36	71.6	2	37.1
1889.582	12.88	4.29	55.26	5.86	6.68	39.14	70.8	2	38.6
1889.727	12.73	4.31	54.86	5.84	6.70	39.17	71.4	2	36.6
1889.787	13.21	4.17	55.14	5.90	6.62	39.10	70.9	2	36.6
1889.891	13.15	4.21	55.44	5.92	6.64	39.32	70.9	2	37.1
1890.036	13.13	4.21	55.27	5.89	6.57	38.71	70.0	2	37.6
1890.096	13.09	4.23	55.43	5.94	6.49	38.55	69.5	2	36.6
1890.200	12.74	4.29	54.64	5.97	6.53	39.04	71.5	2	38.1
1890.345	12.78	4.28	54.75	5.84	6.67	38.96	71.2	2	37.1
1890.405	12.86	4.25	54.63	5.81	6.70	38.93	71.3	2	36.6
1890.509	13.37	4.12	55.16	5.86	6.66	39.07	70.8	2	37.6
1890.654	12.63	4.39	55.39	5.80	6.58	38.19	68.9	2	38.1
1890.714	12.85	4.28	55.03	5.89	6.48	38.19	69.4	2	37.1
1890.818	13.21	4.14	54.72	5.95	6.54	38.91	71.1	2	35.6
1890.963	13.54	4.06	54.97	5.88	6.64	39.08	71.1	2	37.6
1891.023	13.18	4.22	55.61	5.91	6.59	38.99	70.1	2	38.6
1891.127	12.99	4.27	55.52	5.84	6.63	38.72	69.7	2	37.1
1891.272	12.93	4.23	54.66	5.89	6.58	38.76	70.9	2	36.6
1891.332	13.35	4.10	54.67	5.92	6.54	38.67	70.7	2	36.6
1891.436	13.69	4.00	54.70	5.90	6.56	38.71	70.8	2	35.6
1891.581	13.24	4.13	54.65	5.78	6.69	38.65	70.7	2	38.1
1891.641	12.83	4.27	54.77	5.77	6.66	38.45	70.2	2	39.1
1891.745	13.19	4.22	55.65	5.84	6.64	38.78	69.7	2	36.6
1891.890	13.43	4.13	55.46	5.89	6.75	39.76	71.7	2	37.1
1891.950	13.20	4.20	55.42	5.84	6.74	39.36	71.0	2	38.1
1892.054	12.94	4.27	55.27	5.91	6.57	38.81	70.2	2	37.6
1892.199	13.02	4.17	54.24	5.85	6.64	38.87	71.7	2	35.6
1892.259	12.95	4.17	53.93	5.82	6.67	38.79	71.9	2	38.1
1892.363	12.77	4.29	54.80	5.76	6.73	38.77	70.7	2	36.6
1892.508	13.68	4.03	55.18	5.91	6.58	38.87	70.4	2	36.1
1892.568	13.54	4.10	55.55	5.87	6.71	39.39	70.9	2	37.6
1892.672	13.12	4.22	55.33	5.89	6.64	39.14	70.7	2	38.1
1892.817	12.93	4.31	55.68	5.85	6.65	38.93	69.9	2	37.1
1892.877	13.07	4.24	55.39	5.83	6.65	38.79	70.0	2	36.6
1892.981	12.98	4.24	55.03	5.80	6.70	38.86	70.6	2	36.1
1893.126	12.97	4.26	55.26	5.80	6.67	38.67	70.0	2	38.6
1893.186	12.71	4.36	55.45	5.79	6.60	38.20	68.9	2	37.6
1893.290	13.24	4.16	55.12	5.83	6.68	38.98	70.7	2	37.1
1893.435	13.32	4.20	55.88	5.83	6.64	38.71	69.3	2	36.6
1893.495	13.21	4.20	55.43	5.82	6.67	38.82	70.0	2	37.6
1893.599	12.76	4.34	55.40	5.74	6.77	38.85	70.1	2	37.6
1893.744	13.03	4.29	55.96	5.79	6.67	38.64	69.0	2	37.1
1893.804	13.00	4.30	55.83	5.81	6.71	39.00	69.9	2	38.6
1893.908	12.96	4.27	55.32	5.84	6.67	38.96	70.4	2	37.6
1894.053	13.25	4.17	55.23	5.91	6.65	39.32	71.2	2	37.1
1894.113	12.93	4.28	55.27	5.85	6.66	38.99	70.5	2	38.1
1894.217	13.05	4.27	55.69	5.79	6.73	39.00	70.0	2	37.1
1894.362	13.30	4.21	55.94	5.81	6.72	39.03	69.8	2	36.1
1894.422	13.44	4.12	55.38	5.74	6.76	38.80	70.1	2	36.6
1894.526	13.20	4.19	55.33	5.75	6.76	38.85	70.2	2	37.1
1894.671	13.51	4.11	55.50	5.69	6.78	38.62	69.6	2	36.1
1894.731	13.34	4.11	54.86	5.73	6.73	38.61	70.4	2	37.6
1894.835	13.33	4.14	55.17	5.76	6.70	38.56	69.9	2	37.1
1894.980	13.14	4.14	54.41	5.73	6.72	38.51	70.8	2	36.6
1895.040	13.12	4.16	54.57	5.77	6.63	38.25	70.1	2	36.6
1895.144	13.02	4.24	55.20	5.74	6.72	38.57	69.9	2	38.6
1895.289	12.83	4.29	55.09	5.79	6.67	38.60	70.1	2	37.1
1895.349	13.27	4.14	54.96	5.83	6.63	38.63	70.3	2	36.6
1895.453	13.33	4.11	54.74	5.76	6.67	38.41	70.2	2	36.6
1895.598	12.89	4.30	55.38	5.75	6.73	38.71	69.9	2	38.1
1895.658	12.95	4.27	55.28	5.86	6.61	38.71	70.0	2	37.6
1895.762	12.94	4.26	55.15	5.78	6.67	38.50	69.8	2	37.6
1895.907	12.92	4.25	54.98	5.76	6.70	38.59	70.2	2	38.1
1895.967	12.88	4.27	55.03	5.72	6.77	38.75	70.4	2	36.1
1896.071	13.16	4.22	55.45	5.75	6.78	38.98	70.3	2	38.1
1896.216	12.71	4.30	54.68	5.78	6.72	38.79	70.9	2	37.1
1896.276	12.62	4.38	55.26	5.74	6.71	38.55	69.8	2	38.6
1896.380	12.71	4.31	54.77	5.68	6.83	38.79	70.8	2	37.6
1896.525	13.50	4.07	54.92	5.66	6.86	38.84	70.7	2	37.1
1896.585	13.28	4.05	53.81	5.73	6.69	38.31	71.2	2	35.6
1896.689	13.65	3.96	54.07	5.58	6.89	38.49	71.2	2	36.1
1896.834	13.18	4.20	55.36	5.74	6.72	38.55	69.6	2	36.1
1896.894	13.27	4.16	55.23	5.76	6.72	38.70	70.1	2	37.1
1896.998	13.06	4.24	55.40	5.65	6.89	38.96	70.3	2	37.1
1897.143	12.99	4.28	55.56	5.69	6.81	38.77	69.8	2	37.6
1897.203	12.94	4.30	55.63	5.66	6.86	38.79	69.7	2	38.1
1897.307	13.15	4.18	54.97	5.76	6.65	38.32	69.7	2	36.1
1897.452	13.21	4.23	55.80	5.72	6.83	39.04	70.0	2	37.6
1897.512	13.13	4.23	55.59	5.73	6.86	39.35	70.8	2	37.6
1897.616	13.17	4.21	55.42	5.75	6.70	38.57	69.6	2	36.6
1897.761	13.33	4.12	54.84	5.80	6.74	39.08	71.3	2	37.1
1897.821	13.20	4.16	54.95	5.80	6.65	38.59	70.2	2	36.6
1897.925	13.09	4.19	54.86	5.68	6.80	38.62	70.4	2	36.6
1898.070	13.05	4.25	55.45	5.77	6.73	38.83	70.0	2	37.1
1898.130	12.83	4.31	55.35	5.66	6.84	38.70	69.9	2	37.6
1898.234	12.99	4.26	55.33	5.78	6.62	38.26	69.2	2	36.6
1898.379	13.41	4.14	55.48	5.81	6.72	39.02	70.3	2	36.6
1898.439	13.26	4.19	55.52	5.69	6.75	38.40	69.2	2	37.1
1898.543	13.72	4.04	55.38	5.76	6.70	38.59	69.7	2	36.1
1898.688	13.00	4.25	55.25	5.63	6.78	38.17	69.1	2	37.1
1898.748	12.72	4.33	55.04	5.55	6.83	37.92	68.9	2	37.1
1898.852	12.97	4.25	55.18	5.60	6.83	38.26	69.3	2	35.6
1898.997	13.84	3.91	54.18	5.79	6.67	38.65	71.3	2	35.6
1899.057	13.42	4.10	54.95	5.68	6.75	38.34	69.8	2	38.1
1899.161	12.74	4.36	55.49	5.60	6.79	38.07	68.6	2	38.1
1899.306	12.48	4.39	54.76	5.53	6.79	37.53	68.5	2	36.1
1899.366	13.15	4.17	54.89	5.74	6.66	38.24	69.7	2	36.6
1899.470	13.40	4.11	55.11	5.69	6.69	38.11	69.1	2	36.1
1899.615	13.44	4.10	55.18	5.74	6.74	38.69	70.1	2	37.6
1899.675	12.75	4.29	54.76	5.48	6.94	38.04	69.5	2	36.6
1899.779	12.79	4.30	55.00	5.48	7.05	38.65	70.3	2	37.1
1899.924	13.26	4.11	54.55	5.55	7.00	38.80	71.1	2	35.1
1899.984	13.61	3.99	54.31	5.69	6.74	38.36	70.6	2	36.1
1900.088	12.93	4.25	55.03	5.54	6.72	37.28	67.7	2	37.1
1900.233	12.79	4.32	55.27	5.48	7.02	38.48	69.6	2	35.1
1900.293	13.42	4.11	55.20	5.65	6.75	38.13	69.1	2	36.1
1900.397	13.35	4.14	55.23	5.57	6.91	38.50	69.7	2	36.1
1900.542	13.00	4.23	55.00	5.50	6.95	38.25	69.5	2	36.6
1900.602	13.38	4.11	54.96	5.80	6.65	38.61	70.2	2	37.6
1900.706	12.58	4.37	54.91	5.43	7.12	38.65	70.4	2	36.6
1900.851	13.52	4.07	55.04	5.82	6.60	38.40	69.8	2	38.1
1900.911	12.79	4.30	54.99	5.51	7.11	39.16	71.2	2	38.1
1901.015	12.78	4.32	55.18	5.28	7.19	37.97	68.8	2	34.6
1901.160	13.41	4.10	55.04	5.64	6.49	36.60	66.5	2	37.6
1901.220	13.19	4.19	55.19	5.79	6.47	37.48	67.9	2	38.1
1901.324	13.07	4.20	54.91	5.96	6.44	38.35	69.8	2	36.6
1901.469	13.40	4.13	55.31	5.90	6.47	38.17	69.0	2	37.1
1901.529	13.26	4.18	55.40	5.93	6.44	38.17	68.9	2	37.6
1901.633	13.00	4.25	55.31	5.86	6.43	37.67	68.1	2	36.6
1901.778	13.77	3.99	54.91	5.82	6.20	36.07	65.7	2	35.1
1901.838	13.73	3.99	54.85	5.79	6.24	36.14	65.9	2	35.6
1901.942	13.38	4.11	55.01	5.77	6.27	36.16	65.7	2	37.1
1902.087	12.90	4.34	55.92	5.74	6.11	35.08	62.7	2	37.1
1902.147	12.88	4.33	55.78	5.57	6.39	35.60	63.8	2	35.6
1902.251	13.05	4.23	55.25	5.25	7.15	37.56	68.0	2	35.6
1902.396	13.34	4.13	55.08	5.71	6.90	39.40	71.5	2	37.6
1902.456	13.19	4.18	55.19	5.79	6.76	39.17	71.0	2	36.6
1902.560	12.82	4.31	55.29	5.45	6.85	37.37	67.6	2	36.6
1902.705	13.20	4.16	54.87	5.68	6.91	39.30	71.6	2	36.1
1902.765	13.32	4.17	55.52	5.72	6.64	37.95	68.3	2	37.1
1902.869	12.94	4.28	55.38	5.35	7.19	38.44	69.4	2	34.6
1903.014	13.27	4.16	55.19	5.67	6.64	37.67	68.3	2	38.1
1903.074	12.60	4.35	54.80	5.36	6.93	37.16	67.8	2	36.6
1903.178	13.31	4.12	54.87	5.61	6.79	38.11	69.4	2	36.1
1903.323	13.26	4.15	55.04	5.42	7.13	38.66	70.2	2	36.1
1903.383	13.63	4.04	55.04	5.65	6.86	38.79	70.5	2	37.1
1903.487	12.94	4.28	55.33	5.44	6.87	37.36	67.5	2	36.1
1903.632	13.57	4.01	54.46	5.62	6.86	38.56	70.8	2	36.1
1903.692	13.25	4.10	54.35	5.62	6.67	37.48	69.0	2	37.1
1903.796	13.00	4.17	54.18	5.43	7.04	38.23	70.6	2	34.6
1903.941	13.08	4.22	55.17	5.31	6.97	37.00	67.1	2	36.6
1904.001	13.14	4.20	55.14	5.46	7.02	38.36	69.6	2	37.6
1904.105	12.78	4.32	55.22	5.42	6.91	37.47	67.8	2	36.6
1904.250	12.95	4.30	55.71	5.39	6.92	37.33	67.0	2	36.6
1904.310	12.90	4.29	55.34	5.34	7.23	38.61	69.8	2	36.1
1904.414	13.29	4.18	55.56	5.67	6.70	37.96	68.3	2	37.6
1904.559	13.36	4.14	55.30	5.65	6.87	38.82	70.2	2	35.6
1904.619	13.14	4.17	54.80	5.49	6.94	38.11	69.5	2	34.6
1904.723	13.53	4.06	54.90	5.61	6.92	38.81	70.7	2	36.1
1904.868	13.31	4.17	55.57	5.42	7.10	38.47	69.2	2	35.6
1904.928	13.50	4.04	54.58	5.67	6.85	38.81	71.1	2	36.6
1905.032	12.44	4.38	54.48	5.35	7.00	37.46	68.8	2	37.6
1905.177	13.20	4.17	55.09	5.42	7.02	38.02	69.0	2	33.6
1905.237	13.64	3.99	54.45	5.44	7.01	38.11	70.0	2	35.1
1905.341	13.15	4.17	54.86	5.32	7.09	37.72	68.8	2	36.6
1905.486	12.81	4.30	55.03	5.39	7.07	38.14	69.3	2	36.1
1905.546	13.08	4.14	54.11	5.61	6.90	38.71	71.5	2	36.1
1905.650	12.96	4.25	55.08	5.38	7.15	38.49	69.9	2	36.1
1905.795	13.03	4.25	55.33	5.43	6.93	37.68	68.1	2	35.6
1905.855	13.20	4.20	55.44	5.32	7.21	38.34	69.2	2	35.6
1905.959	13.07	4.21	55.07	5.63	6.66	37.49	68.1	2	37.6
1906.104	13.28	4.13	54.81	5.46	7.04	38.44	70.1	2	35.1
1906.164	13.41	4.06	54.45	5.61	6.75	37.87	69.5	2	36.1
1906.268	13.06	4.22	55.13	5.39	7.10	38.23	69.3	2	36.1
1906.413	13.28	4.19	55.62	5.58	6.75	37.65	67.7	2	37.1
1906.473	12.68	4.34	55.01	5.31	7.01	37.17	67.6	2	36.1
1906.577	13.27	4.13	54.78	5.57	6.94	38.68	70.6	2	37.1
1906.722	12.97	4.23	54.93	5.37	7.17	38.46	70.0	2	35.1
1906.782	13.26	4.11	54.45	5.56	6.92	38.50	70.7	2	37.1
1906.886	12.48	4.38	54.59	5.32	6.94	36.92	67.6	2	36.6
1907.031	13.19	4.18	55.17	5.38	7.06	37.94	68.8	2	35.1
1907.091	13.34	4.15	55.36	5.54	6.98	38.70	69.9	2	37.1
1907.195	12.81	4.27	54.70	5.38	7.13	38.38	70.2	2	36.6
1907.340	13.16	4.17	54.86	5.41	7.12	38.48	70.1	2	35.1
1907.400	13.46	4.07	54.72	5.56	6.84	38.04	69.5	2	36.1
1907.504	13.17	4.18	55.08	5.46	7.05	38.50	69.9	2	36.6
1907.649	13.00	4.23	54.93	5.54	6.80	37.68	68.6	2	36.6
1907.709	12.92	4.25	54.96	5.43	7.02	38.13	69.4	2	35.6
1907.813	13.02	4.23	55.04	5.43	7.05	38.30	69.6	2	37.1
1907.958	12.94	4.24	54.86	5.48	6.90	37.82	68.9	2	36.6
1908.018	12.71	4.31	54.75	5.30	7.14	37.85	69.1	2	35.6
1908.122	13.20	4.17	55.10	5.36	7.05	37.81	68.6	2	34.1
1908.267	13.77	4.02	55.32	5.53	6.96	38.43	69.5	2	36.1
1908.327	13.11	4.22	55.31	5.39	6.92	37.27	67.4	2	36.6
1908.431	12.86	4.29	55.16	5.38	7.01	37.68	68.3	2	35.1
1908.576	13.57	4.03	54.71	5.45	7.04	38.38	70.1	2	35.6
1908.636	13.18	4.18	55.10	5.34	7.06	37.69	68.4	2	36.6
1908.740	13.22	4.18	55.21	5.45	6.96	37.97	68.8	2	35.6
1908.885	13.70	3.97	54.39	5.49	6.85	37.58	69.1	2	36.1
1908.945	13.55	4.10	55.53	5.53	6.96	38.48	69.3	2	35.6
1909.049	13.31	4.15	55.26	5.47	6.87	37.55	68.0	2	35.1
1909.194	13.13	4.27	56.07	5.38	6.97	37.48	66.8	2	36.1
1909.254	12.98	4.30	55.86	5.25	7.16	37.58	67.3	2	35.1
1909.358	13.45	4.09	55.02	5.43	6.99	37.96	69.0	2	33.6
1909.503	13.68	4.03	55.17	5.48	6.96	38.17	69.2	2	36.1
1909.563	13.16	4.21	55.44	5.35	7.06	37.78	68.2	2	37.1
1909.667	13.13	4.16	54.61	5.42	6.99	37.92	69.4	2	34.1
1909.812	13.19	4.16	54.88	5.46	7.00	38.17	69.6	2	36.6
1909.872	12.94	4.23	54.71	5.40	6.98	37.70	68.9	2	35.6
1909.976	13.20	4.17	55.01	5.39	6.95	37.52	68.2	2	35.6
1910.121	13.50	4.12	55.61	5.37	7.01	37.62	67.7	2	36.1
1910.181	13.19	4.21	55.57	5.32	7.12	37.88	68.2	2	36.6
1910.285	13.09	4.21	55.15	5.41	6.96	37.65	68.3	2	35.6
1910.430	13.12	4.20	55.17	5.38	7.02	37.77	68.5	2	36.1
1910.490	13.17	4.19	55.12	5.35	7.04	37.67	68.4	2	35.1
1910.594	13.48	4.05	54.64	5.33	7.03	37.51	68.7	2	35.1
1910.739	13.24	4.18	55.32	5.36	7.05	37.73	68.2	2	34.6
1910.799	13.37	4.12	55.15	5.35	7.11	38.06	69.0	2	35.1
1910.903	13.21	4.13	54.57	5.32	7.08	37.69	69.1	2	35.6
1911.048	13.20	4.16	54.91	5.43	7.02	38.13	69.4	2	35.6
1911.108	13.25	4.17	55.21	5.37	7.03	37.73	68.3	2	34.6
1911.212	13.29	4.17	55.46	5.36	7.11	38.12	68.7	2	36.6
1911.357	12.82	4.31	55.23	5.32	7.10	37.78	68.4	2	35.6
1911.417	12.81	4.33	55.50	5.19	7.28	37.81	68.1	2	35.1
1911.521	13.30	4.18	55.56	5.34	7.06	37.65	67.8	2	35.6
1911.666	13.23	4.20	55.49	5.38	7.05	37.93	68.4	2	37.1
1911.726	12.90	4.31	55.56	5.24	7.09	37.13	66.8	2	35.6
1911.830	13.22	4.18	55.31	5.40	7.01	37.87	68.5	2	36.1
1911.975	13.13	4.23	55.52	5.34	7.02	37.49	67.5	2	36.1
1912.035	12.83	4.30	55.18	5.18	7.18	37.20	67.4	2	35.1
1912.139	13.37	4.12	55.10	5.26	7.12	37.41	67.9	2	34.1
1912.284	13.20	4.18	55.13	5.26	7.10	37.31	67.7	2	36.6
1912.344	13.09	4.18	54.73	5.38	7.00	37.65	68.8	2	36.1
1912.448	12.64	4.36	55.10	5.21	7.07	36.85	66.9	2	36.6
1912.593	13.17	4.22	55.62	5.36	7.00	37.50	67.4	2	35.6
1912.653	13.04	4.24	55.29	5.36	7.02	37.63	68.1	2	37.1
1912.757	12.78	4.30	54.98	5.28	7.14	37.73	68.6	2	36.1
1912.902	12.93	4.27	55.16	5.28	7.18	37.91	68.7	2	35.6
1912.962	13.12	4.22	55.34	5.32	7.16	38.09	68.8	2	35.1
1913.066	13.57	4.05	55.00	5.31	7.05	37.41	68.0	2	33.6
1913.211	13.54	4.06	55.01	5.40	7.02	37.89	68.9	2	36.6
1913.271	13.07	4.21	54.98	5.36	7.01	37.59	68.4	2	37.6
1913.375	12.66	4.32	54.71	5.29	7.08	37.43	68.4	2	35.6
1913.520	13.35	4.12	55.04	5.31	7.10	37.69	68.5	2	35.1
1913.580	13.37	4.11	54.97	5.35	7.13	38.16	69.4	2	35.1
1913.684	13.29	4.17	55.39	5.30	7.14	37.82	68.3	2	36.6
1913.829	12.91	4.27	55.07	5.37	7.12	38.26	69.5	2	37.6
1913.889	12.71	4.32	54.95	5.35	7.08	37.89	68.9	2	36.1
1913.993	13.02	4.22	54.99	5.28	7.05	37.22	67.7	2	35.1
1914.138	13.24	4.14	54.86	5.35	7.08	37.86	69.0	2	35.1
1914.198	13.52	4.05	54.74	5.34	7.04	37.58	68.6	2	35.1
1914.302	13.18	4.18	55.15	5.30	7.08	37.50	68.0	2	35.6
1914.447	13.38	4.13	55.33	5.33	7.14	38.02	68.7	2	33.6
1914.507	13.46	4.01	53.96	5.33	7.02	37.46	69.4	2	33.1
1914.611	13.91	3.89	54.05	5.29	7.01	37.05	68.6	2	35.6
1914.756	13.00	4.25	55.17	5.34	7.06	37.69	68.3	2	37.1
1914.816	12.94	4.25	54.99	5.36	6.97	37.35	67.9	2	36.1
1914.920	12.93	4.28	55.30	5.30	7.11	37.66	68.1	2	36.1
1915.065	13.19	4.18	55.09	5.39	7.01	37.83	68.7	2	35.1
1915.125	13.30	4.13	54.96	5.39	6.95	37.48	68.2	2	36.1
1915.229	12.82	4.28	54.91	5.30	7.14	37.87	69.0	2	36.1
1915.374	13.37	4.07	54.40	5.40	7.00	37.77	69.4	2	34.6
1915.434	13.39	4.11	55.00	5.36	6.96	37.34	67.9	2	34.6
1915.538	13.42	4.09	54.91	5.33	7.07	37.69	68.6	2	36.6
1915.683	12.76	4.28	54.61	5.31	7.12	37.82	69.3	2	36.1
1915.743	12.97	4.25	55.16	5.30	7.07	37.49	68.0	2	34.1
1915.847	13.27	4.13	54.75	5.28	7.12	37.60	68.7	2	35.1
1915.992	13.43	4.16	55.81	5.25	7.28	38.23	68.5	2	35.1
1916.052	13.31	4.17	55.46	5.28	7.14	37.67	67.9	2	34.6
1916.156	13.20	4.20	55.49	5.23	7.12	37.24	67.1	2	36.1
1916.301	13.03	4.22	54.97	5.38	7.05	37.92	69.0	2	36.6
1916.361	12.58	4.34	54.65	5.27	7.04	37.08	67.8	2	36.6
1916.465	12.91	4.29	55.34	5.30	7.12	37.77	68.3	2	35.6
1916.610	12.95	4.25	55.06	5.25	7.13	37.41	67.9	2	35.1
1916.670	13.08	4.22	55.20	5.21	7.18	37.45	67.8	2	35.1
1916.774	13.03	4.21	54.91	5.32	7.11	37.83	68.9	2	36.6
1916.919	13.22	4.16	55.07	5.30	7.11	37.70	68.5	2	35.1
1916.979	13.35	4.11	54.90	5.35	7.05	37.76	68.8	2	35.6
1917.083	13.22	4.17	55.15	5.31	7.13	37.85	68.6	2	36.1
1917.228	13.11	4.22	55.34	5.33	7.04	37.56	67.9	2	37.1
1917.288	12.86	4.29	55.17	5.36	7.00	37.52	68.0	2	36.6
1917.392	12.82	4.30	55.12	5.33	7.09	37.77	68.5	2	36.1
1917.537	13.28	4.19	55.58	5.28	7.21	38.05	68.5	2	34.1
1917.597	13.32	4.13	55.05	5.34	7.10	37.87	68.8	2	36.1
1917.701	12.84	4.23	54.27	5.23	7.22	37.74	69.5	2	36.6
1917.846	12.99	4.22	54.84	5.38	7.01	37.69	68.7	2	36.1
1917.906	12.73	4.31	54.85	5.37	7.01	37.65	68.6	2	36.6
1918.010	13.01	4.26	55.39	5.29	7.16	37.86	68.3	2	35.1
1918.155	13.11	4.23	55.40	5.24	7.14	37.43	67.6	2	36.1
1918.215	13.06	4.24	55.45	5.22	7.21	37.67	67.9	2	35.6
1918.319	13.32	4.14	55.21	5.38	7.06	38.00	68.8	2	35.6
1918.464	13.09	4.22	55.17	5.28	7.15	37.76	68.5	2	36.1
1918.524	13.01	4.23	55.03	5.25	7.18	37.67	68.5	2	34.6
1918.628	13.47	4.08	55.01	5.33	7.11	37.87	68.9	2	34.6
1918.773	12.85	4.26	54.79	5.31	7.12	37.85	69.1	2	37.6
1918.833	12.49	4.37	54.57	5.22	7.17	37.43	68.6	2	36.6
1918.937	13.43	4.11	55.23	5.35	7.03	37.65	68.2	2	34.6
1919.082	13.53	4.10	55.47	5.39	7.00	37.76	68.1	2	36.1
1919.142	12.90	4.29	55.37	5.20	7.16	37.28	67.3	2	36.1
1919.246	12.90	4.29	55.26	5.27	7.14	37.62	68.1	2	35.6
1919.391	13.24	4.18	55.36	5.30	7.16	37.94	68.5	2	35.1
1919.451	13.28	4.13	54.80	5.32	7.06	37.58	68.6	2	35.6
1919.555	13.16	4.17	54.92	5.34	7.06	37.67	68.6	2	36.1
1919.700	13.02	4.23	55.09	5.29	7.19	38.06	69.1	2	35.1
1919.760	13.14	4.18	54.88	5.31	7.06	37.46	68.3	2	34.6
1919.864	13.22	4.14	54.79	5.34	7.04	37.58	68.6	2	34.6
1920.009	13.13	4.19	55.04	5.33	7.07	37.69	68.5	2	36.6
1920.069	12.93	4.22	54.62	5.28	7.13	37.69	69.0	2	34.6
1920.173	13.43	4.07	54.70	5.38	7.06	37.97	69.4	2	35.6
1920.318	13.00	4.23	54.96	5.37	7.04	37.83	68.8	2	37.1
1920.378	12.83	4.26	54.72	5.25	7.20	37.76	69.0	2	35.1
1920.482	13.40	4.07	54.54	5.37	6.98	37.52	68.8	2	34.1
1920.627	13.58	4.02	54.62	5.38	7.05	37.94	69.5	2	34.6
1920.687	13.41	4.09	54.87	5.33	7.09	37.77	68.8	2	35.6
1920.791	12.59	4.30	54.12	5.32	7.05	37.47	69.2	2	37.1
1920.936	12.45	4.41	54.86	5.27	7.06	37.18	67.8	2	36.6
1920.996	12.46	4.38	54.51	5.22	7.04	36.73	67.4	2	35.1
1921.100	12.95	4.21	54.53	5.27	7.14	37.63	69.0	2	33.6
1921.245	14.01	3.79	53.09	5.30	6.97	36.95	69.6	2	33.1
1921.305	13.91	3.89	54.08	5.18	7.18	37.22	68.8	2	34.6
1921.409	13.05	4.18	54.54	5.30	7.11	37.66	69.0	2	37.6
1921.554	12.70	4.27	54.24	5.37	6.98	37.47	69.1	2	35.1
1921.614	12.81	4.27	54.69	5.20	7.14	37.15	67.9	2	34.6
1921.718	13.83	3.91	54.09	5.32	7.02	37.40	69.1	2	34.1
1921.863	13.18	4.25	56.05	5.20	7.20	37.47	66.8	2	35.1
1921.923	13.15	4.19	55.09	5.24	7.26	38.05	69.1	2	34.6
1922.027	13.11	4.17	54.72	5.17	7.19	37.15	67.9	2	35.6
1922.172	13.24	4.13	54.69	5.23	7.08	37.04	67.7	2	34.1
1922.232	13.55	4.03	54.66	5.26	7.14	37.54	68.7	2	34.1
1922.336	13.13	4.22	55.45	5.25	7.14	37.52	67.7	2	36.6
1922.481	13.40	4.22	56.55	5.29	7.16	37.91	67.0	2	34.6
1922.541	13.65	4.04	55.20	5.38	7.03	37.80	68.5	2	34.6
1922.645	13.03	4.22	54.93	5.26	7.17	37.68	68.6	2	37.1
1922.790	12.86	4.29	55.20	5.24	7.15	37.48	67.9	2	35.1
1922.850	13.14	4.17	54.80	5.27	7.17	37.80	69.0	2	35.6
1922.954	13.12	4.19	55.00	5.24	7.10	37.19	67.6	2	36.1
1923.099	13.39	4.13	55.32	5.29	7.07	37.39	67.6	2	35.6
1923.159	13.11	4.20	55.08	5.25	7.15	37.53	68.1	2	34.6
1923.263	13.45	4.10	55.18	5.27	7.18	37.78	68.5	2	35.1
1923.408	13.44	4.10	55.06	5.20	7.23	37.59	68.3	2	34.6
1923.468	13.48	4.09	55.19	5.21	7.26	37.84	68.6	2	35.1
1923.572	12.91	4.28	55.20	5.17	7.24	37.46	67.9	2	37.1
1923.717	12.93	4.27	55.20	5.16	7.20	37.20	67.4	2	35.1
1923.777	12.99	4.23	54.95	5.24	7.07	37.05	67.4	2	35.6
1923.881	12.64	4.30	54.34	5.14	7.16	36.83	67.8	2	35.1
1924.026	13.11	4.21	55.23	5.24	7.18	37.63	68.1	2	36.1
1924.086	12.98	4.25	55.10	5.19	7.21	37.43	67.9	2	35.6
1924.190	12.77	4.32	55.20	5.28	7.11	37.55	68.0	2	36.6
1924.335	13.04	4.25	55.44	5.22	7.25	37.89	68.3	2	35.6
1924.395	13.11	4.23	55.39	5.14	7.33	37.73	68.1	2	33.6
1924.499	13.37	4.14	55.39	5.22	7.24	37.76	68.2	2	35.1
1924.644	13.17	4.17	54.96	5.31	7.15	37.96	69.1	2	36.6
1924.704	12.64	4.33	54.70	5.16	7.18	37.01	67.7	2	36.6
1924.808	12.84	4.27	54.86	5.24	7.17	37.57	68.5	2	34.1
1924.953	13.63	4.01	54.64	5.30	7.08	37.52	68.7	2	34.1
1925.013	13.41	4.08	54.74	5.21	7.13	37.14	67.8	2	35.6
1925.117	13.14	4.21	55.36	5.33	7.12	37.94	68.5	2	36.6
1925.262	13.27	4.19	55.57	5.37	7.05	37.89	68.2	2	35.6
1925.322	13.03	4.24	55.22	5.27	7.10	37.39	67.7	2	35.6
1925.426	13.54	4.00	54.14	5.35	7.08	37.88	70.0	2	34.1
1925.571	12.81	4.28	54.85	5.33	7.05	37.58	68.5	2	35.6
1925.631	12.84	4.28	54.92	5.19	7.24	37.54	68.4	2	34.6
1925.735	13.53	4.06	54.96	5.35	6.99	37.42	68.1	2	35.6
1925.880	12.94	4.26	55.14	5.33	7.07	37.72	68.4	2	35.6
1925.940	12.79	4.28	54.71	5.23	7.23	37.80	69.1	2	34.6
1926.044	13.39	4.10	54.85	5.38	7.08	38.11	69.5	2	36.1
1926.189	13.19	4.16	54.85	5.35	7.09	37.92	69.1	2	35.6
1926.249	12.94	4.23	54.72	5.23	7.20	37.68	68.9	2	35.1
1926.353	13.43	4.07	54.70	5.29	7.17	37.96	69.4	2	34.1
1926.498	13.25	4.23	56.08	5.30	7.16	37.96	67.7	2	36.6
1926.558	12.94	4.30	55.69	5.22	7.21	37.65	67.6	2	35.6
1926.662	13.11	4.25	55.74	5.32	7.16	38.10	68.4	2	35.1
1926.807	13.70	3.99	54.66	5.34	7.06	37.73	69.0	2	34.1
1926.867	13.62	4.04	55.02	5.36	7.11	38.12	69.3	2	36.6
1926.971	12.48	4.38	54.62	5.19	7.11	36.93	67.6	2	37.1
1927.116	12.85	4.27	54.91	5.26	7.13	37.51	68.3	2	34.6
1927.176	13.46	4.13	55.59	5.26	7.17	37.72	67.9	2	34.1
1927.280	13.58	4.06	55.16	5.23	7.19	37.58	68.1	2	34.6
1927.425	13.28	4.17	55.34	5.25	7.21	37.88	68.5	2	36.6
1927.485	13.08	4.20	54.91	5.34	7.14	38.10	69.4	2	36.1
1927.589	12.56	4.38	54.99	5.22	7.15	37.32	67.9	2	36.6
1927.734	13.39	4.10	54.92	5.28	7.17	37.80	68.8	2	35.1
1927.794	13.53	4.04	54.67	5.33	7.09	37.79	69.1	2	34.1
1927.898	13.21	4.18	55.20	5.21	7.27	37.89	68.6	2	35.6
1928.043	13.13	4.23	55.51	5.29	7.13	37.77	68.0	2	36.6
1928.103	12.80	4.29	54.96	5.24	7.17	37.61	68.4	2	36.1
1928.207	13.29	4.16	55.22	5.45	6.98	38.03	68.9	2	35.6
1928.352	13.30	4.10	54.52	5.36	7.08	37.99	69.7	2	33.6
1928.412	13.37	4.10	54.84	5.26	7.20	37.90	69.1	2	34.6
1928.516	13.20	4.16	54.87	5.34	7.11	37.93	69.1	2	35.6
1928.661	12.74	4.31	54.92	5.32	7.10	37.75	68.7	2	35.1
1928.721	13.37	4.10	54.84	5.37	7.04	37.84	69.0	2	34.6
1928.825	12.95	4.24	54.93	5.24	7.18	37.59	68.4	2	36.6
1928.970	12.76	4.32	55.15	5.23	7.19	37.63	68.2	2	36.6
1929.030	12.70	4.34	55.08	5.27	7.14	37.64	68.3	2	36.1
1929.134	13.21	4.17	55.07	5.42	6.99	37.88	68.8	2	35.6
1929.279	12.51	4.37	54.74	5.21	7.13	37.18	67.9	2	36.6
1929.339	12.55	4.37	54.88	5.22	7.14	37.25	67.9	2	35.6
1929.443	13.04	4.25	55.43	5.38	6.96	37.46	67.6	2	35.1
1929.588	13.51	4.09	55.31	5.39	7.10	38.29	69.2	2	34.6
1929.648	13.69	4.02	54.99	5.35	7.15	38.21	69.5	2	34.6
1929.752	13.17	4.19	55.11	5.26	7.23	38.02	69.0	2	36.6
1929.897	12.74	4.34	55.34	5.25	7.17	37.69	68.1	2	36.6
1929.957	12.98	4.29	55.65	5.33	7.12	37.95	68.2	2	34.6
1930.061	13.15	4.23	55.64	5.25	7.22	37.94	68.2	2	35.1
1930.206	13.03	4.27	55.60	5.21	7.23	37.69	67.8	2	35.6
1930.266	13.14	4.23	55.59	5.37	7.11	38.17	68.7	2	37.1
1930.370	12.94	4.24	54.84	5.29	7.12	37.67	68.7	2	34.6
1930.515	13.67	4.00	54.70	5.24	7.11	37.23	68.1	2	35.1
1930.575	13.42	4.10	54.99	5.33	7.02	37.40	68.0	2	36.1
1930.679	12.96	4.26	55.25	5.36	7.03	37.68	68.2	2	36.1
1930.824	13.35	4.22	56.39	5.33	7.08	37.75	66.9	2	34.1
1930.884	13.30	4.19	55.73	5.23	7.23	37.78	67.8	2	34.6
1930.988	13.31	4.17	55.47	5.32	7.20	38.28	69.0	2	36.1
1931.133	13.04	4.26	55.55	5.30	7.15	37.90	68.2	2	34.6
1931.193	13.13	4.23	55.46	5.18	7.26	37.61	67.8	2	35.1
1931.297	13.51	4.11	55.53	5.32	7.09	37.78	68.0	2	35.1
1931.442	13.00	4.26	55.42	5.26	7.24	38.09	68.7	2	35.6
1931.502	13.03	4.21	54.82	5.23	7.25	37.94	69.2	2	35.1
1931.606	13.30	4.14	55.09	5.33	7.11	37.86	68.7	2	35.1
1931.751	13.37	4.16	55.63	5.24	7.27	38.12	68.5	2	35.1
1931.811	13.59	4.09	55.54	5.31	7.13	37.84	68.1	2	34.6
1931.915	13.56	4.07	55.16	5.22	7.16	37.41	67.8	2	34.1
1932.060	12.97	4.24	55.04	5.21	7.28	37.95	68.9	2	37.1
1932.120	12.55	4.34	54.48	5.22	7.21	37.64	69.1	2	36.1
1932.224	13.03	4.23	55.09	5.35	7.08	37.88	68.8	2	34.6
1932.369	13.68	4.00	54.68	5.31	7.09	37.62	68.8	2	34.6
1932.429	13.28	4.09	54.31	5.37	7.05	37.88	69.8	2	35.1
1932.533	13.18	4.14	54.56	5.28	7.17	37.86	69.4	2	34.6
1932.678	13.12	4.18	54.86	5.26	7.09	37.34	68.1	2	36.1
1932.738	12.98	4.20	54.50	5.33	7.07	37.71	69.2	2	36.1
1932.842	13.26	4.15	54.95	5.35	7.03	37.61	68.4	2	34.1
1932.987	13.17	4.18	55.06	5.28	7.10	37.51	68.1	2	35.6
2400.158	38.98	0.25	9.93	1.06	1.41	1.48	14.9	2	11.5
2400.302	36.06	1.30	46.71	4.23	5.91	25.01	53.5	2	18.5
2400.362	29.14	1.64	47.81	4.08	6.59	26.86	56.2	2	21.5
2400.466	20.71	2.26	46.71	3.78	7.06	26.68	57.1	2	26.5
2400.611	14.96	3.67	54.83	4.09	8.07	33.01	60.2	2	34.0
2400.671	13.10	4.14	54.19	3.98	8.06	32.06	59.2	2	37.0
2400.775	9.90	4.56	45.11	3.60	7.32	26.31	58.3	2	42.0
2400.920	6.27	4.77	29.94	2.81	5.77	16.21	54.1	2	49.5
2400.980	5.24	4.80	25.13	2.60	5.19	13.47	53.6	2	52.5
2401.084	3.86	4.82	18.61	2.28	4.33	9.86	53.0	2	57.5
2401.228	2.71	4.85	13.12	1.94	3.31	6.42	49.0	2	65.0
2401.288	2.35	4.85	11.39	1.83	2.90	5.30	46.5	2	68.0
2401.391	1.80	4.85	8.71	1.55	2.34	3.62	41.5	2	73.0
2401.535	1.28	4.86	6.20	1.14	1.73	1.97	31.7	2	80.0
2401.595	1.23	4.86	5.96	0.97	1.49	1.44	24.2	2	83.0
2401.698	0.81	4.86	3.92	0.70	1.12	0.78	19.9	2	88.5
2401.842	0.75	4.86	3.64	0.38	0.72	0.28	7.7	2	95.0
2401.902	5.24	4.75	24.88	1.86	3.77	7.02	28.2	2	34.5
2402.005	9.99	4.53	45.29	3.31	6.75	22.36	49.4	2	32.2
2402.150	12.44	4.39	54.66	3.98	8.09	32.15	58.8	2	32.8
2402.210	12.51	4.40	55.07	4.04	8.22	33.22	60.3	2	33.1
2402.314	12.16	4.48	54.46	4.07	8.28	33.67	61.8	2	34.5
2402.459	12.19	4.52	55.13	4.03	8.34	33.59	60.9	2	33.1
2402.519	12.37	4.47	55.34	4.05	8.40	34.01	61.5	2	31.6
2402.623	12.84	4.32	55.44	4.06	8.49	34.47	62.2	2	83.4
2402.768	6.82	4.69	31.97	2.52	5.01	12.61	39.4	2	35.6
2402.828	8.67	4.70	40.72	3.13	6.41	20.10	49.3	2	35.6
2402.931	11.56	4.42	51.08	3.75	7.73	29.01	56.8	2	31.6
2403.076	12.95	4.23	54.76	4.07	8.26	33.66	61.5	2	80.1
2403.136	7.29	4.52	32.99	2.64	4.98	13.17	39.9	2	80.1
2403.240	8.98	4.32	38.82	2.99	5.77	17.22	44.4	2	29.7
2403.384	12.56	4.15	52.12	3.90	7.78	30.33	58.2	2	31.6
2403.444	13.14	4.09	53.79	4.14	7.93	32.84	61.1	2	31.7
2403.548	10.14	4.19	42.48	3.42	5.87	20.09	47.3	2	87.8
2403.693	5.18	4.62	23.91	2.35	3.73	8.77	36.7	2	53.4
2403.753	4.66	4.72	22.02	2.55	3.90	9.96	45.2	2	42.5
2403.856	6.62	4.78	31.60	3.25	5.40	17.55	55.5	2	42.5
2404.001	15.73	3.44	54.08	4.01	7.40	29.72	55.0	2	18.1
2404.061	20.40	2.77	56.59	4.13	7.66	31.62	55.9	2	18.1
2404.165	27.67	2.29	63.44	4.58	7.66	35.04	55.2	2	14.6
2404.310	34.74	1.74	60.34	4.94	7.79	38.49	63.8	2	15.6
2404.370	35.57	1.65	58.83	5.21	7.48	38.97	66.2	2	15.6
2404.474	36.19	1.64	59.36	5.75	7.10	40.82	68.8	2	17.1
2404.619	33.78	1.89	63.96	6.55	7.23	47.35	74.0	2	19.6
2404.679	34.27	1.88	64.52	6.78	7.36	49.94	77.4	2	20.6
2404.783	34.14	1.90	64.96	7.17	6.83	48.96	75.4	2	19.6
2404.928	33.05	1.93	63.69	7.51	6.33	47.50	74.6	2	22.1
2404.988	32.30	1.97	63.52	7.63	6.19	47.28	74.4	2	21.6
2405.092	34.19	1.91	65.22	7.72	6.35	49.02	75.2	2	19.6
2405.237	35.32	1.79	63.31	8.03	6.20	49.77	78.6	2	21.1
2405.297	33.98	1.89	64.15	8.03	6.04	48.47	75.6	2	22.6
2405.401	34.73	1.85	64.14	8.16	6.11	49.90	77.8	2	20.6
2405.546	34.44	1.91	65.75	8.09	6.24	50.46	76.7	2	19.6
2405.606	35.23	1.80	63.42	8.08	6.17	49.86	78.6	2	21.1
2405.710	33.92	1.87	63.59	8.30	5.64	46.78	73.6	2	22.1
2405.855	34.09	1.95	66.31	8.28	5.86	48.52	73.2	2	21.6
2405.915	34.25	1.96	67.23	8.21	6.32	51.87	77.2	2	21.1
2406.019	34.29	1.95	66.84	8.14	7.00	57.03	85.3	2	21.6
2406.164	34.35	1.94	66.77	8.10	7.28	58.99	88.3	2	21.1
2406.224	34.39	1.94	66.63	8.09	7.22	58.35	87.6	2	21.1
2406.328	34.15	1.94	66.29	8.20	6.59	54.06	81.5	2	21.1
2406.473	34.50	1.93	66.61	8.05	7.09	57.07	85.7	2	21.6
2406.533	34.51	1.92	66.24	8.04	7.23	58.16	87.8	2	21.6
2406.637	34.37	1.92	66.01	8.07	7.31	58.99	89.4	2	22.1
2406.782	34.21	1.94	66.21	8.12	7.37	59.90	90.5	2	21.1
2406.842	34.61	1.94	67.07	8.09	7.38	59.74	89.1	2	21.1
2406.946	34.70	1.94	67.19	8.03	7.34	58.95	87.7	2	21.1
2407.091	34.45	1.96	67.50	7.99	7.48	59.72	88.5	2	22.1
2407.151	34.46	1.94	66.90	8.03	7.34	58.94	88.1	2	21.6
2407.255	34.15	1.95	66.46	8.22	6.98	57.39	86.4	2	22.1
2407.400	34.77	1.94	67.48	8.47	6.21	52.59	77.9	2	21.6
2407.460	34.80	1.93	67.13	8.53	6.16	52.52	78.2	2	21.6
2407.564	34.90	1.92	67.08	8.42	6.66	56.01	83.5	2	21.6
2407.709	34.45	1.92	66.30	8.54	5.30	45.30	68.3	2	22.6
2407.769	33.47	1.96	65.47	8.52	5.29	45.10	68.9	2	21.6
2407.873	34.89	1.87	65.28	8.22	5.82	47.81	73.2	2	20.6
2408.018	34.93	1.89	65.92	8.33	6.25	52.07	79.0	2	21.1
2408.078	34.63	1.91	66.17	8.30	5.98	49.61	75.0	2	22.1
2408.182	34.09	1.90	64.87	8.13	6.24	50.75	78.2	2	20.6
2408.327	35.57	1.78	63.34	8.01	6.15	49.29	77.8	2	21.1
2408.387	35.45	1.84	65.22	8.13	6.22	50.56	77.5	2	20.6
2408.491	34.68	1.92	66.41	8.13	6.43	52.29	78.7	2	21.6
2408.636	34.82	1.85	64.47	8.04	6.24	50.14	77.8	2	20.1
2408.696	34.29	1.87	63.99	8.03	6.06	48.67	76.1	2	22.1
2408.800	34.37	1.92	66.13	8.17	6.14	50.18	75.9	2	20.1
2408.945	34.78	1.89	65.63	8.05	6.44	51.78	78.9	2	21.6
2409.005	33.63	1.94	65.30	8.04	6.19	49.79	76.2	2	21.6
2409.109	34.60	1.90	65.63	8.00	6.20	49.56	75.5	2	21.6
2409.254	33.87	1.93	65.42	8.00	6.47	51.74	79.1	2	21.1
2409.314	34.65	1.90	66.00	8.12	6.25	50.70	76.8	2	20.1
2409.418	33.46	1.95	65.12	8.08	6.16	49.79	76.5	2	21.1
2409.563	33.72	1.92	64.78	7.98	6.34	50.59	78.1	2	20.1
2409.623	33.38	1.91	63.90	7.89	6.35	50.04	78.3	2	22.1
2409.727	32.94	1.94	63.87	7.94	6.29	49.99	78.3	2	21.6
2409.872	34.50	1.92	66.09	7.84	6.43	50.44	76.3	2	20.1
2409.932	34.78	1.90	65.95	7.92	6.35	50.28	76.2	2	21.6
2410.036	33.95	1.92	65.15	7.87	6.38	50.24	77.1	2	21.6
2410.181	34.20	1.92	65.61	7.95	6.36	50.54	77.0	2	21.6
2410.241	33.46	1.95	65.34	7.91	6.40	50.62	77.5	2	20.6
2410.345	34.43	1.88	64.75	7.89	6.49	51.20	79.1	2	20.6
2410.490	35.20	1.86	65.61	7.89	6.36	50.21	76.5	2	20.6
2410.550	35.50	1.82	64.76	7.76	6.26	48.58	75.0	2	19.6
2410.654	34.21	1.88	64.43	7.78	6.35	49.39	76.7	2	20.6
2410.799	34.92	1.88	65.62	7.90	6.34	50.11	76.4	2	20.6
2410.859	35.13	1.82	63.94	7.86	6.22	48.93	76.5	2	20.1
2410.963	35.17	1.87	65.63	7.80	6.38	49.73	75.8	2	20.1
2411.108	35.26	1.83	64.43	7.74	6.35	49.22	76.4	2	19.6
2411.168	35.06	1.84	64.61	7.63	6.53	49.82	77.1	2	21.1
2411.272	33.80	1.90	64.31	7.70	6.35	48.88	76.0	2	21.1
2411.417	33.43	1.93	64.53	7.68	6.37	48.92	75.8	2	21.1
2411.477	34.02	1.94	65.90	7.68	6.47	49.71	75.4	2	19.6
2411.581	35.22	1.83	64.55	7.57	6.43	48.66	75.4	2	19.6
2411.726	35.00	1.85	64.82	7.56	6.37	48.14	74.3	2	20.6
2411.786	34.43	1.87	64.46	7.65	6.35	48.58	75.4	2	21.1
2411.890	34.59	1.81	62.63	7.65	6.16	47.11	75.2	2	19.6
2412.035	35.93	1.73	62.32	7.41	6.22	46.12	74.0	2	18.1
2412.095	35.76	1.77	63.16	7.41	6.40	47.42	75.1	2	21.1
2412.199	32.53	1.93	62.70	7.39	6.40	47.31	75.5	2	20.6
2412.344	34.99	1.82	63.74	7.38	6.49	47.91	75.2	2	20.6
2412.404	33.37	1.90	63.35	7.43	6.41	47.58	75.1	2	21.1
2412.508	34.73	1.82	63.26	7.50	6.35	47.60	75.2	2	20.6
2412.653	34.77	1.88	65.32	7.45	6.68	49.74	76.1	2	20.6
2412.713	34.06	1.91	64.91	7.49	6.54	48.98	75.5	2	20.6
2412.817	34.87	1.88	65.70	7.44	6.70	49.81	75.8	2	20.1
2412.962	34.81	1.90	66.17	7.57	6.61	50.02	75.6	2	19.6
2413.022	34.73	1.92	66.55	7.53	6.73	50.67	76.1	2	20.6
2413.126	34.73	1.92	66.60	7.62	6.67	50.76	76.2	2	20.6
2413.271	34.88	1.90	66.28	7.55	6.61	49.92	75.3	2	19.6
2413.331	35.40	1.84	65.14	7.58	6.49	49.21	75.5	2	20.6
2413.435	33.63	1.93	64.96	7.55	6.43	48.52	74.7	2	21.6
2413.580	34.60	1.89	65.28	7.47	6.49	48.48	74.3	2	20.6
2413.640	34.45	1.90	65.40	7.45	6.57	48.96	74.9	2	20.1
2413.744	35.08	1.85	64.81	7.42	6.63	49.21	75.9	2	20.1
2413.889	34.35	1.89	64.89	7.54	6.50	49.04	75.6	2	20.1
2413.949	33.38	1.94	64.81	7.38	6.77	49.90	77.0	2	20.1
2414.053	34.46	1.91	65.93	7.51	6.60	49.61	75.2	2	20.1
2414.198	34.86	1.88	65.65	7.48	6.71	50.19	76.4	2	20.1
2414.258	34.50	1.90	65.55	7.50	6.65	49.84	76.0	2	21.1
2414.362	34.82	1.89	65.71	7.41	6.72	49.79	75.8	2	19.6
2414.507	34.64	1.90	65.65	7.46	6.72	50.15	76.4	2	19.6
2414.567	34.82	1.90	66.09	7.47	6.62	49.45	74.8	2	20.6
2414.671	35.06	1.83	64.28	7.40	6.65	49.16	76.5	2	20.1
2414.816	34.83	1.86	64.89	7.32	6.75	49.42	76.2	2	19.1
2414.876	35.03	1.85	64.75	7.33	6.79	49.79	76.9	2	20.1
2414.980	35.41	1.84	64.99	7.36	6.60	48.59	74.8	2	18.6
2415.125	33.91	1.90	64.41	7.28	6.73	48.99	76.1	2	21.6
2415.185	33.20	1.95	64.68	7.28	6.57	47.81	73.9	2	19.6
2415.289	35.11	1.79	62.78	7.33	6.25	45.81	73.0	2	19.1
2415.434	33.36	1.92	64.03	7.23	6.60	47.67	74.4	2	20.1
2415.494	34.14	1.91	65.12	7.17	6.97	49.95	76.7	2	19.1
2415.598	34.74	1.88	65.36	7.33	6.47	47.47	72.6	2	19.6
2415.743	35.05	1.87	65.58	7.18	6.58	47.26	72.1	2	20.6
2415.803	34.76	1.89	65.86	7.19	6.66	47.89	72.7	2	18.1
2415.907	35.11	1.87	65.55	7.06	7.23	51.03	77.9	2	19.1
2416.052	34.78	1.89	65.64	7.38	6.23	46.00	70.1	2	20.6
2416.112	34.58	1.91	66.15	7.31	6.84	50.04	75.6	2	19.6
2416.216	34.47	1.92	66.26	7.24	6.80	49.24	74.3	2	19.6
2416.361	34.45	1.93	66.32	7.36	6.40	47.13	71.1	2	20.1
2416.421	34.48	1.93	66.66	7.26	6.98	50.64	76.0	2	18.6
2416.525	34.45	1.91	65.79	7.33	6.70	49.16	74.7	2	21.1
2416.670	35.37	1.81	63.94	7.18	6.21	44.59	69.7	2	18.6
2416.730	35.01	1.85	64.79	7.07	6.79	48.04	74.1	2	18.6
2416.834	34.03	1.89	64.43	7.03	7.19	50.54	78.4	2	20.6
2416.979	35.50	1.77	62.78	7.08	6.59	46.66	74.3	2	19.1
2417.039	35.46	1.83	65.02	7.03	6.99	49.18	75.6	2	19.1
2417.143	35.13	1.85	65.12	7.24	6.72	48.65	74.7	2	19.6
2417.288	34.60	1.91	65.94	7.38	5.83	43.01	65.2	2	19.6
2417.348	34.39	1.92	66.15	7.40	5.71	42.31	64.0	2	19.6
2417.452	34.72	1.91	66.23	7.42	5.86	43.50	65.7	2	19.1
2417.597	34.61	1.94	67.24	7.08	6.92	48.97	72.8	2	19.6
2417.657	34.42	1.95	67.25	6.95	7.37	51.19	76.1	2	18.1
2417.761	34.62	1.93	66.71	6.96	7.44	51.83	77.7	2	19.1
2417.906	35.21	1.84	64.70	7.10	6.97	49.52	76.5	2	20.1
2417.966	33.92	1.91	64.95	7.18	6.74	48.36	74.5	2	21.1
2418.070	34.84	1.87	65.05	7.13	6.55	46.71	71.8	2	17.6
2418.215	35.40	1.79	63.52	7.14	6.47	46.24	72.8	2	18.6
2418.275	35.58	1.81	64.28	7.07	6.78	47.93	74.6	2	19.6
2418.379	34.42	1.87	64.44	7.04	7.11	50.10	77.7	2	19.6
2418.524	35.08	1.86	65.18	7.08	6.73	47.67	73.1	2	18.1
2418.584	35.59	1.78	63.30	6.99	6.59	46.08	72.8	2	18.1
2418.688	35.12	1.82	63.74	6.96	6.87	47.81	75.0	2	20.6
2418.833	34.70	1.87	65.01	6.99	6.83	47.78	73.5	2	18.6
2418.893	35.24	1.83	64.38	6.98	6.81	47.55	73.8	2	18.6
2418.997	35.13	1.88	65.95	6.99	7.05	49.24	74.7	2	19.1
2419.142	34.48	1.92	66.24	7.13	6.64	47.37	71.5	2	18.6
2419.202	34.73	1.91	66.27	7.08	6.99	49.50	74.7	2	19.1
2419.306	35.60	1.77	62.85	7.03	6.77	47.64	75.8	2	19.1
2419.451	33.93	1.92	65.07	7.01	7.10	49.78	76.5	2	21.1
2419.511	32.55	1.96	63.65	7.02	6.63	46.61	73.2	2	19.6
2419.615	34.67	1.82	63.11	6.98	6.69	46.74	74.1	2	18.6
2419.760	34.30	1.84	63.27	6.87	6.86	47.11	74.5	2	20.6
2419.820	34.22	1.89	64.80	6.98	6.81	47.51	73.3	2	18.6
2419.924	34.50	1.90	65.67	7.05	6.84	48.21	73.4	2	19.1
2420.069	34.72	1.87	65.01	6.99	6.89	48.13	74.0	2	19.1
2420.129	35.18	1.88	66.02	6.89	7.00	48.23	73.1	2	18.1
2420.233	34.31	1.86	63.98	6.95	6.73	46.78	73.1	2	19.6
2420.378	35.19	1.82	63.96	6.89	6.80	46.83	73.2	2	18.6
2420.438	35.05	1.83	64.09	6.93	6.87	47.67	74.4	2	19.1
2420.542	33.26	1.95	64.85	6.94	6.82	47.35	73.0	2	19.1
2420.687	35.34	1.81	63.92	6.78	6.92	46.89	73.4	2	17.6
2420.747	35.49	1.78	63.26	6.84	6.79	46.45	73.4	2	18.1
2420.851	34.41	1.88	64.57	6.78	7.02	47.61	73.7	2	20.6
2420.996	34.63	1.89	65.47	6.77	7.12	48.21	73.6	2	17.6
2421.056	35.35	1.79	63.44	6.80	6.76	45.99	72.5	2	17.6
2421.160	35.52	1.75	62.03	6.72	6.96	46.73	75.3	2	17.6
2421.305	35.75	1.75	62.42	6.68	6.89	46.02	73.7	2	19.6
2421.365	34.14	1.87	63.77	6.73	6.94	46.71	73.3	2	20.1
2421.469	34.47	1.87	64.34	6.83	7.03	48.02	74.6	2	19.1
2421.614	35.58	1.82	64.87	6.77	7.00	47.39	73.1	2	17.6
2421.674	35.39	1.85	65.43	6.85	6.87	47.07	71.9	2	19.6
2421.778	35.49	1.79	63.38	6.83	6.85	46.72	73.7	2	18.1
2421.923	33.99	1.92	65.27	6.88	7.10	48.83	74.8	2	19.6
2421.983	34.18	1.92	65.52	6.94	6.97	48.36	73.8	2	19.1
2422.087	34.92	1.86	64.83	6.84	6.95	47.53	73.3	2	17.6
2422.232	34.40	1.88	64.78	6.82	7.17	48.91	75.5	2	20.6
2422.292	34.21	1.91	65.46	6.87	7.08	48.64	74.3	2	18.1
2422.396	35.36	1.77	62.71	6.76	6.81	46.02	73.4	2	17.1
2422.541	36.13	1.70	61.48	6.61	6.75	44.61	72.6	2	16.6
2422.601	36.29	1.67	60.45	6.54	6.63	43.35	71.7	2	17.6
2422.705	33.61	1.86	62.38	6.58	7.01	46.12	73.9	2	20.1
2422.850	34.50	1.89	65.25	6.70	7.13	47.81	73.3	2	18.6
2422.910	34.64	1.91	66.30	6.76	7.06	47.75	72.0	2	18.1
2423.014	33.69	1.93	65.03	6.73	6.98	46.96	72.2	2	19.1
2423.159	34.61	1.86	64.41	6.79	7.06	47.87	74.3	2	18.6
2423.219	34.26	1.88	64.55	6.83	7.07	48.25	74.7	2	19.6
2423.323	34.62	1.91	66.00	6.78	7.14	48.38	73.3	2	17.6
2423.468	34.53	1.85	64.00	6.71	7.16	48.07	75.1	2	19.6
2423.528	34.60	1.89	65.34	6.76	7.18	48.53	74.3	2	17.6
2423.632	33.39	1.94	64.73	6.77	7.04	47.67	73.7	2	20.1
2423.777	34.69	1.85	64.28	6.73	7.10	47.80	74.4	2	19.1
2423.837	34.34	1.89	64.92	6.77	7.03	47.61	73.3	2	19.1
2423.941	35.51	1.81	64.17	6.72	6.91	46.48	72.4	2	18.1
2424.086	35.81	1.79	64.06	6.63	7.07	46.81	73.1	2	17.1
2424.146	35.78	1.78	63.62	6.73	7.01	47.24	74.3	2	19.1
2424.250	34.51	1.88	64.90	6.75	7.08	47.80	73.6	2	18.6
2424.395	34.25	1.93	66.24	6.81	7.13	48.53	73.3	2	19.6
2424.455	34.08	1.93	65.71	6.79	7.04	47.78	72.7	2	18.6
2424.559	35.21	1.85	65.24	6.74	6.99	47.09	72.2	2	18.1
2424.704	33.77	1.91	64.55	6.65	7.09	47.16	73.1	2	19.6
2424.764	34.34	1.92	65.88	6.67	7.25	48.35	73.4	2	17.6
2424.868	35.08	1.90	66.71	6.73	7.31	49.21	73.8	2	18.6
2425.013	34.82	1.91	66.61	6.81	7.15	48.68	73.1	2	19.1
2425.073	34.87	1.88	65.63	6.81	7.11	48.40	73.7	2	18.6
2425.177	34.65	1.91	66.27	6.75	7.28	49.16	74.2	2	18.1
2425.322	35.27	1.84	64.93	6.76	7.02	47.47	73.1	2	18.1
2425.382	34.54	1.89	65.12	6.80	7.00	47.59	73.1	2	20.1
2425.486	32.33	1.96	63.53	6.65	7.10	47.19	74.3	2	19.6
2425.631	34.89	1.84	64.18	6.70	7.05	47.21	73.6	2	19.1
2425.691	33.58	1.91	64.23	6.62	7.19	47.54	74.0	2	19.1
2425.795	34.66	1.87	64.98	6.73	7.07	47.56	73.2	2	18.1
2425.940	35.49	1.80	63.84	6.75	7.02	47.33	74.1	2	19.6
2426.000	34.03	1.89	64.38	6.72	7.10	47.71	74.1	2	19.1
2426.104	33.30	1.94	64.50	6.64	7.22	47.94	74.3	2	19.1
2426.249	34.05	1.92	65.54	6.79	7.14	48.49	74.0	2	19.1
2426.309	34.49	1.91	65.87	6.75	7.23	48.83	74.1	2	18.6
2426.413	35.32	1.86	65.67	6.80	7.01	47.71	72.6	2	18.6
2426.558	34.79	1.92	66.67	6.74	7.19	48.42	72.6	2	17.6
2426.618	35.03	1.88	65.90	6.75	7.13	48.10	73.0	2	19.6
2426.722	34.23	1.89	64.80	6.74	7.19	48.44	74.8	2	19.1
2426.867	35.51	1.82	64.54	6.67	7.09	47.29	73.3	2	18.1
2426.927	35.77	1.79	64.19	6.64	7.04	46.69	72.7	2	17.6
2427.031	34.73	1.89	65.80	6.69	7.18	48.04	73.0	2	18.1
2427.176	33.89	1.91	64.71	6.64	6.96	46.20	71.4	2	20.6
2427.236	32.47	1.96	63.56	6.58	7.07	46.51	73.2	2	19.6
2427.340	34.61	1.86	64.33	6.52	7.19	46.89	72.9	2	18.1
2427.485	35.34	1.84	64.96	6.45	7.20	46.46	71.5	2	18.6
2427.545	33.79	1.89	64.00	6.45	7.21	46.51	72.7	2	19.6
2427.649	34.36	1.89	64.90	6.49	7.21	46.78	72.1	2	18.1
2427.794	34.38	1.90	65.37	6.46	7.58	48.96	74.9	2	19.6
2427.854	34.63	1.90	65.78	6.47	7.47	48.37	73.5	2	17.6
2427.958	33.80	1.92	64.83	6.38	7.50	47.85	73.8	2	19.6
2428.103	35.18	1.87	65.66	6.46	7.45	48.15	73.3	2	17.6
2428.163	34.37	1.88	64.73	6.47	7.26	46.96	72.5	2	19.6
2428.267	33.84	1.91	64.80	6.63	7.10	47.06	72.6	2	19.6
2428.412	34.02	1.90	64.57	6.70	7.04	47.19	73.1	2	18.6
2428.472	34.55	1.83	63.21	6.73	6.97	46.93	74.2	2	18.6
2428.576	33.50	1.90	63.82	6.61	7.29	48.21	75.5	2	20.1
2428.721	34.87	1.88	65.61	6.45	7.52	48.49	73.9	2	17.1
2428.781	35.51	1.80	64.09	6.48	7.30	47.35	73.9	2	17.6
2428.885	33.11	1.90	63.05	6.47	7.10	45.97	72.9	2	19.6
2429.030	35.37	1.77	62.54	6.38	7.08	45.15	72.2	2	16.6
2429.090	35.10	1.81	63.48	6.38	7.24	46.20	72.8	2	19.1
2429.194	33.23	1.92	63.93	6.44	7.14	45.99	71.9	2	18.1
2429.339	34.68	1.85	64.06	6.50	7.19	46.74	73.0	2	18.1
2429.399	33.98	1.91	64.85	6.43	7.33	47.11	72.7	2	18.6
2429.503	35.17	1.86	65.27	6.46	7.34	47.44	72.7	2	18.6
2429.648	32.79	1.94	63.58	6.40	7.22	46.19	72.7	2	19.1
2429.708	34.04	1.91	65.09	6.47	7.28	47.15	72.4	2	17.6
2429.812	34.78	1.82	63.39	6.42	7.31	46.91	74.0	2	18.6
2429.957	34.24	1.90	65.14	6.56	7.26	47.65	73.1	2	17.6
2430.017	34.89	1.87	65.23	6.42	7.49	48.10	73.7	2	18.1
2430.121	35.07	1.86	65.15	6.48	7.32	47.44	72.8	2	17.6
2430.266	34.25	1.93	66.26	6.48	7.40	47.99	72.4	2	18.1
2430.326	34.73	1.91	66.28	6.56	7.39	48.50	73.2	2	19.1
2430.430	34.62	1.87	64.66	6.57	7.20	47.29	73.1	2	18.6
2430.575	34.77	1.89	65.74	6.45	7.44	47.99	73.0	2	17.1
2430.635	35.11	1.82	63.86	6.44	7.32	47.08	73.7	2	17.6
2430.739	34.36	1.88	64.51	6.45	7.34	47.34	73.4	2	19.1
2430.884	33.61	1.92	64.47	6.51	7.30	47.50	73.7	2	20.1
2430.944	33.12	1.94	64.11	6.46	7.31	47.24	73.7	2	19.1
2431.048	34.48	1.85	63.95	6.45	7.29	46.99	73.5	2	17.6
2431.193	34.40	1.90	65.41	6.53	7.28	47.49	72.6	2	19.6
2431.253	33.32	1.96	65.20	6.41	7.38	47.30	72.6	2	18.1
2431.357	34.82	1.86	64.60	6.46	7.26	46.90	72.6	2	18.6
2431.502	34.70	1.85	64.04	6.39	7.39	47.24	73.8	2	18.6
2431.562	34.20	1.91	65.26	6.48	7.27	47.11	72.2	2	18.6
2431.666	34.70	1.90	66.10	6.61	7.31	48.32	73.1	2	19.1
2431.811	34.40	1.93	66.41	6.55	7.38	48.37	72.8	2	18.6
2431.871	34.43	1.95	67.17	6.55	7.60	49.78	74.1	2	18.1
2431.975	33.56	1.94	65.03	6.57	7.12	46.83	72.0	2	20.1
2432.120	34.23	1.90	65.16	6.53	7.45	48.65	74.7	2	17.6
2432.180	34.50	1.87	64.56	6.53	7.27	47.45	73.5	2	18.6
2432.284	34.03	1.91	65.00	6.55	7.34	48.05	73.9	2	19.6
2432.429	34.19	1.91	65.26	6.45	7.51	48.43	74.2	2	19.1
2432.489	34.56	1.91	66.06	6.51	7.40	48.14	72.9	2	17.6
2432.593	34.32	1.89	64.96	6.44	7.42	47.79	73.6	2	18.6
2432.738	34.66	1.85	64.11	6.47	7.27	47.04	73.4	2	19.1
2432.798	33.37	1.92	64.02	6.43	7.51	48.28	75.4	2	19.1
2432.902	33.60	1.89	63.46	6.36	7.43	47.28	74.5	2	19.1
2433.047	33.47	1.91	63.89	6.49	7.24	46.96	73.5	2	19.6
2433.107	33.60	1.93	64.88	6.41	7.42	47.53	73.3	2	17.1
2433.211	35.38	1.79	63.29	6.31	7.18	45.27	71.5	2	17.6
2433.356	34.34	1.90	65.28	6.37	7.37	46.92	71.9	2	17.1
2433.416	34.98	1.86	65.22	6.35	7.45	47.36	72.6	2	17.1
2433.520	34.99	1.88	65.64	6.34	7.50	47.53	72.4	2	18.1
2433.665	35.05	1.88	65.91	6.41	7.44	47.71	72.4	2	17.6
2433.725	35.18	1.85	65.24	6.36	7.37	46.86	71.8	2	16.6
2433.829	34.76	1.88	65.45	6.38	7.43	47.40	72.4	2	18.1
2433.974	35.19	1.84	64.75	6.36	7.40	47.03	72.6	2	17.1
2434.034	35.33	1.87	65.89	6.41	7.54	48.32	73.3	2	18.1
2434.138	35.24	1.80	63.60	6.30	7.35	46.32	72.8	2	18.1
2434.283	34.07	1.91	65.18	6.40	7.41	47.44	72.8	2	18.6
2434.343	34.24	1.89	64.68	6.39	7.35	46.97	72.6	2	17.6
2434.447	34.41	1.87	64.35	6.32	7.44	47.05	73.1	2	19.1
2434.592	33.72	1.93	65.04	6.30	7.48	47.11	72.4	2	16.6
2434.652	34.74	1.82	63.16	6.35	7.31	46.40	73.5	2	17.6
2434.756	35.56	1.78	63.41	6.31	7.28	45.94	72.5	2	17.1
2434.901	34.17	1.86	63.73	6.29	7.33	46.10	72.3	2	18.1
2434.961	33.65	1.92	64.58	6.25	7.37	46.08	71.4	2	18.1
2435.065	34.39	1.90	65.22	6.25	7.60	47.52	72.9	2	18.1
2435.210	35.47	1.81	64.37	6.33	7.31	46.27	71.9	2	18.1
2435.270	34.60	1.87	64.73	6.34	7.36	46.71	72.2	2	18.6
2435.374	34.74	1.86	64.67	6.25	7.50	46.85	72.4	2	16.6
2435.519	33.69	1.91	64.52	6.21	7.50	46.58	72.2	2	18.1
2435.579	34.42	1.89	64.92	6.31	7.40	46.68	71.9	2	18.6
2435.683	35.14	1.83	64.29	6.28	7.39	46.38	72.1	2	17.1
2435.828	34.17	1.87	64.02	6.30	7.43	46.85	73.2	2	17.1
2435.888	34.55	1.84	63.41	6.26	7.47	46.77	73.8	2	17.6
2435.992	34.28	1.88	64.29	6.25	7.51	46.93	73.0	2	18.1
2436.137	33.39	1.93	64.51	6.33	7.31	46.23	71.7	2	19.1
2436.197	33.91	1.91	64.60	6.37	7.30	46.50	72.0	2	17.6
2436.301	33.56	1.94	64.98	6.27	7.50	47.07	72.4	2	17.1
2436.446	35.22	1.75	61.68	6.23	7.11	44.27	71.8	2	17.1
2436.506	35.76	1.70	60.97	6.18	7.05	43.56	71.5	2	16.6
2436.610	34.28	1.81	61.92	6.21	7.20	44.67	72.1	2	20.1
2436.755	34.85	1.74	60.73	6.16	7.08	43.62	71.8	2	17.1
2436.815	34.62	1.81	62.76	6.11	7.51	45.94	73.2	2	19.1
2436.919	33.39	1.91	63.64	6.17	7.36	45.38	71.3	2	17.6
2437.064	33.48	1.95	65.26	6.24	7.54	47.07	72.1	2	18.1
2437.124	34.48	1.89	65.32	6.20	7.64	47.38	72.5	2	17.1
2437.228	34.57	1.85	63.94	6.17	7.53	46.50	72.7	2	18.6
2437.373	33.97	1.84	62.66	6.30	7.34	46.25	73.8	2	18.1
2437.433	33.70	1.91	64.37	6.22	7.55	46.98	73.0	2	17.1
2437.537	35.22	1.80	63.24	6.12	7.50	45.91	72.6	2	16.1
2437.682	36.07	1.71	61.60	6.00	7.36	44.11	71.6	2	16.1
2437.742	35.63	1.76	62.81	6.08	7.44	45.25	72.0	2	19.1
2437.846	34.15	1.89	64.42	6.08	7.62	46.32	71.9	2	17.1
2437.991	34.20	1.88	64.38	6.18	7.41	45.79	71.1	2	17.6
2438.051	34.27	1.90	64.97	6.12	7.60	46.56	71.7	2	17.1
2438.155	35.01	1.86	65.15	6.19	7.62	47.15	72.4	2	17.1
2438.300	34.59	1.84	63.81	6.19	7.31	45.25	70.9	2	17.6
2438.360	34.56	1.87	64.52	6.12	7.52	46.05	71.4	2	16.6
2438.464	35.02	1.84	64.33	6.13	7.62	46.68	72.6	2	19.1
2438.609	33.75	1.87	63.14	6.25	7.26	45.36	71.9	2	18.6
2438.669	32.88	1.92	63.14	6.20	7.42	46.04	72.9	2	17.6
2438.773	35.09	1.76	61.92	6.08	7.37	44.77	72.3	2	16.6
2438.918	34.74	1.80	62.41	6.04	7.43	44.89	71.9	2	18.6
2438.978	33.09	1.89	62.43	6.00	7.31	43.89	70.3	2	17.6
2439.082	34.17	1.89	64.59	6.05	7.62	46.05	71.3	2	16.1
2439.227	35.51	1.75	62.22	6.10	7.10	43.33	69.6	2	17.6
2439.287	34.32	1.85	63.36	6.10	7.60	46.38	73.2	2	19.1
2439.391	34.07	1.88	64.07	6.06	7.57	45.89	71.6	2	16.6
2439.536	32.91	1.86	61.29	5.88	7.62	44.82	73.1	2	18.6
2439.596	33.02	1.88	62.04	6.07	7.34	44.56	71.8	2	18.6
2439.700	33.98	1.89	64.23	6.12	7.68	46.97	73.1	2	18.1
2439.845	34.76	1.81	62.79	6.10	7.55	46.04	73.3	2	17.6
2439.905	34.55	1.86	64.12	6.09	7.57	46.10	71.9	2	18.6
2440.009	34.71	1.82	63.07	6.11	7.44	45.45	72.1	2	17.1
2440.154	34.79	1.86	64.83	6.19	7.59	46.93	72.4	2	18.1
2440.214	34.73	1.88	65.21	6.17	7.60	46.90	71.9	2	18.6
2440.318	34.84	1.82	63.44	6.16	7.40	45.60	71.9	2	17.1
2440.463	34.31	1.89	64.87	6.14	7.59	46.56	71.8	2	18.6
2440.523	34.06	1.92	65.44	6.11	7.70	47.03	71.9	2	18.1
2440.627	33.53	1.91	64.10	6.14	7.63	46.83	73.1	2	18.6
2440.772	34.33	1.87	64.12	6.17	7.45	45.98	71.7	2	18.1
2440.832	34.23	1.89	64.69	6.12	7.46	45.68	70.6	2	18.6
2440.936	33.52	1.89	63.19	6.13	7.41	45.46	71.9	2	17.6
2441.081	35.81	1.68	60.15	6.04	7.20	43.49	72.3	2	16.6
2441.141	34.76	1.80	62.68	5.96	7.86	46.81	74.7	2	19.6
2441.245	34.23	1.85	63.35	5.85	7.68	44.93	70.9	2	16.1
2441.390	35.80	1.74	62.17	5.91	7.42	43.87	70.6	2	17.1
2441.450	34.91	1.85	64.54	5.91	7.44	44.00	68.2	2	16.6
2441.554	35.45	1.78	63.01	5.69	7.89	44.93	71.3	2	16.6
2441.699	33.39	1.90	63.59	6.00	7.05	42.34	66.6	2	19.1
2441.759	32.87	1.93	63.57	5.85	7.38	43.13	67.8	2	16.1
2441.863	35.13	1.75	61.42	5.68	7.59	43.12	70.2	2	16.6
2442.008	33.66	1.91	64.20	5.99	6.99	41.91	65.3	2	16.6
2442.068	34.92	1.78	62.21	6.01	6.81	40.98	65.9	2	16.6
2442.172	33.70	1.89	63.65	5.97	7.02	41.92	65.9	2	17.6
2442.317	34.11	1.88	64.06	6.11	7.39	45.15	70.5	2	17.6
2442.377	34.33	1.91	65.72	6.02	7.77	46.79	71.2	2	16.1
2442.481	34.53	1.86	64.33	6.14	7.15	43.92	68.3	2	18.1
2442.626	35.36	1.80	63.53	6.00	7.46	44.72	70.4	2	17.1
2442.686	35.05	1.80	63.27	6.09	7.36	44.84	70.9	2	17.6
2442.790	35.11	1.88	66.10	6.07	7.54	45.83	69.3	2	18.1
2442.935	34.68	1.86	64.41	6.16	7.40	45.58	70.8	2	17.6
2442.995	33.70	1.93	65.18	6.10	7.55	46.01	70.6	2	18.6
2443.099	33.99	1.90	64.73	6.11	7.51	45.84	70.8	2	18.1
2443.244	35.12	1.81	63.74	6.13	7.46	45.76	71.8	2	18.1
2443.304	34.05	1.89	64.44	6.09	7.58	46.17	71.6	2	17.1
2443.408	34.29	1.88	64.42	6.12	7.69	47.04	73.0	2	17.1
2443.553	34.64	1.88	65.14	6.06	7.88	47.74	73.3	2	17.1
2443.613	34.96	1.87	65.48	6.06	7.60	46.04	70.3	2	18.1
2443.717	34.17	1.92	65.49	6.09	7.75	47.14	72.0	2	16.6
2443.862	34.21	1.89	64.65	6.22	7.44	46.29	71.6	2	19.1
2443.922	34.04	1.91	65.17	6.14	7.66	46.99	72.1	2	17.6
2444.026	34.80	1.87	65.22	6.09	7.68	46.78	71.7	2	17.1
2444.171	34.00	1.87	63.44	6.09	7.43	45.25	71.3	2	16.6
2444.231	34.66	1.81	62.75	6.15	7.27	44.68	71.2	2	17.6
2444.335	32.82	1.90	62.47	5.96	7.58	45.21	72.4	2	18.1
2444.480	33.95	1.93	65.49	6.10	7.80	47.58	72.7	2	16.6
2444.540	35.09	1.81	63.38	6.19	7.34	45.49	71.8	2	17.6
2444.644	35.39	1.78	62.84	6.02	7.46	44.89	71.4	2	17.1
2444.789	34.88	1.89	65.76	5.98	7.95	47.56	72.3	2	16.6
2444.849	35.03	1.84	64.58	6.05	7.49	45.32	70.2	2	17.6
2444.953	34.47	1.90	65.54	5.94	7.99	47.40	72.3	2	15.6
2445.098	35.25	1.87	65.99	5.79	8.02	46.46	70.4	2	16.1
2445.158	35.20	1.86	65.62	5.70	8.24	46.96	71.6	2	17.1
2445.262	33.56	1.92	64.33	5.86	7.88	46.21	71.8	2	18.1
2445.407	32.79	1.94	63.72	6.04	7.03	42.46	66.6	2	17.1
2445.467	33.92	1.89	64.04	5.88	7.35	43.20	67.5	2	16.6
2445.571	33.14	1.90	63.10	5.86	7.32	42.89	68.0	2	18.1
2445.716	34.62	1.84	63.87	5.93	7.44	44.09	69.0	2	17.6
2445.776	33.57	1.90	63.87	5.84	7.54	44.01	68.9	2	16.6
2445.880	34.57	1.80	62.34	5.90	7.50	44.25	71.0	2	18.1
2446.025	33.16	1.90	62.99	5.91	7.40	43.76	69.5	2	18.1
2446.085	34.03	1.85	63.11	5.88	7.61	44.76	70.9	2	16.1
2446.189	33.74	1.87	63.01	5.95	7.62	45.31	71.9	2	16.6
2446.334	33.24	1.90	63.20	5.85	7.55	44.15	69.9	2	18.1
2446.394	34.16	1.84	62.84	5.96	7.53	44.88	71.4	2	17.1
2446.498	34.17	1.87	63.99	5.96	7.48	44.55	69.6	2	17.1
2446.643	34.18	1.89	64.49	6.01	7.38	44.37	68.8	2	16.6
2446.703	35.09	1.81	63.63	5.80	7.69	44.61	70.1	2	16.6
2446.807	35.27	1.80	63.36	5.92	7.68	45.46	71.8	2	17.6
2446.952	32.43	1.94	62.84	5.85	7.63	44.62	71.0	2	18.1
2447.012	33.43	1.91	63.95	5.82	7.77	45.23	70.7	2	16.1
2447.116	34.97	1.82	63.75	5.83	7.75	45.18	70.9	2	17.1
2447.261	35.85	1.72	61.51	5.73	7.43	42.59	69.2	2	15.1
2447.321	36.24	1.64	59.44	5.63	7.41	41.76	70.2	2	15.6
2447.425	33.80	1.83	61.84	5.71	7.60	43.43	70.2	2	17.6
2447.570	34.45	1.84	63.46	5.71	7.78	44.40	70.0	2	16.1
2447.630	35.06	1.80	63.19	5.77	7.71	44.52	70.4	2	17.1
2447.734	34.92	1.83	63.75	5.80	7.69	44.58	69.9	2	17.1
2447.879	35.21	1.78	62.65	5.92	7.49	44.39	70.9	2	16.6
2447.939	34.69	1.87	64.91	5.80	7.98	46.28	71.3	2	18.6
2448.043	33.92	1.92	65.07	5.76	8.39	48.38	74.3	2	16.6
2448.188	34.52	1.90	65.52	6.15	7.62	46.80	71.4	2	17.1
2448.248	34.47	1.88	64.92	6.26	7.44	46.59	71.8	2	19.1
2448.352	33.72	1.90	64.01	6.19	7.32	45.30	70.8	2	18.1
2448.497	34.72	1.88	65.20	6.34	7.09	45.01	69.0	2	18.1
2448.557	34.58	1.87	64.61	6.21	7.24	45.01	69.7	2	17.1
2448.661	34.82	1.86	64.91	6.16	7.55	46.49	71.6	2	17.1
2448.806	34.31	1.93	66.24	5.94	7.98	47.44	71.6	2	17.6
2448.866	34.66	1.88	65.12	6.09	7.59	46.18	70.9	2	17.6
2448.970	33.64	1.95	65.44	5.99	8.15	48.82	74.6	2	17.6
2449.115	34.19	1.88	64.26	6.09	7.36	44.85	69.8	2	17.1
2449.175	34.64	1.86	64.39	6.14	7.49	46.02	71.5	2	18.1
2449.279	35.33	1.86	65.88	5.81	8.10	47.03	71.4	2	16.1
2449.424	35.24	1.84	64.98	5.68	7.84	44.52	68.5	2	15.6
2449.484	35.82	1.73	61.99	5.62	7.68	43.17	69.6	2	16.6
2449.588	32.74	1.90	62.13	5.55	8.10	44.99	72.4	2	18.1
2449.733	34.99	1.85	64.57	5.68	7.74	43.96	68.1	2	15.6
2449.793	35.31	1.82	64.09	5.80	7.66	44.43	69.3	2	18.1
2449.897	33.05	1.94	64.15	5.76	7.65	44.05	68.7	2	18.6
2450.042	34.95	1.81	63.13	5.79	7.86	45.51	72.1	2	17.1
2450.102	34.54	1.84	63.57	5.94	7.49	44.53	70.0	2	17.6
2450.206	34.91	1.85	64.53	6.06	7.18	43.54	67.5	2	17.6
2450.351	35.32	1.83	64.46	5.78	7.62	44.06	68.3	2	17.6
2450.411	34.25	1.90	64.94	5.83	7.56	44.03	67.8	2	16.6
2450.515	35.61	1.73	61.72	5.78	7.50	43.33	70.2	2	16.6
2450.660	33.57	1.90	63.81	5.79	7.70	44.59	69.9	2	17.1
2450.720	34.58	1.86	64.47	5.71	7.97	45.53	70.6	2	15.6
2450.824	34.50	1.85	63.92	5.72	7.85	44.91	70.3	2	16.1
2450.969	34.21	1.87	64.01	5.73	7.81	44.71	69.8	2	16.1
2451.029	34.96	1.82	63.66	5.84	7.60	44.32	69.6	2	18.1
2451.133	35.25	1.78	62.68	5.72	7.69	44.03	70.2	2	16.6
2451.278	34.88	1.86	64.91	5.84	7.78	45.41	70.0	2	18.1
2451.338	33.79	1.92	64.95	5.86	7.56	44.31	68.2	2	17.1
2451.442	34.58	1.87	64.71	5.77	7.87	45.40	70.2	2	18.1
2451.587	34.44	1.88	64.75	5.78	7.65	44.20	68.3	2	16.1
2451.647	34.76	1.85	64.14	5.79	7.67	44.37	69.2	2	18.1
2451.751	34.45	1.89	65.19	5.72	7.88	45.08	69.2	2	15.6
2451.896	34.88	1.88	65.70	5.75	7.88	45.31	69.0	2	17.6
2451.956	33.77	1.91	64.44	5.85	7.47	43.69	67.8	2	17.6
2452.060	35.30	1.78	62.98	5.86	7.48	43.85	69.6	2	17.1
2452.205	34.56	1.87	64.55	5.86	7.68	44.97	69.7	2	18.1
2452.265	34.41	1.89	65.13	5.83	8.09	47.16	72.4	2	17.1
2452.369	34.93	1.85	64.69	6.07	7.64	46.34	71.6	2	17.1
2452.514	34.45	1.89	65.01	6.06	7.25	43.93	67.6	2	16.1
2452.574	35.17	1.85	65.00	5.82	7.74	45.09	69.4	2	16.6
2452.678	34.46	1.85	63.89	5.95	7.34	43.66	68.3	2	18.1
2452.823	34.07	1.92	65.26	5.99	7.61	45.58	69.9	2	18.1
2452.883	34.31	1.90	65.18	6.08	7.24	43.98	67.5	2	16.6
2452.987	35.29	1.81	63.82	5.88	7.64	44.90	70.3	2	17.1
2453.132	33.03	1.93	63.84	6.00	7.70	46.22	72.4	2	17.6
2453.192	33.80	1.92	64.82	5.97	7.48	44.66	68.9	2	16.1
2453.296	34.87	1.78	62.03	5.71	7.63	43.56	70.2	2	17.6
2453.441	33.67	1.93	65.04	5.78	7.90	45.61	70.1	2	17.1
2453.501	34.90	1.81	63.10	5.86	7.64	44.78	71.0	2	17.1
2453.605	34.10	1.87	63.75	5.79	7.81	45.18	70.9	2	16.6
2453.750	33.20	1.90	62.99	5.80	7.60	44.11	70.0	2	18.1
2453.810	34.23	1.90	64.88	5.77	8.10	46.76	72.1	2	16.1
2453.914	34.63	1.85	64.01	6.07	7.34	44.56	69.6	2	19.1
2454.059	34.73	1.80	62.64	5.71	7.65	43.67	69.7	2	17.6
2454.119	32.90	1.90	62.45	5.64	7.90	44.57	71.4	2	18.1
2454.223	33.82	1.89	63.91	5.99	7.57	45.35	71.0	2	18.1
2454.368	34.33	1.84	63.02	5.85	7.59	44.41	70.5	2	17.6
2454.428	34.66	1.82	63.06	5.80	7.76	45.00	71.4	2	16.6
2454.532	33.65	1.89	63.63	5.90	7.53	44.40	69.8	2	16.6
2454.677	35.19	1.83	64.47	5.80	7.81	45.31	70.3	2	16.1
2454.737	35.33	1.82	64.33	5.88	7.57	44.51	69.2	2	17.6
2454.841	34.17	1.89	64.71	5.82	7.96	46.28	71.5	2	17.6
2454.986	35.13	1.84	64.61	5.90	7.75	45.71	70.7	2	18.1
2455.046	33.69	1.92	64.63	5.89	7.51	44.20	68.4	2	17.1
2455.150	33.99	1.91	64.95	5.92	7.67	45.35	69.8	2	17.6
2455.295	33.20	1.93	64.12	5.85	7.51	43.94	68.5	2	17.6
2455.355	34.08	1.92	65.37	5.83	7.92	46.15	70.6	2	17.1
2455.459	34.17	1.89	64.43	5.86	7.66	44.93	69.7	2	16.1
2455.604	34.14	1.87	63.81	6.03	7.43	44.79	70.2	2	18.6
2455.664	33.50	1.92	64.47	5.84	7.86	45.90	71.2	2	16.6
2455.768	33.55	1.91	64.01	5.83	7.77	45.24	70.7	2	17.1
2455.913	33.74	1.88	63.55	5.84	7.91	46.15	72.6	2	17.1
2455.973	34.64	1.82	63.03	6.01	7.61	45.74	72.6	2	18.1
2456.077	32.18	1.94	62.44	5.74	7.72	44.32	71.0	2	17.1
2456.222	34.97	1.74	60.96	5.74	7.44	42.70	70.0	2	15.6
2456.282	35.08	1.78	62.50	5.71	7.70	43.99	70.4	2	17.6
2456.386	34.12	1.88	64.19	5.96	7.70	45.86	71.5	2	18.6
2456.531	34.26	1.85	63.44	5.82	7.68	44.68	70.4	2	16.6
2456.591	35.08	1.81	63.66	5.77	7.66	44.17	69.4	2	15.6
2456.695	34.15	1.83	62.34	5.68	7.86	44.65	71.6	2	17.6
2456.840	36.11	1.67	60.33	5.55	7.49	41.58	68.9	2	15.6
2456.900	35.86	1.71	61.26	5.48	7.74	42.42	69.2	2	17.1
2457.004	32.92	1.87	61.67	5.59	7.74	43.28	70.2	2	17.1
2457.149	35.48	1.74	61.73	5.67	7.61	43.16	69.9	2	16.1
2457.209	35.86	1.71	61.18	5.60	7.59	42.47	69.4	2	15.1
2457.313	34.89	1.80	62.80	5.65	7.82	44.18	70.4	2	19.1
2457.458	34.51	1.84	63.59	5.77	7.76	44.80	70.4	2	16.1
2457.518	35.36	1.76	62.12	5.79	7.50	43.42	69.9	2	16.1
2457.622	34.60	1.83	63.40	5.78	7.63	44.13	69.6	2	18.1
2457.767	35.08	1.82	63.89	5.80	7.73	44.85	70.2	2	15.6
2457.827	35.75	1.71	61.00	5.77	7.54	43.49	71.3	2	16.1
2457.931	33.80	1.88	63.42	5.69	7.87	44.76	70.6	2	18.1
2458.076	34.35	1.86	63.95	5.72	7.91	45.24	70.7	2	16.1
2458.136	35.04	1.82	63.76	5.73	7.92	45.35	71.1	2	15.1
2458.240	34.67	1.84	63.91	5.87	7.73	45.42	71.1	2	18.6
2458.385	35.14	1.79	62.86	5.99	7.42	44.45	70.7	2	17.1
2458.445	34.47	1.88	64.95	5.79	7.92	45.80	70.5	2	16.1
2458.549	34.88	1.84	64.35	5.92	7.81	46.22	71.8	2	17.6
2458.694	32.02	1.95	62.44	5.96	7.14	42.56	68.2	2	18.6
2458.754	32.18	1.97	63.25	5.83	7.55	44.03	69.6	2	16.6
2458.858	34.25	1.85	63.23	5.83	7.46	43.46	68.7	2	17.1
2459.003	34.88	1.81	63.19	5.83	7.89	45.98	72.8	2	17.1
2459.063	34.26	1.86	63.77	5.90	7.49	44.15	69.2	2	18.1
2459.167	32.53	1.93	62.67	5.86	7.78	45.61	72.8	2	19.1
2459.312	33.92	1.85	62.82	5.70	7.77	44.30	70.5	2	16.6
2459.372	35.00	1.81	63.41	5.72	7.76	44.40	70.0	2	15.6
2459.476	35.97	1.67	60.04	5.68	7.41	42.08	70.1	2	16.6
2459.621	31.54	1.94	61.08	5.63	7.57	42.65	69.8	2	18.6
2459.681	32.55	1.92	62.38	5.68	7.59	43.11	69.1	2	16.1
2459.785	34.55	1.82	62.81	5.65	7.84	44.31	70.6	2	17.1
2459.930	34.33	1.87	64.36	5.71	7.87	44.93	69.8	2	15.6
2459.990	34.89	1.83	63.87	5.86	7.79	45.65	71.5	2	17.6
2460.094	35.09	1.77	62.24	5.78	7.52	43.46	69.8	2	16.6
2460.239	35.25	1.74	61.48	5.81	7.46	43.31	70.4	2	17.1
2460.299	33.85	1.84	62.40	5.74	7.76	44.53	71.4	2	17.1
2460.403	34.97	1.78	62.09	5.81	7.64	44.38	71.5	2	18.1
2460.548	35.39	1.76	62.47	5.72	7.60	43.46	69.6	2	15.1
2460.608	35.89	1.69	60.73	5.59	7.56	42.28	69.6	2	15.1
2460.712	33.74	1.84	62.02	5.66	7.54	42.70	68.9	2	18.1
2460.857	34.29	1.81	61.94	5.60	7.88	44.13	71.2	2	17.6
2460.917	33.83	1.86	62.89	5.72	7.72	44.10	70.1	2	18.1
2461.021	33.91	1.89	63.97	5.72	7.92	45.35	70.9	2	16.6
2461.166	35.75	1.73	61.75	5.72	7.57	43.34	70.2	2	17.1
2461.226	34.85	1.81	62.96	5.86	7.79	45.64	72.5	2	18.1
2461.330	33.83	1.89	64.01	5.72	7.88	45.09	70.5	2	16.6
2461.475	35.09	1.81	63.38	5.84	7.74	45.21	71.3	2	16.6
2461.535	34.52	1.81	62.58	5.86	7.37	43.16	69.0	2	18.1
2461.639	33.17	1.91	63.25	5.89	7.76	45.77	72.4	2	17.6
2461.784	35.23	1.82	64.22	5.76	7.78	44.83	69.8	2	16.1
2461.844	34.12	1.85	63.21	5.70	7.77	44.34	70.1	2	18.1
2461.948	34.21	1.88	64.18	5.92	7.53	44.60	69.5	2	16.1
2462.093	33.84	1.86	63.08	5.78	7.86	45.44	72.0	2	18.1
2462.153	33.80	1.87	63.24	5.97	7.45	44.48	70.3	2	18.6
2462.257	34.45	1.82	62.64	5.85	7.63	44.61	71.2	2	17.1
2462.402	34.53	1.92	66.19	5.85	8.17	47.83	72.3	2	16.6
2462.462	34.65	1.91	66.19	5.92	8.10	47.98	72.5	2	18.1
2462.566	34.71	1.87	64.77	6.09	7.58	46.22	71.4	2	17.6
2462.711	33.52	1.92	64.32	6.11	7.27	44.45	69.1	2	17.1
2462.771	34.66	1.83	63.55	6.11	7.01	42.79	67.3	2	16.1
2462.875	35.42	1.80	63.83	5.91	7.42	43.89	68.8	2	18.1
2463.020	35.09	1.79	62.66	5.98	7.31	43.69	69.7	2	18.1
2463.080	33.82	1.87	63.40	5.87	7.79	45.76	72.2	2	17.1
2463.184	33.04	1.91	63.21	5.89	7.30	43.03	68.1	2	18.1
2463.329	34.62	1.86	64.50	6.00	7.34	44.00	68.2	2	16.6
2463.389	35.46	1.76	62.47	5.73	7.50	42.98	68.8	2	15.6
2463.493	34.70	1.81	62.74	5.83	7.48	43.65	69.6	2	18.6
2463.638	34.55	1.85	63.97	5.76	7.80	44.94	70.3	2	17.1
2463.698	34.28	1.92	65.89	5.91	7.91	46.71	70.9	2	19.1
2463.802	34.05	1.90	64.58	5.87	7.90	46.37	71.8	2	17.1
2463.947	34.34	1.92	65.89	6.01	7.54	45.32	68.8	2	16.6
2464.007	34.76	1.88	65.30	5.90	7.74	45.67	69.9	2	17.1
2464.111	34.31	1.88	64.57	5.94	7.87	46.75	72.4	2	17.6
2464.256	33.90	1.87	63.47	5.92	7.62	45.14	71.1	2	17.6
2464.316	32.50	1.94	62.96	5.80	7.84	45.47	72.2	2	18.6
2464.420	33.84	1.93	65.33	5.89	7.82	46.10	70.6	2	16.1
2464.565	34.35	1.88	64.42	5.88	7.87	46.29	71.9	2	17.1
2464.625	34.17	1.90	65.06	6.08	7.58	46.11	70.9	2	19.6
2464.729	34.27	1.78	61.02	5.87	7.45	43.74	71.7	2	17.1
2464.874	34.86	1.84	64.10	6.04	7.47	45.14	70.4	2	18.1
2464.934	33.69	1.92	64.57	5.88	7.92	46.62	72.2	2	17.1
2465.038	32.86	1.90	62.45	5.89	7.34	43.28	69.3	2	18.1
2465.183	32.71	1.93	63.27	5.93	7.26	43.05	68.0	2	19.1
2465.243	32.84	1.93	63.29	5.84	7.78	45.42	71.8	2	17.6
2465.347	32.62	1.95	63.73	5.90	7.67	45.29	71.1	2	17.6
2465.492	34.70	1.86	64.38	5.78	7.75	44.77	69.5	2	15.6
2465.552	34.49	1.80	62.20	5.79	7.48	43.27	69.6	2	17.6
2465.656	33.71	1.89	63.87	5.99	7.45	44.63	69.9	2	18.6
2465.801	34.33	1.92	65.75	5.99	7.56	45.26	68.8	2	16.1
2465.861	35.22	1.82	64.26	5.93	7.68	45.54	70.9	2	17.1
2465.965	34.28	1.87	64.24	5.86	7.68	45.02	70.1	2	16.1
2466.110	33.98	1.87	63.63	5.90	7.60	44.81	70.4	2	16.6
2466.170	34.29	1.84	63.05	5.88	7.72	45.33	71.9	2	17.6
2466.274	33.24	1.92	63.79	5.80	7.97	46.23	72.5	2	17.1
2466.419	34.22	1.86	63.79	5.82	7.47	43.51	68.2	2	18.1
2466.479	34.42	1.88	64.78	5.87	7.66	44.98	69.4	2	17.6
2466.583	35.06	1.83	64.32	5.98	7.67	45.90	71.4	2	17.1
2466.728	33.87	1.88	63.67	5.97	7.52	44.95	70.6	2	17.6
2466.788	34.18	1.85	63.16	5.93	7.69	45.56	72.1	2	17.6
2466.892	34.90	1.80	62.72	5.89	7.61	44.78	71.4	2	16.6
2467.037	33.79	1.90	64.12	5.81	7.75	45.03	70.2	2	16.1
2467.097	34.09	1.88	64.15	5.88	7.45	43.81	68.3	2	17.6
2467.201	33.35	1.90	63.21	5.89	7.56	44.52	70.4	2	18.1
2467.346	34.13	1.86	63.43	5.79	7.66	44.35	69.9	2	16.1
2467.406	35.08	1.75	61.56	5.81	7.39	42.93	69.7	2	16.1
2467.510	35.42	1.75	61.86	5.74	7.68	44.08	71.3	2	18.1
2467.655	34.73	1.79	62.15	5.77	7.62	43.93	70.7	2	16.6
2467.715	33.67	1.87	62.84	5.71	7.80	44.57	70.9	2	18.1
2467.819	34.94	1.82	63.48	5.88	7.57	44.56	70.2	2	17.6
2467.964	34.24	1.84	63.13	5.87	7.68	45.13	71.5	2	17.1
2468.024	33.17	1.92	63.54	5.80	7.67	44.47	70.0	2	17.6
2468.128	34.23	1.86	63.56	5.95	7.36	43.83	69.0	2	16.1
2468.273	34.13	1.83	62.42	5.93	7.55	44.73	71.7	2	17.6
2468.333	33.33	1.87	62.36	5.81	7.76	45.08	72.3	2	17.6
2468.437	32.92	1.91	62.97	5.84	7.71	45.05	71.5	2	17.6
2468.582	35.17	1.78	62.72	5.75	7.56	43.46	69.3	2	17.1
2468.642	34.16	1.89	64.45	5.91	7.62	45.06	69.9	2	18.1
2468.746	34.51	1.87	64.54	5.85	7.43	43.46	67.3	2	17.1
2468.891	34.18	1.86	63.48	5.86	7.86	46.07	72.6	2	17.6
2468.951	34.38	1.88	64.48	5.96	7.50	44.73	69.4	2	17.6
2469.055	34.27	1.87	64.16	5.79	7.89	45.70	71.2	2	17.6
2469.200	34.84	1.81	63.17	5.77	7.73	44.56	70.5	2	16.1
2469.260	34.73	1.81	63.01	5.78	7.62	44.08	70.0	2	18.1
2469.364	34.83	1.87	65.25	6.01	7.67	46.10	70.7	2	17.1
2469.509	34.05	1.91	64.87	5.77	7.96	45.91	70.8	2	16.1
2469.569	34.47	1.87	64.41	5.80	7.95	46.07	71.5	2	18.1
2469.673	34.16	1.90	65.07	6.01	7.36	44.24	68.0	2	16.6
2469.818	33.69	1.89	63.62	5.89	7.63	44.91	70.6	2	18.1
2469.878	34.17	1.90	65.07	5.93	7.53	44.61	68.5	2	17.1
2469.982	35.51	1.78	63.26	5.80	7.71	44.70	70.7	2	16.1
2470.127	34.56	1.87	64.78	5.77	8.00	46.16	71.3	2	16.1
2470.187	35.29	1.79	63.11	5.98	7.53	45.02	71.3	2	16.6
2470.291	34.10	1.91	65.08	5.97	7.41	44.26	68.0	2	16.6
2470.436	35.37	1.83	64.62	5.94	7.49	44.50	68.9	2	15.6
2470.496	35.96	1.70	61.03	5.75	7.38	42.43	69.5	2	15.6
2470.600	33.94	1.84	62.53	5.76	7.55	43.52	69.6	2	18.1
2470.745	35.24	1.81	63.87	5.78	7.64	44.20	69.2	2	16.1
2470.805	35.07	1.81	63.64	5.72	7.75	44.34	69.7	2	16.1
2470.909	35.11	1.84	64.64	5.82	7.83	45.56	70.5	2	17.1
2471.054	34.51	1.86	64.15	5.80	7.90	45.79	71.4	2	16.1
2471.114	34.30	1.82	62.58	5.89	7.46	43.94	70.2	2	18.1
2471.218	34.39	1.83	63.07	6.02	7.62	45.88	72.7	2	18.6
2471.363	34.99	1.77	61.80	5.93	7.42	43.95	71.1	2	17.1
2471.423	34.70	1.82	63.18	5.82	7.67	44.64	70.7	2	16.1
2471.527	33.23	1.85	61.42	5.69	7.70	43.83	71.4	2	18.1
2471.672	34.85	1.81	62.94	5.72	7.85	44.94	71.4	2	17.1
2471.732	33.47	1.88	62.97	5.72	7.69	44.01	69.9	2	17.1
2471.836	34.11	1.87	63.80	5.79	7.84	45.40	71.2	2	18.1
2471.981	35.17	1.75	61.67	5.69	7.56	43.02	69.8	2	16.1
2472.041	35.75	1.69	60.44	5.71	7.45	42.56	70.4	2	16.1
2472.145	34.77	1.83	63.71	5.72	7.84	44.91	70.5	2	17.6
2472.290	34.35	1.88	64.41	5.75	7.91	45.44	70.5	2	16.1
2472.350	35.27	1.79	63.09	5.80	7.66	44.42	70.4	2	16.1
2472.454	35.22	1.80	63.55	5.67	7.92	44.94	70.7	2	16.6
2472.599	31.81	1.93	61.54	5.65	7.55	42.68	69.4	2	17.1
2472.659	33.57	1.89	63.39	5.68	7.78	44.24	69.8	2	15.1
2472.763	34.74	1.78	61.89	5.64	7.76	43.77	70.7	2	16.6
2472.908	35.48	1.77	62.81	5.70	7.84	44.73	71.2	2	18.1
2472.968	32.89	1.86	61.11	5.64	7.87	44.38	72.6	2	18.1
2473.072	32.19	1.90	61.30	5.74	7.66	43.95	71.7	2	17.1
2473.217	35.31	1.76	62.06	5.60	7.70	43.15	69.5	2	16.1
2473.277	35.56	1.74	61.92	5.59	7.77	43.42	70.1	2	14.6
2473.381	34.63	1.83	63.29	5.73	7.73	44.31	70.0	2	18.1
2473.526	33.79	1.88	63.63	5.72	7.74	44.28	69.6	2	16.6
2473.586	34.05	1.89	64.25	5.73	7.90	45.29	70.5	2	16.6
2473.690	33.82	1.90	64.26	5.90	7.64	45.09	70.2	2	17.1
2473.835	33.99	1.90	64.48	5.95	7.70	45.81	71.1	2	17.1
2473.895	34.93	1.82	63.58	5.86	7.71	45.14	71.0	2	17.1
2473.999	34.81	1.86	64.75	5.80	7.84	45.49	70.3	2	15.6
2474.144	34.01	1.82	61.95	5.64	7.74	43.68	70.5	2	18.1
2474.204	33.29	1.89	62.95	5.68	7.93	45.04	71.6	2	18.1
2474.308	33.58	1.89	63.49	5.81	7.76	45.10	71.0	2	17.1
2474.453	33.44	1.91	63.81	5.74	7.78	44.67	70.0	2	17.6
2474.513	34.12	1.87	63.96	5.95	7.64	45.45	71.1	2	18.6
2474.617	33.60	1.92	64.46	5.82	7.88	45.84	71.1	2	17.1
2474.762	34.56	1.80	62.10	5.92	7.60	45.00	72.5	2	17.6
2474.822	34.77	1.86	64.58	6.00	7.37	44.24	68.5	2	16.6
2474.926	35.46	1.78	63.06	5.82	7.56	43.98	69.7	2	17.1
2475.071	33.18	1.92	63.59	5.75	7.87	45.25	71.2	2	16.6
2475.131	34.33	1.87	64.22	5.84	7.76	45.32	70.6	2	16.6
2475.235	33.87	1.88	63.74	5.92	7.82	46.28	72.6	2	16.6
2475.380	35.39	1.76	62.28	5.81	7.53	43.76	70.3	2	17.1
2475.440	35.30	1.80	63.71	5.87	7.77	45.63	71.6	2	17.1
2475.544	34.05	1.88	63.90	5.87	7.86	46.15	72.2	2	17.6
2475.689	34.43	1.90	65.50	5.90	7.89	46.54	71.0	2	17.1
2475.749	34.49	1.89	65.14	6.01	7.57	45.48	69.8	2	18.1
2475.853	34.69	1.86	64.58	5.83	7.84	45.72	70.8	2	16.1
2475.998	34.41	1.88	64.80	6.04	7.63	46.07	71.1	2	17.6
2476.058	33.58	1.91	64.22	5.99	7.46	44.65	69.5	2	17.6
2476.162	34.96	1.81	63.27	5.91	7.58	44.81	70.8	2	17.6
2476.307	34.01	1.91	64.95	5.80	7.92	45.95	70.8	2	18.6
2476.367	33.60	1.92	64.58	5.96	7.67	45.68	70.7	2	18.6
2476.471	34.87	1.82	63.38	5.95	7.46	44.43	70.1	2	18.1
2476.616	33.99	1.88	64.02	6.03	7.44	44.86	70.1	2	18.1
2476.676	34.00	1.88	64.03	5.82	7.81	45.43	70.9	2	15.6
2476.780	35.45	1.73	61.21	5.76	7.58	43.70	71.4	2	16.1
2476.925	34.53	1.87	64.42	5.90	7.52	44.39	68.9	2	19.1
2476.985	33.36	1.90	63.54	5.81	7.79	45.26	71.2	2	17.1
2477.089	33.68	1.88	63.19	5.79	7.78	45.04	71.3	2	18.1
2477.234	34.05	1.90	64.67	6.04	7.37	44.52	68.8	2	17.1
2477.294	34.26	1.91	65.36	5.97	7.46	44.55	68.2	2	16.1
2477.398	35.38	1.80	63.75	5.80	7.76	44.95	70.5	2	17.6
2477.543	34.71	1.85	64.12	5.67	7.89	44.73	69.8	2	16.1
2477.603	34.71	1.82	63.18	5.80	7.51	43.59	69.0	2	18.1
2477.707	34.06	1.87	63.80	5.77	7.85	45.27	71.0	2	16.1
2477.852	33.64	1.89	63.45	5.84	7.67	44.77	70.6	2	17.1
2477.912	34.37	1.89	64.96	5.74	8.05	46.22	71.1	2	15.1
2478.016	35.30	1.81	63.97	5.95	7.39	43.95	68.7	2	18.1
2478.161	35.24	1.79	63.26	5.89	7.70	45.32	71.6	2	17.6
2478.221	35.16	1.85	65.03	5.99	7.46	44.70	68.7	2	17.6
2478.325	35.69	1.77	63.00	5.84	7.50	43.74	69.4	2	16.6
2478.470	33.85	1.90	64.19	5.93	7.67	45.52	70.9	2	17.6
2478.530	34.09	1.89	64.28	6.05	7.36	44.55	69.3	2	16.6
2478.634	34.91	1.84	64.21	5.96	7.52	44.80	69.8	2	18.1
2478.779	34.45	1.84	63.52	6.05	7.31	44.20	69.6	2	18.6
2478.839	33.83	1.87	63.40	5.83	7.71	44.96	70.9	2	16.1
2478.943	33.20	1.89	62.69	5.87	7.46	43.83	69.9	2	17.1
2479.088	34.57	1.85	64.00	5.90	7.72	45.56	71.2	2	17.6
2479.148	34.80	1.84	63.93	6.03	7.63	45.98	71.9	2	18.6
2479.252	32.30	1.94	62.60	5.87	7.61	44.68	71.4	2	17.6
2479.397	34.73	1.83	63.53	5.76	7.68	44.28	69.7	2	16.1
2479.457	35.15	1.75	61.65	5.88	7.40	43.55	70.6	2	17.6
2479.561	34.03	1.86	63.45	5.97	7.47	44.54	70.2	2	18.6
2479.706	33.97	1.90	64.56	5.94	7.57	44.91	69.6	2	15.6
2479.766	34.89	1.79	62.46	5.88	7.46	43.86	70.2	2	17.6
2479.870	32.57	1.90	61.99	5.76	7.65	44.08	71.1	2	17.1
2480.015	34.48	1.85	63.90	5.85	7.39	43.24	67.7	2	18.1
2480.075	33.89	1.91	64.65	5.81	7.80	45.31	70.1	2	18.1
2480.179	33.74	1.89	63.75	5.93	7.69	45.57	71.5	2	17.1
2480.324	33.46	1.92	64.17	5.85	7.87	46.03	71.7	2	16.6
2480.384	34.69	1.82	63.16	6.01	7.50	45.07	71.4	2	17.1
2480.488	34.15	1.89	64.39	5.92	7.90	46.74	72.6	2	16.6
2480.633	34.54	1.88	65.00	5.89	7.71	45.40	69.8	2	15.6
2480.693	35.46	1.75	62.17	5.85	7.37	43.07	69.3	2	15.6
2480.797	34.01	1.80	61.07	5.69	7.63	43.38	71.0	2	18.6
2480.942	33.23	1.87	62.09	5.86	7.63	44.73	72.0	2	17.1
2481.002	34.58	1.79	61.97	5.76	7.67	44.20	71.3	2	16.1
2481.106	34.52	1.85	63.77	5.87	7.78	45.69	71.6	2	19.1
2481.251	34.00	1.88	63.77	5.76	7.74	44.60	69.9	2	16.1
2481.311	34.98	1.81	63.32	5.78	7.56	43.71	69.0	2	16.1
2481.415	33.83	1.89	63.95	5.73	7.82	44.77	70.0	2	18.1
2481.560	34.82	1.85	64.53	5.91	7.65	45.25	70.1	2	17.6
2481.620	33.70	1.89	63.73	5.87	7.43	43.57	68.4	2	16.6
2481.724	35.54	1.73	61.53	5.89	7.39	43.53	70.7	2	16.1
2481.869	34.44	1.87	64.43	5.91	7.94	46.98	72.9	2	16.6
2481.929	33.81	1.87	63.26	5.93	7.54	44.70	70.7	2	17.6
2482.033	35.12	1.82	63.90	5.97	7.20	43.02	67.3	2	15.6
2482.178	33.96	1.86	63.09	5.73	7.73	44.28	70.2	2	18.1
2482.238	34.31	1.87	64.18	5.92	7.52	44.52	69.4	2	16.1
2482.342	35.31	1.82	64.10	6.02	7.43	44.73	69.8	2	18.6
2482.487	34.81	1.82	63.27	5.99	7.55	45.22	71.5	2	16.6
2482.547	34.84	1.86	64.88	6.07	7.38	44.82	69.1	2	18.1
2482.651	33.60	1.89	63.67	6.00	7.00	42.01	66.0	2	17.1
2482.796	35.10	1.83	64.20	5.96	7.44	44.34	69.1	2	18.1
2482.856	34.10	1.88	64.25	5.86	7.50	43.96	68.4	2	16.1
2482.960	33.76	1.85	62.60	5.76	7.43	42.82	68.4	2	18.6
2483.105	34.25	1.81	61.92	5.75	7.62	43.75	70.7	2	16.1
2483.165	34.25	1.82	62.24	5.67	7.80	44.22	71.0	2	18.1
2483.269	33.77	1.90	64.24	5.83	7.90	46.06	71.7	2	18.1
2483.414	33.11	1.89	62.73	5.88	7.37	43.38	69.2	2	17.6
2483.474	33.65	1.94	65.12	5.80	7.78	45.11	69.3	2	15.6
2483.578	35.53	1.75	62.21	5.86	7.57	44.39	71.4	2	16.6
2483.723	34.27	1.91	65.40	5.92	7.19	42.61	65.2	2	15.6
2483.783	34.88	1.86	64.83	5.84	7.27	42.44	65.5	2	17.1
2483.887	34.21	1.91	65.19	5.77	7.89	45.51	69.8	2	16.1
2484.032	35.24	1.82	64.15	5.85	7.53	44.05	68.7	2	17.6
2484.092	33.28	1.91	63.54	5.79	7.35	42.55	67.0	2	17.6
2484.196	34.95	1.83	63.80	5.69	7.77	44.20	69.3	2	16.1
2484.341	33.99	1.89	64.10	5.71	7.85	44.78	69.9	2	15.1
2484.401	35.07	1.73	60.74	5.75	7.40	42.56	70.1	2	17.1
2484.505	34.65	1.83	63.38	6.03	7.50	45.19	71.3	2	18.1
2484.650	35.03	1.73	60.56	5.85	7.37	43.08	71.1	2	16.6
2484.710	34.58	1.84	63.70	5.83	7.86	45.79	71.9	2	16.6
2484.814	33.70	1.91	64.35	5.92	7.33	43.38	67.4	2	16.6
2484.959	34.43	1.82	62.70	5.79	7.76	44.99	71.8	2	17.6
2485.019	34.51	1.86	64.06	6.04	7.35	44.40	69.3	2	18.1
2485.123	33.66	1.92	64.77	5.81	8.04	46.72	72.1	2	15.6
2485.268	33.61	1.89	63.61	5.90	7.31	43.15	67.8	2	17.1
2485.328	34.68	1.83	63.57	5.72	7.73	44.19	69.5	2	16.1
2485.432	35.40	1.81	64.16	5.82	7.49	43.59	67.9	2	15.1
2485.577	34.16	1.83	62.61	5.80	7.38	42.82	68.4	2	17.6
2485.637	33.42	1.91	63.67	5.82	7.74	45.10	70.8	2	18.1
2485.741	34.71	1.87	64.93	5.82	7.78	45.26	69.7	2	16.1
2485.886	34.36	1.85	63.54	5.84	7.89	46.03	72.5	2	16.6
2485.946	34.66	1.86	64.56	6.10	7.54	45.97	71.2	2	18.6
2486.050	33.25	1.92	63.74	5.88	7.55	44.36	69.6	2	17.1
2486.195	35.48	1.78	63.00	5.94	7.40	43.90	69.7	2	18.1
2486.255	33.93	1.88	63.84	5.84	7.64	44.63	69.9	2	17.1
2486.359	34.62	1.84	63.75	5.87	7.55	44.32	69.5	2	18.6
2486.504	34.98	1.79	62.62	5.78	7.52	43.47	69.4	2	17.1
2486.564	34.59	1.86	64.26	5.87	7.45	43.74	68.1	2	18.6
2486.668	34.42	1.84	63.30	5.79	7.74	44.77	70.7	2	16.6
2486.813	34.29	1.85	63.52	5.88	7.72	45.38	71.4	2	17.6
2486.873	33.27	1.90	63.31	5.92	7.36	43.56	68.8	2	17.6
2486.977	35.10	1.79	62.87	5.81	7.51	43.59	69.3	2	16.6
2487.122	34.16	1.88	64.28	5.85	7.82	45.70	71.1	2	17.6
2487.182	33.71	1.89	63.83	5.91	7.49	44.28	69.4	2	17.1
2487.286	35.30	1.78	62.84	5.81	7.63	44.32	70.5	2	16.1
2487.431	34.26	1.88	64.52	5.84	7.99	46.68	72.3	2	17.6
2487.491	33.87	1.88	63.56	5.99	7.58	45.43	71.5	2	18.6
2487.595	34.24	1.89	64.57	5.97	7.40	44.20	68.5	2	16.6
2487.740	34.63	1.84	63.85	5.93	7.54	44.70	70.0	2	18.1
2487.800	34.42	1.87	64.37	5.87	7.88	46.28	71.9	2	17.1
2487.904	33.86	1.87	63.39	6.07	7.28	44.20	69.7	2	17.6
2488.049	33.47	1.89	63.25	5.89	7.45	43.83	69.3	2	18.1
2488.109	33.57	1.91	64.01	6.00	7.74	46.43	72.5	2	17.1
2488.213	34.82	1.84	64.02	5.76	7.81	44.96	70.2	2	15.6
2488.358	33.04	1.89	62.54	5.81	7.58	44.01	70.4	2	18.1
2488.418	34.27	1.85	63.43	5.91	7.61	44.96	70.9	2	17.1
2488.522	35.50	1.75	62.22	5.91	7.39	43.70	70.2	2	16.1
2488.667	34.74	1.87	65.08	5.82	7.81	45.45	69.8	2	17.1
2488.727	34.44	1.89	64.95	6.01	7.53	45.31	69.8	2	18.1
2488.831	35.08	1.79	62.83	5.93	7.54	44.69	71.1	2	17.6
2488.976	34.56	1.88	65.09	5.96	7.55	44.99	69.1	2	16.6
2489.036	35.28	1.78	62.82	5.76	7.65	44.10	70.2	2	16.6
2489.140	34.95	1.85	64.73	5.77	7.79	44.91	69.4	2	16.6
2489.285	34.62	1.83	63.39	5.88	7.73	45.46	71.7	2	17.1
2489.345	34.96	1.86	65.09	6.00	7.42	44.50	68.4	2	17.1
2489.449	35.74	1.76	63.02	5.76	7.57	43.63	69.2	2	16.6
2489.594	34.23	1.87	63.91	5.92	7.50	44.39	69.5	2	17.1
2489.654	34.71	1.87	64.78	5.84	7.88	46.08	71.1	2	16.1
2489.758	34.95	1.85	64.61	5.89	7.85	46.20	71.5	2	16.1
2489.903	34.27	1.89	64.68	5.93	7.81	46.32	71.6	2	17.1
2489.963	34.45	1.86	64.24	6.10	7.44	45.38	70.6	2	19.1
2490.067	34.56	1.82	62.94	5.89	7.57	44.59	70.8	2	17.1
2490.212	34.94	1.78	62.31	5.91	7.58	44.80	71.9	2	16.6
2490.272	33.70	1.86	62.74	5.89	7.46	43.96	70.1	2	18.6
2490.376	33.59	1.85	62.13	5.84	7.50	43.78	70.5	2	17.6
2490.521	34.78	1.81	62.98	5.95	7.38	43.85	69.6	2	16.6
2490.581	35.58	1.72	61.17	5.86	7.39	43.31	70.8	2	16.6
2490.685	34.58	1.81	62.62	5.93	7.52	44.58	71.2	2	17.1
2490.830	34.85	1.88	65.38	5.80	7.85	45.47	69.6	2	15.6
2490.890	35.22	1.77	62.47	5.88	7.58	44.62	71.4	2	17.6
2490.994	35.31	1.77	62.52	5.97	7.39	44.10	70.5	2	17.6
2491.139	34.02	1.87	63.78	6.03	7.32	44.16	69.2	2	18.1
2491.199	34.02	1.88	63.81	5.79	7.70	44.57	69.8	2	15.6
2491.303	35.42	1.79	63.42	5.74	7.69	44.17	69.6	2	15.6
2491.448	34.28	1.85	63.36	5.78	7.94	45.90	72.4	2	16.6
2491.508	35.25	1.74	61.40	5.95	7.52	44.70	72.8	2	17.6
2491.612	32.21	1.91	61.58	5.72	7.85	44.87	72.9	2	18.6
2491.757	34.57	1.86	64.22	5.84	7.75	45.23	70.4	2	16.6
2491.817	34.62	1.85	64.20	5.76	7.88	45.40	70.7	2	18.1
2491.921	34.76	1.84	64.10	5.78	7.74	44.70	69.7	2	16.1
2492.066	34.07	1.87	63.56	5.85	7.93	46.38	73.0	2	17.6
2492.126	33.71	1.91	64.22	5.93	7.59	45.02	70.1	2	18.1
2492.230	34.96	1.79	62.65	5.86	7.55	44.25	70.6	2	17.6
2492.375	33.38	1.90	63.39	5.87	7.48	43.88	69.2	2	18.1
2492.435	33.57	1.89	63.49	5.94	7.69	45.64	71.9	2	17.1
2492.539	34.87	1.77	61.69	5.82	7.49	43.56	70.6	2	16.6
2492.684	33.90	1.88	63.75	5.92	7.46	44.18	69.3	2	16.6
2492.744	34.99	1.77	62.05	5.82	7.49	43.59	70.3	2	16.6
2492.848	33.46	1.87	62.73	5.90	7.58	44.76	71.3	2	17.6
2492.993	34.38	1.85	63.73	5.73	7.68	44.03	69.1	2	15.6
2493.053	35.39	1.75	61.79	5.80	7.43	43.05	69.7	2	16.1
2493.157	35.02	1.77	61.92	5.69	7.48	42.57	68.7	2	18.1
2493.302	34.53	1.84	63.42	5.78	7.77	44.94	70.9	2	16.6
2493.362	34.29	1.85	63.59	5.75	7.78	44.75	70.4	2	16.6
2493.466	34.73	1.88	65.15	5.83	7.92	46.16	70.9	2	16.1
2493.611	33.60	1.92	64.55	5.90	7.72	45.50	70.5	2	17.1
2493.671	34.49	1.86	64.22	5.91	7.85	46.37	72.2	2	17.1
2493.775	33.53	1.92	64.31	5.87	7.90	46.38	72.1	2	17.6
2493.920	34.05	1.88	64.01	5.88	7.74	45.48	71.1	2	16.6
2493.980	34.45	1.84	63.23	5.99	7.54	45.17	71.4	2	18.1
2494.084	33.73	1.87	63.19	5.87	7.67	45.01	71.2	2	17.6
2494.229	34.56	1.83	63.17	5.83	7.60	44.35	70.2	2	17.1
2494.289	35.07	1.81	63.45	5.94	7.52	44.67	70.4	2	18.1
2494.393	33.69	1.90	63.92	5.98	7.72	46.18	72.2	2	18.6
2494.538	35.45	1.77	62.64	5.68	7.71	43.78	69.9	2	14.6
2494.598	36.01	1.64	58.95	5.70	7.25	41.33	70.1	2	15.1
2494.702	34.47	1.77	60.93	5.59	7.49	41.89	68.8	2	17.1
2494.847	31.87	1.93	61.38	5.60	7.67	42.97	70.0	2	17.6
