887.110	39.35	0.12	4.79	0.00	0.23	0.00	0.0	1	34.1	2
887.170	24.82	2.33	57.88	1.60	3.25	5.19	9.0	1	49.1	2
887.273	10.98	4.02	44.18	1.92	3.78	7.28	16.5	1	52.5	2
887.417	9.78	4.64	45.41	3.31	6.39	21.14	46.6	1	30.0	2
887.477	13.24	4.11	54.41	3.79	7.28	27.62	50.8	1	25.0	2
887.581	25.39	2.79	70.88	4.18	8.19	34.27	48.4	1	10.0	2
887.726	34.94	1.41	49.32	3.52	7.08	24.96	50.6	1	10.0	2
887.786	36.03	1.26	45.51	3.47	7.10	24.64	54.1	1	14.0	2
887.890	35.20	1.92	67.60	4.41	9.06	39.94	59.1	1	18.0	2
888.035	34.37	2.36	81.21	5.44	9.64	52.47	64.6	1	18.0	2
888.095	34.80	2.26	78.59	5.79	9.14	52.94	67.4	1	17.9	2
888.199	35.67	2.01	71.53	6.35	7.95	50.44	70.5	1	18.0	2
888.344	36.38	1.71	62.08	6.78	6.72	45.56	73.4	1	18.0	2
888.404	34.28	2.07	71.02	7.27	6.93	50.36	70.9	1	30.5	2
888.508	18.57	3.71	68.85	7.03	5.70	40.04	58.1	1	55.0	2
888.653	12.35	4.45	54.99	6.73	5.35	35.98	65.4	1	40.0	2
888.713	13.33	4.26	56.85	6.90	5.64	38.94	68.5	1	32.5	2
888.817	23.53	3.45	81.15	7.91	6.82	53.95	66.5	1	22.5	2
888.962	35.30	1.30	46.02	5.81	4.11	23.89	51.9	1	20.0	2
889.022	33.23	2.05	68.12	6.75	6.13	41.33	60.7	1	25.0	2
889.125	33.95	2.17	73.51	7.69	6.57	50.58	68.8	1	21.0	2
889.270	26.81	2.92	78.40	8.64	6.51	56.23	71.7	1	33.0	2
889.330	25.11	3.05	76.52	8.77	6.51	57.14	74.7	1	29.0	2
889.434	26.89	3.10	83.34	9.23	6.99	64.50	77.4	1	29.0	2
889.579	28.55	3.09	88.24	10.04	6.40	64.27	72.8	1	29.3	2
889.639	28.71	3.09	88.66	10.12	6.66	67.37	76.0	1	29.5	2
889.743	29.02	3.09	89.66	10.34	6.65	68.81	76.7	1	29.8	2
889.888	29.10	3.09	89.99	10.56	6.72	70.92	78.8	1	30.1	2
889.948	29.09	3.09	89.86	10.68	6.62	70.66	78.6	1	29.9	2
890.052	29.20	3.08	89.87	10.78	6.54	70.55	78.5	1	30.1	2
890.197	29.18	3.09	90.21	10.84	6.54	70.91	78.6	1	30.2	2
890.257	29.23	3.08	89.98	10.85	6.64	72.02	80.0	1	30.2	2
890.361	29.19	3.08	89.92	10.91	6.55	71.41	79.4	1	30.2	2
890.506	29.33	3.07	89.93	10.90	6.56	71.45	79.5	1	30.1	2
890.566	29.57	3.06	90.56	10.91	6.62	72.21	79.7	1	29.9	2
890.670	29.69	3.06	90.78	10.90	6.41	69.85	76.9	1	29.6	2
890.815	30.37	3.02	91.67	10.95	6.53	71.56	78.1	1	29.3	2
890.875	30.61	3.01	92.18	10.97	6.53	71.60	77.7	1	29.1	2
890.979	30.63	2.98	91.34	11.05	6.48	71.55	78.3	1	29.3	2
891.124	31.09	2.96	91.98	11.07	6.55	72.46	78.8	1	29.1	2
891.184	31.17	2.95	92.03	11.07	6.58	72.87	79.2	1	29.0	2
891.288	31.26	2.94	91.97	11.09	6.63	73.50	79.9	1	28.8	2
891.433	31.42	2.93	91.94	11.09	6.60	73.22	79.6	1	29.1	2
891.493	31.30	2.94	91.93	11.12	6.55	72.91	79.3	1	29.1	2
891.597	31.07	2.96	91.88	11.09	6.55	72.62	79.0	1	29.1	2
891.742	30.91	2.98	92.18	11.06	6.65	73.55	79.8	1	29.1	2
891.802	30.99	2.96	91.75	11.07	6.59	72.93	79.5	1	29.0	2
891.906	30.88	2.97	91.70	11.09	6.57	72.82	79.4	1	29.1	2
892.051	31.06	2.95	91.74	11.06	6.42	71.01	77.4	1	28.8	2
892.111	30.98	2.96	91.71	10.95	6.66	72.89	79.5	1	28.8	2
892.215	31.24	2.95	92.19	10.95	6.63	72.62	78.8	1	28.7	2
892.360	31.27	2.96	92.42	10.93	6.69	73.15	79.2	1	28.7	2
892.420	31.25	2.95	92.25	10.95	6.65	72.81	78.9	1	28.7	2
892.524	31.12	2.96	92.10	10.85	6.67	72.34	78.5	1	28.7	2
892.669	31.20	2.96	92.22	10.88	6.78	73.82	80.0	1	28.7	2
892.729	31.22	2.95	92.09	10.84	6.66	72.18	78.4	1	28.5	2
892.833	30.98	2.96	91.80	10.79	6.70	72.36	78.8	1	28.5	2
892.978	31.30	2.94	92.04	10.86	6.59	71.52	77.7	1	28.4	2
893.038	31.22	2.93	91.62	10.75	6.68	71.78	78.3	1	28.5	2
893.142	31.25	2.94	91.88	10.76	6.75	72.59	79.0	1	28.5	2
893.287	31.05	2.97	92.15	10.70	6.63	71.01	77.1	1	28.7	2
893.347	31.02	2.97	92.04	10.68	6.71	71.67	77.9	1	28.8	2
893.451	30.74	2.98	91.55	10.66	6.75	71.97	78.6	1	28.7	2
893.596	30.46	3.00	91.32	10.56	6.74	71.18	77.9	1	28.7	2
893.656	30.38	3.01	91.36	10.56	6.62	69.91	76.5	1	28.7	2
893.760	30.37	3.00	91.22	10.56	6.68	70.54	77.3	1	28.7	2
893.905	30.17	3.03	91.47	10.58	6.60	69.81	76.3	1	28.8	2
893.965	29.99	3.04	91.08	10.53	6.71	70.69	77.6	1	29.0	2
894.069	29.94	3.04	90.92	10.52	6.77	71.19	78.3	1	28.8	2
894.214	30.16	3.03	91.39	10.43	6.86	71.59	78.3	1	28.7	2
894.274	30.21	3.03	91.40	10.42	6.81	70.98	77.7	1	28.7	2
894.378	30.10	3.03	91.28	10.39	6.82	70.90	77.7	1	28.7	2
894.523	29.76	3.03	90.32	10.35	6.85	70.91	78.5	1	28.7	2
894.583	29.95	3.03	90.60	10.38	6.75	70.04	77.3	1	28.5	2
894.687	30.25	3.02	91.50	10.40	6.83	71.02	77.6	1	28.4	2
894.832	30.12	3.03	91.12	10.33	6.78	70.06	76.9	1	28.4	2
894.892	30.34	3.01	91.28	10.30	6.81	70.19	76.9	1	28.2	2
894.996	30.46	3.00	91.37	10.29	6.89	70.87	77.6	1	28.2	2
895.141	30.58	2.99	91.47	10.38	6.78	70.36	76.9	1	28.2	2
895.201	30.62	3.00	91.72	10.32	6.87	70.92	77.3	1	28.1	2
895.305	30.44	2.99	91.06	10.31	6.93	71.50	78.5	1	28.2	2
895.450	30.27	3.01	91.09	10.27	6.92	71.07	78.0	1	28.4	2
895.510	30.23	3.02	91.25	10.15	7.12	72.29	79.2	1	28.2	2
895.614	30.36	3.02	91.59	10.25	6.66	68.31	74.6	1	28.2	2
895.759	30.21	3.02	91.13	10.19	6.78	69.11	75.8	1	28.2	2
895.819	30.26	3.02	91.31	10.11	7.07	71.53	78.3	1	28.2	2
895.923	29.70	3.05	90.52	9.98	7.47	74.59	82.4	1	28.2	2
896.068	29.17	3.08	89.90	10.15	6.41	65.03	72.3	1	28.4	2
896.128	29.14	3.08	89.74	10.15	6.24	63.40	70.6	1	28.5	2
896.232	28.96	3.09	89.35	10.18	6.12	62.34	69.8	1	28.4	2
896.377	29.10	3.09	89.81	9.83	7.18	70.60	78.6	1	28.4	2
896.437	29.28	3.08	90.10	9.84	7.08	69.72	77.4	1	28.2	2
896.541	29.82	3.06	91.12	9.89	6.96	68.90	75.6	1	27.9	2
896.686	29.72	3.05	90.71	9.88	6.99	69.09	76.2	1	27.9	2
896.746	29.97	3.04	91.26	9.83	7.13	70.10	76.8	1	27.8	2
896.850	29.83	3.04	90.73	9.77	7.15	69.88	77.0	1	27.9	2
896.995	29.54	3.07	90.59	9.77	7.15	69.84	77.1	1	28.2	2
897.055	29.48	3.07	90.47	9.79	7.14	69.85	77.2	1	28.1	2
897.159	29.10	3.07	89.41	9.76	7.02	68.47	76.6	1	28.1	2
897.304	29.48	3.06	90.32	9.72	7.13	69.38	76.8	1	27.8	2
897.364	29.50	3.05	90.07	9.71	7.19	69.75	77.4	1	27.8	2
897.468	29.43	3.07	90.42	9.68	7.21	69.80	77.2	1	28.1	2
897.613	29.07	3.10	90.04	9.61	7.01	67.39	74.8	1	28.1	2
897.673	28.85	3.09	89.29	9.57	7.10	67.94	76.1	1	28.2	2
897.777	28.71	3.11	89.21	9.50	7.20	68.41	76.7	1	28.2	2
897.922	28.92	3.10	89.56	9.53	7.11	67.69	75.6	1	28.1	2
897.982	28.76	3.10	89.19	9.46	7.30	69.06	77.4	1	28.1	2
898.086	28.68	3.11	89.08	9.48	7.08	67.10	75.3	1	28.1	2
898.231	28.50	3.10	88.41	9.41	7.14	67.21	76.0	1	28.1	2
898.291	28.59	3.11	88.81	9.45	7.20	68.03	76.6	1	27.9	2
898.394	28.31	3.11	88.12	9.39	7.01	65.76	74.6	1	28.1	2
898.539	28.32	3.12	88.26	9.28	7.24	67.20	76.1	1	28.1	2
898.599	28.35	3.11	88.21	9.37	7.09	66.41	75.3	1	28.2	2
898.703	28.16	3.11	87.67	9.25	7.15	66.13	75.4	1	28.2	2
898.848	27.98	3.13	87.50	9.22	7.19	66.25	75.7	1	28.2	2
898.908	27.91	3.12	87.11	9.23	7.10	65.57	75.3	1	28.1	2
899.012	28.25	3.11	87.85	9.32	7.07	65.84	74.9	1	27.9	2
899.157	28.75	3.10	89.02	9.30	7.24	67.36	75.7	1	27.6	2
899.217	28.71	3.09	88.75	9.22	7.42	68.40	77.1	1	27.5	2
899.321	29.30	3.05	89.22	9.38	7.26	68.14	76.4	1	27.3	2
899.465	29.88	3.04	90.74	9.45	7.38	69.70	76.8	1	27.2	2
899.525	29.94	3.03	90.85	9.43	7.42	69.95	77.0	1	27.0	2
899.629	30.08	3.02	90.85	9.37	7.53	70.55	77.7	1	26.7	2
899.774	30.23	3.00	90.73	9.38	7.53	70.58	77.8	1	26.7	2
899.834	30.42	2.98	90.76	9.43	7.45	70.28	77.4	1	26.7	2
899.938	30.41	2.99	90.83	9.40	7.49	70.41	77.5	1	26.7	2
900.083	30.25	3.01	90.95	9.38	7.42	69.56	76.5	1	26.7	2
900.143	30.22	3.01	90.90	9.38	7.31	68.63	75.5	1	26.7	2
900.247	30.31	3.01	91.27	9.35	7.48	69.89	76.6	1	26.6	2
900.392	30.90	2.97	91.88	9.39	7.42	69.69	75.8	1	26.3	2
900.452	30.97	2.97	91.84	9.36	7.45	69.73	75.9	1	26.3	2
900.556	31.09	2.96	91.88	9.41	7.39	69.53	75.7	1	26.3	2
900.701	30.98	2.97	91.99	9.37	7.33	68.65	74.6	1	26.3	2
900.761	30.77	2.99	91.86	9.27	7.47	69.26	75.4	1	26.3	2
900.865	30.56	2.99	91.49	9.21	7.54	69.45	75.9	1	26.4	2
901.010	30.76	2.98	91.78	9.21	7.50	69.16	75.4	1	26.1	2
901.070	30.69	2.98	91.33	9.20	7.46	68.61	75.1	1	26.1	2
901.173	30.72	2.98	91.56	9.16	7.64	69.98	76.4	1	26.4	2
901.318	30.41	3.00	91.26	9.16	7.40	67.75	74.2	1	26.3	2
901.378	30.28	3.00	90.99	9.05	7.64	69.16	76.0	1	26.3	2
901.482	30.57	2.99	91.39	9.17	7.49	68.70	75.2	1	26.3	2
901.627	30.31	3.00	91.06	9.09	7.65	69.59	76.4	1	26.4	2
901.687	29.99	3.03	90.74	9.00	7.64	68.81	75.8	1	26.4	2
901.791	30.22	3.01	90.97	9.05	7.72	69.89	76.8	1	26.1	2
901.935	30.77	2.98	91.63	9.10	7.60	69.11	75.4	1	25.8	2
901.995	30.77	2.97	91.45	8.98	7.91	71.05	77.7	1	25.8	2
902.099	30.65	2.98	91.33	9.03	7.39	66.66	73.0	1	25.8	2
902.244	30.99	2.96	91.62	8.93	8.07	72.07	78.7	1	25.7	2
902.304	30.65	2.98	91.39	8.86	7.75	68.71	75.2	1	25.8	2
902.408	31.03	2.96	91.75	9.07	7.19	65.19	71.1	1	25.5	2
902.553	31.20	2.95	91.97	8.91	7.85	69.91	76.0	1	25.5	2
902.613	30.70	2.97	91.29	8.83	7.80	68.87	75.4	1	25.5	2
902.717	30.52	3.00	91.61	8.80	7.78	68.42	74.7	1	25.8	2
902.862	30.95	2.95	91.37	8.96	7.95	71.24	78.0	1	25.7	2
902.922	30.83	2.96	91.34	8.99	7.64	68.74	75.2	1	25.7	2
903.026	30.87	2.97	91.72	8.93	7.50	66.97	73.0	1	25.7	2
903.171	30.95	2.96	91.68	8.81	8.30	73.15	79.8	1	25.5	2
903.231	31.32	2.93	91.84	8.97	8.03	71.99	78.4	1	25.7	2
903.335	30.75	2.98	91.76	9.12	6.89	62.85	68.5	1	25.8	2
903.480	30.09	3.02	90.88	8.76	7.68	67.23	74.0	1	25.8	2
903.540	30.02	3.03	91.04	8.75	7.36	64.37	70.7	1	25.8	2
903.644	29.61	3.06	90.50	8.57	7.93	67.93	75.1	1	25.7	2
903.789	30.82	2.98	91.76	8.70	7.97	69.34	75.6	1	25.4	2
903.849	31.03	2.96	91.73	8.81	7.72	67.98	74.1	1	25.2	2
903.952	31.30	2.94	92.15	8.89	8.11	72.14	78.3	1	25.1	2
904.097	32.35	2.82	91.09	8.94	8.34	74.54	81.8	1	25.1	2
904.157	32.59	2.78	90.77	9.15	7.74	70.77	78.0	1	25.1	2
904.261	32.18	2.83	91.18	9.27	6.66	61.74	67.7	1	25.4	2
904.406	30.83	2.97	91.67	8.81	7.61	67.07	73.2	1	25.4	2
904.466	30.94	2.97	91.85	8.75	7.75	67.83	73.9	1	25.2	2
904.570	30.82	2.97	91.50	8.76	7.28	63.75	69.7	1	25.1	2
904.714	30.84	2.98	91.95	8.46	8.54	72.28	78.6	1	25.2	2
904.774	31.08	2.95	91.54	8.60	8.31	71.46	78.1	1	25.4	2
904.878	31.52	2.90	91.40	8.84	7.76	68.63	75.1	1	25.2	2
905.023	31.66	2.89	91.54	8.98	7.42	66.65	72.8	1	25.2	2
905.083	31.40	2.91	91.35	9.03	7.37	66.48	72.8	1	25.4	2
905.187	31.00	2.94	91.27	9.03	7.41	66.90	73.3	1	25.4	2
905.332	30.90	2.97	91.74	8.85	8.42	74.53	81.2	1	25.7	2
905.392	31.20	2.94	91.84	8.80	8.51	74.94	81.6	1	25.7	2
905.496	31.54	2.91	91.93	9.07	7.65	69.41	75.5	1	25.7	2
905.641	30.56	2.98	91.17	9.07	6.85	62.09	68.1	1	25.7	2
905.701	30.13	3.02	91.04	8.86	7.39	65.43	71.9	1	25.7	2
905.805	30.21	3.02	91.28	8.65	8.04	69.54	76.2	1	25.7	2
905.950	30.02	3.03	91.02	8.72	7.33	63.94	70.2	1	25.7	2
906.010	29.50	3.06	90.18	8.67	7.55	65.44	72.6	1	25.8	2
906.114	29.88	3.03	90.39	8.49	8.47	71.84	79.5	1	25.7	2
906.259	30.70	2.98	91.36	8.74	8.17	71.42	78.2	1	25.2	2
906.319	31.54	2.91	91.70	8.83	8.25	72.82	79.4	1	25.2	2
906.423	32.16	2.86	91.98	9.10	7.06	64.27	69.9	1	24.9	2
906.568	31.30	2.94	92.10	8.75	7.57	66.25	71.9	1	25.2	2
906.628	30.74	2.97	91.38	8.71	7.30	63.57	69.6	1	25.2	2
906.732	30.73	2.98	91.61	8.48	8.34	70.73	77.2	1	25.1	2
906.877	31.99	2.86	91.33	8.72	8.30	72.33	79.2	1	24.8	2
906.937	32.22	2.82	90.99	8.90	7.72	68.67	75.5	1	24.9	2
907.041	31.60	2.91	91.94	8.77	7.81	68.46	74.5	1	25.1	2
907.186	30.82	2.97	91.52	8.51	8.19	69.65	76.1	1	24.9	2
907.246	31.31	2.92	91.39	8.63	8.02	69.19	75.7	1	25.1	2
907.350	31.78	2.89	91.72	8.90	7.62	67.86	74.0	1	25.2	2
907.495	30.65	2.99	91.53	8.68	7.56	65.65	71.7	1	25.4	2
907.555	30.52	3.00	91.58	8.51	8.25	70.19	76.6	1	25.2	2
907.659	31.39	2.91	91.30	8.79	8.02	70.55	77.3	1	25.2	2
907.804	30.65	2.99	91.78	8.63	7.64	65.88	71.8	1	25.2	2
907.864	30.54	3.00	91.50	8.50	8.19	69.65	76.1	1	25.2	2
907.968	31.32	2.93	91.64	8.82	7.55	66.59	72.7	1	24.9	2
908.113	30.86	2.98	91.97	8.51	8.14	69.22	75.3	1	25.1	2
908.173	31.19	2.95	92.10	8.60	8.17	70.25	76.3	1	25.2	2
908.277	30.97	2.97	91.99	8.67	7.77	67.43	73.3	1	25.2	2
908.422	31.30	2.95	92.19	8.80	7.77	68.38	74.2	1	25.2	2
908.482	31.02	2.97	92.18	8.75	7.69	67.23	72.9	1	25.4	2
908.586	30.76	2.98	91.63	8.61	8.15	70.18	76.6	1	25.2	2
908.731	30.61	2.99	91.51	8.61	7.85	67.56	73.8	1	25.4	2
908.791	30.51	2.98	90.90	8.72	7.72	67.30	74.0	1	25.4	2
908.895	30.42	3.00	91.14	8.58	7.93	68.05	74.7	1	25.2	2
909.040	30.57	2.99	91.52	8.47	8.03	68.06	74.4	1	24.9	2
909.100	30.88	2.97	91.59	8.52	8.19	69.72	76.1	1	25.1	2
909.204	30.91	2.97	91.89	8.56	7.87	67.30	73.2	1	25.2	2
909.349	30.79	2.97	91.46	8.62	7.83	67.48	73.8	1	25.1	2
909.409	30.57	2.99	91.31	8.59	7.77	66.75	73.1	1	25.2	2
909.513	30.67	2.98	91.51	8.54	8.12	69.37	75.8	1	25.2	2
909.658	30.50	3.00	91.47	8.52	7.94	67.69	74.0	1	25.2	2
909.718	30.70	2.98	91.53	8.60	7.92	68.15	74.5	1	25.2	2
909.822	30.41	3.01	91.48	8.43	8.12	68.46	74.8	1	25.1	2
909.967	30.71	2.98	91.40	8.58	7.75	66.52	72.8	1	25.1	2
910.027	30.73	2.98	91.52	8.58	7.87	67.53	73.8	1	25.1	2
910.131	30.85	2.98	91.88	8.59	7.77	66.80	72.7	1	25.2	2
910.276	30.82	2.98	91.75	8.54	7.76	66.33	72.3	1	24.9	2
910.336	31.00	2.97	91.95	8.55	8.08	69.05	75.1	1	24.9	2
910.439	30.86	2.96	91.40	8.46	8.07	68.28	74.7	1	24.9	2
910.584	30.69	2.98	91.54	8.51	7.94	67.63	73.9	1	25.2	2
910.644	30.62	2.99	91.57	8.55	7.89	67.48	73.7	1	25.2	2
910.748	30.60	2.98	91.07	8.54	7.87	67.20	73.8	1	25.1	2
910.893	30.79	2.98	91.85	8.56	7.91	67.72	73.7	1	24.9	2
910.953	30.90	2.97	91.71	8.50	8.16	69.39	75.7	1	24.9	2
911.057	30.87	2.98	91.95	8.45	8.13	68.69	74.7	1	24.8	2
911.202	31.35	2.94	92.24	8.50	7.96	67.71	73.4	1	24.8	2
911.262	31.10	2.96	92.01	8.45	8.06	68.13	74.0	1	24.9	2
911.366	31.11	2.95	91.83	8.44	8.11	68.42	74.5	1	24.8	2
911.511	31.03	2.93	91.02	8.48	7.90	66.96	73.6	1	24.9	2
911.571	31.10	2.94	91.37	8.50	8.02	68.15	74.6	1	24.9	2
911.675	30.81	2.96	91.36	8.52	7.89	67.26	73.6	1	24.9	2
911.820	30.31	2.99	90.66	8.46	7.99	67.61	74.6	1	25.2	2
911.880	30.15	3.01	90.76	8.40	7.94	66.75	73.5	1	25.2	2
911.984	30.15	3.03	91.26	8.38	7.99	66.98	73.4	1	25.2	2
912.129	29.81	3.04	90.66	8.25	8.09	66.75	73.6	1	25.2	2
912.189	30.13	3.02	90.85	8.38	7.97	66.75	73.5	1	25.2	2
912.293	29.81	3.03	90.42	8.27	7.95	65.74	72.7	1	25.2	2
912.438	29.92	3.03	90.69	8.36	7.95	66.42	73.2	1	25.5	2
912.498	29.74	3.04	90.35	8.31	7.97	66.24	73.3	1	25.4	2
912.602	29.55	3.07	90.64	8.23	8.07	66.42	73.3	1	25.4	2
912.747	29.74	3.05	90.68	8.16	8.17	66.69	73.5	1	25.1	2
912.807	30.09	3.03	91.20	8.27	8.10	67.00	73.5	1	25.1	2
912.911	29.93	3.03	90.68	8.21	8.17	67.08	74.0	1	25.1	2
913.056	30.16	3.02	91.19	8.21	8.23	67.53	74.1	1	24.9	2
913.116	30.29	3.01	91.06	8.28	8.04	66.58	73.1	1	24.9	2
913.220	30.36	3.00	91.23	8.37	7.98	66.74	73.2	1	25.2	2
913.365	30.25	3.00	90.87	8.35	7.90	65.92	72.5	1	24.9	2
913.425	30.31	3.00	91.06	8.29	8.09	67.06	73.6	1	24.9	2
913.529	30.31	3.01	91.14	8.24	8.13	66.94	73.5	1	24.8	2
913.674	30.32	3.00	90.92	8.24	8.15	67.12	73.8	1	24.9	2
913.734	30.16	3.01	90.89	8.17	8.17	66.71	73.4	1	24.9	2
913.838	30.36	3.00	91.23	8.26	8.06	66.53	72.9	1	24.9	2
913.983	30.37	3.01	91.50	8.24	8.08	66.57	72.8	1	24.9	2
914.043	30.28	3.02	91.41	8.24	8.05	66.35	72.6	1	25.1	2
914.147	30.02	3.04	91.16	8.17	8.28	67.61	74.2	1	25.1	2
914.292	30.23	3.01	91.05	8.27	8.03	66.39	72.9	1	25.1	2
914.352	30.16	3.02	90.97	8.21	8.17	67.10	73.8	1	25.2	2
914.456	30.01	3.03	91.09	8.14	8.28	67.39	74.0	1	24.9	2
914.601	30.26	3.02	91.40	8.17	8.12	66.35	72.6	1	24.8	2
914.661	30.12	3.02	90.86	8.16	7.96	64.94	71.5	1	24.9	2
914.765	30.32	3.00	91.10	8.27	7.94	65.67	72.1	1	24.8	2
914.910	30.35	3.01	91.47	8.20	8.17	67.02	73.3	1	24.8	2
914.970	30.44	3.00	91.27	8.23	8.11	66.72	73.1	1	24.6	2
915.074	30.45	3.00	91.44	8.16	8.19	66.78	73.0	1	24.6	2
915.219	30.58	2.98	91.16	8.16	8.03	65.48	71.8	1	24.8	2
915.279	30.43	2.99	90.86	8.15	8.23	67.04	73.8	1	24.8	2
915.383	30.47	2.99	91.09	8.13	8.17	66.43	72.9	1	24.6	2
915.528	30.81	2.97	91.56	8.13	8.18	66.54	72.7	1	24.5	2
915.588	30.57	2.99	91.35	8.11	8.30	67.27	73.6	1	24.5	2
915.692	30.47	2.99	90.98	8.17	8.12	66.35	72.9	1	24.6	2
915.837	30.64	2.97	91.10	8.16	8.28	67.50	74.1	1	24.5	2
915.897	30.50	2.98	90.92	8.15	8.33	67.92	74.7	1	24.5	2
916.001	30.57	2.98	91.20	8.10	8.41	68.14	74.7	1	24.5	2
916.146	30.35	3.00	91.12	8.16	8.25	67.27	73.8	1	24.6	2
916.206	30.12	3.02	90.83	8.09	8.29	67.02	73.8	1	24.6	2
916.310	30.15	3.02	91.11	8.13	8.24	66.97	73.5	1	24.8	2
916.455	29.76	3.04	90.51	8.10	8.04	65.11	71.9	1	24.8	2
916.515	30.10	3.02	90.81	8.12	8.17	66.35	73.1	1	24.8	2
916.619	29.86	3.04	90.87	8.06	8.28	66.76	73.5	1	24.9	2
916.764	29.90	3.05	91.27	8.06	8.34	67.26	73.7	1	25.1	2
916.824	29.38	3.08	90.35	7.95	8.43	67.02	74.2	1	25.1	2
916.928	29.39	3.07	90.11	8.02	8.28	66.39	73.7	1	24.9	2
917.073	29.03	3.08	89.40	7.92	8.35	66.13	74.0	1	24.9	2
917.133	29.20	3.08	89.85	7.94	8.31	65.97	73.4	1	24.8	2
917.237	29.60	3.06	90.55	7.95	8.50	67.56	74.6	1	24.6	2
917.382	30.15	3.02	91.10	8.00	8.44	67.53	74.1	1	24.5	2
917.442	30.10	3.01	90.72	8.02	8.37	67.13	74.0	1	24.3	2
917.546	30.24	3.01	91.02	8.03	8.41	67.52	74.2	1	24.3	2
917.691	30.50	3.01	91.70	8.05	8.31	66.91	73.0	1	24.3	2
917.751	30.43	3.01	91.47	8.03	8.16	65.53	71.6	1	24.2	2
917.855	30.42	2.99	91.08	8.06	8.13	65.48	71.9	1	24.3	2
918.000	30.24	2.99	90.54	8.06	8.14	65.59	72.4	1	24.3	2
918.060	30.45	2.99	91.07	8.12	8.08	65.62	72.1	1	24.3	2
918.164	30.33	3.00	91.02	8.09	8.17	66.12	72.6	1	24.3	2
918.309	30.17	3.01	90.93	7.97	8.43	67.19	73.9	1	24.3	2
918.369	30.28	3.01	91.09	8.01	8.32	66.57	73.1	1	24.3	2
918.473	30.30	3.01	91.18	8.01	8.38	67.15	73.6	1	24.3	2
918.618	30.07	3.02	90.80	8.03	8.39	67.40	74.2	1	24.5	2
918.678	30.11	3.02	90.93	7.97	8.30	66.09	72.7	1	24.3	2
918.782	30.43	3.00	91.29	7.97	8.34	66.43	72.8	1	24.2	2
918.927	30.63	2.97	90.97	7.97	8.36	66.62	73.2	1	24.0	2
918.987	30.64	2.97	91.13	7.98	8.33	66.46	72.9	1	24.0	2
919.091	30.75	2.98	91.54	7.98	8.51	67.92	74.2	1	23.9	2
919.236	31.18	2.96	92.16	8.04	8.37	67.29	73.0	1	23.7	2
919.296	31.29	2.95	92.36	8.04	8.34	67.09	72.6	1	23.6	2
919.400	31.34	2.93	91.90	8.00	8.48	67.78	73.8	1	23.6	2
919.545	31.56	2.90	91.47	8.10	8.31	67.26	73.5	1	23.7	2
919.605	31.52	2.91	91.68	8.11	8.18	66.30	72.3	1	23.6	2
919.709	31.90	2.86	91.28	8.15	8.31	67.72	74.2	1	23.6	2
919.854	31.63	2.90	91.78	8.12	8.22	66.78	72.8	1	23.9	2
919.914	31.53	2.90	91.35	8.10	8.32	67.39	73.8	1	23.7	2
920.018	31.53	2.90	91.59	8.10	8.41	68.14	74.4	1	23.9	2
920.163	31.14	2.94	91.48	8.13	8.23	66.90	73.1	1	23.9	2
920.223	31.21	2.93	91.53	8.13	8.41	68.34	74.7	1	23.9	2
920.327	31.21	2.93	91.29	8.13	8.35	67.86	74.3	1	23.9	2
920.472	31.23	2.93	91.46	8.14	8.30	67.59	73.9	1	24.2	2
920.532	30.96	2.95	91.34	8.15	8.18	66.60	72.9	1	24.2	2
920.636	30.80	2.96	91.14	8.08	8.19	66.12	72.5	1	24.0	2
920.780	31.17	2.96	92.30	8.08	8.27	66.82	72.4	1	23.9	2
920.840	31.24	2.95	92.02	8.07	8.31	67.04	72.9	1	23.7	2
920.944	31.37	2.93	91.81	8.06	8.32	67.08	73.1	1	23.7	2
921.089	31.33	2.93	91.78	8.04	8.47	68.06	74.2	1	23.7	2
921.149	31.31	2.93	91.72	8.04	8.30	66.70	72.7	1	23.7	2
921.253	31.24	2.94	91.76	8.03	8.41	67.55	73.6	1	23.9	2
921.398	31.00	2.96	91.68	8.04	8.37	67.32	73.4	1	23.9	2
921.458	31.10	2.93	91.21	8.06	8.29	66.77	73.2	1	23.7	2
921.562	31.15	2.93	91.27	8.08	8.35	67.40	73.8	1	23.9	2
921.707	31.11	2.96	92.11	8.10	8.24	66.81	72.5	1	24.2	2
921.767	30.96	2.98	92.11	8.09	8.29	67.03	72.8	1	24.3	2
921.871	30.75	2.99	92.09	8.05	8.28	66.60	72.3	1	24.0	2
922.016	30.95	2.96	91.52	8.09	8.35	67.57	73.8	1	24.0	2
922.076	30.96	2.96	91.64	8.14	8.18	66.58	72.7	1	24.0	2
922.180	31.32	2.93	91.70	8.15	8.21	66.93	73.0	1	24.0	2
922.325	30.85	2.96	91.47	8.14	8.18	66.64	72.9	1	24.3	2
922.385	30.77	2.97	91.38	8.13	8.26	67.12	73.4	1	24.2	2
922.489	30.74	2.98	91.65	8.10	8.20	66.45	72.5	1	24.0	2
922.634	31.19	2.94	91.65	8.18	8.17	66.79	72.9	1	23.9	2
922.694	31.05	2.95	91.54	8.05	8.32	66.99	73.2	1	23.9	2
922.797	31.12	2.95	91.84	8.03	8.40	67.46	73.5	1	23.7	2
922.942	31.19	2.95	91.88	8.06	8.35	67.29	73.2	1	23.7	2
923.002	31.43	2.93	92.05	8.04	8.49	68.29	74.2	1	23.6	2
923.106	31.61	2.92	92.21	8.04	8.45	67.98	73.7	1	23.6	2
923.251	31.93	2.90	92.72	8.07	8.39	67.69	73.0	1	23.6	2
923.311	31.74	2.91	92.32	8.10	8.36	67.68	73.3	1	23.7	2
923.415	31.83	2.90	92.17	8.09	8.39	67.80	73.6	1	23.7	2
923.560	31.50	2.93	92.28	8.09	8.26	66.82	72.4	1	23.9	2
923.620	31.19	2.96	92.19	8.00	8.36	66.90	72.6	1	23.9	2
923.724	31.08	2.95	91.79	7.96	8.49	67.62	73.7	1	23.7	2
923.869	31.30	2.92	91.46	8.03	8.56	68.75	75.2	1	23.9	2
923.929	31.43	2.91	91.59	8.11	8.35	67.71	73.9	1	23.9	2
924.033	31.32	2.93	91.61	8.10	8.23	66.65	72.8	1	23.9	2
924.178	31.14	2.95	91.72	8.10	8.26	66.91	73.0	1	24.0	2
924.238	31.08	2.94	91.40	8.05	8.43	67.88	74.3	1	24.0	2
924.342	31.05	2.95	91.66	8.04	8.32	66.92	73.0	1	23.7	2
924.487	31.46	2.93	92.19	8.02	8.55	68.57	74.4	1	23.6	2
924.547	31.60	2.91	91.89	8.03	8.50	68.28	74.3	1	23.6	2
924.651	31.51	2.90	91.43	8.09	8.42	68.16	74.5	1	23.7	2
924.796	31.24	2.94	91.79	8.09	8.43	68.25	74.3	1	23.9	2
924.856	31.21	2.95	92.19	8.09	8.38	67.78	73.5	1	24.0	2
924.960	31.02	2.96	91.84	8.06	8.47	68.30	74.4	1	24.0	2
925.105	30.66	2.99	91.67	8.04	8.38	67.40	73.5	1	24.3	2
925.165	30.45	3.00	91.45	8.02	8.35	66.96	73.2	1	24.2	2
925.269	30.61	2.99	91.45	8.03	8.34	66.96	73.2	1	24.0	2
925.414	31.05	2.96	91.94	8.08	8.34	67.39	73.3	1	23.9	2
925.474	31.00	2.96	91.75	8.04	8.42	67.69	73.8	1	23.9	2
925.578	31.00	2.94	91.16	8.06	8.37	67.43	74.0	1	23.9	2
925.723	31.30	2.94	91.99	8.08	8.45	68.30	74.2	1	23.6	2
925.783	31.33	2.93	91.85	7.99	8.41	67.20	73.2	1	23.6	2
925.887	31.39	2.93	91.99	7.98	8.40	66.99	72.8	1	23.6	2
926.032	31.74	2.91	92.23	8.02	8.36	67.10	72.8	1	23.4	2
926.092	31.77	2.90	92.13	8.04	8.33	66.91	72.6	1	23.4	2
926.196	31.73	2.90	91.96	8.04	8.29	66.65	72.5	1	23.4	2
926.341	31.76	2.90	92.16	7.99	8.37	66.84	72.5	1	23.4	2
926.401	31.97	2.87	91.68	8.04	8.43	67.85	74.0	1	23.3	2
926.505	32.00	2.85	91.18	8.10	8.22	66.59	73.0	1	23.3	2
926.650	31.77	2.87	91.30	8.03	8.33	66.94	73.3	1	23.4	2
926.710	31.75	2.89	91.62	8.04	8.42	67.72	73.9	1	23.6	2
926.814	31.79	2.89	91.88	8.08	8.23	66.51	72.4	1	23.6	2
926.959	31.77	2.88	91.61	8.02	8.45	67.71	73.9	1	23.4	2
927.019	31.80	2.88	91.53	8.02	8.38	67.18	73.4	1	23.4	2
927.123	31.89	2.86	91.10	8.05	8.45	68.00	74.6	1	23.6	2
927.268	31.45	2.91	91.55	8.07	8.35	67.42	73.6	1	23.7	2
927.328	31.21	2.94	91.70	7.98	8.49	67.79	73.9	1	23.9	2
927.432	31.10	2.95	91.83	7.98	8.48	67.65	73.7	1	23.9	2
927.577	30.96	2.97	91.94	8.04	8.46	67.99	74.0	1	24.2	2
927.637	30.92	2.96	91.61	8.02	8.40	67.44	73.6	1	24.0	2
927.741	30.74	2.98	91.55	8.03	8.36	67.15	73.3	1	24.2	2
927.886	30.65	2.99	91.55	8.04	8.41	67.66	73.9	1	24.3	2
927.946	30.26	3.00	90.70	7.97	8.42	67.15	74.0	1	24.2	2
928.050	30.40	2.99	90.96	8.00	8.45	67.60	74.3	1	24.5	2
928.195	30.42	3.00	91.32	8.08	8.29	67.00	73.4	1	24.3	2
928.255	30.32	3.02	91.43	8.03	8.27	66.40	72.6	1	24.2	2
928.359	30.46	3.01	91.79	8.03	8.29	66.55	72.5	1	24.0	2
928.504	30.75	2.99	91.82	7.99	8.51	67.95	74.0	1	24.2	2
928.564	30.61	2.99	91.61	8.03	8.23	66.15	72.2	1	24.3	2
928.668	30.57	3.00	91.79	8.03	8.33	66.91	72.9	1	24.2	2
928.813	30.27	3.01	91.18	7.98	8.38	66.85	73.3	1	24.3	2
928.873	30.45	3.00	91.40	8.06	8.30	66.87	73.2	1	24.3	2
928.977	30.33	3.01	91.37	8.00	8.26	66.03	72.3	1	24.2	2
929.122	30.66	2.99	91.68	7.99	8.36	66.83	72.9	1	23.9	2
929.182	30.96	2.95	91.44	8.10	8.28	67.01	73.3	1	23.9	2
929.286	30.88	2.96	91.26	8.06	8.24	66.35	72.7	1	24.0	2
929.431	30.66	2.97	91.08	7.97	8.42	67.11	73.7	1	24.0	2
929.491	30.89	2.96	91.36	7.99	8.50	67.88	74.3	1	24.0	2
929.595	30.83	2.95	90.96	7.99	8.46	67.63	74.4	1	23.9	2
929.740	31.17	2.94	91.47	7.95	8.49	67.52	73.8	1	23.7	2
929.800	31.43	2.92	91.65	8.02	8.44	67.70	73.9	1	23.6	2
929.904	31.75	2.88	91.47	8.06	8.33	67.13	73.4	1	23.4	2
930.049	31.33	2.91	91.17	7.99	8.45	67.52	74.1	1	23.7	2
930.109	31.66	2.90	91.72	8.03	8.42	67.61	73.7	1	23.6	2
930.213	31.71	2.88	91.37	8.02	8.36	67.03	73.4	1	23.6	2
930.358	31.36	2.92	91.62	8.00	8.39	67.08	73.2	1	23.6	2
930.418	31.52	2.89	91.19	8.06	8.35	67.29	73.8	1	23.4	2
930.522	31.54	2.90	91.32	8.03	8.36	67.16	73.6	1	23.6	2
930.667	31.34	2.93	91.87	7.99	8.53	68.16	74.2	1	23.7	2
930.727	31.43	2.91	91.60	8.02	8.59	68.88	75.2	1	23.9	2
930.831	31.26	2.93	91.61	8.05	8.24	66.37	72.4	1	23.6	2
930.976	31.46	2.92	91.93	8.08	8.30	67.08	73.0	1	23.4	2
931.036	31.56	2.91	91.97	8.04	8.39	67.44	73.3	1	23.4	2
931.140	31.81	2.88	91.46	8.06	8.36	67.35	73.6	1	23.4	2
931.285	32.11	2.84	91.23	8.07	8.35	67.38	73.9	1	23.3	2
931.345	31.95	2.86	91.23	7.96	8.47	67.41	73.9	1	23.3	2
931.449	32.13	2.84	91.23	8.02	8.27	66.37	72.8	1	23.1	2
931.594	32.08	2.85	91.54	8.03	8.28	66.45	72.6	1	23.4	2
931.654	31.92	2.88	91.83	8.03	8.22	66.04	71.9	1	23.4	2
931.758	31.72	2.88	91.45	8.06	8.27	66.65	72.9	1	23.4	2
931.903	31.62	2.90	91.78	8.03	8.46	67.90	74.0	1	23.6	2
931.963	31.55	2.90	91.64	8.10	8.24	66.70	72.8	1	23.6	2
932.067	31.58	2.90	91.57	8.05	8.34	67.15	73.3	1	23.6	2
932.212	31.57	2.91	91.76	8.01	8.38	67.10	73.1	1	23.4	2
932.272	31.83	2.88	91.70	8.02	8.44	67.76	73.9	1	23.3	2
932.376	32.01	2.85	91.33	8.05	8.35	67.22	73.6	1	23.4	2
932.521	31.86	2.88	91.63	8.05	8.23	66.31	72.4	1	23.4	2
932.581	31.85	2.87	91.35	8.10	8.20	66.42	72.7	1	23.4	2
932.685	31.93	2.88	92.12	8.08	8.35	67.46	73.2	1	23.6	2
932.830	31.39	2.94	92.17	8.05	8.33	67.06	72.8	1	23.7	2
932.890	31.35	2.92	91.60	8.03	8.31	66.75	72.9	1	23.6	2
932.994	31.44	2.91	91.54	8.05	8.36	67.34	73.6	1	23.7	2
933.139	31.18	2.94	91.56	8.02	8.31	66.63	72.8	1	23.7	2
933.199	31.17	2.93	91.46	8.03	8.33	66.93	73.2	1	23.7	2
933.303	31.44	2.92	91.84	8.06	8.35	67.28	73.3	1	23.6	2
933.448	31.27	2.93	91.66	7.93	8.49	67.25	73.4	1	23.6	2
933.508	31.49	2.90	91.17	8.02	8.50	68.19	74.8	1	23.6	2
933.612	31.64	2.89	91.39	8.02	8.45	67.78	74.2	1	23.6	2
933.757	31.48	2.90	91.40	7.97	8.47	67.53	73.9	1	23.6	2
933.817	31.54	2.90	91.34	8.00	8.51	68.10	74.6	1	23.6	2
933.921	31.45	2.91	91.47	8.04	8.26	66.38	72.6	1	23.6	2
934.066	31.78	2.88	91.61	8.02	8.37	67.12	73.3	1	23.3	2
934.126	32.00	2.86	91.48	8.06	8.24	66.45	72.6	1	23.4	2
934.230	31.66	2.87	91.03	7.95	8.48	67.37	74.0	1	23.3	2
934.375	32.18	2.83	91.08	7.98	8.49	67.79	74.4	1	23.0	2
934.435	32.30	2.83	91.31	8.01	8.30	66.50	72.8	1	23.1	2
934.539	32.30	2.80	90.57	8.04	8.21	66.05	72.9	1	23.0	2
934.684	32.07	2.84	90.96	8.00	8.20	65.66	72.2	1	23.3	2
934.744	31.93	2.85	90.87	7.98	8.47	67.58	74.4	1	23.3	2
934.848	31.69	2.89	91.47	8.05	8.32	67.00	73.2	1	23.6	2
934.993	31.30	2.94	92.02	7.97	8.54	68.09	74.0	1	23.6	2
935.053	31.53	2.90	91.54	8.02	8.41	67.46	73.7	1	23.4	2
935.157	31.34	2.92	91.50	7.96	8.46	67.33	73.6	1	23.6	2
935.302	31.51	2.93	92.17	7.99	8.39	67.01	72.7	1	23.6	2
935.362	31.25	2.95	92.05	7.93	8.53	67.61	73.4	1	23.7	2
935.466	31.30	2.93	91.67	8.01	8.55	68.53	74.8	1	23.6	2
935.611	31.46	2.92	92.02	8.08	8.33	67.26	73.1	1	23.6	2
935.671	31.30	2.93	91.67	8.05	8.50	68.38	74.6	1	23.7	2
935.775	31.31	2.92	91.32	8.07	8.34	67.35	73.8	1	23.6	2
935.920	31.49	2.90	91.38	8.03	8.41	67.53	73.9	1	23.6	2
935.980	31.46	2.89	91.04	8.10	8.30	67.21	73.8	1	23.7	2
936.084	31.27	2.91	90.92	8.08	8.34	67.39	74.1	1	23.6	2
936.229	31.75	2.88	91.49	8.03	8.47	68.02	74.3	1	23.3	2
936.289	31.82	2.88	91.59	8.07	8.28	66.79	72.9	1	23.4	2
936.393	31.66	2.89	91.57	8.00	8.42	67.41	73.6	1	23.4	2
936.538	31.85	2.88	91.65	8.04	8.29	66.64	72.7	1	23.3	2
936.598	31.81	2.87	91.24	8.00	8.38	67.01	73.4	1	23.3	2
936.702	31.94	2.86	91.42	8.02	8.38	67.21	73.5	1	23.4	2
936.847	31.39	2.92	91.54	7.97	8.55	68.18	74.5	1	23.7	2
936.907	31.52	2.90	91.46	8.05	8.35	67.24	73.5	1	23.7	2
937.011	31.27	2.94	92.03	7.91	8.48	67.13	72.9	1	23.9	2
937.156	31.16	2.95	91.94	7.98	8.50	67.84	73.8	1	23.9	2
937.216	31.25	2.94	91.99	8.02	8.36	67.10	72.9	1	23.9	2
937.320	31.20	2.94	91.75	8.00	8.44	67.47	73.5	1	23.9	2
937.465	31.11	2.95	91.90	8.01	8.29	66.37	72.2	1	23.9	2
937.525	31.08	2.97	92.37	8.01	8.39	67.26	72.8	1	23.9	2
937.629	30.97	2.96	91.64	8.03	8.34	66.97	73.1	1	23.9	2
937.774	30.71	2.96	90.98	7.99	8.32	66.46	73.0	1	23.9	2
937.834	30.99	2.95	91.44	8.00	8.47	67.72	74.1	1	23.9	2
937.937	31.21	2.93	91.53	8.04	8.37	67.29	73.5	1	23.7	2
938.082	31.22	2.95	91.97	8.00	8.56	68.46	74.4	1	23.7	2
938.142	31.31	2.91	91.26	8.05	8.37	67.40	73.9	1	23.6	2
938.246	31.24	2.93	91.42	7.95	8.47	67.37	73.7	1	23.6	2
938.391	31.54	2.91	91.71	8.00	8.44	67.56	73.7	1	23.6	2
938.451	31.40	2.92	91.80	7.98	8.43	67.33	73.3	1	23.6	2
938.555	31.58	2.88	91.03	8.09	8.32	67.35	74.0	1	23.6	2
938.700	31.38	2.92	91.67	8.01	8.46	67.75	73.9	1	23.6	2
938.760	31.51	2.89	91.15	8.03	8.43	67.65	74.2	1	23.4	2
938.864	31.57	2.90	91.45	8.03	8.40	67.38	73.7	1	23.6	2
939.009	31.40	2.91	91.48	8.02	8.44	67.61	73.9	1	23.6	2
939.069	31.63	2.89	91.53	7.98	8.48	67.70	74.0	1	23.4	2
939.173	31.65	2.90	91.79	7.99	8.47	67.70	73.8	1	23.4	2
939.318	31.65	2.89	91.61	8.06	8.32	67.06	73.2	1	23.4	2
939.378	31.57	2.89	91.29	8.02	8.33	66.78	73.1	1	23.6	2
939.482	31.36	2.91	91.30	8.03	8.29	66.62	73.0	1	23.7	2
939.627	31.07	2.93	91.06	8.04	8.37	67.32	73.9	1	23.7	2
939.687	31.18	2.93	91.24	8.04	8.41	67.56	74.0	1	23.6	2
939.791	31.26	2.91	91.02	8.01	8.34	66.84	73.4	1	23.6	2
939.936	31.66	2.90	91.74	8.07	8.44	68.06	74.2	1	23.4	2
939.996	31.64	2.91	92.06	8.04	8.34	67.11	72.9	1	23.4	2
940.100	31.71	2.88	91.35	7.95	8.37	66.56	72.9	1	23.4	2
940.245	32.08	2.86	91.71	7.98	8.52	68.03	74.2	1	23.1	2
940.305	32.04	2.84	91.10	8.02	8.38	67.22	73.8	1	23.3	2
940.409	31.92	2.86	91.12	8.04	8.26	66.43	72.9	1	23.3	2
940.554	32.03	2.87	91.96	7.99	8.48	67.77	73.7	1	23.4	2
940.614	31.79	2.88	91.56	8.02	8.36	67.10	73.3	1	23.6	2
940.718	31.76	2.88	91.62	7.97	8.39	66.91	73.0	1	23.3	2
940.863	32.00	2.85	91.34	8.05	8.35	67.25	73.6	1	23.4	2
940.923	31.71	2.89	91.48	8.04	8.27	66.45	72.6	1	23.6	2
941.026	31.40	2.91	91.26	7.95	8.46	67.32	73.8	1	23.4	2
941.171	31.82	2.87	91.15	8.02	8.36	67.03	73.5	1	23.3	2
941.231	31.56	2.89	91.23	7.99	8.38	66.95	73.4	1	23.4	2
941.335	31.79	2.88	91.64	8.01	8.47	67.90	74.1	1	23.6	2
941.480	31.76	2.87	91.16	8.03	8.38	67.32	73.8	1	23.4	2
941.540	31.58	2.89	91.34	8.00	8.44	67.54	73.9	1	23.4	2
941.644	31.80	2.87	91.22	8.07	8.29	66.91	73.4	1	23.3	2
941.789	31.96	2.86	91.26	7.98	8.41	67.08	73.5	1	23.1	2
941.849	31.87	2.87	91.55	7.98	8.52	68.05	74.3	1	23.3	2
941.953	32.10	2.84	91.29	8.05	8.34	67.12	73.5	1	23.3	2
942.098	32.32	2.85	92.02	8.00	8.42	67.36	73.2	1	23.0	2
942.158	32.51	2.81	91.20	8.03	8.37	67.22	73.7	1	23.0	2
942.262	32.31	2.84	91.74	8.01	8.43	67.54	73.6	1	23.3	2
942.407	32.05	2.85	91.29	8.00	8.33	66.64	73.0	1	23.1	2
942.467	32.11	2.84	91.30	7.96	8.52	67.80	74.3	1	23.3	2
942.571	31.98	2.86	91.35	8.01	8.33	66.69	73.0	1	23.3	2
942.715	31.81	2.87	91.32	7.99	8.49	67.81	74.3	1	23.3	2
942.775	32.10	2.85	91.34	8.04	8.31	66.78	73.1	1	23.1	2
942.879	31.96	2.86	91.48	7.98	8.42	67.18	73.4	1	23.4	2
943.024	31.97	2.87	91.91	7.97	8.40	67.00	72.9	1	23.1	2
943.084	32.28	2.84	91.69	8.03	8.35	67.04	73.1	1	23.0	2
943.188	32.18	2.82	90.89	7.99	8.28	66.13	72.8	1	23.1	2
943.333	32.47	2.81	91.27	7.94	8.50	67.47	73.9	1	22.8	2
943.393	32.56	2.79	90.84	7.96	8.35	66.52	73.2	1	22.7	2
943.497	32.45	2.80	90.87	7.92	8.43	66.79	73.5	1	22.8	2
943.642	32.45	2.79	90.64	7.95	8.31	66.01	72.8	1	23.0	2
943.702	32.26	2.83	91.36	7.91	8.39	66.33	72.6	1	23.0	2
943.806	32.23	2.83	91.32	7.92	8.53	67.53	73.9	1	23.0	2
943.951	32.67	2.80	91.55	7.96	8.41	66.96	73.1	1	22.8	2
944.011	32.42	2.81	91.09	7.92	8.44	66.84	73.4	1	22.8	2
944.114	32.38	2.81	90.85	7.99	8.30	66.34	73.0	1	23.0	2
944.259	32.40	2.80	90.60	7.97	8.38	66.78	73.7	1	22.8	2
944.319	32.55	2.78	90.55	7.97	8.33	66.41	73.3	1	22.7	2
944.423	32.70	2.76	90.13	7.96	8.37	66.65	74.0	1	22.8	2
944.568	32.48	2.80	91.02	7.99	8.31	66.46	73.0	1	23.1	2
944.628	32.08	2.83	90.76	7.96	8.44	67.16	74.0	1	23.3	2
944.732	32.12	2.82	90.69	8.00	8.37	66.99	73.9	1	23.1	2
944.877	32.40	2.81	90.92	8.04	8.30	66.75	73.4	1	23.0	2
944.937	32.42	2.80	90.81	8.02	8.35	66.95	73.7	1	23.0	2
945.041	32.20	2.83	91.15	7.97	8.39	66.87	73.4	1	23.3	2
945.186	31.77	2.89	91.78	7.88	8.56	67.44	73.5	1	23.4	2
945.246	31.82	2.89	91.90	7.99	8.39	67.04	72.9	1	23.4	2
945.350	31.42	2.90	91.18	7.98	8.33	66.49	72.9	1	23.4	2
945.495	31.43	2.91	91.47	8.00	8.36	66.86	73.1	1	23.6	2
945.555	31.20	2.94	91.59	7.94	8.49	67.45	73.6	1	23.7	2
945.659	31.46	2.91	91.53	8.07	8.32	67.16	73.4	1	23.6	2
945.804	31.40	2.91	91.46	8.05	8.36	67.34	73.6	1	23.6	2
945.864	31.33	2.91	91.09	8.00	8.51	68.06	74.7	1	23.6	2
945.968	30.97	2.94	91.18	7.99	8.35	66.76	73.2	1	23.7	2
946.113	30.95	2.96	91.55	7.99	8.37	66.84	73.0	1	24.0	2
946.173	30.85	2.97	91.60	8.00	8.41	67.24	73.4	1	24.0	2
946.277	30.76	2.98	91.78	8.00	8.42	67.41	73.4	1	24.0	2
946.422	30.95	2.97	92.06	8.12	8.32	67.57	73.4	1	23.9	2
946.482	31.11	2.96	92.07	8.07	8.41	67.85	73.7	1	23.7	2
946.586	31.18	2.94	91.57	8.08	8.39	67.76	74.0	1	23.9	2
946.731	30.90	2.97	91.75	8.02	8.43	67.55	73.6	1	23.9	2
946.791	31.09	2.96	91.89	8.06	8.34	67.21	73.1	1	23.9	2
946.895	30.84	2.95	91.02	7.99	8.46	67.57	74.2	1	23.7	2
947.040	31.12	2.93	91.09	8.05	8.51	68.47	75.2	1	23.7	2
947.100	30.95	2.95	91.25	7.99	8.44	67.44	73.9	1	23.7	2
947.204	31.28	2.92	91.43	8.06	8.36	67.32	73.6	1	23.6	2
947.349	31.15	2.93	91.14	8.07	8.27	66.68	73.2	1	23.6	2
947.409	31.38	2.90	90.96	8.04	8.48	68.21	75.0	1	23.6	2
947.513	31.38	2.92	91.51	8.04	8.38	67.43	73.7	1	23.9	2
947.658	31.01	2.97	91.98	8.03	8.29	66.63	72.4	1	23.9	2
947.718	30.80	2.96	91.22	8.03	8.44	67.79	74.3	1	24.0	2
947.822	30.79	2.96	91.13	8.03	8.33	66.89	73.4	1	23.9	2
947.967	31.05	2.96	91.78	8.09	8.34	67.43	73.5	1	24.0	2
948.027	30.75	2.98	91.71	8.02	8.50	68.21	74.4	1	24.2	2
948.131	30.71	2.97	91.11	8.05	8.41	67.65	74.2	1	24.0	2
948.276	30.47	2.98	90.83	7.92	8.38	66.37	73.1	1	24.0	2
948.336	30.73	2.97	91.25	7.94	8.56	67.98	74.5	1	24.0	2
948.440	30.56	2.98	91.20	7.99	8.39	67.07	73.5	1	24.2	2
948.585	30.45	3.00	91.33	8.00	8.38	67.04	73.4	1	24.2	2
948.645	30.07	3.01	90.51	7.91	8.55	67.62	74.7	1	24.2	2
948.749	30.50	3.00	91.41	8.04	8.36	67.22	73.5	1	23.9	2
948.894	30.75	2.97	91.42	7.99	8.45	67.51	73.8	1	24.2	2
948.954	30.67	2.99	91.64	8.01	8.43	67.50	73.7	1	24.2	2
949.058	30.38	3.01	91.45	8.03	8.27	66.36	72.6	1	24.2	2
949.203	29.89	3.02	90.26	7.97	8.31	66.19	73.3	1	24.2	2
949.263	30.28	3.00	90.69	8.02	8.34	66.91	73.8	1	24.2	2
949.367	30.19	3.01	90.93	7.94	8.32	66.04	72.6	1	24.0	2
949.512	30.24	3.00	90.78	7.98	8.37	66.82	73.6	1	24.2	2
949.572	30.11	3.02	90.90	7.91	8.53	67.52	74.3	1	24.2	2
949.676	30.21	3.01	90.88	8.01	8.28	66.35	73.0	1	24.2	2
949.821	30.63	3.00	91.86	7.95	8.37	66.55	72.4	1	23.9	2
949.881	30.74	2.99	91.88	7.96	8.44	67.17	73.1	1	23.7	2
949.985	30.95	2.96	91.54	8.01	8.41	67.36	73.6	1	23.9	2
950.130	31.27	2.95	92.15	8.01	8.45	67.67	73.4	1	23.6	2
950.190	31.14	2.93	91.35	7.97	8.48	67.58	74.0	1	23.4	2
950.294	31.26	2.93	91.53	7.92	8.55	67.66	73.9	1	23.6	2
950.439	31.26	2.93	91.44	8.01	8.33	66.76	73.0	1	23.6	2
950.499	31.28	2.92	91.36	7.99	8.39	67.05	73.4	1	23.4	2
950.603	31.37	2.91	91.30	8.02	8.41	67.49	73.9	1	23.4	2
950.748	31.50	2.91	91.59	7.97	8.49	67.69	73.9	1	23.3	2
950.808	31.67	2.89	91.44	8.03	8.43	67.67	74.0	1	23.4	2
950.912	31.57	2.89	91.25	7.99	8.38	66.93	73.4	1	23.4	2
951.057	31.47	2.93	92.20	8.00	8.45	67.62	73.3	1	23.7	2
951.117	31.43	2.93	92.03	7.97	8.56	68.21	74.1	1	23.7	2
951.221	31.25	2.94	91.92	7.93	8.46	67.14	73.0	1	23.7	2
951.366	31.29	2.93	91.73	8.00	8.40	67.22	73.3	1	23.7	2
951.426	31.07	2.96	91.80	7.92	8.57	67.84	73.9	1	23.9	2
951.530	31.05	2.94	91.45	7.98	8.47	67.56	73.9	1	23.9	2
951.675	31.18	2.93	91.44	8.05	8.47	68.24	74.6	1	23.7	2
951.735	30.93	2.95	91.29	7.97	8.50	67.74	74.2	1	23.6	2
951.839	31.46	2.92	91.76	8.06	8.27	66.69	72.7	1	23.4	2
951.984	31.44	2.90	91.23	8.01	8.53	68.29	74.8	1	23.6	2
952.044	31.28	2.93	91.62	7.95	8.52	67.77	74.0	1	23.7	2
952.148	31.15	2.95	91.95	8.05	8.39	67.56	73.5	1	23.9	2
952.293	31.26	2.93	91.61	8.06	8.49	68.45	74.7	1	23.7	2
952.353	31.10	2.95	91.78	8.03	8.44	67.72	73.8	1	23.9	2
952.457	31.12	2.94	91.42	8.02	8.52	68.30	74.7	1	23.7	2
952.602	31.37	2.93	91.82	8.10	8.28	67.05	73.0	1	23.6	2
952.662	31.32	2.94	92.06	8.00	8.48	67.79	73.6	1	23.6	2
952.766	31.63	2.90	91.73	8.03	8.36	67.18	73.2	1	23.6	2
952.911	31.32	2.92	91.51	8.00	8.34	66.68	72.9	1	23.7	2
952.971	31.33	2.93	91.80	8.02	8.33	66.79	72.8	1	23.7	2
953.075	31.25	2.94	91.86	8.03	8.35	67.03	73.0	1	23.7	2
953.220	31.29	2.92	91.34	8.08	8.32	67.25	73.6	1	23.6	2
953.280	31.40	2.92	91.74	8.06	8.34	67.18	73.2	1	23.6	2
953.384	31.45	2.91	91.59	7.99	8.50	67.92	74.2	1	23.4	2
953.529	31.42	2.91	91.54	7.96	8.32	66.22	72.3	1	23.4	2
953.589	31.53	2.90	91.28	8.02	8.51	68.22	74.7	1	23.4	2
953.693	31.82	2.88	91.77	8.02	8.42	67.51	73.6	1	23.3	2
953.838	32.03	2.85	91.36	7.99	8.55	68.30	74.8	1	23.3	2
953.898	31.83	2.88	91.53	8.00	8.35	66.81	73.0	1	23.3	2
954.002	31.53	2.90	91.45	7.95	8.53	67.74	74.1	1	23.3	2
954.147	31.78	2.88	91.58	8.05	8.42	67.83	74.1	1	23.6	2
954.207	31.50	2.90	91.50	8.03	8.41	67.53	73.8	1	23.6	2
954.311	31.21	2.94	91.83	7.97	8.35	66.53	72.5	1	23.7	2
954.456	31.19	2.94	91.66	7.99	8.44	67.44	73.6	1	23.7	2
954.516	31.14	2.93	91.39	8.00	8.41	67.22	73.6	1	23.7	2
954.620	31.25	2.94	91.80	7.96	8.44	67.22	73.2	1	23.6	2
954.765	31.52	2.90	91.51	8.03	8.43	67.62	73.9	1	23.4	2
954.825	31.37	2.91	91.28	8.01	8.41	67.37	73.8	1	23.6	2
954.929	31.56	2.90	91.42	8.05	8.32	66.99	73.3	1	23.4	2
955.074	31.72	2.88	91.44	7.98	8.47	67.59	73.9	1	23.4	2
955.134	31.73	2.88	91.48	8.01	8.49	67.97	74.3	1	23.4	2
955.238	31.68	2.90	91.85	8.07	8.30	66.98	72.9	1	23.4	2
955.383	31.45	2.91	91.53	8.04	8.38	67.39	73.6	1	23.4	2
955.443	31.70	2.88	91.38	8.04	8.25	66.39	72.6	1	23.3	2
955.547	31.63	2.89	91.38	8.01	8.47	67.81	74.2	1	23.6	2
955.692	31.52	2.90	91.41	8.04	8.34	67.06	73.4	1	23.4	2
955.752	31.42	2.91	91.28	8.01	8.39	67.22	73.6	1	23.4	2
955.856	31.70	2.89	91.64	8.06	8.44	68.04	74.2	1	23.4	2
956.001	31.45	2.90	91.17	8.01	8.42	67.44	74.0	1	23.3	2
956.061	31.70	2.88	91.18	8.00	8.49	67.94	74.5	1	23.4	2
956.165	31.67	2.88	91.21	8.03	8.41	67.54	74.1	1	23.4	2
956.310	31.49	2.91	91.61	8.00	8.45	67.56	73.7	1	23.6	2
956.370	31.44	2.90	91.16	8.04	8.38	67.35	73.9	1	23.6	2
956.474	31.39	2.91	91.23	7.99	8.40	67.11	73.6	1	23.4	2
956.619	32.12	2.85	91.43	8.06	8.32	67.01	73.3	1	23.1	2
956.679	31.98	2.85	91.26	8.02	8.27	66.30	72.6	1	23.3	2
956.783	31.73	2.88	91.42	7.94	8.48	67.34	73.7	1	23.3	2
956.928	31.87	2.89	92.09	8.01	8.46	67.75	73.6	1	23.4	2
956.988	31.51	2.92	91.88	7.96	8.46	67.29	73.2	1	23.6	2
957.092	31.62	2.90	91.57	7.99	8.47	67.74	74.0	1	23.4	2
957.237	31.87	2.86	91.16	8.08	8.26	66.80	73.3	1	23.4	2
957.297	31.73	2.87	91.16	8.03	8.44	67.82	74.4	1	23.3	2
957.401	31.73	2.87	91.01	8.05	8.39	67.51	74.2	1	23.4	2
957.546	31.48	2.90	91.30	8.01	8.39	67.18	73.6	1	23.4	2
957.606	31.57	2.88	91.03	8.02	8.35	67.01	73.6	1	23.3	2
957.710	31.83	2.88	91.54	8.03	8.36	67.18	73.4	1	23.6	2
957.855	31.27	2.93	91.56	7.95	8.45	67.19	73.4	1	23.6	2
957.915	31.48	2.91	91.62	8.02	8.35	66.95	73.1	1	23.6	2
958.019	31.33	2.92	91.52	8.01	8.42	67.39	73.6	1	23.6	2
958.164	31.51	2.89	91.17	7.97	8.48	67.55	74.1	1	23.4	2
958.224	31.68	2.89	91.50	8.02	8.33	66.80	73.0	1	23.3	2
958.328	31.98	2.85	90.99	8.01	8.47	67.81	74.5	1	23.1	2
958.473	31.89	2.87	91.62	8.03	8.41	67.58	73.8	1	23.4	2
958.533	31.61	2.91	91.91	8.01	8.46	67.79	73.8	1	23.6	2
958.637	31.37	2.93	91.94	8.01	8.53	68.30	74.3	1	23.7	2
958.782	31.42	2.91	91.29	8.00	8.44	67.53	74.0	1	23.6	2
958.842	31.44	2.91	91.52	8.05	8.31	66.90	73.1	1	23.6	2
958.946	31.45	2.90	91.31	8.04	8.50	68.37	74.9	1	23.6	2
959.091	31.19	2.92	91.16	7.95	8.54	67.86	74.4	1	23.6	2
959.151	31.53	2.91	91.59	8.03	8.39	67.42	73.6	1	23.4	2
959.255	31.62	2.89	91.53	7.94	8.52	67.67	73.9	1	23.3	2
959.400	31.62	2.89	91.23	8.06	8.40	67.66	74.2	1	23.6	2
959.460	31.37	2.91	91.34	8.01	8.55	68.45	74.9	1	23.4	2
959.564	31.73	2.89	91.60	8.05	8.41	67.69	73.9	1	23.4	2
959.709	31.71	2.87	90.90	8.02	8.39	67.25	74.0	1	23.4	2
959.769	31.70	2.86	90.73	8.03	8.35	67.07	73.9	1	23.3	2
959.873	32.01	2.84	90.78	8.03	8.44	67.78	74.7	1	23.1	2
960.018	31.99	2.85	91.16	7.95	8.39	66.68	73.1	1	23.1	2
960.078	31.94	2.83	90.28	8.00	8.31	66.49	73.7	1	23.1	2
960.182	32.05	2.83	90.79	7.94	8.40	66.71	73.5	1	23.0	2
960.327	32.22	2.81	90.51	7.93	8.43	66.81	73.8	1	23.0	2
960.387	32.29	2.80	90.34	7.95	8.32	66.12	73.2	1	23.0	2
960.491	32.24	2.82	90.78	7.99	8.40	67.10	73.9	1	23.1	2
960.636	32.14	2.81	90.26	8.03	8.38	67.28	74.5	1	23.1	2
960.696	32.00	2.82	90.38	7.97	8.37	66.73	73.8	1	23.0	2
960.800	31.97	2.80	89.66	7.98	8.42	67.19	74.9	1	23.0	2
960.945	31.92	2.83	90.43	8.03	8.30	66.65	73.7	1	23.3	2
961.005	31.98	2.83	90.68	8.07	8.33	67.23	74.1	1	23.4	2
961.109	31.67	2.89	91.38	8.03	8.32	66.78	73.1	1	23.6	2
961.254	30.95	2.94	91.11	7.92	8.55	67.73	74.3	1	23.7	2
961.314	31.16	2.93	91.22	8.02	8.36	67.07	73.5	1	23.6	2
961.418	31.22	2.93	91.60	7.99	8.39	67.06	73.2	1	23.4	2
961.563	31.73	2.91	92.26	7.98	8.49	67.76	73.4	1	23.3	2
961.623	31.67	2.90	91.77	7.97	8.39	66.83	72.8	1	23.3	2
961.727	31.56	2.89	91.25	7.96	8.45	67.27	73.7	1	23.3	2
961.872	31.41	2.91	91.44	7.93	8.51	67.48	73.8	1	23.6	2
961.932	31.36	2.92	91.53	7.97	8.47	67.55	73.8	1	23.6	2
962.036	31.27	2.93	91.64	8.02	8.31	66.58	72.7	1	23.7	2
962.181	31.49	2.90	91.35	8.00	8.35	66.82	73.1	1	23.6	2
962.241	31.30	2.91	91.02	8.00	8.28	66.19	72.7	1	23.7	2
962.345	31.20	2.91	90.79	8.02	8.39	67.30	74.1	1	23.6	2
962.490	31.18	2.92	91.01	8.00	8.50	67.98	74.7	1	23.6	2
962.550	31.39	2.92	91.52	8.00	8.44	67.52	73.8	1	23.4	2
962.654	31.49	2.90	91.44	7.97	8.47	67.51	73.8	1	23.3	2
962.799	31.50	2.90	91.24	7.93	8.45	67.02	73.4	1	23.4	2
962.859	31.25	2.91	91.08	7.90	8.38	66.19	72.7	1	23.4	2
962.963	31.27	2.91	90.94	7.91	8.33	65.95	72.5	1	23.3	2
963.108	31.28	2.90	90.60	7.85	8.55	67.11	74.1	1	23.4	2
963.168	31.33	2.90	90.85	7.93	8.37	66.39	73.1	1	23.6	2
963.272	31.14	2.93	91.27	7.91	8.56	67.77	74.3	1	23.7	2
963.417	30.83	2.96	91.14	7.96	8.38	66.68	73.2	1	23.7	2
963.477	30.94	2.95	91.17	8.00	8.36	66.83	73.3	1	23.7	2
963.581	30.66	2.97	91.16	7.95	8.46	67.30	73.8	1	23.9	2
963.726	30.54	2.98	91.05	8.01	8.42	67.48	74.1	1	24.0	2
963.786	30.34	2.99	90.76	7.94	8.55	67.88	74.8	1	24.0	2
963.890	30.44	2.99	91.03	7.92	8.50	67.33	74.0	1	23.9	2
964.035	30.74	2.96	90.83	7.97	8.43	67.13	73.9	1	23.7	2
964.095	30.90	2.95	91.11	7.96	8.45	67.27	73.8	1	23.7	2
964.199	31.09	2.95	91.60	7.97	8.39	66.87	73.0	1	23.7	2
964.344	30.86	2.95	91.00	7.89	8.60	67.84	74.5	1	23.7	2
964.404	31.02	2.94	91.22	7.93	8.50	67.35	73.8	1	23.7	2
964.508	30.96	2.94	90.87	7.99	8.40	67.07	73.8	1	23.7	2
964.653	30.69	2.95	90.48	7.98	8.36	66.69	73.7	1	23.7	2
964.713	30.86	2.95	91.01	7.94	8.57	68.05	74.8	1	23.6	2
964.817	31.14	2.93	91.33	7.98	8.48	67.68	74.1	1	23.4	2
964.962	31.34	2.91	91.25	7.97	8.52	67.88	74.4	1	23.6	2
965.022	31.19	2.92	91.02	8.00	8.36	66.87	73.5	1	23.7	2
965.126	30.95	2.95	91.21	7.94	8.47	67.30	73.8	1	23.7	2
965.271	31.13	2.93	91.33	7.94	8.33	66.13	72.4	1	23.4	2
965.331	31.32	2.92	91.51	7.94	8.54	67.81	74.1	1	23.4	2
965.435	31.53	2.90	91.33	8.00	8.36	66.83	73.2	1	23.4	2
965.580	31.59	2.87	90.71	8.06	8.27	66.70	73.5	1	23.4	2
965.640	31.40	2.90	90.94	7.98	8.34	66.59	73.2	1	23.3	2
965.744	31.83	2.86	91.05	8.04	8.32	66.90	73.5	1	23.3	2
965.889	31.82	2.87	91.18	8.02	8.25	66.22	72.6	1	23.3	2
965.949	31.97	2.86	91.58	8.05	8.30	66.79	72.9	1	23.1	2
966.053	32.29	2.82	91.13	8.01	8.34	66.78	73.3	1	23.0	2
966.198	32.37	2.83	91.59	7.98	8.30	66.26	72.3	1	23.0	2
966.258	32.36	2.82	91.33	7.96	8.55	68.06	74.5	1	23.0	2
966.362	32.14	2.84	91.27	7.99	8.33	66.57	72.9	1	23.1	2
966.507	32.19	2.84	91.48	8.01	8.46	67.76	74.1	1	23.1	2
966.567	32.23	2.83	91.31	8.02	8.34	66.93	73.3	1	23.1	2
966.671	32.30	2.82	91.23	8.00	8.35	66.80	73.2	1	23.0	2
966.816	32.11	2.82	90.47	7.96	8.53	67.92	75.1	1	23.3	2
966.876	31.82	2.85	90.65	8.01	8.26	66.17	73.0	1	23.3	2
966.980	31.71	2.86	90.79	8.01	8.42	67.39	74.2	1	23.6	2
967.125	31.34	2.90	90.90	8.01	8.43	67.45	74.2	1	23.6	2
967.185	31.48	2.89	90.93	8.10	8.30	67.20	73.9	1	23.6	2
967.289	31.01	2.92	90.46	8.00	8.47	67.73	74.9	1	23.7	2
967.434	31.18	2.92	91.03	7.94	8.47	67.26	73.9	1	23.4	2
967.494	31.44	2.89	90.93	7.95	8.48	67.39	74.1	1	23.3	2
967.598	31.72	2.86	90.84	7.96	8.52	67.82	74.7	1	23.1	2
967.743	31.88	2.85	90.85	7.98	8.40	67.05	73.8	1	23.3	2
967.803	31.92	2.85	90.82	7.99	8.40	67.09	73.9	1	23.1	2
967.907	32.03	2.84	90.86	8.01	8.36	66.91	73.6	1	23.0	2
968.052	32.12	2.83	90.79	8.01	8.31	66.60	73.4	1	23.1	2
968.112	31.76	2.84	90.05	8.00	8.37	66.98	74.4	1	23.1	2
968.216	31.99	2.83	90.69	7.99	8.30	66.35	73.2	1	22.8	2
968.361	32.48	2.81	91.31	7.98	8.29	66.20	72.5	1	22.7	2
968.421	32.42	2.80	90.74	7.87	8.52	67.06	73.9	1	22.8	2
968.525	32.57	2.78	90.47	8.00	8.29	66.27	73.2	1	22.8	2
968.670	32.49	2.80	90.83	7.97	8.40	66.92	73.7	1	23.0	2
968.730	32.34	2.81	90.85	8.01	8.26	66.21	72.9	1	23.1	2
968.834	32.30	2.81	90.67	8.05	8.24	66.28	73.1	1	23.0	2
968.979	32.57	2.80	91.08	8.05	8.29	66.76	73.3	1	22.8	2
969.039	32.54	2.80	91.13	8.00	8.38	67.08	73.6	1	22.8	2
969.143	32.45	2.78	90.07	8.00	8.39	67.15	74.6	1	22.8	2
969.288	32.32	2.82	90.99	7.98	8.31	66.30	72.9	1	23.1	2
969.348	32.23	2.82	90.88	8.04	8.29	66.66	73.3	1	23.3	2
969.452	31.77	2.87	91.29	7.98	8.47	67.55	74.0	1	23.4	2
969.597	31.47	2.90	91.19	8.01	8.47	67.83	74.4	1	23.6	2
969.657	31.47	2.90	91.30	8.01	8.35	66.87	73.2	1	23.4	2
969.761	31.57	2.91	91.78	7.96	8.42	67.03	73.0	1	23.3	2
969.906	31.84	2.87	91.54	8.05	8.31	66.90	73.1	1	23.3	2
969.966	31.82	2.88	91.54	8.00	8.35	66.79	73.0	1	23.3	2
970.070	32.05	2.84	91.12	8.06	8.38	67.49	74.1	1	23.3	2
970.214	31.59	2.91	92.01	7.99	8.44	67.48	73.3	1	23.6	2
970.274	31.56	2.91	91.80	8.05	8.46	68.08	74.2	1	23.7	2
970.378	31.32	2.92	91.60	8.11	8.31	67.42	73.6	1	23.6	2
970.523	31.25	2.91	91.00	8.02	8.43	67.56	74.2	1	23.6	2
970.583	31.42	2.89	90.94	8.09	8.35	67.53	74.3	1	23.6	2
970.687	31.21	2.91	90.69	8.05	8.28	66.70	73.5	1	23.7	2
970.832	31.26	2.93	91.46	8.04	8.53	68.64	75.1	1	23.7	2
970.892	31.39	2.92	91.73	8.08	8.38	67.70	73.8	1	23.9	2
970.996	30.97	2.95	91.40	8.12	8.20	66.62	72.9	1	24.0	2
971.141	30.66	2.98	91.32	7.99	8.51	68.01	74.5	1	24.0	2
971.201	30.60	2.98	91.12	8.07	8.32	67.14	73.7	1	24.2	2
971.305	30.45	2.99	91.14	8.07	8.20	66.21	72.6	1	24.0	2
971.450	30.65	2.98	91.37	8.05	8.47	68.21	74.7	1	24.0	2
971.510	30.83	2.96	91.15	8.07	8.37	67.51	74.1	1	23.9	2
971.614	30.71	2.96	91.03	8.07	8.34	67.26	73.9	1	23.9	2
971.759	31.25	2.93	91.58	8.10	8.42	68.21	74.5	1	23.7	2
971.819	31.23	2.92	91.22	8.11	8.29	67.17	73.6	1	23.7	2
971.923	31.06	2.93	90.86	8.04	8.40	67.54	74.3	1	23.7	2
972.068	31.46	2.89	90.98	8.16	8.17	66.59	73.2	1	23.7	2
972.128	31.19	2.92	91.07	8.08	8.23	66.53	73.1	1	23.7	2
972.232	31.16	2.92	90.94	8.09	8.40	67.91	74.7	1	23.9	2
972.377	31.13	2.94	91.40	8.15	8.28	67.49	73.8	1	24.0	2
972.437	31.10	2.94	91.46	8.15	8.27	67.42	73.7	1	24.0	2
972.541	31.08	2.94	91.53	8.09	8.45	68.44	74.8	1	23.9	2
972.686	31.20	2.94	91.56	8.15	8.22	67.02	73.2	1	23.9	2
972.746	31.01	2.94	91.19	8.12	8.39	68.17	74.7	1	24.0	2
972.850	30.90	2.94	90.80	8.12	8.30	67.46	74.3	1	24.0	2
972.995	30.50	2.97	90.74	8.05	8.30	66.83	73.6	1	24.0	2
973.055	30.55	2.96	90.54	8.02	8.52	68.37	75.5	1	24.2	2
973.159	30.45	2.99	90.90	8.05	8.40	67.59	74.4	1	24.3	2
973.304	30.54	2.99	91.36	7.99	8.50	67.95	74.4	1	24.0	2
973.364	30.85	2.96	91.41	8.03	8.38	67.30	73.6	1	23.9	2
973.468	30.86	2.96	91.22	8.08	8.29	67.01	73.5	1	23.9	2
973.613	30.78	2.96	91.02	8.08	8.27	66.82	73.4	1	24.0	2
973.673	30.59	2.97	90.75	8.03	8.24	66.18	72.9	1	24.0	2
973.777	30.44	2.98	90.83	8.03	8.39	67.41	74.2	1	24.0	2
973.922	30.72	2.98	91.49	8.01	8.46	67.73	74.0	1	24.0	2
973.982	30.63	2.98	91.32	8.04	8.34	66.99	73.4	1	23.9	2
974.086	30.63	2.97	91.02	8.04	8.44	67.86	74.6	1	24.0	2
974.231	30.77	2.94	90.48	8.04	8.38	67.38	74.5	1	24.0	2
974.291	30.67	2.97	90.99	8.05	8.28	66.64	73.2	1	24.0	2
974.395	30.46	2.99	90.93	8.04	8.39	67.44	74.2	1	24.3	2
974.540	30.39	2.99	91.03	8.08	8.40	67.90	74.6	1	24.3	2
974.600	30.11	3.00	90.40	8.02	8.40	67.37	74.5	1	24.3	2
974.704	30.36	2.98	90.47	8.13	8.27	67.20	74.3	1	24.2	2
974.848	30.39	3.00	91.06	8.07	8.39	67.70	74.3	1	24.2	2
974.908	30.48	2.97	90.54	8.08	8.31	67.08	74.1	1	24.0	2
975.012	30.52	2.99	91.22	8.05	8.35	67.16	73.6	1	24.3	2
975.157	30.31	2.99	90.60	8.01	8.49	68.00	75.0	1	24.2	2
975.217	30.51	2.98	90.88	8.08	8.35	67.46	74.2	1	24.2	2
975.321	30.62	2.98	91.27	8.08	8.24	66.60	73.0	1	24.0	2
975.466	31.17	2.93	91.37	8.12	8.24	66.93	73.2	1	23.7	2
975.526	30.94	2.94	91.09	8.02	8.31	66.68	73.2	1	23.7	2
975.630	31.18	2.94	91.69	8.10	8.32	67.41	73.5	1	24.0	2
975.775	31.03	2.94	91.18	8.12	8.28	67.20	73.7	1	24.0	2
975.835	30.79	2.95	90.98	8.06	8.46	68.24	75.0	1	24.0	2
975.939	30.66	2.97	91.07	8.05	8.33	67.09	73.7	1	24.0	2
976.084	30.72	2.97	91.32	8.07	8.37	67.53	73.9	1	24.0	2
976.144	30.71	2.97	91.19	8.07	8.39	67.74	74.3	1	24.0	2
976.248	30.42	2.99	90.98	8.00	8.44	67.57	74.3	1	24.0	2
976.393	30.89	2.95	91.18	8.07	8.40	67.82	74.4	1	24.0	2
976.453	30.83	2.96	91.29	8.10	8.28	67.11	73.5	1	24.2	2
976.557	30.57	2.97	90.76	8.13	8.37	68.06	75.0	1	24.0	2
976.702	30.62	2.96	90.56	8.13	8.27	67.24	74.3	1	24.2	2
976.762	30.44	2.97	90.53	8.09	8.36	67.63	74.7	1	24.2	2
976.866	30.34	3.00	90.98	8.03	8.36	67.13	73.8	1	24.3	2
977.011	30.28	3.01	91.11	7.99	8.43	67.36	73.9	1	24.2	2
977.071	30.64	2.99	91.61	8.02	8.40	67.41	73.6	1	24.0	2
977.175	30.88	2.95	91.10	8.07	8.45	68.22	74.9	1	24.0	2
977.320	30.90	2.96	91.33	8.11	8.26	67.03	73.4	1	23.7	2
977.380	31.08	2.93	91.03	8.12	8.26	67.08	73.7	1	23.9	2
977.484	31.14	2.94	91.53	8.14	8.27	67.26	73.5	1	24.0	2
977.629	30.60	2.98	91.33	8.06	8.37	67.44	73.8	1	24.2	2
977.689	30.55	2.99	91.35	8.09	8.39	67.90	74.3	1	24.2	2
977.793	30.58	2.98	91.18	8.10	8.31	67.29	73.8	1	24.2	2
977.938	30.47	3.00	91.27	8.03	8.31	66.77	73.2	1	23.9	2
977.998	30.66	2.98	91.24	8.10	8.31	67.31	73.8	1	23.9	2
978.102	31.02	2.95	91.63	8.16	8.28	67.55	73.7	1	23.9	2
978.247	31.19	2.95	91.88	8.13	8.32	67.65	73.6	1	23.7	2
978.307	31.22	2.95	91.97	8.10	8.26	66.87	72.7	1	23.6	2
978.411	31.62	2.91	91.99	8.08	8.34	67.44	73.3	1	23.6	2
978.556	31.62	2.89	91.30	8.07	8.33	67.22	73.6	1	23.6	2
978.616	31.42	2.91	91.41	8.08	8.33	67.31	73.6	1	23.7	2
978.720	31.19	2.94	91.75	8.07	8.36	67.52	73.6	1	23.9	2
978.865	31.28	2.93	91.50	8.08	8.48	68.54	74.9	1	23.7	2
978.925	31.40	2.91	91.46	8.13	8.31	67.56	73.9	1	23.7	2
979.029	31.60	2.89	91.30	8.12	8.32	67.52	74.0	1	23.6	2
979.174	31.39	2.91	91.48	7.99	8.53	68.15	74.5	1	23.7	2
979.234	31.49	2.90	91.41	8.09	8.36	67.64	74.0	1	23.9	2
979.338	31.07	2.95	91.57	8.07	8.46	68.30	74.6	1	24.0	2
979.483	30.80	2.97	91.40	8.07	8.36	67.45	73.8	1	23.7	2
979.543	31.20	2.93	91.49	8.15	8.34	67.96	74.3	1	23.7	2
979.647	31.30	2.92	91.48	8.13	8.33	67.72	74.0	1	23.7	2
979.792	31.24	2.93	91.52	8.02	8.41	67.44	73.7	1	23.7	2
979.852	31.33	2.94	92.04	8.05	8.44	67.95	73.8	1	23.9	2
979.956	31.27	2.93	91.67	8.15	8.29	67.62	73.8	1	23.9	2
980.101	31.29	2.93	91.70	8.21	8.28	67.96	74.1	1	23.9	2
980.161	31.13	2.94	91.45	8.16	8.33	67.94	74.3	1	24.0	2
980.265	31.13	2.93	91.29	8.11	8.47	68.75	75.3	1	23.9	2
980.410	31.28	2.94	91.84	8.12	8.37	67.91	73.9	1	23.7	2
980.470	31.41	2.93	92.11	8.13	8.34	67.81	73.6	1	23.6	2
980.574	31.35	2.92	91.44	8.13	8.28	67.31	73.6	1	23.7	2
980.719	31.50	2.90	91.43	8.19	8.23	67.36	73.7	1	23.7	2
980.779	31.33	2.92	91.55	8.19	8.23	67.45	73.7	1	23.9	2
980.883	31.08	2.93	91.23	8.14	8.22	66.90	73.3	1	23.9	2
981.028	31.22	2.92	91.31	8.17	8.31	67.85	74.3	1	24.0	2
981.088	30.91	2.96	91.49	8.06	8.52	68.69	75.1	1	24.2	2
981.192	30.35	2.97	90.20	8.06	8.36	67.36	74.7	1	24.0	2
981.337	30.83	2.96	91.33	8.11	8.34	67.68	74.1	1	23.9	2
981.397	30.95	2.95	91.30	8.11	8.35	67.68	74.1	1	23.7	2
981.501	31.34	2.91	91.09	8.17	8.15	66.59	73.1	1	23.6	2
981.646	31.07	2.94	91.34	8.07	8.43	68.00	74.4	1	23.9	2
981.706	31.14	2.94	91.50	8.11	8.32	67.49	73.8	1	23.9	2
981.810	31.11	2.94	91.47	8.12	8.30	67.37	73.7	1	23.9	2
981.955	30.94	2.96	91.61	8.06	8.47	68.31	74.6	1	23.9	2
982.015	31.08	2.94	91.44	8.09	8.37	67.74	74.1	1	23.9	2
982.119	30.87	2.95	91.05	8.06	8.31	67.03	73.6	1	23.9	2
982.264	31.29	2.92	91.28	8.06	8.43	67.90	74.4	1	23.6	2
982.324	31.30	2.92	91.32	8.08	8.36	67.47	73.9	1	23.7	2
982.428	31.05	2.93	90.93	8.03	8.40	67.41	74.1	1	23.7	2
982.573	31.50	2.91	91.69	8.09	8.32	67.36	73.5	1	23.4	2
982.633	31.59	2.91	91.80	8.12	8.22	66.72	72.7	1	23.3	2
982.737	31.75	2.89	91.66	8.04	8.42	67.68	73.8	1	23.3	2
982.882	32.01	2.86	91.59	8.09	8.41	67.98	74.2	1	23.3	2
982.942	31.93	2.87	91.48	8.03	8.44	67.78	74.1	1	23.1	2
983.046	32.13	2.83	90.91	8.12	8.26	67.01	73.7	1	23.3	2
983.191	32.38	2.82	91.26	8.07	8.30	66.95	73.4	1	23.0	2
983.251	32.35	2.82	91.19	8.03	8.34	66.95	73.4	1	23.0	2
983.355	32.43	2.82	91.46	8.01	8.41	67.33	73.6	1	23.0	2
983.500	32.14	2.84	91.37	8.04	8.38	67.41	73.8	1	23.3	2
983.560	31.98	2.85	91.30	8.00	8.36	66.88	73.3	1	23.1	2
983.664	31.89	2.86	91.09	7.98	8.49	67.76	74.4	1	23.3	2
983.809	31.64	2.89	91.46	8.04	8.53	68.64	75.1	1	23.4	2
983.869	31.52	2.90	91.37	8.05	8.44	67.94	74.4	1	23.6	2
983.973	31.26	2.93	91.53	8.03	8.41	67.57	73.8	1	23.9	2
984.118	31.10	2.93	91.25	8.06	8.45	68.11	74.6	1	23.9	2
984.178	30.74	2.96	90.99	8.01	8.43	67.56	74.2	1	23.9	2
984.282	30.85	2.96	91.36	8.06	8.50	68.54	75.0	1	24.0	2
984.427	30.90	2.95	91.27	8.13	8.31	67.59	74.1	1	23.9	2
984.487	30.98	2.95	91.47	8.15	8.33	67.89	74.2	1	23.9	2
984.591	30.89	2.94	90.85	8.15	8.24	67.12	73.9	1	24.0	2
984.736	30.73	2.97	91.24	8.11	8.20	66.50	72.9	1	23.7	2
984.796	30.96	2.95	91.34	8.07	8.38	67.61	74.0	1	23.7	2
984.900	31.36	2.91	91.32	8.11	8.17	66.24	72.5	1	23.6	2
985.045	31.32	2.92	91.48	8.01	8.40	67.34	73.6	1	23.7	2
985.105	31.44	2.90	91.21	8.11	8.29	67.25	73.7	1	23.9	2
985.209	31.32	2.91	91.24	8.09	8.37	67.77	74.3	1	23.7	2
985.354	31.22	2.91	90.95	8.06	8.48	68.41	75.2	1	23.7	2
985.414	31.25	2.92	91.24	8.11	8.31	67.34	73.8	1	23.9	2
985.518	30.75	2.97	91.32	8.07	8.36	67.49	73.9	1	24.2	2
985.663	30.64	2.98	91.21	8.17	8.26	67.51	74.0	1	24.0	2
985.723	30.48	2.99	91.24	8.06	8.33	67.11	73.6	1	23.9	2
985.827	30.65	2.98	91.47	8.04	8.38	67.42	73.7	1	24.0	2
985.972	30.68	3.00	91.93	8.01	8.45	67.71	73.7	1	24.2	2
986.032	30.30	3.01	91.27	7.94	8.43	66.93	73.3	1	24.3	2
986.136	30.37	3.00	91.06	7.99	8.43	67.36	74.0	1	24.3	2
986.281	30.32	3.00	90.87	8.06	8.34	67.22	74.0	1	24.3	2
986.341	30.10	3.01	90.72	8.00	8.33	66.62	73.4	1	24.2	2
986.445	30.43	3.00	91.26	8.04	8.28	66.57	72.9	1	24.2	2
986.590	30.44	3.00	91.18	8.04	8.32	66.93	73.4	1	24.2	2
986.650	30.46	2.98	90.69	8.03	8.47	67.98	75.0	1	24.0	2
986.754	30.45	2.97	90.53	8.08	8.35	67.41	74.5	1	24.0	2
986.899	30.53	2.98	90.87	8.12	8.24	66.94	73.7	1	24.3	2
986.959	30.42	2.99	91.03	8.11	8.26	66.94	73.5	1	24.3	2
987.063	30.16	3.01	90.77	8.07	8.33	67.25	74.1	1	24.3	2
987.208	30.31	3.00	90.85	8.12	8.24	66.96	73.7	1	24.2	2
987.268	30.45	2.99	90.99	8.08	8.42	68.06	74.8	1	24.0	2
987.372	30.73	2.97	91.25	8.10	8.37	67.78	74.3	1	24.0	2
987.517	30.67	2.97	91.05	8.03	8.44	67.78	74.4	1	24.0	2
987.577	30.60	2.98	91.07	8.04	8.46	68.06	74.7	1	24.0	2
987.681	30.69	2.97	91.08	8.08	8.27	66.76	73.3	1	24.2	2
987.826	30.67	2.97	91.18	8.06	8.39	67.64	74.2	1	23.9	2
987.886	30.92	2.95	91.19	8.11	8.36	67.76	74.3	1	23.9	2
987.990	30.93	2.94	90.90	8.07	8.37	67.53	74.3	1	23.9	2
988.135	30.76	2.96	90.94	8.10	8.37	67.78	74.5	1	24.0	2
988.195	30.71	2.96	90.80	8.13	8.27	67.23	74.0	1	24.0	2
988.299	30.92	2.96	91.65	8.11	8.43	68.35	74.6	1	24.2	2
988.444	30.54	2.98	90.91	8.01	8.50	68.09	74.9	1	24.0	2
988.504	30.80	2.95	90.79	8.14	8.30	67.57	74.4	1	24.0	2
988.608	30.46	2.96	90.11	8.13	8.30	67.44	74.8	1	24.0	2
988.753	30.90	2.95	91.13	8.13	8.32	67.65	74.2	1	23.9	2
988.813	30.74	2.95	90.71	8.07	8.26	66.65	73.5	1	23.7	2
988.917	31.07	2.94	91.29	8.03	8.38	67.28	73.7	1	23.6	2
989.062	31.35	2.93	91.69	8.12	8.37	67.94	74.1	1	23.7	2
989.122	31.10	2.93	91.26	8.06	8.38	67.55	74.0	1	23.9	2
989.226	31.14	2.92	90.99	8.10	8.33	67.52	74.2	1	23.7	2
989.371	31.35	2.91	91.14	8.10	8.34	67.58	74.1	1	23.7	2
989.431	31.18	2.91	90.89	8.04	8.46	68.02	74.8	1	23.6	2
989.535	31.21	2.91	90.89	8.08	8.37	67.67	74.4	1	23.7	2
989.680	31.12	2.94	91.43	8.12	8.43	68.42	74.8	1	23.9	2
989.740	31.00	2.94	91.19	8.13	8.38	68.10	74.7	1	24.0	2
989.844	30.90	2.95	91.29	8.13	8.46	68.76	75.3	1	24.0	2
989.989	30.79	2.97	91.31	8.12	8.28	67.24	73.6	1	24.2	2
990.049	30.60	2.97	90.85	8.10	8.28	67.10	73.8	1	24.0	2
990.153	30.84	2.97	91.63	8.07	8.32	67.15	73.3	1	23.9	2
990.298	30.74	2.97	91.25	8.11	8.17	66.25	72.6	1	24.0	2
990.358	30.65	2.98	91.32	8.04	8.30	66.79	73.1	1	24.2	2
990.462	30.64	2.97	91.08	8.10	8.24	66.71	73.2	1	24.0	2
990.607	30.69	2.96	90.76	8.07	8.30	66.93	73.7	1	24.0	2
990.667	30.60	2.97	90.88	8.01	8.50	68.11	75.0	1	24.0	2
990.771	30.57	2.98	91.24	8.10	8.30	67.23	73.7	1	24.2	2
990.916	30.12	3.01	90.64	8.07	8.26	66.65	73.5	1	24.2	2
990.976	30.25	3.00	90.77	8.04	8.38	67.35	74.2	1	24.3	2
991.079	30.16	3.00	90.35	8.10	8.31	67.31	74.5	1	24.2	2
991.224	30.29	3.00	90.77	8.04	8.43	67.76	74.7	1	24.2	2
991.284	30.51	2.99	91.11	8.08	8.39	67.87	74.5	1	24.0	2
991.388	30.81	2.96	91.34	8.13	8.32	67.61	74.0	1	23.9	2
991.533	30.69	2.97	91.07	8.06	8.48	68.34	75.0	1	24.2	2
991.593	30.62	2.97	90.98	8.11	8.30	67.26	73.9	1	24.2	2
991.697	30.26	2.98	90.12	8.04	8.35	67.14	74.5	1	24.0	2
991.842	30.48	2.98	90.76	8.11	8.27	67.12	74.0	1	24.3	2
991.902	29.99	3.01	90.22	8.01	8.31	66.56	73.8	1	24.3	2
992.006	30.21	3.01	90.90	8.03	8.52	68.35	75.2	1	24.3	2
992.150	30.44	3.00	91.27	8.10	8.35	67.65	74.1	1	24.0	2
992.210	30.63	2.99	91.49	8.08	8.43	68.09	74.4	1	24.0	2
992.314	31.04	2.96	91.83	8.13	8.35	67.91	73.9	1	23.7	2
992.459	31.19	2.93	91.46	8.08	8.50	68.63	75.0	1	23.9	2
992.519	31.13	2.92	91.04	8.12	8.33	67.64	74.3	1	23.9	2
992.623	31.02	2.94	91.32	8.11	8.20	66.49	72.8	1	23.9	2
992.768	31.18	2.94	91.80	8.15	8.33	67.86	73.9	1	23.9	2
992.828	31.04	2.95	91.66	8.14	8.25	67.15	73.3	1	24.0	2
992.932	31.00	2.94	91.27	8.11	8.24	66.88	73.3	1	23.9	2
993.077	30.96	2.97	91.82	8.02	8.43	67.61	73.6	1	23.7	2
993.137	31.14	2.95	92.01	8.02	8.51	68.29	74.2	1	23.6	2
993.241	31.18	2.93	91.42	8.07	8.29	66.88	73.2	1	23.7	2
993.386	31.37	2.89	90.65	8.07	8.38	67.65	74.6	1	23.4	2
993.446	31.39	2.89	90.71	8.06	8.30	66.93	73.8	1	23.6	2
993.550	31.12	2.92	90.88	8.01	8.39	67.22	74.0	1	23.6	2
993.695	31.52	2.87	90.55	8.07	8.34	67.28	74.3	1	23.3	2
993.755	31.66	2.87	90.74	8.12	8.26	67.08	73.9	1	23.3	2
993.859	31.83	2.87	91.28	7.99	8.43	67.38	73.8	1	23.0	2
994.004	32.18	2.83	91.03	8.05	8.35	67.26	73.9	1	23.1	2
994.064	32.09	2.84	91.19	8.10	8.30	67.22	73.7	1	23.3	2
994.168	31.73	2.87	91.16	8.02	8.49	68.05	74.7	1	23.4	2
994.313	32.02	2.87	91.78	8.08	8.29	66.95	72.9	1	23.3	2
994.373	31.93	2.85	91.04	8.06	8.37	67.42	74.1	1	23.1	2
994.477	31.94	2.84	90.66	8.13	8.27	67.29	74.2	1	23.1	2
994.622	32.05	2.84	90.86	8.07	8.38	67.60	74.4	1	23.3	2
994.682	32.25	2.84	91.52	8.10	8.36	67.76	74.0	1	23.4	2
994.786	32.03	2.84	91.08	8.09	8.36	67.60	74.2	1	23.3	2
994.931	31.82	2.88	91.74	8.09	8.30	67.11	73.2	1	23.6	2
994.991	31.50	2.88	90.85	8.08	8.41	67.94	74.8	1	23.7	2
995.095	31.44	2.90	91.31	8.08	8.41	67.90	74.4	1	23.4	2
995.240	31.72	2.89	91.68	8.07	8.25	66.56	72.6	1	23.4	2
995.300	31.64	2.89	91.27	8.08	8.38	67.67	74.1	1	23.4	2
995.404	31.65	2.88	91.08	8.05	8.33	67.04	73.6	1	23.3	2
995.549	31.62	2.89	91.38	7.99	8.45	67.54	73.9	1	23.3	2
995.609	31.70	2.87	91.02	8.03	8.38	67.32	74.0	1	23.3	2
995.713	31.79	2.88	91.51	7.98	8.45	67.44	73.7	1	23.3	2
995.858	32.09	2.83	90.97	8.06	8.30	66.88	73.5	1	23.3	2
995.918	31.86	2.87	91.57	8.02	8.28	66.35	72.5	1	23.3	2
996.022	31.59	2.89	91.45	8.02	8.43	67.62	73.9	1	23.4	2
996.167	31.52	2.90	91.38	8.07	8.48	68.38	74.8	1	23.6	2
996.227	31.50	2.89	91.06	8.09	8.28	67.00	73.6	1	23.4	2
996.331	31.53	2.88	90.83	8.03	8.48	68.05	74.9	1	23.3	2
996.476	31.53	2.90	91.34	8.07	8.36	67.39	73.8	1	23.6	2
996.536	31.43	2.92	91.62	8.08	8.33	67.33	73.5	1	23.7	2
996.640	30.89	2.95	91.23	7.98	8.52	68.04	74.6	1	23.7	2
996.785	31.09	2.94	91.36	7.96	8.50	67.66	74.1	1	23.6	2
996.845	31.20	2.93	91.46	7.99	8.48	67.70	74.0	1	23.6	2
996.949	31.36	2.92	91.48	8.03	8.36	67.21	73.5	1	23.6	2
997.094	31.29	2.91	91.18	8.14	8.31	67.66	74.2	1	23.6	2
997.154	31.37	2.91	91.34	8.06	8.52	68.68	75.2	1	23.4	2
997.258	31.77	2.86	91.01	8.09	8.38	67.81	74.5	1	23.4	2
997.403	31.76	2.89	91.92	8.07	8.41	67.91	73.9	1	23.7	2
997.463	31.21	2.92	91.15	8.06	8.38	67.55	74.1	1	23.7	2
997.567	31.37	2.91	91.32	8.07	8.48	68.42	74.9	1	23.6	2
997.712	31.46	2.91	91.41	8.12	8.45	68.63	75.1	1	23.7	2
997.772	31.12	2.93	91.05	8.05	8.39	67.57	74.2	1	23.7	2
997.876	31.27	2.91	90.86	8.07	8.53	68.82	75.7	1	23.7	2
998.021	31.31	2.92	91.37	8.15	8.32	67.87	74.3	1	23.9	2
998.081	30.92	2.96	91.40	8.07	8.40	67.81	74.2	1	23.9	2
998.185	31.02	2.95	91.43	8.15	8.32	67.76	74.1	1	24.2	2
998.330	30.69	2.97	91.13	8.06	8.40	67.76	74.4	1	24.2	2
998.390	30.62	2.97	90.92	8.12	8.27	67.18	73.9	1	24.2	2
998.494	30.41	2.99	90.84	8.06	8.25	66.53	73.2	1	24.2	2
998.639	30.59	2.97	90.87	8.09	8.32	67.31	74.1	1	24.0	2
998.699	30.72	2.96	90.87	8.04	8.45	67.92	74.7	1	23.9	2
998.802	30.83	2.95	90.99	8.09	8.34	67.42	74.1	1	23.7	2
998.947	30.97	2.94	91.06	8.00	8.44	67.53	74.2	1	23.9	2
999.007	31.04	2.93	90.99	8.02	8.48	68.06	74.8	1	23.9	2
999.111	30.81	2.96	91.07	8.01	8.48	67.89	74.5	1	23.9	2
999.256	31.01	2.93	90.91	8.07	8.38	67.67	74.4	1	23.7	2
999.316	31.03	2.93	90.86	8.06	8.37	67.42	74.2	1	23.9	2
999.420	30.83	2.95	91.02	8.05	8.36	67.30	73.9	1	24.0	2
999.565	30.52	2.97	90.49	7.98	8.48	67.70	74.8	1	23.9	2
999.625	30.99	2.95	91.33	8.10	8.29	67.10	73.5	1	23.7	2
999.729	31.08	2.93	91.01	8.08	8.39	67.73	74.4	1	23.7	2
999.874	31.33	2.91	91.29	8.14	8.33	67.79	74.3	1	23.9	2
999.934	30.94	2.94	90.92	8.03	8.58	68.94	75.8	1	23.7	2
1000.038	31.00	2.94	91.11	8.04	8.34	67.01	73.5	1	23.7	2
1000.183	31.03	2.95	91.38	8.01	8.40	67.29	73.6	1	23.9	2
1000.243	30.76	2.95	90.79	8.02	8.29	66.50	73.2	1	24.0	2
1000.347	30.67	2.96	90.93	7.99	8.36	66.84	73.5	1	23.9	2
1000.492	30.71	2.96	91.01	8.01	8.31	66.60	73.2	1	23.9	2
1000.552	30.50	2.97	90.56	7.92	8.52	67.46	74.5	1	23.9	2
1000.656	30.86	2.95	90.91	8.03	8.32	66.86	73.6	1	23.7	2
1000.801	30.85	2.94	90.60	8.02	8.33	66.82	73.7	1	23.7	2
1000.861	30.78	2.93	90.32	8.03	8.45	67.83	75.1	1	23.7	2
1000.965	30.68	2.94	90.25	8.04	8.23	66.12	73.3	1	23.9	2
1001.110	30.19	2.99	90.38	7.97	8.33	66.42	73.5	1	24.2	2
1001.170	30.15	3.00	90.34	7.97	8.43	67.12	74.3	1	24.2	2
1001.274	30.20	3.01	90.79	7.94	8.46	67.19	74.0	1	24.3	2
1001.419	30.18	3.00	90.53	7.97	8.37	66.71	73.7	1	24.2	2
1001.479	29.83	3.01	89.74	7.94	8.29	65.80	73.3	1	24.3	2
1001.583	30.13	3.00	90.36	7.99	8.43	67.40	74.6	1	24.2	2
1001.728	30.42	2.98	90.69	8.03	8.33	66.86	73.7	1	24.0	2
1001.788	30.54	2.98	90.97	8.01	8.40	67.25	73.9	1	23.9	2
1001.892	30.77	2.95	90.88	8.02	8.43	67.59	74.4	1	23.9	2
1002.037	30.59	2.99	91.48	7.96	8.37	66.65	72.9	1	24.2	2
1002.097	30.31	3.01	91.27	7.90	8.55	67.48	73.9	1	24.2	2
1002.201	30.29	3.00	90.75	7.98	8.30	66.28	73.0	1	24.0	2
1002.346	30.21	3.00	90.67	7.95	8.45	67.21	74.1	1	24.0	2
1002.406	30.48	2.98	90.79	8.00	8.40	67.21	74.0	1	23.9	2
1002.510	30.77	2.96	91.05	8.07	8.32	67.15	73.8	1	23.7	2
1002.655	30.66	2.97	90.92	7.98	8.50	67.85	74.6	1	24.0	2
1002.715	30.54	2.97	90.69	8.04	8.36	67.23	74.1	1	24.0	2
1002.819	30.55	2.96	90.55	7.97	8.47	67.57	74.6	1	23.7	2
1002.964	31.05	2.94	91.30	8.00	8.43	67.41	73.8	1	23.6	2
1003.024	30.99	2.94	91.17	7.96	8.54	67.96	74.5	1	23.4	2
1003.128	31.07	2.92	90.88	7.94	8.55	67.89	74.7	1	23.6	2
1003.273	31.54	2.88	90.98	8.02	8.42	67.52	74.2	1	23.4	2
1003.333	31.45	2.89	90.86	8.01	8.40	67.24	74.0	1	23.4	2
1003.437	31.31	2.92	91.38	7.97	8.50	67.76	74.2	1	23.7	2
1003.582	30.96	2.95	91.41	7.91	8.57	67.79	74.2	1	23.9	2
1003.642	31.12	2.93	91.14	8.03	8.37	67.15	73.7	1	23.7	2
1003.746	30.57	2.96	90.47	7.97	8.36	66.64	73.7	1	23.9	2
1003.891	30.84	2.96	91.27	8.01	8.54	68.36	74.9	1	24.0	2
1003.951	30.65	2.98	91.23	7.97	8.44	67.31	73.8	1	23.9	2
1004.055	30.77	2.95	90.76	7.96	8.53	67.89	74.8	1	23.9	2
1004.200	31.01	2.94	91.16	8.02	8.37	67.15	73.7	1	23.6	2
1004.260	30.93	2.93	90.64	8.00	8.40	67.16	74.1	1	23.7	2
1004.364	31.01	2.92	90.44	8.03	8.36	67.17	74.3	1	23.6	2
1004.509	31.12	2.91	90.55	7.95	8.46	67.27	74.3	1	23.3	2
1004.569	31.45	2.89	90.79	7.98	8.48	67.68	74.5	1	23.4	2
1004.673	31.33	2.90	90.90	7.96	8.40	66.83	73.5	1	23.4	2
1004.818	31.13	2.93	91.06	8.01	8.25	66.15	72.6	1	23.6	2
1004.878	31.01	2.92	90.65	7.93	8.56	67.89	74.9	1	23.6	2
1004.982	31.29	2.91	91.15	8.03	8.38	67.32	73.9	1	23.6	2
1005.127	31.21	2.90	90.60	8.02	8.41	67.45	74.4	1	23.7	2
1005.187	31.14	2.92	90.78	8.00	8.41	67.32	74.2	1	23.7	2
1005.291	30.99	2.93	90.75	7.98	8.52	67.97	74.9	1	23.7	2
1005.436	31.02	2.94	91.24	8.02	8.38	67.19	73.6	1	23.9	2
1005.496	30.76	2.96	91.08	7.94	8.50	67.47	74.1	1	23.9	2
1005.600	30.61	2.96	90.44	7.94	8.40	66.72	73.8	1	23.7	2
1005.745	31.11	2.93	91.24	7.99	8.49	67.83	74.3	1	23.6	2
1005.805	31.12	2.93	91.10	8.06	8.29	66.83	73.4	1	23.4	2
1005.909	31.17	2.90	90.48	8.01	8.35	66.87	73.9	1	23.4	2
1006.054	30.93	2.93	90.47	7.95	8.51	67.62	74.7	1	23.7	2
1006.114	31.19	2.90	90.59	8.05	8.32	67.03	74.0	1	23.6	2
1006.218	31.06	2.92	90.63	8.04	8.24	66.21	73.0	1	23.9	2
1006.363	30.79	2.96	91.08	8.02	8.41	67.38	74.0	1	24.0	2
1006.423	30.55	2.97	90.88	7.96	8.39	66.81	73.5	1	24.0	2
1006.527	30.34	2.97	90.22	7.96	8.40	66.86	74.1	1	23.9	2
1006.672	30.55	2.97	90.73	7.96	8.49	67.53	74.4	1	23.7	2
1006.732	30.86	2.94	90.63	7.99	8.40	67.14	74.1	1	23.6	2
1006.836	30.82	2.94	90.48	7.93	8.40	66.55	73.6	1	23.7	2
1006.981	30.73	2.94	90.46	7.97	8.33	66.37	73.4	1	23.7	2
1007.041	31.02	2.92	90.55	7.99	8.54	68.19	75.3	1	23.7	2
1007.145	30.88	2.95	90.96	7.99	8.24	65.85	72.4	1	23.9	2
1007.290	30.74	2.95	90.72	7.93	8.36	66.31	73.1	1	23.7	2
1007.350	30.68	2.96	90.90	7.92	8.34	65.98	72.6	1	23.7	2
1007.454	30.63	2.96	90.60	7.91	8.55	67.67	74.7	1	23.7	2
1007.599	30.85	2.94	90.71	7.98	8.50	67.83	74.8	1	23.7	2
1007.659	30.67	2.96	90.75	7.92	8.52	67.43	74.3	1	23.6	2
1007.763	31.00	2.92	90.56	8.00	8.42	67.41	74.4	1	23.6	2
1007.908	31.05	2.92	90.81	7.95	8.55	67.95	74.8	1	23.6	2
1007.968	31.20	2.91	90.93	8.02	8.38	67.20	73.9	1	23.4	2
1008.072	31.40	2.90	91.05	8.01	8.38	67.06	73.7	1	23.4	2
1008.217	31.58	2.89	91.22	7.93	8.54	67.74	74.3	1	23.4	2
1008.277	31.50	2.90	91.19	7.98	8.40	66.97	73.4	1	23.6	2
1008.381	31.37	2.89	90.69	7.95	8.41	66.88	73.8	1	23.4	2
1008.526	31.53	2.87	90.44	7.99	8.48	67.70	74.9	1	23.3	2
1008.586	31.50	2.89	90.99	8.01	8.37	67.05	73.7	1	23.4	2
1008.690	31.27	2.90	90.74	7.98	8.52	67.94	74.9	1	23.4	2
1008.835	31.17	2.91	90.63	8.02	8.46	67.88	74.9	1	23.7	2
1008.895	30.74	2.93	89.94	7.97	8.40	66.97	74.5	1	23.6	2
1008.999	31.24	2.91	90.85	8.04	8.35	67.11	73.9	1	23.6	2
1009.144	31.52	2.90	91.40	8.03	8.39	67.36	73.7	1	23.4	2
1009.204	31.56	2.89	91.24	8.04	8.38	67.37	73.8	1	23.3	2
1009.308	31.52	2.89	91.22	7.97	8.45	67.27	73.7	1	23.4	2
1009.453	31.71	2.86	90.71	8.06	8.40	67.70	74.6	1	23.1	2
1009.513	31.69	2.87	90.84	7.98	8.45	67.43	74.2	1	23.3	2
1009.617	31.55	2.89	91.22	7.99	8.42	67.29	73.8	1	23.4	2
1009.762	31.87	2.86	91.09	7.98	8.41	67.13	73.7	1	23.1	2
1009.822	32.04	2.83	90.69	7.98	8.38	66.90	73.8	1	23.0	2
1009.926	32.11	2.82	90.44	8.03	8.37	67.18	74.3	1	23.1	2
1010.071	32.19	2.83	91.23	7.97	8.35	66.62	73.0	1	22.8	2
1010.131	32.40	2.80	90.68	8.00	8.41	67.26	74.2	1	22.8	2
1010.235	32.52	2.78	90.30	8.04	8.29	66.64	73.8	1	22.8	2
1010.380	32.41	2.79	90.42	8.00	8.47	67.71	74.9	1	23.0	2
1010.440	32.23	2.82	91.00	8.04	8.21	65.97	72.5	1	23.1	2
1010.544	31.95	2.85	90.93	7.98	8.43	67.32	74.0	1	23.1	2
1010.689	31.96	2.83	90.47	8.03	8.30	66.67	73.7	1	23.1	2
1010.749	32.07	2.81	90.10	7.98	8.54	68.14	75.6	1	23.0	2
1010.853	32.15	2.81	90.21	8.02	8.39	67.32	74.6	1	23.0	2
1010.998	32.23	2.81	90.44	8.00	8.46	67.68	74.8	1	23.0	2
1011.058	32.21	2.81	90.47	8.06	8.26	66.52	73.5	1	23.1	2
1011.162	31.85	2.84	90.56	7.99	8.38	66.92	73.9	1	23.3	2
1011.307	31.54	2.88	90.87	7.99	8.27	66.03	72.7	1	23.3	2
1011.367	31.54	2.88	90.69	7.90	8.46	66.84	73.7	1	23.1	2
1011.471	31.69	2.86	90.49	8.05	8.34	67.09	74.1	1	23.3	2
1011.616	31.72	2.85	90.45	8.05	8.28	66.64	73.7	1	23.3	2
1011.676	31.62	2.87	90.69	7.96	8.51	67.79	74.7	1	23.3	2
1011.780	31.75	2.87	91.09	8.02	8.36	67.05	73.6	1	23.4	2
1011.925	31.64	2.90	91.64	8.03	8.36	67.13	73.3	1	23.4	2
1011.985	31.53	2.89	91.24	8.00	8.53	68.23	74.8	1	23.6	2
1012.089	31.27	2.92	91.27	8.02	8.29	66.46	72.8	1	23.6	2
1012.234	31.34	2.90	91.04	8.04	8.47	68.15	74.9	1	23.6	2
1012.294	31.43	2.89	90.74	8.11	8.40	68.09	75.0	1	23.6	2
1012.398	31.18	2.91	90.65	8.06	8.33	67.15	74.1	1	23.7	2
1012.543	31.48	2.91	91.46	8.13	8.25	67.03	73.3	1	23.4	2
1012.603	31.49	2.91	91.48	8.09	8.32	67.36	73.6	1	23.6	2
1012.707	31.39	2.90	90.89	8.08	8.33	67.30	74.0	1	23.4	2
1012.852	31.62	2.89	91.50	8.11	8.33	67.54	73.8	1	23.7	2
1012.912	31.22	2.92	91.27	8.06	8.24	66.47	72.8	1	23.9	2
1013.016	31.11	2.92	90.83	8.03	8.39	67.43	74.2	1	23.9	2
1013.161	30.90	2.95	91.26	8.02	8.23	66.04	72.4	1	24.0	2
1013.221	30.69	2.96	90.78	8.02	8.34	66.89	73.7	1	24.0	2
1013.325	30.83	2.93	90.29	8.10	8.23	66.63	73.8	1	23.9	2
1013.470	30.44	2.96	90.18	8.00	8.39	67.11	74.4	1	24.0	2
1013.530	30.59	2.95	90.30	8.06	8.26	66.56	73.7	1	24.0	2
1013.634	30.32	2.98	90.48	7.98	8.35	66.60	73.6	1	24.0	2
1013.779	30.39	2.97	90.31	8.05	8.34	67.14	74.3	1	24.0	2
1013.839	30.42	2.97	90.29	8.05	8.25	66.47	73.6	1	24.0	2
1013.943	30.69	2.96	90.92	8.01	8.38	67.07	73.8	1	23.7	2
1014.088	31.05	2.93	91.01	8.00	8.44	67.56	74.2	1	23.7	2
1014.148	30.92	2.94	90.87	8.00	8.37	66.96	73.7	1	23.7	2
1014.252	31.16	2.91	90.82	8.06	8.35	67.24	74.0	1	23.7	2
1014.397	31.18	2.93	91.32	8.10	8.32	67.33	73.7	1	23.7	2
1014.457	31.10	2.93	91.27	8.08	8.38	67.72	74.2	1	23.9	2
1014.561	30.76	2.95	90.71	8.02	8.51	68.30	75.3	1	23.7	2
1014.706	31.01	2.93	90.99	8.00	8.27	66.14	72.7	1	23.7	2
1014.766	31.06	2.92	90.65	8.01	8.40	67.28	74.2	1	23.6	2
1014.870	31.36	2.90	90.92	8.02	8.39	67.30	74.0	1	23.4	2
1015.015	31.01	2.92	90.52	8.03	8.32	66.79	73.8	1	23.7	2
1015.075	31.08	2.93	90.93	8.03	8.39	67.38	74.1	1	23.6	2
1015.179	31.46	2.89	91.08	8.04	8.40	67.54	74.2	1	23.4	2
1015.324	31.41	2.90	90.93	8.05	8.34	67.08	73.8	1	23.4	2
1015.384	31.47	2.89	91.02	8.05	8.38	67.40	74.0	1	23.4	2
1015.488	31.55	2.87	90.60	8.06	8.32	67.13	74.1	1	23.6	2
1015.633	30.97	2.93	90.83	8.03	8.32	66.82	73.6	1	23.9	2
1015.693	31.00	2.94	91.19	8.02	8.43	67.57	74.1	1	23.9	2
1015.797	30.92	2.94	91.03	8.10	8.26	66.86	73.5	1	23.9	2
1015.942	30.82	2.97	91.60	7.97	8.39	66.85	73.0	1	23.9	2
1016.002	30.84	2.97	91.53	8.02	8.35	66.96	73.1	1	24.0	2
1016.106	30.48	2.98	90.81	7.90	8.48	66.98	73.8	1	24.0	2
1016.251	30.84	2.96	91.40	7.98	8.42	67.22	73.5	1	23.9	2
1016.311	30.67	2.98	91.33	7.92	8.54	67.63	74.1	1	23.7	2
1016.415	30.89	2.95	91.18	7.99	8.41	67.21	73.7	1	23.9	2
1016.560	30.79	2.95	90.84	7.99	8.42	67.24	74.0	1	23.7	2
1016.620	31.09	2.92	90.91	8.05	8.48	68.21	75.0	1	23.6	2
1016.724	30.97	2.94	91.05	7.98	8.44	67.40	74.0	1	23.9	2
1016.869	30.97	2.93	90.74	8.03	8.27	66.47	73.2	1	23.7	2
1016.929	30.85	2.94	90.57	8.00	8.36	66.82	73.8	1	23.7	2
1017.033	31.09	2.92	90.85	8.00	8.37	66.98	73.7	1	23.6	2
1017.178	31.05	2.92	90.81	8.04	8.38	67.39	74.2	1	23.7	2
1017.238	30.95	2.93	90.74	8.01	8.49	68.04	75.0	1	23.7	2
1017.342	30.99	2.92	90.42	8.03	8.46	67.96	75.2	1	23.7	2
1017.487	31.25	2.91	90.82	8.03	8.26	66.29	73.0	1	23.6	2
1017.547	31.19	2.91	90.79	7.94	8.49	67.37	74.2	1	23.6	2
1017.651	31.33	2.89	90.51	8.07	8.24	66.53	73.5	1	23.7	2
1017.796	30.92	2.93	90.67	8.01	8.35	66.90	73.8	1	23.9	2
1017.856	30.89	2.92	90.23	8.02	8.34	66.90	74.1	1	23.7	2
1017.960	30.90	2.93	90.54	7.96	8.48	67.50	74.6	1	23.6	2
1018.105	31.52	2.88	90.80	8.01	8.45	67.63	74.5	1	23.3	2
1018.165	31.41	2.89	90.86	8.01	8.34	66.83	73.6	1	23.4	2
1018.269	31.15	2.92	91.03	7.98	8.35	66.61	73.2	1	23.7	2
1018.414	30.97	2.93	90.78	7.94	8.36	66.32	73.1	1	23.4	2
1018.474	31.31	2.91	91.11	7.96	8.47	67.43	74.0	1	23.3	2
1018.578	31.57	2.89	91.12	7.98	8.52	67.97	74.6	1	23.3	2
1018.723	31.76	2.86	90.83	8.02	8.46	67.81	74.7	1	23.3	2
1018.783	31.48	2.88	90.54	8.01	8.33	66.69	73.7	1	23.3	2
1018.887	31.56	2.87	90.69	7.93	8.55	67.79	74.7	1	23.1	2
1019.032	31.83	2.84	90.29	7.97	8.46	67.42	74.7	1	23.1	2
1019.092	31.96	2.83	90.33	8.02	8.32	66.69	73.8	1	23.1	2
1019.196	31.84	2.84	90.47	7.96	8.37	66.66	73.7	1	23.0	2
1019.341	32.17	2.81	90.34	7.92	8.43	66.71	73.8	1	22.8	2
1019.401	32.33	2.80	90.44	7.95	8.26	65.66	72.6	1	22.7	2
1019.505	32.37	2.79	90.22	7.93	8.40	66.58	73.8	1	22.8	2
1019.650	32.45	2.79	90.38	7.95	8.29	65.92	72.9	1	22.7	2
1019.710	32.37	2.79	90.34	7.88	8.48	66.80	73.9	1	22.5	2
1019.814	32.38	2.78	89.88	7.89	8.45	66.67	74.2	1	22.5	2
1019.959	32.65	2.74	89.60	7.88	8.37	65.99	73.7	1	22.4	2
1020.019	32.65	2.74	89.62	7.85	8.51	66.76	74.5	1	22.5	2
1020.123	32.43	2.78	90.00	7.82	8.55	66.87	74.3	1	22.7	2
1020.268	32.34	2.80	90.50	7.87	8.50	66.86	73.9	1	22.8	2
1020.328	32.00	2.83	90.49	7.83	8.62	67.54	74.6	1	23.0	2
1020.432	31.96	2.83	90.56	7.85	8.62	67.63	74.7	1	22.8	2
1020.577	32.12	2.81	90.35	7.85	8.57	67.31	74.5	1	22.8	2
1020.637	32.08	2.83	90.70	7.85	8.44	66.23	73.0	1	22.8	2
1020.741	32.20	2.82	90.66	7.94	8.29	65.84	72.6	1	23.0	2
1020.886	31.72	2.87	90.97	7.85	8.54	67.06	73.7	1	23.1	2
1020.946	31.74	2.87	90.98	7.93	8.43	66.85	73.5	1	23.1	2
1021.050	31.53	2.90	91.27	7.89	8.57	67.61	74.1	1	23.3	2
1021.195	31.63	2.88	91.22	7.88	8.61	67.86	74.4	1	23.1	2
1021.255	31.80	2.87	91.30	7.90	8.46	66.86	73.2	1	23.0	2
1021.359	32.00	2.86	91.43	7.93	8.47	67.12	73.4	1	23.0	2
1021.504	31.87	2.86	91.29	7.87	8.63	67.88	74.4	1	23.1	2
1021.564	31.73	2.87	91.06	7.86	8.69	68.31	75.0	1	23.1	2
1021.668	31.55	2.88	90.97	7.85	8.66	67.91	74.6	1	23.3	2
1021.813	31.50	2.89	91.11	7.85	8.56	67.20	73.8	1	23.1	2
1021.873	31.56	2.88	91.01	7.89	8.42	66.41	73.0	1	23.1	2
1021.977	31.59	2.88	90.87	7.88	8.52	67.11	73.9	1	23.1	2
1022.122	31.63	2.87	90.71	7.89	8.49	66.99	73.8	1	23.3	2
1022.182	31.36	2.89	90.61	7.87	8.64	67.98	75.0	1	23.3	2
1022.286	31.22	2.90	90.43	7.81	8.61	67.22	74.3	1	23.1	2
1022.431	31.82	2.85	90.85	7.90	8.32	65.78	72.4	1	23.0	2
1022.491	31.94	2.84	90.80	7.91	8.38	66.36	73.1	1	23.0	2
1022.595	31.88	2.85	90.90	7.90	8.33	65.77	72.3	1	23.0	2
1022.740	31.91	2.85	91.08	7.88	8.56	67.46	74.1	1	23.1	2
1022.800	31.63	2.86	90.56	7.85	8.58	67.32	74.3	1	23.1	2
1022.904	31.81	2.85	90.77	7.92	8.52	67.44	74.3	1	23.0	2
1023.049	31.77	2.86	90.85	7.81	8.65	67.55	74.4	1	22.8	2
1023.109	32.23	2.82	90.86	7.90	8.51	67.26	74.0	1	22.7	2
1023.213	32.21	2.80	90.20	7.89	8.51	67.15	74.4	1	22.8	2
1023.358	31.90	2.85	90.86	7.92	8.42	66.72	73.4	1	23.1	2
1023.418	31.87	2.87	91.30	7.89	8.44	66.59	72.9	1	23.3	2
1023.522	31.46	2.89	91.05	7.91	8.41	66.50	73.0	1	23.3	2
1023.667	31.64	2.89	91.41	7.91	8.39	66.38	72.6	1	23.1	2
1023.727	31.72	2.88	91.36	7.91	8.42	66.61	72.9	1	23.1	2
1023.831	31.51	2.88	90.87	7.90	8.57	67.76	74.6	1	23.3	2
1023.976	31.14	2.92	91.09	7.89	8.59	67.78	74.4	1	23.6	2
1024.036	31.00	2.93	90.87	7.84	8.52	66.75	73.5	1	23.4	2
1024.140	31.03	2.93	91.06	7.84	8.56	67.13	73.7	1	23.3	2
1024.285	31.14	2.92	90.91	7.88	8.50	66.91	73.6	1	23.6	2
1024.345	31.10	2.92	90.92	7.93	8.32	65.98	72.6	1	23.6	2
1024.449	30.72	2.95	90.67	7.90	8.54	67.51	74.5	1	23.7	2
1024.594	30.67	2.96	90.80	7.93	8.52	67.58	74.4	1	23.7	2
1024.654	30.62	2.96	90.68	7.89	8.47	66.88	73.7	1	23.7	2
1024.758	30.60	2.96	90.53	7.88	8.54	67.28	74.3	1	23.6	2
1024.903	31.31	2.91	91.24	7.96	8.44	67.21	73.7	1	23.3	2
1024.963	31.25	2.89	90.34	7.96	8.34	66.32	73.4	1	23.3	2
1025.067	31.30	2.90	90.67	7.95	8.35	66.35	73.2	1	23.4	2
1025.212	31.48	2.87	90.37	7.97	8.42	67.10	74.2	1	23.3	2
1025.272	31.54	2.87	90.54	7.90	8.60	67.96	75.1	1	23.3	2
1025.376	31.46	2.88	90.61	7.92	8.45	66.93	73.9	1	23.3	2
1025.521	31.57	2.90	91.42	7.89	8.34	65.82	72.0	1	23.1	2
1025.581	31.77	2.86	90.81	7.92	8.34	66.12	72.8	1	23.0	2
1025.685	31.60	2.86	90.41	7.88	8.48	66.79	73.9	1	23.0	2
1025.830	32.03	2.82	90.34	7.95	8.50	67.52	74.7	1	23.1	2
1025.890	31.80	2.84	90.28	7.92	8.53	67.59	74.9	1	23.1	2
1025.994	31.63	2.86	90.37	7.91	8.44	66.80	73.9	1	23.3	2
1026.139	31.42	2.89	90.82	7.91	8.50	67.20	74.0	1	23.4	2
1026.199	31.41	2.87	90.22	7.98	8.32	66.43	73.6	1	23.3	2
1026.303	31.49	2.88	90.54	7.93	8.54	67.73	74.8	1	23.3	2
1026.448	31.40	2.90	91.11	7.95	8.40	66.72	73.2	1	23.4	2
1026.508	31.33	2.91	91.22	7.97	8.42	67.16	73.6	1	23.4	2
1026.612	31.25	2.91	91.06	7.98	8.37	66.80	73.4	1	23.6	2
1026.757	31.26	2.90	90.63	7.94	8.53	67.76	74.8	1	23.4	2
1026.817	31.24	2.90	90.75	7.94	8.54	67.77	74.7	1	23.4	2
1026.921	31.13	2.91	90.47	7.98	8.34	66.53	73.5	1	23.6	2
1027.066	30.85	2.94	90.67	7.94	8.46	67.20	74.1	1	23.7	2
1027.126	31.06	2.92	90.77	8.01	8.28	66.35	73.1	1	23.6	2
1027.230	31.12	2.92	90.85	7.98	8.43	67.26	74.0	1	23.6	2
1027.375	30.93	2.92	90.34	7.92	8.53	67.58	74.8	1	23.6	2
1027.435	31.09	2.92	90.80	7.97	8.42	67.08	73.9	1	23.4	2
1027.539	31.35	2.90	90.97	7.88	8.63	67.97	74.7	1	23.3	2
1027.684	31.30	2.91	91.01	7.90	8.44	66.73	73.3	1	23.3	2
1027.744	31.42	2.89	90.65	7.97	8.39	66.86	73.7	1	23.4	2
1027.848	31.46	2.88	90.62	7.96	8.45	67.29	74.3	1	23.4	2
1027.993	31.39	2.89	90.68	8.02	8.32	66.79	73.7	1	23.4	2
1028.053	31.45	2.89	91.01	7.99	8.54	68.18	74.9	1	23.4	2
1028.157	31.38	2.92	91.62	8.00	8.38	67.00	73.1	1	23.7	2
1028.302	30.95	2.93	90.73	8.03	8.35	67.08	73.9	1	23.7	2
1028.362	30.86	2.94	90.70	7.98	8.48	67.67	74.6	1	23.9	2
1028.466	30.59	2.96	90.48	7.99	8.35	66.71	73.7	1	24.0	2
1028.611	30.35	2.98	90.28	7.92	8.40	66.48	73.6	1	23.9	2
1028.671	30.54	2.94	89.70	8.00	8.26	66.08	73.7	1	23.9	2
1028.775	30.46	2.97	90.38	7.94	8.37	66.42	73.5	1	23.7	2
1028.920	30.98	2.93	90.82	7.98	8.46	67.52	74.3	1	23.6	2
1028.980	30.93	2.91	90.12	8.02	8.28	66.41	73.7	1	23.7	2
1029.084	31.15	2.93	91.27	8.03	8.37	67.17	73.6	1	23.9	2
1029.229	30.73	2.93	90.06	7.95	8.45	67.22	74.6	1	23.7	2
1029.289	30.83	2.94	90.67	8.03	8.29	66.51	73.4	1	23.9	2
1029.393	30.49	2.97	90.43	7.94	8.42	66.93	74.0	1	23.9	2
1029.538	30.36	2.96	89.99	8.00	8.30	66.42	73.8	1	23.9	2
1029.598	30.52	2.96	90.21	7.98	8.32	66.35	73.6	1	23.9	2
1029.702	30.73	2.94	90.44	8.00	8.28	66.23	73.2	1	23.7	2
1029.847	30.50	2.96	90.32	7.94	8.36	66.44	73.6	1	24.0	2
1029.907	30.53	2.96	90.51	7.94	8.40	66.62	73.6	1	23.9	2
1030.011	30.31	2.97	90.13	7.91	8.47	66.96	74.3	1	23.7	2
1030.156	30.23	2.99	90.39	7.85	8.49	66.65	73.7	1	24.0	2
1030.216	30.47	2.98	90.78	7.91	8.34	65.94	72.6	1	23.9	2
1030.320	30.65	2.96	90.59	7.94	8.38	66.57	73.5	1	23.9	2
1030.465	30.80	2.95	90.81	7.97	8.30	66.10	72.8	1	23.6	2
1030.525	31.01	2.92	90.57	7.92	8.47	67.06	74.0	1	23.6	2
1030.629	31.22	2.90	90.64	8.03	8.20	65.85	72.7	1	23.6	2
1030.774	30.74	2.95	90.58	7.91	8.40	66.47	73.4	1	23.7	2
1030.834	31.10	2.92	90.71	8.04	8.22	66.14	72.9	1	23.7	2
1030.938	30.80	2.93	90.39	7.99	8.40	67.13	74.3	1	23.9	2
1031.083	30.80	2.94	90.40	7.97	8.30	66.14	73.2	1	23.7	2
1031.143	30.74	2.93	90.12	7.89	8.54	67.37	74.8	1	23.7	2
1031.247	30.76	2.94	90.48	7.96	8.33	66.28	73.3	1	23.9	2
1031.392	30.57	2.97	90.66	7.96	8.35	66.49	73.3	1	23.9	2
1031.452	30.67	2.96	90.69	7.97	8.35	66.57	73.4	1	23.7	2
1031.556	30.89	2.94	90.82	7.97	8.31	66.21	72.9	1	23.6	2
1031.701	31.23	2.91	91.01	7.94	8.50	67.45	74.1	1	23.4	2
1031.761	31.18	2.92	91.00	7.98	8.30	66.25	72.8	1	23.4	2
1031.865	31.03	2.92	90.66	7.93	8.56	67.85	74.8	1	23.6	2
1032.010	31.01	2.94	91.08	7.94	8.48	67.38	74.0	1	23.6	2
1032.070	31.25	2.91	91.09	7.99	8.29	66.24	72.7	1	23.6	2
1032.174	31.12	2.91	90.65	8.00	8.28	66.20	73.0	1	23.7	2
1032.319	31.13	2.93	91.12	8.05	8.33	67.02	73.5	1	23.7	2
1032.379	30.93	2.94	90.79	7.99	8.39	67.06	73.9	1	23.9	2
1032.483	30.74	2.96	90.87	7.96	8.41	67.00	73.7	1	23.7	2
1032.628	30.64	2.95	90.35	7.93	8.41	66.70	73.8	1	23.9	2
1032.688	30.81	2.93	90.21	8.02	8.32	66.72	74.0	1	23.7	2
1032.792	30.80	2.94	90.67	7.89	8.53	67.31	74.2	1	23.6	2
1032.937	31.08	2.92	90.63	7.98	8.40	67.08	74.0	1	23.6	2
1032.997	31.15	2.91	90.55	7.99	8.49	67.84	74.9	1	23.6	2
1033.101	31.15	2.91	90.56	7.95	8.53	67.80	74.9	1	23.6	2
1033.246	31.31	2.90	90.78	8.07	8.25	66.60	73.4	1	23.4	2
1033.306	31.37	2.90	90.90	8.00	8.44	67.48	74.2	1	23.4	2
1033.410	31.59	2.88	90.90	8.01	8.35	66.90	73.6	1	23.4	2
1033.555	31.56	2.87	90.49	7.99	8.24	65.86	72.8	1	23.3	2
1033.615	31.67	2.85	90.30	8.01	8.33	66.69	73.9	1	23.1	2
1033.719	31.77	2.85	90.49	8.04	8.23	66.21	73.2	1	23.3	2
1033.864	31.33	2.89	90.58	8.00	8.36	66.86	73.8	1	23.6	2
1033.924	31.40	2.89	90.82	8.06	8.34	67.25	74.1	1	23.6	2
1034.028	31.19	2.91	90.87	8.03	8.45	67.84	74.7	1	23.6	2
1034.173	31.24	2.90	90.69	8.03	8.46	67.94	74.9	1	23.4	2
1034.233	31.43	2.89	90.71	8.08	8.37	67.58	74.5	1	23.4	2
1034.337	31.20	2.89	90.14	7.98	8.52	67.98	75.4	1	23.6	2
1034.482	31.78	2.87	91.17	8.12	8.23	66.79	73.3	1	23.3	2
1034.542	31.63	2.87	90.75	8.00	8.32	66.57	73.4	1	23.1	2
1034.646	31.61	2.88	90.90	7.99	8.41	67.21	73.9	1	23.3	2
1034.791	31.73	2.88	91.42	8.04	8.32	66.93	73.2	1	23.4	2
1034.851	31.51	2.89	91.20	7.95	8.45	67.20	73.7	1	23.6	2
1034.955	31.43	2.89	90.76	8.00	8.51	68.13	75.1	1	23.4	2
1035.100	31.39	2.89	90.64	8.04	8.41	67.61	74.6	1	23.6	2
1035.160	31.14	2.91	90.47	8.00	8.42	67.36	74.4	1	23.6	2
1035.264	31.32	2.90	90.91	8.04	8.49	68.28	75.1	1	23.6	2
1035.409	31.24	2.90	90.57	8.07	8.39	67.66	74.7	1	23.6	2
1035.469	31.15	2.91	90.77	8.02	8.36	67.03	73.8	1	23.6	2
1035.573	31.35	2.90	90.94	8.01	8.49	67.99	74.8	1	23.6	2
1035.718	31.09	2.92	90.67	8.04	8.48	68.15	75.2	1	23.7	2
1035.778	30.84	2.93	90.36	8.03	8.43	67.70	74.9	1	23.6	2
1035.882	31.47	2.88	90.76	8.04	8.46	68.01	74.9	1	23.4	2
1036.027	31.73	2.87	91.10	8.11	8.31	67.44	74.0	1	23.4	2
1036.087	31.60	2.87	90.59	8.08	8.33	67.28	74.3	1	23.3	2
1036.191	31.68	2.85	90.26	8.09	8.31	67.20	74.5	1	23.3	2
1036.336	31.82	2.84	90.52	8.10	8.30	67.26	74.3	1	23.3	2
1036.396	31.78	2.86	90.81	8.06	8.41	67.83	74.7	1	23.4	2
1036.500	31.58	2.85	90.08	8.09	8.29	67.07	74.5	1	23.3	2
1036.645	31.78	2.86	90.72	8.09	8.23	66.55	73.4	1	23.3	2
1036.705	31.80	2.85	90.77	8.07	8.30	67.03	73.9	1	23.4	2
1036.809	31.86	2.85	90.68	8.09	8.27	66.94	73.8	1	23.4	2
1036.954	31.59	2.88	90.98	8.01	8.44	67.57	74.3	1	23.4	2
1037.014	31.79	2.86	90.80	8.11	8.30	67.30	74.1	1	23.4	2
1037.118	31.59	2.87	90.53	8.06	8.43	67.90	75.0	1	23.3	2
1037.263	31.59	2.86	90.27	8.06	8.45	68.05	75.4	1	23.3	2
1037.323	31.78	2.85	90.73	8.05	8.35	67.24	74.1	1	23.3	2
1037.427	31.64	2.88	90.97	7.96	8.41	67.01	73.7	1	23.1	2
1037.572	31.84	2.85	90.76	8.04	8.39	67.45	74.3	1	23.3	2
1037.632	31.90	2.86	91.29	8.08	8.31	67.20	73.6	1	23.3	2
1037.736	31.57	2.89	91.28	8.06	8.25	66.45	72.8	1	23.4	2
1037.881	31.68	2.85	90.40	8.04	8.49	68.22	75.5	1	23.3	2
1037.941	31.78	2.83	89.97	8.08	8.36	67.50	75.0	1	23.4	2
1038.045	31.40	2.88	90.48	8.07	8.25	66.59	73.6	1	23.6	2
1038.190	31.40	2.89	90.71	8.13	8.36	67.93	74.9	1	23.7	2
1038.250	31.35	2.90	90.80	8.10	8.30	67.25	74.1	1	23.7	2
1038.354	31.06	2.92	90.83	8.03	8.38	67.31	74.1	1	23.9	2
1038.499	31.10	2.91	90.58	8.08	8.29	66.97	73.9	1	23.7	2
1038.559	31.01	2.92	90.53	8.08	8.21	66.34	73.3	1	23.7	2
1038.663	30.96	2.92	90.55	8.02	8.36	67.08	74.1	1	23.7	2
1038.808	31.49	2.89	91.01	8.10	8.30	67.20	73.8	1	23.4	2
1038.868	31.67	2.88	91.27	8.11	8.24	66.86	73.3	1	23.3	2
1038.972	31.49	2.88	90.60	8.09	8.35	67.55	74.6	1	23.4	2
1039.117	31.85	2.83	90.27	8.10	8.28	67.06	74.3	1	23.4	2
1039.177	31.62	2.85	90.17	8.07	8.33	67.20	74.5	1	23.4	2
1039.281	31.41	2.88	90.44	7.99	8.46	67.61	74.8	1	23.4	2
1039.426	31.87	2.84	90.56	8.09	8.26	66.84	73.8	1	23.4	2
1039.486	31.86	2.84	90.52	8.12	8.27	67.11	74.1	1	23.4	2
1039.590	31.77	2.86	90.85	8.08	8.24	66.51	73.2	1	23.4	2
1039.735	31.82	2.86	91.02	8.12	8.37	68.00	74.7	1	23.4	2
1039.795	31.92	2.83	90.43	8.14	8.28	67.43	74.6	1	23.3	2
1039.899	31.66	2.86	90.54	8.07	8.21	66.30	73.2	1	23.4	2
1040.044	31.96	2.84	90.83	8.04	8.46	67.98	74.8	1	23.1	2
1040.104	32.06	2.82	90.51	8.04	8.46	68.04	75.2	1	23.3	2
1040.208	31.80	2.86	90.91	8.10	8.19	66.40	73.0	1	23.4	2
1040.353	31.67	2.86	90.60	8.13	8.29	67.38	74.4	1	23.4	2
1040.413	31.76	2.84	90.33	8.11	8.42	68.31	75.6	1	23.3	2
1040.517	31.84	2.84	90.44	8.11	8.16	66.19	73.2	1	23.4	2
1040.662	31.52	2.87	90.47	8.13	8.31	67.50	74.6	1	23.4	2
1040.722	31.60	2.88	90.94	8.08	8.41	68.02	74.8	1	23.4	2
1040.826	31.98	2.85	91.03	8.17	8.12	66.34	72.9	1	23.3	2
1040.971	31.85	2.85	90.78	8.17	8.17	66.78	73.6	1	23.4	2
1041.031	31.59	2.87	90.69	8.10	8.29	67.18	74.1	1	23.6	2
1041.135	31.60	2.87	90.56	8.15	8.29	67.60	74.6	1	23.6	2
1041.280	31.68	2.86	90.76	8.12	8.40	68.18	75.1	1	23.4	2
1041.340	31.58	2.86	90.37	8.05	8.38	67.46	74.6	1	23.3	2
1041.444	31.62	2.88	90.92	8.01	8.41	67.38	74.1	1	23.6	2
1041.589	31.49	2.89	91.04	8.09	8.25	66.70	73.3	1	23.6	2
1041.649	31.45	2.90	91.20	8.08	8.30	67.11	73.6	1	23.7	2
1041.753	31.31	2.90	90.88	8.08	8.23	66.52	73.2	1	23.6	2
1041.898	31.63	2.88	91.20	8.09	8.35	67.54	74.1	1	23.4	2
1041.958	31.93	2.85	91.01	8.12	8.34	67.70	74.4	1	23.4	2
1042.062	31.95	2.84	90.60	8.18	8.08	66.09	72.9	1	23.6	2
1042.207	31.46	2.89	90.84	8.12	8.19	66.50	73.2	1	23.7	2
1042.267	31.29	2.91	90.96	8.08	8.19	66.20	72.8	1	23.7	2
1042.371	31.16	2.91	90.79	8.15	8.22	66.95	73.7	1	23.7	2
1042.516	31.27	2.91	90.91	8.07	8.38	67.63	74.4	1	23.6	2
1042.576	31.50	2.87	90.50	8.15	8.18	66.67	73.7	1	23.7	2
1042.680	31.35	2.88	90.43	8.11	8.21	66.52	73.6	1	23.6	2
1042.825	31.54	2.88	90.86	8.10	8.30	67.24	74.0	1	23.6	2
1042.885	31.84	2.84	90.51	8.09	8.39	67.85	75.0	1	23.4	2
1042.989	31.70	2.85	90.31	8.12	8.28	67.22	74.4	1	23.6	2
1043.134	31.74	2.85	90.56	8.12	8.38	68.07	75.2	1	23.4	2
1043.194	31.80	2.85	90.69	8.16	8.23	67.13	74.0	1	23.3	2
1043.298	31.86	2.84	90.55	8.11	8.15	66.12	73.0	1	23.3	2
1043.443	32.13	2.84	91.21	8.19	8.19	67.08	73.5	1	23.4	2
1043.503	31.79	2.87	91.12	8.07	8.37	67.50	74.1	1	23.6	2
1043.607	31.58	2.89	91.26	8.07	8.42	67.90	74.4	1	23.6	2
1043.752	31.87	2.86	90.99	8.16	8.35	68.13	74.9	1	23.4	2
1043.812	31.91	2.84	90.46	8.23	8.06	66.34	73.3	1	23.6	2
1043.916	31.74	2.86	90.92	8.17	8.21	67.03	73.7	1	23.7	2
1044.061	31.21	2.91	90.87	8.13	8.17	66.43	73.1	1	23.9	2
1044.121	31.11	2.92	90.91	8.12	8.27	67.12	73.8	1	24.0	2
1044.225	31.08	2.92	90.77	8.11	8.40	68.13	75.1	1	23.9	2
1044.370	31.17	2.92	91.04	8.20	8.30	68.05	74.7	1	23.7	2
1044.430	31.26	2.90	90.68	8.16	8.34	68.10	75.1	1	23.7	2
1044.534	31.32	2.90	90.79	8.23	8.14	66.98	73.8	1	23.7	2
1044.679	31.59	2.90	91.46	8.16	8.24	67.20	73.5	1	23.4	2
1044.739	31.42	2.89	90.66	8.08	8.34	67.35	74.3	1	23.6	2
1044.843	31.66	2.86	90.62	8.09	8.43	68.17	75.2	1	23.4	2
1044.988	31.80	2.85	90.78	8.17	8.26	67.48	74.3	1	23.4	2
1045.048	31.88	2.85	90.76	8.20	8.19	67.12	74.0	1	23.3	2
1045.152	31.90	2.85	90.86	8.13	8.38	68.13	75.0	1	23.1	2
1045.297	31.93	2.84	90.59	8.10	8.33	67.46	74.5	1	23.3	2
1045.357	31.92	2.84	90.66	8.09	8.30	67.11	74.0	1	23.3	2
1045.461	31.98	2.84	90.95	8.09	8.45	68.36	75.2	1	23.4	2
1045.606	31.73	2.86	90.72	8.17	8.22	67.20	74.1	1	23.4	2
1045.666	31.71	2.86	90.54	8.15	8.39	68.39	75.5	1	23.6	2
1045.770	31.69	2.85	90.32	8.10	8.38	67.82	75.1	1	23.4	2
1045.915	31.92	2.84	90.57	8.16	8.30	67.73	74.8	1	23.3	2
1045.975	31.86	2.84	90.44	8.11	8.34	67.66	74.8	1	23.3	2
1046.079	31.93	2.82	90.10	8.18	8.18	66.88	74.2	1	23.4	2
1046.224	31.74	2.85	90.50	8.10	8.41	68.12	75.3	1	23.4	2
1046.284	31.93	2.83	90.27	8.14	8.39	68.31	75.7	1	23.4	2
1046.388	31.67	2.85	90.36	8.13	8.38	68.14	75.4	1	23.6	2
1046.533	31.80	2.85	90.68	8.12	8.47	68.77	75.8	1	23.3	2
1046.593	31.80	2.85	90.67	8.14	8.41	68.45	75.5	1	23.3	2
1046.697	31.97	2.85	91.01	8.10	8.39	68.01	74.7	1	23.1	2
1046.842	32.00	2.83	90.68	8.13	8.34	67.86	74.8	1	23.3	2
1046.902	32.02	2.84	90.86	8.10	8.41	68.06	74.9	1	23.3	2
1047.006	32.00	2.85	91.19	8.10	8.44	68.35	75.0	1	23.4	2
1047.151	31.82	2.87	91.36	8.12	8.46	68.67	75.2	1	23.6	2
1047.211	31.72	2.88	91.41	8.12	8.46	68.76	75.2	1	23.6	2
1047.315	31.72	2.88	91.43	8.12	8.43	68.42	74.8	1	23.6	2
1047.460	31.77	2.87	91.06	8.11	8.45	68.57	75.3	1	23.4	2
1047.520	31.79	2.86	90.91	8.12	8.45	68.64	75.5	1	23.6	2
1047.624	31.75	2.85	90.44	8.14	8.36	68.07	75.3	1	23.4	2
1047.769	31.82	2.82	89.80	8.16	8.29	67.69	75.4	1	23.4	2
1047.829	31.74	2.84	90.05	8.20	8.03	65.87	73.2	1	23.6	2
1047.933	31.61	2.85	90.08	8.15	8.16	66.53	73.9	1	23.6	2
1048.078	31.28	2.89	90.51	8.14	8.32	67.71	74.8	1	23.9	2
1048.138	31.23	2.90	90.69	8.16	8.24	67.26	74.2	1	23.9	2
1048.242	31.04	2.93	91.07	8.17	8.25	67.39	74.0	1	24.2	2
1048.387	30.92	2.94	90.88	8.11	8.31	67.38	74.1	1	24.0	2
1048.447	30.97	2.93	90.71	8.14	8.23	66.99	73.8	1	24.0	2
1048.551	30.72	2.93	90.13	8.15	8.25	67.23	74.6	1	24.2	2
1048.696	30.60	2.95	90.24	8.15	8.18	66.63	73.8	1	24.2	2
1048.756	30.61	2.96	90.49	8.16	8.15	66.51	73.5	1	24.3	2
1048.860	30.37	2.99	90.74	8.12	8.27	67.17	74.0	1	24.5	2
1049.005	30.34	2.98	90.55	8.13	8.36	67.99	75.1	1	24.3	2
1049.065	30.26	2.98	90.14	8.13	8.17	66.43	73.7	1	24.3	2
1049.169	30.29	2.97	89.86	8.15	8.20	66.88	74.4	1	24.5	2
1049.314	29.93	3.00	89.66	8.05	8.33	67.01	74.7	1	24.3	2
1049.374	30.24	2.98	90.26	8.10	8.35	67.70	75.0	1	24.2	2
1049.478	30.48	2.95	89.95	8.12	8.32	67.62	75.2	1	24.0	2
1049.623	30.66	2.94	90.00	8.17	8.21	67.08	74.5	1	24.2	2
1049.683	30.56	2.95	90.04	8.16	8.24	67.19	74.6	1	24.2	2
1049.787	30.43	2.96	90.01	8.15	8.12	66.23	73.6	1	24.2	2
1049.932	30.33	2.98	90.36	8.09	8.33	67.41	74.6	1	24.2	2
1049.992	30.28	2.98	90.19	8.04	8.38	67.40	74.7	1	24.0	2
1050.096	30.63	2.96	90.66	8.06	8.42	67.90	74.9	1	23.9	2
1050.241	31.08	2.92	90.89	8.09	8.45	68.42	75.3	1	23.7	2
1050.301	31.27	2.91	90.86	8.18	8.25	67.52	74.3	1	23.7	2
1050.405	31.41	2.88	90.54	8.21	8.19	67.26	74.3	1	23.9	2
1050.550	31.19	2.92	91.03	8.18	8.13	66.56	73.1	1	23.9	2
1050.610	31.25	2.92	91.23	8.18	8.16	66.77	73.2	1	23.7	2
1050.714	31.17	2.91	90.61	8.17	8.11	66.27	73.1	1	23.9	2
1050.859	31.40	2.90	90.94	8.19	8.10	66.39	73.0	1	23.6	2
1050.919	31.12	2.89	90.02	8.11	8.20	66.52	73.9	1	23.6	2
1051.023	31.13	2.90	90.20	8.11	8.16	66.17	73.4	1	23.9	2
1051.168	31.04	2.93	90.85	8.12	8.11	65.78	72.4	1	24.0	2
1051.228	31.02	2.91	90.26	8.15	8.17	66.53	73.7	1	24.0	2
1051.332	30.95	2.92	90.45	8.15	8.25	67.20	74.3	1	24.0	2
1051.477	30.95	2.93	90.62	8.16	8.32	67.92	74.9	1	24.0	2
1051.537	30.94	2.93	90.73	8.17	8.29	67.70	74.6	1	24.0	2
1051.641	30.87	2.94	90.74	8.15	8.36	68.13	75.1	1	24.0	2
1051.786	30.98	2.94	91.17	8.18	8.30	67.86	74.4	1	24.0	2
1051.846	30.69	2.96	90.85	8.10	8.41	68.13	75.0	1	24.2	2
1051.950	30.79	2.95	90.93	8.13	8.32	67.62	74.4	1	24.0	2
1052.095	30.72	2.96	91.07	8.10	8.44	68.40	75.1	1	24.0	2
1052.155	30.91	2.94	91.03	8.18	8.26	67.60	74.3	1	24.0	2
1052.259	30.96	2.94	91.02	8.17	8.41	68.71	75.5	1	23.9	2
1052.404	30.88	2.93	90.61	8.14	8.34	67.91	75.0	1	24.0	2
1052.464	30.67	2.94	90.20	8.12	8.43	68.43	75.9	1	24.2	2
1052.568	30.61	2.95	90.20	8.12	8.31	67.41	74.7	1	24.0	2
1052.713	30.41	2.96	89.88	8.11	8.39	68.05	75.7	1	24.2	2
1052.773	30.53	2.95	90.04	8.19	8.13	66.62	74.0	1	24.3	2
1052.877	30.30	2.98	90.28	8.16	8.19	66.81	74.0	1	24.5	2
1053.022	30.14	3.01	90.82	8.14	8.29	67.44	74.3	1	24.6	2
1053.082	29.95	3.02	90.30	8.10	8.30	67.23	74.5	1	24.6	2
1053.186	29.98	3.01	90.17	8.10	8.44	68.32	75.8	1	24.6	2
1053.331	30.11	2.99	90.16	8.21	8.12	66.63	73.9	1	24.5	2
1053.391	30.01	2.98	89.58	8.15	8.21	66.91	74.7	1	24.5	2
1053.495	29.82	3.02	90.13	8.15	8.12	66.21	73.5	1	24.8	2
1053.640	29.65	3.01	89.39	8.08	8.30	67.05	75.0	1	24.6	2
1053.700	29.51	3.02	89.10	8.01	8.17	65.42	73.4	1	24.8	2
1053.804	29.28	3.03	88.60	8.00	8.30	66.41	75.0	1	24.8	2
1053.949	29.64	3.02	89.49	8.01	8.42	67.41	75.3	1	24.5	2
1054.009	30.01	3.00	90.08	8.09	8.43	68.15	75.7	1	24.5	2
1054.113	30.25	2.98	90.16	8.15	8.25	67.24	74.6	1	24.3	2
1054.258	30.43	2.96	90.02	8.16	8.22	67.08	74.5	1	24.3	2
1054.318	30.22	2.98	89.96	8.15	8.25	67.26	74.8	1	24.3	2
1054.422	30.19	3.00	90.43	8.14	8.26	67.23	74.3	1	24.5	2
1054.567	30.12	3.01	90.52	8.15	8.30	67.60	74.7	1	24.5	2
1054.627	30.04	3.00	90.24	8.13	8.31	67.62	74.9	1	24.3	2
1054.731	29.97	3.00	90.03	8.08	8.31	67.11	74.5	1	24.5	2
1054.876	30.14	2.99	90.17	8.11	8.31	67.43	74.8	1	24.3	2
1054.936	30.12	2.99	90.13	8.08	8.31	67.15	74.5	1	24.3	2
1055.040	30.55	2.95	90.15	8.18	8.16	66.78	74.1	1	24.2	2
1055.185	30.40	2.97	90.28	8.09	8.31	67.26	74.5	1	24.2	2
1055.245	30.71	2.95	90.67	8.17	8.23	67.19	74.1	1	24.2	2
1055.349	30.70	2.94	90.36	8.21	8.17	67.05	74.2	1	24.0	2
1055.494	30.64	2.96	90.68	8.20	8.38	68.74	75.8	1	24.3	2
1055.554	30.76	2.96	91.08	8.24	8.20	67.57	74.2	1	24.2	2
1055.658	30.82	2.95	90.91	8.20	8.33	68.35	75.2	1	24.2	2
1055.803	30.92	2.93	90.67	8.27	8.25	68.20	75.2	1	24.2	2
1055.863	30.70	2.94	90.25	8.22	8.27	68.03	75.4	1	24.2	2
1055.967	30.62	2.94	89.94	8.23	8.20	67.49	75.0	1	24.2	2
1056.112	31.01	2.92	90.49	8.26	8.18	67.56	74.7	1	23.9	2
1056.172	31.30	2.90	90.84	8.24	8.18	67.41	74.2	1	23.7	2
1056.276	31.40	2.87	90.27	8.19	8.27	67.76	75.1	1	23.9	2
1056.421	31.09	2.91	90.42	8.21	8.24	67.64	74.8	1	24.0	2
1056.481	30.85	2.93	90.43	8.12	8.44	68.50	75.7	1	24.0	2
1056.585	30.91	2.94	90.97	8.14	8.33	67.79	74.5	1	24.2	2
1056.730	30.51	2.98	90.78	8.14	8.36	68.08	75.0	1	24.2	2
1056.790	30.64	2.95	90.24	8.19	8.23	67.39	74.7	1	24.0	2
1056.894	30.77	2.94	90.53	8.24	8.14	67.08	74.1	1	24.2	2
1057.039	30.83	2.94	90.65	8.19	8.31	68.00	75.0	1	24.2	2
1057.099	30.81	2.96	91.13	8.19	8.32	68.14	74.8	1	24.2	2
1057.203	30.58	2.96	90.61	8.20	8.34	68.40	75.5	1	24.2	2
1057.348	30.75	2.95	90.73	8.17	8.38	68.42	75.4	1	23.9	2
1057.408	31.05	2.93	90.91	8.18	8.43	68.91	75.8	1	23.7	2
1057.512	31.32	2.91	91.19	8.16	8.37	68.24	74.8	1	23.7	2
1057.657	31.43	2.89	90.85	8.18	8.26	67.56	74.4	1	23.6	2
1057.717	31.41	2.89	90.92	8.19	8.25	67.54	74.3	1	23.7	2
1057.821	31.40	2.90	91.08	8.17	8.30	67.83	74.5	1	23.9	2
1057.966	31.26	2.91	91.06	8.24	8.10	66.71	73.3	1	23.9	2
1058.026	31.19	2.92	91.08	8.18	8.26	67.60	74.2	1	23.9	2
1058.130	31.29	2.90	90.75	8.26	8.10	66.87	73.7	1	23.7	2
1058.275	31.53	2.89	90.98	8.17	8.31	67.92	74.6	1	23.6	2
1058.335	31.62	2.86	90.55	8.23	8.18	67.30	74.3	1	23.7	2
1058.439	31.53	2.88	90.65	8.21	8.27	67.92	74.9	1	23.7	2
1058.584	31.57	2.89	91.16	8.19	8.39	68.73	75.4	1	23.9	2
1058.644	31.45	2.90	91.32	8.22	8.23	67.71	74.1	1	23.9	2
1058.748	31.22	2.92	91.30	8.18	8.34	68.26	74.8	1	23.9	2
1058.893	31.28	2.90	90.85	8.22	8.40	69.03	76.0	1	23.7	2
1058.953	31.33	2.90	90.74	8.24	8.20	67.58	74.5	1	23.9	2
1059.057	31.08	2.93	90.91	8.16	8.52	69.50	76.4	1	24.0	2
1059.202	30.89	2.95	90.97	8.19	8.28	67.88	74.6	1	24.0	2
1059.262	30.79	2.95	90.96	8.17	8.32	68.03	74.8	1	24.2	2
1059.366	30.72	2.96	91.02	8.17	8.30	67.78	74.5	1	24.2	2
1059.511	30.46	2.98	90.81	8.14	8.24	67.08	73.9	1	24.2	2
1059.571	30.76	2.96	90.99	8.17	8.23	67.25	73.9	1	24.3	2
1059.675	30.53	2.98	90.87	8.16	8.25	67.37	74.1	1	24.2	2
1059.820	30.88	2.94	90.69	8.19	8.23	67.38	74.3	1	24.0	2
1059.880	30.68	2.94	90.27	8.21	8.10	66.49	73.7	1	24.2	2
1059.984	30.86	2.93	90.56	8.17	8.33	68.04	75.1	1	24.0	2
1060.129	31.23	2.91	90.75	8.28	8.09	66.96	73.8	1	24.0	2
1060.189	31.07	2.92	90.86	8.25	8.23	67.87	74.7	1	24.2	2
1060.293	30.76	2.96	91.13	8.20	8.27	67.85	74.5	1	24.3	2
1060.438	30.89	2.94	90.83	8.15	8.42	68.61	75.5	1	24.0	2
1060.498	30.78	2.94	90.56	8.21	8.24	67.65	74.7	1	24.2	2
1060.602	30.84	2.93	90.36	8.24	8.21	67.69	74.9	1	24.0	2
1060.747	31.14	2.92	90.97	8.18	8.38	68.51	75.3	1	23.9	2
1060.807	31.13	2.93	91.13	8.15	8.47	68.99	75.7	1	23.9	2
1060.911	31.12	2.93	91.04	8.16	8.34	68.08	74.8	1	23.9	2
1061.056	31.01	2.93	90.93	8.13	8.30	67.49	74.2	1	24.0	2
1061.116	30.91	2.93	90.71	8.15	8.38	68.31	75.3	1	24.0	2
1061.220	31.06	2.93	90.84	8.17	8.27	67.52	74.3	1	24.0	2
1061.365	30.51	2.96	90.39	8.04	8.50	68.28	75.5	1	24.2	2
1061.425	30.66	2.96	90.65	8.12	8.34	67.72	74.7	1	24.0	2
1061.529	30.93	2.94	91.03	8.12	8.37	67.95	74.6	1	23.9	2
1061.674	31.01	2.92	90.61	8.20	8.31	68.16	75.2	1	24.0	2
1061.734	30.79	2.95	90.91	8.15	8.23	67.11	73.8	1	24.2	2
1061.838	30.82	2.94	90.74	8.20	8.26	67.76	74.7	1	24.2	2
1061.983	31.12	2.94	91.42	8.17	8.36	68.25	74.7	1	23.9	2
1062.043	31.20	2.93	91.28	8.22	8.25	67.79	74.3	1	23.7	2
1062.147	31.21	2.92	91.02	8.21	8.29	68.05	74.8	1	23.9	2
1062.292	31.23	2.93	91.45	8.23	8.26	67.98	74.3	1	24.0	2
1062.352	31.05	2.94	91.23	8.21	8.17	67.07	73.5	1	24.0	2
1062.456	31.08	2.91	90.50	8.27	8.05	66.61	73.6	1	23.9	2
1062.601	31.37	2.92	91.46	8.16	8.41	68.63	75.0	1	23.7	2
1062.661	31.50	2.90	91.46	8.19	8.33	68.18	74.5	1	23.6	2
1062.765	31.27	2.92	91.21	8.10	8.41	68.14	74.7	1	23.7	2
1062.910	31.17	2.92	91.05	8.11	8.29	67.30	73.9	1	23.7	2
1062.970	31.26	2.90	90.75	8.16	8.32	67.88	74.8	1	23.6	2
1063.074	31.45	2.88	90.60	8.22	8.08	66.47	73.4	1	23.7	2
1063.219	31.63	2.88	91.02	8.22	8.28	68.10	74.8	1	23.4	2
1063.279	31.70	2.88	91.16	8.12	8.47	68.81	75.5	1	23.3	2
1063.383	31.69	2.86	90.55	8.18	8.28	67.74	74.8	1	23.4	2
1063.528	32.08	2.82	90.55	8.16	8.14	66.44	73.4	1	23.1	2
1063.588	32.20	2.82	90.68	8.14	8.26	67.17	74.1	1	23.1	2
1063.692	32.27	2.82	90.92	8.11	8.26	67.05	73.8	1	23.0	2
1063.837	32.28	2.81	90.61	8.08	8.35	67.49	74.5	1	23.1	2
1063.897	32.21	2.81	90.64	8.10	8.33	67.47	74.4	1	23.1	2
1064.001	31.96	2.83	90.39	8.04	8.42	67.67	74.9	1	23.1	2
1064.146	32.08	2.82	90.52	8.08	8.33	67.32	74.4	1	23.1	2
1064.206	31.97	2.85	90.97	8.03	8.47	68.03	74.8	1	23.3	2
1064.310	31.94	2.84	90.79	8.12	8.26	67.11	73.9	1	23.3	2
1064.455	31.82	2.85	90.78	8.12	8.17	66.37	73.1	1	23.3	2
1064.515	32.05	2.83	90.57	8.21	8.06	66.19	73.1	1	23.3	2
1064.619	31.91	2.83	90.15	8.20	8.22	67.43	74.8	1	23.1	2
1064.764	32.08	2.81	90.03	8.21	8.06	66.16	73.5	1	23.3	2
1064.824	32.05	2.81	90.23	8.16	8.24	67.26	74.5	1	23.3	2
1064.928	31.87	2.83	90.32	8.11	8.19	66.44	73.6	1	23.3	2
1065.073	31.80	2.87	91.33	8.13	8.26	67.15	73.5	1	23.6	2
1065.133	31.57	2.88	90.90	8.10	8.27	67.02	73.7	1	23.6	2
1065.237	31.54	2.88	90.75	8.08	8.32	67.17	74.0	1	23.4	2
1065.382	31.66	2.89	91.35	8.08	8.41	67.91	74.3	1	23.3	2
1065.442	31.91	2.83	90.47	8.06	8.51	68.57	75.8	1	23.4	2
1065.546	31.93	2.84	90.74	8.13	8.27	67.26	74.1	1	23.4	2
1065.691	31.96	2.85	91.12	8.11	8.26	67.03	73.6	1	23.3	2
1065.751	32.02	2.84	90.85	8.09	8.33	67.41	74.2	1	23.1	2
1065.855	31.95	2.85	90.96	8.11	8.24	66.84	73.5	1	23.3	2
1066.000	31.99	2.83	90.67	8.11	8.28	67.11	74.0	1	23.3	2
1066.060	32.05	2.82	90.47	8.07	8.38	67.61	74.7	1	23.3	2
1066.164	31.88	2.83	90.35	8.07	8.37	67.60	74.8	1	23.4	2
1066.309	31.61	2.89	91.38	8.11	8.33	67.60	74.0	1	23.7	2
1066.369	31.38	2.90	91.00	8.09	8.27	66.95	73.6	1	23.7	2
1066.473	31.26	2.91	91.10	8.11	8.41	68.18	74.8	1	23.7	2
1066.618	31.30	2.90	90.91	8.10	8.43	68.28	75.1	1	23.6	2
1066.678	31.39	2.90	91.00	8.12	8.42	68.34	75.1	1	23.4	2
1066.782	31.58	2.88	90.99	8.15	8.26	67.31	74.0	1	23.3	2
1066.927	31.64	2.86	90.58	8.07	8.49	68.48	75.6	1	23.3	2
1066.987	31.96	2.85	91.14	8.09	8.41	68.05	74.7	1	23.1	2
1067.091	31.87	2.85	90.90	8.05	8.34	67.13	73.9	1	23.3	2
1067.236	31.53	2.89	91.13	8.03	8.31	66.75	73.2	1	23.6	2
1067.296	31.49	2.89	91.10	8.08	8.29	66.97	73.5	1	23.7	2
1067.400	31.26	2.92	91.35	8.09	8.36	67.62	74.0	1	23.9	2
1067.545	31.19	2.93	91.34	8.15	8.34	67.96	74.4	1	23.6	2
1067.605	31.39	2.92	91.57	8.16	8.31	67.83	74.1	1	23.6	2
1067.709	31.46	2.89	90.92	8.08	8.46	68.39	75.2	1	23.6	2
1067.854	31.61	2.88	90.96	8.11	8.48	68.77	75.6	1	23.3	2
1067.914	31.83	2.85	90.82	8.10	8.45	68.43	75.3	1	23.1	2
1068.018	31.79	2.84	90.30	8.03	8.49	68.16	75.5	1	23.3	2
1068.163	31.98	2.83	90.43	8.06	8.35	67.28	74.4	1	23.3	2
1068.223	31.80	2.83	90.10	8.05	8.40	67.65	75.1	1	23.4	2
1068.327	31.89	2.85	90.82	8.03	8.35	67.06	73.8	1	23.1	2
1068.472	32.16	2.81	90.25	8.12	8.21	66.65	73.8	1	23.1	2
1068.532	32.10	2.83	90.81	8.06	8.35	67.26	74.1	1	23.1	2
1068.636	32.26	2.81	90.68	8.10	8.24	66.76	73.6	1	23.1	2
1068.781	32.11	2.84	91.16	8.05	8.39	67.56	74.1	1	23.3	2
1068.841	32.06	2.84	90.95	7.97	8.52	67.94	74.7	1	23.3	2
1068.945	32.16	2.83	90.94	8.03	8.52	68.48	75.3	1	23.1	2
1069.090	32.09	2.84	91.07	8.08	8.37	67.61	74.2	1	23.4	2
1069.150	31.79	2.85	90.71	8.02	8.44	67.72	74.7	1	23.3	2
1069.254	31.76	2.86	90.71	8.08	8.45	68.28	75.3	1	23.4	2
1069.399	31.38	2.90	91.15	8.11	8.36	67.79	74.4	1	23.7	2
1069.459	30.96	2.92	90.42	8.04	8.32	66.89	74.0	1	23.6	2
1069.563	31.04	2.93	90.83	8.08	8.37	67.60	74.4	1	23.7	2
1069.708	30.95	2.93	90.66	8.04	8.43	67.75	74.7	1	23.7	2
1069.768	30.99	2.94	91.01	8.05	8.37	67.32	74.0	1	23.7	2
1069.872	31.17	2.93	91.21	8.06	8.29	66.79	73.2	1	23.6	2
1070.017	31.42	2.90	91.16	8.08	8.25	66.68	73.1	1	23.4	2
1070.077	31.46	2.90	91.09	8.06	8.31	67.03	73.6	1	23.4	2
1070.181	31.63	2.88	91.05	8.11	8.32	67.44	74.1	1	23.4	2
1070.326	31.67	2.89	91.41	8.08	8.41	67.95	74.3	1	23.3	2
1070.386	31.80	2.85	90.78	8.10	8.37	67.80	74.7	1	23.3	2
1070.490	31.81	2.87	91.18	8.08	8.32	67.23	73.7	1	23.6	2
1070.635	31.47	2.90	91.11	8.07	8.28	66.82	73.3	1	23.6	2
1070.695	31.44	2.91	91.48	8.09	8.37	67.70	74.0	1	23.7	2
1070.799	31.08	2.95	91.55	8.01	8.51	68.24	74.5	1	23.7	2
1070.944	31.20	2.92	91.15	8.07	8.32	67.17	73.7	1	23.6	2
1071.004	31.46	2.91	91.44	8.07	8.37	67.58	73.9	1	23.6	2
1071.108	31.39	2.90	91.07	8.06	8.37	67.41	74.0	1	23.6	2
1071.253	31.37	2.91	91.16	8.09	8.33	67.40	73.9	1	23.6	2
1071.313	31.14	2.92	90.81	8.06	8.32	66.99	73.8	1	23.6	2
1071.417	31.20	2.92	90.99	8.07	8.28	66.84	73.5	1	23.6	2
1071.562	31.05	2.92	90.67	8.03	8.31	66.72	73.6	1	23.7	2
1071.622	31.18	2.92	90.93	8.08	8.30	67.03	73.7	1	23.9	2
1071.726	31.11	2.92	90.72	8.09	8.25	66.72	73.6	1	23.7	2
1071.871	31.35	2.91	91.09	8.10	8.33	67.48	74.1	1	23.6	2
1071.931	31.45	2.89	90.79	8.13	8.25	67.10	73.9	1	23.6	2
1072.035	31.30	2.91	90.98	8.08	8.32	67.26	73.9	1	23.6	2
1072.180	31.67	2.91	92.09	8.10	8.40	68.03	73.9	1	23.3	2
1072.240	31.73	2.89	91.73	8.06	8.28	66.79	72.8	1	23.3	2
1072.344	31.84	2.88	91.55	8.04	8.30	66.72	72.9	1	23.3	2
1072.489	31.55	2.88	91.01	8.04	8.42	67.70	74.4	1	23.4	2
1072.549	31.73	2.87	91.22	8.07	8.38	67.69	74.2	1	23.3	2
1072.653	31.96	2.85	90.97	8.06	8.51	68.64	75.5	1	23.3	2
1072.798	31.74	2.86	90.86	8.10	8.22	66.56	73.3	1	23.4	2
1072.858	31.68	2.87	90.96	8.11	8.21	66.54	73.2	1	23.4	2
1072.962	31.51	2.89	91.13	8.06	8.30	66.94	73.5	1	23.4	2
1073.107	31.61	2.88	91.11	8.02	8.45	67.83	74.5	1	23.4	2
1073.167	31.51	2.88	90.65	8.05	8.41	67.67	74.6	1	23.6	2
1073.271	31.56	2.88	90.90	8.06	8.43	67.98	74.8	1	23.4	2
1073.416	31.76	2.88	91.40	8.09	8.30	67.10	73.4	1	23.4	2
1073.476	31.71	2.87	91.14	8.13	8.28	67.37	73.9	1	23.6	2
1073.580	31.72	2.88	91.28	8.07	8.40	67.79	74.3	1	23.4	2
1073.725	31.77	2.86	90.90	8.11	8.32	67.49	74.2	1	23.4	2
1073.785	31.57	2.86	90.41	8.11	8.18	66.33	73.4	1	23.6	2
1073.889	31.65	2.87	90.85	8.11	8.30	67.33	74.1	1	23.6	2
1074.034	31.29	2.92	91.22	8.05	8.46	68.06	74.6	1	23.7	2
1074.094	31.33	2.91	91.19	8.14	8.32	67.76	74.3	1	23.9	2
1074.198	31.00	2.93	90.80	8.09	8.33	67.41	74.2	1	23.7	2
1074.343	31.07	2.93	91.15	8.03	8.34	66.98	73.5	1	23.6	2
1074.403	31.23	2.92	91.06	8.05	8.32	66.94	73.5	1	23.6	2
1074.507	31.21	2.92	91.03	8.01	8.42	67.39	74.0	1	23.6	2
1074.652	31.35	2.91	91.16	7.98	8.42	67.23	73.8	1	23.4	2
1074.712	31.55	2.88	91.01	8.01	8.47	67.82	74.5	1	23.6	2
1074.816	31.39	2.89	90.77	8.07	8.25	66.56	73.3	1	23.4	2
1074.961	31.41	2.90	91.15	8.08	8.37	67.64	74.2	1	23.6	2
1075.021	31.43	2.89	90.83	8.10	8.42	68.20	75.1	1	23.6	2
1075.125	31.53	2.87	90.46	8.15	8.19	66.69	73.7	1	23.6	2
1075.270	31.34	2.91	91.07	8.08	8.40	67.90	74.6	1	23.7	2
1075.330	31.30	2.90	90.80	8.09	8.36	67.59	74.4	1	23.7	2
1075.434	31.36	2.90	91.07	8.07	8.40	67.83	74.5	1	23.7	2
1075.579	31.49	2.89	91.05	8.10	8.35	67.59	74.2	1	23.6	2
1075.639	31.40	2.90	91.19	8.04	8.44	67.88	74.4	1	23.4	2
1075.743	31.68	2.87	90.85	8.06	8.45	68.11	75.0	1	23.4	2
1075.888	31.98	2.82	90.30	8.13	8.26	67.21	74.4	1	23.3	2
1075.948	31.92	2.84	90.72	8.13	8.25	67.08	73.9	1	23.1	2
1076.052	32.19	2.83	90.94	8.07	8.21	66.27	72.9	1	23.0	2
1076.197	32.10	2.82	90.45	8.03	8.34	66.94	74.0	1	23.1	2
1076.257	32.22	2.81	90.63	8.06	8.25	66.49	73.4	1	23.0	2
1076.361	32.65	2.75	89.87	8.08	8.18	66.05	73.5	1	23.0	2
1076.506	32.27	2.82	91.14	8.09	8.22	66.56	73.0	1	23.3	2
1076.566	32.10	2.85	91.42	8.03	8.23	66.15	72.4	1	23.3	2
1076.670	31.74	2.85	90.34	8.10	8.20	66.43	73.5	1	23.3	2
1076.815	31.52	2.90	91.33	8.05	8.41	67.68	74.1	1	23.6	2
1076.875	31.65	2.88	91.13	8.15	8.24	67.15	73.7	1	23.7	2
1076.979	31.37	2.91	91.16	8.15	8.15	66.48	72.9	1	23.7	2
1077.124	31.24	2.92	91.36	8.06	8.38	67.55	73.9	1	23.7	2
1077.184	31.04	2.94	91.33	8.06	8.40	67.72	74.2	1	23.9	2
1077.288	30.91	2.96	91.37	8.05	8.46	68.08	74.5	1	23.9	2
1077.433	31.20	2.92	91.02	8.14	8.26	67.25	73.9	1	23.9	2
1077.493	31.09	2.92	90.89	8.07	8.40	67.79	74.6	1	23.7	2
1077.597	31.08	2.92	90.68	8.10	8.27	67.02	73.9	1	23.9	2
1077.742	30.96	2.94	90.98	8.18	8.18	66.91	73.5	1	24.0	2
1077.802	30.71	2.97	91.10	8.11	8.34	67.64	74.2	1	24.2	2
1077.906	30.36	2.99	90.81	8.08	8.34	67.46	74.3	1	24.2	2
1078.051	30.42	2.99	90.91	8.11	8.21	66.56	73.2	1	24.0	2
1078.111	30.69	2.96	90.80	8.17	8.16	66.72	73.5	1	24.2	2
1078.215	30.41	2.97	90.36	8.11	8.25	66.90	74.0	1	24.0	2
1078.360	30.45	3.00	91.40	8.07	8.51	68.68	75.1	1	24.3	2
1078.420	30.23	3.00	90.58	8.08	8.37	67.57	74.6	1	24.5	2
1078.524	30.20	3.00	90.53	8.10	8.24	66.71	73.7	1	24.3	2
1078.669	29.78	3.01	89.76	8.05	8.28	66.71	74.3	1	24.3	2
1078.729	29.78	3.00	89.30	7.99	8.37	66.92	74.9	1	24.3	2
1078.833	29.81	3.01	89.63	8.11	8.12	65.85	73.5	1	24.5	2
1078.978	29.82	3.01	89.79	8.06	8.28	66.77	74.4	1	24.6	2
1079.038	29.69	3.02	89.63	7.98	8.44	67.31	75.1	1	24.6	2
1079.142	29.93	3.02	90.42	8.10	8.16	66.10	73.1	1	24.5	2
1079.287	30.07	3.01	90.39	8.05	8.34	67.19	74.3	1	24.3	2
1079.347	30.02	3.01	90.36	8.03	8.44	67.78	75.0	1	24.3	2
1079.451	29.99	3.01	90.23	8.11	8.17	66.26	73.4	1	24.5	2
1079.596	29.87	3.01	90.06	8.01	8.31	66.56	73.9	1	24.3	2
1079.656	29.99	3.01	90.36	8.02	8.43	67.57	74.8	1	24.2	2
1079.760	30.09	3.00	90.16	8.08	8.24	66.55	73.8	1	24.2	2
1079.905	30.43	2.97	90.51	8.10	8.27	66.97	74.0	1	24.0	2
1079.965	30.46	2.97	90.45	8.06	8.30	66.90	74.0	1	24.0	2
1080.069	30.53	2.97	90.62	8.05	8.44	67.94	75.0	1	23.9	2
1080.214	31.03	2.93	90.85	8.15	8.19	66.76	73.5	1	23.7	2
1080.274	31.18	2.91	90.60	8.16	8.19	66.86	73.8	1	23.7	2
1080.378	30.85	2.94	90.59	8.10	8.30	67.24	74.2	1	24.0	2
1080.523	30.95	2.94	90.96	8.11	8.35	67.72	74.5	1	23.7	2
1080.583	31.03	2.94	91.18	8.09	8.29	67.07	73.6	1	23.7	2
1080.687	31.17	2.93	91.29	8.12	8.24	66.90	73.3	1	23.7	2
1080.832	30.91	2.94	90.73	8.09	8.26	66.81	73.6	1	23.7	2
1080.892	31.00	2.92	90.47	8.18	8.11	66.40	73.4	1	23.9	2
1080.996	31.10	2.91	90.64	8.14	8.20	66.73	73.6	1	23.6	2
1081.141	31.42	2.90	91.03	8.13	8.39	68.22	74.9	1	23.6	2
1081.201	31.55	2.89	91.10	8.18	8.32	68.05	74.7	1	23.4	2
1081.305	31.75	2.87	91.22	8.15	8.36	68.09	74.6	1	23.3	2
1081.450	31.74	2.86	90.88	8.10	8.33	67.44	74.2	1	23.4	2
1081.510	31.61	2.88	91.04	8.08	8.40	67.93	74.6	1	23.6	2
1081.614	31.54	2.90	91.48	8.08	8.41	67.99	74.3	1	23.7	2
1081.759	31.54	2.91	91.64	8.09	8.40	67.93	74.1	1	23.6	2
1081.819	31.52	2.90	91.33	8.09	8.36	67.65	74.1	1	23.7	2
1081.923	31.19	2.92	91.17	8.09	8.43	68.22	74.8	1	23.9	2
1082.068	30.76	2.95	90.89	8.12	8.37	67.98	74.8	1	23.9	2
1082.128	30.40	2.97	90.24	8.03	8.50	68.25	75.6	1	24.0	2
1082.232	30.53	2.96	90.27	8.04	8.45	67.98	75.3	1	23.9	2
1082.377	30.85	2.95	90.93	8.06	8.49	68.50	75.3	1	23.7	2
1082.437	30.91	2.94	90.95	8.05	8.53	68.67	75.5	1	23.7	2
1082.541	30.94	2.94	90.95	8.07	8.51	68.68	75.5	1	23.7	2
1082.686	30.61	2.96	90.54	7.99	8.60	68.76	75.9	1	24.0	2
1082.746	30.73	2.95	90.79	8.07	8.43	68.07	75.0	1	24.0	2
1082.850	30.73	2.94	90.39	8.12	8.37	67.99	75.2	1	23.9	2
1082.995	30.62	2.95	90.25	8.11	8.39	68.05	75.4	1	24.0	2
1083.055	30.66	2.94	90.03	8.12	8.38	68.05	75.6	1	23.9	2
1083.159	31.01	2.93	90.83	8.14	8.35	68.02	74.9	1	23.7	2
1083.304	31.44	2.90	91.10	8.15	8.34	68.01	74.7	1	23.6	2
1083.364	31.60	2.90	91.75	8.13	8.32	67.64	73.7	1	23.4	2
1083.468	31.56	2.89	91.24	8.14	8.33	67.81	74.3	1	23.4	2
1083.613	31.62	2.88	90.96	8.09	8.26	66.83	73.5	1	23.4	2
1083.673	31.73	2.85	90.58	8.11	8.31	67.41	74.4	1	23.3	2
1083.777	31.72	2.84	90.22	8.14	8.20	66.67	73.9	1	23.4	2
1083.922	31.80	2.84	90.38	8.12	8.18	66.48	73.6	1	23.3	2
1083.982	31.97	2.83	90.60	8.11	8.31	67.41	74.4	1	23.3	2
1084.086	31.98	2.82	90.10	8.16	8.27	67.50	74.9	1	23.3	2
1084.231	31.86	2.84	90.59	8.18	8.23	67.29	74.3	1	23.6	2
1084.291	31.49	2.86	90.14	8.17	8.14	66.55	73.8	1	23.6	2
1084.395	31.40	2.89	90.85	8.17	8.16	66.68	73.4	1	23.7	2
1084.540	31.42	2.90	91.11	8.20	8.18	67.07	73.6	1	23.7	2
1084.600	31.25	2.91	91.04	8.22	8.18	67.19	73.8	1	23.9	2
1084.704	31.24	2.91	90.89	8.21	8.12	66.68	73.4	1	23.6	2
1084.849	31.44	2.89	90.89	8.17	8.21	67.07	73.8	1	23.7	2
1084.909	31.26	2.91	91.04	8.11	8.39	67.98	74.7	1	23.9	2
1085.013	31.06	2.92	90.82	8.10	8.39	68.01	74.9	1	23.9	2
1085.158	31.12	2.93	91.06	8.12	8.43	68.41	75.1	1	23.9	2
1085.218	31.18	2.92	91.07	8.17	8.21	67.04	73.6	1	23.9	2
1085.322	30.75	2.93	90.22	8.15	8.16	66.53	73.7	1	23.7	2
1085.467	30.94	2.93	90.49	8.05	8.45	68.01	75.2	1	23.6	2
1085.527	31.11	2.91	90.60	8.08	8.41	68.00	75.1	1	23.6	2
1085.631	31.49	2.90	91.28	8.14	8.34	67.82	74.3	1	23.4	2
1085.776	31.70	2.88	91.43	8.10	8.36	67.67	74.0	1	23.4	2
1085.836	31.58	2.88	90.91	8.12	8.32	67.56	74.3	1	23.6	2
1085.940	31.31	2.91	91.04	8.09	8.36	67.63	74.3	1	23.7	2
1086.085	31.32	2.90	90.79	8.11	8.43	68.38	75.3	1	23.7	2
1086.145	31.11	2.91	90.45	8.11	8.44	68.46	75.7	1	23.9	2
1086.249	31.54	2.89	91.02	8.20	8.22	67.44	74.1	1	23.6	2
1086.394	31.40	2.88	90.46	8.16	8.33	67.95	75.1	1	23.7	2
1086.454	31.30	2.90	90.75	8.17	8.16	66.70	73.5	1	23.9	2
1086.558	31.17	2.90	90.53	8.14	8.18	66.58	73.5	1	23.7	2
1086.703	31.37	2.92	91.54	8.14	8.22	66.85	73.0	1	23.6	2
1086.763	31.49	2.89	91.08	8.10	8.34	67.52	74.1	1	23.4	2
1086.867	31.65	2.87	90.79	8.13	8.19	66.60	73.4	1	23.4	2
1087.012	31.53	2.88	90.83	8.13	8.24	67.03	73.8	1	23.7	2
1087.072	31.36	2.89	90.71	8.17	8.31	67.88	74.8	1	23.7	2
1087.176	31.37	2.91	91.22	8.15	8.30	67.66	74.2	1	23.7	2
1087.321	31.06	2.91	90.36	8.11	8.31	67.39	74.6	1	23.7	2
1087.381	31.02	2.92	90.49	8.08	8.31	67.16	74.2	1	23.9	2
1087.485	30.97	2.92	90.44	8.10	8.24	66.77	73.8	1	23.7	2
1087.630	31.20	2.90	90.59	8.09	8.26	66.83	73.8	1	23.6	2
1087.690	31.31	2.88	90.28	8.10	8.35	67.67	75.0	1	23.6	2
1087.794	31.24	2.89	90.31	8.10	8.38	67.85	75.1	1	23.6	2
1087.939	31.41	2.88	90.34	8.13	8.38	68.14	75.4	1	23.4	2
1087.999	31.42	2.88	90.45	8.09	8.43	68.13	75.3	1	23.6	2
1088.103	31.33	2.91	91.05	8.08	8.42	68.07	74.8	1	23.7	2
1088.248	31.01	2.94	91.07	8.07	8.44	68.13	74.8	1	23.9	2
1088.308	30.95	2.94	90.85	8.08	8.47	68.41	75.3	1	23.9	2
1088.412	31.04	2.93	90.90	8.08	8.53	68.93	75.8	1	23.7	2
1088.557	31.30	2.92	91.33	8.09	8.52	68.94	75.5	1	23.6	2
1088.617	31.44	2.91	91.43	8.07	8.55	68.98	75.4	1	23.4	2
1088.721	31.66	2.88	91.21	8.07	8.42	67.93	74.5	1	23.3	2
1088.866	31.70	2.86	90.77	8.03	8.48	68.12	75.0	1	23.3	2
1088.926	31.75	2.86	90.66	8.04	8.38	67.39	74.3	1	23.1	2
1089.030	31.96	2.84	90.86	8.06	8.32	67.02	73.8	1	23.3	2
1089.175	32.05	2.82	90.52	8.09	8.39	67.89	75.0	1	23.1	2
1089.235	31.78	2.81	89.35	8.10	8.23	66.69	74.6	1	23.1	2
1089.339	31.73	2.82	89.55	8.13	8.23	66.95	74.8	1	23.4	2
1089.484	31.42	2.88	90.46	8.09	8.34	67.50	74.6	1	23.7	2
1089.544	31.39	2.89	90.71	8.13	8.38	68.17	75.2	1	23.9	2
1089.648	31.20	2.89	90.20	8.14	8.35	67.94	75.3	1	23.7	2
1089.793	31.27	2.91	90.84	8.14	8.31	67.67	74.5	1	23.7	2
1089.853	31.27	2.90	90.69	8.11	8.32	67.49	74.4	1	23.6	2
1089.957	31.38	2.89	90.54	8.11	8.39	68.02	75.1	1	23.7	2
1090.102	31.22	2.89	90.17	8.15	8.19	66.74	74.0	1	23.6	2
1090.162	31.50	2.88	90.57	8.17	8.21	67.04	74.0	1	23.4	2
1090.266	31.78	2.87	91.08	8.15	8.34	67.98	74.6	1	23.3	2
1090.411	31.80	2.86	90.92	8.14	8.21	66.85	73.5	1	23.3	2
1090.471	31.81	2.86	90.98	8.09	8.31	67.26	73.9	1	23.1	2
1090.575	32.00	2.82	90.33	8.13	8.23	66.88	74.0	1	23.3	2
1090.720	31.92	2.83	90.45	8.08	8.36	67.52	74.6	1	23.3	2
1090.780	31.76	2.85	90.58	8.00	8.48	67.86	74.9	1	23.3	2
1090.884	31.80	2.84	90.26	8.04	8.51	68.36	75.7	1	23.4	2
1091.029	31.75	2.87	91.22	8.13	8.23	66.95	73.4	1	23.6	2
1091.089	31.53	2.88	90.72	8.06	8.33	67.18	74.0	1	23.6	2
1091.193	31.52	2.86	90.18	8.13	8.29	67.41	74.8	1	23.6	2
1091.338	31.72	2.84	90.22	8.14	8.22	66.93	74.2	1	23.4	2
1091.398	31.70	2.87	90.84	8.08	8.46	68.32	75.2	1	23.4	2
1091.502	31.53	2.87	90.64	8.14	8.27	67.31	74.3	1	23.6	2
1091.647	31.23	2.90	90.57	8.11	8.38	68.03	75.1	1	23.7	2
1091.707	31.17	2.90	90.40	8.09	8.39	67.85	75.1	1	23.6	2
1091.811	31.21	2.89	90.11	8.14	8.19	66.71	74.0	1	23.7	2
1091.956	31.15	2.92	90.82	8.08	8.29	67.01	73.8	1	23.7	2
1092.016	31.17	2.90	90.53	8.11	8.21	66.59	73.6	1	23.9	2
1092.120	30.93	2.90	89.79	8.12	8.19	66.45	74.0	1	23.9	2
1092.265	30.62	2.94	90.09	8.11	8.27	67.06	74.4	1	24.0	2
1092.325	30.26	2.95	89.24	8.05	8.28	66.67	74.7	1	23.9	2
1092.429	30.90	2.92	90.33	8.11	8.24	66.77	73.9	1	23.7	2
1092.574	31.14	2.90	90.30	8.10	8.24	66.75	73.9	1	23.7	2
1092.634	30.80	2.93	90.23	8.02	8.39	67.32	74.6	1	23.9	2
1092.738	30.67	2.94	90.31	8.01	8.37	67.04	74.2	1	23.9	2
1092.883	31.03	2.93	90.80	8.02	8.44	67.68	74.5	1	23.6	2
1092.943	31.17	2.90	90.49	8.04	8.30	66.75	73.8	1	23.6	2
1093.047	31.19	2.90	90.48	8.10	8.27	67.04	74.1	1	23.7	2
1093.192	30.92	2.93	90.61	8.04	8.32	66.86	73.8	1	24.0	2
1093.252	30.82	2.93	90.45	8.05	8.37	67.38	74.5	1	23.9	2
1093.356	30.75	2.95	90.57	8.05	8.39	67.59	74.6	1	24.0	2
1093.501	30.72	2.94	90.33	8.09	8.26	66.82	74.0	1	23.9	2
1093.561	30.79	2.94	90.49	8.02	8.43	67.60	74.7	1	23.7	2
1093.665	31.05	2.91	90.32	8.10	8.40	68.03	75.3	1	23.6	2
1093.810	31.00	2.91	90.26	8.05	8.31	66.88	74.1	1	23.6	2
1093.870	31.26	2.88	90.17	8.06	8.50	68.46	75.9	1	23.6	2
1093.974	31.34	2.89	90.60	8.07	8.35	67.37	74.4	1	23.6	2
1094.119	31.43	2.88	90.62	8.06	8.43	67.98	75.0	1	23.4	2
1094.179	31.55	2.87	90.69	8.12	8.31	67.52	74.5	1	23.6	2
1094.283	31.22	2.90	90.55	8.03	8.37	67.26	74.3	1	23.6	2
1094.428	31.14	2.90	90.34	8.08	8.37	67.56	74.8	1	23.7	2
1094.488	30.90	2.92	90.13	8.02	8.37	67.12	74.5	1	23.6	2
1094.592	31.29	2.90	90.66	8.08	8.34	67.34	74.3	1	23.6	2
1094.737	31.38	2.89	90.63	7.96	8.40	66.81	73.7	1	23.4	2
1094.797	31.31	2.90	90.69	7.98	8.48	67.64	74.6	1	23.6	2
1094.901	31.23	2.89	90.27	8.03	8.34	66.90	74.1	1	23.6	2
1095.046	31.43	2.87	90.28	8.00	8.41	67.26	74.5	1	23.3	2
1095.106	31.50	2.87	90.28	8.05	8.24	66.30	73.4	1	23.4	2
1095.210	31.40	2.87	90.15	8.04	8.26	66.40	73.7	1	23.4	2
1095.355	31.64	2.87	90.71	8.14	8.25	67.14	74.0	1	23.6	2
1095.415	31.30	2.89	90.51	8.07	8.27	66.67	73.7	1	23.4	2
1095.519	31.61	2.87	90.62	8.13	8.25	67.10	74.0	1	23.4	2
1095.664	31.80	2.85	90.58	8.09	8.27	66.96	73.9	1	23.3	2
1095.724	31.72	2.85	90.42	8.06	8.34	67.19	74.3	1	23.3	2
1095.828	31.51	2.87	90.29	8.04	8.37	67.26	74.5	1	23.3	2
1095.973	31.79	2.86	90.76	8.13	8.32	67.64	74.5	1	23.4	2
1096.033	31.59	2.86	90.48	8.13	8.19	66.66	73.7	1	23.6	2
1096.137	31.47	2.88	90.69	8.08	8.37	67.63	74.6	1	23.6	2
1096.282	31.14	2.91	90.55	8.06	8.27	66.65	73.6	1	23.6	2
1096.342	30.99	2.92	90.36	7.97	8.45	67.32	74.5	1	23.6	2
1096.446	31.30	2.91	91.10	8.02	8.35	66.96	73.5	1	23.6	2
1096.591	31.42	2.89	90.89	8.04	8.51	68.43	75.3	1	23.6	2
1096.651	31.33	2.90	90.80	8.11	8.20	66.52	73.3	1	23.6	2
1096.755	31.37	2.88	90.34	8.05	8.42	67.73	75.0	1	23.6	2
1096.900	31.13	2.91	90.70	7.98	8.33	66.53	73.3	1	23.6	2
1096.960	31.12	2.91	90.43	8.07	8.24	66.54	73.6	1	23.7	2
1097.064	31.02	2.92	90.65	7.99	8.44	67.44	74.4	1	23.6	2
1097.209	31.60	2.88	90.97	8.07	8.41	67.87	74.6	1	23.3	2
1097.269	31.55	2.88	90.91	8.01	8.51	68.14	74.9	1	23.3	2
1097.373	31.57	2.88	90.94	8.04	8.43	67.73	74.5	1	23.6	2
1097.518	31.21	2.90	90.63	8.00	8.47	67.74	74.7	1	23.3	2
1097.578	31.46	2.87	90.43	8.07	8.38	67.59	74.7	1	23.3	2
1097.682	31.53	2.87	90.41	8.07	8.27	66.70	73.8	1	23.4	2
1097.827	31.41	2.90	91.01	8.04	8.30	66.76	73.4	1	23.6	2
1097.887	31.09	2.91	90.42	7.93	8.54	67.67	74.8	1	23.6	2
1097.991	31.36	2.89	90.67	8.05	8.38	67.40	74.3	1	23.3	2
1098.136	31.70	2.87	91.10	8.05	8.29	66.77	73.3	1	23.1	2
1098.196	31.67	2.87	90.98	8.03	8.35	67.02	73.7	1	23.1	2
1098.300	31.83	2.84	90.48	8.02	8.37	67.08	74.1	1	23.3	2
1098.445	31.47	2.86	90.09	7.98	8.36	66.76	74.1	1	23.1	2
1098.505	31.76	2.84	90.14	8.04	8.29	66.62	73.9	1	23.1	2
1098.609	31.58	2.86	90.46	7.98	8.42	67.21	74.3	1	23.3	2
1098.754	31.41	2.90	91.14	8.02	8.36	66.98	73.5	1	23.6	2
1098.814	31.10	2.92	90.80	7.95	8.58	68.14	75.0	1	23.7	2
1098.918	30.86	2.94	90.66	7.96	8.43	67.11	74.0	1	23.7	2
1099.063	31.16	2.91	90.80	8.04	8.24	66.30	73.0	1	23.4	2
1099.123	31.21	2.91	90.89	7.99	8.44	67.41	74.2	1	23.3	2
1099.227	31.29	2.90	90.65	7.98	8.29	66.19	73.0	1	23.3	2
1099.372	31.45	2.88	90.51	8.01	8.31	66.58	73.6	1	23.3	2
1099.432	31.76	2.85	90.51	8.02	8.32	66.75	73.8	1	23.1	2
1099.536	31.66	2.85	90.36	7.98	8.42	67.21	74.4	1	23.3	2
1099.681	31.29	2.89	90.49	7.92	8.52	67.46	74.6	1	23.3	2
1099.741	31.38	2.89	90.55	8.00	8.37	67.02	74.0	1	23.3	2
1099.845	31.34	2.90	90.87	7.93	8.49	67.33	74.1	1	23.3	2
1099.990	31.65	2.86	90.53	7.93	8.46	67.13	74.2	1	23.1	2
1100.050	31.58	2.85	89.94	7.98	8.36	66.74	74.2	1	23.3	2
1100.154	31.56	2.85	89.95	7.96	8.47	67.46	75.0	1	23.1	2
1100.299	31.94	2.85	91.06	7.94	8.28	65.69	72.1	1	22.8	2
1100.359	32.02	2.84	90.85	7.94	8.25	65.56	72.2	1	22.8	2
1100.463	31.80	2.83	90.08	7.89	8.56	67.52	75.0	1	22.8	2
1100.608	31.77	2.84	90.08	7.92	8.30	65.77	73.0	1	23.1	2
1100.668	31.50	2.87	90.44	7.88	8.46	66.61	73.7	1	23.3	2
1100.772	31.58	2.87	90.55	7.94	8.49	67.45	74.5	1	23.3	2
1100.917	31.15	2.91	90.53	7.87	8.55	67.30	74.3	1	23.3	2
1100.977	31.42	2.89	90.77	7.85	8.58	67.36	74.2	1	23.1	2
1101.081	31.37	2.88	90.32	7.91	8.35	66.04	73.1	1	23.3	2
1101.226	31.22	2.90	90.41	7.90	8.39	66.29	73.3	1	23.4	2
1101.286	30.97	2.91	90.08	7.88	8.37	65.94	73.2	1	23.3	2
1101.390	31.19	2.89	90.27	7.88	8.48	66.76	73.9	1	23.1	2
1101.535	31.43	2.88	90.58	7.89	8.41	66.32	73.2	1	23.0	2
1101.595	31.60	2.87	90.68	7.84	8.60	67.37	74.3	1	23.0	2
1101.699	32.00	2.81	89.82	7.91	8.33	65.96	73.4	1	23.0	2
1101.844	31.82	2.84	90.36	7.96	8.29	65.96	73.0	1	23.1	2
1101.904	31.57	2.87	90.70	7.87	8.51	66.94	73.8	1	23.1	2
1102.008	31.55	2.86	90.13	7.88	8.54	67.29	74.7	1	23.1	2
1102.153	31.99	2.85	91.16	7.92	8.35	66.09	72.5	1	22.8	2
1102.213	31.91	2.86	91.25	7.84	8.48	66.51	72.9	1	22.7	2
1102.317	32.14	2.80	90.01	7.91	8.35	66.04	73.4	1	22.8	2
1102.462	31.84	2.83	90.13	7.90	8.31	65.70	72.9	1	22.8	2
1102.522	31.70	2.84	90.08	7.83	8.65	67.77	75.2	1	23.0	2
1102.626	31.45	2.87	90.11	7.84	8.55	67.04	74.4	1	23.0	2
1102.771	31.58	2.87	90.56	7.83	8.69	68.06	75.2	1	23.3	2
1102.831	31.54	2.88	90.67	7.92	8.26	65.43	72.2	1	23.3	2
1102.935	31.40	2.87	90.18	7.86	8.58	67.48	74.8	1	23.1	2
1103.080	31.62	2.87	90.64	7.87	8.43	66.34	73.2	1	23.0	2
1103.140	31.50	2.87	90.33	7.83	8.59	67.29	74.5	1	23.0	2
1103.244	31.61	2.85	89.98	7.89	8.47	66.81	74.2	1	23.0	2
1103.389	32.05	2.81	90.16	7.92	8.39	66.45	73.7	1	23.0	2
1103.449	31.65	2.85	90.18	7.86	8.40	65.98	73.2	1	23.1	2
1103.553	31.33	2.87	90.03	7.80	8.41	65.64	72.9	1	23.0	2
1103.698	32.07	2.80	89.76	7.92	8.42	66.71	74.3	1	22.7	2
1103.758	31.85	2.83	90.06	7.84	8.55	67.04	74.4	1	22.8	2
1103.862	32.04	2.81	90.10	7.87	8.62	67.83	75.3	1	23.0	2
1104.007	31.33	2.88	90.17	7.76	8.64	67.00	74.3	1	23.1	2
1104.067	31.51	2.85	89.95	7.94	8.21	65.14	72.4	1	23.1	2
1104.171	31.60	2.85	90.11	7.88	8.37	65.98	73.2	1	22.8	2
1104.316	31.71	2.85	90.25	7.92	8.17	64.69	71.7	1	23.0	2
1104.376	31.92	2.84	90.51	7.86	8.58	67.44	74.5	1	23.1	2
1104.480	31.66	2.84	90.06	7.87	8.53	67.10	74.5	1	23.1	2
1104.625	31.91	2.83	90.38	7.86	8.48	66.62	73.7	1	22.8	2
1104.685	31.94	2.84	90.65	7.86	8.41	66.14	73.0	1	22.7	2
1104.789	31.55	2.85	89.92	7.73	8.60	66.47	73.9	1	22.8	2
1104.934	31.65	2.86	90.59	7.81	8.53	66.59	73.5	1	23.1	2
1104.994	31.52	2.86	90.28	7.80	8.57	66.85	74.0	1	23.0	2
1105.098	31.70	2.83	89.85	7.94	8.16	64.81	72.1	1	23.0	2
1105.243	31.72	2.85	90.37	7.80	8.69	67.78	75.0	1	22.8	2
1105.303	31.75	2.84	90.23	7.86	8.27	64.99	72.0	1	22.8	2
1105.407	31.83	2.85	90.58	7.85	8.35	65.52	72.3	1	22.8	2
1105.552	32.05	2.82	90.51	7.82	8.65	67.61	74.7	1	22.8	2
1105.612	31.97	2.82	90.15	7.91	8.34	65.92	73.1	1	22.8	2
1105.716	32.07	2.82	90.45	7.87	8.22	64.66	71.5	1	22.7	2
1105.861	31.96	2.83	90.32	7.74	8.70	67.39	74.6	1	22.8	2
1105.921	31.84	2.82	89.81	7.86	8.22	64.63	72.0	1	22.7	2
1106.025	31.91	2.83	90.35	7.80	8.57	66.88	74.0	1	22.7	2
1106.170	32.22	2.79	89.89	7.89	8.36	65.94	73.4	1	22.7	2
1106.230	31.88	2.80	89.39	7.82	8.45	66.11	74.0	1	22.7	2
1106.334	32.09	2.80	89.75	7.80	8.47	66.10	73.6	1	22.5	2
1106.479	32.46	2.78	90.10	7.82	8.43	65.92	73.2	1	22.4	2
1106.539	32.43	2.78	90.13	7.75	8.65	67.05	74.4	1	22.2	2
1106.643	32.48	2.78	90.19	7.74	8.57	66.34	73.6	1	22.4	2
1106.788	32.46	2.77	89.96	7.85	8.54	67.07	74.6	1	22.5	2
1106.848	32.36	2.77	89.49	7.84	8.56	67.09	75.0	1	22.5	2
1106.952	32.52	2.75	89.43	7.85	8.52	66.89	74.8	1	22.5	2
1107.097	32.34	2.77	89.74	7.86	8.27	65.01	72.4	1	22.5	2
1107.157	32.36	2.78	89.86	7.80	8.63	67.32	74.9	1	22.5	2
1107.261	32.03	2.79	89.48	7.86	8.25	64.86	72.5	1	22.7	2
1107.406	32.47	2.78	90.11	7.81	8.64	67.44	74.8	1	22.4	2
1107.466	32.56	2.76	89.75	7.86	8.25	64.86	72.3	1	22.2	2
1107.570	32.60	2.75	89.61	7.87	8.33	65.57	73.2	1	22.4	2
1107.715	32.08	2.80	89.67	7.78	8.61	66.99	74.7	1	22.5	2
1107.775	32.07	2.79	89.49	7.76	8.65	67.09	75.0	1	22.5	2
1107.879	32.01	2.82	90.12	7.77	8.53	66.27	73.5	1	22.7	2
1108.024	31.90	2.84	90.56	7.78	8.59	66.88	73.8	1	22.8	2
1108.084	31.84	2.85	90.66	7.75	8.66	67.08	74.0	1	22.8	2
1108.188	31.63	2.86	90.41	7.76	8.62	66.89	74.0	1	23.0	2
1108.333	31.47	2.85	89.79	7.84	8.43	66.13	73.6	1	23.0	2
1108.393	31.47	2.86	90.05	7.78	8.56	66.58	73.9	1	22.8	2
1108.497	31.92	2.81	89.64	7.83	8.55	66.94	74.7	1	22.8	2
1108.642	31.97	2.83	90.44	7.82	8.54	66.86	73.9	1	23.0	2
1108.702	31.76	2.85	90.38	7.82	8.52	66.69	73.8	1	23.0	2
1108.806	31.58	2.86	90.37	7.83	8.39	65.72	72.7	1	23.0	2
1108.951	31.64	2.85	90.11	7.79	8.55	66.63	73.9	1	23.0	2
1109.011	31.53	2.87	90.62	7.80	8.52	66.47	73.4	1	23.1	2
1109.115	31.43	2.89	90.96	7.91	8.42	66.57	73.2	1	23.3	2
1109.260	31.28	2.90	90.74	7.86	8.43	66.28	73.0	1	23.1	2
1109.320	31.42	2.88	90.36	7.84	8.53	66.95	74.1	1	23.1	2
1109.424	31.44	2.89	90.71	7.87	8.47	66.70	73.5	1	23.0	2
1109.569	31.62	2.86	90.30	7.90	8.46	66.85	74.0	1	23.1	2
1109.629	31.35	2.88	90.32	7.85	8.46	66.44	73.6	1	23.3	2
1109.733	31.32	2.89	90.36	7.90	8.39	66.26	73.3	1	23.4	2
1109.878	31.08	2.89	89.72	7.89	8.43	66.49	74.1	1	23.3	2
1109.938	31.02	2.90	90.03	7.89	8.50	67.01	74.4	1	23.4	2
1110.042	30.90	2.91	90.05	7.88	8.43	66.42	73.8	1	23.6	2
1110.187	30.63	2.93	89.64	7.86	8.41	66.12	73.8	1	23.4	2
1110.247	30.79	2.92	89.96	7.87	8.43	66.38	73.8	1	23.3	2
1110.351	31.08	2.91	90.35	7.86	8.43	66.23	73.3	1	23.1	2
1110.496	31.46	2.88	90.75	7.85	8.60	67.50	74.4	1	23.0	2
1110.556	31.84	2.85	90.78	7.90	8.47	66.85	73.6	1	22.8	2
1110.660	31.81	2.84	90.27	7.89	8.45	66.65	73.8	1	22.8	2
1110.805	31.77	2.84	90.28	7.85	8.39	65.89	73.0	1	23.1	2
1110.865	31.77	2.85	90.46	7.89	8.57	67.68	74.8	1	23.1	2
1110.969	31.65	2.86	90.40	7.97	8.45	67.30	74.4	1	23.3	2
1111.114	31.39	2.86	89.89	7.99	8.42	67.26	74.8	1	23.3	2
1111.174	31.26	2.88	90.18	7.94	8.49	67.42	74.8	1	23.4	2
1111.278	30.99	2.91	90.22	7.94	8.45	67.05	74.3	1	23.6	2
1111.423	31.06	2.91	90.53	8.03	8.40	67.42	74.5	1	23.6	2
1111.483	30.90	2.94	90.79	8.01	8.29	66.41	73.1	1	23.7	2
1111.587	30.56	2.96	90.43	8.00	8.18	65.40	72.3	1	23.7	2
1111.732	30.69	2.95	90.46	8.00	8.28	66.24	73.2	1	24.0	2
1111.792	30.51	2.95	89.98	8.01	8.25	66.09	73.4	1	23.9	2
1111.896	30.44	2.96	90.09	7.94	8.25	65.53	72.7	1	23.7	2
1112.041	30.64	2.97	90.92	7.89	8.49	66.93	73.6	1	23.9	2
1112.101	30.50	2.97	90.58	7.92	8.36	66.27	73.2	1	24.0	2
1112.205	30.42	2.96	90.09	7.97	8.29	66.05	73.3	1	24.0	2
1112.350	30.30	2.96	89.54	8.01	8.25	66.14	73.9	1	24.0	2
1112.410	30.15	2.97	89.66	7.97	8.25	65.76	73.3	1	24.2	2
1112.514	29.78	2.99	89.14	7.86	8.28	65.10	73.0	1	24.2	2
1112.659	29.87	2.99	89.24	7.90	8.38	66.13	74.1	1	24.2	2
1112.719	29.79	2.98	88.90	7.92	8.40	66.49	74.8	1	24.3	2
1112.823	29.62	2.99	88.70	7.88	8.28	65.23	73.5	1	24.2	2
1112.968	30.29	2.97	90.01	7.95	8.34	66.29	73.7	1	23.7	2
1113.028	30.48	2.96	90.15	7.99	8.21	65.61	72.8	1	23.7	2
1113.132	30.43	2.96	89.97	7.90	8.47	66.90	74.4	1	23.6	2
1113.277	30.70	2.94	90.33	7.96	8.34	66.44	73.6	1	23.7	2
1113.337	30.60	2.96	90.43	7.92	8.38	66.32	73.3	1	23.9	2
1113.441	30.67	2.96	90.73	7.92	8.38	66.34	73.1	1	23.7	2
1113.586	30.74	2.94	90.44	7.93	8.55	67.77	74.9	1	23.7	2
1113.646	30.72	2.95	90.52	7.91	8.51	67.34	74.4	1	23.7	2
1113.750	30.40	2.96	90.01	7.88	8.49	66.93	74.4	1	23.7	2
1113.895	30.32	2.97	90.03	7.88	8.52	67.14	74.6	1	23.6	2
1113.955	30.87	2.94	90.84	7.95	8.33	66.23	72.9	1	23.4	2
1114.059	31.18	2.90	90.52	7.99	8.28	66.14	73.1	1	23.4	2
1114.204	31.02	2.91	90.19	7.94	8.31	65.99	73.2	1	23.4	2
1114.264	31.15	2.91	90.55	7.95	8.49	67.46	74.5	1	23.4	2
1114.368	31.05	2.90	90.19	7.96	8.46	67.32	74.6	1	23.6	2
1114.513	30.88	2.93	90.60	7.93	8.50	67.37	74.4	1	23.6	2
1114.573	30.87	2.92	90.26	7.97	8.28	65.95	73.1	1	23.6	2
1114.677	30.90	2.92	90.13	7.98	8.40	66.97	74.3	1	23.6	2
1114.822	30.97	2.93	90.69	7.96	8.50	67.68	74.6	1	23.6	2
1114.882	31.12	2.92	90.74	7.99	8.33	66.62	73.4	1	23.4	2
1114.986	31.28	2.90	90.79	7.97	8.40	66.95	73.7	1	23.6	2
1115.131	31.10	2.91	90.57	7.91	8.57	67.84	74.9	1	23.6	2
1115.191	30.95	2.93	90.79	7.93	8.29	65.72	72.4	1	23.6	2
1115.295	31.04	2.91	90.34	7.99	8.37	66.90	74.0	1	23.6	2
1115.440	31.17	2.91	90.76	7.94	8.60	68.33	75.3	1	23.3	2
1115.500	31.30	2.90	90.93	8.01	8.36	66.92	73.6	1	23.3	2
1115.604	31.26	2.87	89.78	8.07	8.33	67.17	74.8	1	23.4	2
1115.749	31.68	2.84	89.94	8.06	8.27	66.68	74.1	1	23.1	2
1115.809	31.41	2.87	90.11	7.94	8.48	67.38	74.8	1	23.3	2
1115.913	31.50	2.86	90.15	7.95	8.54	67.88	75.3	1	23.4	2
1116.058	31.29	2.88	90.09	7.97	8.41	66.98	74.3	1	23.3	2
1116.118	31.28	2.88	90.12	7.93	8.57	68.00	75.5	1	23.3	2
1116.222	31.21	2.89	90.10	7.87	8.55	67.27	74.7	1	23.3	2
1116.367	31.52	2.87	90.33	7.98	8.47	67.55	74.8	1	23.1	2
1116.427	31.54	2.86	90.19	7.94	8.54	67.75	75.1	1	23.3	2
1116.531	31.57	2.86	90.31	7.95	8.48	67.42	74.7	1	23.1	2
1116.676	31.82	2.83	90.18	8.00	8.27	66.16	73.4	1	23.1	2
1116.736	31.75	2.84	90.13	7.98	8.39	66.97	74.3	1	23.3	2
1116.840	31.77	2.84	90.28	7.93	8.49	67.30	74.5	1	23.0	2
1116.985	31.83	2.82	89.77	7.99	8.25	65.91	73.4	1	23.1	2
1117.045	31.56	2.85	89.94	7.90	8.47	66.90	74.4	1	23.1	2
1117.149	31.38	2.87	90.06	7.88	8.56	67.50	74.9	1	23.3	2
1117.294	31.70	2.85	90.47	7.93	8.40	66.65	73.7	1	23.0	2
1117.354	31.72	2.85	90.33	7.94	8.40	66.71	73.9	1	23.0	2
1117.458	31.65	2.85	90.35	7.97	8.29	66.05	73.1	1	23.1	2
1117.603	31.73	2.85	90.50	8.00	8.32	66.53	73.5	1	23.3	2
1117.663	31.60	2.86	90.52	7.93	8.52	67.60	74.7	1	23.4	2
1117.767	31.37	2.89	90.64	7.95	8.43	67.02	73.9	1	23.4	2
1117.912	31.26	2.90	90.71	8.00	8.26	66.06	72.8	1	23.4	2
1117.972	31.39	2.89	90.66	7.99	8.46	67.60	74.6	1	23.4	2
1118.076	31.09	2.90	90.20	7.92	8.49	67.18	74.5	1	23.4	2
1118.221	31.66	2.86	90.51	8.04	8.30	66.74	73.7	1	23.1	2
1118.281	31.85	2.83	90.11	8.09	8.20	66.33	73.6	1	23.1	2
1118.385	31.65	2.85	90.11	8.00	8.40	67.23	74.6	1	23.3	2
1118.530	31.24	2.89	90.38	7.93	8.50	67.43	74.6	1	23.3	2
1118.590	31.58	2.87	90.55	8.03	8.26	66.37	73.3	1	23.1	2
1118.694	31.66	2.86	90.50	7.94	8.45	67.11	74.2	1	23.0	2
1118.839	31.48	2.85	89.79	7.99	8.33	66.59	74.2	1	23.1	2
1118.899	31.70	2.83	89.84	7.93	8.55	67.78	75.4	1	23.0	2
1119.003	31.74	2.83	89.86	7.94	8.46	67.15	74.7	1	22.8	2
1119.148	32.01	2.82	90.22	7.90	8.42	66.51	73.7	1	22.8	2
1119.208	32.25	2.79	89.85	7.97	8.28	66.05	73.5	1	22.8	2
1119.312	32.27	2.80	90.49	7.92	8.58	67.97	75.1	1	22.7	2
1119.457	32.25	2.80	90.45	7.90	8.45	66.77	73.8	1	22.7	2
1119.517	32.39	2.79	90.35	7.94	8.34	66.23	73.3	1	22.5	2
1119.621	32.45	2.77	89.75	7.96	8.29	65.98	73.5	1	22.7	2
1119.766	32.16	2.80	90.10	7.88	8.55	67.35	74.7	1	22.8	2
1119.826	32.13	2.81	90.17	7.89	8.40	66.28	73.5	1	22.8	2
1119.930	32.14	2.79	89.62	7.93	8.34	66.19	73.9	1	22.7	2
1120.075	31.83	2.82	89.67	7.87	8.37	65.89	73.5	1	22.8	2
1120.135	31.84	2.83	90.24	7.85	8.43	66.18	73.3	1	23.0	2
1120.239	31.77	2.84	90.15	7.85	8.47	66.51	73.8	1	23.0	2
1120.384	31.66	2.86	90.45	7.94	8.39	66.59	73.6	1	23.3	2
1120.444	31.40	2.88	90.38	7.87	8.54	67.27	74.4	1	23.3	2
1120.548	31.23	2.88	90.07	7.90	8.36	66.07	73.4	1	23.3	2
1120.693	31.46	2.87	90.25	7.93	8.39	66.56	73.8	1	23.1	2
1120.753	31.35	2.88	90.17	7.87	8.64	67.96	75.4	1	23.1	2
1120.857	31.42	2.88	90.55	7.85	8.57	67.31	74.3	1	23.1	2
1121.002	31.36	2.88	90.43	7.77	8.53	66.31	73.3	1	23.1	2
1121.062	31.55	2.87	90.47	7.86	8.43	66.25	73.2	1	23.1	2
1121.166	31.63	2.86	90.57	7.91	8.30	65.68	72.5	1	23.1	2
1121.311	31.47	2.89	90.80	7.93	8.42	66.79	73.6	1	23.3	2
1121.371	31.21	2.88	89.99	7.91	8.37	66.25	73.6	1	23.1	2
1121.475	31.34	2.89	90.45	7.90	8.33	65.80	72.7	1	23.0	2
1121.620	31.65	2.87	90.77	7.94	8.37	66.39	73.1	1	23.1	2
1121.680	31.61	2.86	90.51	7.94	8.36	66.34	73.3	1	23.3	2
1121.784	31.52	2.86	90.22	7.94	8.47	67.20	74.5	1	23.1	2
1121.929	31.37	2.86	89.74	7.84	8.51	66.66	74.3	1	23.3	2
1121.989	31.42	2.86	89.82	7.93	8.32	66.02	73.5	1	23.3	2
1122.093	31.54	2.87	90.36	7.87	8.46	66.56	73.7	1	23.0	2
1122.238	31.72	2.84	90.01	7.96	8.37	66.60	74.0	1	23.0	2
1122.298	31.73	2.84	90.22	7.95	8.32	66.11	73.3	1	23.0	2
1122.402	31.75	2.83	89.89	7.95	8.40	66.79	74.3	1	23.1	2
1122.547	31.68	2.85	90.35	7.93	8.31	65.88	72.9	1	23.0	2
1122.607	31.80	2.84	90.39	7.90	8.40	66.35	73.4	1	22.8	2
1122.711	31.80	2.84	90.27	7.92	8.36	66.23	73.4	1	23.1	2
1122.856	31.72	2.85	90.41	7.97	8.30	66.17	73.2	1	23.1	2
1122.916	31.72	2.85	90.25	7.94	8.42	66.88	74.1	1	23.1	2
1123.020	31.65	2.85	90.17	7.93	8.43	66.81	74.1	1	23.0	2
1123.165	31.62	2.85	90.16	7.88	8.43	66.43	73.7	1	23.0	2
1123.225	31.75	2.84	90.23	7.87	8.45	66.54	73.7	1	22.8	2
1123.329	31.78	2.83	89.92	7.83	8.51	66.66	74.1	1	23.0	2
1123.474	31.67	2.86	90.70	7.90	8.50	67.15	74.0	1	23.3	2
1123.534	31.44	2.87	90.19	7.92	8.32	65.90	73.1	1	23.3	2
1123.638	31.59	2.85	90.18	7.90	8.47	66.92	74.2	1	23.1	2
1123.783	31.33	2.88	90.10	7.94	8.43	67.00	74.4	1	23.4	2
1123.843	31.15	2.91	90.58	7.90	8.41	66.42	73.3	1	23.4	2
1123.947	31.19	2.90	90.31	7.95	8.36	66.48	73.6	1	23.4	2
1124.092	30.89	2.91	89.77	7.89	8.43	66.49	74.1	1	23.4	2
1124.152	30.88	2.91	89.78	7.89	8.52	67.21	74.9	1	23.4	2
1124.256	30.88	2.91	89.75	7.85	8.43	66.19	73.8	1	23.4	2
1124.401	31.04	2.90	90.05	7.88	8.37	66.01	73.3	1	23.3	2
1124.461	31.11	2.91	90.47	7.88	8.39	66.12	73.1	1	23.4	2
1124.565	30.96	2.91	90.24	7.91	8.41	66.47	73.7	1	23.6	2
1124.710	30.69	2.94	90.10	7.83	8.51	66.64	74.0	1	23.6	2
1124.770	30.65	2.94	90.22	7.91	8.46	66.89	74.1	1	23.7	2
1124.874	30.30	2.97	90.08	7.82	8.52	66.69	74.0	1	23.7	2
1125.019	30.34	2.96	89.82	7.88	8.44	66.43	74.0	1	23.9	2
1125.079	30.27	2.96	89.65	7.92	8.36	66.22	73.9	1	23.7	2
1125.183	30.38	2.95	89.75	7.91	8.29	65.60	73.1	1	23.6	2
1125.328	30.13	2.96	89.23	7.83	8.48	66.42	74.4	1	23.9	2
1125.388	30.05	2.96	89.03	7.80	8.53	66.53	74.7	1	23.7	2
1125.492	30.02	2.97	89.05	7.85	8.44	66.23	74.4	1	23.9	2
1125.637	29.93	2.99	89.54	7.87	8.36	65.82	73.5	1	23.9	2
1125.697	29.88	2.99	89.39	7.78	8.47	65.92	73.7	1	23.9	2
1125.801	29.51	3.00	88.55	7.71	8.62	66.47	75.1	1	23.9	2
1125.946	30.17	2.99	90.10	7.79	8.58	66.79	74.1	1	23.6	2
1126.006	30.25	2.98	90.09	7.81	8.53	66.66	74.0	1	23.4	2
1126.110	30.71	2.94	90.19	7.87	8.41	66.21	73.4	1	23.4	2
1126.255	31.11	2.91	90.58	7.85	8.59	67.42	74.4	1	23.3	2
1126.315	31.11	2.91	90.66	7.84	8.48	66.46	73.3	1	23.3	2
1126.419	31.04	2.90	90.10	7.81	8.62	67.40	74.8	1	23.4	2
1126.564	30.95	2.93	90.77	7.88	8.45	66.57	73.3	1	23.7	2
1126.624	30.55	2.96	90.29	7.85	8.55	67.09	74.3	1	23.6	2
1126.728	30.66	2.95	90.57	7.85	8.45	66.35	73.3	1	23.6	2
1126.873	30.94	2.94	91.08	7.84	8.61	67.50	74.1	1	23.4	2
1126.933	31.13	2.93	91.17	7.89	8.46	66.78	73.2	1	23.3	2
1127.037	31.05	2.92	90.60	7.86	8.53	67.07	74.0	1	23.4	2
1127.182	31.35	2.90	90.79	7.91	8.43	66.64	73.4	1	23.3	2
1127.242	31.44	2.86	90.01	7.91	8.41	66.52	73.9	1	23.3	2
1127.346	31.20	2.90	90.34	7.93	8.35	66.23	73.3	1	23.3	2
1127.491	31.47	2.87	90.46	7.93	8.38	66.47	73.5	1	23.1	2
1127.551	31.69	2.86	90.70	7.93	8.41	66.70	73.5	1	23.0	2
1127.655	31.75	2.85	90.62	7.91	8.45	66.90	73.8	1	23.0	2
1127.800	31.51	2.87	90.41	7.87	8.55	67.32	74.5	1	23.0	2
1127.860	31.64	2.85	90.23	7.93	8.45	66.96	74.2	1	23.1	2
1127.964	31.52	2.87	90.53	7.92	8.40	66.51	73.5	1	23.1	2
1128.109	31.41	2.90	91.22	7.93	8.36	66.30	72.7	1	23.4	2
1128.169	31.28	2.91	91.18	7.88	8.56	67.45	74.0	1	23.6	2
1128.273	31.19	2.92	91.15	7.95	8.39	66.73	73.2	1	23.6	2
1128.418	31.07	2.91	90.57	7.92	8.43	66.73	73.7	1	23.4	2
1128.478	31.01	2.92	90.42	7.92	8.38	66.30	73.3	1	23.4	2
1128.582	31.37	2.90	90.83	7.91	8.50	67.20	74.0	1	23.1	2
1128.727	31.40	2.88	90.46	7.84	8.52	66.73	73.8	1	23.1	2
1128.787	31.37	2.89	90.50	7.88	8.57	67.58	74.7	1	23.1	2
1128.891	31.37	2.88	90.40	7.86	8.57	67.33	74.5	1	23.0	2
1129.036	32.12	2.83	90.84	8.02	8.34	66.89	73.6	1	22.8	2
1129.096	32.13	2.83	90.81	7.96	8.37	66.67	73.4	1	22.7	2
1129.200	32.19	2.79	89.81	7.93	8.45	67.03	74.6	1	22.8	2
1129.345	32.10	2.81	90.26	7.87	8.43	66.29	73.5	1	22.7	2
1129.405	32.26	2.79	89.99	7.90	8.38	66.21	73.6	1	22.7	2
1129.509	32.26	2.79	89.94	7.91	8.34	65.94	73.3	1	22.7	2
1129.654	32.33	2.80	90.62	7.89	8.54	67.37	74.3	1	22.7	2
1129.714	32.23	2.80	90.30	7.89	8.46	66.76	73.9	1	22.5	2
1129.818	32.12	2.81	90.22	7.85	8.54	67.00	74.3	1	22.7	2
1129.963	32.20	2.80	90.21	7.89	8.45	66.69	73.9	1	22.7	2
1130.023	32.17	2.81	90.33	7.88	8.48	66.76	73.9	1	22.8	2
1130.127	32.14	2.82	90.56	7.90	8.38	66.23	73.1	1	23.0	2
1130.272	31.87	2.84	90.47	7.90	8.38	66.22	73.2	1	23.0	2
1130.332	31.75	2.86	90.71	7.85	8.52	66.90	73.8	1	23.1	2
1130.436	31.72	2.85	90.43	7.92	8.42	66.61	73.7	1	23.0	2
1130.581	31.80	2.83	90.12	7.91	8.51	67.27	74.6	1	23.0	2
1130.641	31.73	2.86	90.62	7.89	8.46	66.81	73.7	1	23.0	2
1130.745	31.78	2.84	90.20	8.00	8.27	66.15	73.3	1	23.1	2
1130.890	31.46	2.88	90.49	7.87	8.56	67.32	74.4	1	23.1	2
1130.950	31.57	2.87	90.69	7.91	8.36	66.16	73.0	1	23.1	2
1131.054	31.59	2.86	90.28	7.87	8.58	67.50	74.8	1	23.0	2
1131.199	31.86	2.85	90.66	7.94	8.32	66.04	72.8	1	23.0	2
1131.259	31.80	2.85	90.47	7.90	8.44	66.68	73.7	1	22.8	2
1131.363	31.93	2.82	90.05	7.93	8.31	65.90	73.2	1	23.0	2
1131.508	31.76	2.85	90.38	7.87	8.51	66.98	74.1	1	23.0	2
1131.568	31.95	2.83	90.58	7.98	8.31	66.27	73.2	1	23.0	2
1131.672	31.60	2.86	90.38	7.87	8.48	66.74	73.8	1	23.0	2
1131.817	31.91	2.83	90.27	7.91	8.41	66.53	73.7	1	22.8	2
1131.877	31.77	2.82	89.51	7.93	8.31	65.90	73.6	1	23.0	2
1131.981	31.79	2.83	89.91	7.94	8.40	66.67	74.2	1	23.0	2
1132.126	31.71	2.84	90.21	7.94	8.38	66.52	73.7	1	23.1	2
1132.186	31.43	2.87	90.16	7.86	8.51	66.91	74.2	1	23.3	2
1132.290	31.39	2.87	89.99	7.90	8.45	66.78	74.2	1	23.1	2
1132.435	31.32	2.87	90.02	7.93	8.27	65.61	72.9	1	23.3	2
1132.495	31.37	2.88	90.24	7.92	8.45	66.88	74.1	1	23.3	2
1132.599	31.31	2.88	90.10	7.90	8.52	67.32	74.7	1	23.3	2
1132.744	31.14	2.90	90.36	7.99	8.26	65.97	73.0	1	23.4	2
1132.804	31.11	2.90	90.08	7.98	8.55	68.22	75.7	1	23.6	2
1132.908	30.89	2.91	90.01	7.99	8.31	66.45	73.8	1	23.7	2
1133.053	30.84	2.91	89.80	7.96	8.42	66.99	74.6	1	23.7	2
1133.113	30.46	2.93	89.28	7.93	8.39	66.54	74.5	1	23.7	2
1133.217	30.79	2.91	89.54	7.98	8.32	66.39	74.1	1	23.6	2
1133.362	31.25	2.89	90.40	7.99	8.31	66.41	73.5	1	23.3	2
1133.422	31.39	2.88	90.54	7.94	8.44	67.01	74.0	1	23.1	2
1133.526	31.62	2.85	90.23	7.97	8.39	66.86	74.1	1	23.0	2
1133.671	31.73	2.85	90.42	7.98	8.41	67.14	74.2	1	23.1	2
1133.731	31.47	2.87	90.25	7.98	8.40	67.06	74.3	1	23.3	2
1133.835	31.60	2.85	90.02	8.04	8.28	66.54	73.9	1	23.3	2
1133.980	31.47	2.87	90.39	8.00	8.44	67.58	74.8	1	23.3	2
1134.040	31.46	2.86	90.08	7.99	8.32	66.49	73.8	1	23.1	2
1134.144	31.50	2.87	90.36	7.91	8.56	67.72	74.9	1	23.3	2
1134.289	31.20	2.89	90.28	7.87	8.55	67.24	74.5	1	23.3	2
1134.349	31.47	2.87	90.32	8.01	8.27	66.21	73.3	1	23.3	2
1134.453	31.05	2.90	90.12	7.89	8.57	67.66	75.1	1	23.4	2
1134.598	31.27	2.87	89.85	7.97	8.42	67.09	74.7	1	23.3	2
1134.658	31.14	2.88	89.68	7.97	8.42	67.10	74.8	1	23.3	2
1134.762	31.24	2.88	90.03	7.95	8.50	67.58	75.1	1	23.6	2
1134.907	31.11	2.90	90.20	8.01	8.43	67.51	74.8	1	23.7	2
1134.967	30.92	2.90	89.82	7.99	8.38	66.92	74.5	1	23.6	2
1135.071	31.04	2.89	89.76	7.94	8.43	66.92	74.6	1	23.6	2
1135.216	31.09	2.89	89.97	7.95	8.33	66.21	73.6	1	23.4	2
1135.276	31.15	2.88	89.72	7.93	8.44	66.93	74.6	1	23.4	2
1135.380	30.99	2.90	89.87	7.92	8.43	66.71	74.2	1	23.4	2
1135.525	31.12	2.91	90.51	8.03	8.27	66.41	73.4	1	23.3	2
1135.585	31.41	2.88	90.44	8.00	8.38	67.03	74.1	1	23.1	2
1135.689	31.60	2.86	90.37	7.97	8.31	66.20	73.2	1	23.3	2
1135.834	31.24	2.89	90.30	7.91	8.49	67.11	74.3	1	23.4	2
1135.894	31.30	2.88	90.18	7.95	8.41	66.85	74.1	1	23.3	2
1135.998	31.50	2.87	90.46	7.96	8.45	67.23	74.3	1	23.1	2
1136.143	31.66	2.86	90.57	7.97	8.44	67.21	74.2	1	23.1	2
1136.203	31.43	2.87	90.11	7.91	8.46	66.92	74.3	1	23.1	2
1136.307	31.35	2.88	90.20	7.90	8.46	66.87	74.1	1	23.4	2
1136.452	31.43	2.88	90.42	7.99	8.36	66.81	73.9	1	23.1	2
1136.512	31.65	2.86	90.47	7.95	8.46	67.27	74.4	1	23.0	2
1136.616	31.74	2.83	89.67	8.03	8.22	66.00	73.6	1	23.1	2
1136.761	32.19	2.83	90.98	8.00	8.24	65.90	72.4	1	22.8	2
1136.821	32.35	2.79	90.43	7.97	8.39	66.88	74.0	1	22.7	2
1136.925	32.14	2.80	90.07	7.96	8.25	65.61	72.8	1	22.7	2
1137.070	32.21	2.79	89.96	7.94	8.43	66.94	74.4	1	22.8	2
1137.130	31.99	2.80	89.66	7.90	8.38	66.25	73.9	1	22.7	2
1137.234	32.15	2.77	88.91	7.92	8.42	66.75	75.1	1	22.8	2
1137.379	32.18	2.79	89.80	8.01	8.24	66.02	73.5	1	23.0	2
1137.439	31.88	2.83	90.08	7.96	8.41	67.01	74.4	1	23.1	2
1137.543	31.97	2.81	89.67	8.02	8.27	66.30	73.9	1	23.0	2
1137.688	31.85	2.83	90.02	7.92	8.36	66.25	73.6	1	23.0	2
1137.748	31.95	2.80	89.59	7.98	8.26	65.93	73.6	1	23.1	2
1137.852	31.72	2.83	89.84	7.92	8.39	66.43	73.9	1	23.0	2
1137.997	31.94	2.81	89.63	7.98	8.35	66.65	74.4	1	23.0	2
1138.057	31.97	2.80	89.68	7.99	8.29	66.19	73.8	1	23.1	2
1138.161	31.60	2.85	90.12	7.94	8.36	66.36	73.6	1	23.3	2
1138.306	31.60	2.85	90.07	8.03	8.22	66.02	73.3	1	23.1	2
1138.366	31.58	2.85	90.08	7.94	8.29	65.84	73.1	1	23.0	2
1138.470	31.80	2.82	89.69	7.96	8.30	66.10	73.7	1	23.1	2
1138.615	31.70	2.83	89.65	7.99	8.24	65.82	73.4	1	23.1	2
1138.675	31.66	2.82	89.31	8.01	8.30	66.44	74.4	1	23.1	2
1138.779	31.61	2.82	89.22	7.97	8.34	66.50	74.5	1	23.0	2
1138.924	31.44	2.86	90.01	7.91	8.50	67.22	74.7	1	23.3	2
1138.984	31.50	2.86	90.18	7.99	8.29	66.22	73.4	1	23.4	2
1139.088	31.07	2.89	89.80	7.93	8.59	68.14	75.9	1	23.4	2
1139.233	31.36	2.90	90.89	7.97	8.35	66.59	73.3	1	23.1	2
1139.293	31.52	2.88	90.91	7.90	8.60	67.92	74.7	1	23.0	2
1139.397	31.78	2.85	90.62	7.94	8.36	66.40	73.3	1	23.1	2
1139.542	31.77	2.84	90.22	7.96	8.37	66.63	73.8	1	23.1	2
1139.602	31.70	2.85	90.23	7.96	8.37	66.61	73.8	1	23.3	2
1139.706	31.45	2.87	90.38	8.00	8.34	66.66	73.8	1	23.3	2
1139.851	31.53	2.85	89.77	7.99	8.29	66.18	73.7	1	23.3	2
1139.911	31.21	2.86	89.37	7.90	8.43	66.61	74.5	1	23.3	2
1140.015	31.59	2.85	90.03	7.96	8.31	66.13	73.4	1	23.0	2
1140.160	31.79	2.82	89.64	7.93	8.48	67.23	75.0	1	23.0	2
1140.220	31.81	2.82	89.74	7.96	8.40	66.86	74.5	1	23.0	2
1140.324	31.75	2.82	89.45	7.99	8.28	66.15	74.0	1	23.1	2
1140.469	31.25	2.89	90.17	7.86	8.55	67.20	74.5	1	23.4	2
1140.529	31.19	2.89	90.07	7.93	8.31	65.89	73.2	1	23.4	2
1140.633	31.36	2.87	90.10	7.92	8.51	67.40	74.8	1	23.3	2
1140.778	31.35	2.86	89.75	8.00	8.29	66.35	73.9	1	23.3	2
1140.838	31.16	2.88	89.60	7.94	8.48	67.35	75.2	1	23.4	2
1140.942	31.31	2.87	90.00	8.01	8.21	65.74	73.1	1	23.4	2
1141.087	30.91	2.89	89.23	7.95	8.28	65.76	73.7	1	23.4	2
1141.147	30.81	2.90	89.33	7.90	8.41	66.50	74.4	1	23.6	2
1141.251	30.71	2.91	89.47	7.90	8.43	66.62	74.5	1	23.7	2
1141.396	30.69	2.92	89.46	8.01	8.30	66.52	74.4	1	23.7	2
1141.456	30.60	2.93	89.69	7.96	8.48	67.46	75.2	1	23.7	2
1141.560	30.63	2.94	90.04	7.96	8.30	66.07	73.4	1	23.9	2
1141.705	30.48	2.95	89.97	7.93	8.42	66.81	74.3	1	23.7	2
1141.765	30.36	2.95	89.54	7.89	8.37	66.03	73.7	1	23.6	2
1141.869	30.73	2.92	89.84	7.94	8.44	66.97	74.5	1	23.6	2
1142.014	30.88	2.92	90.03	7.95	8.33	66.15	73.5	1	23.6	2
1142.074	31.09	2.90	90.07	7.96	8.41	66.92	74.3	1	23.4	2
1142.178	30.81	2.90	89.42	7.95	8.24	65.52	73.3	1	23.4	2
1142.323	31.15	2.91	90.63	7.93	8.35	66.23	73.1	1	23.1	2
1142.383	31.54	2.86	90.27	7.99	8.27	66.10	73.2	1	23.1	2
1142.487	31.41	2.87	90.26	7.92	8.24	65.24	72.3	1	23.1	2
1142.632	31.34	2.89	90.44	7.94	8.39	66.58	73.6	1	23.3	2
1142.692	31.24	2.89	90.35	7.93	8.34	66.11	73.2	1	23.4	2
1142.796	31.15	2.90	90.45	7.93	8.53	67.61	74.7	1	23.4	2
1142.941	31.03	2.92	90.52	7.94	8.37	66.44	73.4	1	23.4	2
1143.001	31.15	2.90	90.26	7.92	8.44	66.85	74.1	1	23.4	2
1143.105	31.15	2.90	90.22	7.94	8.32	66.07	73.2	1	23.4	2
1143.250	31.16	2.89	90.15	7.98	8.43	67.25	74.6	1	23.6	2
1143.310	30.93	2.92	90.22	7.93	8.44	66.90	74.2	1	23.6	2
1143.414	30.88	2.91	89.99	7.89	8.52	67.21	74.7	1	23.6	2
1143.559	30.61	2.92	89.41	7.93	8.38	66.47	74.3	1	23.4	2
1143.619	30.88	2.89	89.37	7.96	8.48	67.55	75.6	1	23.4	2
1143.723	31.07	2.90	90.13	7.99	8.31	66.39	73.7	1	23.3	2
1143.868	31.73	2.86	90.82	7.97	8.33	66.40	73.1	1	23.0	2
1143.928	31.55	2.85	89.79	7.93	8.45	66.94	74.5	1	23.1	2
1144.032	31.61	2.85	89.96	7.95	8.40	66.78	74.2	1	23.0	2
1144.177	32.00	2.81	90.02	7.94	8.31	65.98	73.3	1	22.7	2
1144.237	32.09	2.80	89.91	7.94	8.35	66.30	73.7	1	22.8	2
1144.341	31.98	2.79	89.37	7.95	8.33	66.20	74.1	1	22.8	2
1144.486	32.01	2.80	89.71	7.94	8.39	66.63	74.3	1	22.5	2
1144.546	32.10	2.79	89.57	7.88	8.48	66.82	74.6	1	22.7	2
1144.650	32.29	2.75	88.93	7.93	8.37	66.34	74.6	1	22.5	2
1144.795	32.26	2.79	89.88	7.94	8.40	66.63	74.1	1	22.8	2
1144.855	31.96	2.82	90.11	7.88	8.50	66.94	74.3	1	23.0	2
1144.959	31.52	2.85	89.71	7.85	8.48	66.53	74.2	1	23.0	2
1145.104	31.81	2.84	90.20	7.96	8.29	65.99	73.2	1	23.0	2
1145.164	31.76	2.84	90.13	7.91	8.50	67.21	74.6	1	23.0	2
1145.268	31.71	2.84	90.00	7.93	8.55	67.74	75.3	1	23.0	2
1145.413	32.03	2.84	90.87	7.86	8.53	67.06	73.8	1	22.8	2
1145.473	32.16	2.80	89.90	7.93	8.39	66.53	74.0	1	22.7	2
1145.577	32.05	2.81	90.11	7.87	8.38	65.91	73.1	1	22.8	2
1145.722	31.98	2.82	90.12	7.92	8.35	66.06	73.3	1	23.0	2
1145.782	31.75	2.84	90.12	7.84	8.57	67.24	74.6	1	23.0	2
1145.886	31.88	2.82	89.90	7.96	8.34	66.34	73.8	1	23.0	2
1146.031	31.74	2.84	90.11	7.93	8.32	66.00	73.2	1	23.1	2
1146.091	31.54	2.86	90.22	7.90	8.41	66.47	73.7	1	23.0	2
1146.195	31.82	2.84	90.25	7.92	8.49	67.23	74.5	1	22.8	2
1146.340	32.02	2.82	90.35	7.92	8.45	66.91	74.1	1	22.8	2
1146.400	32.08	2.81	90.26	7.92	8.29	65.63	72.7	1	22.7	2
1146.504	32.17	2.79	89.84	7.93	8.44	66.96	74.5	1	22.7	2
1146.649	32.00	2.79	89.13	7.93	8.34	66.16	74.2	1	22.8	2
1146.709	31.86	2.82	89.71	7.90	8.41	66.39	74.0	1	23.0	2
1146.813	31.84	2.82	89.82	7.91	8.44	66.80	74.4	1	23.0	2
1146.958	31.73	2.84	89.96	7.97	8.31	66.26	73.6	1	23.1	2
1147.018	31.74	2.83	89.90	7.90	8.61	68.01	75.6	1	23.0	2
1147.122	31.82	2.82	89.78	7.94	8.28	65.75	73.2	1	22.8	2
1147.267	32.01	2.81	89.90	7.85	8.52	66.88	74.4	1	22.8	2
1147.327	32.12	2.79	89.64	7.89	8.55	67.45	75.2	1	22.8	2
1147.431	31.91	2.80	89.19	7.88	8.43	66.36	74.4	1	22.8	2
1147.576	31.87	2.83	90.27	7.90	8.30	65.53	72.6	1	23.1	2
1147.636	31.79	2.84	90.32	7.90	8.47	66.90	74.1	1	23.3	2
1147.740	31.33	2.87	89.86	7.91	8.40	66.45	73.9	1	23.3	2
1147.885	31.64	2.85	90.29	7.93	8.41	66.71	73.9	1	23.0	2
1147.945	31.80	2.83	90.06	7.92	8.36	66.19	73.5	1	23.0	2
1148.049	31.52	2.87	90.43	7.91	8.56	67.70	74.9	1	23.3	2
1148.194	31.13	2.90	90.20	7.87	8.45	66.52	73.7	1	23.4	2
1148.254	31.30	2.88	90.17	7.95	8.41	66.81	74.1	1	23.4	2
1148.358	31.13	2.90	90.27	7.91	8.47	66.99	74.2	1	23.4	2
1148.503	31.27	2.91	90.83	7.94	8.42	66.85	73.6	1	23.3	2
1148.563	31.41	2.87	90.20	7.96	8.30	66.08	73.3	1	23.1	2
1148.667	31.63	2.86	90.51	7.96	8.41	66.97	74.0	1	23.3	2
1148.812	30.99	2.91	90.24	7.85	8.47	66.52	73.7	1	23.3	2
1148.872	31.29	2.88	90.10	7.95	8.34	66.28	73.6	1	23.3	2
1148.976	31.18	2.90	90.43	7.87	8.53	67.08	74.2	1	23.3	2
1149.121	31.50	2.89	91.09	7.93	8.42	66.76	73.3	1	23.1	2
1149.181	31.53	2.86	90.31	7.96	8.26	65.74	72.8	1	23.0	2
1149.285	31.57	2.85	90.04	7.92	8.48	67.20	74.6	1	23.1	2
1149.430	31.13	2.89	90.12	7.94	8.32	66.12	73.4	1	23.4	2
1149.490	31.37	2.87	89.87	7.95	8.47	67.35	74.9	1	23.3	2
1149.594	30.96	2.91	90.06	7.91	8.40	66.43	73.8	1	23.6	2
1149.739	30.80	2.94	90.40	7.98	8.32	66.40	73.4	1	23.9	2
1149.799	30.66	2.94	90.02	7.98	8.38	66.83	74.2	1	23.7	2
1149.903	30.50	2.94	89.67	7.92	8.50	67.31	75.1	1	23.9	2
1150.048	29.79	2.99	89.13	7.81	8.50	66.41	74.5	1	24.2	2
1150.108	29.81	2.98	88.80	7.91	8.41	66.49	74.9	1	24.0	2
1150.212	29.62	2.99	88.52	7.84	8.42	65.97	74.5	1	24.0	2
1150.357	29.95	2.99	89.42	7.82	8.55	66.87	74.8	1	23.7	2
1150.417	30.15	2.97	89.68	7.84	8.50	66.59	74.3	1	23.7	2
1150.521	30.53	2.94	89.69	7.89	8.41	66.30	73.9	1	23.6	2
1150.666	30.76	2.93	89.98	7.86	8.48	66.67	74.1	1	23.3	2
1150.726	30.92	2.92	90.34	7.91	8.39	66.33	73.4	1	23.3	2
1150.830	30.99	2.92	90.46	7.89	8.61	67.93	75.1	1	23.4	2
1150.975	30.73	2.92	89.89	7.86	8.53	67.01	74.5	1	23.4	2
1151.035	30.91	2.92	90.11	7.91	8.33	65.93	73.2	1	23.4	2
1151.139	31.09	2.91	90.53	7.90	8.52	67.31	74.3	1	23.1	2
1151.284	31.54	2.87	90.58	7.92	8.38	66.39	73.3	1	23.0	2
1151.344	31.77	2.85	90.42	7.94	8.52	67.62	74.8	1	23.0	2
1151.448	31.59	2.84	89.84	7.98	8.35	66.62	74.2	1	23.1	2
1151.593	31.29	2.88	90.23	7.92	8.46	67.04	74.3	1	23.3	2
1151.653	31.46	2.86	90.00	7.94	8.37	66.47	73.9	1	23.1	2
1151.757	31.46	2.87	90.18	7.88	8.57	67.60	75.0	1	23.0	2
1151.902	31.62	2.86	90.32	7.88	8.47	66.74	73.9	1	22.8	2
1151.962	31.77	2.84	90.35	7.92	8.40	66.53	73.6	1	22.8	2
1152.066	31.95	2.82	90.01	7.91	8.39	66.40	73.8	1	22.8	2
1152.211	31.88	2.83	90.17	7.86	8.62	67.73	75.1	1	23.0	2
1152.271	31.64	2.86	90.63	7.85	8.42	66.07	72.9	1	23.1	2
1152.375	31.64	2.85	90.31	7.92	8.39	66.50	73.6	1	23.1	2
1152.520	31.72	2.86	90.66	7.89	8.59	67.82	74.8	1	23.0	2
1152.580	31.75	2.85	90.58	7.91	8.45	66.82	73.8	1	23.0	2
1152.684	31.77	2.84	90.14	7.91	8.48	67.06	74.4	1	23.1	2
1152.829	31.57	2.86	90.28	7.91	8.49	67.16	74.4	1	23.0	2
1152.889	31.72	2.85	90.32	7.93	8.41	66.66	73.8	1	22.8	2
1152.993	32.09	2.81	90.31	7.93	8.54	67.72	75.0	1	22.7	2
1153.138	32.12	2.81	90.30	7.88	8.44	66.44	73.6	1	22.8	2
1153.198	31.98	2.83	90.46	7.86	8.53	67.00	74.1	1	22.8	2
1153.302	31.97	2.81	89.97	7.92	8.33	65.96	73.3	1	22.7	2
1153.447	32.03	2.82	90.23	7.82	8.56	66.91	74.2	1	22.8	2
1153.507	31.94	2.82	90.08	7.84	8.51	66.74	74.1	1	22.8	2
1153.611	31.80	2.84	90.27	7.84	8.52	66.78	74.0	1	23.0	2
1153.756	31.88	2.83	90.25	7.95	8.37	66.54	73.7	1	23.0	2
1153.816	31.80	2.84	90.39	7.95	8.46	67.29	74.4	1	22.8	2
1153.920	31.97	2.82	90.25	7.97	8.28	65.98	73.1	1	22.7	2
1154.065	32.07	2.81	90.26	7.93	8.39	66.50	73.7	1	23.0	2
1154.125	32.07	2.81	90.11	7.95	8.43	67.01	74.4	1	23.0	2
1154.229	31.66	2.85	90.14	7.88	8.62	67.88	75.3	1	23.0	2
1154.374	31.50	2.86	90.23	7.83	8.60	67.35	74.6	1	23.0	2
1154.434	31.62	2.85	90.24	7.88	8.47	66.70	73.9	1	22.8	2
1154.538	32.01	2.81	90.06	7.90	8.38	66.18	73.5	1	22.8	2
1154.683	32.00	2.83	90.52	7.96	8.31	66.17	73.1	1	22.8	2
1154.743	32.13	2.81	90.26	7.92	8.48	67.11	74.4	1	22.7	2
1154.847	32.04	2.81	90.07	7.90	8.53	67.44	74.9	1	22.8	2
1154.992	32.00	2.81	89.91	7.89	8.56	67.50	75.1	1	22.8	2
1155.052	31.77	2.84	90.23	7.86	8.48	66.72	73.9	1	22.8	2
1155.156	31.89	2.82	89.88	7.92	8.42	66.68	74.2	1	22.8	2
1155.301	31.98	2.81	89.76	7.95	8.33	66.24	73.8	1	22.8	2
1155.361	32.03	2.81	89.94	7.89	8.43	66.53	74.0	1	23.0	2
1155.465	31.90	2.82	90.08	7.91	8.45	66.87	74.2	1	23.0	2
