74.417	38.47	0.67	25.63	1.35	2.77	3.74	14.6	1	20.0
74.477	33.07	2.26	74.71	3.25	6.60	21.48	28.8	1	32.5
74.580	14.80	4.12	60.97	3.33	5.93	19.76	32.4	1	55.0
74.724	8.82	4.79	42.28	3.59	5.91	21.21	50.2	1	40.0
74.784	10.10	4.88	49.28	4.06	6.88	27.96	56.7	1	30.0
74.887	20.78	4.74	98.48	5.65	10.52	59.44	60.4	1	20.0
75.032	33.57	2.31	77.64	4.86	8.41	40.85	52.6	1	22.5
75.092	32.05	3.26	104.62	6.15	10.02	61.60	58.9	1	25.0
75.196	33.67	3.03	102.06	7.23	9.55	69.01	67.6	1	23.5
75.341	27.91	4.37	121.99	8.87	10.15	90.08	73.8	1	33.0
75.401	26.11	4.60	120.00	9.26	9.69	89.72	74.8	1	33.0
75.505	25.75	4.76	122.57	10.03	9.18	92.12	75.2	1	33.0
75.650	26.31	4.79	125.92	10.90	8.94	97.39	77.3	1	33.5
75.710	26.51	4.78	126.84	11.14	8.82	98.21	77.4	1	33.5
75.814	26.92	4.77	128.48	11.48	8.70	99.92	77.8	1	33.8
75.959	27.82	4.71	131.16	11.89	8.73	103.81	79.2	1	34.1
76.020	27.62	4.73	130.61	12.03	8.77	105.53	80.8	1	34.2
76.124	27.69	4.71	130.53	12.19	8.49	103.51	79.3	1	34.1
76.269	27.99	4.68	130.91	12.46	8.21	102.38	78.2	1	34.1
76.330	28.34	4.65	131.63	12.51	8.32	104.08	79.1	1	33.9
76.434	28.65	4.63	132.60	12.58	8.27	104.07	78.5	1	33.6
76.579	29.33	4.52	132.57	12.80	8.16	104.42	78.8	1	33.5
76.640	29.14	4.55	132.61	12.68	8.16	103.47	78.0	1	33.6
76.744	29.49	4.51	132.89	12.91	8.01	103.42	77.8	1	33.6
76.889	29.33	4.49	131.85	12.96	8.06	104.41	79.2	1	33.6
76.950	28.98	4.53	131.43	12.79	8.27	105.76	80.5	1	33.8
77.054	29.30	4.50	132.00	13.00	8.04	104.50	79.2	1	33.9
77.199	29.03	4.57	132.59	12.89	8.14	104.88	79.1	1	34.2
77.260	28.48	4.63	131.77	12.75	8.20	104.60	79.4	1	34.1
77.364	28.71	4.59	131.79	12.86	8.16	104.96	79.6	1	33.9
77.509	28.65	4.61	131.93	12.78	8.06	103.07	78.1	1	34.2
77.570	28.48	4.62	131.55	12.66	8.23	104.24	79.2	1	34.1
77.674	28.43	4.62	131.31	12.67	8.34	105.75	80.5	1	33.9
77.819	28.62	4.60	131.79	12.66	8.21	104.00	78.9	1	33.8
77.880	28.51	4.61	131.50	12.55	8.32	104.42	79.4	1	33.8
77.984	28.47	4.62	131.52	12.48	8.35	104.25	79.3	1	33.8
78.129	28.36	4.64	131.61	12.42	8.31	103.30	78.5	1	33.8
78.190	28.62	4.62	132.25	12.47	8.26	102.99	77.9	1	33.6
78.294	28.20	4.65	131.12	12.36	8.28	102.34	78.0	1	33.8
78.439	28.59	4.62	132.07	12.35	8.33	102.84	77.9	1	33.5
78.500	28.70	4.60	131.88	12.32	8.53	105.12	79.7	1	33.3
78.604	28.50	4.63	131.95	12.24	8.41	102.88	78.0	1	33.6
78.749	28.17	4.66	131.29	12.23	8.33	101.91	77.6	1	33.6
78.810	28.09	4.67	131.24	12.08	8.74	105.56	80.4	1	33.5
78.914	28.29	4.65	131.55	12.21	8.21	100.27	76.2	1	33.6
79.059	27.90	4.68	130.60	12.12	8.02	97.24	74.5	1	33.6
79.119	27.61	4.70	129.86	11.97	8.44	101.05	77.8	1	33.8
79.223	27.52	4.72	129.95	11.84	8.63	102.28	78.7	1	33.8
79.368	27.09	4.74	128.52	11.69	8.66	101.28	78.8	1	33.6
79.429	27.08	4.75	128.52	11.68	8.70	101.60	79.1	1	33.6
79.533	27.24	4.74	129.09	11.65	8.62	100.44	77.8	1	33.5
79.678	27.06	4.76	128.76	11.47	8.71	99.81	77.5	1	33.3
79.738	26.93	4.76	128.13	11.47	8.71	99.90	78.0	1	33.5
79.842	26.77	4.77	127.75	11.39	8.63	98.27	76.9	1	33.3
79.987	26.64	4.79	127.53	11.27	8.84	99.62	78.1	1	33.1
80.047	26.85	4.78	128.35	11.27	8.81	99.33	77.4	1	33.1
80.151	26.93	4.76	128.27	11.17	8.99	100.47	78.3	1	33.0
80.296	27.53	4.74	130.43	11.26	8.94	100.60	77.1	1	32.7
80.357	27.71	4.71	130.54	11.36	8.82	100.18	76.7	1	32.5
80.461	28.07	4.69	131.57	11.33	9.06	102.62	78.0	1	32.4
80.606	28.56	4.63	132.29	11.51	8.96	103.15	78.0	1	32.1
80.667	28.70	4.60	132.10	11.48	8.96	102.86	77.9	1	31.9
80.771	28.88	4.56	131.73	11.55	8.86	102.36	77.7	1	31.9
80.916	28.97	4.55	131.84	11.70	8.70	101.75	77.2	1	32.2
80.977	28.91	4.57	132.07	11.66	8.74	101.85	77.1	1	32.4
81.081	28.77	4.59	132.19	11.71	8.76	102.54	77.6	1	32.4
81.226	28.69	4.61	132.32	11.70	8.81	103.15	78.0	1	32.4
81.287	28.81	4.59	132.27	11.75	8.77	103.00	77.9	1	32.2
81.391	28.56	4.59	131.10	11.69	8.80	102.84	78.4	1	32.2
81.536	28.88	4.58	132.38	11.63	8.90	103.45	78.2	1	31.9
81.597	29.06	4.57	132.73	11.65	8.84	102.98	77.6	1	31.9
81.701	29.37	4.51	132.43	11.69	8.74	102.19	77.2	1	31.8
81.846	29.20	4.54	132.61	11.65	8.84	102.98	77.7	1	32.1
81.907	28.94	4.55	131.65	11.61	8.83	102.48	77.8	1	31.9
82.011	29.33	4.51	132.35	11.69	8.78	102.63	77.5	1	31.8
82.156	29.67	4.49	133.25	11.70	8.81	103.08	77.4	1	31.6
82.217	29.76	4.47	133.03	11.61	8.81	102.24	76.9	1	31.5
82.321	29.72	4.46	132.48	11.64	8.88	103.32	78.0	1	31.5
82.466	29.81	4.46	133.02	11.60	8.85	102.70	77.2	1	31.2
82.527	29.95	4.43	132.77	11.57	8.88	102.73	77.4	1	31.3
82.631	29.77	4.45	132.51	11.54	8.90	102.66	77.5	1	31.3
82.776	30.00	4.42	132.63	11.53	9.02	103.90	78.3	1	31.0
82.837	30.03	4.41	132.32	11.60	8.88	102.98	77.8	1	31.2
82.941	29.90	4.42	132.15	11.57	8.85	102.33	77.4	1	31.0
83.086	29.99	4.39	131.69	11.54	8.92	103.00	78.2	1	30.9
83.147	30.10	4.40	132.32	11.44	9.12	104.33	78.8	1	30.7
83.251	30.27	4.37	132.17	11.36	9.21	104.67	79.2	1	30.7
83.396	30.40	4.35	132.17	11.45	9.04	103.44	78.3	1	30.7
83.457	30.31	4.36	132.22	11.39	8.96	102.06	77.2	1	30.7
83.561	30.02	4.40	132.03	11.31	9.02	101.98	77.2	1	30.7
83.706	30.27	4.36	132.02	11.33	9.06	102.62	77.7	1	30.6
83.767	30.19	4.39	132.56	11.32	9.00	101.80	76.8	1	30.6
83.871	30.39	4.34	131.89	11.29	9.08	102.51	77.7	1	30.6
84.016	30.53	4.32	131.94	11.33	9.06	102.68	77.8	1	30.3
84.077	30.56	4.31	131.60	11.33	9.00	101.93	77.5	1	30.3
84.181	30.53	4.30	131.28	11.28	9.09	102.60	78.2	1	30.4
84.326	30.40	4.33	131.60	11.29	9.02	101.81	77.4	1	30.4
84.387	30.63	4.30	131.80	11.33	8.87	100.45	76.2	1	30.3
84.491	30.75	4.27	131.32	11.27	8.96	100.93	76.9	1	30.3
84.636	30.74	4.27	131.26	11.30	9.03	102.12	77.8	1	30.1
84.697	30.94	4.25	131.60	11.31	8.93	101.01	76.8	1	30.0
84.801	30.81	4.25	131.04	11.25	8.99	101.11	77.2	1	30.1
84.946	30.77	4.26	131.08	11.21	8.87	99.52	75.9	1	30.1
85.006	30.59	4.29	131.15	11.24	8.91	100.20	76.4	1	30.3
85.110	30.62	4.32	132.22	11.19	9.01	100.76	76.2	1	30.4
85.255	30.48	4.33	131.95	11.26	8.89	100.13	75.9	1	30.3
85.316	30.47	4.31	131.44	11.24	8.97	100.76	76.7	1	30.4
85.420	30.33	4.34	131.63	11.17	9.23	103.12	78.3	1	30.4
85.565	30.24	4.36	131.87	11.18	9.22	103.13	78.2	1	30.6
85.626	30.10	4.40	132.36	11.17	9.14	102.09	77.1	1	30.7
85.730	29.93	4.42	132.42	11.17	9.16	102.27	77.2	1	30.9
85.875	29.78	4.43	131.78	11.16	9.26	103.29	78.4	1	30.9
85.936	29.62	4.44	131.48	11.18	9.14	102.17	77.7	1	30.9
86.040	29.84	4.40	131.25	11.22	9.07	101.78	77.5	1	30.6
86.185	29.90	4.42	132.08	11.17	9.25	103.29	78.2	1	30.9
86.246	29.78	4.46	132.75	11.21	9.10	102.02	76.9	1	31.0
86.350	29.40	4.49	132.12	11.24	9.08	102.02	77.2	1	31.2
86.495	29.80	4.47	133.18	11.19	9.23	103.34	77.6	1	31.0
86.556	29.61	4.45	131.82	11.21	9.21	103.20	78.3	1	30.9
86.660	29.61	4.45	131.83	11.24	9.07	101.87	77.3	1	31.0
86.805	29.83	4.44	132.53	11.21	9.09	101.85	76.9	1	30.7
86.866	29.82	4.45	132.64	11.17	9.07	101.24	76.3	1	30.7
86.970	29.88	4.42	131.99	11.19	9.10	101.77	77.1	1	30.7
87.115	29.68	4.46	132.47	11.18	9.16	102.44	77.3	1	31.0
87.176	29.69	4.46	132.44	11.27	9.03	101.77	76.8	1	31.2
87.280	29.83	4.45	132.70	11.27	9.04	101.98	76.8	1	30.9
87.425	29.62	4.46	132.04	11.25	9.15	102.95	78.0	1	31.0
87.486	29.54	4.46	131.71	11.30	8.95	101.11	76.8	1	30.9
87.590	29.85	4.43	132.20	11.29	9.07	102.42	77.5	1	30.9
87.735	29.75	4.45	132.26	11.23	9.10	102.17	77.2	1	30.9
87.796	29.76	4.43	131.96	11.26	8.99	101.30	76.8	1	30.7
87.900	29.82	4.42	131.76	11.26	9.06	102.04	77.4	1	31.0
88.045	29.71	4.44	131.78	11.32	9.09	102.88	78.1	1	31.2
88.106	29.62	4.47	132.45	11.30	9.10	102.85	77.7	1	31.2
88.210	29.41	4.49	132.12	11.30	9.05	102.24	77.4	1	31.3
88.355	29.50	4.51	132.93	11.34	9.11	103.38	77.8	1	31.5
88.416	29.28	4.52	132.41	11.32	9.01	102.06	77.1	1	31.5
88.520	29.14	4.53	132.02	11.28	9.08	102.42	77.6	1	31.3
88.665	29.21	4.53	132.22	11.28	9.03	101.87	77.0	1	31.3
88.726	29.19	4.53	132.22	11.22	9.17	102.96	77.9	1	31.3
88.830	29.13	4.52	131.76	11.29	9.05	102.10	77.5	1	31.5
88.975	29.21	4.53	132.37	11.27	9.07	102.20	77.2	1	31.2
89.036	29.42	4.51	132.56	11.26	9.13	102.77	77.5	1	31.0
89.140	29.53	4.46	131.70	11.31	9.00	101.77	77.3	1	31.2
89.285	29.67	4.45	131.92	11.30	9.05	102.27	77.5	1	31.0
89.346	29.78	4.44	132.18	11.30	9.01	101.81	77.0	1	30.9
89.450	29.78	4.40	131.18	11.31	8.97	101.43	77.3	1	30.9
89.595	30.02	4.40	131.96	11.29	8.96	101.15	76.6	1	30.6
89.656	30.16	4.38	131.96	11.31	9.02	101.97	77.3	1	30.6
89.760	30.23	4.35	131.53	11.22	9.12	102.35	77.8	1	30.6
89.905	30.02	4.38	131.53	11.25	9.12	102.57	78.0	1	30.9
89.966	30.04	4.37	131.38	11.34	8.96	101.66	77.4	1	30.7
90.070	30.02	4.36	130.99	11.25	9.09	102.31	78.1	1	30.9
90.215	29.78	4.41	131.44	11.27	9.12	102.78	78.2	1	31.0
90.276	29.77	4.41	131.28	11.36	8.91	101.23	77.1	1	31.0
90.380	29.74	4.44	132.06	11.32	9.16	103.71	78.5	1	31.2
90.525	29.53	4.48	132.18	11.25	9.15	102.86	77.8	1	31.0
90.586	29.58	4.45	131.63	11.26	9.13	102.78	78.1	1	30.9
90.690	29.77	4.44	132.11	11.26	9.04	101.77	77.0	1	30.9
90.835	29.74	4.44	132.09	11.29	9.08	102.49	77.6	1	31.0
90.896	29.50	4.46	131.44	11.25	8.98	101.08	76.9	1	31.2
91.000	29.59	4.44	131.50	11.25	9.16	103.05	78.4	1	30.9
91.145	29.52	4.48	132.34	11.23	9.05	101.66	76.8	1	31.2
91.206	29.57	4.47	132.28	11.25	9.15	102.98	77.8	1	31.3
91.310	29.31	4.50	131.78	11.28	9.03	101.84	77.3	1	31.2
91.455	29.27	4.51	132.04	11.22	9.07	101.67	77.0	1	31.3
91.516	29.18	4.53	132.04	11.27	9.00	101.44	76.8	1	31.5
91.620	29.06	4.55	132.21	11.30	8.92	100.83	76.3	1	31.5
91.765	29.04	4.52	131.23	11.25	9.09	102.26	77.9	1	31.3
91.826	28.97	4.53	131.35	11.18	9.11	101.80	77.5	1	31.3
91.930	29.11	4.53	131.90	11.22	9.08	101.80	77.2	1	31.2
92.075	29.11	4.52	131.56	11.16	9.09	101.41	77.1	1	31.0
92.136	29.29	4.50	131.83	11.20	9.08	101.66	77.1	1	31.2
92.240	29.17	4.52	131.92	11.20	9.01	100.87	76.5	1	31.2
92.385	29.18	4.52	131.84	11.22	8.99	100.85	76.5	1	31.5
92.446	28.95	4.55	131.84	11.14	9.13	101.69	77.1	1	31.5
92.550	28.49	4.57	130.10	11.12	9.03	100.45	77.2	1	31.5
92.695	28.90	4.57	131.97	11.13	9.16	101.94	77.2	1	31.3
92.756	28.85	4.56	131.42	11.11	9.17	101.94	77.6	1	31.2
92.860	29.13	4.53	132.05	11.10	9.23	102.43	77.6	1	31.0
93.005	29.49	4.49	132.35	11.16	9.07	101.25	76.5	1	31.0
93.066	29.61	4.48	132.57	11.18	9.04	101.02	76.2	1	30.9
93.170	29.65	4.44	131.72	11.16	9.15	102.13	77.5	1	30.9
93.315	29.57	4.46	131.96	11.18	9.12	101.93	77.2	1	31.0
93.376	29.63	4.46	132.23	11.21	8.97	100.58	76.1	1	31.2
93.480	29.55	4.47	132.14	11.19	9.13	102.20	77.3	1	31.0
93.625	29.46	4.47	131.73	11.18	9.09	101.63	77.1	1	31.0
93.686	29.22	4.48	131.01	11.15	9.15	101.96	77.8	1	31.2
93.790	29.37	4.48	131.63	11.18	9.13	102.01	77.5	1	30.9
93.935	29.51	4.46	131.72	11.19	9.02	101.00	76.7	1	31.0
93.996	29.37	4.48	131.64	11.13	9.09	101.17	76.8	1	31.0
94.100	29.43	4.47	131.69	11.18	9.05	101.16	76.8	1	31.2
94.245	29.56	4.47	132.14	11.17	9.19	102.64	77.7	1	30.9
94.306	29.66	4.45	132.14	11.24	9.10	102.23	77.4	1	30.9
94.410	29.64	4.42	131.08	11.28	9.02	101.69	77.6	1	31.0
94.555	29.33	4.50	131.85	11.16	9.14	102.05	77.4	1	31.3
94.616	29.18	4.51	131.57	11.21	9.02	101.05	76.8	1	31.3
94.720	29.32	4.50	131.86	11.22	9.00	101.02	76.6	1	31.0
94.865	29.54	4.49	132.53	11.15	9.18	102.35	77.2	1	30.9
94.926	29.56	4.46	131.94	11.17	9.06	101.21	76.7	1	30.9
95.030	29.57	4.46	132.01	11.20	9.09	101.75	77.1	1	31.0
95.175	29.49	4.47	131.75	11.15	9.11	101.67	77.2	1	30.9
95.236	29.75	4.44	132.13	11.19	9.04	101.11	76.5	1	30.7
95.340	29.85	4.40	131.46	11.14	9.07	101.00	76.8	1	30.7
95.485	29.88	4.41	131.76	11.19	8.99	100.55	76.3	1	30.9
95.546	29.72	4.45	132.12	11.16	9.06	101.10	76.5	1	31.0
95.650	29.70	4.43	131.52	11.24	8.93	100.37	76.3	1	30.9
95.795	29.69	4.40	130.76	11.27	9.00	101.51	77.6	1	30.9
95.856	29.70	4.42	131.17	11.24	9.06	101.84	77.6	1	30.9
95.960	29.79	4.41	131.40	11.23	9.03	101.47	77.2	1	30.6
96.105	29.98	4.39	131.47	11.23	8.98	100.90	76.7	1	30.6
96.166	30.07	4.37	131.43	11.22	9.07	101.73	77.4	1	30.6
96.270	30.23	4.35	131.59	11.18	9.18	102.68	78.0	1	30.4
96.415	30.05	4.35	130.78	11.17	9.12	101.85	77.9	1	30.4
96.476	30.24	4.32	130.56	11.26	8.97	100.96	77.3	1	30.4
96.580	30.48	4.29	130.73	11.23	9.05	101.61	77.7	1	30.3
96.725	30.53	4.27	130.50	11.20	9.07	101.66	77.9	1	30.3
96.786	30.40	4.30	130.79	11.13	9.14	101.71	77.8	1	30.3
96.890	30.49	4.28	130.65	11.13	9.09	101.13	77.4	1	30.1
97.035	30.66	4.26	130.54	11.12	9.06	100.69	77.1	1	30.1
97.096	30.58	4.25	130.10	11.13	9.05	100.74	77.4	1	30.0
97.200	30.64	4.24	129.91	11.13	9.05	100.74	77.5	1	30.0
97.345	30.52	4.28	130.56	11.14	8.99	100.20	76.7	1	30.1
97.406	30.39	4.30	130.57	11.14	8.97	99.88	76.5	1	30.3
97.510	30.38	4.31	131.03	11.13	9.06	100.85	77.0	1	30.4
97.655	30.27	4.35	131.80	11.17	9.12	101.90	77.3	1	30.6
97.716	30.20	4.36	131.62	11.20	8.96	100.33	76.2	1	30.7
97.820	30.04	4.39	131.81	11.18	9.14	102.22	77.5	1	30.7
97.965	30.00	4.40	131.95	11.19	9.01	100.79	76.4	1	30.7
98.026	29.96	4.41	132.04	11.20	9.12	102.13	77.3	1	30.9
98.130	29.79	4.42	131.77	11.23	9.04	101.55	77.1	1	30.7
98.275	29.95	4.39	131.51	11.22	9.16	102.78	78.2	1	30.7
98.336	29.96	4.38	131.29	11.32	8.92	100.93	76.9	1	30.9
98.440	29.82	4.38	130.64	11.27	8.87	99.98	76.5	1	30.7
98.585	29.82	4.39	130.84	11.26	9.11	102.59	78.4	1	30.7
98.646	29.89	4.39	131.27	11.23	9.06	101.69	77.5	1	30.6
98.750	30.09	4.36	131.19	11.19	9.01	100.84	76.9	1	30.7
98.895	29.79	4.42	131.62	11.19	9.10	101.82	77.4	1	31.0
98.956	29.65	4.43	131.35	11.25	9.09	102.23	77.8	1	31.0
99.060	29.58	4.44	131.46	11.22	9.04	101.43	77.2	1	31.0
99.205	29.33	4.47	131.00	11.22	8.99	100.84	77.0	1	31.0
99.266	29.46	4.46	131.31	11.20	9.12	102.15	77.8	1	30.9
99.370	29.65	4.43	131.28	11.19	9.08	101.65	77.4	1	30.7
99.515	29.97	4.39	131.72	11.24	9.02	101.42	77.0	1	30.6
99.576	30.12	4.39	132.13	11.22	8.93	100.26	75.9	1	30.4
99.680	30.17	4.36	131.50	11.22	8.93	100.18	76.2	1	30.4
99.825	30.39	4.31	130.93	11.21	8.97	100.63	76.9	1	30.1
99.886	30.38	4.29	130.30	11.23	8.95	100.46	77.1	1	30.3
99.990	30.39	4.28	129.96	11.20	8.97	100.52	77.3	1	30.1
100.135	30.39	4.32	131.16	11.17	9.03	100.91	76.9	1	30.4
100.196	30.23	4.34	131.27	11.15	9.17	102.23	77.9	1	30.6
100.300	29.97	4.39	131.61	11.15	9.15	102.03	77.5	1	30.7
100.445	29.92	4.38	131.05	11.13	9.15	101.77	77.7	1	30.6
100.506	29.95	4.38	131.06	11.14	9.07	101.10	77.1	1	30.6
100.610	29.90	4.39	131.11	11.14	9.09	101.23	77.2	1	30.7
100.755	29.90	4.39	131.34	11.27	8.98	101.27	77.1	1	30.9
100.816	29.70	4.42	131.26	11.21	9.12	102.17	77.8	1	31.0
100.920	29.34	4.47	130.99	11.15	9.17	102.23	78.0	1	31.0
101.065	29.34	4.47	131.26	11.15	9.10	101.51	77.3	1	31.0
101.126	29.26	4.47	130.82	11.21	8.97	100.57	76.9	1	31.0
101.230	29.26	4.50	131.61	11.19	8.95	100.13	76.1	1	31.3
101.375	29.03	4.51	130.82	11.20	9.06	101.49	77.6	1	31.2
101.436	29.19	4.50	131.39	11.14	9.17	102.16	77.8	1	31.0
101.540	29.19	4.49	131.11	11.16	9.10	101.47	77.4	1	31.0
101.685	29.37	4.46	131.04	11.18	9.00	100.58	76.8	1	30.9
101.746	29.51	4.44	130.97	11.21	9.09	101.89	77.8	1	31.0
101.850	29.49	4.44	130.83	11.19	9.14	102.26	78.2	1	30.9
101.995	29.75	4.44	132.24	11.10	9.22	102.34	77.4	1	30.7
102.056	29.61	4.46	132.13	11.01	9.20	101.23	76.6	1	30.6
102.160	29.56	4.47	132.00	11.06	9.07	100.39	76.1	1	30.7
102.305	29.39	4.47	131.38	10.94	9.31	101.86	77.5	1	30.7
102.366	29.35	4.47	131.07	10.99	9.19	101.00	77.1	1	30.9
102.470	29.22	4.48	130.86	10.97	9.23	101.30	77.4	1	30.9
102.615	29.02	4.51	130.79	11.01	9.16	100.79	77.1	1	30.9
102.676	29.02	4.51	130.95	10.98	9.10	99.92	76.3	1	31.0
102.780	28.97	4.53	131.20	10.92	9.33	101.89	77.7	1	31.2
102.925	28.94	4.53	131.00	10.87	9.52	103.44	79.0	1	30.9
102.986	29.21	4.51	131.79	10.95	9.11	99.72	75.7	1	30.7
103.090	29.43	4.48	131.95	10.84	9.45	102.44	77.6	1	30.4
103.235	29.80	4.42	131.75	11.01	9.07	99.83	75.8	1	30.6
103.296	29.59	4.44	131.31	10.92	9.39	102.45	78.0	1	30.6
103.400	29.47	4.44	130.85	10.95	9.22	100.93	77.1	1	30.6
103.545	29.74	4.44	131.92	10.98	9.09	99.72	75.6	1	30.6
103.606	29.46	4.46	131.46	10.92	9.23	100.73	76.6	1	30.6
103.710	29.36	4.45	130.68	10.92	8.98	98.09	75.1	1	30.6
103.855	29.76	4.41	131.24	10.86	9.40	102.11	77.8	1	30.3
103.916	29.69	4.40	130.76	10.95	9.04	99.04	75.7	1	30.3
104.020	29.93	4.38	130.96	10.99	9.08	99.78	76.2	1	30.3
104.165	29.96	4.38	131.35	11.00	9.10	100.07	76.2	1	30.6
104.226	29.62	4.43	131.32	11.00	9.15	100.70	76.7	1	30.6
104.330	29.29	4.46	130.75	10.95	9.24	101.23	77.4	1	30.7
104.475	29.57	4.44	131.16	10.90	9.40	102.48	78.1	1	30.4
104.536	29.64	4.44	131.65	10.92	9.14	99.78	75.8	1	30.3
104.640	29.49	4.44	130.95	10.79	9.54	103.01	78.7	1	30.4
104.785	29.86	4.39	131.14	10.86	9.42	102.27	78.0	1	30.1
104.846	29.73	4.42	131.31	10.85	9.45	102.53	78.1	1	30.0
104.950	30.18	4.35	131.22	10.88	9.11	99.13	75.5	1	29.8
105.095	29.67	4.42	131.14	10.58	9.92	104.94	80.0	1	30.1
105.156	29.42	4.47	131.46	10.75	9.29	99.84	75.9	1	30.1
105.260	29.92	4.40	131.59	10.81	9.10	98.38	74.8	1	30.3
105.405	29.81	4.40	131.31	10.82	9.27	100.26	76.4	1	30.1
105.466	29.80	4.39	130.70	10.73	9.61	103.16	78.9	1	30.1
105.570	29.90	4.36	130.36	10.90	9.15	99.74	76.5	1	30.1
105.715	29.58	4.43	131.13	10.84	9.32	101.00	77.0	1	30.4
105.776	29.72	4.43	131.77	10.83	9.42	101.96	77.4	1	30.6
105.880	29.43	4.47	131.70	10.91	9.21	100.43	76.3	1	30.7
106.025	29.37	4.49	131.75	10.76	9.56	102.90	78.1	1	30.6
106.086	29.47	4.47	131.62	10.88	9.06	98.55	74.9	1	30.4
106.190	29.49	4.47	131.74	10.86	9.34	101.46	77.0	1	30.7
106.335	29.55	4.46	131.86	11.01	9.16	100.85	76.5	1	30.4
106.396	29.49	4.45	131.32	10.88	9.49	103.20	78.6	1	30.6
106.500	29.42	4.47	131.58	10.91	9.37	102.24	77.7	1	30.7
106.645	29.48	4.45	131.22	11.01	9.03	99.45	75.8	1	30.6
106.706	29.45	4.46	131.33	10.92	9.37	102.30	77.9	1	30.6
106.810	29.14	4.50	131.14	10.88	9.19	99.94	76.2	1	30.7
106.955	29.13	4.50	131.05	10.82	9.37	101.41	77.4	1	30.6
107.016	29.28	4.49	131.45	10.87	9.06	98.49	74.9	1	30.4
107.120	29.59	4.45	131.55	10.85	9.40	102.01	77.5	1	30.3
107.265	29.78	4.41	131.20	10.89	9.27	100.93	76.9	1	30.3
107.326	30.07	4.38	131.69	10.95	9.22	100.94	76.6	1	30.1
107.430	30.22	4.36	131.71	10.96	9.17	100.52	76.3	1	30.1
107.575	30.32	4.32	131.00	11.05	9.17	101.24	77.3	1	30.1
107.636	30.35	4.34	131.68	10.97	9.30	102.06	77.5	1	30.1
107.740	30.44	4.32	131.59	11.06	9.05	100.06	76.0	1	30.1
107.885	30.27	4.33	131.11	10.94	9.34	102.08	77.9	1	30.1
107.946	30.19	4.33	130.67	10.99	9.23	101.40	77.6	1	30.1
108.050	30.31	4.33	131.17	11.03	9.12	100.58	76.7	1	30.3
108.195	30.35	4.32	131.07	11.02	9.25	101.99	77.8	1	30.1
108.256	30.24	4.33	130.87	10.99	9.23	101.48	77.5	1	30.1
108.360	30.41	4.31	131.08	11.01	9.22	101.55	77.5	1	30.0
108.505	30.22	4.33	130.95	10.91	9.27	101.16	77.3	1	30.1
108.566	30.37	4.32	131.35	11.01	9.18	101.11	77.0	1	30.3
108.670	30.05	4.36	131.04	11.00	9.24	101.59	77.5	1	30.4
108.815	30.22	4.35	131.55	11.06	9.13	100.97	76.8	1	30.3
108.876	30.21	4.36	131.70	11.06	9.03	99.79	75.8	1	30.1
108.980	30.34	4.32	131.05	11.10	9.00	99.87	76.2	1	30.3
109.125	30.16	4.39	132.34	11.05	9.22	101.88	77.0	1	30.6
109.186	29.97	4.39	131.61	11.10	9.21	102.29	77.7	1	30.4
109.290	29.73	4.42	131.49	11.04	9.23	101.87	77.5	1	30.6
109.435	29.71	4.44	131.99	11.08	9.09	100.71	76.3	1	30.7
109.496	29.60	4.45	131.62	10.98	9.32	102.33	77.7	1	30.6
109.600	29.67	4.42	131.13	10.99	9.28	102.00	77.8	1	30.6
109.745	29.92	4.42	132.33	11.06	9.20	101.69	76.8	1	30.7
109.806	29.65	4.46	132.25	11.04	9.23	101.89	77.0	1	30.7
109.910	29.73	4.42	131.52	11.09	9.13	101.22	77.0	1	30.6
110.055	29.77	4.43	131.95	11.09	9.24	102.49	77.7	1	30.7
110.116	29.45	4.46	131.37	11.08	9.23	102.29	77.9	1	30.9
110.220	29.63	4.44	131.58	11.09	9.24	102.53	77.9	1	30.7
110.365	29.52	4.48	132.34	11.10	9.16	101.73	76.9	1	31.0
110.426	29.44	4.48	132.01	11.11	9.18	101.97	77.2	1	31.0
110.530	29.44	4.49	132.05	11.13	9.06	100.83	76.4	1	30.9
110.675	29.53	4.48	132.19	11.09	9.00	99.77	75.5	1	30.9
110.736	29.50	4.48	132.06	11.05	9.22	101.95	77.2	1	31.0
110.840	29.38	4.49	131.99	11.06	9.06	100.22	75.9	1	30.9
110.985	29.33	4.49	131.68	10.99	9.30	102.25	77.7	1	30.9
111.046	29.44	4.48	131.88	11.13	9.10	101.23	76.8	1	31.0
111.150	29.06	4.52	131.44	10.96	9.36	102.54	78.0	1	30.9
111.295	29.53	4.49	132.59	11.02	9.16	100.97	76.1	1	30.6
111.356	29.63	4.45	131.99	11.02	9.16	100.98	76.5	1	30.6
111.460	29.65	4.44	131.81	10.99	9.22	101.36	76.9	1	30.6
111.605	29.51	4.47	131.84	11.05	9.15	101.15	76.7	1	30.9
111.666	29.50	4.48	132.27	11.05	9.19	101.59	76.8	1	31.0
111.770	29.31	4.51	132.14	11.00	9.30	102.30	77.4	1	30.7
111.915	29.57	4.47	132.27	10.98	9.16	100.59	76.0	1	30.6
111.976	29.66	4.45	131.97	11.08	9.05	100.28	76.0	1	30.6
112.080	29.47	4.46	131.50	11.08	9.05	100.24	76.2	1	30.6
112.225	29.40	4.48	131.60	11.02	9.13	100.60	76.4	1	30.9
112.286	29.47	4.48	131.88	11.03	9.27	102.27	77.5	1	30.7
112.390	29.56	4.45	131.67	11.08	9.15	101.45	77.1	1	30.6
112.535	29.58	4.47	132.35	11.12	9.11	101.31	76.5	1	30.9
112.596	29.36	4.49	131.92	11.11	9.21	102.25	77.5	1	31.0
112.700	29.26	4.52	132.18	11.12	9.15	101.69	76.9	1	31.0
112.845	28.94	4.53	131.15	11.12	9.14	101.67	77.5	1	31.0
112.906	29.19	4.51	131.78	11.10	9.19	102.01	77.4	1	31.0
113.010	29.28	4.49	131.55	11.14	9.08	101.10	76.9	1	31.0
113.155	29.22	4.50	131.62	11.13	9.07	100.89	76.7	1	31.0
113.216	29.26	4.50	131.79	11.03	9.34	103.05	78.2	1	30.9
113.320	29.52	4.45	131.39	11.13	9.15	101.80	77.5	1	30.9
113.465	29.29	4.49	131.46	11.14	9.10	101.34	77.1	1	30.9
113.526	29.40	4.48	131.65	11.07	9.28	102.72	78.0	1	30.7
113.630	29.53	4.46	131.57	11.10	9.11	101.12	76.9	1	30.7
113.775	29.50	4.46	131.68	11.09	9.20	102.01	77.5	1	30.6
113.836	29.70	4.44	131.79	11.07	9.14	101.21	76.8	1	30.6
113.940	29.81	4.42	131.86	11.07	9.12	100.91	76.5	1	30.4
114.085	29.82	4.42	131.65	11.03	9.28	102.36	77.7	1	30.7
114.146	29.68	4.43	131.54	11.07	9.22	102.03	77.6	1	30.7
114.250	29.51	4.46	131.52	11.07	9.16	101.45	77.1	1	30.6
114.395	29.76	4.43	131.72	11.05	9.21	101.75	77.2	1	30.6
114.456	29.83	4.43	132.06	11.07	9.18	101.72	77.0	1	30.4
114.560	29.78	4.41	131.35	11.05	9.27	102.43	78.0	1	30.6
114.705	29.89	4.41	131.89	11.10	9.12	101.24	76.8	1	30.6
114.766	29.93	4.42	132.42	11.08	9.20	102.00	77.0	1	30.7
114.870	29.78	4.45	132.57	11.04	9.25	102.05	77.0	1	30.7
115.015	29.72	4.44	132.01	11.07	9.16	101.46	76.9	1	30.7
115.076	29.70	4.43	131.54	11.09	9.11	101.03	76.8	1	30.6
115.180	29.83	4.40	131.38	11.03	9.16	101.02	76.9	1	30.4
115.325	29.56	4.45	131.64	11.02	9.20	101.34	77.0	1	30.7
115.386	29.77	4.43	131.85	11.10	9.08	100.80	76.5	1	30.6
115.490	29.82	4.41	131.66	10.97	9.32	102.25	77.7	1	30.6
115.635	29.69	4.44	131.85	11.04	9.30	102.73	77.9	1	30.6
115.696	29.79	4.44	132.35	11.05	9.11	100.66	76.1	1	30.4
115.800	29.80	4.42	131.86	11.03	9.25	102.05	77.4	1	30.6
115.945	29.67	4.46	132.22	11.04	9.17	101.31	76.6	1	30.6
116.006	29.82	4.42	131.86	11.06	9.29	102.76	77.9	1	30.4
116.110	29.86	4.42	132.03	11.04	9.26	102.19	77.4	1	30.4
116.255	30.09	4.40	132.43	11.02	9.17	101.09	76.3	1	30.3
116.316	30.02	4.38	131.49	11.00	9.25	101.69	77.3	1	30.3
116.420	30.20	4.40	132.96	11.10	9.14	101.38	76.3	1	30.6
116.565	29.90	4.44	132.65	11.10	9.16	101.70	76.7	1	30.7
116.626	29.57	4.47	132.27	11.04	9.09	100.35	75.9	1	30.9
116.730	29.48	4.47	131.71	11.02	9.20	101.36	77.0	1	30.7
116.875	29.32	4.50	131.85	11.05	9.13	100.90	76.5	1	31.0
116.936	29.19	4.51	131.77	10.98	9.26	101.66	77.2	1	30.9
117.040	29.24	4.50	131.70	11.02	9.28	102.28	77.7	1	30.9
117.185	29.42	4.51	132.54	11.02	9.21	101.47	76.6	1	30.9
117.246	29.32	4.52	132.41	11.01	9.07	99.95	75.5	1	30.9
117.350	29.36	4.51	132.28	10.96	9.26	101.50	76.7	1	30.7
117.495	29.58	4.48	132.40	10.99	9.26	101.75	76.9	1	30.7
117.556	29.49	4.47	131.76	11.02	9.20	101.45	77.0	1	30.7
117.660	29.75	4.43	131.70	11.08	9.13	101.19	76.8	1	30.4
117.805	30.11	4.37	131.71	11.06	9.20	101.77	77.3	1	30.3
117.866	30.19	4.36	131.54	11.06	9.15	101.21	76.9	1	30.4
117.970	29.90	4.39	131.14	11.05	9.17	101.36	77.3	1	30.4
118.115	29.90	4.41	131.99	11.08	9.11	100.89	76.4	1	30.6
118.176	29.84	4.43	132.07	11.10	9.15	101.56	76.9	1	30.6
118.280	29.72	4.42	131.45	11.10	9.14	101.40	77.1	1	30.4
118.425	29.97	4.38	131.19	11.05	9.26	102.29	78.0	1	30.4
118.486	29.92	4.38	131.07	11.04	9.21	101.67	77.6	1	30.4
118.590	30.11	4.35	131.02	11.05	9.23	101.98	77.8	1	30.3
118.735	29.98	4.36	130.83	11.06	9.20	101.79	77.8	1	30.4
118.796	29.87	4.39	131.17	11.05	9.21	101.77	77.6	1	30.4
118.900	29.83	4.42	131.83	11.05	9.16	101.17	76.7	1	30.6
119.045	29.49	4.47	131.88	11.05	9.23	102.00	77.3	1	30.9
119.106	29.55	4.46	131.92	11.01	9.23	101.58	77.0	1	30.7
119.210	29.34	4.47	131.20	10.98	9.29	101.96	77.7	1	30.9
119.355	29.25	4.50	131.55	11.01	9.23	101.63	77.3	1	30.9
119.416	29.09	4.50	131.00	10.96	9.32	102.13	78.0	1	30.9
119.520	29.34	4.47	131.22	11.05	9.28	102.50	78.1	1	30.7
119.665	29.57	4.45	131.55	11.05	9.15	101.06	76.8	1	30.6
119.726	29.74	4.43	131.65	11.10	9.06	100.54	76.4	1	30.4
119.830	29.80	4.41	131.47	11.05	9.22	101.93	77.5	1	30.4
119.975	30.04	4.41	132.60	11.09	9.13	101.21	76.3	1	30.4
120.036	30.05	4.41	132.45	11.06	9.24	102.23	77.2	1	30.3
120.140	30.17	4.37	131.80	11.10	9.06	100.49	76.2	1	30.4
120.285	30.03	4.38	131.54	11.07	9.24	102.36	77.8	1	30.4
120.346	29.85	4.40	131.40	11.05	9.24	102.13	77.7	1	30.6
120.450	29.86	4.42	131.83	11.07	9.08	100.58	76.3	1	30.3
120.595	30.25	4.37	132.07	11.02	9.10	100.26	75.9	1	30.1
120.656	30.24	4.36	131.99	11.05	9.00	99.49	75.4	1	30.1
120.760	30.12	4.37	131.56	11.00	9.26	101.81	77.4	1	30.3
120.905	30.01	4.35	130.41	11.04	9.18	101.31	77.7	1	30.3
120.966	30.18	4.33	130.80	11.04	9.29	102.56	78.4	1	30.1
121.070	30.18	4.32	130.44	11.04	9.21	101.69	78.0	1	30.0
121.215	30.21	4.35	131.44	11.08	9.12	101.09	76.9	1	30.3
121.276	30.10	4.38	131.81	11.04	9.29	102.56	77.8	1	30.4
121.380	29.71	4.43	131.60	11.07	9.20	101.84	77.4	1	30.4
121.525	29.77	4.42	131.70	11.07	9.11	100.86	76.6	1	30.6
121.586	29.56	4.45	131.54	11.02	9.24	101.88	77.5	1	30.7
121.690	29.65	4.46	132.16	11.02	9.24	101.88	77.1	1	30.7
121.835	29.36	4.48	131.60	11.01	9.34	102.84	78.1	1	30.7
121.896	29.50	4.47	131.87	10.99	9.32	102.39	77.6	1	30.6
122.000	29.60	4.43	131.19	11.05	9.16	101.25	77.2	1	30.6
122.145	29.52	4.45	131.48	11.00	9.24	101.66	77.3	1	30.7
122.206	29.61	4.45	131.76	11.03	9.31	102.63	77.9	1	30.9
122.310	29.63	4.45	131.94	11.07	9.21	101.92	77.2	1	30.7
122.455	29.55	4.47	131.99	11.05	9.27	102.47	77.6	1	30.6
122.516	29.53	4.46	131.63	11.03	9.24	101.85	77.4	1	30.6
122.620	29.67	4.43	131.56	11.00	9.31	102.42	77.9	1	30.7
122.765	29.61	4.43	131.30	11.03	9.32	102.85	78.3	1	30.6
122.826	29.56	4.43	130.97	11.04	9.34	103.12	78.7	1	30.6
122.930	29.46	4.45	131.24	11.06	9.18	101.52	77.4	1	30.9
123.075	29.45	4.49	132.26	11.03	9.18	101.16	76.5	1	31.0
123.136	29.20	4.51	131.71	11.03	9.20	101.46	77.0	1	31.2
123.240	28.92	4.54	131.38	11.01	9.14	100.57	76.6	1	31.0
123.385	28.92	4.54	131.19	11.03	9.12	100.58	76.7	1	31.0
123.446	29.14	4.51	131.46	11.04	9.29	102.57	78.0	1	31.0
123.550	29.09	4.51	131.16	11.03	9.28	102.41	78.1	1	31.0
123.695	28.94	4.52	130.96	11.04	9.16	101.09	77.2	1	31.3
123.756	28.76	4.57	131.44	11.01	9.16	100.83	76.7	1	31.5
123.860	28.59	4.58	130.95	11.00	9.10	100.13	76.5	1	31.3
124.005	28.73	4.57	131.43	11.04	9.06	100.04	76.1	1	31.3
124.066	28.70	4.59	131.64	11.01	9.19	101.20	76.9	1	31.2
124.170	28.67	4.57	130.92	10.99	9.19	101.08	77.2	1	31.2
124.315	28.91	4.55	131.59	10.98	9.15	100.40	76.3	1	30.9
124.376	29.13	4.53	132.07	10.99	9.30	102.27	77.4	1	30.7
124.480	29.34	4.49	131.71	11.06	9.17	101.42	77.0	1	30.9
124.625	29.41	4.46	131.28	11.08	9.14	101.27	77.1	1	30.7
124.686	29.43	4.46	131.12	11.08	9.11	101.00	77.0	1	30.7
124.790	29.71	4.43	131.51	11.12	9.12	101.40	77.1	1	30.6
124.935	29.95	4.38	131.29	11.11	9.12	101.34	77.2	1	30.6
124.996	29.76	4.40	130.93	11.09	9.12	101.19	77.3	1	30.6
125.100	30.00	4.36	130.77	11.11	9.12	101.25	77.4	1	30.3
125.245	29.98	4.38	131.37	11.07	9.15	101.28	77.1	1	30.6
125.306	29.76	4.42	131.49	11.04	9.09	100.36	76.3	1	30.7
125.410	29.57	4.46	131.75	10.97	9.31	102.14	77.5	1	30.7
125.555	29.70	4.45	132.19	11.05	9.22	101.90	77.1	1	30.6
125.616	29.84	4.44	132.47	11.02	9.25	101.98	77.0	1	30.4
125.720	30.04	4.39	131.98	11.05	9.24	102.06	77.3	1	30.4
125.865	30.04	4.39	131.86	11.07	9.19	101.72	77.1	1	30.3
125.926	30.04	4.38	131.61	11.10	9.19	102.02	77.5	1	30.3
126.030	29.91	4.39	131.30	11.07	9.08	100.51	76.6	1	30.4
126.175	29.89	4.41	131.78	11.10	9.12	101.30	76.9	1	30.6
126.236	30.01	4.39	131.76	11.12	9.13	101.46	77.0	1	30.4
126.340	29.97	4.40	131.84	11.02	9.25	101.92	77.3	1	30.4
126.485	29.98	4.41	132.23	11.07	9.18	101.60	76.8	1	30.3
126.546	30.13	4.40	132.55	11.05	9.20	101.61	76.7	1	30.3
126.650	30.08	4.38	131.90	11.06	9.22	102.00	77.3	1	30.4
126.795	30.10	4.39	132.20	11.09	9.12	101.08	76.5	1	30.4
126.856	29.94	4.41	132.14	11.07	9.12	100.94	76.4	1	30.6
126.960	29.60	4.44	131.54	11.04	9.22	101.78	77.4	1	30.6
127.105	29.96	4.40	131.80	11.13	9.13	101.56	77.1	1	30.6
127.166	29.95	4.41	132.08	11.11	9.17	101.87	77.1	1	30.6
127.270	29.72	4.44	131.89	11.08	9.23	102.33	77.6	1	30.7
127.415	29.69	4.44	131.97	11.06	9.30	102.88	78.0	1	30.4
127.476	29.73	4.43	131.74	11.07	9.15	101.28	76.9	1	30.4
127.580	29.89	4.41	131.96	11.06	9.27	102.53	77.7	1	30.4
127.725	30.07	4.40	132.22	11.03	9.28	102.39	77.4	1	30.4
127.786	30.09	4.38	131.87	11.10	9.19	101.97	77.3	1	30.4
127.890	30.05	4.40	132.24	11.14	9.23	102.79	77.7	1	30.7
128.035	29.68	4.46	132.48	11.09	9.27	102.81	77.6	1	30.7
128.096	29.70	4.46	132.51	11.11	9.10	101.05	76.3	1	30.9
128.200	29.49	4.47	131.79	11.12	9.09	101.15	76.8	1	30.7
128.345	29.45	4.48	131.94	11.18	9.03	101.01	76.6	1	31.0
128.406	29.42	4.49	132.08	11.17	9.11	101.73	77.0	1	31.0
128.510	29.28	4.48	131.26	11.16	9.15	102.06	77.8	1	30.9
128.655	29.30	4.48	131.25	11.18	9.00	100.67	76.7	1	30.9
128.716	29.43	4.49	132.01	11.19	9.01	100.83	76.4	1	30.7
128.820	29.68	4.46	132.45	11.18	8.98	100.39	75.8	1	30.7
128.965	29.84	4.43	132.33	11.19	9.11	101.88	77.0	1	30.6
129.026	29.88	4.43	132.29	11.14	9.24	102.87	77.8	1	30.6
129.130	29.84	4.41	131.68	11.13	9.29	103.36	78.5	1	30.6
129.275	29.97	4.40	131.96	11.12	9.21	102.46	77.6	1	30.6
129.336	30.01	4.42	132.66	11.11	9.21	102.33	77.1	1	30.6
129.440	29.75	4.43	131.78	11.12	9.26	102.90	78.1	1	30.6
129.585	29.44	4.46	131.33	11.09	9.27	102.73	78.2	1	30.7
129.646	29.53	4.46	131.64	11.11	9.17	101.89	77.4	1	30.7
129.750	29.44	4.46	131.33	11.10	9.18	101.89	77.6	1	30.7
129.895	29.80	4.43	131.88	11.06	9.26	102.43	77.7	1	30.4
129.956	30.01	4.41	132.27	11.02	9.24	101.85	77.0	1	30.3
130.060	30.17	4.38	131.98	11.14	9.03	100.55	76.2	1	30.3
130.205	30.19	4.35	131.43	11.07	9.30	102.91	78.3	1	30.1
130.266	30.28	4.35	131.58	11.01	9.42	103.70	78.8	1	30.0
130.370	30.44	4.31	131.23	11.07	9.27	102.61	78.2	1	30.1
130.515	30.42	4.32	131.33	11.02	9.28	102.18	77.8	1	30.0
130.576	30.61	4.29	131.25	11.05	9.29	102.63	78.2	1	30.0
130.680	30.60	4.31	131.76	11.07	9.01	99.80	75.7	1	29.8
130.825	30.63	4.29	131.27	11.07	9.26	102.57	78.1	1	29.8
130.886	30.67	4.28	131.28	11.05	9.28	102.53	78.1	1	29.8
130.990	30.61	4.29	131.24	11.08	9.20	101.98	77.7	1	30.0
131.135	30.36	4.34	131.65	11.06	9.20	101.71	77.3	1	30.3
131.196	30.19	4.36	131.79	11.08	9.14	101.26	76.8	1	30.4
131.300	30.21	4.35	131.34	11.12	9.19	102.23	77.8	1	30.4
131.445	30.14	4.40	132.53	11.06	9.25	102.36	77.2	1	30.6
131.506	30.01	4.40	131.93	11.11	9.19	102.09	77.4	1	30.6
131.610	29.97	4.40	132.02	11.12	9.07	100.86	76.4	1	30.4
131.755	29.96	4.40	131.89	11.15	9.09	101.36	76.9	1	30.4
131.816	29.87	4.41	131.83	11.11	9.07	100.76	76.4	1	30.6
131.920	29.78	4.43	131.87	11.14	9.13	101.68	77.1	1	30.6
132.065	29.63	4.46	132.28	11.16	9.14	101.97	77.1	1	30.9
132.126	29.36	4.48	131.59	11.19	9.05	101.26	77.0	1	31.0
132.230	29.41	4.48	131.63	11.16	9.02	100.68	76.5	1	30.9
132.375	29.69	4.44	131.94	11.15	9.20	102.61	77.8	1	30.7
132.436	29.66	4.47	132.55	11.11	9.28	103.10	77.8	1	30.6
132.540	29.54	4.44	131.13	11.13	9.26	103.02	78.6	1	30.7
132.685	29.62	4.44	131.53	11.15	9.08	101.27	77.0	1	30.6
132.746	29.87	4.41	131.62	11.16	8.99	100.31	76.2	1	30.4
132.850	30.13	4.37	131.69	11.11	9.24	102.64	77.9	1	30.4
132.995	29.78	4.38	130.53	11.04	9.25	102.19	78.3	1	30.4
133.056	29.79	4.41	131.29	11.06	9.27	102.50	78.1	1	30.3
133.160	29.91	4.38	130.98	11.07	9.20	101.89	77.8	1	30.4
133.305	29.92	4.40	131.79	11.13	9.14	101.70	77.2	1	30.4
133.366	29.91	4.41	131.75	11.16	9.19	102.56	77.8	1	30.6
133.470	29.88	4.43	132.41	11.12	9.22	102.54	77.4	1	30.7
133.615	29.81	4.45	132.71	11.12	9.22	102.55	77.3	1	31.0
133.676	29.50	4.48	132.21	11.14	9.22	102.68	77.7	1	31.0
133.780	29.59	4.46	132.03	11.23	8.97	100.73	76.3	1	30.9
133.925	29.45	4.48	131.80	11.20	9.00	100.81	76.5	1	31.2
133.986	29.34	4.49	131.69	11.19	9.10	101.85	77.3	1	31.3
134.090	29.20	4.51	131.72	11.16	9.21	102.78	78.0	1	31.2
134.235	29.39	4.50	132.23	11.21	9.02	101.08	76.4	1	30.9
134.296	29.72	4.45	132.23	11.23	9.02	101.26	76.6	1	30.7
134.400	29.81	4.41	131.43	11.22	9.18	102.97	78.3	1	30.9
134.545	29.61	4.46	132.14	11.24	9.14	102.78	77.8	1	30.9
134.606	29.50	4.46	131.48	11.26	8.99	101.31	77.1	1	30.9
134.710	29.55	4.47	131.97	11.24	8.92	100.32	76.0	1	30.9
134.855	29.56	4.46	131.72	11.25	8.99	101.19	76.8	1	31.0
134.916	29.60	4.47	132.22	11.18	9.15	102.29	77.4	1	30.9
135.020	29.62	4.45	131.92	11.20	9.26	103.70	78.6	1	30.9
135.165	29.56	4.45	131.44	11.21	9.14	102.49	78.0	1	30.9
135.226	29.65	4.45	131.91	11.21	9.12	102.25	77.5	1	31.0
135.330	29.51	4.47	131.89	11.22	9.14	102.50	77.7	1	30.9
135.475	29.60	4.48	132.49	11.21	9.00	100.88	76.1	1	30.9
135.536	29.69	4.45	132.21	11.22	9.13	102.47	77.5	1	31.0
135.640	29.62	4.45	131.94	11.22	9.17	102.91	78.0	1	30.9
135.785	29.61	4.45	131.69	11.23	9.06	101.75	77.3	1	30.9
135.846	29.65	4.43	131.19	11.23	9.16	102.81	78.4	1	30.9
135.950	30.04	4.39	131.81	11.27	9.17	103.31	78.4	1	30.7
136.095	29.95	4.40	131.92	11.28	9.02	101.75	77.1	1	30.7
136.156	29.89	4.40	131.43	11.32	8.94	101.15	77.0	1	30.7
136.260	29.88	4.42	131.96	11.30	9.13	103.18	78.2	1	30.9
136.405	29.75	4.42	131.45	11.34	8.98	101.80	77.4	1	30.9
136.466	29.92	4.39	131.29	11.35	8.97	101.87	77.6	1	30.7
136.570	29.85	4.42	131.80	11.38	9.01	102.54	77.8	1	31.0
136.715	29.42	4.46	131.22	11.31	9.12	103.16	78.6	1	31.0
136.776	29.65	4.44	131.73	11.29	9.13	103.16	78.3	1	30.9
136.880	29.74	4.43	131.80	11.32	9.01	102.05	77.4	1	30.7
137.025	29.68	4.44	131.64	11.31	9.06	102.51	77.9	1	30.9
137.086	29.79	4.42	131.55	11.34	9.03	102.41	77.8	1	30.9
137.190	29.83	4.43	132.04	11.32	9.15	103.49	78.4	1	31.0
137.335	29.54	4.46	131.74	11.28	9.08	102.38	77.7	1	30.9
137.396	29.58	4.44	131.24	11.29	9.05	102.19	77.9	1	31.0
137.500	29.53	4.48	132.14	11.23	9.21	103.45	78.3	1	31.2
137.645	29.36	4.50	132.06	11.28	9.05	102.10	77.3	1	31.2
137.706	29.47	4.48	131.99	11.37	8.99	102.13	77.4	1	31.0
137.810	29.41	4.50	132.25	11.32	9.00	101.92	77.1	1	31.3
137.955	29.42	4.49	132.09	11.31	9.04	102.24	77.4	1	31.2
138.016	29.32	4.48	131.50	11.36	9.02	102.43	77.9	1	31.2
138.120	29.25	4.49	131.46	11.25	9.18	103.31	78.6	1	31.3
138.265	29.21	4.49	131.14	11.25	9.17	103.10	78.6	1	31.2
138.326	29.36	4.48	131.58	11.28	9.10	102.67	78.0	1	31.2
138.430	29.46	4.47	131.72	11.29	9.05	102.12	77.5	1	31.0
138.575	29.56	4.47	132.19	11.26	9.07	102.07	77.2	1	31.0
138.636	29.70	4.44	131.86	11.32	8.96	101.48	77.0	1	30.9
138.740	29.56	4.46	131.78	11.24	9.19	103.35	78.4	1	31.2
138.885	29.66	4.46	132.34	11.23	9.21	103.35	78.1	1	30.9
138.946	29.61	4.46	132.10	11.23	9.13	102.45	77.6	1	30.7
139.050	29.56	4.44	131.28	11.22	9.15	102.67	78.2	1	30.9
139.195	29.57	4.45	131.71	11.25	9.17	103.21	78.4	1	31.2
139.256	29.34	4.49	131.77	11.21	9.16	102.72	78.0	1	31.2
139.360	29.20	4.51	131.71	11.24	9.13	102.68	78.0	1	31.3
139.505	29.24	4.52	132.09	11.27	9.16	103.27	78.2	1	31.3
139.566	29.15	4.54	132.27	11.26	9.07	102.04	77.1	1	31.5
139.670	28.93	4.55	131.75	11.20	9.15	102.58	77.9	1	31.5
139.815	29.04	4.54	131.80	11.24	9.00	101.13	76.7	1	31.5
139.876	28.85	4.57	131.75	11.21	9.15	102.57	77.9	1	31.6
139.980	28.57	4.59	131.07	11.22	8.93	100.24	76.5	1	31.5
140.125	28.80	4.57	131.64	11.29	9.03	101.94	77.4	1	31.8
140.186	28.68	4.59	131.72	11.26	9.11	102.54	77.8	1	31.8
140.290	28.40	4.63	131.47	11.21	9.12	102.20	77.7	1	31.8
140.435	28.38	4.62	131.04	11.23	9.15	102.78	78.4	1	31.6
140.496	28.52	4.59	130.89	11.34	8.95	101.44	77.5	1	31.8
140.600	28.61	4.59	131.21	11.25	9.16	103.07	78.6	1	31.6
140.745	28.92	4.57	132.03	11.25	9.13	102.77	77.8	1	31.3
140.806	29.17	4.54	132.37	11.24	9.21	103.60	78.3	1	31.2
140.910	29.44	4.48	131.92	11.25	9.15	102.95	78.0	1	31.2
141.055	29.51	4.47	131.79	11.28	9.15	103.15	78.3	1	30.9
141.116	29.73	4.44	132.09	11.34	9.00	102.07	77.3	1	30.7
141.220	30.01	4.39	131.73	11.34	8.91	101.04	76.7	1	30.6
141.365	30.18	4.40	132.86	11.26	9.12	102.77	77.3	1	30.7
141.426	30.10	4.41	132.68	11.30	9.00	101.68	76.6	1	30.9
141.530	29.89	4.42	132.15	11.30	9.03	102.01	77.2	1	30.9
141.675	29.82	4.43	132.19	11.27	9.13	102.99	77.9	1	31.0
141.736	29.61	4.44	131.38	11.33	8.94	101.30	77.1	1	30.9
141.840	29.61	4.44	131.53	11.30	9.01	101.80	77.4	1	30.9
141.985	29.93	4.43	132.42	11.31	9.06	102.45	77.4	1	30.6
142.046	30.21	4.37	132.10	11.27	9.21	103.77	78.6	1	30.4
142.150	30.23	4.36	131.93	11.31	9.01	101.92	77.3	1	30.6
142.295	30.22	4.38	132.44	11.23	9.14	102.59	77.5	1	30.3
142.356	30.47	4.34	132.25	11.30	9.08	102.53	77.5	1	30.3
142.460	30.44	4.32	131.58	11.28	9.13	103.01	78.3	1	30.4
142.605	30.38	4.34	131.69	11.28	9.15	103.27	78.4	1	30.4
142.666	30.33	4.34	131.70	11.29	9.05	102.21	77.6	1	30.6
142.770	30.08	4.39	131.90	11.23	9.10	102.17	77.5	1	30.6
142.915	29.96	4.41	132.01	11.19	9.18	102.71	77.8	1	30.7
142.976	29.87	4.43	132.21	11.24	9.04	101.63	76.9	1	30.9
143.080	29.67	4.46	132.35	11.21	9.28	104.08	78.6	1	31.0
143.225	29.62	4.47	132.56	11.31	8.96	101.41	76.5	1	31.2
143.286	29.56	4.49	132.66	11.23	9.11	102.39	77.2	1	31.2
143.390	29.34	4.50	131.96	11.21	9.18	102.94	78.0	1	31.3
143.535	29.40	4.50	132.36	11.28	9.16	103.23	78.0	1	31.3
143.596	29.27	4.52	132.33	11.22	9.17	102.95	77.8	1	31.5
143.700	29.00	4.56	132.14	11.27	9.02	101.66	76.9	1	31.5
143.845	28.83	4.56	131.47	11.34	8.93	101.32	77.1	1	31.5
143.906	28.75	4.56	130.98	11.33	8.83	100.02	76.4	1	31.6
144.010	28.86	4.55	131.24	11.31	8.93	101.04	77.0	1	31.6
144.155	28.65	4.57	131.02	11.24	8.96	100.66	76.8	1	31.5
144.216	28.79	4.55	131.05	11.23	9.09	102.13	77.9	1	31.5
144.320	29.06	4.55	132.15	11.28	9.02	101.72	77.0	1	31.2
144.465	29.26	4.49	131.51	11.31	9.01	101.94	77.5	1	31.3
144.526	29.15	4.50	131.08	11.35	8.87	100.63	76.8	1	31.3
144.630	29.37	4.48	131.49	11.28	9.08	102.46	77.9	1	31.0
144.775	29.77	4.45	132.49	11.27	9.03	101.79	76.8	1	30.7
144.836	29.84	4.42	131.99	11.28	9.08	102.44	77.6	1	30.7
144.940	30.00	4.42	132.48	11.16	9.36	104.49	78.9	1	30.7
145.085	30.26	4.36	131.91	11.20	9.30	104.19	79.0	1	30.4
145.146	30.20	4.37	131.86	11.16	9.25	103.18	78.3	1	30.6
145.250	30.14	4.35	131.21	11.21	9.12	102.28	78.0	1	30.4
145.395	30.45	4.33	131.92	11.31	8.97	101.44	76.9	1	30.4
145.456	30.19	4.36	131.57	11.27	9.02	101.60	77.2	1	30.6
145.560	30.23	4.35	131.55	11.31	9.02	102.03	77.6	1	30.6
145.705	30.04	4.38	131.66	11.27	8.92	100.53	76.4	1	30.7
145.766	29.98	4.39	131.53	11.33	8.90	100.77	76.6	1	30.7
145.870	30.10	4.40	132.37	11.26	9.05	101.92	77.0	1	30.9
146.015	30.06	4.40	132.29	11.35	9.08	103.04	77.9	1	30.7
146.076	29.95	4.41	132.22	11.25	9.28	104.44	79.0	1	30.6
146.180	29.98	4.39	131.64	11.27	9.08	102.30	77.7	1	30.7
146.325	29.79	4.42	131.82	11.30	9.06	102.37	77.7	1	31.0
146.386	29.64	4.43	131.35	11.23	9.17	102.99	78.4	1	30.9
146.490	29.87	4.39	131.08	11.32	8.92	100.97	77.0	1	30.9
146.635	29.82	4.42	131.67	11.33	8.84	100.15	76.1	1	31.0
146.696	29.77	4.42	131.56	11.34	8.97	101.71	77.3	1	31.0
146.800	29.65	4.46	132.30	11.26	9.16	103.06	77.9	1	31.3
146.945	29.51	4.47	132.01	11.24	9.13	102.63	77.7	1	31.2
147.006	29.57	4.46	131.99	11.23	9.16	102.86	77.9	1	31.0
147.110	29.50	4.48	132.07	11.25	9.09	102.25	77.4	1	31.2
147.255	29.32	4.48	131.46	11.37	9.00	102.32	77.8	1	31.2
147.316	29.15	4.49	130.83	11.36	8.96	101.82	77.8	1	31.3
147.420	29.22	4.48	130.80	11.36	8.88	100.89	77.1	1	31.3
147.565	29.02	4.52	131.09	11.29	9.01	101.71	77.6	1	31.5
147.626	28.93	4.53	131.08	11.37	8.92	101.41	77.4	1	31.6
147.730	28.87	4.55	131.41	11.39	8.96	102.08	77.7	1	31.5
147.875	29.16	4.52	131.67	11.34	9.10	103.28	78.4	1	31.2
147.936	29.38	4.48	131.71	11.39	9.10	103.63	78.7	1	31.2
148.040	29.40	4.48	131.79	11.27	9.36	105.48	80.0	1	31.0
148.185	29.45	4.47	131.53	11.29	9.36	105.68	80.3	1	31.3
148.246	29.32	4.49	131.75	11.26	9.41	105.93	80.4	1	31.5
148.350	29.17	4.51	131.66	11.31	9.29	105.05	79.8	1	31.5
148.495	29.36	4.50	131.98	11.41	9.11	104.01	78.8	1	31.3
148.556	29.27	4.51	131.97	11.39	9.06	103.23	78.2	1	31.2
148.660	29.39	4.49	131.91	11.41	8.95	102.07	77.4	1	31.2
148.805	29.36	4.48	131.64	11.35	9.01	102.28	77.7	1	31.3
148.866	29.38	4.50	132.11	11.37	8.89	101.08	76.5	1	31.3
148.970	29.14	4.51	131.49	11.40	8.95	102.04	77.6	1	31.5
149.115	29.29	4.51	132.21	11.32	9.00	101.90	77.1	1	31.2
149.176	29.40	4.50	132.20	11.31	8.98	101.61	76.9	1	31.2
149.280	29.46	4.49	132.25	11.28	9.04	101.91	77.1	1	31.2
149.425	29.36	4.49	131.93	11.33	8.90	100.90	76.5	1	31.3
149.486	29.23	4.51	131.95	11.33	8.98	101.72	77.1	1	31.5
149.590	29.04	4.55	132.14	11.35	8.96	101.71	77.0	1	31.6
149.735	28.96	4.56	131.93	11.36	8.95	101.65	77.0	1	31.5
149.796	28.93	4.55	131.73	11.35	8.96	101.68	77.2	1	31.5
149.900	29.04	4.53	131.65	11.37	8.98	102.16	77.6	1	31.3
150.045	29.00	4.54	131.69	11.32	9.20	104.21	79.1	1	31.3
150.106	29.19	4.51	131.62	11.32	9.19	104.08	79.1	1	31.2
150.210	29.28	4.49	131.39	11.30	9.24	104.45	79.5	1	31.2
150.355	29.47	4.48	131.89	11.26	9.20	103.52	78.5	1	31.0
150.416	29.69	4.43	131.57	11.33	8.98	101.72	77.3	1	31.0
150.520	29.46	4.47	131.62	11.38	8.88	101.07	76.8	1	31.0
150.665	29.58	4.45	131.68	11.39	8.84	100.70	76.5	1	31.0
150.726	29.50	4.47	131.73	11.39	8.94	101.82	77.3	1	31.0
150.830	29.55	4.46	131.94	11.35	9.08	102.98	78.0	1	31.3
150.975	29.44	4.47	131.60	11.40	9.04	103.13	78.4	1	31.2
151.036	29.40	4.49	132.02	11.37	9.02	102.54	77.7	1	31.2
151.140	29.39	4.47	131.49	11.41	8.78	100.25	76.2	1	31.2
151.285	29.37	4.47	131.31	11.36	8.82	100.22	76.3	1	31.0
151.346	29.50	4.45	131.16	11.37	8.87	100.92	76.9	1	31.0
151.450	29.62	4.46	132.05	11.29	9.15	103.34	78.3	1	31.2
151.595	29.30	4.51	132.22	11.35	9.06	102.84	77.8	1	31.2
151.656	29.37	4.49	131.92	11.35	9.03	102.51	77.7	1	31.0
151.760	29.71	4.46	132.41	11.26	9.06	102.10	77.1	1	30.9
151.905	29.75	4.45	132.29	11.24	9.12	102.47	77.5	1	31.2
151.966	29.58	4.46	131.86	11.21	9.25	103.64	78.6	1	31.3
152.070	29.50	4.48	132.19	11.22	9.26	103.93	78.6	1	31.2
152.215	29.72	4.46	132.56	11.20	9.29	104.09	78.5	1	31.0
152.276	29.74	4.45	132.24	11.22	9.29	104.23	78.8	1	31.0
152.380	29.55	4.45	131.52	11.26	9.10	102.41	77.9	1	31.0
152.525	29.66	4.46	132.14	11.28	9.10	102.61	77.7	1	30.9
152.586	29.81	4.45	132.57	11.35	8.99	102.04	77.0	1	30.7
152.690	29.93	4.42	132.34	11.39	8.90	101.41	76.6	1	30.6
152.835	29.78	4.43	131.86	11.37	8.94	101.71	77.1	1	30.9
152.896	29.81	4.43	131.91	11.41	8.94	102.00	77.3	1	30.9
153.000	29.93	4.42	132.35	11.36	9.09	103.25	78.0	1	30.6
153.145	30.20	4.39	132.62	11.37	8.92	101.46	76.5	1	30.9
153.206	30.08	4.40	132.50	11.33	9.05	102.54	77.4	1	30.9
153.310	29.91	4.43	132.42	11.34	9.00	102.00	77.0	1	30.9
153.455	30.04	4.40	132.02	11.24	9.25	103.92	78.7	1	30.7
153.516	30.00	4.39	131.82	11.23	9.21	103.49	78.5	1	30.7
153.620	29.88	4.40	131.42	11.33	8.90	100.81	76.7	1	30.7
153.765	29.79	4.42	131.75	11.35	8.87	100.65	76.4	1	30.9
153.826	29.56	4.44	131.31	11.26	9.08	102.30	77.9	1	31.0
153.930	29.73	4.43	131.82	11.36	8.95	101.63	77.1	1	30.9
154.075	29.92	4.42	132.31	11.22	9.20	103.25	78.0	1	30.6
154.136	30.00	4.40	132.03	11.23	9.20	103.25	78.2	1	30.6
154.240	30.13	4.39	132.32	11.29	9.13	103.05	77.9	1	30.6
154.385	30.26	4.36	131.86	11.28	9.09	102.52	77.8	1	30.7
154.446	30.17	4.36	131.51	11.35	8.88	100.75	76.6	1	30.7
154.550	30.19	4.36	131.78	11.27	9.03	101.71	77.2	1	30.6
154.695	29.94	4.38	131.16	11.30	8.95	101.13	77.1	1	30.7
154.756	29.93	4.37	130.87	11.31	8.91	100.72	77.0	1	30.7
154.860	29.80	4.41	131.32	11.23	9.30	104.49	79.6	1	30.7
155.005	29.78	4.42	131.50	11.25	9.11	102.47	77.9	1	30.7
155.066	29.99	4.39	131.63	11.26	9.21	103.75	78.8	1	30.6
155.170	30.14	4.37	131.65	11.34	8.88	100.72	76.5	1	30.6
155.315	30.06	4.39	131.87	11.33	8.90	100.87	76.5	1	30.9
155.376	29.82	4.43	132.15	11.27	9.03	101.76	77.0	1	30.9
155.480	29.59	4.43	131.17	11.30	9.13	103.20	78.7	1	30.9
155.625	29.67	4.45	131.98	11.30	9.28	104.84	79.4	1	31.2
155.686	29.46	4.48	132.04	11.29	9.18	103.60	78.5	1	31.2
155.790	29.28	4.49	131.58	11.33	8.96	101.58	77.2	1	31.3
155.935	29.66	4.46	132.39	11.38	8.93	101.57	76.7	1	31.0
155.996	29.62	4.45	131.93	11.33	9.06	102.67	77.8	1	30.9
156.100	29.65	4.45	131.82	11.34	9.07	102.90	78.1	1	30.9
156.245	29.95	4.41	132.14	11.34	9.19	104.22	78.9	1	30.7
156.306	29.96	4.41	132.12	11.39	8.99	102.42	77.5	1	30.6
156.410	30.20	4.37	131.90	11.40	8.92	101.67	77.1	1	30.7
156.555	29.93	4.43	132.51	11.25	9.24	103.96	78.5	1	30.9
156.616	29.73	4.45	132.17	11.35	9.07	102.90	77.9	1	31.0
156.720	30.11	4.40	132.48	11.34	9.21	104.47	78.9	1	30.7
156.865	30.01	4.39	131.69	11.38	8.82	100.37	76.2	1	30.9
156.926	29.94	4.39	131.34	11.40	8.86	101.01	76.9	1	30.9
157.030	29.77	4.43	131.84	11.37	8.86	100.77	76.4	1	31.0
157.175	29.48	4.48	132.12	11.38	9.11	103.67	78.5	1	31.2
157.236	29.50	4.47	131.97	11.36	9.21	104.64	79.3	1	31.2
157.340	29.34	4.49	131.78	11.40	9.03	102.91	78.1	1	31.2
157.485	29.29	4.50	131.91	11.30	9.03	101.99	77.3	1	31.0
157.546	29.47	4.47	131.85	11.33	8.92	101.06	76.6	1	31.0
157.650	29.45	4.48	131.92	11.29	9.17	103.53	78.5	1	31.0
157.795	29.50	4.47	131.71	11.33	9.01	102.05	77.5	1	31.0
157.856	29.54	4.44	131.28	11.32	9.10	102.95	78.4	1	31.2
157.960	29.29	4.48	131.18	11.29	9.11	102.84	78.4	1	31.0
158.105	29.71	4.45	132.21	11.31	9.02	101.96	77.1	1	30.9
158.166	29.83	4.41	131.67	11.36	9.07	103.03	78.2	1	30.7
158.270	29.72	4.44	131.93	11.34	9.01	102.18	77.5	1	30.9
158.415	29.60	4.47	132.16	11.29	9.05	102.18	77.3	1	31.2
158.476	29.55	4.47	132.18	11.37	9.03	102.66	77.7	1	31.0
158.580	29.58	4.47	132.27	11.26	9.17	103.17	78.0	1	30.9
158.725	29.42	4.48	131.96	11.26	9.11	102.57	77.7	1	31.2
158.786	29.49	4.47	131.91	11.25	9.17	103.13	78.2	1	31.0
158.890	29.29	4.50	131.67	11.22	9.16	102.79	78.1	1	31.2
159.035	29.14	4.51	131.35	11.25	9.09	102.31	77.9	1	31.3
159.096	29.28	4.51	132.09	11.29	9.02	101.89	77.1	1	31.3
159.200	29.00	4.54	131.70	11.26	8.93	100.54	76.3	1	31.5
159.345	29.19	4.52	132.04	11.26	9.14	102.92	77.9	1	31.2
159.406	28.95	4.53	131.21	11.20	9.19	102.95	78.5	1	31.3
159.510	29.22	4.51	131.67	11.21	9.28	104.04	79.0	1	31.2
159.655	29.44	4.48	131.83	11.34	8.91	101.02	76.6	1	31.0
159.716	29.43	4.48	131.88	11.25	9.01	101.32	76.8	1	31.0
159.820	29.34	4.48	131.39	11.26	9.10	102.46	78.0	1	31.2
159.965	29.37	4.49	131.72	11.36	8.93	101.46	77.0	1	31.2
160.026	29.25	4.50	131.77	11.31	8.93	100.96	76.6	1	31.3
160.130	29.22	4.50	131.47	11.37	8.75	99.45	75.6	1	31.2
160.275	29.30	4.51	132.01	11.26	8.94	100.60	76.2	1	31.0
160.336	29.47	4.48	132.09	11.36	8.77	99.59	75.4	1	31.0
160.440	29.51	4.47	131.90	11.31	9.03	102.14	77.4	1	31.0
160.585	29.50	4.48	132.09	11.35	8.82	100.11	75.8	1	31.0
160.646	29.64	4.46	132.16	11.30	9.07	102.44	77.5	1	31.0
160.750	29.66	4.47	132.43	11.28	9.18	103.49	78.1	1	31.0
160.895	29.55	4.45	131.63	11.26	9.18	103.31	78.5	1	31.0
160.956	29.67	4.44	131.79	11.35	8.88	100.73	76.4	1	30.9
161.060	30.02	4.40	132.00	11.36	8.99	102.13	77.4	1	30.7
161.205	29.79	4.42	131.67	11.29	9.07	102.44	77.8	1	30.9
161.266	29.78	4.42	131.63	11.31	9.00	101.85	77.4	1	30.9
161.370	29.78	4.42	131.78	11.28	9.03	101.89	77.3	1	30.9
161.515	29.80	4.44	132.38	11.32	9.11	103.13	77.9	1	31.0
161.576	29.65	4.45	131.94	11.30	8.92	100.83	76.4	1	31.0
161.680	29.78	4.43	131.82	11.36	9.00	102.22	77.5	1	30.9
161.825	29.81	4.43	132.07	11.32	9.08	102.73	77.8	1	30.7
161.886	29.87	4.41	131.76	11.31	9.02	101.96	77.4	1	30.7
161.990	29.71	4.43	131.73	11.29	9.06	102.25	77.6	1	30.9
162.135	29.61	4.46	132.02	11.28	9.15	103.20	78.2	1	30.9
162.196	29.77	4.43	131.80	11.33	8.94	101.30	76.9	1	30.7
162.300	29.92	4.40	131.64	11.32	9.09	102.91	78.2	1	30.9
162.445	29.79	4.45	132.59	11.32	9.04	102.38	77.2	1	31.0
162.506	29.56	4.47	132.24	11.30	9.11	102.90	77.8	1	31.2
162.610	29.60	4.45	131.60	11.37	8.89	101.03	76.8	1	31.2
162.755	29.38	4.49	131.97	11.30	8.99	101.61	77.0	1	31.3
162.816	29.46	4.46	131.53	11.37	8.94	101.60	77.2	1	31.2
162.920	29.45	4.49	132.14	11.33	9.12	103.30	78.2	1	31.2
163.065	29.70	4.44	131.74	11.41	8.92	101.82	77.3	1	31.0
163.126	29.55	4.45	131.56	11.37	8.91	101.36	77.0	1	31.2
163.230	29.58	4.47	132.20	11.34	9.02	102.32	77.4	1	31.3
163.375	29.22	4.51	131.89	11.33	8.89	100.66	76.3	1	31.5
163.436	29.26	4.50	131.67	11.38	8.90	101.23	76.9	1	31.3
163.540	29.33	4.49	131.83	11.33	9.12	103.35	78.4	1	31.3
163.685	29.23	4.49	131.19	11.33	9.07	102.76	78.3	1	31.2
163.746	29.07	4.51	130.97	11.34	8.90	100.95	77.1	1	31.3
163.850	29.27	4.48	131.06	11.37	8.77	99.75	76.1	1	31.0
163.995	29.65	4.44	131.59	11.28	9.17	103.46	78.6	1	30.9
164.056	29.75	4.43	131.73	11.32	9.19	103.98	78.9	1	30.9
164.160	29.95	4.40	131.91	11.31	9.07	102.58	77.8	1	30.7
164.305	30.12	4.38	132.09	11.38	8.87	100.94	76.4	1	30.7
164.366	30.15	4.37	131.76	11.29	9.12	102.97	78.2	1	30.7
164.470	29.94	4.39	131.49	11.26	9.16	103.15	78.4	1	30.7
164.615	29.83	4.43	132.01	11.35	9.02	102.37	77.5	1	30.9
164.676	29.88	4.43	132.34	11.35	8.92	101.23	76.5	1	31.0
164.780	29.72	4.45	132.25	11.36	9.08	103.18	78.0	1	31.0
164.925	29.51	4.47	131.80	11.37	8.89	101.06	76.7	1	31.0
164.986	29.71	4.45	132.34	11.31	9.05	102.38	77.4	1	30.9
165.090	29.73	4.44	132.02	11.29	9.07	102.40	77.6	1	30.9
165.235	29.92	4.43	132.64	11.30	9.12	103.06	77.7	1	31.0
165.296	29.76	4.45	132.49	11.36	8.98	102.10	77.1	1	31.2
165.400	29.69	4.44	131.93	11.33	9.05	102.49	77.7	1	31.2
165.545	29.76	4.44	132.11	11.41	8.94	101.97	77.2	1	31.0
165.606	29.77	4.44	132.22	11.35	9.06	102.79	77.7	1	30.9
165.710	29.71	4.42	131.48	11.38	8.90	101.31	77.1	1	31.0
165.855	29.80	4.41	131.40	11.32	9.05	102.43	77.9	1	30.9
165.916	29.77	4.41	131.21	11.36	9.01	102.41	78.1	1	31.0
166.020	29.67	4.46	132.31	11.30	9.02	101.94	77.0	1	31.3
166.165	29.62	4.47	132.49	11.34	9.06	102.74	77.5	1	31.0
166.226	29.66	4.46	132.17	11.43	8.90	101.68	76.9	1	31.0
166.330	29.61	4.46	132.09	11.39	9.08	103.36	78.3	1	31.2
166.475	29.74	4.42	131.49	11.46	9.05	103.72	78.9	1	31.0
166.536	29.79	4.43	131.87	11.39	9.07	103.31	78.3	1	30.9
166.640	30.15	4.37	131.65	11.45	8.94	102.37	77.8	1	30.7
166.785	30.07	4.38	131.72	11.35	9.07	103.01	78.2	1	30.7
166.846	30.05	4.39	131.81	11.41	8.99	102.54	77.8	1	30.9
166.950	29.95	4.41	131.94	11.34	9.14	103.70	78.6	1	30.9
167.095	30.02	4.38	131.40	11.38	9.13	103.93	79.1	1	30.9
167.156	29.84	4.40	131.13	11.37	9.11	103.60	79.0	1	30.7
167.260	30.02	4.37	131.17	11.34	9.02	102.31	78.0	1	30.6
167.405	30.14	4.37	131.61	11.44	8.93	102.18	77.6	1	30.9
167.466	29.98	4.40	131.85	11.38	9.00	102.48	77.7	1	31.0
167.570	29.87	4.43	132.26	11.45	8.86	101.48	76.7	1	31.2
167.715	29.73	4.45	132.40	11.32	9.11	103.18	77.9	1	30.9
167.776	29.85	4.44	132.44	11.40	8.98	102.35	77.3	1	30.7
167.880	29.93	4.41	131.88	11.36	9.05	102.80	78.0	1	30.9
168.025	29.87	4.41	131.76	11.38	9.00	102.35	77.7	1	30.9
168.086	30.06	4.38	131.76	11.42	8.97	102.49	77.8	1	31.0
168.190	29.58	4.44	131.22	11.35	9.01	102.28	77.9	1	30.9
168.335	30.10	4.38	131.92	11.39	9.04	102.90	78.0	1	30.6
168.396	30.06	4.38	131.74	11.36	8.96	101.77	77.2	1	30.6
168.500	30.21	4.34	131.00	11.41	9.03	102.99	78.6	1	30.6
168.645	30.03	4.39	131.84	11.38	9.00	102.48	77.7	1	30.9
168.706	29.95	4.41	132.08	11.36	8.95	101.68	77.0	1	30.9
168.810	29.86	4.41	131.72	11.38	9.01	102.48	77.8	1	31.0
168.955	29.98	4.41	132.20	11.42	8.98	102.62	77.6	1	31.0
169.016	29.80	4.43	132.04	11.42	9.05	103.40	78.3	1	31.2
169.120	29.80	4.43	131.98	11.38	9.14	104.01	78.8	1	30.9
169.265	29.86	4.42	132.05	11.36	9.12	103.63	78.5	1	31.0
169.326	29.94	4.42	132.20	11.42	8.94	102.12	77.2	1	31.0
169.430	29.70	4.46	132.32	11.37	8.96	101.91	77.0	1	31.2
169.575	29.77	4.42	131.65	11.44	9.03	103.27	78.4	1	31.2
169.636	29.61	4.43	131.09	11.37	8.95	101.68	77.6	1	31.0
169.740	29.77	4.43	131.84	11.40	9.07	103.40	78.4	1	31.3
169.885	29.43	4.48	131.91	11.45	9.01	103.12	78.2	1	31.3
169.946	29.36	4.49	131.83	11.40	9.06	103.26	78.3	1	31.3
170.050	29.26	4.50	131.58	11.44	8.99	102.79	78.1	1	31.5
170.195	29.47	4.49	132.21	11.42	9.02	103.03	77.9	1	31.3
170.256	29.42	4.48	131.87	11.43	8.98	102.72	77.9	1	31.2
170.360	29.49	4.47	131.95	11.41	9.04	103.13	78.2	1	31.5
170.505	29.09	4.49	130.76	11.41	9.04	103.17	78.9	1	31.3
170.566	29.28	4.48	131.08	11.49	8.80	101.17	77.2	1	31.3
170.670	29.60	4.45	131.79	11.40	9.05	103.16	78.3	1	31.0
170.815	29.88	4.42	132.03	11.45	8.93	102.22	77.4	1	31.0
170.876	29.68	4.44	131.74	11.39	9.02	102.74	78.0	1	31.2
170.980	29.72	4.44	131.91	11.44	8.87	101.52	77.0	1	31.0
171.125	29.96	4.41	132.07	11.38	9.00	102.49	77.6	1	30.7
171.186	30.02	4.39	131.76	11.43	8.97	102.47	77.8	1	30.7
171.290	29.82	4.40	131.21	11.35	8.98	101.91	77.7	1	30.7
171.435	30.34	4.33	131.34	11.40	8.88	101.28	77.1	1	30.6
171.496	30.19	4.35	131.27	11.38	8.88	101.11	77.0	1	30.6
171.600	30.23	4.32	130.73	11.42	8.85	101.09	77.3	1	30.6
171.745	30.20	4.37	131.95	11.41	8.95	102.12	77.4	1	30.9
171.806	29.89	4.41	131.71	11.40	8.88	101.23	76.9	1	31.0
171.910	29.82	4.40	131.20	11.44	8.74	100.07	76.3	1	31.0
172.055	29.81	4.41	131.59	11.33	8.84	100.13	76.1	1	30.7
172.116	29.98	4.38	131.24	11.36	8.80	100.02	76.2	1	30.9
172.220	29.68	4.40	130.65	11.37	8.79	99.99	76.5	1	31.0
172.365	29.65	4.40	130.60	11.41	8.72	99.53	76.2	1	30.7
172.426	29.80	4.39	130.85	11.44	8.79	100.55	76.8	1	30.7
172.530	29.96	4.38	131.22	11.38	8.98	102.17	77.9	1	30.6
172.675	30.31	4.32	130.89	11.29	9.25	104.40	79.8	1	30.6
172.736	30.37	4.34	131.66	11.23	9.26	103.96	79.0	1	30.6
172.840	30.20	4.35	131.44	11.33	9.05	102.49	78.0	1	30.7
172.985	29.94	4.38	131.22	11.34	9.05	102.63	78.2	1	30.7
173.046	30.01	4.37	131.20	11.38	9.00	102.43	78.1	1	30.6
173.150	30.12	4.37	131.70	11.34	9.05	102.69	78.0	1	30.6
173.295	30.22	4.34	131.16	11.22	9.28	104.06	79.3	1	30.4
173.356	30.34	4.33	131.36	11.29	9.22	104.07	79.2	1	30.6
173.460	30.04	4.38	131.45	11.19	9.43	105.54	80.3	1	30.7
173.605	30.06	4.36	131.16	11.26	9.16	103.13	78.6	1	30.7
173.666	29.99	4.38	131.42	11.27	9.11	102.66	78.1	1	30.7
173.770	29.97	4.39	131.53	11.37	8.92	101.41	77.1	1	30.9
173.915	29.97	4.40	131.91	11.39	9.11	103.76	78.7	1	31.0
173.976	29.76	4.42	131.49	11.33	9.11	103.30	78.6	1	31.0
174.080	29.83	4.40	131.34	11.42	8.82	100.76	76.7	1	30.9
174.225	30.03	4.40	132.17	11.34	9.10	103.18	78.1	1	30.7
174.286	30.21	4.37	132.12	11.40	8.99	102.55	77.6	1	30.6
174.390	30.16	4.39	132.29	11.34	9.17	104.03	78.6	1	30.6
174.535	30.06	4.38	131.79	11.40	8.86	100.97	76.6	1	30.7
174.596	29.97	4.40	131.95	11.35	8.83	100.20	75.9	1	30.7
174.700	30.02	4.38	131.57	11.31	8.89	100.52	76.4	1	30.6
174.845	30.14	4.36	131.50	11.31	9.12	103.13	78.4	1	30.7
174.906	30.12	4.39	132.26	11.35	9.05	102.70	77.7	1	30.7
175.010	29.98	4.37	131.11	11.35	9.03	102.41	78.1	1	30.7
175.155	29.96	4.38	131.16	11.45	8.77	100.44	76.6	1	30.7
175.216	30.15	4.35	131.02	11.41	8.99	102.57	78.3	1	30.7
175.320	30.10	4.39	132.10	11.34	9.06	102.80	77.8	1	30.7
175.465	30.12	4.36	131.28	11.43	9.02	103.06	78.5	1	30.7
175.526	30.13	4.37	131.68	11.40	8.87	101.16	76.8	1	30.7
175.630	30.16	4.36	131.52	11.44	8.90	101.87	77.5	1	30.7
175.775	29.90	4.40	131.47	11.36	8.98	102.06	77.6	1	31.0
175.836	29.92	4.40	131.60	11.44	8.92	102.08	77.6	1	31.0
175.940	29.80	4.42	131.85	11.43	8.98	102.60	77.8	1	31.2
176.085	29.72	4.43	131.62	11.47	8.91	102.18	77.6	1	31.0
176.146	29.83	4.40	131.29	11.44	8.91	101.92	77.6	1	30.9
176.250	29.91	4.40	131.65	11.45	8.99	102.91	78.2	1	31.2
176.395	29.83	4.43	132.24	11.44	8.97	102.62	77.6	1	31.3
176.456	29.53	4.48	132.37	11.42	9.02	103.09	77.9	1	31.5
176.560	29.39	4.48	131.74	11.47	8.77	100.63	76.4	1	31.3
176.705	29.59	4.46	132.08	11.46	8.98	102.97	78.0	1	31.2
176.766	29.71	4.44	131.92	11.48	8.94	102.68	77.8	1	31.3
176.870	29.63	4.44	131.59	11.42	9.02	103.00	78.3	1	31.2
177.015	29.54	4.45	131.55	11.49	8.88	102.06	77.6	1	31.3
177.076	29.47	4.48	131.98	11.45	8.94	102.26	77.5	1	31.3
177.180	29.45	4.49	132.25	11.53	8.82	101.61	76.8	1	31.5
177.325	29.44	4.50	132.42	11.45	8.96	102.65	77.5	1	31.5
177.386	29.43	4.49	132.06	11.50	9.00	103.42	78.3	1	31.6
177.490	29.24	4.50	131.72	11.46	8.92	102.26	77.6	1	31.5
177.635	29.38	4.50	132.07	11.57	8.87	102.63	77.7	1	31.6
177.696	29.03	4.54	131.84	11.39	9.06	103.17	78.3	1	31.8
177.800	29.04	4.52	131.22	11.44	8.93	102.25	77.9	1	31.8
177.945	28.87	4.56	131.63	11.42	8.97	102.49	77.9	1	31.8
178.006	28.89	4.55	131.47	11.41	8.98	102.54	78.0	1	31.8
178.110	28.70	4.56	130.81	11.36	9.00	102.20	78.1	1	31.6
178.255	28.67	4.54	130.10	11.32	9.08	102.78	79.0	1	31.6
178.316	28.50	4.57	130.13	11.31	8.90	100.67	77.4	1	31.8
178.420	28.76	4.57	131.55	11.45	8.84	101.19	76.9	1	32.1
178.565	28.45	4.60	130.88	11.36	8.84	100.44	76.7	1	32.1
178.626	28.47	4.60	130.96	11.42	8.87	101.28	77.3	1	31.9
178.730	28.48	4.59	130.66	11.36	9.03	102.56	78.5	1	31.8
178.875	28.59	4.58	130.86	11.42	8.89	101.50	77.6	1	31.9
178.936	28.66	4.56	130.84	11.41	8.84	100.89	77.1	1	31.8
179.040	28.78	4.55	130.92	11.44	8.97	102.63	78.4	1	31.8
179.185	28.51	4.58	130.57	11.38	8.88	100.98	77.3	1	31.9
179.246	28.62	4.57	130.85	11.42	8.94	102.09	78.0	1	31.9
179.350	28.55	4.60	131.28	11.36	8.98	102.03	77.7	1	32.1
179.495	28.48	4.60	131.10	11.37	9.09	103.36	78.8	1	31.9
179.556	28.57	4.59	131.13	11.36	8.87	100.79	76.9	1	31.8
179.660	28.80	4.56	131.25	11.45	8.92	102.18	77.9	1	31.8
179.805	29.12	4.54	132.35	11.39	9.03	102.87	77.7	1	31.5
179.866	29.31	4.50	131.89	11.43	9.02	103.08	78.2	1	31.3
179.970	29.36	4.48	131.68	11.44	8.88	101.54	77.1	1	31.3
180.115	29.34	4.49	131.61	11.52	8.89	102.42	77.8	1	31.6
180.176	29.01	4.53	131.36	11.43	8.96	102.39	77.9	1	31.6
180.280	29.07	4.51	131.09	11.51	8.83	101.67	77.6	1	31.6
180.425	29.05	4.52	131.21	11.44	8.93	102.13	77.8	1	31.6
180.486	29.04	4.53	131.43	11.48	8.94	102.60	78.1	1	31.8
180.590	28.74	4.58	131.53	11.36	9.04	102.75	78.1	1	32.1
180.735	28.56	4.58	130.66	11.41	8.86	101.15	77.4	1	32.1
180.796	28.34	4.60	130.34	11.39	8.83	100.56	77.2	1	31.9
180.900	28.57	4.58	130.78	11.32	9.05	102.42	78.3	1	31.8
181.045	28.84	4.55	131.31	11.40	8.91	101.57	77.3	1	31.8
181.106	28.80	4.56	131.26	11.37	8.84	100.53	76.6	1	31.9
181.210	28.60	4.58	130.95	11.41	8.89	101.39	77.4	1	31.8
181.355	28.59	4.57	130.75	11.37	8.95	101.74	77.8	1	31.8
181.416	28.74	4.56	131.03	11.36	9.06	102.88	78.5	1	31.8
181.520	28.69	4.57	130.96	11.34	8.97	101.74	77.7	1	31.8
181.665	28.79	4.57	131.43	11.41	8.97	102.29	77.8	1	31.8
181.726	28.69	4.57	131.18	11.34	9.01	102.14	77.9	1	31.6
181.830	29.01	4.54	131.73	11.43	8.87	101.47	77.0	1	31.6
181.975	29.13	4.51	131.46	11.41	8.97	102.33	77.8	1	31.5
182.036	29.34	4.51	132.17	11.43	9.01	102.91	77.9	1	31.5
182.140	29.17	4.51	131.61	11.33	9.20	104.16	79.1	1	31.5
182.285	29.17	4.51	131.70	11.41	8.89	101.46	77.0	1	31.3
182.346	29.31	4.49	131.59	11.36	8.91	101.28	77.0	1	31.2
182.450	29.61	4.44	131.40	11.45	8.85	101.37	77.1	1	31.0
182.595	29.46	4.48	131.95	11.42	9.16	104.61	79.3	1	31.3
182.656	29.46	4.47	131.67	11.48	8.98	103.05	78.3	1	31.3
182.760	29.62	4.45	131.80	11.43	9.05	103.49	78.5	1	31.0
182.905	29.79	4.45	132.46	11.45	8.89	101.84	76.9	1	31.3
182.966	29.57	4.48	132.41	11.38	9.10	103.53	78.2	1	31.3
183.070	29.52	4.46	131.73	11.43	9.08	103.74	78.8	1	31.2
183.215	29.55	4.47	131.98	11.41	9.02	102.90	78.0	1	31.3
183.276	29.47	4.47	131.79	11.46	8.90	101.98	77.4	1	31.5
183.380	29.28	4.47	130.93	11.39	9.03	102.85	78.6	1	31.5
183.525	28.95	4.53	131.04	11.40	8.95	102.04	77.9	1	31.5
183.586	29.05	4.51	131.04	11.42	8.97	102.41	78.2	1	31.5
183.690	28.90	4.52	130.71	11.39	8.98	102.31	78.3	1	31.6
887.110	39.35	0.12	4.79	0.00	0.23	0.00	0.0	1	34.1
887.170	24.82	2.33	57.88	1.60	3.25	5.19	9.0	1	49.1
887.273	10.98	4.02	44.18	1.92	3.78	7.28	16.5	1	52.5
887.417	9.78	4.64	45.41	3.31	6.39	21.14	46.6	1	30.0
887.477	13.24	4.11	54.41	3.79	7.28	27.62	50.8	1	25.0
887.581	25.39	2.79	70.88	4.18	8.19	34.27	48.4	1	10.0
887.726	34.94	1.41	49.32	3.52	7.08	24.96	50.6	1	10.0
887.786	36.03	1.26	45.51	3.47	7.10	24.64	54.1	1	14.0
887.890	35.20	1.92	67.60	4.41	9.06	39.94	59.1	1	18.0
888.035	34.37	2.36	81.21	5.44	9.64	52.47	64.6	1	18.0
888.095	34.80	2.26	78.59	5.79	9.14	52.94	67.4	1	17.9
888.199	35.67	2.01	71.53	6.35	7.95	50.44	70.5	1	18.0
888.344	36.38	1.71	62.08	6.78	6.72	45.56	73.4	1	18.0
888.404	34.28	2.07	71.02	7.27	6.93	50.36	70.9	1	30.5
888.508	18.57	3.71	68.85	7.03	5.70	40.04	58.1	1	55.0
888.653	12.35	4.45	54.99	6.73	5.35	35.98	65.4	1	40.0
888.713	13.33	4.26	56.85	6.90	5.64	38.94	68.5	1	32.5
888.817	23.53	3.45	81.15	7.91	6.82	53.95	66.5	1	22.5
888.962	35.30	1.30	46.02	5.81	4.11	23.89	51.9	1	20.0
889.022	33.23	2.05	68.12	6.75	6.13	41.33	60.7	1	25.0
889.125	33.95	2.17	73.51	7.69	6.57	50.58	68.8	1	21.0
889.270	26.81	2.92	78.40	8.64	6.51	56.23	71.7	1	33.0
889.330	25.11	3.05	76.52	8.77	6.51	57.14	74.7	1	29.0
889.434	26.89	3.10	83.34	9.23	6.99	64.50	77.4	1	29.0
889.579	28.55	3.09	88.24	10.04	6.40	64.27	72.8	1	29.3
889.639	28.71	3.09	88.66	10.12	6.66	67.37	76.0	1	29.5
889.743	29.02	3.09	89.66	10.34	6.65	68.81	76.7	1	29.8
889.888	29.10	3.09	89.99	10.56	6.72	70.92	78.8	1	30.1
889.948	29.09	3.09	89.86	10.68	6.62	70.66	78.6	1	29.9
890.052	29.20	3.08	89.87	10.78	6.54	70.55	78.5	1	30.1
890.197	29.18	3.09	90.21	10.84	6.54	70.91	78.6	1	30.2
890.257	29.23	3.08	89.98	10.85	6.64	72.02	80.0	1	30.2
890.361	29.19	3.08	89.92	10.91	6.55	71.41	79.4	1	30.2
890.506	29.33	3.07	89.93	10.90	6.56	71.45	79.5	1	30.1
890.566	29.57	3.06	90.56	10.91	6.62	72.21	79.7	1	29.9
890.670	29.69	3.06	90.78	10.90	6.41	69.85	76.9	1	29.6
890.815	30.37	3.02	91.67	10.95	6.53	71.56	78.1	1	29.3
890.875	30.61	3.01	92.18	10.97	6.53	71.60	77.7	1	29.1
890.979	30.63	2.98	91.34	11.05	6.48	71.55	78.3	1	29.3
891.124	31.09	2.96	91.98	11.07	6.55	72.46	78.8	1	29.1
891.184	31.17	2.95	92.03	11.07	6.58	72.87	79.2	1	29.0
891.288	31.26	2.94	91.97	11.09	6.63	73.50	79.9	1	28.8
891.433	31.42	2.93	91.94	11.09	6.60	73.22	79.6	1	29.1
891.493	31.30	2.94	91.93	11.12	6.55	72.91	79.3	1	29.1
891.597	31.07	2.96	91.88	11.09	6.55	72.62	79.0	1	29.1
891.742	30.91	2.98	92.18	11.06	6.65	73.55	79.8	1	29.1
891.802	30.99	2.96	91.75	11.07	6.59	72.93	79.5	1	29.0
891.906	30.88	2.97	91.70	11.09	6.57	72.82	79.4	1	29.1
892.051	31.06	2.95	91.74	11.06	6.42	71.01	77.4	1	28.8
892.111	30.98	2.96	91.71	10.95	6.66	72.89	79.5	1	28.8
892.215	31.24	2.95	92.19	10.95	6.63	72.62	78.8	1	28.7
892.360	31.27	2.96	92.42	10.93	6.69	73.15	79.2	1	28.7
892.420	31.25	2.95	92.25	10.95	6.65	72.81	78.9	1	28.7
892.524	31.12	2.96	92.10	10.85	6.67	72.34	78.5	1	28.7
892.669	31.20	2.96	92.22	10.88	6.78	73.82	80.0	1	28.7
892.729	31.22	2.95	92.09	10.84	6.66	72.18	78.4	1	28.5
892.833	30.98	2.96	91.80	10.79	6.70	72.36	78.8	1	28.5
892.978	31.30	2.94	92.04	10.86	6.59	71.52	77.7	1	28.4
893.038	31.22	2.93	91.62	10.75	6.68	71.78	78.3	1	28.5
893.142	31.25	2.94	91.88	10.76	6.75	72.59	79.0	1	28.5
893.287	31.05	2.97	92.15	10.70	6.63	71.01	77.1	1	28.7
893.347	31.02	2.97	92.04	10.68	6.71	71.67	77.9	1	28.8
893.451	30.74	2.98	91.55	10.66	6.75	71.97	78.6	1	28.7
893.596	30.46	3.00	91.32	10.56	6.74	71.18	77.9	1	28.7
893.656	30.38	3.01	91.36	10.56	6.62	69.91	76.5	1	28.7
893.760	30.37	3.00	91.22	10.56	6.68	70.54	77.3	1	28.7
893.905	30.17	3.03	91.47	10.58	6.60	69.81	76.3	1	28.8
893.965	29.99	3.04	91.08	10.53	6.71	70.69	77.6	1	29.0
894.069	29.94	3.04	90.92	10.52	6.77	71.19	78.3	1	28.8
894.214	30.16	3.03	91.39	10.43	6.86	71.59	78.3	1	28.7
894.274	30.21	3.03	91.40	10.42	6.81	70.98	77.7	1	28.7
894.378	30.10	3.03	91.28	10.39	6.82	70.90	77.7	1	28.7
894.523	29.76	3.03	90.32	10.35	6.85	70.91	78.5	1	28.7
894.583	29.95	3.03	90.60	10.38	6.75	70.04	77.3	1	28.5
894.687	30.25	3.02	91.50	10.40	6.83	71.02	77.6	1	28.4
894.832	30.12	3.03	91.12	10.33	6.78	70.06	76.9	1	28.4
894.892	30.34	3.01	91.28	10.30	6.81	70.19	76.9	1	28.2
894.996	30.46	3.00	91.37	10.29	6.89	70.87	77.6	1	28.2
895.141	30.58	2.99	91.47	10.38	6.78	70.36	76.9	1	28.2
895.201	30.62	3.00	91.72	10.32	6.87	70.92	77.3	1	28.1
895.305	30.44	2.99	91.06	10.31	6.93	71.50	78.5	1	28.2
895.450	30.27	3.01	91.09	10.27	6.92	71.07	78.0	1	28.4
895.510	30.23	3.02	91.25	10.15	7.12	72.29	79.2	1	28.2
895.614	30.36	3.02	91.59	10.25	6.66	68.31	74.6	1	28.2
895.759	30.21	3.02	91.13	10.19	6.78	69.11	75.8	1	28.2
895.819	30.26	3.02	91.31	10.11	7.07	71.53	78.3	1	28.2
895.923	29.70	3.05	90.52	9.98	7.47	74.59	82.4	1	28.2
896.068	29.17	3.08	89.90	10.15	6.41	65.03	72.3	1	28.4
896.128	29.14	3.08	89.74	10.15	6.24	63.40	70.6	1	28.5
896.232	28.96	3.09	89.35	10.18	6.12	62.34	69.8	1	28.4
896.377	29.10	3.09	89.81	9.83	7.18	70.60	78.6	1	28.4
896.437	29.28	3.08	90.10	9.84	7.08	69.72	77.4	1	28.2
896.541	29.82	3.06	91.12	9.89	6.96	68.90	75.6	1	27.9
896.686	29.72	3.05	90.71	9.88	6.99	69.09	76.2	1	27.9
896.746	29.97	3.04	91.26	9.83	7.13	70.10	76.8	1	27.8
896.850	29.83	3.04	90.73	9.77	7.15	69.88	77.0	1	27.9
896.995	29.54	3.07	90.59	9.77	7.15	69.84	77.1	1	28.2
897.055	29.48	3.07	90.47	9.79	7.14	69.85	77.2	1	28.1
897.159	29.10	3.07	89.41	9.76	7.02	68.47	76.6	1	28.1
897.304	29.48	3.06	90.32	9.72	7.13	69.38	76.8	1	27.8
897.364	29.50	3.05	90.07	9.71	7.19	69.75	77.4	1	27.8
897.468	29.43	3.07	90.42	9.68	7.21	69.80	77.2	1	28.1
897.613	29.07	3.10	90.04	9.61	7.01	67.39	74.8	1	28.1
897.673	28.85	3.09	89.29	9.57	7.10	67.94	76.1	1	28.2
897.777	28.71	3.11	89.21	9.50	7.20	68.41	76.7	1	28.2
897.922	28.92	3.10	89.56	9.53	7.11	67.69	75.6	1	28.1
897.982	28.76	3.10	89.19	9.46	7.30	69.06	77.4	1	28.1
898.086	28.68	3.11	89.08	9.48	7.08	67.10	75.3	1	28.1
898.231	28.50	3.10	88.41	9.41	7.14	67.21	76.0	1	28.1
898.291	28.59	3.11	88.81	9.45	7.20	68.03	76.6	1	27.9
898.394	28.31	3.11	88.12	9.39	7.01	65.76	74.6	1	28.1
898.539	28.32	3.12	88.26	9.28	7.24	67.20	76.1	1	28.1
898.599	28.35	3.11	88.21	9.37	7.09	66.41	75.3	1	28.2
898.703	28.16	3.11	87.67	9.25	7.15	66.13	75.4	1	28.2
898.848	27.98	3.13	87.50	9.22	7.19	66.25	75.7	1	28.2
898.908	27.91	3.12	87.11	9.23	7.10	65.57	75.3	1	28.1
899.012	28.25	3.11	87.85	9.32	7.07	65.84	74.9	1	27.9
899.157	28.75	3.10	89.02	9.30	7.24	67.36	75.7	1	27.6
899.217	28.71	3.09	88.75	9.22	7.42	68.40	77.1	1	27.5
899.321	29.30	3.05	89.22	9.38	7.26	68.14	76.4	1	27.3
899.465	29.88	3.04	90.74	9.45	7.38	69.70	76.8	1	27.2
899.525	29.94	3.03	90.85	9.43	7.42	69.95	77.0	1	27.0
899.629	30.08	3.02	90.85	9.37	7.53	70.55	77.7	1	26.7
899.774	30.23	3.00	90.73	9.38	7.53	70.58	77.8	1	26.7
899.834	30.42	2.98	90.76	9.43	7.45	70.28	77.4	1	26.7
899.938	30.41	2.99	90.83	9.40	7.49	70.41	77.5	1	26.7
900.083	30.25	3.01	90.95	9.38	7.42	69.56	76.5	1	26.7
900.143	30.22	3.01	90.90	9.38	7.31	68.63	75.5	1	26.7
900.247	30.31	3.01	91.27	9.35	7.48	69.89	76.6	1	26.6
900.392	30.90	2.97	91.88	9.39	7.42	69.69	75.8	1	26.3
900.452	30.97	2.97	91.84	9.36	7.45	69.73	75.9	1	26.3
900.556	31.09	2.96	91.88	9.41	7.39	69.53	75.7	1	26.3
900.701	30.98	2.97	91.99	9.37	7.33	68.65	74.6	1	26.3
900.761	30.77	2.99	91.86	9.27	7.47	69.26	75.4	1	26.3
900.865	30.56	2.99	91.49	9.21	7.54	69.45	75.9	1	26.4
901.010	30.76	2.98	91.78	9.21	7.50	69.16	75.4	1	26.1
901.070	30.69	2.98	91.33	9.20	7.46	68.61	75.1	1	26.1
901.173	30.72	2.98	91.56	9.16	7.64	69.98	76.4	1	26.4
901.318	30.41	3.00	91.26	9.16	7.40	67.75	74.2	1	26.3
901.378	30.28	3.00	90.99	9.05	7.64	69.16	76.0	1	26.3
901.482	30.57	2.99	91.39	9.17	7.49	68.70	75.2	1	26.3
901.627	30.31	3.00	91.06	9.09	7.65	69.59	76.4	1	26.4
901.687	29.99	3.03	90.74	9.00	7.64	68.81	75.8	1	26.4
901.791	30.22	3.01	90.97	9.05	7.72	69.89	76.8	1	26.1
901.935	30.77	2.98	91.63	9.10	7.60	69.11	75.4	1	25.8
901.995	30.77	2.97	91.45	8.98	7.91	71.05	77.7	1	25.8
902.099	30.65	2.98	91.33	9.03	7.39	66.66	73.0	1	25.8
902.244	30.99	2.96	91.62	8.93	8.07	72.07	78.7	1	25.7
902.304	30.65	2.98	91.39	8.86	7.75	68.71	75.2	1	25.8
902.408	31.03	2.96	91.75	9.07	7.19	65.19	71.1	1	25.5
902.553	31.20	2.95	91.97	8.91	7.85	69.91	76.0	1	25.5
902.613	30.70	2.97	91.29	8.83	7.80	68.87	75.4	1	25.5
902.717	30.52	3.00	91.61	8.80	7.78	68.42	74.7	1	25.8
902.862	30.95	2.95	91.37	8.96	7.95	71.24	78.0	1	25.7
902.922	30.83	2.96	91.34	8.99	7.64	68.74	75.2	1	25.7
903.026	30.87	2.97	91.72	8.93	7.50	66.97	73.0	1	25.7
903.171	30.95	2.96	91.68	8.81	8.30	73.15	79.8	1	25.5
903.231	31.32	2.93	91.84	8.97	8.03	71.99	78.4	1	25.7
903.335	30.75	2.98	91.76	9.12	6.89	62.85	68.5	1	25.8
903.480	30.09	3.02	90.88	8.76	7.68	67.23	74.0	1	25.8
903.540	30.02	3.03	91.04	8.75	7.36	64.37	70.7	1	25.8
903.644	29.61	3.06	90.50	8.57	7.93	67.93	75.1	1	25.7
903.789	30.82	2.98	91.76	8.70	7.97	69.34	75.6	1	25.4
903.849	31.03	2.96	91.73	8.81	7.72	67.98	74.1	1	25.2
903.952	31.30	2.94	92.15	8.89	8.11	72.14	78.3	1	25.1
904.097	32.35	2.82	91.09	8.94	8.34	74.54	81.8	1	25.1
904.157	32.59	2.78	90.77	9.15	7.74	70.77	78.0	1	25.1
904.261	32.18	2.83	91.18	9.27	6.66	61.74	67.7	1	25.4
904.406	30.83	2.97	91.67	8.81	7.61	67.07	73.2	1	25.4
904.466	30.94	2.97	91.85	8.75	7.75	67.83	73.9	1	25.2
904.570	30.82	2.97	91.50	8.76	7.28	63.75	69.7	1	25.1
904.714	30.84	2.98	91.95	8.46	8.54	72.28	78.6	1	25.2
904.774	31.08	2.95	91.54	8.60	8.31	71.46	78.1	1	25.4
904.878	31.52	2.90	91.40	8.84	7.76	68.63	75.1	1	25.2
905.023	31.66	2.89	91.54	8.98	7.42	66.65	72.8	1	25.2
905.083	31.40	2.91	91.35	9.03	7.37	66.48	72.8	1	25.4
905.187	31.00	2.94	91.27	9.03	7.41	66.90	73.3	1	25.4
905.332	30.90	2.97	91.74	8.85	8.42	74.53	81.2	1	25.7
905.392	31.20	2.94	91.84	8.80	8.51	74.94	81.6	1	25.7
905.496	31.54	2.91	91.93	9.07	7.65	69.41	75.5	1	25.7
905.641	30.56	2.98	91.17	9.07	6.85	62.09	68.1	1	25.7
905.701	30.13	3.02	91.04	8.86	7.39	65.43	71.9	1	25.7
905.805	30.21	3.02	91.28	8.65	8.04	69.54	76.2	1	25.7
905.950	30.02	3.03	91.02	8.72	7.33	63.94	70.2	1	25.7
906.010	29.50	3.06	90.18	8.67	7.55	65.44	72.6	1	25.8
906.114	29.88	3.03	90.39	8.49	8.47	71.84	79.5	1	25.7
906.259	30.70	2.98	91.36	8.74	8.17	71.42	78.2	1	25.2
906.319	31.54	2.91	91.70	8.83	8.25	72.82	79.4	1	25.2
906.423	32.16	2.86	91.98	9.10	7.06	64.27	69.9	1	24.9
906.568	31.30	2.94	92.10	8.75	7.57	66.25	71.9	1	25.2
906.628	30.74	2.97	91.38	8.71	7.30	63.57	69.6	1	25.2
906.732	30.73	2.98	91.61	8.48	8.34	70.73	77.2	1	25.1
906.877	31.99	2.86	91.33	8.72	8.30	72.33	79.2	1	24.8
906.937	32.22	2.82	90.99	8.90	7.72	68.67	75.5	1	24.9
907.041	31.60	2.91	91.94	8.77	7.81	68.46	74.5	1	25.1
907.186	30.82	2.97	91.52	8.51	8.19	69.65	76.1	1	24.9
907.246	31.31	2.92	91.39	8.63	8.02	69.19	75.7	1	25.1
907.350	31.78	2.89	91.72	8.90	7.62	67.86	74.0	1	25.2
907.495	30.65	2.99	91.53	8.68	7.56	65.65	71.7	1	25.4
907.555	30.52	3.00	91.58	8.51	8.25	70.19	76.6	1	25.2
907.659	31.39	2.91	91.30	8.79	8.02	70.55	77.3	1	25.2
907.804	30.65	2.99	91.78	8.63	7.64	65.88	71.8	1	25.2
907.864	30.54	3.00	91.50	8.50	8.19	69.65	76.1	1	25.2
907.968	31.32	2.93	91.64	8.82	7.55	66.59	72.7	1	24.9
908.113	30.86	2.98	91.97	8.51	8.14	69.22	75.3	1	25.1
908.173	31.19	2.95	92.10	8.60	8.17	70.25	76.3	1	25.2
908.277	30.97	2.97	91.99	8.67	7.77	67.43	73.3	1	25.2
908.422	31.30	2.95	92.19	8.80	7.77	68.38	74.2	1	25.2
908.482	31.02	2.97	92.18	8.75	7.69	67.23	72.9	1	25.4
908.586	30.76	2.98	91.63	8.61	8.15	70.18	76.6	1	25.2
908.731	30.61	2.99	91.51	8.61	7.85	67.56	73.8	1	25.4
908.791	30.51	2.98	90.90	8.72	7.72	67.30	74.0	1	25.4
908.895	30.42	3.00	91.14	8.58	7.93	68.05	74.7	1	25.2
909.040	30.57	2.99	91.52	8.47	8.03	68.06	74.4	1	24.9
909.100	30.88	2.97	91.59	8.52	8.19	69.72	76.1	1	25.1
909.204	30.91	2.97	91.89	8.56	7.87	67.30	73.2	1	25.2
909.349	30.79	2.97	91.46	8.62	7.83	67.48	73.8	1	25.1
909.409	30.57	2.99	91.31	8.59	7.77	66.75	73.1	1	25.2
909.513	30.67	2.98	91.51	8.54	8.12	69.37	75.8	1	25.2
909.658	30.50	3.00	91.47	8.52	7.94	67.69	74.0	1	25.2
909.718	30.70	2.98	91.53	8.60	7.92	68.15	74.5	1	25.2
909.822	30.41	3.01	91.48	8.43	8.12	68.46	74.8	1	25.1
909.967	30.71	2.98	91.40	8.58	7.75	66.52	72.8	1	25.1
910.027	30.73	2.98	91.52	8.58	7.87	67.53	73.8	1	25.1
910.131	30.85	2.98	91.88	8.59	7.77	66.80	72.7	1	25.2
910.276	30.82	2.98	91.75	8.54	7.76	66.33	72.3	1	24.9
910.336	31.00	2.97	91.95	8.55	8.08	69.05	75.1	1	24.9
910.439	30.86	2.96	91.40	8.46	8.07	68.28	74.7	1	24.9
910.584	30.69	2.98	91.54	8.51	7.94	67.63	73.9	1	25.2
910.644	30.62	2.99	91.57	8.55	7.89	67.48	73.7	1	25.2
910.748	30.60	2.98	91.07	8.54	7.87	67.20	73.8	1	25.1
910.893	30.79	2.98	91.85	8.56	7.91	67.72	73.7	1	24.9
910.953	30.90	2.97	91.71	8.50	8.16	69.39	75.7	1	24.9
911.057	30.87	2.98	91.95	8.45	8.13	68.69	74.7	1	24.8
911.202	31.35	2.94	92.24	8.50	7.96	67.71	73.4	1	24.8
911.262	31.10	2.96	92.01	8.45	8.06	68.13	74.0	1	24.9
911.366	31.11	2.95	91.83	8.44	8.11	68.42	74.5	1	24.8
911.511	31.03	2.93	91.02	8.48	7.90	66.96	73.6	1	24.9
911.571	31.10	2.94	91.37	8.50	8.02	68.15	74.6	1	24.9
911.675	30.81	2.96	91.36	8.52	7.89	67.26	73.6	1	24.9
911.820	30.31	2.99	90.66	8.46	7.99	67.61	74.6	1	25.2
911.880	30.15	3.01	90.76	8.40	7.94	66.75	73.5	1	25.2
911.984	30.15	3.03	91.26	8.38	7.99	66.98	73.4	1	25.2
912.129	29.81	3.04	90.66	8.25	8.09	66.75	73.6	1	25.2
912.189	30.13	3.02	90.85	8.38	7.97	66.75	73.5	1	25.2
912.293	29.81	3.03	90.42	8.27	7.95	65.74	72.7	1	25.2
912.438	29.92	3.03	90.69	8.36	7.95	66.42	73.2	1	25.5
912.498	29.74	3.04	90.35	8.31	7.97	66.24	73.3	1	25.4
912.602	29.55	3.07	90.64	8.23	8.07	66.42	73.3	1	25.4
912.747	29.74	3.05	90.68	8.16	8.17	66.69	73.5	1	25.1
912.807	30.09	3.03	91.20	8.27	8.10	67.00	73.5	1	25.1
912.911	29.93	3.03	90.68	8.21	8.17	67.08	74.0	1	25.1
913.056	30.16	3.02	91.19	8.21	8.23	67.53	74.1	1	24.9
913.116	30.29	3.01	91.06	8.28	8.04	66.58	73.1	1	24.9
913.220	30.36	3.00	91.23	8.37	7.98	66.74	73.2	1	25.2
913.365	30.25	3.00	90.87	8.35	7.90	65.92	72.5	1	24.9
913.425	30.31	3.00	91.06	8.29	8.09	67.06	73.6	1	24.9
913.529	30.31	3.01	91.14	8.24	8.13	66.94	73.5	1	24.8
913.674	30.32	3.00	90.92	8.24	8.15	67.12	73.8	1	24.9
913.734	30.16	3.01	90.89	8.17	8.17	66.71	73.4	1	24.9
913.838	30.36	3.00	91.23	8.26	8.06	66.53	72.9	1	24.9
913.983	30.37	3.01	91.50	8.24	8.08	66.57	72.8	1	24.9
914.043	30.28	3.02	91.41	8.24	8.05	66.35	72.6	1	25.1
914.147	30.02	3.04	91.16	8.17	8.28	67.61	74.2	1	25.1
914.292	30.23	3.01	91.05	8.27	8.03	66.39	72.9	1	25.1
914.352	30.16	3.02	90.97	8.21	8.17	67.10	73.8	1	25.2
914.456	30.01	3.03	91.09	8.14	8.28	67.39	74.0	1	24.9
914.601	30.26	3.02	91.40	8.17	8.12	66.35	72.6	1	24.8
914.661	30.12	3.02	90.86	8.16	7.96	64.94	71.5	1	24.9
914.765	30.32	3.00	91.10	8.27	7.94	65.67	72.1	1	24.8
914.910	30.35	3.01	91.47	8.20	8.17	67.02	73.3	1	24.8
914.970	30.44	3.00	91.27	8.23	8.11	66.72	73.1	1	24.6
915.074	30.45	3.00	91.44	8.16	8.19	66.78	73.0	1	24.6
915.219	30.58	2.98	91.16	8.16	8.03	65.48	71.8	1	24.8
915.279	30.43	2.99	90.86	8.15	8.23	67.04	73.8	1	24.8
915.383	30.47	2.99	91.09	8.13	8.17	66.43	72.9	1	24.6
915.528	30.81	2.97	91.56	8.13	8.18	66.54	72.7	1	24.5
915.588	30.57	2.99	91.35	8.11	8.30	67.27	73.6	1	24.5
915.692	30.47	2.99	90.98	8.17	8.12	66.35	72.9	1	24.6
915.837	30.64	2.97	91.10	8.16	8.28	67.50	74.1	1	24.5
915.897	30.50	2.98	90.92	8.15	8.33	67.92	74.7	1	24.5
916.001	30.57	2.98	91.20	8.10	8.41	68.14	74.7	1	24.5
916.146	30.35	3.00	91.12	8.16	8.25	67.27	73.8	1	24.6
916.206	30.12	3.02	90.83	8.09	8.29	67.02	73.8	1	24.6
916.310	30.15	3.02	91.11	8.13	8.24	66.97	73.5	1	24.8
916.455	29.76	3.04	90.51	8.10	8.04	65.11	71.9	1	24.8
916.515	30.10	3.02	90.81	8.12	8.17	66.35	73.1	1	24.8
916.619	29.86	3.04	90.87	8.06	8.28	66.76	73.5	1	24.9
916.764	29.90	3.05	91.27	8.06	8.34	67.26	73.7	1	25.1
916.824	29.38	3.08	90.35	7.95	8.43	67.02	74.2	1	25.1
916.928	29.39	3.07	90.11	8.02	8.28	66.39	73.7	1	24.9
917.073	29.03	3.08	89.40	7.92	8.35	66.13	74.0	1	24.9
917.133	29.20	3.08	89.85	7.94	8.31	65.97	73.4	1	24.8
917.237	29.60	3.06	90.55	7.95	8.50	67.56	74.6	1	24.6
917.382	30.15	3.02	91.10	8.00	8.44	67.53	74.1	1	24.5
917.442	30.10	3.01	90.72	8.02	8.37	67.13	74.0	1	24.3
917.546	30.24	3.01	91.02	8.03	8.41	67.52	74.2	1	24.3
917.691	30.50	3.01	91.70	8.05	8.31	66.91	73.0	1	24.3
917.751	30.43	3.01	91.47	8.03	8.16	65.53	71.6	1	24.2
917.855	30.42	2.99	91.08	8.06	8.13	65.48	71.9	1	24.3
918.000	30.24	2.99	90.54	8.06	8.14	65.59	72.4	1	24.3
918.060	30.45	2.99	91.07	8.12	8.08	65.62	72.1	1	24.3
918.164	30.33	3.00	91.02	8.09	8.17	66.12	72.6	1	24.3
918.309	30.17	3.01	90.93	7.97	8.43	67.19	73.9	1	24.3
918.369	30.28	3.01	91.09	8.01	8.32	66.57	73.1	1	24.3
918.473	30.30	3.01	91.18	8.01	8.38	67.15	73.6	1	24.3
918.618	30.07	3.02	90.80	8.03	8.39	67.40	74.2	1	24.5
918.678	30.11	3.02	90.93	7.97	8.30	66.09	72.7	1	24.3
918.782	30.43	3.00	91.29	7.97	8.34	66.43	72.8	1	24.2
918.927	30.63	2.97	90.97	7.97	8.36	66.62	73.2	1	24.0
918.987	30.64	2.97	91.13	7.98	8.33	66.46	72.9	1	24.0
919.091	30.75	2.98	91.54	7.98	8.51	67.92	74.2	1	23.9
919.236	31.18	2.96	92.16	8.04	8.37	67.29	73.0	1	23.7
919.296	31.29	2.95	92.36	8.04	8.34	67.09	72.6	1	23.6
919.400	31.34	2.93	91.90	8.00	8.48	67.78	73.8	1	23.6
919.545	31.56	2.90	91.47	8.10	8.31	67.26	73.5	1	23.7
919.605	31.52	2.91	91.68	8.11	8.18	66.30	72.3	1	23.6
919.709	31.90	2.86	91.28	8.15	8.31	67.72	74.2	1	23.6
919.854	31.63	2.90	91.78	8.12	8.22	66.78	72.8	1	23.9
919.914	31.53	2.90	91.35	8.10	8.32	67.39	73.8	1	23.7
920.018	31.53	2.90	91.59	8.10	8.41	68.14	74.4	1	23.9
920.163	31.14	2.94	91.48	8.13	8.23	66.90	73.1	1	23.9
920.223	31.21	2.93	91.53	8.13	8.41	68.34	74.7	1	23.9
920.327	31.21	2.93	91.29	8.13	8.35	67.86	74.3	1	23.9
920.472	31.23	2.93	91.46	8.14	8.30	67.59	73.9	1	24.2
920.532	30.96	2.95	91.34	8.15	8.18	66.60	72.9	1	24.2
920.636	30.80	2.96	91.14	8.08	8.19	66.12	72.5	1	24.0
920.780	31.17	2.96	92.30	8.08	8.27	66.82	72.4	1	23.9
920.840	31.24	2.95	92.02	8.07	8.31	67.04	72.9	1	23.7
920.944	31.37	2.93	91.81	8.06	8.32	67.08	73.1	1	23.7
921.089	31.33	2.93	91.78	8.04	8.47	68.06	74.2	1	23.7
921.149	31.31	2.93	91.72	8.04	8.30	66.70	72.7	1	23.7
921.253	31.24	2.94	91.76	8.03	8.41	67.55	73.6	1	23.9
921.398	31.00	2.96	91.68	8.04	8.37	67.32	73.4	1	23.9
921.458	31.10	2.93	91.21	8.06	8.29	66.77	73.2	1	23.7
921.562	31.15	2.93	91.27	8.08	8.35	67.40	73.8	1	23.9
921.707	31.11	2.96	92.11	8.10	8.24	66.81	72.5	1	24.2
921.767	30.96	2.98	92.11	8.09	8.29	67.03	72.8	1	24.3
921.871	30.75	2.99	92.09	8.05	8.28	66.60	72.3	1	24.0
922.016	30.95	2.96	91.52	8.09	8.35	67.57	73.8	1	24.0
922.076	30.96	2.96	91.64	8.14	8.18	66.58	72.7	1	24.0
922.180	31.32	2.93	91.70	8.15	8.21	66.93	73.0	1	24.0
922.325	30.85	2.96	91.47	8.14	8.18	66.64	72.9	1	24.3
922.385	30.77	2.97	91.38	8.13	8.26	67.12	73.4	1	24.2
922.489	30.74	2.98	91.65	8.10	8.20	66.45	72.5	1	24.0
922.634	31.19	2.94	91.65	8.18	8.17	66.79	72.9	1	23.9
922.694	31.05	2.95	91.54	8.05	8.32	66.99	73.2	1	23.9
922.797	31.12	2.95	91.84	8.03	8.40	67.46	73.5	1	23.7
922.942	31.19	2.95	91.88	8.06	8.35	67.29	73.2	1	23.7
923.002	31.43	2.93	92.05	8.04	8.49	68.29	74.2	1	23.6
923.106	31.61	2.92	92.21	8.04	8.45	67.98	73.7	1	23.6
923.251	31.93	2.90	92.72	8.07	8.39	67.69	73.0	1	23.6
923.311	31.74	2.91	92.32	8.10	8.36	67.68	73.3	1	23.7
923.415	31.83	2.90	92.17	8.09	8.39	67.80	73.6	1	23.7
923.560	31.50	2.93	92.28	8.09	8.26	66.82	72.4	1	23.9
923.620	31.19	2.96	92.19	8.00	8.36	66.90	72.6	1	23.9
923.724	31.08	2.95	91.79	7.96	8.49	67.62	73.7	1	23.7
923.869	31.30	2.92	91.46	8.03	8.56	68.75	75.2	1	23.9
923.929	31.43	2.91	91.59	8.11	8.35	67.71	73.9	1	23.9
924.033	31.32	2.93	91.61	8.10	8.23	66.65	72.8	1	23.9
924.178	31.14	2.95	91.72	8.10	8.26	66.91	73.0	1	24.0
924.238	31.08	2.94	91.40	8.05	8.43	67.88	74.3	1	24.0
924.342	31.05	2.95	91.66	8.04	8.32	66.92	73.0	1	23.7
924.487	31.46	2.93	92.19	8.02	8.55	68.57	74.4	1	23.6
924.547	31.60	2.91	91.89	8.03	8.50	68.28	74.3	1	23.6
924.651	31.51	2.90	91.43	8.09	8.42	68.16	74.5	1	23.7
924.796	31.24	2.94	91.79	8.09	8.43	68.25	74.3	1	23.9
924.856	31.21	2.95	92.19	8.09	8.38	67.78	73.5	1	24.0
924.960	31.02	2.96	91.84	8.06	8.47	68.30	74.4	1	24.0
925.105	30.66	2.99	91.67	8.04	8.38	67.40	73.5	1	24.3
925.165	30.45	3.00	91.45	8.02	8.35	66.96	73.2	1	24.2
925.269	30.61	2.99	91.45	8.03	8.34	66.96	73.2	1	24.0
925.414	31.05	2.96	91.94	8.08	8.34	67.39	73.3	1	23.9
925.474	31.00	2.96	91.75	8.04	8.42	67.69	73.8	1	23.9
925.578	31.00	2.94	91.16	8.06	8.37	67.43	74.0	1	23.9
925.723	31.30	2.94	91.99	8.08	8.45	68.30	74.2	1	23.6
925.783	31.33	2.93	91.85	7.99	8.41	67.20	73.2	1	23.6
925.887	31.39	2.93	91.99	7.98	8.40	66.99	72.8	1	23.6
926.032	31.74	2.91	92.23	8.02	8.36	67.10	72.8	1	23.4
926.092	31.77	2.90	92.13	8.04	8.33	66.91	72.6	1	23.4
926.196	31.73	2.90	91.96	8.04	8.29	66.65	72.5	1	23.4
926.341	31.76	2.90	92.16	7.99	8.37	66.84	72.5	1	23.4
926.401	31.97	2.87	91.68	8.04	8.43	67.85	74.0	1	23.3
926.505	32.00	2.85	91.18	8.10	8.22	66.59	73.0	1	23.3
926.650	31.77	2.87	91.30	8.03	8.33	66.94	73.3	1	23.4
926.710	31.75	2.89	91.62	8.04	8.42	67.72	73.9	1	23.6
926.814	31.79	2.89	91.88	8.08	8.23	66.51	72.4	1	23.6
926.959	31.77	2.88	91.61	8.02	8.45	67.71	73.9	1	23.4
927.019	31.80	2.88	91.53	8.02	8.38	67.18	73.4	1	23.4
927.123	31.89	2.86	91.10	8.05	8.45	68.00	74.6	1	23.6
927.268	31.45	2.91	91.55	8.07	8.35	67.42	73.6	1	23.7
927.328	31.21	2.94	91.70	7.98	8.49	67.79	73.9	1	23.9
927.432	31.10	2.95	91.83	7.98	8.48	67.65	73.7	1	23.9
927.577	30.96	2.97	91.94	8.04	8.46	67.99	74.0	1	24.2
927.637	30.92	2.96	91.61	8.02	8.40	67.44	73.6	1	24.0
927.741	30.74	2.98	91.55	8.03	8.36	67.15	73.3	1	24.2
927.886	30.65	2.99	91.55	8.04	8.41	67.66	73.9	1	24.3
927.946	30.26	3.00	90.70	7.97	8.42	67.15	74.0	1	24.2
928.050	30.40	2.99	90.96	8.00	8.45	67.60	74.3	1	24.5
928.195	30.42	3.00	91.32	8.08	8.29	67.00	73.4	1	24.3
928.255	30.32	3.02	91.43	8.03	8.27	66.40	72.6	1	24.2
928.359	30.46	3.01	91.79	8.03	8.29	66.55	72.5	1	24.0
928.504	30.75	2.99	91.82	7.99	8.51	67.95	74.0	1	24.2
928.564	30.61	2.99	91.61	8.03	8.23	66.15	72.2	1	24.3
928.668	30.57	3.00	91.79	8.03	8.33	66.91	72.9	1	24.2
928.813	30.27	3.01	91.18	7.98	8.38	66.85	73.3	1	24.3
928.873	30.45	3.00	91.40	8.06	8.30	66.87	73.2	1	24.3
928.977	30.33	3.01	91.37	8.00	8.26	66.03	72.3	1	24.2
929.122	30.66	2.99	91.68	7.99	8.36	66.83	72.9	1	23.9
929.182	30.96	2.95	91.44	8.10	8.28	67.01	73.3	1	23.9
929.286	30.88	2.96	91.26	8.06	8.24	66.35	72.7	1	24.0
929.431	30.66	2.97	91.08	7.97	8.42	67.11	73.7	1	24.0
929.491	30.89	2.96	91.36	7.99	8.50	67.88	74.3	1	24.0
929.595	30.83	2.95	90.96	7.99	8.46	67.63	74.4	1	23.9
929.740	31.17	2.94	91.47	7.95	8.49	67.52	73.8	1	23.7
929.800	31.43	2.92	91.65	8.02	8.44	67.70	73.9	1	23.6
929.904	31.75	2.88	91.47	8.06	8.33	67.13	73.4	1	23.4
930.049	31.33	2.91	91.17	7.99	8.45	67.52	74.1	1	23.7
930.109	31.66	2.90	91.72	8.03	8.42	67.61	73.7	1	23.6
930.213	31.71	2.88	91.37	8.02	8.36	67.03	73.4	1	23.6
930.358	31.36	2.92	91.62	8.00	8.39	67.08	73.2	1	23.6
930.418	31.52	2.89	91.19	8.06	8.35	67.29	73.8	1	23.4
930.522	31.54	2.90	91.32	8.03	8.36	67.16	73.6	1	23.6
930.667	31.34	2.93	91.87	7.99	8.53	68.16	74.2	1	23.7
930.727	31.43	2.91	91.60	8.02	8.59	68.88	75.2	1	23.9
930.831	31.26	2.93	91.61	8.05	8.24	66.37	72.4	1	23.6
930.976	31.46	2.92	91.93	8.08	8.30	67.08	73.0	1	23.4
931.036	31.56	2.91	91.97	8.04	8.39	67.44	73.3	1	23.4
931.140	31.81	2.88	91.46	8.06	8.36	67.35	73.6	1	23.4
931.285	32.11	2.84	91.23	8.07	8.35	67.38	73.9	1	23.3
931.345	31.95	2.86	91.23	7.96	8.47	67.41	73.9	1	23.3
931.449	32.13	2.84	91.23	8.02	8.27	66.37	72.8	1	23.1
931.594	32.08	2.85	91.54	8.03	8.28	66.45	72.6	1	23.4
931.654	31.92	2.88	91.83	8.03	8.22	66.04	71.9	1	23.4
931.758	31.72	2.88	91.45	8.06	8.27	66.65	72.9	1	23.4
931.903	31.62	2.90	91.78	8.03	8.46	67.90	74.0	1	23.6
931.963	31.55	2.90	91.64	8.10	8.24	66.70	72.8	1	23.6
932.067	31.58	2.90	91.57	8.05	8.34	67.15	73.3	1	23.6
932.212	31.57	2.91	91.76	8.01	8.38	67.10	73.1	1	23.4
932.272	31.83	2.88	91.70	8.02	8.44	67.76	73.9	1	23.3
932.376	32.01	2.85	91.33	8.05	8.35	67.22	73.6	1	23.4
932.521	31.86	2.88	91.63	8.05	8.23	66.31	72.4	1	23.4
932.581	31.85	2.87	91.35	8.10	8.20	66.42	72.7	1	23.4
932.685	31.93	2.88	92.12	8.08	8.35	67.46	73.2	1	23.6
932.830	31.39	2.94	92.17	8.05	8.33	67.06	72.8	1	23.7
932.890	31.35	2.92	91.60	8.03	8.31	66.75	72.9	1	23.6
932.994	31.44	2.91	91.54	8.05	8.36	67.34	73.6	1	23.7
933.139	31.18	2.94	91.56	8.02	8.31	66.63	72.8	1	23.7
933.199	31.17	2.93	91.46	8.03	8.33	66.93	73.2	1	23.7
933.303	31.44	2.92	91.84	8.06	8.35	67.28	73.3	1	23.6
933.448	31.27	2.93	91.66	7.93	8.49	67.25	73.4	1	23.6
933.508	31.49	2.90	91.17	8.02	8.50	68.19	74.8	1	23.6
933.612	31.64	2.89	91.39	8.02	8.45	67.78	74.2	1	23.6
933.757	31.48	2.90	91.40	7.97	8.47	67.53	73.9	1	23.6
933.817	31.54	2.90	91.34	8.00	8.51	68.10	74.6	1	23.6
933.921	31.45	2.91	91.47	8.04	8.26	66.38	72.6	1	23.6
934.066	31.78	2.88	91.61	8.02	8.37	67.12	73.3	1	23.3
934.126	32.00	2.86	91.48	8.06	8.24	66.45	72.6	1	23.4
934.230	31.66	2.87	91.03	7.95	8.48	67.37	74.0	1	23.3
934.375	32.18	2.83	91.08	7.98	8.49	67.79	74.4	1	23.0
934.435	32.30	2.83	91.31	8.01	8.30	66.50	72.8	1	23.1
934.539	32.30	2.80	90.57	8.04	8.21	66.05	72.9	1	23.0
934.684	32.07	2.84	90.96	8.00	8.20	65.66	72.2	1	23.3
934.744	31.93	2.85	90.87	7.98	8.47	67.58	74.4	1	23.3
934.848	31.69	2.89	91.47	8.05	8.32	67.00	73.2	1	23.6
934.993	31.30	2.94	92.02	7.97	8.54	68.09	74.0	1	23.6
935.053	31.53	2.90	91.54	8.02	8.41	67.46	73.7	1	23.4
935.157	31.34	2.92	91.50	7.96	8.46	67.33	73.6	1	23.6
935.302	31.51	2.93	92.17	7.99	8.39	67.01	72.7	1	23.6
935.362	31.25	2.95	92.05	7.93	8.53	67.61	73.4	1	23.7
935.466	31.30	2.93	91.67	8.01	8.55	68.53	74.8	1	23.6
935.611	31.46	2.92	92.02	8.08	8.33	67.26	73.1	1	23.6
935.671	31.30	2.93	91.67	8.05	8.50	68.38	74.6	1	23.7
935.775	31.31	2.92	91.32	8.07	8.34	67.35	73.8	1	23.6
935.920	31.49	2.90	91.38	8.03	8.41	67.53	73.9	1	23.6
935.980	31.46	2.89	91.04	8.10	8.30	67.21	73.8	1	23.7
936.084	31.27	2.91	90.92	8.08	8.34	67.39	74.1	1	23.6
936.229	31.75	2.88	91.49	8.03	8.47	68.02	74.3	1	23.3
936.289	31.82	2.88	91.59	8.07	8.28	66.79	72.9	1	23.4
936.393	31.66	2.89	91.57	8.00	8.42	67.41	73.6	1	23.4
936.538	31.85	2.88	91.65	8.04	8.29	66.64	72.7	1	23.3
936.598	31.81	2.87	91.24	8.00	8.38	67.01	73.4	1	23.3
936.702	31.94	2.86	91.42	8.02	8.38	67.21	73.5	1	23.4
936.847	31.39	2.92	91.54	7.97	8.55	68.18	74.5	1	23.7
936.907	31.52	2.90	91.46	8.05	8.35	67.24	73.5	1	23.7
937.011	31.27	2.94	92.03	7.91	8.48	67.13	72.9	1	23.9
937.156	31.16	2.95	91.94	7.98	8.50	67.84	73.8	1	23.9
937.216	31.25	2.94	91.99	8.02	8.36	67.10	72.9	1	23.9
937.320	31.20	2.94	91.75	8.00	8.44	67.47	73.5	1	23.9
937.465	31.11	2.95	91.90	8.01	8.29	66.37	72.2	1	23.9
937.525	31.08	2.97	92.37	8.01	8.39	67.26	72.8	1	23.9
937.629	30.97	2.96	91.64	8.03	8.34	66.97	73.1	1	23.9
937.774	30.71	2.96	90.98	7.99	8.32	66.46	73.0	1	23.9
937.834	30.99	2.95	91.44	8.00	8.47	67.72	74.1	1	23.9
937.937	31.21	2.93	91.53	8.04	8.37	67.29	73.5	1	23.7
938.082	31.22	2.95	91.97	8.00	8.56	68.46	74.4	1	23.7
938.142	31.31	2.91	91.26	8.05	8.37	67.40	73.9	1	23.6
938.246	31.24	2.93	91.42	7.95	8.47	67.37	73.7	1	23.6
938.391	31.54	2.91	91.71	8.00	8.44	67.56	73.7	1	23.6
938.451	31.40	2.92	91.80	7.98	8.43	67.33	73.3	1	23.6
938.555	31.58	2.88	91.03	8.09	8.32	67.35	74.0	1	23.6
938.700	31.38	2.92	91.67	8.01	8.46	67.75	73.9	1	23.6
938.760	31.51	2.89	91.15	8.03	8.43	67.65	74.2	1	23.4
938.864	31.57	2.90	91.45	8.03	8.40	67.38	73.7	1	23.6
939.009	31.40	2.91	91.48	8.02	8.44	67.61	73.9	1	23.6
939.069	31.63	2.89	91.53	7.98	8.48	67.70	74.0	1	23.4
939.173	31.65	2.90	91.79	7.99	8.47	67.70	73.8	1	23.4
939.318	31.65	2.89	91.61	8.06	8.32	67.06	73.2	1	23.4
939.378	31.57	2.89	91.29	8.02	8.33	66.78	73.1	1	23.6
939.482	31.36	2.91	91.30	8.03	8.29	66.62	73.0	1	23.7
939.627	31.07	2.93	91.06	8.04	8.37	67.32	73.9	1	23.7
939.687	31.18	2.93	91.24	8.04	8.41	67.56	74.0	1	23.6
939.791	31.26	2.91	91.02	8.01	8.34	66.84	73.4	1	23.6
939.936	31.66	2.90	91.74	8.07	8.44	68.06	74.2	1	23.4
939.996	31.64	2.91	92.06	8.04	8.34	67.11	72.9	1	23.4
940.100	31.71	2.88	91.35	7.95	8.37	66.56	72.9	1	23.4
940.245	32.08	2.86	91.71	7.98	8.52	68.03	74.2	1	23.1
940.305	32.04	2.84	91.10	8.02	8.38	67.22	73.8	1	23.3
940.409	31.92	2.86	91.12	8.04	8.26	66.43	72.9	1	23.3
940.554	32.03	2.87	91.96	7.99	8.48	67.77	73.7	1	23.4
940.614	31.79	2.88	91.56	8.02	8.36	67.10	73.3	1	23.6
940.718	31.76	2.88	91.62	7.97	8.39	66.91	73.0	1	23.3
940.863	32.00	2.85	91.34	8.05	8.35	67.25	73.6	1	23.4
940.923	31.71	2.89	91.48	8.04	8.27	66.45	72.6	1	23.6
941.026	31.40	2.91	91.26	7.95	8.46	67.32	73.8	1	23.4
941.171	31.82	2.87	91.15	8.02	8.36	67.03	73.5	1	23.3
941.231	31.56	2.89	91.23	7.99	8.38	66.95	73.4	1	23.4
941.335	31.79	2.88	91.64	8.01	8.47	67.90	74.1	1	23.6
941.480	31.76	2.87	91.16	8.03	8.38	67.32	73.8	1	23.4
941.540	31.58	2.89	91.34	8.00	8.44	67.54	73.9	1	23.4
941.644	31.80	2.87	91.22	8.07	8.29	66.91	73.4	1	23.3
941.789	31.96	2.86	91.26	7.98	8.41	67.08	73.5	1	23.1
941.849	31.87	2.87	91.55	7.98	8.52	68.05	74.3	1	23.3
941.953	32.10	2.84	91.29	8.05	8.34	67.12	73.5	1	23.3
942.098	32.32	2.85	92.02	8.00	8.42	67.36	73.2	1	23.0
942.158	32.51	2.81	91.20	8.03	8.37	67.22	73.7	1	23.0
942.262	32.31	2.84	91.74	8.01	8.43	67.54	73.6	1	23.3
942.407	32.05	2.85	91.29	8.00	8.33	66.64	73.0	1	23.1
942.467	32.11	2.84	91.30	7.96	8.52	67.80	74.3	1	23.3
942.571	31.98	2.86	91.35	8.01	8.33	66.69	73.0	1	23.3
942.715	31.81	2.87	91.32	7.99	8.49	67.81	74.3	1	23.3
942.775	32.10	2.85	91.34	8.04	8.31	66.78	73.1	1	23.1
942.879	31.96	2.86	91.48	7.98	8.42	67.18	73.4	1	23.4
943.024	31.97	2.87	91.91	7.97	8.40	67.00	72.9	1	23.1
943.084	32.28	2.84	91.69	8.03	8.35	67.04	73.1	1	23.0
943.188	32.18	2.82	90.89	7.99	8.28	66.13	72.8	1	23.1
943.333	32.47	2.81	91.27	7.94	8.50	67.47	73.9	1	22.8
943.393	32.56	2.79	90.84	7.96	8.35	66.52	73.2	1	22.7
943.497	32.45	2.80	90.87	7.92	8.43	66.79	73.5	1	22.8
943.642	32.45	2.79	90.64	7.95	8.31	66.01	72.8	1	23.0
943.702	32.26	2.83	91.36	7.91	8.39	66.33	72.6	1	23.0
943.806	32.23	2.83	91.32	7.92	8.53	67.53	73.9	1	23.0
943.951	32.67	2.80	91.55	7.96	8.41	66.96	73.1	1	22.8
944.011	32.42	2.81	91.09	7.92	8.44	66.84	73.4	1	22.8
944.114	32.38	2.81	90.85	7.99	8.30	66.34	73.0	1	23.0
944.259	32.40	2.80	90.60	7.97	8.38	66.78	73.7	1	22.8
944.319	32.55	2.78	90.55	7.97	8.33	66.41	73.3	1	22.7
944.423	32.70	2.76	90.13	7.96	8.37	66.65	74.0	1	22.8
944.568	32.48	2.80	91.02	7.99	8.31	66.46	73.0	1	23.1
944.628	32.08	2.83	90.76	7.96	8.44	67.16	74.0	1	23.3
944.732	32.12	2.82	90.69	8.00	8.37	66.99	73.9	1	23.1
944.877	32.40	2.81	90.92	8.04	8.30	66.75	73.4	1	23.0
944.937	32.42	2.80	90.81	8.02	8.35	66.95	73.7	1	23.0
945.041	32.20	2.83	91.15	7.97	8.39	66.87	73.4	1	23.3
945.186	31.77	2.89	91.78	7.88	8.56	67.44	73.5	1	23.4
945.246	31.82	2.89	91.90	7.99	8.39	67.04	72.9	1	23.4
945.350	31.42	2.90	91.18	7.98	8.33	66.49	72.9	1	23.4
945.495	31.43	2.91	91.47	8.00	8.36	66.86	73.1	1	23.6
945.555	31.20	2.94	91.59	7.94	8.49	67.45	73.6	1	23.7
945.659	31.46	2.91	91.53	8.07	8.32	67.16	73.4	1	23.6
945.804	31.40	2.91	91.46	8.05	8.36	67.34	73.6	1	23.6
945.864	31.33	2.91	91.09	8.00	8.51	68.06	74.7	1	23.6
945.968	30.97	2.94	91.18	7.99	8.35	66.76	73.2	1	23.7
946.113	30.95	2.96	91.55	7.99	8.37	66.84	73.0	1	24.0
946.173	30.85	2.97	91.60	8.00	8.41	67.24	73.4	1	24.0
946.277	30.76	2.98	91.78	8.00	8.42	67.41	73.4	1	24.0
946.422	30.95	2.97	92.06	8.12	8.32	67.57	73.4	1	23.9
946.482	31.11	2.96	92.07	8.07	8.41	67.85	73.7	1	23.7
946.586	31.18	2.94	91.57	8.08	8.39	67.76	74.0	1	23.9
946.731	30.90	2.97	91.75	8.02	8.43	67.55	73.6	1	23.9
946.791	31.09	2.96	91.89	8.06	8.34	67.21	73.1	1	23.9
946.895	30.84	2.95	91.02	7.99	8.46	67.57	74.2	1	23.7
947.040	31.12	2.93	91.09	8.05	8.51	68.47	75.2	1	23.7
947.100	30.95	2.95	91.25	7.99	8.44	67.44	73.9	1	23.7
947.204	31.28	2.92	91.43	8.06	8.36	67.32	73.6	1	23.6
947.349	31.15	2.93	91.14	8.07	8.27	66.68	73.2	1	23.6
947.409	31.38	2.90	90.96	8.04	8.48	68.21	75.0	1	23.6
947.513	31.38	2.92	91.51	8.04	8.38	67.43	73.7	1	23.9
947.658	31.01	2.97	91.98	8.03	8.29	66.63	72.4	1	23.9
947.718	30.80	2.96	91.22	8.03	8.44	67.79	74.3	1	24.0
947.822	30.79	2.96	91.13	8.03	8.33	66.89	73.4	1	23.9
947.967	31.05	2.96	91.78	8.09	8.34	67.43	73.5	1	24.0
948.027	30.75	2.98	91.71	8.02	8.50	68.21	74.4	1	24.2
948.131	30.71	2.97	91.11	8.05	8.41	67.65	74.2	1	24.0
948.276	30.47	2.98	90.83	7.92	8.38	66.37	73.1	1	24.0
948.336	30.73	2.97	91.25	7.94	8.56	67.98	74.5	1	24.0
948.440	30.56	2.98	91.20	7.99	8.39	67.07	73.5	1	24.2
948.585	30.45	3.00	91.33	8.00	8.38	67.04	73.4	1	24.2
948.645	30.07	3.01	90.51	7.91	8.55	67.62	74.7	1	24.2
948.749	30.50	3.00	91.41	8.04	8.36	67.22	73.5	1	23.9
948.894	30.75	2.97	91.42	7.99	8.45	67.51	73.8	1	24.2
948.954	30.67	2.99	91.64	8.01	8.43	67.50	73.7	1	24.2
949.058	30.38	3.01	91.45	8.03	8.27	66.36	72.6	1	24.2
949.203	29.89	3.02	90.26	7.97	8.31	66.19	73.3	1	24.2
949.263	30.28	3.00	90.69	8.02	8.34	66.91	73.8	1	24.2
949.367	30.19	3.01	90.93	7.94	8.32	66.04	72.6	1	24.0
949.512	30.24	3.00	90.78	7.98	8.37	66.82	73.6	1	24.2
949.572	30.11	3.02	90.90	7.91	8.53	67.52	74.3	1	24.2
949.676	30.21	3.01	90.88	8.01	8.28	66.35	73.0	1	24.2
949.821	30.63	3.00	91.86	7.95	8.37	66.55	72.4	1	23.9
949.881	30.74	2.99	91.88	7.96	8.44	67.17	73.1	1	23.7
949.985	30.95	2.96	91.54	8.01	8.41	67.36	73.6	1	23.9
950.130	31.27	2.95	92.15	8.01	8.45	67.67	73.4	1	23.6
950.190	31.14	2.93	91.35	7.97	8.48	67.58	74.0	1	23.4
950.294	31.26	2.93	91.53	7.92	8.55	67.66	73.9	1	23.6
950.439	31.26	2.93	91.44	8.01	8.33	66.76	73.0	1	23.6
950.499	31.28	2.92	91.36	7.99	8.39	67.05	73.4	1	23.4
950.603	31.37	2.91	91.30	8.02	8.41	67.49	73.9	1	23.4
950.748	31.50	2.91	91.59	7.97	8.49	67.69	73.9	1	23.3
950.808	31.67	2.89	91.44	8.03	8.43	67.67	74.0	1	23.4
950.912	31.57	2.89	91.25	7.99	8.38	66.93	73.4	1	23.4
951.057	31.47	2.93	92.20	8.00	8.45	67.62	73.3	1	23.7
951.117	31.43	2.93	92.03	7.97	8.56	68.21	74.1	1	23.7
951.221	31.25	2.94	91.92	7.93	8.46	67.14	73.0	1	23.7
951.366	31.29	2.93	91.73	8.00	8.40	67.22	73.3	1	23.7
951.426	31.07	2.96	91.80	7.92	8.57	67.84	73.9	1	23.9
951.530	31.05	2.94	91.45	7.98	8.47	67.56	73.9	1	23.9
951.675	31.18	2.93	91.44	8.05	8.47	68.24	74.6	1	23.7
951.735	30.93	2.95	91.29	7.97	8.50	67.74	74.2	1	23.6
951.839	31.46	2.92	91.76	8.06	8.27	66.69	72.7	1	23.4
951.984	31.44	2.90	91.23	8.01	8.53	68.29	74.8	1	23.6
952.044	31.28	2.93	91.62	7.95	8.52	67.77	74.0	1	23.7
952.148	31.15	2.95	91.95	8.05	8.39	67.56	73.5	1	23.9
952.293	31.26	2.93	91.61	8.06	8.49	68.45	74.7	1	23.7
952.353	31.10	2.95	91.78	8.03	8.44	67.72	73.8	1	23.9
952.457	31.12	2.94	91.42	8.02	8.52	68.30	74.7	1	23.7
952.602	31.37	2.93	91.82	8.10	8.28	67.05	73.0	1	23.6
952.662	31.32	2.94	92.06	8.00	8.48	67.79	73.6	1	23.6
952.766	31.63	2.90	91.73	8.03	8.36	67.18	73.2	1	23.6
952.911	31.32	2.92	91.51	8.00	8.34	66.68	72.9	1	23.7
952.971	31.33	2.93	91.80	8.02	8.33	66.79	72.8	1	23.7
953.075	31.25	2.94	91.86	8.03	8.35	67.03	73.0	1	23.7
953.220	31.29	2.92	91.34	8.08	8.32	67.25	73.6	1	23.6
953.280	31.40	2.92	91.74	8.06	8.34	67.18	73.2	1	23.6
953.384	31.45	2.91	91.59	7.99	8.50	67.92	74.2	1	23.4
953.529	31.42	2.91	91.54	7.96	8.32	66.22	72.3	1	23.4
953.589	31.53	2.90	91.28	8.02	8.51	68.22	74.7	1	23.4
953.693	31.82	2.88	91.77	8.02	8.42	67.51	73.6	1	23.3
953.838	32.03	2.85	91.36	7.99	8.55	68.30	74.8	1	23.3
953.898	31.83	2.88	91.53	8.00	8.35	66.81	73.0	1	23.3
954.002	31.53	2.90	91.45	7.95	8.53	67.74	74.1	1	23.3
954.147	31.78	2.88	91.58	8.05	8.42	67.83	74.1	1	23.6
954.207	31.50	2.90	91.50	8.03	8.41	67.53	73.8	1	23.6
954.311	31.21	2.94	91.83	7.97	8.35	66.53	72.5	1	23.7
954.456	31.19	2.94	91.66	7.99	8.44	67.44	73.6	1	23.7
954.516	31.14	2.93	91.39	8.00	8.41	67.22	73.6	1	23.7
954.620	31.25	2.94	91.80	7.96	8.44	67.22	73.2	1	23.6
954.765	31.52	2.90	91.51	8.03	8.43	67.62	73.9	1	23.4
954.825	31.37	2.91	91.28	8.01	8.41	67.37	73.8	1	23.6
954.929	31.56	2.90	91.42	8.05	8.32	66.99	73.3	1	23.4
955.074	31.72	2.88	91.44	7.98	8.47	67.59	73.9	1	23.4
955.134	31.73	2.88	91.48	8.01	8.49	67.97	74.3	1	23.4
955.238	31.68	2.90	91.85	8.07	8.30	66.98	72.9	1	23.4
955.383	31.45	2.91	91.53	8.04	8.38	67.39	73.6	1	23.4
955.443	31.70	2.88	91.38	8.04	8.25	66.39	72.6	1	23.3
955.547	31.63	2.89	91.38	8.01	8.47	67.81	74.2	1	23.6
955.692	31.52	2.90	91.41	8.04	8.34	67.06	73.4	1	23.4
955.752	31.42	2.91	91.28	8.01	8.39	67.22	73.6	1	23.4
955.856	31.70	2.89	91.64	8.06	8.44	68.04	74.2	1	23.4
956.001	31.45	2.90	91.17	8.01	8.42	67.44	74.0	1	23.3
956.061	31.70	2.88	91.18	8.00	8.49	67.94	74.5	1	23.4
956.165	31.67	2.88	91.21	8.03	8.41	67.54	74.1	1	23.4
956.310	31.49	2.91	91.61	8.00	8.45	67.56	73.7	1	23.6
956.370	31.44	2.90	91.16	8.04	8.38	67.35	73.9	1	23.6
956.474	31.39	2.91	91.23	7.99	8.40	67.11	73.6	1	23.4
956.619	32.12	2.85	91.43	8.06	8.32	67.01	73.3	1	23.1
956.679	31.98	2.85	91.26	8.02	8.27	66.30	72.6	1	23.3
956.783	31.73	2.88	91.42	7.94	8.48	67.34	73.7	1	23.3
956.928	31.87	2.89	92.09	8.01	8.46	67.75	73.6	1	23.4
956.988	31.51	2.92	91.88	7.96	8.46	67.29	73.2	1	23.6
957.092	31.62	2.90	91.57	7.99	8.47	67.74	74.0	1	23.4
957.237	31.87	2.86	91.16	8.08	8.26	66.80	73.3	1	23.4
957.297	31.73	2.87	91.16	8.03	8.44	67.82	74.4	1	23.3
957.401	31.73	2.87	91.01	8.05	8.39	67.51	74.2	1	23.4
957.546	31.48	2.90	91.30	8.01	8.39	67.18	73.6	1	23.4
957.606	31.57	2.88	91.03	8.02	8.35	67.01	73.6	1	23.3
957.710	31.83	2.88	91.54	8.03	8.36	67.18	73.4	1	23.6
957.855	31.27	2.93	91.56	7.95	8.45	67.19	73.4	1	23.6
957.915	31.48	2.91	91.62	8.02	8.35	66.95	73.1	1	23.6
958.019	31.33	2.92	91.52	8.01	8.42	67.39	73.6	1	23.6
958.164	31.51	2.89	91.17	7.97	8.48	67.55	74.1	1	23.4
958.224	31.68	2.89	91.50	8.02	8.33	66.80	73.0	1	23.3
958.328	31.98	2.85	90.99	8.01	8.47	67.81	74.5	1	23.1
958.473	31.89	2.87	91.62	8.03	8.41	67.58	73.8	1	23.4
958.533	31.61	2.91	91.91	8.01	8.46	67.79	73.8	1	23.6
958.637	31.37	2.93	91.94	8.01	8.53	68.30	74.3	1	23.7
958.782	31.42	2.91	91.29	8.00	8.44	67.53	74.0	1	23.6
958.842	31.44	2.91	91.52	8.05	8.31	66.90	73.1	1	23.6
958.946	31.45	2.90	91.31	8.04	8.50	68.37	74.9	1	23.6
959.091	31.19	2.92	91.16	7.95	8.54	67.86	74.4	1	23.6
959.151	31.53	2.91	91.59	8.03	8.39	67.42	73.6	1	23.4
959.255	31.62	2.89	91.53	7.94	8.52	67.67	73.9	1	23.3
959.400	31.62	2.89	91.23	8.06	8.40	67.66	74.2	1	23.6
959.460	31.37	2.91	91.34	8.01	8.55	68.45	74.9	1	23.4
959.564	31.73	2.89	91.60	8.05	8.41	67.69	73.9	1	23.4
959.709	31.71	2.87	90.90	8.02	8.39	67.25	74.0	1	23.4
959.769	31.70	2.86	90.73	8.03	8.35	67.07	73.9	1	23.3
959.873	32.01	2.84	90.78	8.03	8.44	67.78	74.7	1	23.1
960.018	31.99	2.85	91.16	7.95	8.39	66.68	73.1	1	23.1
960.078	31.94	2.83	90.28	8.00	8.31	66.49	73.7	1	23.1
960.182	32.05	2.83	90.79	7.94	8.40	66.71	73.5	1	23.0
960.327	32.22	2.81	90.51	7.93	8.43	66.81	73.8	1	23.0
960.387	32.29	2.80	90.34	7.95	8.32	66.12	73.2	1	23.0
960.491	32.24	2.82	90.78	7.99	8.40	67.10	73.9	1	23.1
960.636	32.14	2.81	90.26	8.03	8.38	67.28	74.5	1	23.1
960.696	32.00	2.82	90.38	7.97	8.37	66.73	73.8	1	23.0
960.800	31.97	2.80	89.66	7.98	8.42	67.19	74.9	1	23.0
960.945	31.92	2.83	90.43	8.03	8.30	66.65	73.7	1	23.3
961.005	31.98	2.83	90.68	8.07	8.33	67.23	74.1	1	23.4
961.109	31.67	2.89	91.38	8.03	8.32	66.78	73.1	1	23.6
961.254	30.95	2.94	91.11	7.92	8.55	67.73	74.3	1	23.7
961.314	31.16	2.93	91.22	8.02	8.36	67.07	73.5	1	23.6
961.418	31.22	2.93	91.60	7.99	8.39	67.06	73.2	1	23.4
961.563	31.73	2.91	92.26	7.98	8.49	67.76	73.4	1	23.3
961.623	31.67	2.90	91.77	7.97	8.39	66.83	72.8	1	23.3
961.727	31.56	2.89	91.25	7.96	8.45	67.27	73.7	1	23.3
961.872	31.41	2.91	91.44	7.93	8.51	67.48	73.8	1	23.6
961.932	31.36	2.92	91.53	7.97	8.47	67.55	73.8	1	23.6
962.036	31.27	2.93	91.64	8.02	8.31	66.58	72.7	1	23.7
962.181	31.49	2.90	91.35	8.00	8.35	66.82	73.1	1	23.6
962.241	31.30	2.91	91.02	8.00	8.28	66.19	72.7	1	23.7
962.345	31.20	2.91	90.79	8.02	8.39	67.30	74.1	1	23.6
962.490	31.18	2.92	91.01	8.00	8.50	67.98	74.7	1	23.6
962.550	31.39	2.92	91.52	8.00	8.44	67.52	73.8	1	23.4
962.654	31.49	2.90	91.44	7.97	8.47	67.51	73.8	1	23.3
962.799	31.50	2.90	91.24	7.93	8.45	67.02	73.4	1	23.4
962.859	31.25	2.91	91.08	7.90	8.38	66.19	72.7	1	23.4
962.963	31.27	2.91	90.94	7.91	8.33	65.95	72.5	1	23.3
963.108	31.28	2.90	90.60	7.85	8.55	67.11	74.1	1	23.4
963.168	31.33	2.90	90.85	7.93	8.37	66.39	73.1	1	23.6
963.272	31.14	2.93	91.27	7.91	8.56	67.77	74.3	1	23.7
963.417	30.83	2.96	91.14	7.96	8.38	66.68	73.2	1	23.7
963.477	30.94	2.95	91.17	8.00	8.36	66.83	73.3	1	23.7
963.581	30.66	2.97	91.16	7.95	8.46	67.30	73.8	1	23.9
963.726	30.54	2.98	91.05	8.01	8.42	67.48	74.1	1	24.0
963.786	30.34	2.99	90.76	7.94	8.55	67.88	74.8	1	24.0
963.890	30.44	2.99	91.03	7.92	8.50	67.33	74.0	1	23.9
964.035	30.74	2.96	90.83	7.97	8.43	67.13	73.9	1	23.7
964.095	30.90	2.95	91.11	7.96	8.45	67.27	73.8	1	23.7
964.199	31.09	2.95	91.60	7.97	8.39	66.87	73.0	1	23.7
964.344	30.86	2.95	91.00	7.89	8.60	67.84	74.5	1	23.7
964.404	31.02	2.94	91.22	7.93	8.50	67.35	73.8	1	23.7
964.508	30.96	2.94	90.87	7.99	8.40	67.07	73.8	1	23.7
964.653	30.69	2.95	90.48	7.98	8.36	66.69	73.7	1	23.7
964.713	30.86	2.95	91.01	7.94	8.57	68.05	74.8	1	23.6
964.817	31.14	2.93	91.33	7.98	8.48	67.68	74.1	1	23.4
964.962	31.34	2.91	91.25	7.97	8.52	67.88	74.4	1	23.6
965.022	31.19	2.92	91.02	8.00	8.36	66.87	73.5	1	23.7
965.126	30.95	2.95	91.21	7.94	8.47	67.30	73.8	1	23.7
965.271	31.13	2.93	91.33	7.94	8.33	66.13	72.4	1	23.4
965.331	31.32	2.92	91.51	7.94	8.54	67.81	74.1	1	23.4
965.435	31.53	2.90	91.33	8.00	8.36	66.83	73.2	1	23.4
965.580	31.59	2.87	90.71	8.06	8.27	66.70	73.5	1	23.4
965.640	31.40	2.90	90.94	7.98	8.34	66.59	73.2	1	23.3
965.744	31.83	2.86	91.05	8.04	8.32	66.90	73.5	1	23.3
965.889	31.82	2.87	91.18	8.02	8.25	66.22	72.6	1	23.3
965.949	31.97	2.86	91.58	8.05	8.30	66.79	72.9	1	23.1
966.053	32.29	2.82	91.13	8.01	8.34	66.78	73.3	1	23.0
966.198	32.37	2.83	91.59	7.98	8.30	66.26	72.3	1	23.0
966.258	32.36	2.82	91.33	7.96	8.55	68.06	74.5	1	23.0
966.362	32.14	2.84	91.27	7.99	8.33	66.57	72.9	1	23.1
966.507	32.19	2.84	91.48	8.01	8.46	67.76	74.1	1	23.1
966.567	32.23	2.83	91.31	8.02	8.34	66.93	73.3	1	23.1
966.671	32.30	2.82	91.23	8.00	8.35	66.80	73.2	1	23.0
966.816	32.11	2.82	90.47	7.96	8.53	67.92	75.1	1	23.3
966.876	31.82	2.85	90.65	8.01	8.26	66.17	73.0	1	23.3
966.980	31.71	2.86	90.79	8.01	8.42	67.39	74.2	1	23.6
967.125	31.34	2.90	90.90	8.01	8.43	67.45	74.2	1	23.6
967.185	31.48	2.89	90.93	8.10	8.30	67.20	73.9	1	23.6
967.289	31.01	2.92	90.46	8.00	8.47	67.73	74.9	1	23.7
967.434	31.18	2.92	91.03	7.94	8.47	67.26	73.9	1	23.4
967.494	31.44	2.89	90.93	7.95	8.48	67.39	74.1	1	23.3
967.598	31.72	2.86	90.84	7.96	8.52	67.82	74.7	1	23.1
967.743	31.88	2.85	90.85	7.98	8.40	67.05	73.8	1	23.3
967.803	31.92	2.85	90.82	7.99	8.40	67.09	73.9	1	23.1
967.907	32.03	2.84	90.86	8.01	8.36	66.91	73.6	1	23.0
968.052	32.12	2.83	90.79	8.01	8.31	66.60	73.4	1	23.1
968.112	31.76	2.84	90.05	8.00	8.37	66.98	74.4	1	23.1
968.216	31.99	2.83	90.69	7.99	8.30	66.35	73.2	1	22.8
968.361	32.48	2.81	91.31	7.98	8.29	66.20	72.5	1	22.7
968.421	32.42	2.80	90.74	7.87	8.52	67.06	73.9	1	22.8
968.525	32.57	2.78	90.47	8.00	8.29	66.27	73.2	1	22.8
968.670	32.49	2.80	90.83	7.97	8.40	66.92	73.7	1	23.0
968.730	32.34	2.81	90.85	8.01	8.26	66.21	72.9	1	23.1
968.834	32.30	2.81	90.67	8.05	8.24	66.28	73.1	1	23.0
968.979	32.57	2.80	91.08	8.05	8.29	66.76	73.3	1	22.8
969.039	32.54	2.80	91.13	8.00	8.38	67.08	73.6	1	22.8
969.143	32.45	2.78	90.07	8.00	8.39	67.15	74.6	1	22.8
969.288	32.32	2.82	90.99	7.98	8.31	66.30	72.9	1	23.1
969.348	32.23	2.82	90.88	8.04	8.29	66.66	73.3	1	23.3
969.452	31.77	2.87	91.29	7.98	8.47	67.55	74.0	1	23.4
969.597	31.47	2.90	91.19	8.01	8.47	67.83	74.4	1	23.6
969.657	31.47	2.90	91.30	8.01	8.35	66.87	73.2	1	23.4
969.761	31.57	2.91	91.78	7.96	8.42	67.03	73.0	1	23.3
969.906	31.84	2.87	91.54	8.05	8.31	66.90	73.1	1	23.3
969.966	31.82	2.88	91.54	8.00	8.35	66.79	73.0	1	23.3
970.070	32.05	2.84	91.12	8.06	8.38	67.49	74.1	1	23.3
970.214	31.59	2.91	92.01	7.99	8.44	67.48	73.3	1	23.6
970.274	31.56	2.91	91.80	8.05	8.46	68.08	74.2	1	23.7
970.378	31.32	2.92	91.60	8.11	8.31	67.42	73.6	1	23.6
970.523	31.25	2.91	91.00	8.02	8.43	67.56	74.2	1	23.6
970.583	31.42	2.89	90.94	8.09	8.35	67.53	74.3	1	23.6
970.687	31.21	2.91	90.69	8.05	8.28	66.70	73.5	1	23.7
970.832	31.26	2.93	91.46	8.04	8.53	68.64	75.1	1	23.7
970.892	31.39	2.92	91.73	8.08	8.38	67.70	73.8	1	23.9
970.996	30.97	2.95	91.40	8.12	8.20	66.62	72.9	1	24.0
971.141	30.66	2.98	91.32	7.99	8.51	68.01	74.5	1	24.0
971.201	30.60	2.98	91.12	8.07	8.32	67.14	73.7	1	24.2
971.305	30.45	2.99	91.14	8.07	8.20	66.21	72.6	1	24.0
971.450	30.65	2.98	91.37	8.05	8.47	68.21	74.7	1	24.0
971.510	30.83	2.96	91.15	8.07	8.37	67.51	74.1	1	23.9
971.614	30.71	2.96	91.03	8.07	8.34	67.26	73.9	1	23.9
971.759	31.25	2.93	91.58	8.10	8.42	68.21	74.5	1	23.7
971.819	31.23	2.92	91.22	8.11	8.29	67.17	73.6	1	23.7
971.923	31.06	2.93	90.86	8.04	8.40	67.54	74.3	1	23.7
972.068	31.46	2.89	90.98	8.16	8.17	66.59	73.2	1	23.7
972.128	31.19	2.92	91.07	8.08	8.23	66.53	73.1	1	23.7
972.232	31.16	2.92	90.94	8.09	8.40	67.91	74.7	1	23.9
972.377	31.13	2.94	91.40	8.15	8.28	67.49	73.8	1	24.0
972.437	31.10	2.94	91.46	8.15	8.27	67.42	73.7	1	24.0
972.541	31.08	2.94	91.53	8.09	8.45	68.44	74.8	1	23.9
972.686	31.20	2.94	91.56	8.15	8.22	67.02	73.2	1	23.9
972.746	31.01	2.94	91.19	8.12	8.39	68.17	74.7	1	24.0
972.850	30.90	2.94	90.80	8.12	8.30	67.46	74.3	1	24.0
972.995	30.50	2.97	90.74	8.05	8.30	66.83	73.6	1	24.0
973.055	30.55	2.96	90.54	8.02	8.52	68.37	75.5	1	24.2
973.159	30.45	2.99	90.90	8.05	8.40	67.59	74.4	1	24.3
973.304	30.54	2.99	91.36	7.99	8.50	67.95	74.4	1	24.0
973.364	30.85	2.96	91.41	8.03	8.38	67.30	73.6	1	23.9
973.468	30.86	2.96	91.22	8.08	8.29	67.01	73.5	1	23.9
973.613	30.78	2.96	91.02	8.08	8.27	66.82	73.4	1	24.0
973.673	30.59	2.97	90.75	8.03	8.24	66.18	72.9	1	24.0
973.777	30.44	2.98	90.83	8.03	8.39	67.41	74.2	1	24.0
973.922	30.72	2.98	91.49	8.01	8.46	67.73	74.0	1	24.0
973.982	30.63	2.98	91.32	8.04	8.34	66.99	73.4	1	23.9
974.086	30.63	2.97	91.02	8.04	8.44	67.86	74.6	1	24.0
974.231	30.77	2.94	90.48	8.04	8.38	67.38	74.5	1	24.0
974.291	30.67	2.97	90.99	8.05	8.28	66.64	73.2	1	24.0
974.395	30.46	2.99	90.93	8.04	8.39	67.44	74.2	1	24.3
974.540	30.39	2.99	91.03	8.08	8.40	67.90	74.6	1	24.3
974.600	30.11	3.00	90.40	8.02	8.40	67.37	74.5	1	24.3
974.704	30.36	2.98	90.47	8.13	8.27	67.20	74.3	1	24.2
974.848	30.39	3.00	91.06	8.07	8.39	67.70	74.3	1	24.2
974.908	30.48	2.97	90.54	8.08	8.31	67.08	74.1	1	24.0
975.012	30.52	2.99	91.22	8.05	8.35	67.16	73.6	1	24.3
975.157	30.31	2.99	90.60	8.01	8.49	68.00	75.0	1	24.2
975.217	30.51	2.98	90.88	8.08	8.35	67.46	74.2	1	24.2
975.321	30.62	2.98	91.27	8.08	8.24	66.60	73.0	1	24.0
975.466	31.17	2.93	91.37	8.12	8.24	66.93	73.2	1	23.7
975.526	30.94	2.94	91.09	8.02	8.31	66.68	73.2	1	23.7
975.630	31.18	2.94	91.69	8.10	8.32	67.41	73.5	1	24.0
975.775	31.03	2.94	91.18	8.12	8.28	67.20	73.7	1	24.0
975.835	30.79	2.95	90.98	8.06	8.46	68.24	75.0	1	24.0
975.939	30.66	2.97	91.07	8.05	8.33	67.09	73.7	1	24.0
976.084	30.72	2.97	91.32	8.07	8.37	67.53	73.9	1	24.0
976.144	30.71	2.97	91.19	8.07	8.39	67.74	74.3	1	24.0
976.248	30.42	2.99	90.98	8.00	8.44	67.57	74.3	1	24.0
976.393	30.89	2.95	91.18	8.07	8.40	67.82	74.4	1	24.0
976.453	30.83	2.96	91.29	8.10	8.28	67.11	73.5	1	24.2
976.557	30.57	2.97	90.76	8.13	8.37	68.06	75.0	1	24.0
976.702	30.62	2.96	90.56	8.13	8.27	67.24	74.3	1	24.2
976.762	30.44	2.97	90.53	8.09	8.36	67.63	74.7	1	24.2
976.866	30.34	3.00	90.98	8.03	8.36	67.13	73.8	1	24.3
977.011	30.28	3.01	91.11	7.99	8.43	67.36	73.9	1	24.2
977.071	30.64	2.99	91.61	8.02	8.40	67.41	73.6	1	24.0
977.175	30.88	2.95	91.10	8.07	8.45	68.22	74.9	1	24.0
977.320	30.90	2.96	91.33	8.11	8.26	67.03	73.4	1	23.7
977.380	31.08	2.93	91.03	8.12	8.26	67.08	73.7	1	23.9
977.484	31.14	2.94	91.53	8.14	8.27	67.26	73.5	1	24.0
977.629	30.60	2.98	91.33	8.06	8.37	67.44	73.8	1	24.2
977.689	30.55	2.99	91.35	8.09	8.39	67.90	74.3	1	24.2
977.793	30.58	2.98	91.18	8.10	8.31	67.29	73.8	1	24.2
977.938	30.47	3.00	91.27	8.03	8.31	66.77	73.2	1	23.9
977.998	30.66	2.98	91.24	8.10	8.31	67.31	73.8	1	23.9
978.102	31.02	2.95	91.63	8.16	8.28	67.55	73.7	1	23.9
978.247	31.19	2.95	91.88	8.13	8.32	67.65	73.6	1	23.7
978.307	31.22	2.95	91.97	8.10	8.26	66.87	72.7	1	23.6
978.411	31.62	2.91	91.99	8.08	8.34	67.44	73.3	1	23.6
978.556	31.62	2.89	91.30	8.07	8.33	67.22	73.6	1	23.6
978.616	31.42	2.91	91.41	8.08	8.33	67.31	73.6	1	23.7
978.720	31.19	2.94	91.75	8.07	8.36	67.52	73.6	1	23.9
978.865	31.28	2.93	91.50	8.08	8.48	68.54	74.9	1	23.7
978.925	31.40	2.91	91.46	8.13	8.31	67.56	73.9	1	23.7
979.029	31.60	2.89	91.30	8.12	8.32	67.52	74.0	1	23.6
979.174	31.39	2.91	91.48	7.99	8.53	68.15	74.5	1	23.7
979.234	31.49	2.90	91.41	8.09	8.36	67.64	74.0	1	23.9
979.338	31.07	2.95	91.57	8.07	8.46	68.30	74.6	1	24.0
979.483	30.80	2.97	91.40	8.07	8.36	67.45	73.8	1	23.7
979.543	31.20	2.93	91.49	8.15	8.34	67.96	74.3	1	23.7
979.647	31.30	2.92	91.48	8.13	8.33	67.72	74.0	1	23.7
979.792	31.24	2.93	91.52	8.02	8.41	67.44	73.7	1	23.7
979.852	31.33	2.94	92.04	8.05	8.44	67.95	73.8	1	23.9
979.956	31.27	2.93	91.67	8.15	8.29	67.62	73.8	1	23.9
980.101	31.29	2.93	91.70	8.21	8.28	67.96	74.1	1	23.9
980.161	31.13	2.94	91.45	8.16	8.33	67.94	74.3	1	24.0
980.265	31.13	2.93	91.29	8.11	8.47	68.75	75.3	1	23.9
980.410	31.28	2.94	91.84	8.12	8.37	67.91	73.9	1	23.7
980.470	31.41	2.93	92.11	8.13	8.34	67.81	73.6	1	23.6
980.574	31.35	2.92	91.44	8.13	8.28	67.31	73.6	1	23.7
980.719	31.50	2.90	91.43	8.19	8.23	67.36	73.7	1	23.7
980.779	31.33	2.92	91.55	8.19	8.23	67.45	73.7	1	23.9
980.883	31.08	2.93	91.23	8.14	8.22	66.90	73.3	1	23.9
981.028	31.22	2.92	91.31	8.17	8.31	67.85	74.3	1	24.0
981.088	30.91	2.96	91.49	8.06	8.52	68.69	75.1	1	24.2
981.192	30.35	2.97	90.20	8.06	8.36	67.36	74.7	1	24.0
981.337	30.83	2.96	91.33	8.11	8.34	67.68	74.1	1	23.9
981.397	30.95	2.95	91.30	8.11	8.35	67.68	74.1	1	23.7
981.501	31.34	2.91	91.09	8.17	8.15	66.59	73.1	1	23.6
981.646	31.07	2.94	91.34	8.07	8.43	68.00	74.4	1	23.9
981.706	31.14	2.94	91.50	8.11	8.32	67.49	73.8	1	23.9
981.810	31.11	2.94	91.47	8.12	8.30	67.37	73.7	1	23.9
981.955	30.94	2.96	91.61	8.06	8.47	68.31	74.6	1	23.9
982.015	31.08	2.94	91.44	8.09	8.37	67.74	74.1	1	23.9
982.119	30.87	2.95	91.05	8.06	8.31	67.03	73.6	1	23.9
982.264	31.29	2.92	91.28	8.06	8.43	67.90	74.4	1	23.6
982.324	31.30	2.92	91.32	8.08	8.36	67.47	73.9	1	23.7
982.428	31.05	2.93	90.93	8.03	8.40	67.41	74.1	1	23.7
982.573	31.50	2.91	91.69	8.09	8.32	67.36	73.5	1	23.4
982.633	31.59	2.91	91.80	8.12	8.22	66.72	72.7	1	23.3
982.737	31.75	2.89	91.66	8.04	8.42	67.68	73.8	1	23.3
982.882	32.01	2.86	91.59	8.09	8.41	67.98	74.2	1	23.3
982.942	31.93	2.87	91.48	8.03	8.44	67.78	74.1	1	23.1
983.046	32.13	2.83	90.91	8.12	8.26	67.01	73.7	1	23.3
983.191	32.38	2.82	91.26	8.07	8.30	66.95	73.4	1	23.0
983.251	32.35	2.82	91.19	8.03	8.34	66.95	73.4	1	23.0
983.355	32.43	2.82	91.46	8.01	8.41	67.33	73.6	1	23.0
983.500	32.14	2.84	91.37	8.04	8.38	67.41	73.8	1	23.3
983.560	31.98	2.85	91.30	8.00	8.36	66.88	73.3	1	23.1
983.664	31.89	2.86	91.09	7.98	8.49	67.76	74.4	1	23.3
983.809	31.64	2.89	91.46	8.04	8.53	68.64	75.1	1	23.4
983.869	31.52	2.90	91.37	8.05	8.44	67.94	74.4	1	23.6
983.973	31.26	2.93	91.53	8.03	8.41	67.57	73.8	1	23.9
984.118	31.10	2.93	91.25	8.06	8.45	68.11	74.6	1	23.9
984.178	30.74	2.96	90.99	8.01	8.43	67.56	74.2	1	23.9
984.282	30.85	2.96	91.36	8.06	8.50	68.54	75.0	1	24.0
984.427	30.90	2.95	91.27	8.13	8.31	67.59	74.1	1	23.9
984.487	30.98	2.95	91.47	8.15	8.33	67.89	74.2	1	23.9
984.591	30.89	2.94	90.85	8.15	8.24	67.12	73.9	1	24.0
984.736	30.73	2.97	91.24	8.11	8.20	66.50	72.9	1	23.7
984.796	30.96	2.95	91.34	8.07	8.38	67.61	74.0	1	23.7
984.900	31.36	2.91	91.32	8.11	8.17	66.24	72.5	1	23.6
985.045	31.32	2.92	91.48	8.01	8.40	67.34	73.6	1	23.7
985.105	31.44	2.90	91.21	8.11	8.29	67.25	73.7	1	23.9
985.209	31.32	2.91	91.24	8.09	8.37	67.77	74.3	1	23.7
985.354	31.22	2.91	90.95	8.06	8.48	68.41	75.2	1	23.7
985.414	31.25	2.92	91.24	8.11	8.31	67.34	73.8	1	23.9
985.518	30.75	2.97	91.32	8.07	8.36	67.49	73.9	1	24.2
985.663	30.64	2.98	91.21	8.17	8.26	67.51	74.0	1	24.0
985.723	30.48	2.99	91.24	8.06	8.33	67.11	73.6	1	23.9
985.827	30.65	2.98	91.47	8.04	8.38	67.42	73.7	1	24.0
985.972	30.68	3.00	91.93	8.01	8.45	67.71	73.7	1	24.2
986.032	30.30	3.01	91.27	7.94	8.43	66.93	73.3	1	24.3
986.136	30.37	3.00	91.06	7.99	8.43	67.36	74.0	1	24.3
986.281	30.32	3.00	90.87	8.06	8.34	67.22	74.0	1	24.3
986.341	30.10	3.01	90.72	8.00	8.33	66.62	73.4	1	24.2
986.445	30.43	3.00	91.26	8.04	8.28	66.57	72.9	1	24.2
986.590	30.44	3.00	91.18	8.04	8.32	66.93	73.4	1	24.2
986.650	30.46	2.98	90.69	8.03	8.47	67.98	75.0	1	24.0
986.754	30.45	2.97	90.53	8.08	8.35	67.41	74.5	1	24.0
986.899	30.53	2.98	90.87	8.12	8.24	66.94	73.7	1	24.3
986.959	30.42	2.99	91.03	8.11	8.26	66.94	73.5	1	24.3
987.063	30.16	3.01	90.77	8.07	8.33	67.25	74.1	1	24.3
987.208	30.31	3.00	90.85	8.12	8.24	66.96	73.7	1	24.2
987.268	30.45	2.99	90.99	8.08	8.42	68.06	74.8	1	24.0
987.372	30.73	2.97	91.25	8.10	8.37	67.78	74.3	1	24.0
987.517	30.67	2.97	91.05	8.03	8.44	67.78	74.4	1	24.0
987.577	30.60	2.98	91.07	8.04	8.46	68.06	74.7	1	24.0
987.681	30.69	2.97	91.08	8.08	8.27	66.76	73.3	1	24.2
987.826	30.67	2.97	91.18	8.06	8.39	67.64	74.2	1	23.9
987.886	30.92	2.95	91.19	8.11	8.36	67.76	74.3	1	23.9
987.990	30.93	2.94	90.90	8.07	8.37	67.53	74.3	1	23.9
988.135	30.76	2.96	90.94	8.10	8.37	67.78	74.5	1	24.0
988.195	30.71	2.96	90.80	8.13	8.27	67.23	74.0	1	24.0
988.299	30.92	2.96	91.65	8.11	8.43	68.35	74.6	1	24.2
988.444	30.54	2.98	90.91	8.01	8.50	68.09	74.9	1	24.0
988.504	30.80	2.95	90.79	8.14	8.30	67.57	74.4	1	24.0
988.608	30.46	2.96	90.11	8.13	8.30	67.44	74.8	1	24.0
988.753	30.90	2.95	91.13	8.13	8.32	67.65	74.2	1	23.9
988.813	30.74	2.95	90.71	8.07	8.26	66.65	73.5	1	23.7
988.917	31.07	2.94	91.29	8.03	8.38	67.28	73.7	1	23.6
989.062	31.35	2.93	91.69	8.12	8.37	67.94	74.1	1	23.7
989.122	31.10	2.93	91.26	8.06	8.38	67.55	74.0	1	23.9
989.226	31.14	2.92	90.99	8.10	8.33	67.52	74.2	1	23.7
989.371	31.35	2.91	91.14	8.10	8.34	67.58	74.1	1	23.7
989.431	31.18	2.91	90.89	8.04	8.46	68.02	74.8	1	23.6
989.535	31.21	2.91	90.89	8.08	8.37	67.67	74.4	1	23.7
989.680	31.12	2.94	91.43	8.12	8.43	68.42	74.8	1	23.9
989.740	31.00	2.94	91.19	8.13	8.38	68.10	74.7	1	24.0
989.844	30.90	2.95	91.29	8.13	8.46	68.76	75.3	1	24.0
989.989	30.79	2.97	91.31	8.12	8.28	67.24	73.6	1	24.2
990.049	30.60	2.97	90.85	8.10	8.28	67.10	73.8	1	24.0
990.153	30.84	2.97	91.63	8.07	8.32	67.15	73.3	1	23.9
990.298	30.74	2.97	91.25	8.11	8.17	66.25	72.6	1	24.0
990.358	30.65	2.98	91.32	8.04	8.30	66.79	73.1	1	24.2
990.462	30.64	2.97	91.08	8.10	8.24	66.71	73.2	1	24.0
990.607	30.69	2.96	90.76	8.07	8.30	66.93	73.7	1	24.0
990.667	30.60	2.97	90.88	8.01	8.50	68.11	75.0	1	24.0
990.771	30.57	2.98	91.24	8.10	8.30	67.23	73.7	1	24.2
990.916	30.12	3.01	90.64	8.07	8.26	66.65	73.5	1	24.2
990.976	30.25	3.00	90.77	8.04	8.38	67.35	74.2	1	24.3
991.079	30.16	3.00	90.35	8.10	8.31	67.31	74.5	1	24.2
991.224	30.29	3.00	90.77	8.04	8.43	67.76	74.7	1	24.2
991.284	30.51	2.99	91.11	8.08	8.39	67.87	74.5	1	24.0
991.388	30.81	2.96	91.34	8.13	8.32	67.61	74.0	1	23.9
991.533	30.69	2.97	91.07	8.06	8.48	68.34	75.0	1	24.2
991.593	30.62	2.97	90.98	8.11	8.30	67.26	73.9	1	24.2
991.697	30.26	2.98	90.12	8.04	8.35	67.14	74.5	1	24.0
991.842	30.48	2.98	90.76	8.11	8.27	67.12	74.0	1	24.3
991.902	29.99	3.01	90.22	8.01	8.31	66.56	73.8	1	24.3
992.006	30.21	3.01	90.90	8.03	8.52	68.35	75.2	1	24.3
992.150	30.44	3.00	91.27	8.10	8.35	67.65	74.1	1	24.0
992.210	30.63	2.99	91.49	8.08	8.43	68.09	74.4	1	24.0
992.314	31.04	2.96	91.83	8.13	8.35	67.91	73.9	1	23.7
992.459	31.19	2.93	91.46	8.08	8.50	68.63	75.0	1	23.9
992.519	31.13	2.92	91.04	8.12	8.33	67.64	74.3	1	23.9
992.623	31.02	2.94	91.32	8.11	8.20	66.49	72.8	1	23.9
992.768	31.18	2.94	91.80	8.15	8.33	67.86	73.9	1	23.9
992.828	31.04	2.95	91.66	8.14	8.25	67.15	73.3	1	24.0
992.932	31.00	2.94	91.27	8.11	8.24	66.88	73.3	1	23.9
993.077	30.96	2.97	91.82	8.02	8.43	67.61	73.6	1	23.7
993.137	31.14	2.95	92.01	8.02	8.51	68.29	74.2	1	23.6
993.241	31.18	2.93	91.42	8.07	8.29	66.88	73.2	1	23.7
993.386	31.37	2.89	90.65	8.07	8.38	67.65	74.6	1	23.4
993.446	31.39	2.89	90.71	8.06	8.30	66.93	73.8	1	23.6
993.550	31.12	2.92	90.88	8.01	8.39	67.22	74.0	1	23.6
993.695	31.52	2.87	90.55	8.07	8.34	67.28	74.3	1	23.3
993.755	31.66	2.87	90.74	8.12	8.26	67.08	73.9	1	23.3
993.859	31.83	2.87	91.28	7.99	8.43	67.38	73.8	1	23.0
994.004	32.18	2.83	91.03	8.05	8.35	67.26	73.9	1	23.1
994.064	32.09	2.84	91.19	8.10	8.30	67.22	73.7	1	23.3
994.168	31.73	2.87	91.16	8.02	8.49	68.05	74.7	1	23.4
994.313	32.02	2.87	91.78	8.08	8.29	66.95	72.9	1	23.3
994.373	31.93	2.85	91.04	8.06	8.37	67.42	74.1	1	23.1
994.477	31.94	2.84	90.66	8.13	8.27	67.29	74.2	1	23.1
994.622	32.05	2.84	90.86	8.07	8.38	67.60	74.4	1	23.3
994.682	32.25	2.84	91.52	8.10	8.36	67.76	74.0	1	23.4
994.786	32.03	2.84	91.08	8.09	8.36	67.60	74.2	1	23.3
994.931	31.82	2.88	91.74	8.09	8.30	67.11	73.2	1	23.6
994.991	31.50	2.88	90.85	8.08	8.41	67.94	74.8	1	23.7
995.095	31.44	2.90	91.31	8.08	8.41	67.90	74.4	1	23.4
995.240	31.72	2.89	91.68	8.07	8.25	66.56	72.6	1	23.4
995.300	31.64	2.89	91.27	8.08	8.38	67.67	74.1	1	23.4
995.404	31.65	2.88	91.08	8.05	8.33	67.04	73.6	1	23.3
995.549	31.62	2.89	91.38	7.99	8.45	67.54	73.9	1	23.3
995.609	31.70	2.87	91.02	8.03	8.38	67.32	74.0	1	23.3
995.713	31.79	2.88	91.51	7.98	8.45	67.44	73.7	1	23.3
995.858	32.09	2.83	90.97	8.06	8.30	66.88	73.5	1	23.3
995.918	31.86	2.87	91.57	8.02	8.28	66.35	72.5	1	23.3
996.022	31.59	2.89	91.45	8.02	8.43	67.62	73.9	1	23.4
996.167	31.52	2.90	91.38	8.07	8.48	68.38	74.8	1	23.6
996.227	31.50	2.89	91.06	8.09	8.28	67.00	73.6	1	23.4
996.331	31.53	2.88	90.83	8.03	8.48	68.05	74.9	1	23.3
996.476	31.53	2.90	91.34	8.07	8.36	67.39	73.8	1	23.6
996.536	31.43	2.92	91.62	8.08	8.33	67.33	73.5	1	23.7
996.640	30.89	2.95	91.23	7.98	8.52	68.04	74.6	1	23.7
996.785	31.09	2.94	91.36	7.96	8.50	67.66	74.1	1	23.6
996.845	31.20	2.93	91.46	7.99	8.48	67.70	74.0	1	23.6
996.949	31.36	2.92	91.48	8.03	8.36	67.21	73.5	1	23.6
997.094	31.29	2.91	91.18	8.14	8.31	67.66	74.2	1	23.6
997.154	31.37	2.91	91.34	8.06	8.52	68.68	75.2	1	23.4
997.258	31.77	2.86	91.01	8.09	8.38	67.81	74.5	1	23.4
997.403	31.76	2.89	91.92	8.07	8.41	67.91	73.9	1	23.7
997.463	31.21	2.92	91.15	8.06	8.38	67.55	74.1	1	23.7
997.567	31.37	2.91	91.32	8.07	8.48	68.42	74.9	1	23.6
997.712	31.46	2.91	91.41	8.12	8.45	68.63	75.1	1	23.7
997.772	31.12	2.93	91.05	8.05	8.39	67.57	74.2	1	23.7
997.876	31.27	2.91	90.86	8.07	8.53	68.82	75.7	1	23.7
998.021	31.31	2.92	91.37	8.15	8.32	67.87	74.3	1	23.9
998.081	30.92	2.96	91.40	8.07	8.40	67.81	74.2	1	23.9
998.185	31.02	2.95	91.43	8.15	8.32	67.76	74.1	1	24.2
998.330	30.69	2.97	91.13	8.06	8.40	67.76	74.4	1	24.2
998.390	30.62	2.97	90.92	8.12	8.27	67.18	73.9	1	24.2
998.494	30.41	2.99	90.84	8.06	8.25	66.53	73.2	1	24.2
998.639	30.59	2.97	90.87	8.09	8.32	67.31	74.1	1	24.0
998.699	30.72	2.96	90.87	8.04	8.45	67.92	74.7	1	23.9
998.802	30.83	2.95	90.99	8.09	8.34	67.42	74.1	1	23.7
998.947	30.97	2.94	91.06	8.00	8.44	67.53	74.2	1	23.9
999.007	31.04	2.93	90.99	8.02	8.48	68.06	74.8	1	23.9
999.111	30.81	2.96	91.07	8.01	8.48	67.89	74.5	1	23.9
999.256	31.01	2.93	90.91	8.07	8.38	67.67	74.4	1	23.7
999.316	31.03	2.93	90.86	8.06	8.37	67.42	74.2	1	23.9
999.420	30.83	2.95	91.02	8.05	8.36	67.30	73.9	1	24.0
999.565	30.52	2.97	90.49	7.98	8.48	67.70	74.8	1	23.9
999.625	30.99	2.95	91.33	8.10	8.29	67.10	73.5	1	23.7
999.729	31.08	2.93	91.01	8.08	8.39	67.73	74.4	1	23.7
999.874	31.33	2.91	91.29	8.14	8.33	67.79	74.3	1	23.9
999.934	30.94	2.94	90.92	8.03	8.58	68.94	75.8	1	23.7
1000.038	31.00	2.94	91.11	8.04	8.34	67.01	73.5	1	23.7
1000.183	31.03	2.95	91.38	8.01	8.40	67.29	73.6	1	23.9
1000.243	30.76	2.95	90.79	8.02	8.29	66.50	73.2	1	24.0
1000.347	30.67	2.96	90.93	7.99	8.36	66.84	73.5	1	23.9
1000.492	30.71	2.96	91.01	8.01	8.31	66.60	73.2	1	23.9
1000.552	30.50	2.97	90.56	7.92	8.52	67.46	74.5	1	23.9
1000.656	30.86	2.95	90.91	8.03	8.32	66.86	73.6	1	23.7
1000.801	30.85	2.94	90.60	8.02	8.33	66.82	73.7	1	23.7
1000.861	30.78	2.93	90.32	8.03	8.45	67.83	75.1	1	23.7
1000.965	30.68	2.94	90.25	8.04	8.23	66.12	73.3	1	23.9
1001.110	30.19	2.99	90.38	7.97	8.33	66.42	73.5	1	24.2
1001.170	30.15	3.00	90.34	7.97	8.43	67.12	74.3	1	24.2
1001.274	30.20	3.01	90.79	7.94	8.46	67.19	74.0	1	24.3
1001.419	30.18	3.00	90.53	7.97	8.37	66.71	73.7	1	24.2
1001.479	29.83	3.01	89.74	7.94	8.29	65.80	73.3	1	24.3
1001.583	30.13	3.00	90.36	7.99	8.43	67.40	74.6	1	24.2
1001.728	30.42	2.98	90.69	8.03	8.33	66.86	73.7	1	24.0
1001.788	30.54	2.98	90.97	8.01	8.40	67.25	73.9	1	23.9
1001.892	30.77	2.95	90.88	8.02	8.43	67.59	74.4	1	23.9
1002.037	30.59	2.99	91.48	7.96	8.37	66.65	72.9	1	24.2
1002.097	30.31	3.01	91.27	7.90	8.55	67.48	73.9	1	24.2
1002.201	30.29	3.00	90.75	7.98	8.30	66.28	73.0	1	24.0
1002.346	30.21	3.00	90.67	7.95	8.45	67.21	74.1	1	24.0
1002.406	30.48	2.98	90.79	8.00	8.40	67.21	74.0	1	23.9
1002.510	30.77	2.96	91.05	8.07	8.32	67.15	73.8	1	23.7
1002.655	30.66	2.97	90.92	7.98	8.50	67.85	74.6	1	24.0
1002.715	30.54	2.97	90.69	8.04	8.36	67.23	74.1	1	24.0
1002.819	30.55	2.96	90.55	7.97	8.47	67.57	74.6	1	23.7
1002.964	31.05	2.94	91.30	8.00	8.43	67.41	73.8	1	23.6
1003.024	30.99	2.94	91.17	7.96	8.54	67.96	74.5	1	23.4
1003.128	31.07	2.92	90.88	7.94	8.55	67.89	74.7	1	23.6
1003.273	31.54	2.88	90.98	8.02	8.42	67.52	74.2	1	23.4
1003.333	31.45	2.89	90.86	8.01	8.40	67.24	74.0	1	23.4
1003.437	31.31	2.92	91.38	7.97	8.50	67.76	74.2	1	23.7
1003.582	30.96	2.95	91.41	7.91	8.57	67.79	74.2	1	23.9
1003.642	31.12	2.93	91.14	8.03	8.37	67.15	73.7	1	23.7
1003.746	30.57	2.96	90.47	7.97	8.36	66.64	73.7	1	23.9
1003.891	30.84	2.96	91.27	8.01	8.54	68.36	74.9	1	24.0
1003.951	30.65	2.98	91.23	7.97	8.44	67.31	73.8	1	23.9
1004.055	30.77	2.95	90.76	7.96	8.53	67.89	74.8	1	23.9
1004.200	31.01	2.94	91.16	8.02	8.37	67.15	73.7	1	23.6
1004.260	30.93	2.93	90.64	8.00	8.40	67.16	74.1	1	23.7
1004.364	31.01	2.92	90.44	8.03	8.36	67.17	74.3	1	23.6
1004.509	31.12	2.91	90.55	7.95	8.46	67.27	74.3	1	23.3
1004.569	31.45	2.89	90.79	7.98	8.48	67.68	74.5	1	23.4
1004.673	31.33	2.90	90.90	7.96	8.40	66.83	73.5	1	23.4
1004.818	31.13	2.93	91.06	8.01	8.25	66.15	72.6	1	23.6
1004.878	31.01	2.92	90.65	7.93	8.56	67.89	74.9	1	23.6
1004.982	31.29	2.91	91.15	8.03	8.38	67.32	73.9	1	23.6
1005.127	31.21	2.90	90.60	8.02	8.41	67.45	74.4	1	23.7
1005.187	31.14	2.92	90.78	8.00	8.41	67.32	74.2	1	23.7
1005.291	30.99	2.93	90.75	7.98	8.52	67.97	74.9	1	23.7
1005.436	31.02	2.94	91.24	8.02	8.38	67.19	73.6	1	23.9
1005.496	30.76	2.96	91.08	7.94	8.50	67.47	74.1	1	23.9
1005.600	30.61	2.96	90.44	7.94	8.40	66.72	73.8	1	23.7
1005.745	31.11	2.93	91.24	7.99	8.49	67.83	74.3	1	23.6
1005.805	31.12	2.93	91.10	8.06	8.29	66.83	73.4	1	23.4
1005.909	31.17	2.90	90.48	8.01	8.35	66.87	73.9	1	23.4
1006.054	30.93	2.93	90.47	7.95	8.51	67.62	74.7	1	23.7
1006.114	31.19	2.90	90.59	8.05	8.32	67.03	74.0	1	23.6
1006.218	31.06	2.92	90.63	8.04	8.24	66.21	73.0	1	23.9
1006.363	30.79	2.96	91.08	8.02	8.41	67.38	74.0	1	24.0
1006.423	30.55	2.97	90.88	7.96	8.39	66.81	73.5	1	24.0
1006.527	30.34	2.97	90.22	7.96	8.40	66.86	74.1	1	23.9
1006.672	30.55	2.97	90.73	7.96	8.49	67.53	74.4	1	23.7
1006.732	30.86	2.94	90.63	7.99	8.40	67.14	74.1	1	23.6
1006.836	30.82	2.94	90.48	7.93	8.40	66.55	73.6	1	23.7
1006.981	30.73	2.94	90.46	7.97	8.33	66.37	73.4	1	23.7
1007.041	31.02	2.92	90.55	7.99	8.54	68.19	75.3	1	23.7
1007.145	30.88	2.95	90.96	7.99	8.24	65.85	72.4	1	23.9
1007.290	30.74	2.95	90.72	7.93	8.36	66.31	73.1	1	23.7
1007.350	30.68	2.96	90.90	7.92	8.34	65.98	72.6	1	23.7
1007.454	30.63	2.96	90.60	7.91	8.55	67.67	74.7	1	23.7
1007.599	30.85	2.94	90.71	7.98	8.50	67.83	74.8	1	23.7
1007.659	30.67	2.96	90.75	7.92	8.52	67.43	74.3	1	23.6
1007.763	31.00	2.92	90.56	8.00	8.42	67.41	74.4	1	23.6
1007.908	31.05	2.92	90.81	7.95	8.55	67.95	74.8	1	23.6
1007.968	31.20	2.91	90.93	8.02	8.38	67.20	73.9	1	23.4
1008.072	31.40	2.90	91.05	8.01	8.38	67.06	73.7	1	23.4
1008.217	31.58	2.89	91.22	7.93	8.54	67.74	74.3	1	23.4
1008.277	31.50	2.90	91.19	7.98	8.40	66.97	73.4	1	23.6
1008.381	31.37	2.89	90.69	7.95	8.41	66.88	73.8	1	23.4
1008.526	31.53	2.87	90.44	7.99	8.48	67.70	74.9	1	23.3
1008.586	31.50	2.89	90.99	8.01	8.37	67.05	73.7	1	23.4
1008.690	31.27	2.90	90.74	7.98	8.52	67.94	74.9	1	23.4
1008.835	31.17	2.91	90.63	8.02	8.46	67.88	74.9	1	23.7
1008.895	30.74	2.93	89.94	7.97	8.40	66.97	74.5	1	23.6
1008.999	31.24	2.91	90.85	8.04	8.35	67.11	73.9	1	23.6
1009.144	31.52	2.90	91.40	8.03	8.39	67.36	73.7	1	23.4
1009.204	31.56	2.89	91.24	8.04	8.38	67.37	73.8	1	23.3
1009.308	31.52	2.89	91.22	7.97	8.45	67.27	73.7	1	23.4
1009.453	31.71	2.86	90.71	8.06	8.40	67.70	74.6	1	23.1
1009.513	31.69	2.87	90.84	7.98	8.45	67.43	74.2	1	23.3
1009.617	31.55	2.89	91.22	7.99	8.42	67.29	73.8	1	23.4
1009.762	31.87	2.86	91.09	7.98	8.41	67.13	73.7	1	23.1
1009.822	32.04	2.83	90.69	7.98	8.38	66.90	73.8	1	23.0
1009.926	32.11	2.82	90.44	8.03	8.37	67.18	74.3	1	23.1
1010.071	32.19	2.83	91.23	7.97	8.35	66.62	73.0	1	22.8
1010.131	32.40	2.80	90.68	8.00	8.41	67.26	74.2	1	22.8
1010.235	32.52	2.78	90.30	8.04	8.29	66.64	73.8	1	22.8
1010.380	32.41	2.79	90.42	8.00	8.47	67.71	74.9	1	23.0
1010.440	32.23	2.82	91.00	8.04	8.21	65.97	72.5	1	23.1
1010.544	31.95	2.85	90.93	7.98	8.43	67.32	74.0	1	23.1
1010.689	31.96	2.83	90.47	8.03	8.30	66.67	73.7	1	23.1
1010.749	32.07	2.81	90.10	7.98	8.54	68.14	75.6	1	23.0
1010.853	32.15	2.81	90.21	8.02	8.39	67.32	74.6	1	23.0
1010.998	32.23	2.81	90.44	8.00	8.46	67.68	74.8	1	23.0
1011.058	32.21	2.81	90.47	8.06	8.26	66.52	73.5	1	23.1
1011.162	31.85	2.84	90.56	7.99	8.38	66.92	73.9	1	23.3
1011.307	31.54	2.88	90.87	7.99	8.27	66.03	72.7	1	23.3
1011.367	31.54	2.88	90.69	7.90	8.46	66.84	73.7	1	23.1
1011.471	31.69	2.86	90.49	8.05	8.34	67.09	74.1	1	23.3
1011.616	31.72	2.85	90.45	8.05	8.28	66.64	73.7	1	23.3
1011.676	31.62	2.87	90.69	7.96	8.51	67.79	74.7	1	23.3
1011.780	31.75	2.87	91.09	8.02	8.36	67.05	73.6	1	23.4
1011.925	31.64	2.90	91.64	8.03	8.36	67.13	73.3	1	23.4
1011.985	31.53	2.89	91.24	8.00	8.53	68.23	74.8	1	23.6
1012.089	31.27	2.92	91.27	8.02	8.29	66.46	72.8	1	23.6
1012.234	31.34	2.90	91.04	8.04	8.47	68.15	74.9	1	23.6
1012.294	31.43	2.89	90.74	8.11	8.40	68.09	75.0	1	23.6
1012.398	31.18	2.91	90.65	8.06	8.33	67.15	74.1	1	23.7
1012.543	31.48	2.91	91.46	8.13	8.25	67.03	73.3	1	23.4
1012.603	31.49	2.91	91.48	8.09	8.32	67.36	73.6	1	23.6
1012.707	31.39	2.90	90.89	8.08	8.33	67.30	74.0	1	23.4
1012.852	31.62	2.89	91.50	8.11	8.33	67.54	73.8	1	23.7
1012.912	31.22	2.92	91.27	8.06	8.24	66.47	72.8	1	23.9
1013.016	31.11	2.92	90.83	8.03	8.39	67.43	74.2	1	23.9
1013.161	30.90	2.95	91.26	8.02	8.23	66.04	72.4	1	24.0
1013.221	30.69	2.96	90.78	8.02	8.34	66.89	73.7	1	24.0
1013.325	30.83	2.93	90.29	8.10	8.23	66.63	73.8	1	23.9
1013.470	30.44	2.96	90.18	8.00	8.39	67.11	74.4	1	24.0
1013.530	30.59	2.95	90.30	8.06	8.26	66.56	73.7	1	24.0
1013.634	30.32	2.98	90.48	7.98	8.35	66.60	73.6	1	24.0
1013.779	30.39	2.97	90.31	8.05	8.34	67.14	74.3	1	24.0
1013.839	30.42	2.97	90.29	8.05	8.25	66.47	73.6	1	24.0
1013.943	30.69	2.96	90.92	8.01	8.38	67.07	73.8	1	23.7
1014.088	31.05	2.93	91.01	8.00	8.44	67.56	74.2	1	23.7
1014.148	30.92	2.94	90.87	8.00	8.37	66.96	73.7	1	23.7
1014.252	31.16	2.91	90.82	8.06	8.35	67.24	74.0	1	23.7
1014.397	31.18	2.93	91.32	8.10	8.32	67.33	73.7	1	23.7
1014.457	31.10	2.93	91.27	8.08	8.38	67.72	74.2	1	23.9
1014.561	30.76	2.95	90.71	8.02	8.51	68.30	75.3	1	23.7
1014.706	31.01	2.93	90.99	8.00	8.27	66.14	72.7	1	23.7
1014.766	31.06	2.92	90.65	8.01	8.40	67.28	74.2	1	23.6
1014.870	31.36	2.90	90.92	8.02	8.39	67.30	74.0	1	23.4
1015.015	31.01	2.92	90.52	8.03	8.32	66.79	73.8	1	23.7
1015.075	31.08	2.93	90.93	8.03	8.39	67.38	74.1	1	23.6
1015.179	31.46	2.89	91.08	8.04	8.40	67.54	74.2	1	23.4
1015.324	31.41	2.90	90.93	8.05	8.34	67.08	73.8	1	23.4
1015.384	31.47	2.89	91.02	8.05	8.38	67.40	74.0	1	23.4
1015.488	31.55	2.87	90.60	8.06	8.32	67.13	74.1	1	23.6
1015.633	30.97	2.93	90.83	8.03	8.32	66.82	73.6	1	23.9
1015.693	31.00	2.94	91.19	8.02	8.43	67.57	74.1	1	23.9
1015.797	30.92	2.94	91.03	8.10	8.26	66.86	73.5	1	23.9
1015.942	30.82	2.97	91.60	7.97	8.39	66.85	73.0	1	23.9
1016.002	30.84	2.97	91.53	8.02	8.35	66.96	73.1	1	24.0
1016.106	30.48	2.98	90.81	7.90	8.48	66.98	73.8	1	24.0
1016.251	30.84	2.96	91.40	7.98	8.42	67.22	73.5	1	23.9
1016.311	30.67	2.98	91.33	7.92	8.54	67.63	74.1	1	23.7
1016.415	30.89	2.95	91.18	7.99	8.41	67.21	73.7	1	23.9
1016.560	30.79	2.95	90.84	7.99	8.42	67.24	74.0	1	23.7
1016.620	31.09	2.92	90.91	8.05	8.48	68.21	75.0	1	23.6
1016.724	30.97	2.94	91.05	7.98	8.44	67.40	74.0	1	23.9
1016.869	30.97	2.93	90.74	8.03	8.27	66.47	73.2	1	23.7
1016.929	30.85	2.94	90.57	8.00	8.36	66.82	73.8	1	23.7
1017.033	31.09	2.92	90.85	8.00	8.37	66.98	73.7	1	23.6
1017.178	31.05	2.92	90.81	8.04	8.38	67.39	74.2	1	23.7
1017.238	30.95	2.93	90.74	8.01	8.49	68.04	75.0	1	23.7
1017.342	30.99	2.92	90.42	8.03	8.46	67.96	75.2	1	23.7
1017.487	31.25	2.91	90.82	8.03	8.26	66.29	73.0	1	23.6
1017.547	31.19	2.91	90.79	7.94	8.49	67.37	74.2	1	23.6
1017.651	31.33	2.89	90.51	8.07	8.24	66.53	73.5	1	23.7
1017.796	30.92	2.93	90.67	8.01	8.35	66.90	73.8	1	23.9
1017.856	30.89	2.92	90.23	8.02	8.34	66.90	74.1	1	23.7
1017.960	30.90	2.93	90.54	7.96	8.48	67.50	74.6	1	23.6
1018.105	31.52	2.88	90.80	8.01	8.45	67.63	74.5	1	23.3
1018.165	31.41	2.89	90.86	8.01	8.34	66.83	73.6	1	23.4
1018.269	31.15	2.92	91.03	7.98	8.35	66.61	73.2	1	23.7
1018.414	30.97	2.93	90.78	7.94	8.36	66.32	73.1	1	23.4
1018.474	31.31	2.91	91.11	7.96	8.47	67.43	74.0	1	23.3
1018.578	31.57	2.89	91.12	7.98	8.52	67.97	74.6	1	23.3
1018.723	31.76	2.86	90.83	8.02	8.46	67.81	74.7	1	23.3
1018.783	31.48	2.88	90.54	8.01	8.33	66.69	73.7	1	23.3
1018.887	31.56	2.87	90.69	7.93	8.55	67.79	74.7	1	23.1
1019.032	31.83	2.84	90.29	7.97	8.46	67.42	74.7	1	23.1
1019.092	31.96	2.83	90.33	8.02	8.32	66.69	73.8	1	23.1
1019.196	31.84	2.84	90.47	7.96	8.37	66.66	73.7	1	23.0
1019.341	32.17	2.81	90.34	7.92	8.43	66.71	73.8	1	22.8
1019.401	32.33	2.80	90.44	7.95	8.26	65.66	72.6	1	22.7
1019.505	32.37	2.79	90.22	7.93	8.40	66.58	73.8	1	22.8
1019.650	32.45	2.79	90.38	7.95	8.29	65.92	72.9	1	22.7
1019.710	32.37	2.79	90.34	7.88	8.48	66.80	73.9	1	22.5
1019.814	32.38	2.78	89.88	7.89	8.45	66.67	74.2	1	22.5
1019.959	32.65	2.74	89.60	7.88	8.37	65.99	73.7	1	22.4
1020.019	32.65	2.74	89.62	7.85	8.51	66.76	74.5	1	22.5
1020.123	32.43	2.78	90.00	7.82	8.55	66.87	74.3	1	22.7
1020.268	32.34	2.80	90.50	7.87	8.50	66.86	73.9	1	22.8
1020.328	32.00	2.83	90.49	7.83	8.62	67.54	74.6	1	23.0
1020.432	31.96	2.83	90.56	7.85	8.62	67.63	74.7	1	22.8
1020.577	32.12	2.81	90.35	7.85	8.57	67.31	74.5	1	22.8
1020.637	32.08	2.83	90.70	7.85	8.44	66.23	73.0	1	22.8
1020.741	32.20	2.82	90.66	7.94	8.29	65.84	72.6	1	23.0
1020.886	31.72	2.87	90.97	7.85	8.54	67.06	73.7	1	23.1
1020.946	31.74	2.87	90.98	7.93	8.43	66.85	73.5	1	23.1
1021.050	31.53	2.90	91.27	7.89	8.57	67.61	74.1	1	23.3
1021.195	31.63	2.88	91.22	7.88	8.61	67.86	74.4	1	23.1
1021.255	31.80	2.87	91.30	7.90	8.46	66.86	73.2	1	23.0
1021.359	32.00	2.86	91.43	7.93	8.47	67.12	73.4	1	23.0
1021.504	31.87	2.86	91.29	7.87	8.63	67.88	74.4	1	23.1
1021.564	31.73	2.87	91.06	7.86	8.69	68.31	75.0	1	23.1
1021.668	31.55	2.88	90.97	7.85	8.66	67.91	74.6	1	23.3
1021.813	31.50	2.89	91.11	7.85	8.56	67.20	73.8	1	23.1
1021.873	31.56	2.88	91.01	7.89	8.42	66.41	73.0	1	23.1
1021.977	31.59	2.88	90.87	7.88	8.52	67.11	73.9	1	23.1
1022.122	31.63	2.87	90.71	7.89	8.49	66.99	73.8	1	23.3
1022.182	31.36	2.89	90.61	7.87	8.64	67.98	75.0	1	23.3
1022.286	31.22	2.90	90.43	7.81	8.61	67.22	74.3	1	23.1
1022.431	31.82	2.85	90.85	7.90	8.32	65.78	72.4	1	23.0
1022.491	31.94	2.84	90.80	7.91	8.38	66.36	73.1	1	23.0
1022.595	31.88	2.85	90.90	7.90	8.33	65.77	72.3	1	23.0
1022.740	31.91	2.85	91.08	7.88	8.56	67.46	74.1	1	23.1
1022.800	31.63	2.86	90.56	7.85	8.58	67.32	74.3	1	23.1
1022.904	31.81	2.85	90.77	7.92	8.52	67.44	74.3	1	23.0
1023.049	31.77	2.86	90.85	7.81	8.65	67.55	74.4	1	22.8
1023.109	32.23	2.82	90.86	7.90	8.51	67.26	74.0	1	22.7
1023.213	32.21	2.80	90.20	7.89	8.51	67.15	74.4	1	22.8
1023.358	31.90	2.85	90.86	7.92	8.42	66.72	73.4	1	23.1
1023.418	31.87	2.87	91.30	7.89	8.44	66.59	72.9	1	23.3
1023.522	31.46	2.89	91.05	7.91	8.41	66.50	73.0	1	23.3
1023.667	31.64	2.89	91.41	7.91	8.39	66.38	72.6	1	23.1
1023.727	31.72	2.88	91.36	7.91	8.42	66.61	72.9	1	23.1
1023.831	31.51	2.88	90.87	7.90	8.57	67.76	74.6	1	23.3
1023.976	31.14	2.92	91.09	7.89	8.59	67.78	74.4	1	23.6
1024.036	31.00	2.93	90.87	7.84	8.52	66.75	73.5	1	23.4
1024.140	31.03	2.93	91.06	7.84	8.56	67.13	73.7	1	23.3
1024.285	31.14	2.92	90.91	7.88	8.50	66.91	73.6	1	23.6
1024.345	31.10	2.92	90.92	7.93	8.32	65.98	72.6	1	23.6
1024.449	30.72	2.95	90.67	7.90	8.54	67.51	74.5	1	23.7
1024.594	30.67	2.96	90.80	7.93	8.52	67.58	74.4	1	23.7
1024.654	30.62	2.96	90.68	7.89	8.47	66.88	73.7	1	23.7
1024.758	30.60	2.96	90.53	7.88	8.54	67.28	74.3	1	23.6
1024.903	31.31	2.91	91.24	7.96	8.44	67.21	73.7	1	23.3
1024.963	31.25	2.89	90.34	7.96	8.34	66.32	73.4	1	23.3
1025.067	31.30	2.90	90.67	7.95	8.35	66.35	73.2	1	23.4
1025.212	31.48	2.87	90.37	7.97	8.42	67.10	74.2	1	23.3
1025.272	31.54	2.87	90.54	7.90	8.60	67.96	75.1	1	23.3
1025.376	31.46	2.88	90.61	7.92	8.45	66.93	73.9	1	23.3
1025.521	31.57	2.90	91.42	7.89	8.34	65.82	72.0	1	23.1
1025.581	31.77	2.86	90.81	7.92	8.34	66.12	72.8	1	23.0
1025.685	31.60	2.86	90.41	7.88	8.48	66.79	73.9	1	23.0
1025.830	32.03	2.82	90.34	7.95	8.50	67.52	74.7	1	23.1
1025.890	31.80	2.84	90.28	7.92	8.53	67.59	74.9	1	23.1
1025.994	31.63	2.86	90.37	7.91	8.44	66.80	73.9	1	23.3
1026.139	31.42	2.89	90.82	7.91	8.50	67.20	74.0	1	23.4
1026.199	31.41	2.87	90.22	7.98	8.32	66.43	73.6	1	23.3
1026.303	31.49	2.88	90.54	7.93	8.54	67.73	74.8	1	23.3
1026.448	31.40	2.90	91.11	7.95	8.40	66.72	73.2	1	23.4
1026.508	31.33	2.91	91.22	7.97	8.42	67.16	73.6	1	23.4
1026.612	31.25	2.91	91.06	7.98	8.37	66.80	73.4	1	23.6
1026.757	31.26	2.90	90.63	7.94	8.53	67.76	74.8	1	23.4
1026.817	31.24	2.90	90.75	7.94	8.54	67.77	74.7	1	23.4
1026.921	31.13	2.91	90.47	7.98	8.34	66.53	73.5	1	23.6
1027.066	30.85	2.94	90.67	7.94	8.46	67.20	74.1	1	23.7
1027.126	31.06	2.92	90.77	8.01	8.28	66.35	73.1	1	23.6
1027.230	31.12	2.92	90.85	7.98	8.43	67.26	74.0	1	23.6
1027.375	30.93	2.92	90.34	7.92	8.53	67.58	74.8	1	23.6
1027.435	31.09	2.92	90.80	7.97	8.42	67.08	73.9	1	23.4
1027.539	31.35	2.90	90.97	7.88	8.63	67.97	74.7	1	23.3
1027.684	31.30	2.91	91.01	7.90	8.44	66.73	73.3	1	23.3
1027.744	31.42	2.89	90.65	7.97	8.39	66.86	73.7	1	23.4
1027.848	31.46	2.88	90.62	7.96	8.45	67.29	74.3	1	23.4
1027.993	31.39	2.89	90.68	8.02	8.32	66.79	73.7	1	23.4
1028.053	31.45	2.89	91.01	7.99	8.54	68.18	74.9	1	23.4
1028.157	31.38	2.92	91.62	8.00	8.38	67.00	73.1	1	23.7
1028.302	30.95	2.93	90.73	8.03	8.35	67.08	73.9	1	23.7
1028.362	30.86	2.94	90.70	7.98	8.48	67.67	74.6	1	23.9
1028.466	30.59	2.96	90.48	7.99	8.35	66.71	73.7	1	24.0
1028.611	30.35	2.98	90.28	7.92	8.40	66.48	73.6	1	23.9
1028.671	30.54	2.94	89.70	8.00	8.26	66.08	73.7	1	23.9
1028.775	30.46	2.97	90.38	7.94	8.37	66.42	73.5	1	23.7
1028.920	30.98	2.93	90.82	7.98	8.46	67.52	74.3	1	23.6
1028.980	30.93	2.91	90.12	8.02	8.28	66.41	73.7	1	23.7
1029.084	31.15	2.93	91.27	8.03	8.37	67.17	73.6	1	23.9
1029.229	30.73	2.93	90.06	7.95	8.45	67.22	74.6	1	23.7
1029.289	30.83	2.94	90.67	8.03	8.29	66.51	73.4	1	23.9
1029.393	30.49	2.97	90.43	7.94	8.42	66.93	74.0	1	23.9
1029.538	30.36	2.96	89.99	8.00	8.30	66.42	73.8	1	23.9
1029.598	30.52	2.96	90.21	7.98	8.32	66.35	73.6	1	23.9
1029.702	30.73	2.94	90.44	8.00	8.28	66.23	73.2	1	23.7
1029.847	30.50	2.96	90.32	7.94	8.36	66.44	73.6	1	24.0
1029.907	30.53	2.96	90.51	7.94	8.40	66.62	73.6	1	23.9
1030.011	30.31	2.97	90.13	7.91	8.47	66.96	74.3	1	23.7
1030.156	30.23	2.99	90.39	7.85	8.49	66.65	73.7	1	24.0
1030.216	30.47	2.98	90.78	7.91	8.34	65.94	72.6	1	23.9
1030.320	30.65	2.96	90.59	7.94	8.38	66.57	73.5	1	23.9
1030.465	30.80	2.95	90.81	7.97	8.30	66.10	72.8	1	23.6
1030.525	31.01	2.92	90.57	7.92	8.47	67.06	74.0	1	23.6
1030.629	31.22	2.90	90.64	8.03	8.20	65.85	72.7	1	23.6
1030.774	30.74	2.95	90.58	7.91	8.40	66.47	73.4	1	23.7
1030.834	31.10	2.92	90.71	8.04	8.22	66.14	72.9	1	23.7
1030.938	30.80	2.93	90.39	7.99	8.40	67.13	74.3	1	23.9
1031.083	30.80	2.94	90.40	7.97	8.30	66.14	73.2	1	23.7
1031.143	30.74	2.93	90.12	7.89	8.54	67.37	74.8	1	23.7
1031.247	30.76	2.94	90.48	7.96	8.33	66.28	73.3	1	23.9
1031.392	30.57	2.97	90.66	7.96	8.35	66.49	73.3	1	23.9
1031.452	30.67	2.96	90.69	7.97	8.35	66.57	73.4	1	23.7
1031.556	30.89	2.94	90.82	7.97	8.31	66.21	72.9	1	23.6
1031.701	31.23	2.91	91.01	7.94	8.50	67.45	74.1	1	23.4
1031.761	31.18	2.92	91.00	7.98	8.30	66.25	72.8	1	23.4
1031.865	31.03	2.92	90.66	7.93	8.56	67.85	74.8	1	23.6
1032.010	31.01	2.94	91.08	7.94	8.48	67.38	74.0	1	23.6
1032.070	31.25	2.91	91.09	7.99	8.29	66.24	72.7	1	23.6
1032.174	31.12	2.91	90.65	8.00	8.28	66.20	73.0	1	23.7
1032.319	31.13	2.93	91.12	8.05	8.33	67.02	73.5	1	23.7
1032.379	30.93	2.94	90.79	7.99	8.39	67.06	73.9	1	23.9
1032.483	30.74	2.96	90.87	7.96	8.41	67.00	73.7	1	23.7
1032.628	30.64	2.95	90.35	7.93	8.41	66.70	73.8	1	23.9
1032.688	30.81	2.93	90.21	8.02	8.32	66.72	74.0	1	23.7
1032.792	30.80	2.94	90.67	7.89	8.53	67.31	74.2	1	23.6
1032.937	31.08	2.92	90.63	7.98	8.40	67.08	74.0	1	23.6
1032.997	31.15	2.91	90.55	7.99	8.49	67.84	74.9	1	23.6
1033.101	31.15	2.91	90.56	7.95	8.53	67.80	74.9	1	23.6
1033.246	31.31	2.90	90.78	8.07	8.25	66.60	73.4	1	23.4
1033.306	31.37	2.90	90.90	8.00	8.44	67.48	74.2	1	23.4
1033.410	31.59	2.88	90.90	8.01	8.35	66.90	73.6	1	23.4
1033.555	31.56	2.87	90.49	7.99	8.24	65.86	72.8	1	23.3
1033.615	31.67	2.85	90.30	8.01	8.33	66.69	73.9	1	23.1
1033.719	31.77	2.85	90.49	8.04	8.23	66.21	73.2	1	23.3
1033.864	31.33	2.89	90.58	8.00	8.36	66.86	73.8	1	23.6
1033.924	31.40	2.89	90.82	8.06	8.34	67.25	74.1	1	23.6
1034.028	31.19	2.91	90.87	8.03	8.45	67.84	74.7	1	23.6
1034.173	31.24	2.90	90.69	8.03	8.46	67.94	74.9	1	23.4
1034.233	31.43	2.89	90.71	8.08	8.37	67.58	74.5	1	23.4
1034.337	31.20	2.89	90.14	7.98	8.52	67.98	75.4	1	23.6
1034.482	31.78	2.87	91.17	8.12	8.23	66.79	73.3	1	23.3
1034.542	31.63	2.87	90.75	8.00	8.32	66.57	73.4	1	23.1
1034.646	31.61	2.88	90.90	7.99	8.41	67.21	73.9	1	23.3
1034.791	31.73	2.88	91.42	8.04	8.32	66.93	73.2	1	23.4
1034.851	31.51	2.89	91.20	7.95	8.45	67.20	73.7	1	23.6
1034.955	31.43	2.89	90.76	8.00	8.51	68.13	75.1	1	23.4
1035.100	31.39	2.89	90.64	8.04	8.41	67.61	74.6	1	23.6
1035.160	31.14	2.91	90.47	8.00	8.42	67.36	74.4	1	23.6
1035.264	31.32	2.90	90.91	8.04	8.49	68.28	75.1	1	23.6
1035.409	31.24	2.90	90.57	8.07	8.39	67.66	74.7	1	23.6
1035.469	31.15	2.91	90.77	8.02	8.36	67.03	73.8	1	23.6
1035.573	31.35	2.90	90.94	8.01	8.49	67.99	74.8	1	23.6
1035.718	31.09	2.92	90.67	8.04	8.48	68.15	75.2	1	23.7
1035.778	30.84	2.93	90.36	8.03	8.43	67.70	74.9	1	23.6
1035.882	31.47	2.88	90.76	8.04	8.46	68.01	74.9	1	23.4
1036.027	31.73	2.87	91.10	8.11	8.31	67.44	74.0	1	23.4
1036.087	31.60	2.87	90.59	8.08	8.33	67.28	74.3	1	23.3
1036.191	31.68	2.85	90.26	8.09	8.31	67.20	74.5	1	23.3
1036.336	31.82	2.84	90.52	8.10	8.30	67.26	74.3	1	23.3
1036.396	31.78	2.86	90.81	8.06	8.41	67.83	74.7	1	23.4
1036.500	31.58	2.85	90.08	8.09	8.29	67.07	74.5	1	23.3
1036.645	31.78	2.86	90.72	8.09	8.23	66.55	73.4	1	23.3
1036.705	31.80	2.85	90.77	8.07	8.30	67.03	73.9	1	23.4
1036.809	31.86	2.85	90.68	8.09	8.27	66.94	73.8	1	23.4
1036.954	31.59	2.88	90.98	8.01	8.44	67.57	74.3	1	23.4
1037.014	31.79	2.86	90.80	8.11	8.30	67.30	74.1	1	23.4
1037.118	31.59	2.87	90.53	8.06	8.43	67.90	75.0	1	23.3
1037.263	31.59	2.86	90.27	8.06	8.45	68.05	75.4	1	23.3
1037.323	31.78	2.85	90.73	8.05	8.35	67.24	74.1	1	23.3
1037.427	31.64	2.88	90.97	7.96	8.41	67.01	73.7	1	23.1
1037.572	31.84	2.85	90.76	8.04	8.39	67.45	74.3	1	23.3
1037.632	31.90	2.86	91.29	8.08	8.31	67.20	73.6	1	23.3
1037.736	31.57	2.89	91.28	8.06	8.25	66.45	72.8	1	23.4
1037.881	31.68	2.85	90.40	8.04	8.49	68.22	75.5	1	23.3
1037.941	31.78	2.83	89.97	8.08	8.36	67.50	75.0	1	23.4
1038.045	31.40	2.88	90.48	8.07	8.25	66.59	73.6	1	23.6
1038.190	31.40	2.89	90.71	8.13	8.36	67.93	74.9	1	23.7
1038.250	31.35	2.90	90.80	8.10	8.30	67.25	74.1	1	23.7
1038.354	31.06	2.92	90.83	8.03	8.38	67.31	74.1	1	23.9
1038.499	31.10	2.91	90.58	8.08	8.29	66.97	73.9	1	23.7
1038.559	31.01	2.92	90.53	8.08	8.21	66.34	73.3	1	23.7
1038.663	30.96	2.92	90.55	8.02	8.36	67.08	74.1	1	23.7
1038.808	31.49	2.89	91.01	8.10	8.30	67.20	73.8	1	23.4
1038.868	31.67	2.88	91.27	8.11	8.24	66.86	73.3	1	23.3
1038.972	31.49	2.88	90.60	8.09	8.35	67.55	74.6	1	23.4
1039.117	31.85	2.83	90.27	8.10	8.28	67.06	74.3	1	23.4
1039.177	31.62	2.85	90.17	8.07	8.33	67.20	74.5	1	23.4
1039.281	31.41	2.88	90.44	7.99	8.46	67.61	74.8	1	23.4
1039.426	31.87	2.84	90.56	8.09	8.26	66.84	73.8	1	23.4
1039.486	31.86	2.84	90.52	8.12	8.27	67.11	74.1	1	23.4
1039.590	31.77	2.86	90.85	8.08	8.24	66.51	73.2	1	23.4
1039.735	31.82	2.86	91.02	8.12	8.37	68.00	74.7	1	23.4
1039.795	31.92	2.83	90.43	8.14	8.28	67.43	74.6	1	23.3
1039.899	31.66	2.86	90.54	8.07	8.21	66.30	73.2	1	23.4
1040.044	31.96	2.84	90.83	8.04	8.46	67.98	74.8	1	23.1
1040.104	32.06	2.82	90.51	8.04	8.46	68.04	75.2	1	23.3
1040.208	31.80	2.86	90.91	8.10	8.19	66.40	73.0	1	23.4
1040.353	31.67	2.86	90.60	8.13	8.29	67.38	74.4	1	23.4
1040.413	31.76	2.84	90.33	8.11	8.42	68.31	75.6	1	23.3
1040.517	31.84	2.84	90.44	8.11	8.16	66.19	73.2	1	23.4
1040.662	31.52	2.87	90.47	8.13	8.31	67.50	74.6	1	23.4
1040.722	31.60	2.88	90.94	8.08	8.41	68.02	74.8	1	23.4
1040.826	31.98	2.85	91.03	8.17	8.12	66.34	72.9	1	23.3
1040.971	31.85	2.85	90.78	8.17	8.17	66.78	73.6	1	23.4
1041.031	31.59	2.87	90.69	8.10	8.29	67.18	74.1	1	23.6
1041.135	31.60	2.87	90.56	8.15	8.29	67.60	74.6	1	23.6
1041.280	31.68	2.86	90.76	8.12	8.40	68.18	75.1	1	23.4
1041.340	31.58	2.86	90.37	8.05	8.38	67.46	74.6	1	23.3
1041.444	31.62	2.88	90.92	8.01	8.41	67.38	74.1	1	23.6
1041.589	31.49	2.89	91.04	8.09	8.25	66.70	73.3	1	23.6
1041.649	31.45	2.90	91.20	8.08	8.30	67.11	73.6	1	23.7
1041.753	31.31	2.90	90.88	8.08	8.23	66.52	73.2	1	23.6
1041.898	31.63	2.88	91.20	8.09	8.35	67.54	74.1	1	23.4
1041.958	31.93	2.85	91.01	8.12	8.34	67.70	74.4	1	23.4
1042.062	31.95	2.84	90.60	8.18	8.08	66.09	72.9	1	23.6
1042.207	31.46	2.89	90.84	8.12	8.19	66.50	73.2	1	23.7
1042.267	31.29	2.91	90.96	8.08	8.19	66.20	72.8	1	23.7
1042.371	31.16	2.91	90.79	8.15	8.22	66.95	73.7	1	23.7
1042.516	31.27	2.91	90.91	8.07	8.38	67.63	74.4	1	23.6
1042.576	31.50	2.87	90.50	8.15	8.18	66.67	73.7	1	23.7
1042.680	31.35	2.88	90.43	8.11	8.21	66.52	73.6	1	23.6
1042.825	31.54	2.88	90.86	8.10	8.30	67.24	74.0	1	23.6
1042.885	31.84	2.84	90.51	8.09	8.39	67.85	75.0	1	23.4
1042.989	31.70	2.85	90.31	8.12	8.28	67.22	74.4	1	23.6
1043.134	31.74	2.85	90.56	8.12	8.38	68.07	75.2	1	23.4
1043.194	31.80	2.85	90.69	8.16	8.23	67.13	74.0	1	23.3
1043.298	31.86	2.84	90.55	8.11	8.15	66.12	73.0	1	23.3
1043.443	32.13	2.84	91.21	8.19	8.19	67.08	73.5	1	23.4
1043.503	31.79	2.87	91.12	8.07	8.37	67.50	74.1	1	23.6
1043.607	31.58	2.89	91.26	8.07	8.42	67.90	74.4	1	23.6
1043.752	31.87	2.86	90.99	8.16	8.35	68.13	74.9	1	23.4
1043.812	31.91	2.84	90.46	8.23	8.06	66.34	73.3	1	23.6
1043.916	31.74	2.86	90.92	8.17	8.21	67.03	73.7	1	23.7
1044.061	31.21	2.91	90.87	8.13	8.17	66.43	73.1	1	23.9
1044.121	31.11	2.92	90.91	8.12	8.27	67.12	73.8	1	24.0
1044.225	31.08	2.92	90.77	8.11	8.40	68.13	75.1	1	23.9
1044.370	31.17	2.92	91.04	8.20	8.30	68.05	74.7	1	23.7
1044.430	31.26	2.90	90.68	8.16	8.34	68.10	75.1	1	23.7
1044.534	31.32	2.90	90.79	8.23	8.14	66.98	73.8	1	23.7
1044.679	31.59	2.90	91.46	8.16	8.24	67.20	73.5	1	23.4
1044.739	31.42	2.89	90.66	8.08	8.34	67.35	74.3	1	23.6
1044.843	31.66	2.86	90.62	8.09	8.43	68.17	75.2	1	23.4
1044.988	31.80	2.85	90.78	8.17	8.26	67.48	74.3	1	23.4
1045.048	31.88	2.85	90.76	8.20	8.19	67.12	74.0	1	23.3
1045.152	31.90	2.85	90.86	8.13	8.38	68.13	75.0	1	23.1
1045.297	31.93	2.84	90.59	8.10	8.33	67.46	74.5	1	23.3
1045.357	31.92	2.84	90.66	8.09	8.30	67.11	74.0	1	23.3
1045.461	31.98	2.84	90.95	8.09	8.45	68.36	75.2	1	23.4
1045.606	31.73	2.86	90.72	8.17	8.22	67.20	74.1	1	23.4
1045.666	31.71	2.86	90.54	8.15	8.39	68.39	75.5	1	23.6
1045.770	31.69	2.85	90.32	8.10	8.38	67.82	75.1	1	23.4
1045.915	31.92	2.84	90.57	8.16	8.30	67.73	74.8	1	23.3
1045.975	31.86	2.84	90.44	8.11	8.34	67.66	74.8	1	23.3
1046.079	31.93	2.82	90.10	8.18	8.18	66.88	74.2	1	23.4
1046.224	31.74	2.85	90.50	8.10	8.41	68.12	75.3	1	23.4
1046.284	31.93	2.83	90.27	8.14	8.39	68.31	75.7	1	23.4
1046.388	31.67	2.85	90.36	8.13	8.38	68.14	75.4	1	23.6
1046.533	31.80	2.85	90.68	8.12	8.47	68.77	75.8	1	23.3
1046.593	31.80	2.85	90.67	8.14	8.41	68.45	75.5	1	23.3
1046.697	31.97	2.85	91.01	8.10	8.39	68.01	74.7	1	23.1
1046.842	32.00	2.83	90.68	8.13	8.34	67.86	74.8	1	23.3
1046.902	32.02	2.84	90.86	8.10	8.41	68.06	74.9	1	23.3
1047.006	32.00	2.85	91.19	8.10	8.44	68.35	75.0	1	23.4
1047.151	31.82	2.87	91.36	8.12	8.46	68.67	75.2	1	23.6
1047.211	31.72	2.88	91.41	8.12	8.46	68.76	75.2	1	23.6
1047.315	31.72	2.88	91.43	8.12	8.43	68.42	74.8	1	23.6
1047.460	31.77	2.87	91.06	8.11	8.45	68.57	75.3	1	23.4
1047.520	31.79	2.86	90.91	8.12	8.45	68.64	75.5	1	23.6
1047.624	31.75	2.85	90.44	8.14	8.36	68.07	75.3	1	23.4
1047.769	31.82	2.82	89.80	8.16	8.29	67.69	75.4	1	23.4
1047.829	31.74	2.84	90.05	8.20	8.03	65.87	73.2	1	23.6
1047.933	31.61	2.85	90.08	8.15	8.16	66.53	73.9	1	23.6
1048.078	31.28	2.89	90.51	8.14	8.32	67.71	74.8	1	23.9
1048.138	31.23	2.90	90.69	8.16	8.24	67.26	74.2	1	23.9
1048.242	31.04	2.93	91.07	8.17	8.25	67.39	74.0	1	24.2
1048.387	30.92	2.94	90.88	8.11	8.31	67.38	74.1	1	24.0
1048.447	30.97	2.93	90.71	8.14	8.23	66.99	73.8	1	24.0
1048.551	30.72	2.93	90.13	8.15	8.25	67.23	74.6	1	24.2
1048.696	30.60	2.95	90.24	8.15	8.18	66.63	73.8	1	24.2
1048.756	30.61	2.96	90.49	8.16	8.15	66.51	73.5	1	24.3
1048.860	30.37	2.99	90.74	8.12	8.27	67.17	74.0	1	24.5
1049.005	30.34	2.98	90.55	8.13	8.36	67.99	75.1	1	24.3
1049.065	30.26	2.98	90.14	8.13	8.17	66.43	73.7	1	24.3
1049.169	30.29	2.97	89.86	8.15	8.20	66.88	74.4	1	24.5
1049.314	29.93	3.00	89.66	8.05	8.33	67.01	74.7	1	24.3
1049.374	30.24	2.98	90.26	8.10	8.35	67.70	75.0	1	24.2
1049.478	30.48	2.95	89.95	8.12	8.32	67.62	75.2	1	24.0
1049.623	30.66	2.94	90.00	8.17	8.21	67.08	74.5	1	24.2
1049.683	30.56	2.95	90.04	8.16	8.24	67.19	74.6	1	24.2
1049.787	30.43	2.96	90.01	8.15	8.12	66.23	73.6	1	24.2
1049.932	30.33	2.98	90.36	8.09	8.33	67.41	74.6	1	24.2
1049.992	30.28	2.98	90.19	8.04	8.38	67.40	74.7	1	24.0
1050.096	30.63	2.96	90.66	8.06	8.42	67.90	74.9	1	23.9
1050.241	31.08	2.92	90.89	8.09	8.45	68.42	75.3	1	23.7
1050.301	31.27	2.91	90.86	8.18	8.25	67.52	74.3	1	23.7
1050.405	31.41	2.88	90.54	8.21	8.19	67.26	74.3	1	23.9
1050.550	31.19	2.92	91.03	8.18	8.13	66.56	73.1	1	23.9
1050.610	31.25	2.92	91.23	8.18	8.16	66.77	73.2	1	23.7
1050.714	31.17	2.91	90.61	8.17	8.11	66.27	73.1	1	23.9
1050.859	31.40	2.90	90.94	8.19	8.10	66.39	73.0	1	23.6
1050.919	31.12	2.89	90.02	8.11	8.20	66.52	73.9	1	23.6
1051.023	31.13	2.90	90.20	8.11	8.16	66.17	73.4	1	23.9
1051.168	31.04	2.93	90.85	8.12	8.11	65.78	72.4	1	24.0
1051.228	31.02	2.91	90.26	8.15	8.17	66.53	73.7	1	24.0
1051.332	30.95	2.92	90.45	8.15	8.25	67.20	74.3	1	24.0
1051.477	30.95	2.93	90.62	8.16	8.32	67.92	74.9	1	24.0
1051.537	30.94	2.93	90.73	8.17	8.29	67.70	74.6	1	24.0
1051.641	30.87	2.94	90.74	8.15	8.36	68.13	75.1	1	24.0
1051.786	30.98	2.94	91.17	8.18	8.30	67.86	74.4	1	24.0
1051.846	30.69	2.96	90.85	8.10	8.41	68.13	75.0	1	24.2
1051.950	30.79	2.95	90.93	8.13	8.32	67.62	74.4	1	24.0
1052.095	30.72	2.96	91.07	8.10	8.44	68.40	75.1	1	24.0
1052.155	30.91	2.94	91.03	8.18	8.26	67.60	74.3	1	24.0
1052.259	30.96	2.94	91.02	8.17	8.41	68.71	75.5	1	23.9
1052.404	30.88	2.93	90.61	8.14	8.34	67.91	75.0	1	24.0
1052.464	30.67	2.94	90.20	8.12	8.43	68.43	75.9	1	24.2
1052.568	30.61	2.95	90.20	8.12	8.31	67.41	74.7	1	24.0
1052.713	30.41	2.96	89.88	8.11	8.39	68.05	75.7	1	24.2
1052.773	30.53	2.95	90.04	8.19	8.13	66.62	74.0	1	24.3
1052.877	30.30	2.98	90.28	8.16	8.19	66.81	74.0	1	24.5
1053.022	30.14	3.01	90.82	8.14	8.29	67.44	74.3	1	24.6
1053.082	29.95	3.02	90.30	8.10	8.30	67.23	74.5	1	24.6
1053.186	29.98	3.01	90.17	8.10	8.44	68.32	75.8	1	24.6
1053.331	30.11	2.99	90.16	8.21	8.12	66.63	73.9	1	24.5
1053.391	30.01	2.98	89.58	8.15	8.21	66.91	74.7	1	24.5
1053.495	29.82	3.02	90.13	8.15	8.12	66.21	73.5	1	24.8
1053.640	29.65	3.01	89.39	8.08	8.30	67.05	75.0	1	24.6
1053.700	29.51	3.02	89.10	8.01	8.17	65.42	73.4	1	24.8
1053.804	29.28	3.03	88.60	8.00	8.30	66.41	75.0	1	24.8
1053.949	29.64	3.02	89.49	8.01	8.42	67.41	75.3	1	24.5
1054.009	30.01	3.00	90.08	8.09	8.43	68.15	75.7	1	24.5
1054.113	30.25	2.98	90.16	8.15	8.25	67.24	74.6	1	24.3
1054.258	30.43	2.96	90.02	8.16	8.22	67.08	74.5	1	24.3
1054.318	30.22	2.98	89.96	8.15	8.25	67.26	74.8	1	24.3
1054.422	30.19	3.00	90.43	8.14	8.26	67.23	74.3	1	24.5
1054.567	30.12	3.01	90.52	8.15	8.30	67.60	74.7	1	24.5
1054.627	30.04	3.00	90.24	8.13	8.31	67.62	74.9	1	24.3
1054.731	29.97	3.00	90.03	8.08	8.31	67.11	74.5	1	24.5
1054.876	30.14	2.99	90.17	8.11	8.31	67.43	74.8	1	24.3
1054.936	30.12	2.99	90.13	8.08	8.31	67.15	74.5	1	24.3
1055.040	30.55	2.95	90.15	8.18	8.16	66.78	74.1	1	24.2
1055.185	30.40	2.97	90.28	8.09	8.31	67.26	74.5	1	24.2
1055.245	30.71	2.95	90.67	8.17	8.23	67.19	74.1	1	24.2
1055.349	30.70	2.94	90.36	8.21	8.17	67.05	74.2	1	24.0
1055.494	30.64	2.96	90.68	8.20	8.38	68.74	75.8	1	24.3
1055.554	30.76	2.96	91.08	8.24	8.20	67.57	74.2	1	24.2
1055.658	30.82	2.95	90.91	8.20	8.33	68.35	75.2	1	24.2
1055.803	30.92	2.93	90.67	8.27	8.25	68.20	75.2	1	24.2
1055.863	30.70	2.94	90.25	8.22	8.27	68.03	75.4	1	24.2
1055.967	30.62	2.94	89.94	8.23	8.20	67.49	75.0	1	24.2
1056.112	31.01	2.92	90.49	8.26	8.18	67.56	74.7	1	23.9
1056.172	31.30	2.90	90.84	8.24	8.18	67.41	74.2	1	23.7
1056.276	31.40	2.87	90.27	8.19	8.27	67.76	75.1	1	23.9
1056.421	31.09	2.91	90.42	8.21	8.24	67.64	74.8	1	24.0
1056.481	30.85	2.93	90.43	8.12	8.44	68.50	75.7	1	24.0
1056.585	30.91	2.94	90.97	8.14	8.33	67.79	74.5	1	24.2
1056.730	30.51	2.98	90.78	8.14	8.36	68.08	75.0	1	24.2
1056.790	30.64	2.95	90.24	8.19	8.23	67.39	74.7	1	24.0
1056.894	30.77	2.94	90.53	8.24	8.14	67.08	74.1	1	24.2
1057.039	30.83	2.94	90.65	8.19	8.31	68.00	75.0	1	24.2
1057.099	30.81	2.96	91.13	8.19	8.32	68.14	74.8	1	24.2
1057.203	30.58	2.96	90.61	8.20	8.34	68.40	75.5	1	24.2
1057.348	30.75	2.95	90.73	8.17	8.38	68.42	75.4	1	23.9
1057.408	31.05	2.93	90.91	8.18	8.43	68.91	75.8	1	23.7
1057.512	31.32	2.91	91.19	8.16	8.37	68.24	74.8	1	23.7
1057.657	31.43	2.89	90.85	8.18	8.26	67.56	74.4	1	23.6
1057.717	31.41	2.89	90.92	8.19	8.25	67.54	74.3	1	23.7
1057.821	31.40	2.90	91.08	8.17	8.30	67.83	74.5	1	23.9
1057.966	31.26	2.91	91.06	8.24	8.10	66.71	73.3	1	23.9
1058.026	31.19	2.92	91.08	8.18	8.26	67.60	74.2	1	23.9
1058.130	31.29	2.90	90.75	8.26	8.10	66.87	73.7	1	23.7
1058.275	31.53	2.89	90.98	8.17	8.31	67.92	74.6	1	23.6
1058.335	31.62	2.86	90.55	8.23	8.18	67.30	74.3	1	23.7
1058.439	31.53	2.88	90.65	8.21	8.27	67.92	74.9	1	23.7
1058.584	31.57	2.89	91.16	8.19	8.39	68.73	75.4	1	23.9
1058.644	31.45	2.90	91.32	8.22	8.23	67.71	74.1	1	23.9
1058.748	31.22	2.92	91.30	8.18	8.34	68.26	74.8	1	23.9
1058.893	31.28	2.90	90.85	8.22	8.40	69.03	76.0	1	23.7
1058.953	31.33	2.90	90.74	8.24	8.20	67.58	74.5	1	23.9
1059.057	31.08	2.93	90.91	8.16	8.52	69.50	76.4	1	24.0
1059.202	30.89	2.95	90.97	8.19	8.28	67.88	74.6	1	24.0
1059.262	30.79	2.95	90.96	8.17	8.32	68.03	74.8	1	24.2
1059.366	30.72	2.96	91.02	8.17	8.30	67.78	74.5	1	24.2
1059.511	30.46	2.98	90.81	8.14	8.24	67.08	73.9	1	24.2
1059.571	30.76	2.96	90.99	8.17	8.23	67.25	73.9	1	24.3
1059.675	30.53	2.98	90.87	8.16	8.25	67.37	74.1	1	24.2
1059.820	30.88	2.94	90.69	8.19	8.23	67.38	74.3	1	24.0
1059.880	30.68	2.94	90.27	8.21	8.10	66.49	73.7	1	24.2
1059.984	30.86	2.93	90.56	8.17	8.33	68.04	75.1	1	24.0
1060.129	31.23	2.91	90.75	8.28	8.09	66.96	73.8	1	24.0
1060.189	31.07	2.92	90.86	8.25	8.23	67.87	74.7	1	24.2
1060.293	30.76	2.96	91.13	8.20	8.27	67.85	74.5	1	24.3
1060.438	30.89	2.94	90.83	8.15	8.42	68.61	75.5	1	24.0
1060.498	30.78	2.94	90.56	8.21	8.24	67.65	74.7	1	24.2
1060.602	30.84	2.93	90.36	8.24	8.21	67.69	74.9	1	24.0
1060.747	31.14	2.92	90.97	8.18	8.38	68.51	75.3	1	23.9
1060.807	31.13	2.93	91.13	8.15	8.47	68.99	75.7	1	23.9
1060.911	31.12	2.93	91.04	8.16	8.34	68.08	74.8	1	23.9
1061.056	31.01	2.93	90.93	8.13	8.30	67.49	74.2	1	24.0
1061.116	30.91	2.93	90.71	8.15	8.38	68.31	75.3	1	24.0
1061.220	31.06	2.93	90.84	8.17	8.27	67.52	74.3	1	24.0
1061.365	30.51	2.96	90.39	8.04	8.50	68.28	75.5	1	24.2
1061.425	30.66	2.96	90.65	8.12	8.34	67.72	74.7	1	24.0
1061.529	30.93	2.94	91.03	8.12	8.37	67.95	74.6	1	23.9
1061.674	31.01	2.92	90.61	8.20	8.31	68.16	75.2	1	24.0
1061.734	30.79	2.95	90.91	8.15	8.23	67.11	73.8	1	24.2
1061.838	30.82	2.94	90.74	8.20	8.26	67.76	74.7	1	24.2
1061.983	31.12	2.94	91.42	8.17	8.36	68.25	74.7	1	23.9
1062.043	31.20	2.93	91.28	8.22	8.25	67.79	74.3	1	23.7
1062.147	31.21	2.92	91.02	8.21	8.29	68.05	74.8	1	23.9
1062.292	31.23	2.93	91.45	8.23	8.26	67.98	74.3	1	24.0
1062.352	31.05	2.94	91.23	8.21	8.17	67.07	73.5	1	24.0
1062.456	31.08	2.91	90.50	8.27	8.05	66.61	73.6	1	23.9
1062.601	31.37	2.92	91.46	8.16	8.41	68.63	75.0	1	23.7
1062.661	31.50	2.90	91.46	8.19	8.33	68.18	74.5	1	23.6
1062.765	31.27	2.92	91.21	8.10	8.41	68.14	74.7	1	23.7
1062.910	31.17	2.92	91.05	8.11	8.29	67.30	73.9	1	23.7
1062.970	31.26	2.90	90.75	8.16	8.32	67.88	74.8	1	23.6
1063.074	31.45	2.88	90.60	8.22	8.08	66.47	73.4	1	23.7
1063.219	31.63	2.88	91.02	8.22	8.28	68.10	74.8	1	23.4
1063.279	31.70	2.88	91.16	8.12	8.47	68.81	75.5	1	23.3
1063.383	31.69	2.86	90.55	8.18	8.28	67.74	74.8	1	23.4
1063.528	32.08	2.82	90.55	8.16	8.14	66.44	73.4	1	23.1
1063.588	32.20	2.82	90.68	8.14	8.26	67.17	74.1	1	23.1
1063.692	32.27	2.82	90.92	8.11	8.26	67.05	73.8	1	23.0
1063.837	32.28	2.81	90.61	8.08	8.35	67.49	74.5	1	23.1
1063.897	32.21	2.81	90.64	8.10	8.33	67.47	74.4	1	23.1
1064.001	31.96	2.83	90.39	8.04	8.42	67.67	74.9	1	23.1
1064.146	32.08	2.82	90.52	8.08	8.33	67.32	74.4	1	23.1
1064.206	31.97	2.85	90.97	8.03	8.47	68.03	74.8	1	23.3
1064.310	31.94	2.84	90.79	8.12	8.26	67.11	73.9	1	23.3
1064.455	31.82	2.85	90.78	8.12	8.17	66.37	73.1	1	23.3
1064.515	32.05	2.83	90.57	8.21	8.06	66.19	73.1	1	23.3
1064.619	31.91	2.83	90.15	8.20	8.22	67.43	74.8	1	23.1
1064.764	32.08	2.81	90.03	8.21	8.06	66.16	73.5	1	23.3
1064.824	32.05	2.81	90.23	8.16	8.24	67.26	74.5	1	23.3
1064.928	31.87	2.83	90.32	8.11	8.19	66.44	73.6	1	23.3
1065.073	31.80	2.87	91.33	8.13	8.26	67.15	73.5	1	23.6
1065.133	31.57	2.88	90.90	8.10	8.27	67.02	73.7	1	23.6
1065.237	31.54	2.88	90.75	8.08	8.32	67.17	74.0	1	23.4
1065.382	31.66	2.89	91.35	8.08	8.41	67.91	74.3	1	23.3
1065.442	31.91	2.83	90.47	8.06	8.51	68.57	75.8	1	23.4
1065.546	31.93	2.84	90.74	8.13	8.27	67.26	74.1	1	23.4
1065.691	31.96	2.85	91.12	8.11	8.26	67.03	73.6	1	23.3
1065.751	32.02	2.84	90.85	8.09	8.33	67.41	74.2	1	23.1
1065.855	31.95	2.85	90.96	8.11	8.24	66.84	73.5	1	23.3
1066.000	31.99	2.83	90.67	8.11	8.28	67.11	74.0	1	23.3
1066.060	32.05	2.82	90.47	8.07	8.38	67.61	74.7	1	23.3
1066.164	31.88	2.83	90.35	8.07	8.37	67.60	74.8	1	23.4
1066.309	31.61	2.89	91.38	8.11	8.33	67.60	74.0	1	23.7
1066.369	31.38	2.90	91.00	8.09	8.27	66.95	73.6	1	23.7
1066.473	31.26	2.91	91.10	8.11	8.41	68.18	74.8	1	23.7
1066.618	31.30	2.90	90.91	8.10	8.43	68.28	75.1	1	23.6
1066.678	31.39	2.90	91.00	8.12	8.42	68.34	75.1	1	23.4
1066.782	31.58	2.88	90.99	8.15	8.26	67.31	74.0	1	23.3
1066.927	31.64	2.86	90.58	8.07	8.49	68.48	75.6	1	23.3
1066.987	31.96	2.85	91.14	8.09	8.41	68.05	74.7	1	23.1
1067.091	31.87	2.85	90.90	8.05	8.34	67.13	73.9	1	23.3
1067.236	31.53	2.89	91.13	8.03	8.31	66.75	73.2	1	23.6
1067.296	31.49	2.89	91.10	8.08	8.29	66.97	73.5	1	23.7
1067.400	31.26	2.92	91.35	8.09	8.36	67.62	74.0	1	23.9
1067.545	31.19	2.93	91.34	8.15	8.34	67.96	74.4	1	23.6
1067.605	31.39	2.92	91.57	8.16	8.31	67.83	74.1	1	23.6
1067.709	31.46	2.89	90.92	8.08	8.46	68.39	75.2	1	23.6
1067.854	31.61	2.88	90.96	8.11	8.48	68.77	75.6	1	23.3
1067.914	31.83	2.85	90.82	8.10	8.45	68.43	75.3	1	23.1
1068.018	31.79	2.84	90.30	8.03	8.49	68.16	75.5	1	23.3
1068.163	31.98	2.83	90.43	8.06	8.35	67.28	74.4	1	23.3
1068.223	31.80	2.83	90.10	8.05	8.40	67.65	75.1	1	23.4
1068.327	31.89	2.85	90.82	8.03	8.35	67.06	73.8	1	23.1
1068.472	32.16	2.81	90.25	8.12	8.21	66.65	73.8	1	23.1
1068.532	32.10	2.83	90.81	8.06	8.35	67.26	74.1	1	23.1
1068.636	32.26	2.81	90.68	8.10	8.24	66.76	73.6	1	23.1
1068.781	32.11	2.84	91.16	8.05	8.39	67.56	74.1	1	23.3
1068.841	32.06	2.84	90.95	7.97	8.52	67.94	74.7	1	23.3
1068.945	32.16	2.83	90.94	8.03	8.52	68.48	75.3	1	23.1
1069.090	32.09	2.84	91.07	8.08	8.37	67.61	74.2	1	23.4
1069.150	31.79	2.85	90.71	8.02	8.44	67.72	74.7	1	23.3
1069.254	31.76	2.86	90.71	8.08	8.45	68.28	75.3	1	23.4
1069.399	31.38	2.90	91.15	8.11	8.36	67.79	74.4	1	23.7
1069.459	30.96	2.92	90.42	8.04	8.32	66.89	74.0	1	23.6
1069.563	31.04	2.93	90.83	8.08	8.37	67.60	74.4	1	23.7
1069.708	30.95	2.93	90.66	8.04	8.43	67.75	74.7	1	23.7
1069.768	30.99	2.94	91.01	8.05	8.37	67.32	74.0	1	23.7
1069.872	31.17	2.93	91.21	8.06	8.29	66.79	73.2	1	23.6
1070.017	31.42	2.90	91.16	8.08	8.25	66.68	73.1	1	23.4
1070.077	31.46	2.90	91.09	8.06	8.31	67.03	73.6	1	23.4
1070.181	31.63	2.88	91.05	8.11	8.32	67.44	74.1	1	23.4
1070.326	31.67	2.89	91.41	8.08	8.41	67.95	74.3	1	23.3
1070.386	31.80	2.85	90.78	8.10	8.37	67.80	74.7	1	23.3
1070.490	31.81	2.87	91.18	8.08	8.32	67.23	73.7	1	23.6
1070.635	31.47	2.90	91.11	8.07	8.28	66.82	73.3	1	23.6
1070.695	31.44	2.91	91.48	8.09	8.37	67.70	74.0	1	23.7
1070.799	31.08	2.95	91.55	8.01	8.51	68.24	74.5	1	23.7
1070.944	31.20	2.92	91.15	8.07	8.32	67.17	73.7	1	23.6
1071.004	31.46	2.91	91.44	8.07	8.37	67.58	73.9	1	23.6
1071.108	31.39	2.90	91.07	8.06	8.37	67.41	74.0	1	23.6
1071.253	31.37	2.91	91.16	8.09	8.33	67.40	73.9	1	23.6
1071.313	31.14	2.92	90.81	8.06	8.32	66.99	73.8	1	23.6
1071.417	31.20	2.92	90.99	8.07	8.28	66.84	73.5	1	23.6
1071.562	31.05	2.92	90.67	8.03	8.31	66.72	73.6	1	23.7
1071.622	31.18	2.92	90.93	8.08	8.30	67.03	73.7	1	23.9
1071.726	31.11	2.92	90.72	8.09	8.25	66.72	73.6	1	23.7
1071.871	31.35	2.91	91.09	8.10	8.33	67.48	74.1	1	23.6
1071.931	31.45	2.89	90.79	8.13	8.25	67.10	73.9	1	23.6
1072.035	31.30	2.91	90.98	8.08	8.32	67.26	73.9	1	23.6
1072.180	31.67	2.91	92.09	8.10	8.40	68.03	73.9	1	23.3
1072.240	31.73	2.89	91.73	8.06	8.28	66.79	72.8	1	23.3
1072.344	31.84	2.88	91.55	8.04	8.30	66.72	72.9	1	23.3
1072.489	31.55	2.88	91.01	8.04	8.42	67.70	74.4	1	23.4
1072.549	31.73	2.87	91.22	8.07	8.38	67.69	74.2	1	23.3
1072.653	31.96	2.85	90.97	8.06	8.51	68.64	75.5	1	23.3
1072.798	31.74	2.86	90.86	8.10	8.22	66.56	73.3	1	23.4
1072.858	31.68	2.87	90.96	8.11	8.21	66.54	73.2	1	23.4
1072.962	31.51	2.89	91.13	8.06	8.30	66.94	73.5	1	23.4
1073.107	31.61	2.88	91.11	8.02	8.45	67.83	74.5	1	23.4
1073.167	31.51	2.88	90.65	8.05	8.41	67.67	74.6	1	23.6
1073.271	31.56	2.88	90.90	8.06	8.43	67.98	74.8	1	23.4
1073.416	31.76	2.88	91.40	8.09	8.30	67.10	73.4	1	23.4
1073.476	31.71	2.87	91.14	8.13	8.28	67.37	73.9	1	23.6
1073.580	31.72	2.88	91.28	8.07	8.40	67.79	74.3	1	23.4
1073.725	31.77	2.86	90.90	8.11	8.32	67.49	74.2	1	23.4
1073.785	31.57	2.86	90.41	8.11	8.18	66.33	73.4	1	23.6
1073.889	31.65	2.87	90.85	8.11	8.30	67.33	74.1	1	23.6
1074.034	31.29	2.92	91.22	8.05	8.46	68.06	74.6	1	23.7
1074.094	31.33	2.91	91.19	8.14	8.32	67.76	74.3	1	23.9
1074.198	31.00	2.93	90.80	8.09	8.33	67.41	74.2	1	23.7
1074.343	31.07	2.93	91.15	8.03	8.34	66.98	73.5	1	23.6
1074.403	31.23	2.92	91.06	8.05	8.32	66.94	73.5	1	23.6
1074.507	31.21	2.92	91.03	8.01	8.42	67.39	74.0	1	23.6
1074.652	31.35	2.91	91.16	7.98	8.42	67.23	73.8	1	23.4
1074.712	31.55	2.88	91.01	8.01	8.47	67.82	74.5	1	23.6
1074.816	31.39	2.89	90.77	8.07	8.25	66.56	73.3	1	23.4
1074.961	31.41	2.90	91.15	8.08	8.37	67.64	74.2	1	23.6
1075.021	31.43	2.89	90.83	8.10	8.42	68.20	75.1	1	23.6
1075.125	31.53	2.87	90.46	8.15	8.19	66.69	73.7	1	23.6
1075.270	31.34	2.91	91.07	8.08	8.40	67.90	74.6	1	23.7
1075.330	31.30	2.90	90.80	8.09	8.36	67.59	74.4	1	23.7
1075.434	31.36	2.90	91.07	8.07	8.40	67.83	74.5	1	23.7
1075.579	31.49	2.89	91.05	8.10	8.35	67.59	74.2	1	23.6
1075.639	31.40	2.90	91.19	8.04	8.44	67.88	74.4	1	23.4
1075.743	31.68	2.87	90.85	8.06	8.45	68.11	75.0	1	23.4
1075.888	31.98	2.82	90.30	8.13	8.26	67.21	74.4	1	23.3
1075.948	31.92	2.84	90.72	8.13	8.25	67.08	73.9	1	23.1
1076.052	32.19	2.83	90.94	8.07	8.21	66.27	72.9	1	23.0
1076.197	32.10	2.82	90.45	8.03	8.34	66.94	74.0	1	23.1
1076.257	32.22	2.81	90.63	8.06	8.25	66.49	73.4	1	23.0
1076.361	32.65	2.75	89.87	8.08	8.18	66.05	73.5	1	23.0
1076.506	32.27	2.82	91.14	8.09	8.22	66.56	73.0	1	23.3
1076.566	32.10	2.85	91.42	8.03	8.23	66.15	72.4	1	23.3
1076.670	31.74	2.85	90.34	8.10	8.20	66.43	73.5	1	23.3
1076.815	31.52	2.90	91.33	8.05	8.41	67.68	74.1	1	23.6
1076.875	31.65	2.88	91.13	8.15	8.24	67.15	73.7	1	23.7
1076.979	31.37	2.91	91.16	8.15	8.15	66.48	72.9	1	23.7
1077.124	31.24	2.92	91.36	8.06	8.38	67.55	73.9	1	23.7
1077.184	31.04	2.94	91.33	8.06	8.40	67.72	74.2	1	23.9
1077.288	30.91	2.96	91.37	8.05	8.46	68.08	74.5	1	23.9
1077.433	31.20	2.92	91.02	8.14	8.26	67.25	73.9	1	23.9
1077.493	31.09	2.92	90.89	8.07	8.40	67.79	74.6	1	23.7
1077.597	31.08	2.92	90.68	8.10	8.27	67.02	73.9	1	23.9
1077.742	30.96	2.94	90.98	8.18	8.18	66.91	73.5	1	24.0
1077.802	30.71	2.97	91.10	8.11	8.34	67.64	74.2	1	24.2
1077.906	30.36	2.99	90.81	8.08	8.34	67.46	74.3	1	24.2
1078.051	30.42	2.99	90.91	8.11	8.21	66.56	73.2	1	24.0
1078.111	30.69	2.96	90.80	8.17	8.16	66.72	73.5	1	24.2
1078.215	30.41	2.97	90.36	8.11	8.25	66.90	74.0	1	24.0
1078.360	30.45	3.00	91.40	8.07	8.51	68.68	75.1	1	24.3
1078.420	30.23	3.00	90.58	8.08	8.37	67.57	74.6	1	24.5
1078.524	30.20	3.00	90.53	8.10	8.24	66.71	73.7	1	24.3
1078.669	29.78	3.01	89.76	8.05	8.28	66.71	74.3	1	24.3
1078.729	29.78	3.00	89.30	7.99	8.37	66.92	74.9	1	24.3
1078.833	29.81	3.01	89.63	8.11	8.12	65.85	73.5	1	24.5
1078.978	29.82	3.01	89.79	8.06	8.28	66.77	74.4	1	24.6
1079.038	29.69	3.02	89.63	7.98	8.44	67.31	75.1	1	24.6
1079.142	29.93	3.02	90.42	8.10	8.16	66.10	73.1	1	24.5
1079.287	30.07	3.01	90.39	8.05	8.34	67.19	74.3	1	24.3
1079.347	30.02	3.01	90.36	8.03	8.44	67.78	75.0	1	24.3
1079.451	29.99	3.01	90.23	8.11	8.17	66.26	73.4	1	24.5
1079.596	29.87	3.01	90.06	8.01	8.31	66.56	73.9	1	24.3
1079.656	29.99	3.01	90.36	8.02	8.43	67.57	74.8	1	24.2
1079.760	30.09	3.00	90.16	8.08	8.24	66.55	73.8	1	24.2
1079.905	30.43	2.97	90.51	8.10	8.27	66.97	74.0	1	24.0
1079.965	30.46	2.97	90.45	8.06	8.30	66.90	74.0	1	24.0
1080.069	30.53	2.97	90.62	8.05	8.44	67.94	75.0	1	23.9
1080.214	31.03	2.93	90.85	8.15	8.19	66.76	73.5	1	23.7
1080.274	31.18	2.91	90.60	8.16	8.19	66.86	73.8	1	23.7
1080.378	30.85	2.94	90.59	8.10	8.30	67.24	74.2	1	24.0
1080.523	30.95	2.94	90.96	8.11	8.35	67.72	74.5	1	23.7
1080.583	31.03	2.94	91.18	8.09	8.29	67.07	73.6	1	23.7
1080.687	31.17	2.93	91.29	8.12	8.24	66.90	73.3	1	23.7
1080.832	30.91	2.94	90.73	8.09	8.26	66.81	73.6	1	23.7
1080.892	31.00	2.92	90.47	8.18	8.11	66.40	73.4	1	23.9
1080.996	31.10	2.91	90.64	8.14	8.20	66.73	73.6	1	23.6
1081.141	31.42	2.90	91.03	8.13	8.39	68.22	74.9	1	23.6
1081.201	31.55	2.89	91.10	8.18	8.32	68.05	74.7	1	23.4
1081.305	31.75	2.87	91.22	8.15	8.36	68.09	74.6	1	23.3
1081.450	31.74	2.86	90.88	8.10	8.33	67.44	74.2	1	23.4
1081.510	31.61	2.88	91.04	8.08	8.40	67.93	74.6	1	23.6
1081.614	31.54	2.90	91.48	8.08	8.41	67.99	74.3	1	23.7
1081.759	31.54	2.91	91.64	8.09	8.40	67.93	74.1	1	23.6
1081.819	31.52	2.90	91.33	8.09	8.36	67.65	74.1	1	23.7
1081.923	31.19	2.92	91.17	8.09	8.43	68.22	74.8	1	23.9
1082.068	30.76	2.95	90.89	8.12	8.37	67.98	74.8	1	23.9
1082.128	30.40	2.97	90.24	8.03	8.50	68.25	75.6	1	24.0
1082.232	30.53	2.96	90.27	8.04	8.45	67.98	75.3	1	23.9
1082.377	30.85	2.95	90.93	8.06	8.49	68.50	75.3	1	23.7
1082.437	30.91	2.94	90.95	8.05	8.53	68.67	75.5	1	23.7
1082.541	30.94	2.94	90.95	8.07	8.51	68.68	75.5	1	23.7
1082.686	30.61	2.96	90.54	7.99	8.60	68.76	75.9	1	24.0
1082.746	30.73	2.95	90.79	8.07	8.43	68.07	75.0	1	24.0
1082.850	30.73	2.94	90.39	8.12	8.37	67.99	75.2	1	23.9
1082.995	30.62	2.95	90.25	8.11	8.39	68.05	75.4	1	24.0
1083.055	30.66	2.94	90.03	8.12	8.38	68.05	75.6	1	23.9
1083.159	31.01	2.93	90.83	8.14	8.35	68.02	74.9	1	23.7
1083.304	31.44	2.90	91.10	8.15	8.34	68.01	74.7	1	23.6
1083.364	31.60	2.90	91.75	8.13	8.32	67.64	73.7	1	23.4
1083.468	31.56	2.89	91.24	8.14	8.33	67.81	74.3	1	23.4
1083.613	31.62	2.88	90.96	8.09	8.26	66.83	73.5	1	23.4
1083.673	31.73	2.85	90.58	8.11	8.31	67.41	74.4	1	23.3
1083.777	31.72	2.84	90.22	8.14	8.20	66.67	73.9	1	23.4
1083.922	31.80	2.84	90.38	8.12	8.18	66.48	73.6	1	23.3
1083.982	31.97	2.83	90.60	8.11	8.31	67.41	74.4	1	23.3
1084.086	31.98	2.82	90.10	8.16	8.27	67.50	74.9	1	23.3
1084.231	31.86	2.84	90.59	8.18	8.23	67.29	74.3	1	23.6
1084.291	31.49	2.86	90.14	8.17	8.14	66.55	73.8	1	23.6
1084.395	31.40	2.89	90.85	8.17	8.16	66.68	73.4	1	23.7
1084.540	31.42	2.90	91.11	8.20	8.18	67.07	73.6	1	23.7
1084.600	31.25	2.91	91.04	8.22	8.18	67.19	73.8	1	23.9
1084.704	31.24	2.91	90.89	8.21	8.12	66.68	73.4	1	23.6
1084.849	31.44	2.89	90.89	8.17	8.21	67.07	73.8	1	23.7
1084.909	31.26	2.91	91.04	8.11	8.39	67.98	74.7	1	23.9
1085.013	31.06	2.92	90.82	8.10	8.39	68.01	74.9	1	23.9
1085.158	31.12	2.93	91.06	8.12	8.43	68.41	75.1	1	23.9
1085.218	31.18	2.92	91.07	8.17	8.21	67.04	73.6	1	23.9
1085.322	30.75	2.93	90.22	8.15	8.16	66.53	73.7	1	23.7
1085.467	30.94	2.93	90.49	8.05	8.45	68.01	75.2	1	23.6
1085.527	31.11	2.91	90.60	8.08	8.41	68.00	75.1	1	23.6
1085.631	31.49	2.90	91.28	8.14	8.34	67.82	74.3	1	23.4
1085.776	31.70	2.88	91.43	8.10	8.36	67.67	74.0	1	23.4
1085.836	31.58	2.88	90.91	8.12	8.32	67.56	74.3	1	23.6
1085.940	31.31	2.91	91.04	8.09	8.36	67.63	74.3	1	23.7
1086.085	31.32	2.90	90.79	8.11	8.43	68.38	75.3	1	23.7
1086.145	31.11	2.91	90.45	8.11	8.44	68.46	75.7	1	23.9
1086.249	31.54	2.89	91.02	8.20	8.22	67.44	74.1	1	23.6
1086.394	31.40	2.88	90.46	8.16	8.33	67.95	75.1	1	23.7
1086.454	31.30	2.90	90.75	8.17	8.16	66.70	73.5	1	23.9
1086.558	31.17	2.90	90.53	8.14	8.18	66.58	73.5	1	23.7
1086.703	31.37	2.92	91.54	8.14	8.22	66.85	73.0	1	23.6
1086.763	31.49	2.89	91.08	8.10	8.34	67.52	74.1	1	23.4
1086.867	31.65	2.87	90.79	8.13	8.19	66.60	73.4	1	23.4
1087.012	31.53	2.88	90.83	8.13	8.24	67.03	73.8	1	23.7
1087.072	31.36	2.89	90.71	8.17	8.31	67.88	74.8	1	23.7
1087.176	31.37	2.91	91.22	8.15	8.30	67.66	74.2	1	23.7
1087.321	31.06	2.91	90.36	8.11	8.31	67.39	74.6	1	23.7
1087.381	31.02	2.92	90.49	8.08	8.31	67.16	74.2	1	23.9
1087.485	30.97	2.92	90.44	8.10	8.24	66.77	73.8	1	23.7
1087.630	31.20	2.90	90.59	8.09	8.26	66.83	73.8	1	23.6
1087.690	31.31	2.88	90.28	8.10	8.35	67.67	75.0	1	23.6
1087.794	31.24	2.89	90.31	8.10	8.38	67.85	75.1	1	23.6
1087.939	31.41	2.88	90.34	8.13	8.38	68.14	75.4	1	23.4
1087.999	31.42	2.88	90.45	8.09	8.43	68.13	75.3	1	23.6
1088.103	31.33	2.91	91.05	8.08	8.42	68.07	74.8	1	23.7
1088.248	31.01	2.94	91.07	8.07	8.44	68.13	74.8	1	23.9
1088.308	30.95	2.94	90.85	8.08	8.47	68.41	75.3	1	23.9
1088.412	31.04	2.93	90.90	8.08	8.53	68.93	75.8	1	23.7
1088.557	31.30	2.92	91.33	8.09	8.52	68.94	75.5	1	23.6
1088.617	31.44	2.91	91.43	8.07	8.55	68.98	75.4	1	23.4
1088.721	31.66	2.88	91.21	8.07	8.42	67.93	74.5	1	23.3
1088.866	31.70	2.86	90.77	8.03	8.48	68.12	75.0	1	23.3
1088.926	31.75	2.86	90.66	8.04	8.38	67.39	74.3	1	23.1
1089.030	31.96	2.84	90.86	8.06	8.32	67.02	73.8	1	23.3
1089.175	32.05	2.82	90.52	8.09	8.39	67.89	75.0	1	23.1
1089.235	31.78	2.81	89.35	8.10	8.23	66.69	74.6	1	23.1
1089.339	31.73	2.82	89.55	8.13	8.23	66.95	74.8	1	23.4
1089.484	31.42	2.88	90.46	8.09	8.34	67.50	74.6	1	23.7
1089.544	31.39	2.89	90.71	8.13	8.38	68.17	75.2	1	23.9
1089.648	31.20	2.89	90.20	8.14	8.35	67.94	75.3	1	23.7
1089.793	31.27	2.91	90.84	8.14	8.31	67.67	74.5	1	23.7
1089.853	31.27	2.90	90.69	8.11	8.32	67.49	74.4	1	23.6
1089.957	31.38	2.89	90.54	8.11	8.39	68.02	75.1	1	23.7
1090.102	31.22	2.89	90.17	8.15	8.19	66.74	74.0	1	23.6
1090.162	31.50	2.88	90.57	8.17	8.21	67.04	74.0	1	23.4
1090.266	31.78	2.87	91.08	8.15	8.34	67.98	74.6	1	23.3
1090.411	31.80	2.86	90.92	8.14	8.21	66.85	73.5	1	23.3
1090.471	31.81	2.86	90.98	8.09	8.31	67.26	73.9	1	23.1
1090.575	32.00	2.82	90.33	8.13	8.23	66.88	74.0	1	23.3
1090.720	31.92	2.83	90.45	8.08	8.36	67.52	74.6	1	23.3
1090.780	31.76	2.85	90.58	8.00	8.48	67.86	74.9	1	23.3
1090.884	31.80	2.84	90.26	8.04	8.51	68.36	75.7	1	23.4
1091.029	31.75	2.87	91.22	8.13	8.23	66.95	73.4	1	23.6
1091.089	31.53	2.88	90.72	8.06	8.33	67.18	74.0	1	23.6
1091.193	31.52	2.86	90.18	8.13	8.29	67.41	74.8	1	23.6
1091.338	31.72	2.84	90.22	8.14	8.22	66.93	74.2	1	23.4
1091.398	31.70	2.87	90.84	8.08	8.46	68.32	75.2	1	23.4
1091.502	31.53	2.87	90.64	8.14	8.27	67.31	74.3	1	23.6
1091.647	31.23	2.90	90.57	8.11	8.38	68.03	75.1	1	23.7
1091.707	31.17	2.90	90.40	8.09	8.39	67.85	75.1	1	23.6
1091.811	31.21	2.89	90.11	8.14	8.19	66.71	74.0	1	23.7
1091.956	31.15	2.92	90.82	8.08	8.29	67.01	73.8	1	23.7
1092.016	31.17	2.90	90.53	8.11	8.21	66.59	73.6	1	23.9
1092.120	30.93	2.90	89.79	8.12	8.19	66.45	74.0	1	23.9
1092.265	30.62	2.94	90.09	8.11	8.27	67.06	74.4	1	24.0
1092.325	30.26	2.95	89.24	8.05	8.28	66.67	74.7	1	23.9
1092.429	30.90	2.92	90.33	8.11	8.24	66.77	73.9	1	23.7
1092.574	31.14	2.90	90.30	8.10	8.24	66.75	73.9	1	23.7
1092.634	30.80	2.93	90.23	8.02	8.39	67.32	74.6	1	23.9
1092.738	30.67	2.94	90.31	8.01	8.37	67.04	74.2	1	23.9
1092.883	31.03	2.93	90.80	8.02	8.44	67.68	74.5	1	23.6
1092.943	31.17	2.90	90.49	8.04	8.30	66.75	73.8	1	23.6
1093.047	31.19	2.90	90.48	8.10	8.27	67.04	74.1	1	23.7
1093.192	30.92	2.93	90.61	8.04	8.32	66.86	73.8	1	24.0
1093.252	30.82	2.93	90.45	8.05	8.37	67.38	74.5	1	23.9
1093.356	30.75	2.95	90.57	8.05	8.39	67.59	74.6	1	24.0
1093.501	30.72	2.94	90.33	8.09	8.26	66.82	74.0	1	23.9
1093.561	30.79	2.94	90.49	8.02	8.43	67.60	74.7	1	23.7
1093.665	31.05	2.91	90.32	8.10	8.40	68.03	75.3	1	23.6
1093.810	31.00	2.91	90.26	8.05	8.31	66.88	74.1	1	23.6
1093.870	31.26	2.88	90.17	8.06	8.50	68.46	75.9	1	23.6
1093.974	31.34	2.89	90.60	8.07	8.35	67.37	74.4	1	23.6
1094.119	31.43	2.88	90.62	8.06	8.43	67.98	75.0	1	23.4
1094.179	31.55	2.87	90.69	8.12	8.31	67.52	74.5	1	23.6
1094.283	31.22	2.90	90.55	8.03	8.37	67.26	74.3	1	23.6
1094.428	31.14	2.90	90.34	8.08	8.37	67.56	74.8	1	23.7
1094.488	30.90	2.92	90.13	8.02	8.37	67.12	74.5	1	23.6
1094.592	31.29	2.90	90.66	8.08	8.34	67.34	74.3	1	23.6
1094.737	31.38	2.89	90.63	7.96	8.40	66.81	73.7	1	23.4
1094.797	31.31	2.90	90.69	7.98	8.48	67.64	74.6	1	23.6
1094.901	31.23	2.89	90.27	8.03	8.34	66.90	74.1	1	23.6
1095.046	31.43	2.87	90.28	8.00	8.41	67.26	74.5	1	23.3
1095.106	31.50	2.87	90.28	8.05	8.24	66.30	73.4	1	23.4
1095.210	31.40	2.87	90.15	8.04	8.26	66.40	73.7	1	23.4
1095.355	31.64	2.87	90.71	8.14	8.25	67.14	74.0	1	23.6
1095.415	31.30	2.89	90.51	8.07	8.27	66.67	73.7	1	23.4
1095.519	31.61	2.87	90.62	8.13	8.25	67.10	74.0	1	23.4
1095.664	31.80	2.85	90.58	8.09	8.27	66.96	73.9	1	23.3
1095.724	31.72	2.85	90.42	8.06	8.34	67.19	74.3	1	23.3
1095.828	31.51	2.87	90.29	8.04	8.37	67.26	74.5	1	23.3
1095.973	31.79	2.86	90.76	8.13	8.32	67.64	74.5	1	23.4
1096.033	31.59	2.86	90.48	8.13	8.19	66.66	73.7	1	23.6
1096.137	31.47	2.88	90.69	8.08	8.37	67.63	74.6	1	23.6
1096.282	31.14	2.91	90.55	8.06	8.27	66.65	73.6	1	23.6
1096.342	30.99	2.92	90.36	7.97	8.45	67.32	74.5	1	23.6
1096.446	31.30	2.91	91.10	8.02	8.35	66.96	73.5	1	23.6
1096.591	31.42	2.89	90.89	8.04	8.51	68.43	75.3	1	23.6
1096.651	31.33	2.90	90.80	8.11	8.20	66.52	73.3	1	23.6
1096.755	31.37	2.88	90.34	8.05	8.42	67.73	75.0	1	23.6
1096.900	31.13	2.91	90.70	7.98	8.33	66.53	73.3	1	23.6
1096.960	31.12	2.91	90.43	8.07	8.24	66.54	73.6	1	23.7
1097.064	31.02	2.92	90.65	7.99	8.44	67.44	74.4	1	23.6
1097.209	31.60	2.88	90.97	8.07	8.41	67.87	74.6	1	23.3
1097.269	31.55	2.88	90.91	8.01	8.51	68.14	74.9	1	23.3
1097.373	31.57	2.88	90.94	8.04	8.43	67.73	74.5	1	23.6
1097.518	31.21	2.90	90.63	8.00	8.47	67.74	74.7	1	23.3
1097.578	31.46	2.87	90.43	8.07	8.38	67.59	74.7	1	23.3
1097.682	31.53	2.87	90.41	8.07	8.27	66.70	73.8	1	23.4
1097.827	31.41	2.90	91.01	8.04	8.30	66.76	73.4	1	23.6
1097.887	31.09	2.91	90.42	7.93	8.54	67.67	74.8	1	23.6
1097.991	31.36	2.89	90.67	8.05	8.38	67.40	74.3	1	23.3
1098.136	31.70	2.87	91.10	8.05	8.29	66.77	73.3	1	23.1
1098.196	31.67	2.87	90.98	8.03	8.35	67.02	73.7	1	23.1
1098.300	31.83	2.84	90.48	8.02	8.37	67.08	74.1	1	23.3
1098.445	31.47	2.86	90.09	7.98	8.36	66.76	74.1	1	23.1
1098.505	31.76	2.84	90.14	8.04	8.29	66.62	73.9	1	23.1
1098.609	31.58	2.86	90.46	7.98	8.42	67.21	74.3	1	23.3
1098.754	31.41	2.90	91.14	8.02	8.36	66.98	73.5	1	23.6
1098.814	31.10	2.92	90.80	7.95	8.58	68.14	75.0	1	23.7
1098.918	30.86	2.94	90.66	7.96	8.43	67.11	74.0	1	23.7
1099.063	31.16	2.91	90.80	8.04	8.24	66.30	73.0	1	23.4
1099.123	31.21	2.91	90.89	7.99	8.44	67.41	74.2	1	23.3
1099.227	31.29	2.90	90.65	7.98	8.29	66.19	73.0	1	23.3
1099.372	31.45	2.88	90.51	8.01	8.31	66.58	73.6	1	23.3
1099.432	31.76	2.85	90.51	8.02	8.32	66.75	73.8	1	23.1
1099.536	31.66	2.85	90.36	7.98	8.42	67.21	74.4	1	23.3
1099.681	31.29	2.89	90.49	7.92	8.52	67.46	74.6	1	23.3
1099.741	31.38	2.89	90.55	8.00	8.37	67.02	74.0	1	23.3
1099.845	31.34	2.90	90.87	7.93	8.49	67.33	74.1	1	23.3
1099.990	31.65	2.86	90.53	7.93	8.46	67.13	74.2	1	23.1
1100.050	31.58	2.85	89.94	7.98	8.36	66.74	74.2	1	23.3
1100.154	31.56	2.85	89.95	7.96	8.47	67.46	75.0	1	23.1
1100.299	31.94	2.85	91.06	7.94	8.28	65.69	72.1	1	22.8
1100.359	32.02	2.84	90.85	7.94	8.25	65.56	72.2	1	22.8
1100.463	31.80	2.83	90.08	7.89	8.56	67.52	75.0	1	22.8
1100.608	31.77	2.84	90.08	7.92	8.30	65.77	73.0	1	23.1
1100.668	31.50	2.87	90.44	7.88	8.46	66.61	73.7	1	23.3
1100.772	31.58	2.87	90.55	7.94	8.49	67.45	74.5	1	23.3
1100.917	31.15	2.91	90.53	7.87	8.55	67.30	74.3	1	23.3
1100.977	31.42	2.89	90.77	7.85	8.58	67.36	74.2	1	23.1
1101.081	31.37	2.88	90.32	7.91	8.35	66.04	73.1	1	23.3
1101.226	31.22	2.90	90.41	7.90	8.39	66.29	73.3	1	23.4
1101.286	30.97	2.91	90.08	7.88	8.37	65.94	73.2	1	23.3
1101.390	31.19	2.89	90.27	7.88	8.48	66.76	73.9	1	23.1
1101.535	31.43	2.88	90.58	7.89	8.41	66.32	73.2	1	23.0
1101.595	31.60	2.87	90.68	7.84	8.60	67.37	74.3	1	23.0
1101.699	32.00	2.81	89.82	7.91	8.33	65.96	73.4	1	23.0
1101.844	31.82	2.84	90.36	7.96	8.29	65.96	73.0	1	23.1
1101.904	31.57	2.87	90.70	7.87	8.51	66.94	73.8	1	23.1
1102.008	31.55	2.86	90.13	7.88	8.54	67.29	74.7	1	23.1
1102.153	31.99	2.85	91.16	7.92	8.35	66.09	72.5	1	22.8
1102.213	31.91	2.86	91.25	7.84	8.48	66.51	72.9	1	22.7
1102.317	32.14	2.80	90.01	7.91	8.35	66.04	73.4	1	22.8
1102.462	31.84	2.83	90.13	7.90	8.31	65.70	72.9	1	22.8
1102.522	31.70	2.84	90.08	7.83	8.65	67.77	75.2	1	23.0
1102.626	31.45	2.87	90.11	7.84	8.55	67.04	74.4	1	23.0
1102.771	31.58	2.87	90.56	7.83	8.69	68.06	75.2	1	23.3
1102.831	31.54	2.88	90.67	7.92	8.26	65.43	72.2	1	23.3
1102.935	31.40	2.87	90.18	7.86	8.58	67.48	74.8	1	23.1
1103.080	31.62	2.87	90.64	7.87	8.43	66.34	73.2	1	23.0
1103.140	31.50	2.87	90.33	7.83	8.59	67.29	74.5	1	23.0
1103.244	31.61	2.85	89.98	7.89	8.47	66.81	74.2	1	23.0
1103.389	32.05	2.81	90.16	7.92	8.39	66.45	73.7	1	23.0
1103.449	31.65	2.85	90.18	7.86	8.40	65.98	73.2	1	23.1
1103.553	31.33	2.87	90.03	7.80	8.41	65.64	72.9	1	23.0
1103.698	32.07	2.80	89.76	7.92	8.42	66.71	74.3	1	22.7
1103.758	31.85	2.83	90.06	7.84	8.55	67.04	74.4	1	22.8
1103.862	32.04	2.81	90.10	7.87	8.62	67.83	75.3	1	23.0
1104.007	31.33	2.88	90.17	7.76	8.64	67.00	74.3	1	23.1
1104.067	31.51	2.85	89.95	7.94	8.21	65.14	72.4	1	23.1
1104.171	31.60	2.85	90.11	7.88	8.37	65.98	73.2	1	22.8
1104.316	31.71	2.85	90.25	7.92	8.17	64.69	71.7	1	23.0
1104.376	31.92	2.84	90.51	7.86	8.58	67.44	74.5	1	23.1
1104.480	31.66	2.84	90.06	7.87	8.53	67.10	74.5	1	23.1
1104.625	31.91	2.83	90.38	7.86	8.48	66.62	73.7	1	22.8
1104.685	31.94	2.84	90.65	7.86	8.41	66.14	73.0	1	22.7
1104.789	31.55	2.85	89.92	7.73	8.60	66.47	73.9	1	22.8
1104.934	31.65	2.86	90.59	7.81	8.53	66.59	73.5	1	23.1
1104.994	31.52	2.86	90.28	7.80	8.57	66.85	74.0	1	23.0
1105.098	31.70	2.83	89.85	7.94	8.16	64.81	72.1	1	23.0
1105.243	31.72	2.85	90.37	7.80	8.69	67.78	75.0	1	22.8
1105.303	31.75	2.84	90.23	7.86	8.27	64.99	72.0	1	22.8
1105.407	31.83	2.85	90.58	7.85	8.35	65.52	72.3	1	22.8
1105.552	32.05	2.82	90.51	7.82	8.65	67.61	74.7	1	22.8
1105.612	31.97	2.82	90.15	7.91	8.34	65.92	73.1	1	22.8
1105.716	32.07	2.82	90.45	7.87	8.22	64.66	71.5	1	22.7
1105.861	31.96	2.83	90.32	7.74	8.70	67.39	74.6	1	22.8
1105.921	31.84	2.82	89.81	7.86	8.22	64.63	72.0	1	22.7
1106.025	31.91	2.83	90.35	7.80	8.57	66.88	74.0	1	22.7
1106.170	32.22	2.79	89.89	7.89	8.36	65.94	73.4	1	22.7
1106.230	31.88	2.80	89.39	7.82	8.45	66.11	74.0	1	22.7
1106.334	32.09	2.80	89.75	7.80	8.47	66.10	73.6	1	22.5
1106.479	32.46	2.78	90.10	7.82	8.43	65.92	73.2	1	22.4
1106.539	32.43	2.78	90.13	7.75	8.65	67.05	74.4	1	22.2
1106.643	32.48	2.78	90.19	7.74	8.57	66.34	73.6	1	22.4
1106.788	32.46	2.77	89.96	7.85	8.54	67.07	74.6	1	22.5
1106.848	32.36	2.77	89.49	7.84	8.56	67.09	75.0	1	22.5
1106.952	32.52	2.75	89.43	7.85	8.52	66.89	74.8	1	22.5
1107.097	32.34	2.77	89.74	7.86	8.27	65.01	72.4	1	22.5
1107.157	32.36	2.78	89.86	7.80	8.63	67.32	74.9	1	22.5
1107.261	32.03	2.79	89.48	7.86	8.25	64.86	72.5	1	22.7
1107.406	32.47	2.78	90.11	7.81	8.64	67.44	74.8	1	22.4
1107.466	32.56	2.76	89.75	7.86	8.25	64.86	72.3	1	22.2
1107.570	32.60	2.75	89.61	7.87	8.33	65.57	73.2	1	22.4
1107.715	32.08	2.80	89.67	7.78	8.61	66.99	74.7	1	22.5
1107.775	32.07	2.79	89.49	7.76	8.65	67.09	75.0	1	22.5
1107.879	32.01	2.82	90.12	7.77	8.53	66.27	73.5	1	22.7
1108.024	31.90	2.84	90.56	7.78	8.59	66.88	73.8	1	22.8
1108.084	31.84	2.85	90.66	7.75	8.66	67.08	74.0	1	22.8
1108.188	31.63	2.86	90.41	7.76	8.62	66.89	74.0	1	23.0
1108.333	31.47	2.85	89.79	7.84	8.43	66.13	73.6	1	23.0
1108.393	31.47	2.86	90.05	7.78	8.56	66.58	73.9	1	22.8
1108.497	31.92	2.81	89.64	7.83	8.55	66.94	74.7	1	22.8
1108.642	31.97	2.83	90.44	7.82	8.54	66.86	73.9	1	23.0
1108.702	31.76	2.85	90.38	7.82	8.52	66.69	73.8	1	23.0
1108.806	31.58	2.86	90.37	7.83	8.39	65.72	72.7	1	23.0
1108.951	31.64	2.85	90.11	7.79	8.55	66.63	73.9	1	23.0
1109.011	31.53	2.87	90.62	7.80	8.52	66.47	73.4	1	23.1
1109.115	31.43	2.89	90.96	7.91	8.42	66.57	73.2	1	23.3
1109.260	31.28	2.90	90.74	7.86	8.43	66.28	73.0	1	23.1
1109.320	31.42	2.88	90.36	7.84	8.53	66.95	74.1	1	23.1
1109.424	31.44	2.89	90.71	7.87	8.47	66.70	73.5	1	23.0
1109.569	31.62	2.86	90.30	7.90	8.46	66.85	74.0	1	23.1
1109.629	31.35	2.88	90.32	7.85	8.46	66.44	73.6	1	23.3
1109.733	31.32	2.89	90.36	7.90	8.39	66.26	73.3	1	23.4
1109.878	31.08	2.89	89.72	7.89	8.43	66.49	74.1	1	23.3
1109.938	31.02	2.90	90.03	7.89	8.50	67.01	74.4	1	23.4
1110.042	30.90	2.91	90.05	7.88	8.43	66.42	73.8	1	23.6
1110.187	30.63	2.93	89.64	7.86	8.41	66.12	73.8	1	23.4
1110.247	30.79	2.92	89.96	7.87	8.43	66.38	73.8	1	23.3
1110.351	31.08	2.91	90.35	7.86	8.43	66.23	73.3	1	23.1
1110.496	31.46	2.88	90.75	7.85	8.60	67.50	74.4	1	23.0
1110.556	31.84	2.85	90.78	7.90	8.47	66.85	73.6	1	22.8
1110.660	31.81	2.84	90.27	7.89	8.45	66.65	73.8	1	22.8
1110.805	31.77	2.84	90.28	7.85	8.39	65.89	73.0	1	23.1
1110.865	31.77	2.85	90.46	7.89	8.57	67.68	74.8	1	23.1
1110.969	31.65	2.86	90.40	7.97	8.45	67.30	74.4	1	23.3
1111.114	31.39	2.86	89.89	7.99	8.42	67.26	74.8	1	23.3
1111.174	31.26	2.88	90.18	7.94	8.49	67.42	74.8	1	23.4
1111.278	30.99	2.91	90.22	7.94	8.45	67.05	74.3	1	23.6
1111.423	31.06	2.91	90.53	8.03	8.40	67.42	74.5	1	23.6
1111.483	30.90	2.94	90.79	8.01	8.29	66.41	73.1	1	23.7
1111.587	30.56	2.96	90.43	8.00	8.18	65.40	72.3	1	23.7
1111.732	30.69	2.95	90.46	8.00	8.28	66.24	73.2	1	24.0
1111.792	30.51	2.95	89.98	8.01	8.25	66.09	73.4	1	23.9
1111.896	30.44	2.96	90.09	7.94	8.25	65.53	72.7	1	23.7
1112.041	30.64	2.97	90.92	7.89	8.49	66.93	73.6	1	23.9
1112.101	30.50	2.97	90.58	7.92	8.36	66.27	73.2	1	24.0
1112.205	30.42	2.96	90.09	7.97	8.29	66.05	73.3	1	24.0
1112.350	30.30	2.96	89.54	8.01	8.25	66.14	73.9	1	24.0
1112.410	30.15	2.97	89.66	7.97	8.25	65.76	73.3	1	24.2
1112.514	29.78	2.99	89.14	7.86	8.28	65.10	73.0	1	24.2
1112.659	29.87	2.99	89.24	7.90	8.38	66.13	74.1	1	24.2
1112.719	29.79	2.98	88.90	7.92	8.40	66.49	74.8	1	24.3
1112.823	29.62	2.99	88.70	7.88	8.28	65.23	73.5	1	24.2
1112.968	30.29	2.97	90.01	7.95	8.34	66.29	73.7	1	23.7
1113.028	30.48	2.96	90.15	7.99	8.21	65.61	72.8	1	23.7
1113.132	30.43	2.96	89.97	7.90	8.47	66.90	74.4	1	23.6
1113.277	30.70	2.94	90.33	7.96	8.34	66.44	73.6	1	23.7
1113.337	30.60	2.96	90.43	7.92	8.38	66.32	73.3	1	23.9
1113.441	30.67	2.96	90.73	7.92	8.38	66.34	73.1	1	23.7
1113.586	30.74	2.94	90.44	7.93	8.55	67.77	74.9	1	23.7
1113.646	30.72	2.95	90.52	7.91	8.51	67.34	74.4	1	23.7
1113.750	30.40	2.96	90.01	7.88	8.49	66.93	74.4	1	23.7
1113.895	30.32	2.97	90.03	7.88	8.52	67.14	74.6	1	23.6
1113.955	30.87	2.94	90.84	7.95	8.33	66.23	72.9	1	23.4
1114.059	31.18	2.90	90.52	7.99	8.28	66.14	73.1	1	23.4
1114.204	31.02	2.91	90.19	7.94	8.31	65.99	73.2	1	23.4
1114.264	31.15	2.91	90.55	7.95	8.49	67.46	74.5	1	23.4
1114.368	31.05	2.90	90.19	7.96	8.46	67.32	74.6	1	23.6
1114.513	30.88	2.93	90.60	7.93	8.50	67.37	74.4	1	23.6
1114.573	30.87	2.92	90.26	7.97	8.28	65.95	73.1	1	23.6
1114.677	30.90	2.92	90.13	7.98	8.40	66.97	74.3	1	23.6
1114.822	30.97	2.93	90.69	7.96	8.50	67.68	74.6	1	23.6
1114.882	31.12	2.92	90.74	7.99	8.33	66.62	73.4	1	23.4
1114.986	31.28	2.90	90.79	7.97	8.40	66.95	73.7	1	23.6
1115.131	31.10	2.91	90.57	7.91	8.57	67.84	74.9	1	23.6
1115.191	30.95	2.93	90.79	7.93	8.29	65.72	72.4	1	23.6
1115.295	31.04	2.91	90.34	7.99	8.37	66.90	74.0	1	23.6
1115.440	31.17	2.91	90.76	7.94	8.60	68.33	75.3	1	23.3
1115.500	31.30	2.90	90.93	8.01	8.36	66.92	73.6	1	23.3
1115.604	31.26	2.87	89.78	8.07	8.33	67.17	74.8	1	23.4
1115.749	31.68	2.84	89.94	8.06	8.27	66.68	74.1	1	23.1
1115.809	31.41	2.87	90.11	7.94	8.48	67.38	74.8	1	23.3
1115.913	31.50	2.86	90.15	7.95	8.54	67.88	75.3	1	23.4
1116.058	31.29	2.88	90.09	7.97	8.41	66.98	74.3	1	23.3
1116.118	31.28	2.88	90.12	7.93	8.57	68.00	75.5	1	23.3
1116.222	31.21	2.89	90.10	7.87	8.55	67.27	74.7	1	23.3
1116.367	31.52	2.87	90.33	7.98	8.47	67.55	74.8	1	23.1
1116.427	31.54	2.86	90.19	7.94	8.54	67.75	75.1	1	23.3
1116.531	31.57	2.86	90.31	7.95	8.48	67.42	74.7	1	23.1
1116.676	31.82	2.83	90.18	8.00	8.27	66.16	73.4	1	23.1
1116.736	31.75	2.84	90.13	7.98	8.39	66.97	74.3	1	23.3
1116.840	31.77	2.84	90.28	7.93	8.49	67.30	74.5	1	23.0
1116.985	31.83	2.82	89.77	7.99	8.25	65.91	73.4	1	23.1
1117.045	31.56	2.85	89.94	7.90	8.47	66.90	74.4	1	23.1
1117.149	31.38	2.87	90.06	7.88	8.56	67.50	74.9	1	23.3
1117.294	31.70	2.85	90.47	7.93	8.40	66.65	73.7	1	23.0
1117.354	31.72	2.85	90.33	7.94	8.40	66.71	73.9	1	23.0
1117.458	31.65	2.85	90.35	7.97	8.29	66.05	73.1	1	23.1
1117.603	31.73	2.85	90.50	8.00	8.32	66.53	73.5	1	23.3
1117.663	31.60	2.86	90.52	7.93	8.52	67.60	74.7	1	23.4
1117.767	31.37	2.89	90.64	7.95	8.43	67.02	73.9	1	23.4
1117.912	31.26	2.90	90.71	8.00	8.26	66.06	72.8	1	23.4
1117.972	31.39	2.89	90.66	7.99	8.46	67.60	74.6	1	23.4
1118.076	31.09	2.90	90.20	7.92	8.49	67.18	74.5	1	23.4
1118.221	31.66	2.86	90.51	8.04	8.30	66.74	73.7	1	23.1
1118.281	31.85	2.83	90.11	8.09	8.20	66.33	73.6	1	23.1
1118.385	31.65	2.85	90.11	8.00	8.40	67.23	74.6	1	23.3
1118.530	31.24	2.89	90.38	7.93	8.50	67.43	74.6	1	23.3
1118.590	31.58	2.87	90.55	8.03	8.26	66.37	73.3	1	23.1
1118.694	31.66	2.86	90.50	7.94	8.45	67.11	74.2	1	23.0
1118.839	31.48	2.85	89.79	7.99	8.33	66.59	74.2	1	23.1
1118.899	31.70	2.83	89.84	7.93	8.55	67.78	75.4	1	23.0
1119.003	31.74	2.83	89.86	7.94	8.46	67.15	74.7	1	22.8
1119.148	32.01	2.82	90.22	7.90	8.42	66.51	73.7	1	22.8
1119.208	32.25	2.79	89.85	7.97	8.28	66.05	73.5	1	22.8
1119.312	32.27	2.80	90.49	7.92	8.58	67.97	75.1	1	22.7
1119.457	32.25	2.80	90.45	7.90	8.45	66.77	73.8	1	22.7
1119.517	32.39	2.79	90.35	7.94	8.34	66.23	73.3	1	22.5
1119.621	32.45	2.77	89.75	7.96	8.29	65.98	73.5	1	22.7
1119.766	32.16	2.80	90.10	7.88	8.55	67.35	74.7	1	22.8
1119.826	32.13	2.81	90.17	7.89	8.40	66.28	73.5	1	22.8
1119.930	32.14	2.79	89.62	7.93	8.34	66.19	73.9	1	22.7
1120.075	31.83	2.82	89.67	7.87	8.37	65.89	73.5	1	22.8
1120.135	31.84	2.83	90.24	7.85	8.43	66.18	73.3	1	23.0
1120.239	31.77	2.84	90.15	7.85	8.47	66.51	73.8	1	23.0
1120.384	31.66	2.86	90.45	7.94	8.39	66.59	73.6	1	23.3
1120.444	31.40	2.88	90.38	7.87	8.54	67.27	74.4	1	23.3
1120.548	31.23	2.88	90.07	7.90	8.36	66.07	73.4	1	23.3
1120.693	31.46	2.87	90.25	7.93	8.39	66.56	73.8	1	23.1
1120.753	31.35	2.88	90.17	7.87	8.64	67.96	75.4	1	23.1
1120.857	31.42	2.88	90.55	7.85	8.57	67.31	74.3	1	23.1
1121.002	31.36	2.88	90.43	7.77	8.53	66.31	73.3	1	23.1
1121.062	31.55	2.87	90.47	7.86	8.43	66.25	73.2	1	23.1
1121.166	31.63	2.86	90.57	7.91	8.30	65.68	72.5	1	23.1
1121.311	31.47	2.89	90.80	7.93	8.42	66.79	73.6	1	23.3
1121.371	31.21	2.88	89.99	7.91	8.37	66.25	73.6	1	23.1
1121.475	31.34	2.89	90.45	7.90	8.33	65.80	72.7	1	23.0
1121.620	31.65	2.87	90.77	7.94	8.37	66.39	73.1	1	23.1
1121.680	31.61	2.86	90.51	7.94	8.36	66.34	73.3	1	23.3
1121.784	31.52	2.86	90.22	7.94	8.47	67.20	74.5	1	23.1
1121.929	31.37	2.86	89.74	7.84	8.51	66.66	74.3	1	23.3
1121.989	31.42	2.86	89.82	7.93	8.32	66.02	73.5	1	23.3
1122.093	31.54	2.87	90.36	7.87	8.46	66.56	73.7	1	23.0
1122.238	31.72	2.84	90.01	7.96	8.37	66.60	74.0	1	23.0
1122.298	31.73	2.84	90.22	7.95	8.32	66.11	73.3	1	23.0
1122.402	31.75	2.83	89.89	7.95	8.40	66.79	74.3	1	23.1
1122.547	31.68	2.85	90.35	7.93	8.31	65.88	72.9	1	23.0
1122.607	31.80	2.84	90.39	7.90	8.40	66.35	73.4	1	22.8
1122.711	31.80	2.84	90.27	7.92	8.36	66.23	73.4	1	23.1
1122.856	31.72	2.85	90.41	7.97	8.30	66.17	73.2	1	23.1
1122.916	31.72	2.85	90.25	7.94	8.42	66.88	74.1	1	23.1
1123.020	31.65	2.85	90.17	7.93	8.43	66.81	74.1	1	23.0
1123.165	31.62	2.85	90.16	7.88	8.43	66.43	73.7	1	23.0
1123.225	31.75	2.84	90.23	7.87	8.45	66.54	73.7	1	22.8
1123.329	31.78	2.83	89.92	7.83	8.51	66.66	74.1	1	23.0
1123.474	31.67	2.86	90.70	7.90	8.50	67.15	74.0	1	23.3
1123.534	31.44	2.87	90.19	7.92	8.32	65.90	73.1	1	23.3
1123.638	31.59	2.85	90.18	7.90	8.47	66.92	74.2	1	23.1
1123.783	31.33	2.88	90.10	7.94	8.43	67.00	74.4	1	23.4
1123.843	31.15	2.91	90.58	7.90	8.41	66.42	73.3	1	23.4
1123.947	31.19	2.90	90.31	7.95	8.36	66.48	73.6	1	23.4
1124.092	30.89	2.91	89.77	7.89	8.43	66.49	74.1	1	23.4
1124.152	30.88	2.91	89.78	7.89	8.52	67.21	74.9	1	23.4
1124.256	30.88	2.91	89.75	7.85	8.43	66.19	73.8	1	23.4
1124.401	31.04	2.90	90.05	7.88	8.37	66.01	73.3	1	23.3
1124.461	31.11	2.91	90.47	7.88	8.39	66.12	73.1	1	23.4
1124.565	30.96	2.91	90.24	7.91	8.41	66.47	73.7	1	23.6
1124.710	30.69	2.94	90.10	7.83	8.51	66.64	74.0	1	23.6
1124.770	30.65	2.94	90.22	7.91	8.46	66.89	74.1	1	23.7
1124.874	30.30	2.97	90.08	7.82	8.52	66.69	74.0	1	23.7
1125.019	30.34	2.96	89.82	7.88	8.44	66.43	74.0	1	23.9
1125.079	30.27	2.96	89.65	7.92	8.36	66.22	73.9	1	23.7
1125.183	30.38	2.95	89.75	7.91	8.29	65.60	73.1	1	23.6
1125.328	30.13	2.96	89.23	7.83	8.48	66.42	74.4	1	23.9
1125.388	30.05	2.96	89.03	7.80	8.53	66.53	74.7	1	23.7
1125.492	30.02	2.97	89.05	7.85	8.44	66.23	74.4	1	23.9
1125.637	29.93	2.99	89.54	7.87	8.36	65.82	73.5	1	23.9
1125.697	29.88	2.99	89.39	7.78	8.47	65.92	73.7	1	23.9
1125.801	29.51	3.00	88.55	7.71	8.62	66.47	75.1	1	23.9
1125.946	30.17	2.99	90.10	7.79	8.58	66.79	74.1	1	23.6
1126.006	30.25	2.98	90.09	7.81	8.53	66.66	74.0	1	23.4
1126.110	30.71	2.94	90.19	7.87	8.41	66.21	73.4	1	23.4
1126.255	31.11	2.91	90.58	7.85	8.59	67.42	74.4	1	23.3
1126.315	31.11	2.91	90.66	7.84	8.48	66.46	73.3	1	23.3
1126.419	31.04	2.90	90.10	7.81	8.62	67.40	74.8	1	23.4
1126.564	30.95	2.93	90.77	7.88	8.45	66.57	73.3	1	23.7
1126.624	30.55	2.96	90.29	7.85	8.55	67.09	74.3	1	23.6
1126.728	30.66	2.95	90.57	7.85	8.45	66.35	73.3	1	23.6
1126.873	30.94	2.94	91.08	7.84	8.61	67.50	74.1	1	23.4
1126.933	31.13	2.93	91.17	7.89	8.46	66.78	73.2	1	23.3
1127.037	31.05	2.92	90.60	7.86	8.53	67.07	74.0	1	23.4
1127.182	31.35	2.90	90.79	7.91	8.43	66.64	73.4	1	23.3
1127.242	31.44	2.86	90.01	7.91	8.41	66.52	73.9	1	23.3
1127.346	31.20	2.90	90.34	7.93	8.35	66.23	73.3	1	23.3
1127.491	31.47	2.87	90.46	7.93	8.38	66.47	73.5	1	23.1
1127.551	31.69	2.86	90.70	7.93	8.41	66.70	73.5	1	23.0
1127.655	31.75	2.85	90.62	7.91	8.45	66.90	73.8	1	23.0
1127.800	31.51	2.87	90.41	7.87	8.55	67.32	74.5	1	23.0
1127.860	31.64	2.85	90.23	7.93	8.45	66.96	74.2	1	23.1
1127.964	31.52	2.87	90.53	7.92	8.40	66.51	73.5	1	23.1
1128.109	31.41	2.90	91.22	7.93	8.36	66.30	72.7	1	23.4
1128.169	31.28	2.91	91.18	7.88	8.56	67.45	74.0	1	23.6
1128.273	31.19	2.92	91.15	7.95	8.39	66.73	73.2	1	23.6
1128.418	31.07	2.91	90.57	7.92	8.43	66.73	73.7	1	23.4
1128.478	31.01	2.92	90.42	7.92	8.38	66.30	73.3	1	23.4
1128.582	31.37	2.90	90.83	7.91	8.50	67.20	74.0	1	23.1
1128.727	31.40	2.88	90.46	7.84	8.52	66.73	73.8	1	23.1
1128.787	31.37	2.89	90.50	7.88	8.57	67.58	74.7	1	23.1
1128.891	31.37	2.88	90.40	7.86	8.57	67.33	74.5	1	23.0
1129.036	32.12	2.83	90.84	8.02	8.34	66.89	73.6	1	22.8
1129.096	32.13	2.83	90.81	7.96	8.37	66.67	73.4	1	22.7
1129.200	32.19	2.79	89.81	7.93	8.45	67.03	74.6	1	22.8
1129.345	32.10	2.81	90.26	7.87	8.43	66.29	73.5	1	22.7
1129.405	32.26	2.79	89.99	7.90	8.38	66.21	73.6	1	22.7
1129.509	32.26	2.79	89.94	7.91	8.34	65.94	73.3	1	22.7
1129.654	32.33	2.80	90.62	7.89	8.54	67.37	74.3	1	22.7
1129.714	32.23	2.80	90.30	7.89	8.46	66.76	73.9	1	22.5
1129.818	32.12	2.81	90.22	7.85	8.54	67.00	74.3	1	22.7
1129.963	32.20	2.80	90.21	7.89	8.45	66.69	73.9	1	22.7
1130.023	32.17	2.81	90.33	7.88	8.48	66.76	73.9	1	22.8
1130.127	32.14	2.82	90.56	7.90	8.38	66.23	73.1	1	23.0
1130.272	31.87	2.84	90.47	7.90	8.38	66.22	73.2	1	23.0
1130.332	31.75	2.86	90.71	7.85	8.52	66.90	73.8	1	23.1
1130.436	31.72	2.85	90.43	7.92	8.42	66.61	73.7	1	23.0
1130.581	31.80	2.83	90.12	7.91	8.51	67.27	74.6	1	23.0
1130.641	31.73	2.86	90.62	7.89	8.46	66.81	73.7	1	23.0
1130.745	31.78	2.84	90.20	8.00	8.27	66.15	73.3	1	23.1
1130.890	31.46	2.88	90.49	7.87	8.56	67.32	74.4	1	23.1
1130.950	31.57	2.87	90.69	7.91	8.36	66.16	73.0	1	23.1
1131.054	31.59	2.86	90.28	7.87	8.58	67.50	74.8	1	23.0
1131.199	31.86	2.85	90.66	7.94	8.32	66.04	72.8	1	23.0
1131.259	31.80	2.85	90.47	7.90	8.44	66.68	73.7	1	22.8
1131.363	31.93	2.82	90.05	7.93	8.31	65.90	73.2	1	23.0
1131.508	31.76	2.85	90.38	7.87	8.51	66.98	74.1	1	23.0
1131.568	31.95	2.83	90.58	7.98	8.31	66.27	73.2	1	23.0
1131.672	31.60	2.86	90.38	7.87	8.48	66.74	73.8	1	23.0
1131.817	31.91	2.83	90.27	7.91	8.41	66.53	73.7	1	22.8
1131.877	31.77	2.82	89.51	7.93	8.31	65.90	73.6	1	23.0
1131.981	31.79	2.83	89.91	7.94	8.40	66.67	74.2	1	23.0
1132.126	31.71	2.84	90.21	7.94	8.38	66.52	73.7	1	23.1
1132.186	31.43	2.87	90.16	7.86	8.51	66.91	74.2	1	23.3
1132.290	31.39	2.87	89.99	7.90	8.45	66.78	74.2	1	23.1
1132.435	31.32	2.87	90.02	7.93	8.27	65.61	72.9	1	23.3
1132.495	31.37	2.88	90.24	7.92	8.45	66.88	74.1	1	23.3
1132.599	31.31	2.88	90.10	7.90	8.52	67.32	74.7	1	23.3
1132.744	31.14	2.90	90.36	7.99	8.26	65.97	73.0	1	23.4
1132.804	31.11	2.90	90.08	7.98	8.55	68.22	75.7	1	23.6
1132.908	30.89	2.91	90.01	7.99	8.31	66.45	73.8	1	23.7
1133.053	30.84	2.91	89.80	7.96	8.42	66.99	74.6	1	23.7
1133.113	30.46	2.93	89.28	7.93	8.39	66.54	74.5	1	23.7
1133.217	30.79	2.91	89.54	7.98	8.32	66.39	74.1	1	23.6
1133.362	31.25	2.89	90.40	7.99	8.31	66.41	73.5	1	23.3
1133.422	31.39	2.88	90.54	7.94	8.44	67.01	74.0	1	23.1
1133.526	31.62	2.85	90.23	7.97	8.39	66.86	74.1	1	23.0
1133.671	31.73	2.85	90.42	7.98	8.41	67.14	74.2	1	23.1
1133.731	31.47	2.87	90.25	7.98	8.40	67.06	74.3	1	23.3
1133.835	31.60	2.85	90.02	8.04	8.28	66.54	73.9	1	23.3
1133.980	31.47	2.87	90.39	8.00	8.44	67.58	74.8	1	23.3
1134.040	31.46	2.86	90.08	7.99	8.32	66.49	73.8	1	23.1
1134.144	31.50	2.87	90.36	7.91	8.56	67.72	74.9	1	23.3
1134.289	31.20	2.89	90.28	7.87	8.55	67.24	74.5	1	23.3
1134.349	31.47	2.87	90.32	8.01	8.27	66.21	73.3	1	23.3
1134.453	31.05	2.90	90.12	7.89	8.57	67.66	75.1	1	23.4
1134.598	31.27	2.87	89.85	7.97	8.42	67.09	74.7	1	23.3
1134.658	31.14	2.88	89.68	7.97	8.42	67.10	74.8	1	23.3
1134.762	31.24	2.88	90.03	7.95	8.50	67.58	75.1	1	23.6
1134.907	31.11	2.90	90.20	8.01	8.43	67.51	74.8	1	23.7
1134.967	30.92	2.90	89.82	7.99	8.38	66.92	74.5	1	23.6
1135.071	31.04	2.89	89.76	7.94	8.43	66.92	74.6	1	23.6
1135.216	31.09	2.89	89.97	7.95	8.33	66.21	73.6	1	23.4
1135.276	31.15	2.88	89.72	7.93	8.44	66.93	74.6	1	23.4
1135.380	30.99	2.90	89.87	7.92	8.43	66.71	74.2	1	23.4
1135.525	31.12	2.91	90.51	8.03	8.27	66.41	73.4	1	23.3
1135.585	31.41	2.88	90.44	8.00	8.38	67.03	74.1	1	23.1
1135.689	31.60	2.86	90.37	7.97	8.31	66.20	73.2	1	23.3
1135.834	31.24	2.89	90.30	7.91	8.49	67.11	74.3	1	23.4
1135.894	31.30	2.88	90.18	7.95	8.41	66.85	74.1	1	23.3
1135.998	31.50	2.87	90.46	7.96	8.45	67.23	74.3	1	23.1
1136.143	31.66	2.86	90.57	7.97	8.44	67.21	74.2	1	23.1
1136.203	31.43	2.87	90.11	7.91	8.46	66.92	74.3	1	23.1
1136.307	31.35	2.88	90.20	7.90	8.46	66.87	74.1	1	23.4
1136.452	31.43	2.88	90.42	7.99	8.36	66.81	73.9	1	23.1
1136.512	31.65	2.86	90.47	7.95	8.46	67.27	74.4	1	23.0
1136.616	31.74	2.83	89.67	8.03	8.22	66.00	73.6	1	23.1
1136.761	32.19	2.83	90.98	8.00	8.24	65.90	72.4	1	22.8
1136.821	32.35	2.79	90.43	7.97	8.39	66.88	74.0	1	22.7
1136.925	32.14	2.80	90.07	7.96	8.25	65.61	72.8	1	22.7
1137.070	32.21	2.79	89.96	7.94	8.43	66.94	74.4	1	22.8
1137.130	31.99	2.80	89.66	7.90	8.38	66.25	73.9	1	22.7
1137.234	32.15	2.77	88.91	7.92	8.42	66.75	75.1	1	22.8
1137.379	32.18	2.79	89.80	8.01	8.24	66.02	73.5	1	23.0
1137.439	31.88	2.83	90.08	7.96	8.41	67.01	74.4	1	23.1
1137.543	31.97	2.81	89.67	8.02	8.27	66.30	73.9	1	23.0
1137.688	31.85	2.83	90.02	7.92	8.36	66.25	73.6	1	23.0
1137.748	31.95	2.80	89.59	7.98	8.26	65.93	73.6	1	23.1
1137.852	31.72	2.83	89.84	7.92	8.39	66.43	73.9	1	23.0
1137.997	31.94	2.81	89.63	7.98	8.35	66.65	74.4	1	23.0
1138.057	31.97	2.80	89.68	7.99	8.29	66.19	73.8	1	23.1
1138.161	31.60	2.85	90.12	7.94	8.36	66.36	73.6	1	23.3
1138.306	31.60	2.85	90.07	8.03	8.22	66.02	73.3	1	23.1
1138.366	31.58	2.85	90.08	7.94	8.29	65.84	73.1	1	23.0
1138.470	31.80	2.82	89.69	7.96	8.30	66.10	73.7	1	23.1
1138.615	31.70	2.83	89.65	7.99	8.24	65.82	73.4	1	23.1
1138.675	31.66	2.82	89.31	8.01	8.30	66.44	74.4	1	23.1
1138.779	31.61	2.82	89.22	7.97	8.34	66.50	74.5	1	23.0
1138.924	31.44	2.86	90.01	7.91	8.50	67.22	74.7	1	23.3
1138.984	31.50	2.86	90.18	7.99	8.29	66.22	73.4	1	23.4
1139.088	31.07	2.89	89.80	7.93	8.59	68.14	75.9	1	23.4
1139.233	31.36	2.90	90.89	7.97	8.35	66.59	73.3	1	23.1
1139.293	31.52	2.88	90.91	7.90	8.60	67.92	74.7	1	23.0
1139.397	31.78	2.85	90.62	7.94	8.36	66.40	73.3	1	23.1
1139.542	31.77	2.84	90.22	7.96	8.37	66.63	73.8	1	23.1
1139.602	31.70	2.85	90.23	7.96	8.37	66.61	73.8	1	23.3
1139.706	31.45	2.87	90.38	8.00	8.34	66.66	73.8	1	23.3
1139.851	31.53	2.85	89.77	7.99	8.29	66.18	73.7	1	23.3
1139.911	31.21	2.86	89.37	7.90	8.43	66.61	74.5	1	23.3
1140.015	31.59	2.85	90.03	7.96	8.31	66.13	73.4	1	23.0
1140.160	31.79	2.82	89.64	7.93	8.48	67.23	75.0	1	23.0
1140.220	31.81	2.82	89.74	7.96	8.40	66.86	74.5	1	23.0
1140.324	31.75	2.82	89.45	7.99	8.28	66.15	74.0	1	23.1
1140.469	31.25	2.89	90.17	7.86	8.55	67.20	74.5	1	23.4
1140.529	31.19	2.89	90.07	7.93	8.31	65.89	73.2	1	23.4
1140.633	31.36	2.87	90.10	7.92	8.51	67.40	74.8	1	23.3
1140.778	31.35	2.86	89.75	8.00	8.29	66.35	73.9	1	23.3
1140.838	31.16	2.88	89.60	7.94	8.48	67.35	75.2	1	23.4
1140.942	31.31	2.87	90.00	8.01	8.21	65.74	73.1	1	23.4
1141.087	30.91	2.89	89.23	7.95	8.28	65.76	73.7	1	23.4
1141.147	30.81	2.90	89.33	7.90	8.41	66.50	74.4	1	23.6
1141.251	30.71	2.91	89.47	7.90	8.43	66.62	74.5	1	23.7
1141.396	30.69	2.92	89.46	8.01	8.30	66.52	74.4	1	23.7
1141.456	30.60	2.93	89.69	7.96	8.48	67.46	75.2	1	23.7
1141.560	30.63	2.94	90.04	7.96	8.30	66.07	73.4	1	23.9
1141.705	30.48	2.95	89.97	7.93	8.42	66.81	74.3	1	23.7
1141.765	30.36	2.95	89.54	7.89	8.37	66.03	73.7	1	23.6
1141.869	30.73	2.92	89.84	7.94	8.44	66.97	74.5	1	23.6
1142.014	30.88	2.92	90.03	7.95	8.33	66.15	73.5	1	23.6
1142.074	31.09	2.90	90.07	7.96	8.41	66.92	74.3	1	23.4
1142.178	30.81	2.90	89.42	7.95	8.24	65.52	73.3	1	23.4
1142.323	31.15	2.91	90.63	7.93	8.35	66.23	73.1	1	23.1
1142.383	31.54	2.86	90.27	7.99	8.27	66.10	73.2	1	23.1
1142.487	31.41	2.87	90.26	7.92	8.24	65.24	72.3	1	23.1
1142.632	31.34	2.89	90.44	7.94	8.39	66.58	73.6	1	23.3
1142.692	31.24	2.89	90.35	7.93	8.34	66.11	73.2	1	23.4
1142.796	31.15	2.90	90.45	7.93	8.53	67.61	74.7	1	23.4
1142.941	31.03	2.92	90.52	7.94	8.37	66.44	73.4	1	23.4
1143.001	31.15	2.90	90.26	7.92	8.44	66.85	74.1	1	23.4
1143.105	31.15	2.90	90.22	7.94	8.32	66.07	73.2	1	23.4
1143.250	31.16	2.89	90.15	7.98	8.43	67.25	74.6	1	23.6
1143.310	30.93	2.92	90.22	7.93	8.44	66.90	74.2	1	23.6
1143.414	30.88	2.91	89.99	7.89	8.52	67.21	74.7	1	23.6
1143.559	30.61	2.92	89.41	7.93	8.38	66.47	74.3	1	23.4
1143.619	30.88	2.89	89.37	7.96	8.48	67.55	75.6	1	23.4
1143.723	31.07	2.90	90.13	7.99	8.31	66.39	73.7	1	23.3
1143.868	31.73	2.86	90.82	7.97	8.33	66.40	73.1	1	23.0
1143.928	31.55	2.85	89.79	7.93	8.45	66.94	74.5	1	23.1
1144.032	31.61	2.85	89.96	7.95	8.40	66.78	74.2	1	23.0
1144.177	32.00	2.81	90.02	7.94	8.31	65.98	73.3	1	22.7
1144.237	32.09	2.80	89.91	7.94	8.35	66.30	73.7	1	22.8
1144.341	31.98	2.79	89.37	7.95	8.33	66.20	74.1	1	22.8
1144.486	32.01	2.80	89.71	7.94	8.39	66.63	74.3	1	22.5
1144.546	32.10	2.79	89.57	7.88	8.48	66.82	74.6	1	22.7
1144.650	32.29	2.75	88.93	7.93	8.37	66.34	74.6	1	22.5
1144.795	32.26	2.79	89.88	7.94	8.40	66.63	74.1	1	22.8
1144.855	31.96	2.82	90.11	7.88	8.50	66.94	74.3	1	23.0
1144.959	31.52	2.85	89.71	7.85	8.48	66.53	74.2	1	23.0
1145.104	31.81	2.84	90.20	7.96	8.29	65.99	73.2	1	23.0
1145.164	31.76	2.84	90.13	7.91	8.50	67.21	74.6	1	23.0
1145.268	31.71	2.84	90.00	7.93	8.55	67.74	75.3	1	23.0
1145.413	32.03	2.84	90.87	7.86	8.53	67.06	73.8	1	22.8
1145.473	32.16	2.80	89.90	7.93	8.39	66.53	74.0	1	22.7
1145.577	32.05	2.81	90.11	7.87	8.38	65.91	73.1	1	22.8
1145.722	31.98	2.82	90.12	7.92	8.35	66.06	73.3	1	23.0
1145.782	31.75	2.84	90.12	7.84	8.57	67.24	74.6	1	23.0
1145.886	31.88	2.82	89.90	7.96	8.34	66.34	73.8	1	23.0
1146.031	31.74	2.84	90.11	7.93	8.32	66.00	73.2	1	23.1
1146.091	31.54	2.86	90.22	7.90	8.41	66.47	73.7	1	23.0
1146.195	31.82	2.84	90.25	7.92	8.49	67.23	74.5	1	22.8
1146.340	32.02	2.82	90.35	7.92	8.45	66.91	74.1	1	22.8
1146.400	32.08	2.81	90.26	7.92	8.29	65.63	72.7	1	22.7
1146.504	32.17	2.79	89.84	7.93	8.44	66.96	74.5	1	22.7
1146.649	32.00	2.79	89.13	7.93	8.34	66.16	74.2	1	22.8
1146.709	31.86	2.82	89.71	7.90	8.41	66.39	74.0	1	23.0
1146.813	31.84	2.82	89.82	7.91	8.44	66.80	74.4	1	23.0
1146.958	31.73	2.84	89.96	7.97	8.31	66.26	73.6	1	23.1
1147.018	31.74	2.83	89.90	7.90	8.61	68.01	75.6	1	23.0
1147.122	31.82	2.82	89.78	7.94	8.28	65.75	73.2	1	22.8
1147.267	32.01	2.81	89.90	7.85	8.52	66.88	74.4	1	22.8
1147.327	32.12	2.79	89.64	7.89	8.55	67.45	75.2	1	22.8
1147.431	31.91	2.80	89.19	7.88	8.43	66.36	74.4	1	22.8
1147.576	31.87	2.83	90.27	7.90	8.30	65.53	72.6	1	23.1
1147.636	31.79	2.84	90.32	7.90	8.47	66.90	74.1	1	23.3
1147.740	31.33	2.87	89.86	7.91	8.40	66.45	73.9	1	23.3
1147.885	31.64	2.85	90.29	7.93	8.41	66.71	73.9	1	23.0
1147.945	31.80	2.83	90.06	7.92	8.36	66.19	73.5	1	23.0
1148.049	31.52	2.87	90.43	7.91	8.56	67.70	74.9	1	23.3
1148.194	31.13	2.90	90.20	7.87	8.45	66.52	73.7	1	23.4
1148.254	31.30	2.88	90.17	7.95	8.41	66.81	74.1	1	23.4
1148.358	31.13	2.90	90.27	7.91	8.47	66.99	74.2	1	23.4
1148.503	31.27	2.91	90.83	7.94	8.42	66.85	73.6	1	23.3
1148.563	31.41	2.87	90.20	7.96	8.30	66.08	73.3	1	23.1
1148.667	31.63	2.86	90.51	7.96	8.41	66.97	74.0	1	23.3
1148.812	30.99	2.91	90.24	7.85	8.47	66.52	73.7	1	23.3
1148.872	31.29	2.88	90.10	7.95	8.34	66.28	73.6	1	23.3
1148.976	31.18	2.90	90.43	7.87	8.53	67.08	74.2	1	23.3
1149.121	31.50	2.89	91.09	7.93	8.42	66.76	73.3	1	23.1
1149.181	31.53	2.86	90.31	7.96	8.26	65.74	72.8	1	23.0
1149.285	31.57	2.85	90.04	7.92	8.48	67.20	74.6	1	23.1
1149.430	31.13	2.89	90.12	7.94	8.32	66.12	73.4	1	23.4
1149.490	31.37	2.87	89.87	7.95	8.47	67.35	74.9	1	23.3
1149.594	30.96	2.91	90.06	7.91	8.40	66.43	73.8	1	23.6
1149.739	30.80	2.94	90.40	7.98	8.32	66.40	73.4	1	23.9
1149.799	30.66	2.94	90.02	7.98	8.38	66.83	74.2	1	23.7
1149.903	30.50	2.94	89.67	7.92	8.50	67.31	75.1	1	23.9
1150.048	29.79	2.99	89.13	7.81	8.50	66.41	74.5	1	24.2
1150.108	29.81	2.98	88.80	7.91	8.41	66.49	74.9	1	24.0
1150.212	29.62	2.99	88.52	7.84	8.42	65.97	74.5	1	24.0
1150.357	29.95	2.99	89.42	7.82	8.55	66.87	74.8	1	23.7
1150.417	30.15	2.97	89.68	7.84	8.50	66.59	74.3	1	23.7
1150.521	30.53	2.94	89.69	7.89	8.41	66.30	73.9	1	23.6
1150.666	30.76	2.93	89.98	7.86	8.48	66.67	74.1	1	23.3
1150.726	30.92	2.92	90.34	7.91	8.39	66.33	73.4	1	23.3
1150.830	30.99	2.92	90.46	7.89	8.61	67.93	75.1	1	23.4
1150.975	30.73	2.92	89.89	7.86	8.53	67.01	74.5	1	23.4
1151.035	30.91	2.92	90.11	7.91	8.33	65.93	73.2	1	23.4
1151.139	31.09	2.91	90.53	7.90	8.52	67.31	74.3	1	23.1
1151.284	31.54	2.87	90.58	7.92	8.38	66.39	73.3	1	23.0
1151.344	31.77	2.85	90.42	7.94	8.52	67.62	74.8	1	23.0
1151.448	31.59	2.84	89.84	7.98	8.35	66.62	74.2	1	23.1
1151.593	31.29	2.88	90.23	7.92	8.46	67.04	74.3	1	23.3
1151.653	31.46	2.86	90.00	7.94	8.37	66.47	73.9	1	23.1
1151.757	31.46	2.87	90.18	7.88	8.57	67.60	75.0	1	23.0
1151.902	31.62	2.86	90.32	7.88	8.47	66.74	73.9	1	22.8
1151.962	31.77	2.84	90.35	7.92	8.40	66.53	73.6	1	22.8
1152.066	31.95	2.82	90.01	7.91	8.39	66.40	73.8	1	22.8
1152.211	31.88	2.83	90.17	7.86	8.62	67.73	75.1	1	23.0
1152.271	31.64	2.86	90.63	7.85	8.42	66.07	72.9	1	23.1
1152.375	31.64	2.85	90.31	7.92	8.39	66.50	73.6	1	23.1
1152.520	31.72	2.86	90.66	7.89	8.59	67.82	74.8	1	23.0
1152.580	31.75	2.85	90.58	7.91	8.45	66.82	73.8	1	23.0
1152.684	31.77	2.84	90.14	7.91	8.48	67.06	74.4	1	23.1
1152.829	31.57	2.86	90.28	7.91	8.49	67.16	74.4	1	23.0
1152.889	31.72	2.85	90.32	7.93	8.41	66.66	73.8	1	22.8
1152.993	32.09	2.81	90.31	7.93	8.54	67.72	75.0	1	22.7
1153.138	32.12	2.81	90.30	7.88	8.44	66.44	73.6	1	22.8
1153.198	31.98	2.83	90.46	7.86	8.53	67.00	74.1	1	22.8
1153.302	31.97	2.81	89.97	7.92	8.33	65.96	73.3	1	22.7
1153.447	32.03	2.82	90.23	7.82	8.56	66.91	74.2	1	22.8
1153.507	31.94	2.82	90.08	7.84	8.51	66.74	74.1	1	22.8
1153.611	31.80	2.84	90.27	7.84	8.52	66.78	74.0	1	23.0
1153.756	31.88	2.83	90.25	7.95	8.37	66.54	73.7	1	23.0
1153.816	31.80	2.84	90.39	7.95	8.46	67.29	74.4	1	22.8
1153.920	31.97	2.82	90.25	7.97	8.28	65.98	73.1	1	22.7
1154.065	32.07	2.81	90.26	7.93	8.39	66.50	73.7	1	23.0
1154.125	32.07	2.81	90.11	7.95	8.43	67.01	74.4	1	23.0
1154.229	31.66	2.85	90.14	7.88	8.62	67.88	75.3	1	23.0
1154.374	31.50	2.86	90.23	7.83	8.60	67.35	74.6	1	23.0
1154.434	31.62	2.85	90.24	7.88	8.47	66.70	73.9	1	22.8
1154.538	32.01	2.81	90.06	7.90	8.38	66.18	73.5	1	22.8
1154.683	32.00	2.83	90.52	7.96	8.31	66.17	73.1	1	22.8
1154.743	32.13	2.81	90.26	7.92	8.48	67.11	74.4	1	22.7
1154.847	32.04	2.81	90.07	7.90	8.53	67.44	74.9	1	22.8
1154.992	32.00	2.81	89.91	7.89	8.56	67.50	75.1	1	22.8
1155.052	31.77	2.84	90.23	7.86	8.48	66.72	73.9	1	22.8
1155.156	31.89	2.82	89.88	7.92	8.42	66.68	74.2	1	22.8
1155.301	31.98	2.81	89.76	7.95	8.33	66.24	73.8	1	22.8
1155.361	32.03	2.81	89.94	7.89	8.43	66.53	74.0	1	23.0
1155.465	31.90	2.82	90.08	7.91	8.45	66.87	74.2	1	23.0
2104.758	23.38	2.46	57.47	2.44	4.12	10.06	17.5	1	45.6
2104.818	14.50	3.58	51.96	2.61	4.26	11.14	21.4	1	55.0
2104.922	8.42	4.40	37.06	2.86	4.61	13.18	35.6	1	40.0
2105.067	12.24	3.84	47.01	3.87	6.65	25.75	54.8	1	25.0
2105.127	13.91	3.25	45.28	3.84	6.71	25.80	57.0	1	20.0
2105.231	28.90	1.76	50.82	3.66	6.50	23.80	46.8	1	10.0
2105.376	35.41	1.09	38.43	3.40	6.14	20.88	54.3	1	12.5
2105.436	35.73	1.30	46.51	3.91	7.01	27.36	58.8	1	14.0
2105.540	30.25	1.73	52.38	4.22	7.69	32.48	62.0	1	18.0
2105.685	27.01	1.93	52.18	4.28	7.85	33.62	64.4	1	18.0
2105.745	26.64	1.96	52.19	4.28	7.87	33.66	64.5	1	18.0
2105.849	26.24	1.98	52.08	4.28	7.86	33.61	64.5	1	18.0
2105.994	26.69	2.00	53.25	4.28	7.96	34.09	64.0	1	17.7
2106.054	26.87	1.98	53.32	4.29	7.98	34.26	64.3	1	17.6
2106.158	27.21	1.98	53.83	4.32	8.10	34.97	65.0	1	17.3
2106.303	28.01	1.98	55.46	4.35	8.23	35.83	64.6	1	17.0
2106.363	28.42	1.98	56.30	4.39	8.29	36.36	64.6	1	17.0
2106.467	29.20	1.97	57.51	4.45	8.41	37.41	65.1	1	16.7
2106.612	30.62	1.97	60.46	4.52	8.56	38.67	64.0	1	16.4
2106.672	31.05	1.98	61.37	4.58	8.63	39.47	64.3	1	16.2
2106.776	31.76	1.97	62.71	4.62	8.70	40.19	64.1	1	16.1
2106.921	32.73	1.95	63.84	4.65	8.85	41.15	64.5	1	15.8
2106.981	33.04	1.95	64.58	4.65	8.87	41.26	63.9	1	15.6
2107.085	33.43	1.93	64.69	4.69	8.87	41.59	64.3	1	15.5
2107.230	33.59	1.93	64.75	4.67	8.93	41.72	64.4	1	15.6
2107.290	33.38	1.93	64.51	4.67	8.93	41.67	64.6	1	15.8
2107.394	33.24	1.93	64.22	4.63	8.90	41.26	64.2	1	15.6
2107.539	33.29	1.94	64.48	4.62	8.97	41.41	64.2	1	15.5
2107.599	33.32	1.94	64.78	4.59	9.01	41.39	63.9	1	15.5
2107.703	33.38	1.94	64.64	4.55	9.06	41.22	63.8	1	15.3
2107.848	33.61	1.93	64.73	4.52	9.09	41.06	63.4	1	15.3
2107.908	33.57	1.93	64.83	4.53	9.05	41.00	63.2	1	15.3
2108.012	33.61	1.94	65.15	4.56	9.05	41.28	63.4	1	15.3
2108.157	33.71	1.92	64.63	4.59	9.02	41.36	64.0	1	15.3
2108.217	33.79	1.91	64.47	4.57	9.02	41.25	64.0	1	15.2
2108.321	34.16	1.89	64.69	4.58	9.00	41.21	63.7	1	15.0
2108.466	34.14	1.90	64.71	4.57	9.01	41.21	63.7	1	15.2
2108.526	34.13	1.89	64.66	4.60	9.01	41.47	64.1	1	15.2
2108.630	34.11	1.90	64.81	4.58	8.99	41.20	63.6	1	15.2
2108.775	34.00	1.90	64.66	4.62	9.00	41.59	64.3	1	15.0
2108.835	34.20	1.90	64.88	4.61	8.99	41.51	64.0	1	14.9
2108.939	34.34	1.87	64.39	4.60	8.96	41.19	64.0	1	15.0
2109.084	34.46	1.86	63.92	4.58	8.95	40.94	64.1	1	14.9
2109.144	34.41	1.85	63.70	4.58	8.95	41.01	64.4	1	14.9
2109.248	34.51	1.85	63.99	4.55	8.95	40.71	63.6	1	14.9
2109.393	34.61	1.85	63.89	4.59	8.96	41.08	64.3	1	14.9
2109.453	34.59	1.85	63.94	4.58	8.96	41.03	64.2	1	14.9
2109.557	34.65	1.84	63.88	4.58	8.91	40.80	63.9	1	14.7
2109.702	34.68	1.82	63.09	4.57	8.90	40.67	64.5	1	14.7
2109.762	34.77	1.81	63.10	4.56	8.88	40.50	64.2	1	14.7
2109.866	34.80	1.81	63.12	4.56	8.85	40.37	64.0	1	14.7
2110.011	34.78	1.82	63.41	4.55	8.92	40.64	64.1	1	15.0
2110.071	34.65	1.84	63.84	4.58	8.91	40.80	63.9	1	15.0
2110.175	34.23	1.88	64.40	4.63	8.95	41.42	64.3	1	15.3
2110.320	33.74	1.93	64.99	4.64	8.98	41.63	64.1	1	15.5
2110.380	33.42	1.93	64.54	4.66	8.99	41.89	64.9	1	15.5
2110.484	33.43	1.93	64.68	4.65	9.00	41.85	64.7	1	15.5
2110.629	33.28	1.93	64.39	4.65	9.00	41.88	65.0	1	15.5
2110.689	33.18	1.94	64.22	4.63	8.98	41.58	64.8	1	15.5
2110.793	32.99	1.94	64.10	4.60	8.98	41.35	64.5	1	15.6
2110.938	32.94	1.95	64.35	4.62	8.98	41.51	64.5	1	15.8
2110.998	32.79	1.97	64.55	4.61	8.96	41.29	64.0	1	15.6
2111.102	33.16	1.95	64.59	4.64	8.96	41.61	64.4	1	15.5
2111.247	33.72	1.92	64.79	4.66	8.97	41.76	64.5	1	15.3
2111.307	33.64	1.93	64.77	4.64	8.98	41.67	64.3	1	15.5
2111.411	33.62	1.92	64.67	4.65	8.98	41.74	64.5	1	15.5
2111.556	33.45	1.94	64.83	4.67	8.97	41.85	64.5	1	15.6
2111.616	33.36	1.94	64.82	4.66	8.94	41.67	64.3	1	15.6
2111.720	33.31	1.93	64.33	4.67	8.94	41.74	64.9	1	15.5
2111.865	33.67	1.94	65.16	4.67	8.96	41.80	64.1	1	15.3
2111.925	33.87	1.92	65.17	4.66	8.96	41.70	64.0	1	15.2
2112.029	33.96	1.90	64.60	4.66	8.96	41.74	64.6	1	15.3
2112.174	33.99	1.90	64.49	4.67	8.98	41.96	65.1	1	15.3
2112.234	33.94	1.90	64.63	4.66	8.97	41.79	64.7	1	15.3
2112.338	33.89	1.91	64.81	4.70	8.97	42.18	65.1	1	15.5
2112.483	33.50	1.94	65.03	4.70	8.98	42.20	64.9	1	15.6
2112.543	33.38	1.95	65.07	4.68	8.97	42.01	64.6	1	15.6
2112.647	33.27	1.96	65.17	4.65	8.94	41.52	63.7	1	15.8
2112.792	33.13	1.95	64.67	4.67	8.92	41.64	64.4	1	15.8
2112.852	32.89	1.95	64.18	4.68	8.90	41.69	65.0	1	15.8
2112.956	33.04	1.95	64.30	4.69	8.90	41.79	65.0	1	15.6
2113.101	33.33	1.95	65.00	4.69	8.93	41.84	64.4	1	15.5
2113.161	33.53	1.94	64.97	4.68	8.91	41.71	64.2	1	15.5
2113.265	33.51	1.93	64.68	4.70	8.91	41.86	64.7	1	15.6
2113.410	33.41	1.93	64.36	4.71	8.90	41.95	65.2	1	15.5
2113.470	33.44	1.93	64.60	4.70	8.91	41.87	64.8	1	15.5
2113.574	33.77	1.91	64.59	4.67	8.92	41.62	64.4	1	15.3
2113.719	33.96	1.91	64.80	4.69	8.92	41.83	64.6	1	15.3
2113.779	34.07	1.90	64.77	4.69	8.92	41.84	64.6	1	15.3
2113.883	34.02	1.90	64.77	4.67	8.94	41.74	64.4	1	15.3
2114.028	34.03	1.91	64.97	4.69	8.94	41.91	64.5	1	15.3
2114.088	34.05	1.90	64.80	4.68	8.96	41.94	64.7	1	15.3
2114.192	33.87	1.91	64.71	4.69	8.94	41.95	64.8	1	15.5
2114.337	33.73	1.93	65.00	4.68	8.95	41.90	64.5	1	15.5
2114.397	33.59	1.93	64.89	4.69	8.95	41.99	64.7	1	15.6
2114.501	33.51	1.92	64.49	4.68	8.96	41.89	65.0	1	15.3
2114.646	33.92	1.90	64.42	4.72	8.95	42.27	65.6	1	15.3
2114.706	33.98	1.90	64.53	4.70	8.96	42.07	65.2	1	15.3
2114.810	34.01	1.91	64.82	4.68	8.96	41.98	64.8	1	15.3
2114.955	33.85	1.91	64.74	4.69	8.94	41.97	64.8	1	15.5
2115.015	33.71	1.92	64.60	4.70	8.95	42.05	65.1	1	15.5
2115.119	33.50	1.93	64.64	4.68	8.97	42.01	65.0	1	15.6
2115.264	33.43	1.94	64.85	4.68	8.94	41.79	64.4	1	15.6
2115.324	33.34	1.94	64.71	4.67	8.93	41.75	64.5	1	15.6
2115.428	33.64	1.93	64.83	4.70	8.92	41.94	64.7	1	15.3
2115.573	33.95	1.92	65.11	4.71	8.92	41.97	64.5	1	15.5
2115.633	33.79	1.92	64.90	4.71	8.92	41.97	64.7	1	15.6
2115.737	33.55	1.94	65.01	4.68	8.93	41.82	64.3	1	15.5
2115.882	33.94	1.93	65.44	4.70	8.94	42.02	64.2	1	15.3
2115.942	34.13	1.90	64.93	4.68	8.92	41.74	64.3	1	15.2
2116.046	34.06	1.90	64.63	4.67	8.94	41.71	64.5	1	15.2
2116.191	34.16	1.89	64.64	4.65	8.97	41.70	64.5	1	15.2
2116.251	34.20	1.89	64.51	4.66	8.95	41.73	64.7	1	15.3
2116.355	34.00	1.89	64.25	4.65	8.97	41.74	65.0	1	15.3
2116.500	33.82	1.92	64.82	4.63	9.03	41.76	64.4	1	15.3
2116.560	33.75	1.93	65.12	4.62	9.01	41.61	63.9	1	15.5
2116.664	33.55	1.94	65.00	4.64	9.00	41.77	64.3	1	15.5
2116.809	33.63	1.92	64.59	4.59	9.01	41.40	64.1	1	15.3
2116.869	33.66	1.93	64.86	4.58	9.05	41.40	63.8	1	15.2
2116.973	33.36	1.92	64.20	4.52	9.10	41.15	64.1	1	15.3
2117.118	32.71	1.95	63.70	4.44	9.13	40.58	63.7	1	15.3
2117.178	32.72	1.96	64.03	4.42	9.16	40.44	63.2	1	15.3
2117.282	32.60	1.96	63.74	4.37	9.19	40.17	63.0	1	15.3
2117.427	32.18	1.96	63.20	4.33	9.18	39.77	62.9	1	15.3
2117.487	32.21	1.97	63.39	4.33	9.19	39.82	62.8	1	15.3
2117.591	32.45	1.96	63.72	4.33	9.22	39.92	62.6	1	15.2
2117.736	33.27	1.94	64.69	4.36	9.27	40.47	62.6	1	14.9
2117.796	33.47	1.93	64.69	4.36	9.30	40.58	62.7	1	14.9
2117.900	33.77	1.91	64.54	4.35	9.29	40.39	62.6	1	14.7
2118.045	33.62	1.94	65.18	4.35	9.34	40.62	62.3	1	15.0
2118.105	33.23	1.95	64.84	4.32	9.33	40.33	62.2	1	15.2
2118.209	32.96	1.94	63.86	4.33	9.30	40.27	63.1	1	15.2
2118.354	32.74	1.96	64.28	4.33	9.30	40.26	62.6	1	15.3
2118.414	32.58	1.96	63.87	4.34	9.27	40.17	62.9	1	15.2
2118.518	33.08	1.95	64.37	4.36	9.25	40.36	62.7	1	15.0
2118.663	33.58	1.94	64.97	4.38	9.29	40.67	62.6	1	14.9
2118.723	33.75	1.93	65.02	4.38	9.32	40.80	62.7	1	14.7
2118.827	33.70	1.92	64.55	4.35	9.32	40.57	62.9	1	14.9
2118.972	33.21	1.95	64.70	4.34	9.32	40.51	62.6	1	15.2
2119.032	32.98	1.96	64.66	4.33	9.29	40.27	62.3	1	15.2
2119.136	32.93	1.95	64.34	4.31	9.30	40.15	62.4	1	15.0
2119.281	33.18	1.94	64.33	4.33	9.32	40.34	62.7	1	15.0
2119.341	33.20	1.94	64.53	4.33	9.32	40.33	62.5	1	14.9
2119.445	33.58	1.93	64.77	4.32	9.33	40.29	62.2	1	14.7
2119.590	33.92	1.92	65.08	4.34	9.35	40.59	62.4	1	14.7
2119.650	34.01	1.90	64.76	4.33	9.32	40.36	62.3	1	14.6
2119.754	34.02	1.90	64.60	4.32	9.34	40.35	62.5	1	14.6
2119.899	34.09	1.89	64.41	4.31	9.32	40.21	62.4	1	14.7
2119.959	33.92	1.90	64.41	4.30	9.32	40.09	62.2	1	14.7
2120.063	33.77	1.93	65.01	4.29	9.36	40.14	61.7	1	14.9
2120.208	33.38	1.93	64.45	4.30	9.35	40.19	62.3	1	14.9
2120.268	33.24	1.94	64.54	4.28	9.35	40.05	62.0	1	15.0
2120.372	33.04	1.95	64.27	4.26	9.36	39.89	62.1	1	14.9
2120.517	33.63	1.93	64.88	4.26	9.40	39.98	61.6	1	14.7
2120.577	33.80	1.93	65.15	4.26	9.39	40.05	61.5	1	14.7
2120.681	34.09	1.91	65.03	4.26	9.36	39.88	61.3	1	14.6
2120.826	33.90	1.92	65.19	4.29	9.37	40.21	61.7	1	14.7
2120.886	33.82	1.92	64.84	4.28	9.38	40.15	61.9	1	14.7
2120.990	33.76	1.92	64.74	4.28	9.39	40.23	62.1	1	14.7
2121.135	33.88	1.90	64.54	4.27	9.37	40.03	62.0	1	14.6
2121.195	33.88	1.90	64.44	4.29	9.36	40.12	62.3	1	14.7
2121.299	33.78	1.92	64.83	4.26	9.42	40.12	61.9	1	14.9
2121.444	33.31	1.95	64.83	4.25	9.46	40.21	62.0	1	14.9
2121.504	33.19	1.95	64.74	4.25	9.47	40.22	62.1	1	15.0
2121.608	32.93	1.95	64.28	4.21	9.41	39.63	61.7	1	14.9
2121.753	33.01	1.95	64.46	4.20	9.41	39.50	61.3	1	15.0
2121.813	32.63	1.96	63.92	4.20	9.40	39.42	61.7	1	15.2
2121.917	32.46	1.96	63.66	4.17	9.40	39.21	61.6	1	15.0
2122.062	32.46	1.96	63.56	4.19	9.43	39.51	62.2	1	15.0
2122.122	32.37	1.95	63.25	4.15	9.44	39.19	62.0	1	15.0
2122.226	32.27	1.96	63.34	4.12	9.44	38.87	61.4	1	15.0
2122.371	32.90	1.96	64.42	4.15	9.51	39.47	61.3	1	14.7
2122.431	33.21	1.94	64.45	4.17	9.52	39.73	61.6	1	14.6
2122.535	33.59	1.93	64.71	4.18	9.53	39.86	61.6	1	14.6
2122.680	33.87	1.91	64.57	4.18	9.51	39.72	61.5	1	14.4
2122.740	33.92	1.90	64.54	4.18	9.51	39.74	61.6	1	14.4
2122.844	33.98	1.90	64.54	4.17	9.53	39.71	61.5	1	14.6
2122.989	33.62	1.93	64.87	4.21	9.53	40.17	61.9	1	14.7
2123.049	33.46	1.94	64.87	4.23	9.49	40.12	61.9	1	14.9
2123.153	33.11	1.95	64.57	4.21	9.43	39.69	61.5	1	15.0
2123.298	33.22	1.95	64.63	4.23	9.44	39.88	61.7	1	14.9
2123.358	33.15	1.94	64.21	4.24	9.44	40.02	62.3	1	14.9
2123.462	32.87	1.95	64.02	4.23	9.38	39.68	62.0	1	14.9
2123.607	32.57	1.96	63.93	4.17	9.42	39.30	61.5	1	14.9
2123.667	32.61	1.96	63.96	4.16	9.45	39.34	61.5	1	14.7
2123.771	33.11	1.95	64.64	4.14	9.51	39.43	61.0	1	14.6
2123.916	33.76	1.92	64.69	4.14	9.55	39.58	61.2	1	14.4
2123.976	33.61	1.91	64.25	4.13	9.54	39.39	61.3	1	14.6
2124.080	33.57	1.92	64.47	4.15	9.53	39.56	61.4	1	14.6
2124.225	33.34	1.93	64.32	4.13	9.51	39.30	61.1	1	14.6
2124.285	33.50	1.94	64.91	4.14	9.54	39.54	60.9	1	14.6
2124.389	33.66	1.91	64.32	4.19	9.50	39.78	61.8	1	14.6
2124.534	34.08	1.90	64.68	4.20	9.46	39.73	61.4	1	14.4
2124.594	34.17	1.88	64.32	4.19	9.44	39.57	61.5	1	14.3
2124.698	34.30	1.88	64.65	4.20	9.41	39.52	61.1	1	14.4
2124.843	33.93	1.90	64.51	4.20	9.44	39.61	61.4	1	14.6
2124.903	33.85	1.90	64.44	4.20	9.46	39.75	61.7	1	14.6
2125.007	33.83	1.91	64.60	4.20	9.46	39.72	61.5	1	14.6
2125.152	33.79	1.92	64.94	4.21	9.46	39.80	61.3	1	14.7
2125.212	33.67	1.92	64.58	4.21	9.45	39.78	61.6	1	14.6
2125.316	33.68	1.91	64.41	4.20	9.46	39.73	61.7	1	14.7
2125.461	33.70	1.92	64.81	4.21	9.49	39.98	61.7	1	14.6
2125.521	33.94	1.91	64.89	4.21	9.46	39.83	61.4	1	14.4
2125.625	33.86	1.90	64.43	4.22	9.44	39.87	61.9	1	14.6
2125.770	33.74	1.92	64.67	4.23	9.44	39.90	61.7	1	14.6
2125.830	33.73	1.91	64.48	4.20	9.45	39.75	61.6	1	14.6
2125.934	33.83	1.91	64.63	4.19	9.43	39.53	61.2	1	14.6
2126.079	33.82	1.91	64.52	4.23	9.44	39.93	61.9	1	14.6
2126.139	33.75	1.90	64.15	4.22	9.42	39.75	62.0	1	14.6
2126.243	33.82	1.90	64.43	4.21	9.41	39.66	61.6	1	14.6
2126.388	33.67	1.92	64.52	4.23	9.44	39.96	61.9	1	14.7
2126.448	33.54	1.92	64.44	4.23	9.42	39.86	61.9	1	14.7
2126.552	33.57	1.92	64.51	4.23	9.41	39.77	61.7	1	14.7
2126.697	33.72	1.91	64.56	4.17	9.49	39.58	61.3	1	14.6
2126.757	33.69	1.91	64.30	4.18	9.48	39.65	61.7	1	14.6
2126.861	33.56	1.90	63.87	4.20	9.42	39.56	61.9	1	14.7
2127.006	33.33	1.92	64.12	4.20	9.42	39.56	61.7	1	14.9
2127.066	32.97	1.94	63.81	4.22	9.40	39.64	62.1	1	15.0
2127.170	32.96	1.94	63.95	4.24	9.38	39.80	62.2	1	14.9
2127.315	33.44	1.94	64.76	4.22	9.42	39.76	61.4	1	14.6
2127.375	33.81	1.92	64.95	4.22	9.39	39.64	61.0	1	14.4
2127.479	33.95	1.89	64.33	4.24	9.39	39.86	62.0	1	14.6
2127.624	34.12	1.88	64.25	4.23	9.36	39.60	61.6	1	14.4
2127.684	34.04	1.88	64.09	4.24	9.37	39.69	61.9	1	14.4
2127.788	34.03	1.90	64.59	4.24	9.41	39.92	61.8	1	14.7
2127.933	33.45	1.93	64.48	4.26	9.43	40.21	62.4	1	14.7
2127.993	33.49	1.93	64.67	4.25	9.44	40.10	62.0	1	14.7
2128.097	33.50	1.93	64.60	4.24	9.43	39.96	61.9	1	14.7
2128.242	33.66	1.92	64.70	4.25	9.42	40.02	61.9	1	14.6
2128.302	33.78	1.91	64.57	4.26	9.44	40.20	62.3	1	14.6
2128.406	34.09	1.90	64.76	4.23	9.38	39.65	61.2	1	14.4
2128.551	33.97	1.89	64.29	4.22	9.43	39.83	62.0	1	14.4
2128.611	33.90	1.89	64.21	4.23	9.41	39.76	61.9	1	14.6
2128.715	34.05	1.87	63.82	4.22	9.37	39.57	62.0	1	14.6
2128.860	33.88	1.91	64.66	4.25	9.40	39.95	61.8	1	14.9
2128.920	33.62	1.92	64.42	4.24	9.40	39.84	61.8	1	14.7
2129.024	33.61	1.90	63.95	4.24	9.42	39.99	62.5	1	14.7
2129.169	33.17	1.93	64.17	4.22	9.38	39.54	61.6	1	15.0
2129.229	32.93	1.93	63.68	4.20	9.37	39.32	61.7	1	14.9
2129.333	32.79	1.94	63.78	4.20	9.36	39.29	61.6	1	15.2
2129.478	32.55	1.95	63.48	4.20	9.36	39.29	61.9	1	15.0
2129.538	32.55	1.95	63.44	4.18	9.36	39.12	61.7	1	15.0
2129.642	32.63	1.95	63.54	4.18	9.37	39.18	61.7	1	15.0
2129.787	32.43	1.95	63.34	4.21	9.34	39.34	62.1	1	15.0
2129.847	32.34	1.95	63.16	4.18	9.35	39.03	61.8	1	15.2
2129.951	32.31	1.96	63.19	4.18	9.36	39.17	62.0	1	15.0
2130.096	33.14	1.93	64.09	4.23	9.42	39.80	62.1	1	14.7
2130.156	33.50	1.92	64.32	4.21	9.41	39.59	61.6	1	14.6
2130.260	33.86	1.89	64.11	4.23	9.39	39.74	62.0	1	14.6
2130.405	33.65	1.91	64.42	4.24	9.42	39.98	62.1	1	14.9
2130.465	33.46	1.92	64.18	4.24	9.40	39.85	62.1	1	14.7
2130.569	33.76	1.91	64.51	4.24	9.38	39.80	61.7	1	14.6
2130.714	33.71	1.91	64.36	4.25	9.40	39.94	62.1	1	14.7
2130.774	33.68	1.90	64.11	4.24	9.40	39.87	62.2	1	14.7
2130.878	33.63	1.92	64.67	4.25	9.39	39.89	61.7	1	14.9
2131.023	33.37	1.92	64.21	4.26	9.38	40.00	62.3	1	14.7
2131.083	33.59	1.92	64.49	4.28	9.36	40.01	62.0	1	14.6
2131.187	33.67	1.91	64.28	4.23	9.39	39.70	61.8	1	14.7
2131.332	33.38	1.92	64.23	4.24	9.40	39.86	62.1	1	14.9
2131.392	33.27	1.94	64.39	4.23	9.40	39.72	61.7	1	14.9
2131.496	33.28	1.92	64.02	4.24	9.36	39.69	62.0	1	14.9
2131.641	33.43	1.93	64.44	4.23	9.38	39.68	61.6	1	14.6
2131.701	33.47	1.91	64.03	4.22	9.42	39.74	62.1	1	14.6
2131.805	33.51	1.92	64.24	4.21	9.41	39.61	61.7	1	14.7
2131.950	33.35	1.92	63.97	4.21	9.39	39.52	61.8	1	14.7
2132.010	33.62	1.92	64.50	4.21	9.40	39.61	61.4	1	14.6
2132.114	33.66	1.90	64.09	4.24	9.39	39.84	62.2	1	14.7
2132.259	33.40	1.92	64.27	4.21	9.43	39.71	61.8	1	14.9
2132.319	33.32	1.92	64.12	4.24	9.40	39.85	62.2	1	14.9
2132.423	33.59	1.93	64.69	4.21	9.41	39.61	61.2	1	14.6
2132.568	34.05	1.89	64.41	4.24	9.39	39.80	61.8	1	14.6
2132.628	34.09	1.88	64.23	4.24	9.37	39.70	61.8	1	14.4
2132.732	34.21	1.87	63.98	4.23	9.36	39.55	61.8	1	14.4
2132.877	34.14	1.89	64.49	4.27	9.40	40.18	62.3	1	14.6
2132.937	33.90	1.90	64.54	4.28	9.41	40.27	62.4	1	14.7
2133.041	33.64	1.92	64.54	4.25	9.40	39.98	61.9	1	14.7
2133.186	33.47	1.91	64.09	4.19	9.48	39.68	61.9	1	14.4
2133.246	33.71	1.91	64.25	4.17	9.52	39.69	61.8	1	14.4
2133.350	34.07	1.89	64.25	4.17	9.52	39.68	61.8	1	14.3
2133.495	34.07	1.89	64.34	4.17	9.53	39.73	61.7	1	14.4
2133.555	34.10	1.88	64.24	4.19	9.51	39.80	61.9	1	14.4
2133.659	34.09	1.89	64.44	4.17	9.49	39.61	61.5	1	14.4
2133.804	33.87	1.91	64.74	4.20	9.50	39.90	61.6	1	14.6
2133.864	33.81	1.93	65.24	4.19	9.49	39.72	60.9	1	14.7
2133.968	33.02	1.92	63.50	4.18	9.45	39.51	62.2	1	14.7
2134.113	33.08	1.93	63.92	4.18	9.42	39.37	61.6	1	14.9
2134.173	32.97	1.93	63.78	4.17	9.43	39.34	61.7	1	14.9
2134.277	32.88	1.94	63.70	4.16	9.45	39.33	61.7	1	14.9
2134.422	32.72	1.95	63.74	4.14	9.47	39.23	61.5	1	14.9
2134.482	32.56	1.96	63.71	4.13	9.42	38.86	61.0	1	15.0
2134.586	32.56	1.95	63.46	4.14	9.44	39.04	61.5	1	14.9
2134.731	32.81	1.95	64.07	4.19	9.43	39.51	61.7	1	14.7
2134.791	33.01	1.93	63.80	4.19	9.44	39.54	62.0	1	14.7
2134.895	33.35	1.93	64.26	4.18	9.44	39.48	61.4	1	14.6
2135.040	33.56	1.92	64.31	4.17	9.48	39.53	61.5	1	14.6
2135.100	33.54	1.91	63.96	4.17	9.51	39.61	61.9	1	14.6
2135.204	33.19	1.93	63.94	4.15	9.47	39.34	61.5	1	14.7
2135.349	32.84	1.93	63.29	4.17	9.46	39.42	62.3	1	14.7
2135.409	32.87	1.93	63.34	4.17	9.46	39.44	62.3	1	14.7
2135.513	33.19	1.92	63.67	4.17	9.49	39.56	62.1	1	14.6
2135.658	33.78	1.90	64.17	4.16	9.50	39.54	61.6	1	14.4
2135.718	33.88	1.88	63.75	4.18	9.47	39.53	62.0	1	14.3
2135.822	34.02	1.88	63.86	4.17	9.47	39.51	61.9	1	14.4
2135.967	33.95	1.89	64.22	4.15	9.47	39.30	61.2	1	14.4
2136.027	33.87	1.90	64.20	4.15	9.47	39.27	61.2	1	14.6
2136.131	33.73	1.89	63.70	4.16	9.46	39.31	61.7	1	14.6
2136.276	33.61	1.92	64.47	4.17	9.49	39.57	61.4	1	14.7
2136.336	33.36	1.92	63.95	4.16	9.47	39.40	61.6	1	14.6
2136.440	33.52	1.91	64.11	4.19	9.47	39.65	61.8	1	14.6
2136.585	33.68	1.91	64.23	4.19	9.46	39.65	61.7	1	14.6
2136.645	33.41	1.90	63.57	4.18	9.46	39.51	62.1	1	14.7
2136.749	33.55	1.91	63.99	4.18	9.46	39.58	61.9	1	14.4
2136.894	33.91	1.88	63.69	4.20	9.39	39.48	62.0	1	14.4
2136.954	33.99	1.88	63.89	4.18	9.42	39.40	61.7	1	14.4
2137.058	33.96	1.89	64.20	4.18	9.43	39.44	61.4	1	14.6
2137.203	33.93	1.88	63.73	4.21	9.42	39.64	62.2	1	14.6
2137.263	33.94	1.89	64.11	4.22	9.42	39.77	62.0	1	14.7
2137.367	33.47	1.92	64.15	4.20	9.40	39.43	61.5	1	14.9
2137.512	33.31	1.92	64.05	4.25	9.40	39.92	62.3	1	14.7
2137.572	33.26	1.91	63.66	4.22	9.43	39.82	62.6	1	14.7
2137.676	32.97	1.93	63.71	4.19	9.44	39.51	62.0	1	14.7
2137.821	33.56	1.91	63.98	4.16	9.49	39.49	61.7	1	14.6
2137.881	33.66	1.90	63.89	4.19	9.48	39.68	62.1	1	14.6
2137.985	33.91	1.89	64.10	4.19	9.43	39.52	61.7	1	14.4
2138.130	34.11	1.89	64.42	4.23	9.44	39.92	62.0	1	14.6
2138.190	33.81	1.90	64.23	4.22	9.43	39.80	62.0	1	14.7
2138.294	33.51	1.91	64.03	4.20	9.42	39.59	61.8	1	14.6
2138.439	33.65	1.91	64.16	4.20	9.44	39.62	61.8	1	14.6
2138.499	33.72	1.91	64.40	4.20	9.43	39.65	61.6	1	14.4
2138.603	33.93	1.90	64.33	4.18	9.45	39.47	61.4	1	14.4
2138.748	34.03	1.89	64.46	4.17	9.47	39.53	61.3	1	14.4
2138.808	33.94	1.89	64.16	4.19	9.46	39.64	61.8	1	14.4
2138.912	33.89	1.89	64.01	4.20	9.46	39.71	62.0	1	14.6
2139.057	33.35	1.92	63.97	4.17	9.50	39.62	61.9	1	14.6
2139.117	33.42	1.91	63.90	4.16	9.48	39.43	61.7	1	14.6
2139.221	33.67	1.92	64.49	4.17	9.50	39.59	61.4	1	14.6
2139.366	33.90	1.90	64.25	4.18	9.49	39.64	61.7	1	14.4
2139.426	33.95	1.89	64.05	4.17	9.50	39.59	61.8	1	14.4
2139.530	33.90	1.90	64.33	4.17	9.48	39.55	61.5	1	14.4
2139.675	34.05	1.89	64.44	4.18	9.47	39.57	61.4	1	14.3
2139.735	34.09	1.89	64.31	4.18	9.44	39.44	61.3	1	14.4
2139.839	34.05	1.89	64.28	4.21	9.46	39.83	62.0	1	14.4
2139.984	33.95	1.90	64.59	4.19	9.50	39.81	61.6	1	14.6
2140.044	33.88	1.91	64.55	4.19	9.49	39.77	61.6	1	14.6
2140.148	33.89	1.90	64.27	4.22	9.47	39.92	62.1	1	14.4
2140.293	33.68	1.92	64.56	4.18	9.46	39.52	61.2	1	14.7
2140.353	33.42	1.93	64.45	4.17	9.45	39.42	61.2	1	14.7
2140.457	33.53	1.92	64.37	4.18	9.48	39.60	61.5	1	14.6
2140.602	33.63	1.91	64.28	4.19	9.48	39.68	61.7	1	14.7
2140.662	33.44	1.92	64.16	4.18	9.46	39.59	61.7	1	14.7
2140.766	33.45	1.92	64.38	4.17	9.49	39.54	61.4	1	14.7
2140.911	33.33	1.93	64.21	4.19	9.49	39.72	61.9	1	14.7
2140.971	33.36	1.93	64.32	4.19	9.47	39.71	61.7	1	14.7
2141.075	33.24	1.94	64.45	4.19	9.44	39.60	61.4	1	14.9
2141.220	33.26	1.94	64.47	4.20	9.46	39.74	61.6	1	14.7
2141.280	33.29	1.93	64.22	4.20	9.46	39.67	61.8	1	14.7
2141.384	32.99	1.93	63.56	4.17	9.44	39.34	61.9	1	14.7
2141.529	33.63	1.91	64.33	4.22	9.45	39.86	62.0	1	14.4
2141.589	33.88	1.90	64.34	4.20	9.44	39.61	61.6	1	14.3
2141.693	34.28	1.88	64.31	4.18	9.43	39.41	61.3	1	14.1
2141.838	34.50	1.85	63.93	4.16	9.42	39.16	61.3	1	14.1
2141.898	34.58	1.85	63.87	4.16	9.39	39.04	61.1	1	14.1
2142.002	34.39	1.85	63.75	4.15	9.41	39.08	61.3	1	14.3
2142.147	34.31	1.87	64.23	4.16	9.44	39.29	61.2	1	14.4
2142.207	34.20	1.88	64.31	4.16	9.44	39.31	61.1	1	14.4
2142.311	33.94	1.89	64.02	4.18	9.47	39.61	61.9	1	14.3
2142.456	34.09	1.87	63.88	4.18	9.46	39.52	61.9	1	14.3
2142.516	34.22	1.87	63.89	4.17	9.44	39.33	61.6	1	14.3
2142.620	34.23	1.86	63.80	4.16	9.45	39.36	61.7	1	14.3
2142.765	33.85	1.90	64.23	4.18	9.48	39.60	61.7	1	14.6
2142.825	33.67	1.92	64.64	4.19	9.47	39.63	61.3	1	14.7
2142.929	33.13	1.93	64.10	4.18	9.46	39.59	61.8	1	14.7
2143.074	33.18	1.94	64.46	4.19	9.49	39.72	61.6	1	14.7
2143.134	33.11	1.94	64.14	4.16	9.50	39.52	61.6	1	14.9
2143.238	32.78	1.94	63.69	4.16	9.50	39.53	62.1	1	14.7
2143.383	33.24	1.94	64.49	4.16	9.52	39.62	61.4	1	14.6
2143.443	33.59	1.92	64.63	4.19	9.54	39.91	61.8	1	14.4
2143.547	33.92	1.91	64.81	4.17	9.52	39.70	61.3	1	14.4
2143.692	33.68	1.92	64.75	4.15	9.53	39.56	61.1	1	14.6
2143.752	33.55	1.92	64.38	4.15	9.52	39.54	61.4	1	14.6
2143.856	33.55	1.92	64.46	4.14	9.52	39.39	61.1	1	14.6
2144.001	33.50	1.92	64.25	4.15	9.54	39.63	61.7	1	14.6
2144.061	33.46	1.92	64.34	4.16	9.53	39.59	61.5	1	14.6
2144.165	33.35	1.92	64.03	4.16	9.52	39.59	61.8	1	14.6
2144.310	33.74	1.91	64.57	4.14	9.54	39.47	61.1	1	14.3
2144.370	34.04	1.89	64.42	4.14	9.56	39.59	61.5	1	14.3
2144.474	34.09	1.88	64.15	4.13	9.52	39.34	61.3	1	14.3
2144.619	33.75	1.90	64.23	4.13	9.52	39.35	61.3	1	14.6
2144.679	33.63	1.90	63.98	4.14	9.55	39.50	61.7	1	14.4
2144.783	33.68	1.90	64.10	4.12	9.53	39.31	61.3	1	14.4
2144.928	33.72	1.91	64.55	4.13	9.54	39.37	61.0	1	14.4
2144.988	33.83	1.91	64.47	4.12	9.55	39.37	61.1	1	14.3
2145.092	33.88	1.90	64.26	4.13	9.52	39.27	61.1	1	14.4
2145.237	33.86	1.91	64.68	4.15	9.54	39.59	61.2	1	14.4
2145.297	33.73	1.90	64.24	4.15	9.55	39.63	61.7	1	14.4
2145.401	33.77	1.89	63.93	4.12	9.58	39.49	61.8	1	14.3
2145.546	33.62	1.91	64.23	4.11	9.57	39.32	61.2	1	14.6
2145.606	33.45	1.91	64.05	4.10	9.55	39.14	61.1	1	14.6
2145.710	33.52	1.91	64.13	4.10	9.57	39.28	61.2	1	14.3
2145.855	34.02	1.89	64.21	4.12	9.53	39.21	61.1	1	14.1
2145.915	34.09	1.87	63.90	4.12	9.54	39.24	61.4	1	14.1
2146.019	34.02	1.87	63.69	4.11	9.54	39.21	61.6	1	14.3
2146.164	34.01	1.90	64.71	4.15	9.57	39.69	61.3	1	14.4
2146.224	33.82	1.91	64.54	4.13	9.56	39.53	61.2	1	14.6
2146.328	33.68	1.91	64.19	4.14	9.56	39.59	61.7	1	14.4
2146.473	33.64	1.91	64.36	4.16	9.54	39.68	61.6	1	14.4
2146.533	33.82	1.89	64.01	4.15	9.54	39.59	61.9	1	14.3
2146.637	33.72	1.90	63.91	4.12	9.56	39.32	61.5	1	14.4
2146.782	33.98	1.89	64.14	4.08	9.57	39.10	61.0	1	14.3
2146.842	33.94	1.88	63.92	4.09	9.58	39.19	61.3	1	14.1
2146.946	34.00	1.87	63.53	4.10	9.56	39.25	61.8	1	14.3
2147.091	33.66	1.89	63.72	4.12	9.55	39.30	61.7	1	14.6
2147.151	33.61	1.88	63.33	4.11	9.55	39.27	62.0	1	14.4
2147.255	33.70	1.89	63.64	4.13	9.57	39.53	62.1	1	14.4
2147.400	33.87	1.88	63.82	4.12	9.58	39.47	61.8	1	14.3
2147.460	33.84	1.89	63.83	4.12	9.59	39.51	61.9	1	14.4
2147.564	33.64	1.90	63.82	4.12	9.59	39.45	61.8	1	14.4
2147.709	33.55	1.90	63.85	4.12	9.59	39.50	61.9	1	14.4
2147.769	33.54	1.91	63.96	4.10	9.60	39.40	61.6	1	14.6
2147.873	33.32	1.91	63.67	4.09	9.58	39.16	61.5	1	14.6
2148.018	33.54	1.91	63.97	4.14	9.58	39.63	61.9	1	14.4
2148.078	33.64	1.90	63.85	4.13	9.57	39.56	62.0	1	14.4
2148.182	33.80	1.89	64.04	4.17	9.50	39.64	61.9	1	14.4
2148.327	33.93	1.89	63.97	4.15	9.49	39.34	61.5	1	14.4
2148.387	33.88	1.89	64.10	4.15	9.50	39.42	61.5	1	14.3
2148.491	34.05	1.88	63.93	4.18	9.45	39.48	61.8	1	14.4
2148.636	34.02	1.87	63.68	4.20	9.45	39.65	62.3	1	14.4
2148.696	34.10	1.87	63.67	4.19	9.43	39.51	62.0	1	14.3
2148.800	34.19	1.85	63.40	4.20	9.42	39.51	62.3	1	14.4
2148.945	34.20	1.86	63.67	4.22	9.38	39.60	62.2	1	14.4
2149.005	34.30	1.86	63.89	4.24	9.37	39.76	62.2	1	14.4
2149.109	34.16	1.87	64.00	4.26	9.39	40.01	62.5	1	14.6
2149.254	34.90	1.75	60.97	4.51	8.63	38.90	63.8	1	14.4
2149.314	35.12	1.70	59.79	4.60	8.41	38.63	64.6	1	14.6
2149.418	35.33	1.69	59.55	4.63	8.35	38.64	64.9	1	14.6
2149.563	35.17	1.73	60.82	4.65	8.51	39.55	65.0	1	14.9
2149.623	35.02	1.77	61.82	4.64	8.62	40.01	64.7	1	14.9
2149.727	34.64	1.83	63.35	4.66	8.77	40.87	64.5	1	15.2
2149.872	33.33	1.89	62.88	4.53	8.99	40.69	64.7	1	15.5
2149.932	31.77	1.92	60.94	4.25	9.08	38.58	63.3	1	15.3
2150.036	30.41	1.94	58.93	4.02	9.15	36.78	62.4	1	15.5
2150.181	30.10	1.96	58.85	3.94	9.22	36.38	61.8	1	15.3
2150.241	30.12	1.96	59.00	3.90	9.25	36.08	61.1	1	15.3
2150.345	29.86	1.96	58.40	3.89	9.22	35.89	61.5	1	15.5
2150.490	29.94	1.96	58.71	3.85	9.23	35.56	60.6	1	15.2
2150.550	30.32	1.95	59.14	3.86	9.29	35.82	60.6	1	15.0
2150.654	31.16	1.94	60.60	3.92	9.39	36.84	60.8	1	14.9
2150.799	32.14	1.94	62.46	3.99	9.54	38.05	60.9	1	14.6
2150.859	32.63	1.93	63.13	4.01	9.58	38.43	60.9	1	14.4
2150.963	33.27	1.92	63.74	4.04	9.63	38.89	61.0	1	14.1
2151.108	34.11	1.87	63.89	4.01	9.64	38.66	60.5	1	14.0
2151.168	34.12	1.86	63.58	4.02	9.65	38.77	61.0	1	14.1
2151.272	34.06	1.87	63.81	4.01	9.67	38.78	60.8	1	14.1
2151.417	33.72	1.90	64.07	4.02	9.67	38.93	60.8	1	14.3
2151.477	33.67	1.90	64.14	4.00	9.68	38.73	60.4	1	14.3
2151.581	33.59	1.90	63.85	4.02	9.72	39.04	61.1	1	14.3
2151.726	33.98	1.89	64.18	4.02	9.68	38.86	60.5	1	14.0
2151.786	34.07	1.88	64.20	3.99	9.68	38.68	60.2	1	14.0
2151.890	34.12	1.88	64.11	4.01	9.66	38.71	60.4	1	14.1
2152.035	34.01	1.89	64.31	4.00	9.71	38.81	60.3	1	14.1
2152.095	33.93	1.89	64.05	4.00	9.71	38.87	60.7	1	14.1
2152.199	33.88	1.88	63.85	4.00	9.71	38.85	60.8	1	14.1
2152.344	34.15	1.88	64.11	3.99	9.71	38.79	60.5	1	14.0
2152.404	34.13	1.87	63.97	3.99	9.69	38.64	60.4	1	14.0
2152.508	34.21	1.87	64.08	4.01	9.69	38.81	60.6	1	14.0
2152.653	34.22	1.88	64.17	3.99	9.69	38.69	60.3	1	14.0
2152.713	34.17	1.88	64.14	3.97	9.69	38.51	60.0	1	14.0
2152.817	34.02	1.88	64.11	3.97	9.69	38.44	60.0	1	14.0
2152.962	34.15	1.88	64.05	4.01	9.69	38.86	60.7	1	14.0
2153.022	34.10	1.88	63.99	3.98	9.69	38.57	60.3	1	14.0
2153.126	34.09	1.87	63.68	3.98	9.73	38.74	60.8	1	14.0
2153.271	33.84	1.89	63.94	3.98	9.74	38.74	60.6	1	14.3
2153.331	33.65	1.90	64.05	3.97	9.74	38.69	60.4	1	14.3
2153.435	33.55	1.90	63.83	3.97	9.73	38.67	60.6	1	14.3
2153.580	33.51	1.92	64.29	3.99	9.73	38.86	60.5	1	14.3
2153.640	33.44	1.92	64.15	3.99	9.73	38.78	60.5	1	14.4
2153.744	33.27	1.93	64.15	3.98	9.70	38.64	60.2	1	14.3
2153.889	33.58	1.91	64.09	3.99	9.73	38.82	60.6	1	14.1
2153.949	33.60	1.91	64.01	3.99	9.74	38.89	60.8	1	14.1
2154.053	33.92	1.90	64.52	3.99	9.75	38.85	60.2	1	14.0
2154.198	34.09	1.89	64.51	4.03	9.73	39.18	60.7	1	14.1
2154.258	33.93	1.89	64.19	4.03	9.72	39.17	61.0	1	14.0
2154.362	34.16	1.88	64.36	3.99	9.69	38.66	60.1	1	13.8
2154.507	34.22	1.88	64.33	3.95	9.69	38.32	59.6	1	14.0
2154.567	34.17	1.88	64.17	3.97	9.68	38.46	59.9	1	14.0
2154.671	34.26	1.86	63.75	3.98	9.69	38.63	60.6	1	13.8
2154.816	34.40	1.86	64.01	3.98	9.71	38.59	60.3	1	13.7
2154.876	34.43	1.85	63.65	3.97	9.68	38.40	60.3	1	13.7
2154.980	34.34	1.86	64.00	3.98	9.68	38.55	60.2	1	13.8
2155.125	34.11	1.88	64.11	3.99	9.71	38.76	60.4	1	14.0
2155.185	34.17	1.88	64.10	3.99	9.73	38.78	60.5	1	14.0
2155.289	34.21	1.87	64.12	4.00	9.70	38.78	60.5	1	14.0
2155.434	33.88	1.89	64.11	4.00	9.72	38.84	60.6	1	14.1
2155.494	33.80	1.89	63.71	3.99	9.71	38.75	60.8	1	14.0
2155.598	33.83	1.90	64.24	3.98	9.70	38.67	60.2	1	14.3
2155.743	33.33	1.93	64.26	3.99	9.71	38.68	60.2	1	14.4
2155.803	33.25	1.95	64.70	3.97	9.71	38.55	59.6	1	14.4
2155.907	33.04	1.95	64.29	3.97	9.66	38.39	59.7	1	14.4
2156.052	33.33	1.93	64.28	3.98	9.70	38.66	60.2	1	14.3
2156.112	33.52	1.92	64.24	3.99	9.69	38.66	60.2	1	14.1
2156.216	33.65	1.91	64.33	3.99	9.70	38.65	60.1	1	14.3
2156.361	33.44	1.92	64.23	3.99	9.72	38.77	60.4	1	14.4
2156.421	33.13	1.92	63.75	3.97	9.69	38.49	60.4	1	14.3
2156.525	33.36	1.92	63.97	3.99	9.71	38.73	60.5	1	14.3
2156.670	33.72	1.90	64.06	3.99	9.69	38.67	60.4	1	14.1
2156.730	33.82	1.90	64.31	3.99	9.70	38.72	60.2	1	14.1
2156.834	33.97	1.90	64.40	4.00	9.70	38.82	60.3	1	14.0
2156.979	34.08	1.88	64.11	4.00	9.73	38.90	60.7	1	14.0
2157.039	34.00	1.88	63.93	3.99	9.70	38.73	60.6	1	14.0
2157.143	33.97	1.88	63.73	3.99	9.68	38.63	60.6	1	14.0
2157.288	34.13	1.87	63.92	3.96	9.69	38.37	60.0	1	13.8
2157.348	34.22	1.87	63.83	3.96	9.68	38.35	60.1	1	14.0
2157.452	34.14	1.87	63.93	3.97	9.71	38.49	60.2	1	14.0
2157.597	34.13	1.89	64.43	3.96	9.71	38.42	59.6	1	14.0
2157.657	33.99	1.90	64.42	3.96	9.71	38.50	59.8	1	14.1
2157.761	33.88	1.89	64.03	3.96	9.74	38.59	60.3	1	14.0
2157.906	34.02	1.88	64.06	4.00	9.73	38.92	60.8	1	14.0
2157.966	34.02	1.88	63.90	3.99	9.69	38.66	60.5	1	14.1
2158.070	34.30	1.85	63.62	4.07	9.50	38.62	60.7	1	14.1
2158.215	34.89	1.79	62.62	4.20	9.27	38.91	62.1	1	14.1
2158.275	34.75	1.81	63.06	4.22	9.25	38.99	61.8	1	14.3
2158.379	34.51	1.85	63.74	4.25	9.31	39.58	62.1	1	14.6
2158.524	33.68	1.90	64.07	4.22	9.41	39.72	62.0	1	14.9
2158.584	33.33	1.92	63.91	4.21	9.40	39.59	61.9	1	14.9
2158.688	33.19	1.93	64.10	4.22	9.44	39.84	62.2	1	14.7
2158.833	32.77	1.93	63.41	4.14	9.49	39.26	61.9	1	14.9
2158.893	32.27	1.94	62.63	4.07	9.51	38.73	61.8	1	14.7
2158.997	32.01	1.95	62.41	4.00	9.53	38.12	61.1	1	14.9
2159.142	32.21	1.96	63.13	3.96	9.61	38.08	60.3	1	14.6
2159.202	32.66	1.95	63.79	3.98	9.63	38.38	60.2	1	14.4
2159.306	33.24	1.93	64.15	4.00	9.66	38.64	60.2	1	14.1
2159.451	33.66	1.91	64.23	3.99	9.68	38.64	60.2	1	14.3
2159.511	33.54	1.91	64.13	4.00	9.66	38.70	60.3	1	14.4
2159.615	33.30	1.92	64.08	4.01	9.71	38.88	60.7	1	14.3
2159.760	33.52	1.92	64.43	3.98	9.75	38.78	60.2	1	14.3
2159.820	33.34	1.92	64.10	3.97	9.75	38.66	60.3	1	14.4
2159.924	33.25	1.93	64.03	3.94	9.70	38.25	59.7	1	14.3
2160.069	32.97	1.94	63.82	3.90	9.73	37.98	59.5	1	14.3
2160.129	33.11	1.94	64.09	3.94	9.73	38.37	59.9	1	14.1
2160.233	33.48	1.92	64.27	3.95	9.77	38.59	60.0	1	14.1
2160.378	33.44	1.91	63.99	3.98	9.81	38.99	60.9	1	14.1
2160.438	33.52	1.92	64.20	3.96	9.80	38.79	60.4	1	14.1
2160.542	33.76	1.91	64.35	3.94	9.77	38.48	59.8	1	14.0
2160.687	33.87	1.89	64.04	3.92	9.80	38.42	60.0	1	14.1
2160.747	33.76	1.90	64.10	3.92	9.80	38.42	59.9	1	14.1
2160.851	33.60	1.90	64.00	3.92	9.80	38.43	60.0	1	14.1
2160.996	33.83	1.89	63.96	3.94	9.82	38.68	60.5	1	13.8
2161.056	33.83	1.89	63.83	3.93	9.83	38.68	60.6	1	13.8
2161.160	33.99	1.88	63.74	3.93	9.81	38.54	60.5	1	13.7
2161.305	33.94	1.89	64.03	3.93	9.85	38.67	60.4	1	14.0
2161.365	33.85	1.89	64.05	3.92	9.84	38.57	60.2	1	14.0
2161.469	33.62	1.91	64.13	3.93	9.84	38.72	60.4	1	14.1
2161.614	33.43	1.91	63.96	3.92	9.83	38.53	60.2	1	14.0
2161.674	33.66	1.91	64.12	3.91	9.82	38.37	59.8	1	13.8
2161.778	33.78	1.90	64.16	3.91	9.80	38.28	59.7	1	14.0
2161.923	33.47	1.92	64.16	3.89	9.78	38.08	59.4	1	14.1
2161.983	33.46	1.92	64.35	3.89	9.82	38.22	59.4	1	14.1
2162.087	33.32	1.92	64.11	3.89	9.84	38.24	59.6	1	14.1
2162.232	33.39	1.91	63.93	3.87	9.86	38.16	59.7	1	13.8
2162.292	33.63	1.90	63.92	3.88	9.86	38.22	59.8	1	13.8
2162.396	33.87	1.90	64.32	3.87	9.86	38.19	59.4	1	13.7
2162.541	33.92	1.89	64.16	3.88	9.86	38.26	59.6	1	13.8
2162.601	33.82	1.90	64.37	3.87	9.84	38.11	59.2	1	14.0
2162.705	33.75	1.91	64.42	3.88	9.84	38.23	59.3	1	14.0
2162.850	33.38	1.91	63.92	3.86	9.84	37.97	59.4	1	14.1
2162.910	33.33	1.92	63.91	3.86	9.83	37.99	59.4	1	14.0
2163.014	33.71	1.91	64.30	3.88	9.84	38.16	59.3	1	13.8
2163.159	33.87	1.90	64.42	3.89	9.85	38.34	59.5	1	14.0
2163.219	33.69	1.92	64.63	3.88	9.86	38.29	59.2	1	14.1
2163.323	33.55	1.91	64.05	3.87	9.87	38.21	59.7	1	14.0
2163.468	33.56	1.91	64.09	3.88	9.89	38.41	59.9	1	14.0
2163.528	33.52	1.90	63.65	3.90	9.89	38.52	60.5	1	14.0
2163.632	33.32	1.92	63.98	3.87	9.87	38.20	59.7	1	14.3
2163.777	33.00	1.93	63.63	3.88	9.84	38.19	60.0	1	14.1
2163.837	33.04	1.92	63.55	3.87	9.85	38.14	60.0	1	14.1
2163.941	33.35	1.92	63.96	3.88	9.86	38.32	59.9	1	14.0
2164.086	33.72	1.91	64.37	3.91	9.86	38.55	59.9	1	14.0
2164.146	33.67	1.91	64.18	3.90	9.84	38.34	59.7	1	14.0
2164.250	33.42	1.91	63.81	3.89	9.82	38.18	59.8	1	14.1
2164.395	33.72	1.90	64.12	3.88	9.84	38.19	59.6	1	13.8
2164.455	33.65	1.91	64.17	3.89	9.85	38.34	59.8	1	13.8
2164.559	33.72	1.90	63.97	3.87	9.87	38.20	59.7	1	14.0
2164.704	33.86	1.89	64.03	3.88	9.85	38.25	59.7	1	13.8
2164.764	33.97	1.89	64.04	3.91	9.85	38.47	60.1	1	13.7
2164.868	33.90	1.88	63.65	3.89	9.84	38.27	60.1	1	13.8
2165.013	34.10	1.87	63.80	3.86	9.84	38.01	59.6	1	13.7
2165.073	34.20	1.86	63.61	3.86	9.84	37.97	59.7	1	13.5
2165.177	34.40	1.85	63.65	3.85	9.81	37.71	59.2	1	13.5
2165.322	34.57	1.84	63.76	3.85	9.82	37.78	59.3	1	13.4
2165.382	34.58	1.84	63.50	3.83	9.81	37.58	59.2	1	13.5
2165.486	34.59	1.83	63.44	3.85	9.80	37.75	59.5	1	13.5
2165.631	34.66	1.83	63.43	3.83	9.83	37.65	59.4	1	13.4
2165.691	34.72	1.82	63.08	3.84	9.80	37.61	59.6	1	13.4
2165.795	34.55	1.83	63.16	3.85	9.79	37.65	59.6	1	13.5
2165.940	34.24	1.87	63.98	3.86	9.82	37.88	59.2	1	14.0
2166.000	34.00	1.88	63.96	3.86	9.84	37.94	59.3	1	14.0
2166.104	33.76	1.89	63.87	3.89	9.86	38.36	60.1	1	14.0
2166.249	33.77	1.90	64.09	3.89	9.88	38.37	59.9	1	14.0
2166.309	33.61	1.91	64.02	3.89	9.85	38.29	59.8	1	14.1
2166.413	33.54	1.91	64.17	3.88	9.83	38.17	59.5	1	14.0
2166.558	33.85	1.89	64.13	3.89	9.86	38.32	59.7	1	13.8
2166.618	33.83	1.89	63.94	3.88	9.86	38.24	59.8	1	13.8
2166.722	33.78	1.88	63.65	3.87	9.82	38.02	59.7	1	14.0
2166.867	33.76	1.90	64.29	3.87	9.85	38.11	59.3	1	14.1
2166.927	33.57	1.91	64.17	3.87	9.82	38.04	59.3	1	14.0
2167.031	33.74	1.90	64.15	3.88	9.84	38.20	59.5	1	14.0
2167.176	33.82	1.90	64.32	3.88	9.84	38.17	59.3	1	14.0
2167.236	33.90	1.90	64.34	3.88	9.83	38.15	59.3	1	13.8
2167.340	33.87	1.90	64.22	3.87	9.83	38.09	59.3	1	14.0
2167.485	33.67	1.91	64.35	3.88	9.85	38.22	59.4	1	14.1
2167.545	33.53	1.91	63.95	3.89	9.83	38.18	59.7	1	14.1
2167.649	33.80	1.91	64.49	3.93	9.81	38.56	59.8	1	13.8
2167.794	33.87	1.89	63.94	3.92	9.77	38.34	60.0	1	14.0
2167.854	33.77	1.89	63.79	3.92	9.81	38.47	60.3	1	14.0
2167.958	33.84	1.89	63.89	3.91	9.83	38.42	60.1	1	13.8
2168.103	34.01	1.88	63.93	3.88	9.83	38.14	59.7	1	13.8
2168.163	33.87	1.88	63.73	3.88	9.84	38.14	59.8	1	14.0
2168.267	34.03	1.88	64.05	3.88	9.80	38.02	59.4	1	13.7
2168.412	34.11	1.87	63.76	3.88	9.78	37.94	59.5	1	13.8
2168.472	33.96	1.88	63.74	3.87	9.80	37.95	59.5	1	14.0
2168.576	33.82	1.88	63.61	3.91	9.81	38.31	60.2	1	14.0
2168.721	33.61	1.91	64.11	3.88	9.83	38.15	59.5	1	14.1
2168.781	33.36	1.91	63.64	3.88	9.80	38.01	59.7	1	14.1
2168.885	33.68	1.90	63.83	3.90	9.82	38.29	60.0	1	13.8
2169.030	34.04	1.87	63.74	3.90	9.83	38.29	60.1	1	13.8
2169.090	33.89	1.88	63.63	3.90	9.81	38.26	60.1	1	13.8
2169.194	33.93	1.87	63.58	3.88	9.83	38.18	60.1	1	13.8
2169.339	34.03	1.89	64.22	3.91	9.81	38.37	59.7	1	13.8
2169.399	33.79	1.89	64.01	3.92	9.83	38.56	60.2	1	14.0
2169.503	33.85	1.89	63.83	3.90	9.81	38.26	59.9	1	13.8
2169.648	33.85	1.89	63.96	3.89	9.84	38.26	59.8	1	14.1
2169.708	33.66	1.91	64.17	3.89	9.81	38.19	59.5	1	14.1
2169.812	33.24	1.92	63.72	3.91	9.83	38.40	60.3	1	14.1
2169.957	33.41	1.92	64.06	3.94	9.80	38.58	60.2	1	14.1
2170.017	33.28	1.92	63.84	3.91	9.81	38.37	60.1	1	14.0
2170.121	33.81	1.90	64.39	3.92	9.84	38.58	59.9	1	13.8
2170.266	33.78	1.91	64.46	3.94	9.84	38.74	60.1	1	14.0
2170.326	33.65	1.90	64.09	3.88	9.84	38.23	59.6	1	14.1
2170.430	33.49	1.91	64.07	3.91	9.83	38.45	60.0	1	14.1
2170.575	33.43	1.92	64.07	3.88	9.81	38.12	59.5	1	14.1
2170.635	33.40	1.92	63.97	3.88	9.81	38.03	59.5	1	14.1
2170.739	33.31	1.92	64.05	3.89	9.83	38.23	59.7	1	14.3
2170.884	32.98	1.92	63.35	3.89	9.80	38.10	60.1	1	14.3
2170.944	32.95	1.92	63.21	3.86	9.80	37.80	59.8	1	14.3
2171.048	33.11	1.91	63.22	3.87	9.79	37.89	59.9	1	14.1
2171.193	33.60	1.91	64.23	3.88	9.84	38.22	59.5	1	13.8
2171.253	33.83	1.90	64.32	3.91	9.84	38.44	59.8	1	13.8
2171.357	34.07	1.88	64.04	3.89	9.81	38.21	59.7	1	13.7
2171.502	34.24	1.87	64.07	3.89	9.79	38.09	59.5	1	13.7
2171.562	34.30	1.86	63.86	3.91	9.81	38.35	60.1	1	13.7
2171.666	34.18	1.87	63.87	3.91	9.80	38.31	60.0	1	13.8
2171.811	34.22	1.86	63.82	3.91	9.79	38.27	60.0	1	13.7
2171.871	34.30	1.85	63.36	3.90	9.80	38.21	60.3	1	13.5
2171.975	34.19	1.86	63.64	3.91	9.81	38.32	60.2	1	13.8
2172.120	33.85	1.89	64.13	3.89	9.84	38.27	59.7	1	14.1
2172.180	33.65	1.90	64.05	3.87	9.83	38.08	59.4	1	14.1
2172.284	33.59	1.90	63.98	3.88	9.84	38.17	59.7	1	14.0
2172.429	33.78	1.90	64.18	3.89	9.82	38.24	59.6	1	13.8
2172.489	33.91	1.89	63.93	3.91	9.81	38.31	59.9	1	13.8
2172.593	33.85	1.87	63.35	3.88	9.81	38.08	60.1	1	13.8
2172.738	34.16	1.87	63.75	3.88	9.82	38.14	59.8	1	13.5
2172.798	34.16	1.85	63.06	3.88	9.78	38.00	60.3	1	13.7
2172.902	34.07	1.87	63.58	3.90	9.81	38.28	60.2	1	13.8
2173.047	34.01	1.88	63.93	3.90	9.85	38.41	60.1	1	13.8
2173.107	33.97	1.87	63.68	3.88	9.84	38.23	60.0	1	13.7
2173.211	34.29	1.86	63.64	3.89	9.81	38.12	59.9	1	13.5
2173.356	34.48	1.85	63.67	3.89	9.78	38.09	59.8	1	13.5
2173.416	34.36	1.84	63.33	3.90	9.78	38.13	60.2	1	13.5
2173.520	34.25	1.87	63.88	3.90	9.82	38.24	59.9	1	13.8
2173.665	33.95	1.89	64.10	3.93	9.85	38.69	60.4	1	14.0
2173.725	33.86	1.89	64.13	3.92	9.83	38.52	60.1	1	14.0
2173.829	33.77	1.88	63.64	3.92	9.81	38.49	60.5	1	13.8
2173.974	33.62	1.91	64.34	3.91	9.83	38.42	59.7	1	14.1
2174.034	33.29	1.92	63.98	3.90	9.82	38.31	59.9	1	14.3
2174.138	33.28	1.92	63.80	3.92	9.81	38.42	60.2	1	14.1
2174.283	33.07	1.92	63.54	3.93	9.81	38.56	60.7	1	14.3
2174.343	32.97	1.92	63.36	3.92	9.80	38.44	60.7	1	14.3
2174.447	32.90	1.93	63.50	3.90	9.79	38.20	60.2	1	14.3
2174.592	33.27	1.91	63.59	3.91	9.82	38.42	60.4	1	14.0
2174.652	33.59	1.90	63.77	3.91	9.84	38.51	60.4	1	13.8
2174.756	33.78	1.88	63.46	3.92	9.82	38.51	60.7	1	13.8
2174.901	34.10	1.87	63.82	3.92	9.81	38.42	60.2	1	13.7
2174.961	34.17	1.87	63.88	3.91	9.80	38.33	60.0	1	13.7
2175.065	34.14	1.85	63.30	3.91	9.82	38.38	60.6	1	13.8
2175.210	33.86	1.89	63.94	3.90	9.84	38.37	60.0	1	14.0
2175.270	33.67	1.90	63.87	3.92	9.83	38.51	60.3	1	14.1
2175.374	33.59	1.89	63.46	3.89	9.84	38.31	60.4	1	14.0
2175.519	33.22	1.92	63.69	3.89	9.82	38.23	60.0	1	14.3
2175.579	32.99	1.92	63.46	3.89	9.82	38.22	60.2	1	14.3
2175.683	33.15	1.92	63.67	3.89	9.85	38.31	60.2	1	14.1
2175.828	33.00	1.92	63.23	3.89	9.82	38.22	60.4	1	14.3
2175.888	32.69	1.93	63.09	3.90	9.79	38.16	60.5	1	14.3
2175.992	32.68	1.93	62.92	3.89	9.79	38.05	60.5	1	14.3
2176.137	33.29	1.91	63.63	3.92	9.81	38.47	60.5	1	14.0
2176.197	33.46	1.90	63.59	3.91	9.83	38.49	60.5	1	13.8
2176.301	33.97	1.89	64.12	3.90	9.83	38.38	59.9	1	13.5
2176.446	34.31	1.86	63.83	3.89	9.80	38.18	59.8	1	13.7
2176.506	34.25	1.86	63.55	3.91	9.81	38.31	60.3	1	13.7
2176.610	34.34	1.84	63.34	3.92	9.77	38.28	60.4	1	13.7
2176.755	34.26	1.87	64.02	3.92	9.81	38.42	60.0	1	13.8
2176.815	33.99	1.87	63.69	3.91	9.82	38.41	60.3	1	14.0
2176.919	33.94	1.89	64.04	3.93	9.81	38.51	60.1	1	13.8
2177.064	34.08	1.88	64.15	3.92	9.78	38.29	59.7	1	13.8
2177.124	33.98	1.88	63.88	3.92	9.80	38.40	60.1	1	14.0
2177.228	33.98	1.88	63.89	3.92	9.81	38.43	60.1	1	13.8
2177.373	33.98	1.88	63.92	3.94	9.81	38.64	60.5	1	13.7
2177.433	34.13	1.88	64.05	3.91	9.81	38.36	59.9	1	13.7
2177.537	34.25	1.87	64.14	3.91	9.81	38.34	59.8	1	13.8
2177.682	34.18	1.88	64.42	3.93	9.77	38.42	59.6	1	13.8
2177.742	34.08	1.88	64.23	3.96	9.77	38.69	60.2	1	14.0
2177.846	33.95	1.88	63.88	3.96	9.74	38.53	60.3	1	13.8
2177.991	33.99	1.89	64.36	3.95	9.80	38.69	60.1	1	14.1
2178.051	33.80	1.90	64.36	3.94	9.79	38.58	59.9	1	14.3
2178.155	33.41	1.91	63.92	3.94	9.77	38.47	60.2	1	14.1
2178.300	33.05	1.90	62.73	3.88	9.73	37.75	60.2	1	14.1
2178.360	32.96	1.90	62.74	3.87	9.72	37.64	60.0	1	14.3
2178.464	33.09	1.90	62.82	3.90	9.77	38.11	60.7	1	14.1
2178.609	33.74	1.88	63.48	3.91	9.82	38.43	60.5	1	13.7
2178.669	33.98	1.86	63.35	3.92	9.78	38.34	60.5	1	13.7
2178.773	34.19	1.86	63.48	3.90	9.77	38.10	60.0	1	13.5
2178.918	34.40	1.84	63.43	3.91	9.79	38.27	60.3	1	13.7
2178.978	34.37	1.85	63.41	3.92	9.79	38.44	60.6	1	13.7
2179.082	34.39	1.85	63.75	3.93	9.77	38.39	60.2	1	13.5
2179.227	34.49	1.82	62.63	3.89	9.76	37.97	60.6	1	13.5
2179.287	34.53	1.81	62.52	3.89	9.74	37.90	60.6	1	13.4
2179.391	34.77	1.80	62.42	3.88	9.67	37.57	60.2	1	13.4
2179.536	34.84	1.79	62.39	3.85	9.66	37.23	59.7	1	13.4
2179.596	34.78	1.79	62.32	3.88	9.67	37.51	60.2	1	13.2
2179.700	34.80	1.78	62.02	3.88	9.64	37.37	60.3	1	13.4
2179.845	34.46	1.83	62.91	3.90	9.74	37.94	60.3	1	13.7
2179.905	34.40	1.83	63.09	3.91	9.76	38.12	60.4	1	13.7
2180.009	34.16	1.87	63.92	3.95	9.75	38.46	60.2	1	14.0
2180.154	33.91	1.88	63.70	3.97	9.78	38.80	60.9	1	13.7
2180.214	34.04	1.87	63.53	3.93	9.78	38.48	60.6	1	13.7
2180.318	34.25	1.85	63.50	3.93	9.75	38.29	60.3	1	13.7
2180.463	34.48	1.86	63.99	3.91	9.79	38.28	59.8	1	13.7
2180.523	34.39	1.85	63.67	3.91	9.82	38.41	60.3	1	13.7
2180.627	34.42	1.86	64.03	3.92	9.80	38.41	60.0	1	13.7
2180.772	34.16	1.87	63.81	3.90	9.79	38.16	59.8	1	13.8
2180.832	34.03	1.87	63.75	3.90	9.82	38.29	60.1	1	13.8
2180.936	33.95	1.89	64.17	3.92	9.81	38.44	59.9	1	14.0
2181.081	33.71	1.89	63.75	3.93	9.80	38.55	60.5	1	14.0
2181.141	33.77	1.90	64.15	3.94	9.81	38.67	60.3	1	14.1
2181.245	33.60	1.91	64.13	3.92	9.81	38.45	60.0	1	14.0
2181.390	33.85	1.88	63.55	3.91	9.79	38.26	60.2	1	13.8
2181.450	33.80	1.89	63.86	3.93	9.80	38.46	60.2	1	14.0
2181.554	33.80	1.89	63.93	3.92	9.80	38.43	60.1	1	14.0
2181.699	33.80	1.88	63.52	3.93	9.81	38.59	60.8	1	13.8
2181.759	33.86	1.89	63.88	3.93	9.80	38.51	60.3	1	13.7
2181.863	34.03	1.87	63.71	3.93	9.76	38.33	60.2	1	13.8
2182.008	33.90	1.88	63.62	3.92	9.78	38.38	60.3	1	13.8
2182.068	33.89	1.88	63.73	3.92	9.75	38.25	60.0	1	13.8
2182.172	34.11	1.86	63.57	3.92	9.75	38.22	60.1	1	13.7
2182.317	34.17	1.86	63.47	3.94	9.77	38.44	60.6	1	13.8
2182.377	34.06	1.87	63.60	3.94	9.78	38.54	60.6	1	13.8
2182.481	33.91	1.88	63.82	3.95	9.79	38.66	60.6	1	14.0
2182.626	33.88	1.88	63.85	3.95	9.83	38.81	60.8	1	14.0
2182.686	33.80	1.90	64.26	3.95	9.83	38.85	60.4	1	14.1
2182.790	33.57	1.90	63.65	3.94	9.80	38.64	60.7	1	14.1
2182.935	33.83	1.89	64.08	3.92	9.79	38.36	59.9	1	13.8
2182.995	33.96	1.89	64.21	3.93	9.80	38.53	60.0	1	13.8
2183.099	34.05	1.87	63.71	3.93	9.81	38.60	60.6	1	13.8
2183.244	34.28	1.86	63.85	3.91	9.79	38.28	59.9	1	13.5
2183.304	34.31	1.85	63.32	3.91	9.77	38.21	60.4	1	13.7
2183.408	34.29	1.86	63.69	3.92	9.76	38.28	60.1	1	13.7
2183.553	34.14	1.88	64.08	3.93	9.83	38.66	60.3	1	13.8
2183.613	34.02	1.88	63.93	3.94	9.81	38.65	60.5	1	13.8
2183.717	34.00	1.88	63.88	3.93	9.80	38.57	60.4	1	13.8
2183.862	34.16	1.89	64.41	3.92	9.81	38.48	59.7	1	14.0
2183.922	33.94	1.89	64.05	3.93	9.82	38.61	60.3	1	14.0
2184.026	33.94	1.88	63.94	3.92	9.82	38.48	60.2	1	14.0
2184.171	33.70	1.89	63.77	3.91	9.82	38.39	60.2	1	14.0
2184.231	33.75	1.89	63.79	3.92	9.82	38.45	60.3	1	14.0
2184.335	33.74	1.89	63.76	3.91	9.83	38.49	60.4	1	14.0
2184.480	33.78	1.89	64.01	3.93	9.86	38.71	60.5	1	14.0
2184.540	33.82	1.89	63.85	3.93	9.85	38.69	60.6	1	14.0
2184.644	33.90	1.88	63.67	3.92	9.83	38.56	60.6	1	13.8
2184.789	34.10	1.87	63.89	3.93	9.83	38.60	60.4	1	13.5
2184.849	34.29	1.86	63.83	3.91	9.80	38.31	60.0	1	13.7
2184.953	34.14	1.86	63.53	3.92	9.79	38.42	60.5	1	13.7
2185.098	34.23	1.84	63.13	3.90	9.81	38.27	60.6	1	13.7
2185.158	34.11	1.86	63.45	3.91	9.79	38.28	60.3	1	13.8
2185.262	33.85	1.87	63.42	3.93	9.80	38.51	60.7	1	13.8
2185.407	34.03	1.87	63.74	3.92	9.82	38.46	60.3	1	13.7
2185.467	34.08	1.88	63.91	3.91	9.81	38.40	60.1	1	13.7
2185.571	34.28	1.86	63.73	3.90	9.79	38.14	59.8	1	13.7
2185.716	34.45	1.85	63.62	3.91	9.78	38.24	60.1	1	13.4
2185.776	34.59	1.83	63.40	3.91	9.75	38.11	60.1	1	13.5
2185.880	34.50	1.83	63.30	3.91	9.71	37.94	59.9	1	13.5
2186.025	34.80	1.82	63.26	3.87	9.71	37.57	59.4	1	13.4
2186.085	34.92	1.80	62.81	3.87	9.68	37.44	59.6	1	13.2
2186.189	34.73	1.80	62.49	3.85	9.67	37.23	59.6	1	13.2
2186.334	34.80	1.80	62.51	3.89	9.71	37.72	60.3	1	13.5
2186.394	34.57	1.81	62.69	3.90	9.74	37.96	60.6	1	13.7
2186.498	34.25	1.86	63.63	3.93	9.82	38.57	60.6	1	13.8
2186.643	34.01	1.89	64.22	3.90	9.87	38.47	59.9	1	14.0
2186.703	33.66	1.89	63.74	3.90	9.84	38.38	60.2	1	14.1
2186.807	33.69	1.90	63.96	3.92	9.85	38.57	60.3	1	13.8
2186.952	33.76	1.88	63.49	3.92	9.84	38.56	60.7	1	13.8
2187.012	33.85	1.89	63.86	3.91	9.84	38.48	60.3	1	13.7
2187.116	34.12	1.87	63.75	3.91	9.81	38.36	60.2	1	13.7
2187.261	34.13	1.87	63.73	3.93	9.80	38.47	60.4	1	13.8
2187.321	33.91	1.87	63.54	3.93	9.80	38.52	60.6	1	14.0
2187.425	33.98	1.88	63.85	3.92	9.84	38.53	60.3	1	13.8
2187.570	34.34	1.87	64.07	3.94	9.80	38.61	60.3	1	13.5
2187.630	34.36	1.85	63.41	3.91	9.78	38.25	60.3	1	13.5
2187.734	34.27	1.86	63.58	3.91	9.79	38.27	60.2	1	13.7
2187.879	34.22	1.85	63.46	3.89	9.80	38.16	60.1	1	13.7
2187.939	34.22	1.86	63.68	3.88	9.79	38.03	59.7	1	13.7
2188.043	34.18	1.86	63.61	3.89	9.80	38.14	60.0	1	13.7
2188.188	34.16	1.88	64.10	3.90	9.80	38.21	59.6	1	13.7
2188.248	34.09	1.87	63.84	3.91	9.81	38.32	60.0	1	13.8
2188.352	34.11	1.86	63.49	3.91	9.82	38.41	60.5	1	13.7
2188.497	34.03	1.86	63.19	3.90	9.83	38.34	60.7	1	13.7
2188.557	34.10	1.86	63.37	3.90	9.82	38.33	60.5	1	13.7
2188.661	34.06	1.86	63.26	3.91	9.83	38.48	60.8	1	13.8
2188.806	33.89	1.88	63.72	3.91	9.85	38.54	60.5	1	13.8
2188.866	33.76	1.89	63.79	3.91	9.84	38.53	60.4	1	14.0
2188.970	33.81	1.87	63.37	3.93	9.85	38.73	61.1	1	14.0
2189.115	33.77	1.89	63.75	3.89	9.83	38.25	60.0	1	14.1
2189.175	33.55	1.90	63.71	3.90	9.82	38.33	60.2	1	14.1
2189.279	33.33	1.90	63.46	3.89	9.83	38.28	60.3	1	14.1
2189.424	33.19	1.91	63.34	3.89	9.86	38.40	60.6	1	14.1
2189.484	33.14	1.92	63.52	3.89	9.84	38.32	60.3	1	14.3
2189.588	32.88	1.93	63.30	3.88	9.75	37.89	59.9	1	14.3
2189.733	33.09	1.91	63.30	3.94	9.82	38.75	61.2	1	14.1
2189.793	33.08	1.90	63.01	3.94	9.81	38.69	61.4	1	14.1
2189.897	32.80	1.92	62.91	3.91	9.84	38.47	61.2	1	14.1
2190.042	33.34	1.90	63.45	3.91	9.81	38.36	60.5	1	13.8
2190.102	33.47	1.89	63.30	3.87	9.83	38.08	60.2	1	13.8
2190.206	33.70	1.89	63.65	3.89	9.84	38.25	60.1	1	13.8
2190.351	33.82	1.88	63.69	3.92	9.84	38.54	60.5	1	13.8
2190.411	33.67	1.89	63.71	3.91	9.86	38.57	60.5	1	14.0
2190.515	33.74	1.89	63.71	3.91	9.85	38.52	60.5	1	13.8
2190.660	33.87	1.87	63.45	3.90	9.84	38.33	60.4	1	13.8
2190.720	33.81	1.88	63.68	3.90	9.84	38.44	60.4	1	13.8
2190.824	33.85	1.88	63.62	3.90	9.85	38.36	60.3	1	13.8
2190.969	33.72	1.88	63.57	3.90	9.82	38.36	60.3	1	13.8
2191.029	33.77	1.89	63.79	3.89	9.85	38.34	60.1	1	13.8
2191.133	33.80	1.89	63.98	3.90	9.86	38.40	60.0	1	13.8
2191.278	33.69	1.91	64.44	3.89	9.87	38.33	59.5	1	14.1
2191.338	33.39	1.91	63.86	3.88	9.85	38.24	59.9	1	14.1
2191.442	33.64	1.91	64.18	3.88	9.87	38.24	59.6	1	14.0
2191.587	33.65	1.90	63.83	3.88	9.87	38.26	59.9	1	14.0
2191.647	33.61	1.90	63.83	3.87	9.86	38.21	59.9	1	14.0
2191.751	33.58	1.90	63.68	3.90	9.86	38.44	60.4	1	14.0
2191.896	33.37	1.90	63.56	3.89	9.86	38.37	60.4	1	14.1
2191.956	33.17	1.91	63.23	3.89	9.86	38.32	60.6	1	14.1
2192.060	32.89	1.92	63.18	3.86	9.86	38.05	60.2	1	14.1
2192.205	32.96	1.92	63.17	3.89	9.86	38.30	60.6	1	14.1
2192.265	33.02	1.92	63.51	3.88	9.83	38.17	60.1	1	14.0
2192.369	33.29	1.89	63.07	3.91	9.85	38.55	61.1	1	13.8
2192.514	33.35	1.90	63.36	3.89	9.87	38.36	60.5	1	14.1
2192.574	33.15	1.91	63.29	3.90	9.86	38.45	60.7	1	14.1
2192.678	33.34	1.91	63.81	3.92	9.84	38.55	60.4	1	13.8
2192.823	33.50	1.89	63.21	3.91	9.85	38.48	60.9	1	14.0
2192.883	33.52	1.89	63.49	3.91	9.86	38.53	60.7	1	14.0
2192.987	33.18	1.91	63.36	3.91	9.82	38.45	60.7	1	14.3
2193.132	33.28	1.91	63.58	3.89	9.82	38.16	60.0	1	14.0
2193.192	33.53	1.90	63.58	3.88	9.84	38.19	60.1	1	13.8
2193.296	33.92	1.88	63.91	3.91	9.84	38.52	60.3	1	13.7
2193.441	33.92	1.86	62.95	3.89	9.84	38.33	60.9	1	13.7
2193.501	34.05	1.85	63.09	3.87	9.82	37.98	60.2	1	13.5
2193.605	34.36	1.84	63.20	3.86	9.80	37.77	59.8	1	13.5
2193.750	34.13	1.86	63.58	3.88	9.83	38.15	60.0	1	13.8
2193.810	34.04	1.87	63.60	3.91	9.84	38.45	60.4	1	13.8
2193.914	33.90	1.88	63.75	3.90	9.83	38.36	60.2	1	13.8
2194.059	33.84	1.89	63.81	3.90	9.86	38.48	60.3	1	13.8
2194.119	33.82	1.87	63.35	3.92	9.85	38.58	60.9	1	13.8
2194.223	33.91	1.87	63.32	3.91	9.83	38.48	60.8	1	13.7
2194.368	34.34	1.85	63.61	3.87	9.80	37.96	59.7	1	13.5
2194.428	34.37	1.85	63.73	3.87	9.81	37.98	59.6	1	13.5
2194.532	34.39	1.85	63.70	3.90	9.79	38.20	60.0	1	13.5
2194.677	34.26	1.84	63.12	3.89	9.81	38.13	60.4	1	13.7
2194.737	34.25	1.85	63.28	3.89	9.82	38.19	60.4	1	13.7
2194.841	34.15	1.86	63.51	3.89	9.83	38.23	60.2	1	13.7
2194.986	33.76	1.89	63.79	3.89	9.86	38.34	60.1	1	13.8
2195.046	33.69	1.90	64.07	3.89	9.86	38.33	59.8	1	14.0
2195.150	33.35	1.90	63.48	3.87	9.88	38.25	60.2	1	14.0
2195.295	33.50	1.89	63.27	3.89	9.90	38.49	60.8	1	14.0
2195.355	33.47	1.90	63.48	3.89	9.89	38.44	60.6	1	14.1
2195.459	33.36	1.90	63.28	3.89	9.85	38.34	60.6	1	14.0
2195.604	33.68	1.90	63.91	3.89	9.87	38.43	60.1	1	13.8
2195.664	33.81	1.89	63.98	3.88	9.87	38.34	59.9	1	13.7
2195.768	34.02	1.88	63.87	3.89	9.88	38.46	60.2	1	13.7
2195.913	34.26	1.87	64.01	3.88	9.86	38.23	59.7	1	13.5
2195.973	34.32	1.85	63.45	3.86	9.82	37.92	59.8	1	13.7
2196.077	34.19	1.86	63.45	3.87	9.86	38.18	60.2	1	13.7
2196.222	34.03	1.87	63.52	3.90	9.85	38.44	60.5	1	13.8
2196.282	34.04	1.86	63.44	3.87	9.85	38.12	60.1	1	13.7
2196.386	34.14	1.86	63.52	3.88	9.84	38.16	60.1	1	13.7
2196.531	33.98	1.86	63.18	3.94	9.81	38.62	61.1	1	13.8
2196.591	33.91	1.88	63.71	3.94	9.81	38.60	60.6	1	13.8
2196.695	33.78	1.90	64.11	3.95	9.79	38.64	60.3	1	14.1
2196.840	33.33	1.92	64.03	3.97	9.78	38.80	60.6	1	14.1
2196.900	33.31	1.92	64.04	3.96	9.76	38.65	60.4	1	14.3
2197.004	33.19	1.93	63.92	4.00	9.68	38.74	60.6	1	14.4
2197.149	33.91	1.88	63.70	4.22	9.43	39.75	62.4	1	14.4
2197.209	34.29	1.84	63.04	4.37	9.09	39.71	63.0	1	14.6
2197.313	34.41	1.82	62.72	4.37	9.14	39.95	63.7	1	14.6
2197.458	32.65	1.92	62.59	4.12	9.46	38.93	62.2	1	14.7
2197.518	32.33	1.92	62.18	4.09	9.48	38.72	62.3	1	14.6
2197.622	32.61	1.92	62.72	4.04	9.57	38.68	61.7	1	14.6
2197.767	33.17	1.91	63.45	4.08	9.60	39.13	61.7	1	14.3
2197.827	33.44	1.90	63.58	4.06	9.60	38.96	61.3	1	14.1
2197.931	33.89	1.88	63.70	4.09	9.58	39.20	61.5	1	14.1
2198.076	34.60	1.78	61.44	4.28	9.02	38.62	62.9	1	14.3
2198.136	35.45	1.62	57.35	4.59	8.15	37.38	65.2	1	14.3
2198.240	35.67	1.58	56.47	4.59	8.05	36.94	65.4	1	14.0
2198.385	35.62	1.59	56.59	4.54	8.11	36.86	65.1	1	14.0
2198.445	35.40	1.67	59.10	4.41	8.56	37.76	63.9	1	13.8
2198.549	35.74	1.54	54.98	4.51	7.95	35.88	65.3	1	13.7
2198.694	36.20	1.42	51.51	4.64	7.28	33.75	65.5	1	13.7
2198.754	36.31	1.40	50.90	4.62	7.30	33.75	66.3	1	13.8
2198.858	26.47	2.09	55.32	4.78	6.75	32.26	58.3	1	36.3
2199.003	9.98	4.14	41.33	3.40	4.94	16.80	40.6	1	55.0
2199.063	7.70	4.43	34.12	2.97	4.98	14.78	43.3	1	40.0
2199.167	8.82	4.57	40.29	3.28	6.43	21.05	52.3	1	30.0
2199.312	20.75	2.65	55.08	3.62	7.23	26.21	47.6	1	10.0
2199.372	28.54	1.85	52.74	3.45	6.87	23.73	45.0	1	10.0
2199.476	34.27	1.25	42.94	3.32	6.60	21.95	51.1	1	10.0
2199.621	33.09	1.57	51.98	3.98	7.71	30.68	59.0	1	18.0
2199.681	30.18	1.75	52.70	4.06	7.78	31.60	60.0	1	13.0
2199.785	34.75	1.21	41.96	3.62	6.75	24.43	58.2	1	10.0
2199.930	27.45	1.87	51.20	3.80	7.05	26.80	52.3	1	32.5
2199.990	18.83	3.16	59.49	3.76	6.93	26.07	43.8	1	47.5
2200.094	8.99	4.20	37.78	2.71	5.02	13.62	36.1	1	52.5
2200.239	8.72	4.56	39.73	3.26	6.49	21.13	53.2	1	30.0
2200.299	11.89	3.83	45.51	3.47	7.09	24.58	54.0	1	25.0
2200.403	22.03	2.51	55.23	3.51	7.37	25.86	46.8	1	10.0
2200.548	34.10	1.30	44.27	3.23	6.99	22.56	51.0	1	10.0
2200.608	35.25	1.26	44.36	3.39	7.22	24.45	55.1	1	14.0
2200.712	31.56	1.63	51.52	3.82	7.94	30.31	58.8	1	18.0
2200.857	34.31	1.29	44.26	3.42	7.31	24.96	56.4	1	10.0
2200.917	35.57	1.17	41.68	3.35	7.13	23.85	57.2	1	10.0
2201.021	25.49	2.22	56.61	3.63	7.63	27.70	48.9	1	35.0
2201.166	9.21	4.18	38.46	2.47	5.27	13.02	33.9	1	55.0
2201.226	7.30	4.44	32.42	2.46	5.14	12.63	39.0	1	40.0
2201.330	9.24	4.48	41.43	3.22	6.67	21.48	51.8	1	27.5
2201.475	20.51	2.67	54.68	3.56	7.34	26.11	47.7	1	10.0
2201.535	28.30	1.87	53.00	3.38	7.07	23.89	45.1	1	10.0
2201.639	34.31	1.26	43.23	3.26	6.79	22.09	51.1	1	10.0
2201.784	32.65	1.57	51.39	3.85	7.88	30.32	59.0	1	18.0
2201.844	28.96	1.75	50.59	3.79	7.89	29.91	59.1	1	13.0
2201.948	34.59	1.24	43.03	3.42	7.16	24.52	57.0	1	10.0
2202.093	26.86	1.97	52.94	3.60	7.50	26.96	50.9	1	32.5
2202.153	18.19	3.24	58.86	3.42	7.20	24.58	41.8	1	47.5
2202.257	8.39	4.23	35.49	2.41	5.10	12.30	34.7	1	52.5
2202.402	8.75	4.57	39.97	3.12	6.48	20.20	50.5	1	30.0
2202.462	11.94	3.82	45.62	3.40	7.06	24.00	52.6	1	25.0
2202.566	22.20	2.50	55.44	3.49	7.32	25.55	46.1	1	10.0
2202.711	34.24	1.29	44.22	3.26	6.85	22.35	50.5	1	10.0
2202.771	35.37	1.25	44.10	3.40	7.12	24.21	54.9	1	14.0
2202.875	31.73	1.63	51.65	3.83	7.90	30.23	58.5	1	18.0
2203.020	34.24	1.27	43.52	3.47	7.20	24.96	57.4	1	10.0
2203.080	35.64	1.13	40.20	3.35	6.98	23.38	58.2	1	10.0
2203.184	25.59	2.18	55.85	3.69	7.50	27.63	49.5	1	35.0
2203.329	8.69	4.22	36.66	2.51	5.07	12.74	34.8	1	52.5
2203.389	7.46	4.45	33.20	2.63	5.29	13.91	41.9	1	40.0
2203.492	9.29	4.48	41.58	3.32	6.61	21.92	52.7	1	27.5
2203.637	22.40	2.46	55.20	3.58	7.20	25.82	46.8	1	10.0
2203.697	28.51	1.84	52.44	3.46	6.91	23.89	45.6	1	10.0
2203.801	34.43	1.23	42.24	3.30	6.61	21.83	51.7	1	10.0
2203.946	32.89	1.56	51.44	3.96	7.73	30.62	59.5	1	18.0
2204.006	29.37	1.75	51.27	3.93	7.81	30.71	59.9	1	13.0
2204.110	34.77	1.22	42.28	3.48	7.03	24.47	57.9	1	10.0
2204.255	27.32	1.93	52.68	3.69	7.31	26.98	51.2	1	32.5
2204.315	18.62	3.19	59.38	3.58	7.05	25.22	42.5	1	47.5
2204.419	8.21	4.27	35.03	2.58	4.94	12.72	36.3	1	50.0
2204.564	9.09	4.54	41.24	3.37	6.45	21.74	52.7	1	30.0
2204.624	12.14	3.75	45.53	3.61	6.90	24.89	54.7	1	25.0
2204.728	23.95	2.29	54.74	3.64	7.02	25.56	46.7	1	10.0
2204.873	34.27	1.26	43.30	3.33	6.65	22.15	51.2	1	10.0
2204.933	35.48	1.21	42.94	3.47	6.82	23.70	55.2	1	14.0
2205.037	32.27	1.58	51.03	3.98	7.65	30.46	59.7	1	18.0
2205.182	34.76	1.23	42.62	3.63	6.87	24.89	58.4	1	10.0
2205.242	35.93	1.09	39.05	3.47	6.62	23.01	58.9	1	10.0
2205.346	26.89	1.94	52.16	4.17	6.84	28.55	54.7	1	35.0
2205.491	9.92	4.15	41.13	3.66	4.86	17.79	43.3	1	52.5
2205.551	8.90	4.40	39.18	3.95	5.13	20.28	51.8	1	40.0
2205.655	10.94	4.35	47.57	4.54	6.35	28.84	60.6	1	27.5
2205.800	22.87	2.42	55.25	3.88	6.96	27.01	48.9	1	10.0
2205.860	29.77	1.70	50.48	3.59	6.54	23.52	46.6	1	10.0
2205.964	34.81	1.16	40.44	3.41	6.19	21.08	52.1	1	10.0
2206.109	32.74	1.55	50.84	4.10	7.44	30.50	60.0	1	18.0
2206.169	31.22	1.67	52.25	4.19	7.60	31.87	61.0	1	10.5
2206.273	35.17	1.15	40.28	3.66	6.54	23.96	59.5	1	10.0
2206.418	26.26	2.06	54.02	3.95	7.03	27.79	51.5	1	35.0
2206.478	17.65	3.29	58.02	3.77	6.63	25.00	43.1	1	50.0
2206.582	8.78	4.24	37.23	3.04	4.83	14.69	39.5	1	50.0
2206.727	9.96	4.42	43.98	3.84	6.49	24.94	56.7	1	27.5
2206.787	12.50	3.67	45.88	3.87	6.67	25.81	56.2	1	25.0
2206.891	24.54	2.20	53.90	3.84	6.61	25.36	47.1	1	10.0
2207.036	34.57	1.17	40.38	3.48	6.06	21.09	52.2	1	10.0
2207.096	35.69	1.13	40.49	3.61	6.29	22.72	56.1	1	14.0
2207.200	32.48	1.58	51.29	4.22	7.34	30.98	60.4	1	18.0
2207.345	28.04	1.87	52.33	4.37	7.60	33.21	63.5	1	18.0
2207.405	27.27	1.91	52.03	4.37	7.61	33.26	63.9	1	18.1
2207.509	26.79	1.93	51.78	4.39	7.66	33.66	65.0	1	18.0
2207.654	26.58	1.94	51.52	4.40	7.69	33.85	65.7	1	18.0
2207.714	26.61	1.94	51.69	4.41	7.73	34.10	66.0	1	18.0
2207.818	26.91	1.96	52.66	4.47	7.73	34.52	65.6	1	17.9
2207.963	28.61	1.95	55.73	4.75	7.82	37.19	66.7	1	17.6
2208.023	29.34	1.94	56.98	4.85	7.88	38.23	67.1	1	17.4
2208.127	30.09	1.94	58.28	4.94	7.89	38.97	66.9	1	17.4
2208.272	33.00	1.86	61.42	5.45	7.80	42.55	69.3	1	17.1
2208.332	34.15	1.77	60.39	5.71	7.43	42.38	70.2	1	17.0
2208.436	35.01	1.71	59.76	5.89	7.10	41.79	69.9	1	17.0
2208.581	35.58	1.60	56.79	6.11	6.54	39.93	70.3	1	17.0
2208.641	35.72	1.57	56.05	6.11	6.53	39.91	71.2	1	17.1
2208.745	35.65	1.58	56.26	6.12	6.60	40.37	71.8	1	17.1
2208.890	35.81	1.53	54.86	6.20	6.37	39.49	72.0	1	17.0
2208.950	35.79	1.51	53.88	6.22	6.30	39.18	72.7	1	17.1
2209.054	35.65	1.54	55.04	6.25	6.30	39.39	71.6	1	17.4
2209.199	35.56	1.62	57.70	6.31	6.47	40.86	70.8	1	17.7
2209.259	35.63	1.64	58.60	6.37	6.44	41.07	70.1	1	17.9
2209.363	35.23	1.68	59.03	6.42	6.58	42.20	71.5	1	18.0
2209.508	35.61	1.60	56.80	6.55	6.28	41.11	72.4	1	17.7
2209.568	35.64	1.60	57.18	6.52	6.32	41.18	72.0	1	17.9
2209.672	35.59	1.58	56.39	6.51	6.30	41.01	72.7	1	17.7
2209.817	35.43	1.63	57.84	6.48	6.46	41.87	72.4	1	18.1
2209.877	35.46	1.64	58.17	6.56	6.38	41.84	71.9	1	18.1
2209.981	35.13	1.69	59.50	6.58	6.59	43.37	72.9	1	18.3
2210.126	35.10	1.71	60.01	6.70	6.43	43.06	71.8	1	18.3
2210.186	35.11	1.71	59.89	6.68	6.43	42.93	71.7	1	18.4
2210.290	35.28	1.67	59.05	6.83	6.15	42.04	71.2	1	18.6
2210.435	35.05	1.71	60.05	6.76	6.35	42.93	71.5	1	18.3
2210.495	35.19	1.71	60.18	6.64	6.67	44.35	73.7	1	18.1
2210.599	35.18	1.69	59.28	6.72	6.36	42.75	72.1	1	18.3
2210.744	35.12	1.72	60.42	6.63	6.60	43.73	72.4	1	18.4
2210.804	35.42	1.67	59.15	6.73	6.48	43.59	73.7	1	18.3
2210.908	35.20	1.70	59.98	6.74	6.42	43.26	72.1	1	18.3
2211.053	35.21	1.70	59.94	6.67	6.62	44.13	73.6	1	18.3
2211.113	35.30	1.66	58.65	6.78	6.30	42.71	72.8	1	18.4
2211.217	35.18	1.68	59.12	6.69	6.54	43.77	74.0	1	18.3
2211.362	35.43	1.64	58.18	6.68	6.42	42.87	73.7	1	18.1
2211.422	35.25	1.69	59.46	6.61	6.56	43.33	72.9	1	18.1
2211.526	35.39	1.70	60.03	6.71	6.31	42.34	70.5	1	18.3
2211.671	35.06	1.72	60.30	6.70	6.41	42.92	71.2	1	18.3
2211.731	35.26	1.69	59.56	6.67	6.48	43.19	72.5	1	18.1
2211.835	35.41	1.66	58.94	6.69	6.29	42.11	71.4	1	18.1
2211.980	35.39	1.71	60.37	6.68	6.66	44.47	73.7	1	18.4
2212.040	35.35	1.70	60.11	6.80	6.15	41.85	69.6	1	18.6
2212.144	35.18	1.72	60.58	6.70	6.60	44.24	73.0	1	18.6
2212.289	35.11	1.69	59.31	6.84	6.19	42.37	71.4	1	18.6
2212.349	34.81	1.73	60.30	6.76	6.53	44.16	73.2	1	18.4
2212.453	34.92	1.75	60.95	6.74	6.48	43.64	71.6	1	18.6
2212.598	35.14	1.73	60.70	6.87	6.09	41.81	68.9	1	18.6
2212.658	35.02	1.74	60.81	6.71	6.62	44.48	73.1	1	18.4
2212.762	34.92	1.74	60.75	6.73	6.63	44.62	73.4	1	18.7
2212.907	35.10	1.70	59.60	6.78	6.50	44.07	74.0	1	18.4
2212.967	34.98	1.73	60.38	6.75	6.49	43.79	72.5	1	18.4
2213.071	34.98	1.70	59.56	6.73	6.50	43.78	73.5	1	18.4
2213.216	35.01	1.73	60.45	6.70	6.64	44.47	73.6	1	18.4
2213.276	35.09	1.74	61.01	6.71	6.58	44.17	72.4	1	18.3
2213.380	35.19	1.72	60.39	6.70	6.48	43.39	71.8	1	18.4
2213.525	35.05	1.71	59.91	6.71	6.53	43.84	73.2	1	18.4
2213.585	35.01	1.73	60.51	6.65	6.74	44.83	74.1	1	18.6
2213.689	34.84	1.74	60.62	6.71	6.64	44.52	73.4	1	18.9
2213.834	34.63	1.78	61.74	6.78	6.62	44.85	72.6	1	19.0
2213.894	34.70	1.75	60.88	6.80	6.50	44.21	72.6	1	18.9
2213.998	34.96	1.74	60.84	6.84	6.43	43.97	72.3	1	18.7
2214.143	34.71	1.77	61.40	6.82	6.49	44.23	72.0	1	18.9
2214.203	34.87	1.77	61.88	6.81	6.67	45.42	73.4	1	19.0
2214.307	34.67	1.76	61.18	6.81	6.62	45.10	73.7	1	19.0
2214.452	34.83	1.78	61.88	6.89	6.35	43.74	70.7	1	18.9
2214.512	34.49	1.80	62.17	6.74	6.71	45.22	72.7	1	18.7
2214.616	34.64	1.79	61.83	6.77	6.56	44.36	71.8	1	18.9
2214.761	34.31	1.80	61.92	6.81	6.47	44.04	71.1	1	18.9
2214.821	34.44	1.80	61.86	6.69	6.91	46.25	74.8	1	18.7
2214.925	34.65	1.78	61.56	6.84	6.45	44.15	71.7	1	18.9
2215.070	34.39	1.79	61.51	6.89	6.28	43.27	70.3	1	18.9
2215.130	34.55	1.78	61.52	6.75	6.77	45.72	74.3	1	18.9
2215.234	34.51	1.80	62.14	6.82	6.68	45.59	73.4	1	19.2
2215.379	33.85	1.84	62.40	6.86	6.70	46.00	73.7	1	19.5
2215.439	33.96	1.82	61.96	6.85	6.84	46.85	75.6	1	19.5
2215.543	33.89	1.86	62.99	6.93	6.60	45.70	72.5	1	19.5
2215.688	34.26	1.82	62.43	7.02	6.34	44.51	71.3	1	19.5
2215.748	33.95	1.84	62.51	7.04	5.97	42.05	67.3	1	19.6
2215.852	33.28	1.88	62.51	7.03	6.12	43.03	68.8	1	19.6
2215.997	33.22	1.89	62.90	6.82	6.88	46.92	74.6	1	19.5
2216.057	33.14	1.90	63.00	6.71	7.06	47.39	75.2	1	19.3
2216.161	33.55	1.87	62.89	6.67	7.37	49.16	78.2	1	19.3
2216.306	33.83	1.87	63.35	6.69	7.53	50.35	79.5	1	19.5
2216.366	33.77	1.87	63.13	6.71	7.56	50.73	80.4	1	19.6
2216.470	33.52	1.88	62.97	6.68	7.62	50.87	80.8	1	19.6
2216.615	33.81	1.86	62.95	6.72	7.60	51.09	81.2	1	19.5
2216.675	33.75	1.88	63.29	6.70	7.63	51.17	80.9	1	19.5
2216.779	33.76	1.86	62.71	6.71	7.63	51.19	81.6	1	19.5
2216.924	33.45	1.88	62.92	6.64	7.62	50.61	80.4	1	19.5
2216.984	33.25	1.88	62.49	6.64	7.60	50.47	80.8	1	19.5
2217.088	33.85	1.84	62.19	6.68	7.54	50.38	81.0	1	19.3
2217.233	34.31	1.81	62.00	6.91	6.81	47.04	75.9	1	19.5
2217.293	34.15	1.85	63.07	6.97	6.49	45.22	71.7	1	19.6
2217.397	33.53	1.89	63.34	6.99	6.20	43.32	68.4	1	19.9
2217.542	33.07	1.93	63.84	7.03	6.44	45.33	71.0	1	19.6
2217.602	33.17	1.92	63.80	6.96	6.73	46.82	73.4	1	19.6
2217.706	33.19	1.92	63.62	6.88	6.87	47.30	74.4	1	19.5
2217.851	33.59	1.89	63.52	7.02	6.35	44.58	70.2	1	19.5
2217.911	33.95	1.87	63.56	7.05	6.29	44.38	69.8	1	19.5
2218.015	34.42	1.82	62.77	7.12	6.29	44.79	71.4	1	19.6
2218.160	34.58	1.81	62.48	6.97	6.75	47.06	75.3	1	19.5
2218.220	34.42	1.82	62.72	6.88	7.04	48.42	77.2	1	19.3
2218.324	34.16	1.85	63.17	6.73	7.39	49.72	78.7	1	19.2
2218.469	33.80	1.85	62.60	7.02	6.18	43.37	69.3	1	19.3
2218.529	34.26	1.82	62.41	7.12	5.91	42.06	67.4	1	19.3
2218.633	34.72	1.77	61.48	7.09	6.01	42.65	69.4	1	19.2
2218.778	34.38	1.82	62.54	6.88	7.17	49.34	78.9	1	19.6
2218.838	33.93	1.86	63.21	6.83	7.35	50.19	79.4	1	19.6
2218.942	33.27	1.90	63.13	6.95	6.66	46.26	73.3	1	19.8
2219.087	33.54	1.89	63.49	6.98	6.58	45.98	72.4	1	20.1
2219.147	33.21	1.90	62.98	6.88	6.97	47.96	76.1	1	19.9
2219.251	32.62	1.89	61.50	6.93	6.45	44.68	72.6	1	20.1
2219.396	33.82	1.85	62.57	7.05	6.40	45.13	72.1	1	19.8
2219.456	33.83	1.86	62.93	6.93	6.94	48.10	76.4	1	19.6
2219.560	33.51	1.88	63.06	6.86	7.09	48.66	77.2	1	19.5
2219.705	34.02	1.87	63.72	6.97	6.15	42.90	67.3	1	19.3
2219.765	34.21	1.86	63.80	6.97	5.95	41.48	65.0	1	19.3
2219.869	34.24	1.87	64.08	6.95	5.95	41.33	64.5	1	19.3
2220.014	34.05	1.88	63.89	6.80	6.73	45.82	71.7	1	19.2
2220.074	34.37	1.83	62.78	6.76	6.96	47.09	75.0	1	19.3
2220.178	34.31	1.81	62.13	6.88	6.19	42.59	68.6	1	19.3
2220.323	34.29	1.80	61.73	6.86	6.84	46.87	75.9	1	19.3
2220.383	34.40	1.81	62.26	6.95	6.44	44.77	71.9	1	19.3
2220.487	33.66	1.88	63.15	6.88	6.68	45.97	72.8	1	19.6
2220.632	33.63	1.88	63.21	6.82	7.58	51.72	81.8	1	19.8
2220.692	33.93	1.85	62.92	6.87	7.49	51.49	81.8	1	19.8
2220.796	34.07	1.83	62.51	6.94	7.05	48.88	78.2	1	19.6
2220.941	34.04	1.83	62.26	7.04	6.74	47.46	76.2	1	19.8
2221.001	33.79	1.83	61.89	7.03	6.74	47.37	76.5	1	19.9
2221.105	34.10	1.81	61.71	7.07	6.71	47.44	76.9	1	19.9
2221.250	33.68	1.85	62.45	7.25	5.96	43.24	69.2	1	20.2
2221.310	33.30	1.86	62.05	7.26	5.73	41.54	67.0	1	20.1
2221.414	32.59	1.90	61.95	7.03	6.18	43.46	70.2	1	20.1
2221.559	32.64	1.90	62.18	6.98	6.58	45.94	73.9	1	20.2
2221.619	32.26	1.92	61.86	7.00	6.27	43.89	71.0	1	20.4
2221.723	32.38	1.92	62.15	6.89	7.04	48.51	78.0	1	20.2
2221.868	32.00	1.92	61.57	6.89	6.70	46.15	75.0	1	20.4
2221.928	32.08	1.92	61.44	6.89	6.65	45.83	74.6	1	20.2
2222.032	31.94	1.93	61.75	6.85	6.88	47.14	76.3	1	20.2
2222.177	32.58	1.93	62.73	6.96	6.48	45.09	71.9	1	19.9
2222.237	32.56	1.90	61.90	6.88	6.94	47.73	77.1	1	20.1
2222.341	32.69	1.90	62.22	6.95	6.52	45.32	72.8	1	20.1
2222.486	32.77	1.91	62.64	6.99	6.62	46.28	73.9	1	20.2
2222.546	32.23	1.93	62.05	6.95	6.41	44.59	71.9	1	20.2
2222.650	32.51	1.91	62.09	6.92	6.56	45.35	73.0	1	20.1
2222.795	32.51	1.91	62.23	6.92	6.53	45.16	72.6	1	19.9
2222.855	32.86	1.90	62.54	6.91	6.70	46.27	74.0	1	19.8
2222.959	33.36	1.89	63.10	6.92	6.87	47.57	75.4	1	19.6
2223.104	33.54	1.87	62.84	6.86	6.86	47.03	74.8	1	19.6
2223.164	33.72	1.86	62.86	6.97	6.55	45.65	72.6	1	19.6
2223.268	33.45	1.89	63.31	6.90	6.98	48.19	76.1	1	19.8
2223.413	33.51	1.86	62.37	6.96	6.67	46.43	74.4	1	19.6
2223.473	33.67	1.85	62.15	6.99	6.47	45.25	72.8	1	19.8
2223.577	33.56	1.85	62.09	7.00	6.66	46.62	75.1	1	19.9
2223.722	33.08	1.88	62.34	6.93	6.67	46.26	74.2	1	19.9
2223.782	32.93	1.87	61.71	6.98	6.44	44.96	72.9	1	20.1
2223.886	32.71	1.90	62.19	6.92	6.76	46.78	75.2	1	20.1
2224.031	32.83	1.90	62.48	7.00	6.59	46.12	73.8	1	19.9
2224.091	32.90	1.90	62.41	6.96	6.57	45.76	73.3	1	19.9
2224.195	32.83	1.90	62.24	6.95	6.63	46.10	74.1	1	19.9
2224.340	32.97	1.91	62.97	6.95	6.66	46.26	73.5	1	19.9
2224.400	32.85	1.92	62.95	6.90	6.82	47.00	74.7	1	19.8
2224.504	33.27	1.89	62.83	6.98	6.53	45.55	72.5	1	19.6
2224.649	33.57	1.88	63.17	6.91	6.83	47.20	74.7	1	19.6
2224.709	33.75	1.87	63.20	6.95	6.63	46.10	72.9	1	19.5
2224.813	33.77	1.85	62.35	7.02	6.58	46.17	74.0	1	19.5
2224.958	33.23	1.87	62.27	6.92	6.63	45.91	73.7	1	19.8
2225.018	32.95	1.88	62.07	6.90	6.58	45.42	73.2	1	19.6
2225.122	33.26	1.87	62.13	6.86	6.72	46.14	74.3	1	19.5
2225.267	33.08	1.89	62.48	6.80	6.81	46.32	74.1	1	19.8
2225.327	33.15	1.91	63.15	6.81	6.80	46.25	73.2	1	19.9
2225.431	32.56	1.91	62.23	6.81	6.82	46.44	74.6	1	19.9
2225.576	32.66	1.90	62.06	6.82	6.79	46.30	74.6	1	20.1
2225.636	32.27	1.92	61.98	6.78	6.78	45.97	74.2	1	20.1
2225.740	32.44	1.91	62.06	6.85	6.77	46.38	74.7	1	19.9
2225.885	32.46	1.92	62.17	6.77	6.87	46.50	74.8	1	19.9
2225.945	32.78	1.91	62.69	6.83	6.93	47.33	75.5	1	19.8
2226.049	32.72	1.91	62.39	6.90	6.53	45.04	72.2	1	19.9
2226.194	32.66	1.92	62.69	6.93	6.59	45.68	72.9	1	20.1
2226.254	32.61	1.92	62.52	6.92	6.59	45.59	72.9	1	20.1
2226.358	32.56	1.92	62.53	6.84	6.77	46.30	74.1	1	19.9
2226.503	32.22	1.93	62.16	6.80	6.65	45.19	72.7	1	20.2
2226.563	32.04	1.93	61.73	6.80	6.72	45.71	74.0	1	20.1
2226.667	32.03	1.93	61.70	6.76	6.83	46.17	74.8	1	19.9
2226.812	32.76	1.91	62.64	6.81	6.60	44.99	71.8	1	19.6
2226.872	33.07	1.90	62.68	6.88	6.54	45.01	71.8	1	19.5
2226.976	33.51	1.87	62.76	6.91	6.72	46.48	74.1	1	19.3
2227.121	33.48	1.86	62.38	6.81	6.72	45.78	73.4	1	19.3
2227.181	33.73	1.87	63.05	6.84	6.85	46.88	74.3	1	19.2
2227.285	33.89	1.86	62.97	6.84	6.73	46.01	73.1	1	19.2
2227.430	34.03	1.83	62.28	6.89	6.67	45.95	73.8	1	19.3
2227.490	33.81	1.85	62.69	6.87	6.63	45.53	72.6	1	19.5
2227.594	33.36	1.86	62.18	6.82	6.80	46.40	74.6	1	19.6
2227.739	33.57	1.89	63.30	6.88	6.68	46.02	72.7	1	19.3
2227.799	33.81	1.87	63.09	6.92	6.61	45.76	72.5	1	19.3
2227.903	34.00	1.85	62.90	6.93	6.63	45.92	73.0	1	19.3
2228.048	33.60	1.85	62.09	6.86	6.70	45.96	74.0	1	19.3
2228.108	33.67	1.85	62.31	6.85	6.70	45.88	73.6	1	19.2
2228.212	33.64	1.84	62.06	6.81	6.74	45.94	74.0	1	19.3
2228.357	33.40	1.87	62.43	6.87	6.65	45.67	73.2	1	19.6
2228.417	33.10	1.87	61.88	6.81	6.66	45.41	73.4	1	19.6
2228.521	33.21	1.87	62.14	6.83	6.68	45.63	73.4	1	19.5
2228.666	33.34	1.88	62.61	6.76	6.92	46.77	74.7	1	19.3
2228.726	33.48	1.87	62.60	6.84	6.69	45.76	73.1	1	19.3
2228.830	33.70	1.86	62.59	6.81	6.84	46.63	74.5	1	19.3
2228.975	33.37	1.88	62.85	6.84	6.68	45.66	72.6	1	19.6
2229.035	33.15	1.89	62.57	6.84	6.69	45.76	73.1	1	19.6
2229.139	33.27	1.87	62.28	6.84	6.74	46.09	74.0	1	19.6
2229.284	33.05	1.87	61.93	6.76	6.88	46.54	75.1	1	19.3
2229.344	32.90	1.88	61.98	6.66	6.94	46.20	74.5	1	19.3
2229.448	33.25	1.87	62.04	6.71	6.78	45.53	73.4	1	19.3
2229.593	33.83	1.87	63.10	6.75	6.75	45.55	72.2	1	19.0
2229.653	33.77	1.88	63.56	6.68	6.90	46.09	72.5	1	19.0
2229.757	33.60	1.85	62.08	6.73	6.68	44.98	72.5	1	19.2
2229.902	33.90	1.83	62.05	6.73	6.77	45.56	73.4	1	19.0
2229.962	33.82	1.83	61.78	6.73	6.72	45.22	73.2	1	19.0
2230.066	33.76	1.85	62.33	6.74	6.84	46.15	74.0	1	19.2
2230.211	33.81	1.85	62.44	6.70	6.93	46.41	74.3	1	19.0
2230.271	33.97	1.83	62.20	6.72	6.80	45.73	73.5	1	19.0
2230.375	33.98	1.85	62.71	6.75	6.78	45.73	72.9	1	18.9
2230.520	34.05	1.82	61.94	6.73	6.81	45.85	74.0	1	18.9
2230.580	34.13	1.84	62.66	6.69	6.83	45.70	72.9	1	18.7
2230.684	34.11	1.81	61.60	6.67	6.70	44.71	72.6	1	18.7
2230.829	34.32	1.82	62.50	6.58	6.98	45.96	73.5	1	18.4
2230.889	34.31	1.81	62.02	6.56	7.03	46.14	74.4	1	18.6
2230.993	34.35	1.80	61.99	6.59	6.95	45.81	73.9	1	18.6
2231.138	34.38	1.80	62.01	6.61	6.75	44.62	72.0	1	18.6
2231.198	34.51	1.80	61.98	6.63	6.75	44.75	72.2	1	18.7
2231.302	34.38	1.82	62.71	6.59	6.88	45.36	72.3	1	18.6
2231.447	34.50	1.80	62.10	6.63	6.83	45.30	72.9	1	18.4
2231.507	34.20	1.81	61.85	6.54	6.94	45.44	73.5	1	18.4
2231.611	34.21	1.80	61.73	6.53	6.86	44.82	72.6	1	18.7
2231.756	34.36	1.81	62.20	6.56	6.92	45.36	72.9	1	18.4
2231.816	34.56	1.79	61.73	6.59	6.72	44.34	71.8	1	18.3
2231.920	34.83	1.79	62.39	6.62	6.79	44.95	72.0	1	18.4
2232.065	34.43	1.81	62.25	6.54	6.93	45.35	72.8	1	18.4
2232.125	34.34	1.81	62.07	6.54	6.90	45.14	72.7	1	18.3
2232.229	34.60	1.81	62.53	6.54	6.90	45.14	72.2	1	18.1
2232.374	34.51	1.80	62.18	6.51	6.87	44.72	71.9	1	18.4
2232.434	34.65	1.79	62.03	6.57	6.71	44.08	71.1	1	18.4
2232.538	34.51	1.79	61.64	6.59	6.75	44.45	72.1	1	18.4
2232.683	34.76	1.78	61.90	6.59	6.76	44.55	72.0	1	18.4
2232.743	34.31	1.81	62.21	6.56	6.82	44.78	72.0	1	18.6
2232.847	34.50	1.80	62.00	6.60	6.85	45.22	72.9	1	18.4
2232.992	34.54	1.78	61.65	6.59	6.88	45.32	73.5	1	18.6
2233.052	34.55	1.79	61.85	6.61	6.76	44.69	72.3	1	18.6
2233.156	34.13	1.83	62.46	6.58	6.91	45.44	72.8	1	18.7
2233.301	34.00	1.86	63.21	6.56	6.97	45.76	72.4	1	18.7
2233.361	34.25	1.83	62.58	6.61	6.89	45.56	72.8	1	18.6
2233.465	33.99	1.84	62.53	6.60	6.82	45.03	72.0	1	18.7
2233.610	33.99	1.83	62.28	6.60	6.90	45.51	73.1	1	18.7
2233.670	33.98	1.84	62.39	6.61	6.81	45.01	72.1	1	18.7
2233.774	33.52	1.87	62.60	6.57	6.81	44.79	71.5	1	19.0
2233.919	33.65	1.87	63.07	6.58	7.05	46.43	73.6	1	18.9
2233.979	33.80	1.86	62.83	6.61	7.04	46.54	74.1	1	19.0
2234.083	33.60	1.88	63.02	6.62	7.02	46.43	73.7	1	19.2
2234.228	33.47	1.89	63.20	6.61	7.10	46.99	74.4	1	19.0
2234.288	33.48	1.89	63.26	6.57	7.06	46.39	73.3	1	18.9
2234.392	33.62	1.88	63.09	6.59	7.01	46.22	73.3	1	18.9
2234.537	33.77	1.87	63.22	6.65	6.85	45.60	72.1	1	19.2
2234.597	33.34	1.89	63.07	6.59	7.06	46.53	73.8	1	19.2
2234.701	33.18	1.91	63.30	6.62	6.75	44.67	70.6	1	19.3
2234.846	33.01	1.91	63.09	6.54	7.08	46.30	73.4	1	19.3
2234.906	33.22	1.90	63.26	6.65	6.85	45.57	72.0	1	19.5
2235.010	32.97	1.91	62.82	6.64	6.88	45.74	72.8	1	19.3
2235.155	33.16	1.90	62.93	6.64	6.85	45.48	72.3	1	19.3
2235.215	32.77	1.91	62.54	6.54	6.96	45.48	72.7	1	19.2
2235.319	32.73	1.90	62.22	6.54	7.12	46.55	74.8	1	19.3
2235.464	33.18	1.90	63.19	6.60	6.99	46.13	73.0	1	19.0
2235.524	33.04	1.90	62.78	6.54	6.91	45.25	72.1	1	19.2
2235.628	33.08	1.88	62.14	6.55	6.78	44.38	71.4	1	19.2
2235.773	33.41	1.88	62.90	6.56	7.05	46.26	73.6	1	18.9
2235.833	33.31	1.89	62.92	6.54	6.86	44.85	71.3	1	18.9
2235.937	33.77	1.86	62.75	6.58	6.82	44.93	71.6	1	19.0
2236.082	33.73	1.87	63.18	6.57	6.95	45.65	72.2	1	18.7
2236.142	33.60	1.89	63.45	6.48	7.12	46.11	72.7	1	18.6
2236.246	33.96	1.86	63.01	6.50	7.14	46.37	73.6	1	18.6
2236.391	33.82	1.83	61.98	6.48	7.13	46.18	74.5	1	18.6
2236.451	33.57	1.86	62.46	6.40	7.30	46.70	74.8	1	18.7
2236.555	33.60	1.84	61.66	6.47	7.14	46.24	75.0	1	18.6
2236.700	33.61	1.87	63.01	6.32	7.39	46.71	74.1	1	18.3
2236.760	33.93	1.85	62.82	6.41	7.19	46.09	73.4	1	18.3
2236.864	33.96	1.85	62.96	6.47	6.82	44.14	70.1	1	18.3
2237.009	33.98	1.85	62.80	6.50	6.85	44.58	71.0	1	18.6
2237.069	33.94	1.83	62.21	6.53	6.84	44.62	71.7	1	18.4
2237.173	33.65	1.85	62.41	6.42	7.20	46.23	74.1	1	18.6
2237.318	33.63	1.87	62.99	6.46	7.30	47.13	74.8	1	18.7
2237.378	33.27	1.89	63.02	6.41	7.28	46.65	74.0	1	18.9
2237.482	33.11	1.92	63.64	6.52	7.10	46.33	72.8	1	19.2
2237.627	32.38	1.94	62.74	6.42	7.36	47.31	75.4	1	19.2
2237.687	32.59	1.94	63.21	6.46	7.25	46.87	74.2	1	19.3
2237.791	32.35	1.94	62.86	6.43	6.94	44.62	71.0	1	19.5
2237.936	32.35	1.94	62.78	6.53	6.80	44.36	70.7	1	19.3
2237.996	31.85	1.95	62.13	6.40	6.76	43.30	69.7	1	19.3
2238.100	31.65	1.94	61.50	6.36	7.11	45.26	73.6	1	19.3
2238.245	32.10	1.92	61.66	6.45	6.93	44.66	72.4	1	19.3
2238.305	32.12	1.94	62.16	6.47	6.91	44.65	71.8	1	19.3
2238.409	31.90	1.94	61.84	6.42	7.00	44.89	72.6	1	19.3
2238.554	32.02	1.94	62.07	6.45	6.90	44.51	71.7	1	19.5
2238.614	31.43	1.95	61.23	6.31	6.92	43.64	71.3	1	19.3
2238.718	31.65	1.94	61.52	6.33	7.27	46.04	74.8	1	19.5
2238.863	31.41	1.93	60.71	6.27	7.10	44.51	73.3	1	19.3
2238.923	31.69	1.94	61.49	6.37	7.02	44.75	72.8	1	19.5
2388.259	26.68	1.81	48.34	2.52	3.72	9.36	19.4	1	39.6
2388.319	17.44	3.21	56.08	3.15	4.46	14.04	25.0	1	54.6
2388.423	9.24	4.26	39.35	3.30	4.29	14.18	36.0	1	45.0
2388.568	12.29	3.95	48.51	4.50	6.18	27.78	57.3	1	25.0
2388.628	14.48	3.09	44.81	4.39	6.01	26.40	58.9	1	22.5
2388.732	28.43	1.77	50.43	4.20	5.73	24.09	47.8	1	10.0
2388.877	36.45	0.92	33.49	3.75	4.90	18.40	54.9	1	10.0
2388.937	36.90	1.02	37.59	4.10	5.46	22.37	59.5	1	14.0
2389.041	33.44	1.58	52.79	4.69	7.03	32.94	62.4	1	18.0
2389.186	30.66	1.92	58.82	4.92	7.74	38.07	64.7	1	18.0
2389.246	30.06	1.96	58.88	4.94	7.80	38.54	65.5	1	18.1
2389.350	28.60	2.00	57.17	4.72	7.91	37.29	65.2	1	18.0
2389.495	28.16	2.01	56.54	4.67	7.92	37.01	65.5	1	18.0
2389.555	28.27	2.01	56.77	4.66	7.97	37.16	65.5	1	17.9
2389.659	28.76	2.01	57.93	4.71	8.03	37.83	65.3	1	17.7
2389.804	30.12	2.01	60.60	4.85	8.17	39.69	65.5	1	17.4
2389.864	30.66	2.02	61.80	4.90	8.25	40.42	65.4	1	17.3
2389.968	31.51	2.01	63.30	4.97	8.35	41.46	65.5	1	17.0
2390.113	32.56	2.00	65.24	5.02	8.47	42.52	65.2	1	16.7
2390.173	32.97	2.00	66.05	5.06	8.53	43.11	65.3	1	16.5
2390.277	33.28	2.00	66.49	4.99	8.67	43.30	65.1	1	16.4
2390.422	33.88	1.99	67.48	4.98	8.82	43.88	65.0	1	16.1
2390.482	34.20	1.99	68.22	4.95	8.85	43.84	64.3	1	15.9
2390.586	34.91	1.96	68.57	4.99	8.86	44.26	64.6	1	15.8
2390.731	35.08	1.95	68.25	5.00	8.94	44.70	65.5	1	15.8
2390.791	35.08	1.95	68.52	5.02	8.96	44.95	65.6	1	15.8
2390.895	34.72	1.97	68.34	4.99	8.93	44.53	65.2	1	15.9
2391.040	35.32	1.93	68.28	5.08	8.84	44.87	65.7	1	15.6
2391.100	35.74	1.84	65.59	5.19	8.37	43.44	66.2	1	15.8
2391.204	36.00	1.78	64.05	5.28	8.07	42.62	66.5	1	15.6
2391.349	36.85	1.54	56.65	5.56	7.02	39.05	68.9	1	15.8
2391.409	36.98	1.45	53.76	5.65	6.63	37.41	69.6	1	15.6
2391.513	29.24	1.84	53.92	5.88	6.04	35.51	65.9	1	35.6
2391.658	12.23	4.10	50.10	5.79	4.52	26.20	52.3	1	52.5
2391.718	11.18	4.36	48.72	5.96	4.86	29.00	59.5	1	40.0
2391.822	13.53	3.76	50.89	6.29	5.56	34.96	68.7	1	27.5
2391.967	28.94	1.80	52.18	5.93	4.43	26.28	50.4	1	10.0
2392.027	33.06	1.20	39.60	5.08	3.32	16.89	42.7	1	12.5
2392.131	28.39	1.68	47.56	5.76	4.84	27.88	58.6	1	25.0
2392.276	26.24	1.93	50.72	6.35	5.72	36.35	71.7	1	29.0
2392.336	22.44	2.01	45.10	6.32	5.07	32.03	71.0	1	33.0
2392.440	20.25	2.23	45.20	6.35	5.26	33.38	73.8	1	21.0
2392.585	31.50	2.01	63.23	7.50	6.08	45.62	72.1	1	21.1
2392.645	33.10	1.97	65.27	7.67	6.34	48.60	74.5	1	21.1
2392.749	34.88	1.85	64.38	8.04	6.38	51.29	79.7	1	21.1
2392.894	35.95	1.72	61.69	8.43	5.64	47.56	77.1	1	21.3
2392.954	36.11	1.73	62.56	8.48	5.53	46.88	74.9	1	21.1
2393.058	36.37	1.64	59.63	8.57	5.38	46.07	77.3	1	21.3
2393.203	36.50	1.62	58.99	8.56	5.32	45.55	77.2	1	21.1
2393.263	36.41	1.64	59.63	8.60	5.28	45.37	76.1	1	21.3
2393.367	36.42	1.65	60.13	8.61	5.48	47.23	78.5	1	21.6
2393.512	36.06	1.72	62.00	8.73	5.53	48.33	77.9	1	21.9
2393.572	36.07	1.72	61.93	8.88	5.34	47.41	76.6	1	22.0
2393.676	35.98	1.76	63.32	8.87	5.41	48.02	75.8	1	22.0
2393.821	35.95	1.78	64.13	8.90	5.51	49.07	76.5	1	22.2
2393.881	35.91	1.78	63.80	8.95	5.56	49.81	78.1	1	22.3
2393.985	35.93	1.76	63.36	8.97	5.51	49.46	78.1	1	22.3
2394.130	35.78	1.77	63.27	9.09	5.50	49.93	78.9	1	22.3
2394.190	35.66	1.78	63.32	9.13	5.39	49.24	77.8	1	22.5
2394.294	35.64	1.79	63.85	9.15	5.36	49.02	76.8	1	22.6
2394.439	35.51	1.84	65.26	9.22	5.41	49.91	76.5	1	22.8
2394.499	35.40	1.88	66.50	9.18	5.65	51.88	78.0	1	22.9
2394.603	35.14	1.87	65.76	9.19	5.60	51.49	78.3	1	23.1
2394.748	35.28	1.89	66.65	9.20	5.62	51.72	77.6	1	22.8
2394.808	35.24	1.89	66.64	9.17	5.66	51.89	77.9	1	22.8
2394.912	35.34	1.90	67.23	9.14	5.64	51.51	76.6	1	22.6
2395.057	35.49	1.84	65.41	9.25	5.56	51.45	78.7	1	22.9
2395.117	35.34	1.87	66.23	9.23	5.65	52.10	78.7	1	22.8
2395.221	35.42	1.84	65.17	9.21	5.46	50.28	77.2	1	22.6
2395.366	35.32	1.89	66.70	9.17	5.68	52.13	78.1	1	22.9
2395.426	35.23	1.89	66.53	9.19	5.68	52.19	78.5	1	22.9
2395.530	34.93	1.94	67.74	9.17	5.70	52.30	77.2	1	23.2
2395.675	35.12	1.91	67.21	9.23	5.59	51.61	76.8	1	22.9
2395.735	35.19	1.90	66.91	9.28	5.53	51.30	76.7	1	23.1
2395.839	34.89	1.90	66.33	9.20	5.58	51.35	77.4	1	22.9
2395.984	35.15	1.91	67.04	9.13	5.74	52.44	78.2	1	22.8
2396.044	35.01	1.93	67.41	9.08	5.80	52.61	78.0	1	22.6
2396.148	35.32	1.92	67.65	9.10	5.68	51.62	76.3	1	22.5
2396.293	35.21	1.91	67.32	9.05	5.71	51.69	76.8	1	22.6
2396.353	35.20	1.90	67.00	9.10	5.74	52.26	78.0	1	22.6
2396.457	35.26	1.88	66.21	9.10	5.64	51.28	77.5	1	22.6
2396.602	35.06	1.89	66.28	9.02	5.68	51.25	77.3	1	22.6
2396.662	35.06	1.91	67.07	8.97	5.80	52.01	77.6	1	22.5
2396.766	35.37	1.88	66.57	8.94	5.82	52.06	78.2	1	22.3
2396.911	34.99	1.93	67.60	8.97	5.69	51.00	75.4	1	22.6
2396.971	34.75	1.94	67.47	8.97	5.83	52.29	77.5	1	22.8
2397.075	34.85	1.92	66.80	9.00	5.88	52.94	79.3	1	22.6
2397.220	34.33	1.95	66.96	8.95	5.87	52.55	78.5	1	22.8
2397.280	34.52	1.95	67.41	9.00	5.93	53.34	79.1	1	22.8
2397.384	34.33	1.96	67.33	8.94	5.73	51.25	76.1	1	22.8
2397.529	34.18	1.99	67.85	8.94	5.88	52.51	77.4	1	23.1
2397.589	34.05	1.99	67.71	9.01	5.73	51.61	76.2	1	23.1
2397.693	33.99	1.99	67.78	8.92	5.96	53.18	78.5	1	22.9
2397.838	34.27	1.98	67.91	8.90	6.03	53.70	79.1	1	22.9
2397.898	34.25	1.99	68.25	8.92	5.89	52.52	77.0	1	22.8
2398.002	34.30	1.97	67.42	8.92	5.92	52.86	78.4	1	22.9
2398.147	34.07	1.98	67.36	8.84	5.99	52.97	78.6	1	22.9
2398.207	33.96	1.98	67.24	8.83	5.73	50.61	75.3	1	23.1
2398.311	33.86	1.98	67.19	8.82	5.93	52.30	77.8	1	23.1
2398.456	33.57	1.99	66.74	8.74	5.97	52.19	78.2	1	22.9
2398.516	33.62	1.99	66.94	8.75	5.90	51.59	77.1	1	22.9
2398.620	33.67	1.99	66.88	8.72	5.95	51.93	77.7	1	22.9
2398.765	33.80	1.99	67.23	8.73	5.83	50.91	75.7	1	22.6
2398.825	33.53	1.99	66.71	8.60	6.10	52.43	78.6	1	22.6
2398.929	33.85	1.99	67.38	8.69	6.11	53.09	78.8	1	22.6
2666.629	39.34	0.09	3.57	0.02	0.19	0.00	0.1	1	24.8
2666.689	27.00	1.95	52.59	1.90	3.83	7.26	13.8	1	39.8
2666.793	12.08	3.81	46.00	2.17	4.29	9.31	20.2	1	55.0
2666.937	7.80	4.58	35.68	2.92	5.71	16.68	46.7	1	37.5
2666.997	9.88	4.38	43.28	3.39	6.66	22.60	52.2	1	25.0
2667.101	17.11	3.03	51.86	3.75	7.36	27.65	53.3	1	12.5
2667.246	33.09	1.46	48.27	3.49	6.87	23.96	49.6	1	10.0
2667.306	35.28	1.24	43.58	3.43	6.78	23.30	53.5	1	10.0
2667.410	35.65	1.53	54.52	4.10	8.00	32.81	60.2	1	18.0
2667.555	33.99	1.43	48.72	3.89	7.43	28.88	59.3	1	10.0
2667.615	35.83	1.20	42.94	3.67	6.94	25.45	59.3	1	10.0
2667.719	30.74	1.56	48.06	3.78	7.21	27.30	56.8	1	27.5
2667.864	11.75	3.97	46.60	3.10	5.73	17.74	38.1	1	55.0
2667.924	7.90	4.36	34.44	2.73	4.96	13.55	39.3	1	47.5
2668.028	7.98	4.64	37.05	3.36	6.10	20.47	55.3	1	35.0
2668.173	15.48	3.11	48.14	3.83	7.11	27.24	56.6	1	15.0
2668.233	25.84	2.17	55.99	3.80	6.94	26.36	47.1	1	10.0
2668.337	33.71	1.36	45.93	3.57	6.53	23.31	50.8	1	10.0
2668.482	36.21	1.44	52.11	4.10	7.68	31.54	60.5	1	16.5
2668.542	31.47	1.71	53.73	4.19	7.83	32.81	61.1	1	18.0
2668.646	34.42	1.36	46.87	3.89	7.16	27.90	59.5	1	10.0
2668.791	32.41	1.42	46.06	3.78	7.06	26.72	58.0	1	25.0
2668.851	23.14	2.66	61.49	3.88	7.46	28.93	47.0	1	40.0
2668.955	10.94	4.04	44.17	3.05	5.51	16.83	38.1	1	55.0
2669.100	7.97	4.60	36.66	3.43	5.97	20.46	55.8	1	37.5
2669.160	10.59	4.26	45.16	3.71	6.95	25.79	57.1	1	25.0
2669.264	17.28	3.03	52.31	3.87	7.42	28.73	54.9	1	12.5
2669.409	33.66	1.38	46.34	3.53	6.64	23.45	50.6	1	10.0
2669.469	35.68	1.17	41.65	3.48	6.48	22.56	54.2	1	10.0
2669.573	35.17	1.55	54.44	4.07	8.10	32.92	60.5	1	18.0
2669.718	33.72	1.40	47.06	3.72	7.35	27.37	58.1	1	10.0
2669.778	35.57	1.17	41.52	3.58	6.88	24.62	59.3	1	10.0
2669.882	30.45	1.57	47.71	3.71	7.22	26.80	56.2	1	27.5
2670.027	10.90	4.06	44.25	3.03	5.57	16.85	38.1	1	55.0
2670.087	7.95	4.36	34.68	2.80	4.96	13.89	40.1	1	47.5
2670.191	8.41	4.62	38.86	3.48	6.12	21.30	54.8	1	35.0
2670.336	15.39	3.17	48.79	3.74	7.30	27.30	56.0	1	15.0
2670.396	25.66	2.20	56.42	3.71	7.06	26.19	46.4	1	10.0
2670.500	34.15	1.30	44.29	3.54	6.40	22.68	51.2	1	10.0
2670.645	36.10	1.49	53.87	4.00	7.96	31.83	59.1	1	16.5
2670.705	30.91	1.74	53.79	4.00	8.04	32.16	59.8	1	18.0
2670.809	34.17	1.36	46.64	3.66	7.52	27.49	59.0	1	10.0
2670.954	32.28	1.48	47.82	3.68	7.47	27.45	57.4	1	25.0
2671.014	23.14	2.71	62.79	3.83	7.71	29.53	47.0	1	40.0
2671.118	10.05	4.15	41.74	2.94	5.44	15.99	38.3	1	55.0
2671.263	7.82	4.64	36.30	3.24	6.02	19.47	53.7	1	37.5
2671.323	10.50	4.27	44.76	3.60	6.95	25.03	55.9	1	25.0
2671.427	17.14	3.05	52.27	3.79	7.46	28.23	54.0	1	12.5
2671.572	33.57	1.42	47.84	3.44	6.93	23.86	49.9	1	10.0
2671.632	35.58	1.22	43.47	3.40	6.85	23.26	53.5	1	10.0
2671.736	35.43	1.56	55.16	4.03	8.13	32.78	59.4	1	18.0
2671.881	34.03	1.41	47.96	3.71	7.44	27.62	57.6	1	10.0
2671.941	35.80	1.20	42.89	3.56	7.01	24.96	58.2	1	10.0
2672.045	30.56	1.58	48.42	3.74	7.32	27.39	56.6	1	27.5
2672.190	10.84	4.06	44.03	3.03	5.59	16.93	38.5	1	55.0
2672.250	7.73	4.41	34.06	2.81	5.01	14.09	41.4	1	45.0
2672.354	8.02	4.64	37.24	3.33	6.14	20.46	54.9	1	35.0
2672.499	17.53	3.01	52.73	3.93	7.37	28.98	55.0	1	12.5
2672.559	26.97	2.03	54.79	3.76	6.81	25.64	46.8	1	10.0
2672.663	34.10	1.29	43.97	3.57	6.37	22.76	51.8	1	10.0
2672.808	35.47	1.51	53.69	4.10	7.89	32.36	60.3	1	18.0
2672.868	30.57	1.75	53.49	4.11	7.95	32.64	61.0	1	18.0
2672.972	34.64	1.31	45.30	3.81	7.01	26.69	58.9	1	10.0
2673.117	30.77	1.58	48.59	3.79	7.15	27.10	55.8	1	27.5
2673.177	23.05	2.69	62.11	3.85	7.55	29.06	46.8	1	40.0
2673.281	9.94	4.15	41.19	2.78	5.39	14.97	36.3	1	55.0
2673.426	7.60	4.64	35.25	3.05	5.99	18.25	51.8	1	37.5
2673.486	10.38	4.27	44.39	3.47	6.91	24.01	54.1	1	25.0
2673.590	18.93	2.92	55.21	3.74	7.60	28.40	51.4	1	10.0
2673.735	33.42	1.44	48.09	3.41	7.06	24.11	50.1	1	10.0
2673.795	35.47	1.24	43.87	3.37	6.96	23.47	53.5	1	10.0
2673.899	34.28	1.61	55.26	4.01	8.23	33.04	59.8	1	18.0
2674.044	33.96	1.42	48.27	3.70	7.55	27.98	58.0	1	10.0
2674.104	35.77	1.22	43.65	3.53	7.17	25.29	57.9	1	10.0
2674.208	28.83	1.80	51.81	3.70	7.54	27.87	53.8	1	30.0
2674.353	10.74	4.07	43.73	2.90	5.64	16.37	37.4	1	55.0
2674.413	7.58	4.43	33.53	2.66	4.98	13.27	39.6	1	45.0
2674.517	7.77	4.65	36.13	3.17	6.15	19.50	54.0	1	35.0
2674.662	17.26	3.03	52.24	3.81	7.44	28.32	54.2	1	12.5
2674.722	26.95	2.07	55.70	3.67	7.03	25.80	46.3	1	10.0
2674.826	34.10	1.33	45.30	3.48	6.64	23.13	51.1	1	10.0
2674.971	35.72	1.51	53.81	4.11	7.91	32.48	60.4	1	18.0
2675.031	30.90	1.74	53.89	4.17	7.94	33.12	61.5	1	18.0
2675.135	34.76	1.31	45.65	3.86	7.10	27.38	60.0	1	10.0
2675.280	30.70	1.56	48.01	3.79	7.09	26.87	56.0	1	27.5
2675.340	21.58	2.88	62.17	3.84	7.41	28.46	45.8	1	42.5
2675.444	10.00	4.13	41.35	2.93	5.37	15.73	38.0	1	55.0
2675.589	8.02	4.65	37.30	3.30	6.10	20.13	54.0	1	35.0
2675.649	11.16	4.09	45.67	3.67	6.87	25.19	55.2	1	25.0
2675.753	19.26	2.85	54.84	3.90	7.37	28.77	52.5	1	10.0
2675.898	34.20	1.33	45.36	3.50	6.70	23.43	51.6	1	10.0
2675.958	36.02	1.14	41.22	3.46	6.60	22.86	55.5	1	12.5
2676.062	34.68	1.56	53.96	4.14	7.93	32.79	60.8	1	18.0
2676.207	34.72	1.35	46.80	3.81	7.29	27.82	59.5	1	10.0
2676.267	35.98	1.18	42.55	3.65	6.95	25.35	59.6	1	10.0
2676.371	29.21	1.74	50.68	3.81	7.28	27.78	54.8	1	30.0
2676.516	10.99	4.05	44.50	3.08	5.56	17.11	38.5	1	55.0
2676.576	7.65	4.40	33.67	2.84	4.96	14.10	41.9	1	45.0
2676.680	8.62	4.63	39.93	3.53	6.30	22.21	55.6	1	32.5
2676.824	17.63	2.98	52.47	3.98	7.29	28.97	55.2	1	12.5
2676.884	27.14	2.05	55.67	3.74	7.04	26.34	47.3	1	10.0
2676.988	34.51	1.28	44.09	3.51	6.68	23.46	53.2	1	10.0
2677.133	35.68	1.52	54.36	4.11	7.96	32.73	60.2	1	18.0
2677.193	30.65	1.75	53.67	4.08	8.01	32.69	60.9	1	18.0
2677.297	34.59	1.33	46.04	3.78	7.15	27.07	58.8	1	10.0
2677.442	30.63	1.58	48.35	3.75	7.20	27.01	55.9	1	27.5
2677.502	21.67	2.90	62.76	3.85	7.47	28.79	45.9	1	42.5
2677.606	10.16	4.14	42.07	2.94	5.40	15.85	37.7	1	55.0
2677.751	7.98	4.64	37.04	3.29	6.13	20.14	54.4	1	35.0
2677.811	10.98	4.09	44.96	3.64	6.95	25.26	56.2	1	25.0
2677.915	19.18	2.87	54.99	3.86	7.47	28.86	52.5	1	10.0
2678.060	34.10	1.35	46.03	3.48	6.76	23.55	51.2	1	10.0
2678.120	35.87	1.18	42.32	3.43	6.69	22.93	54.2	1	12.5
2678.224	34.50	1.58	54.38	4.10	8.02	32.89	60.5	1	18.0
2678.369	34.42	1.36	46.84	3.76	7.38	27.75	59.2	1	10.0
2678.429	36.00	1.19	42.71	3.57	7.09	25.33	59.3	1	10.0
2678.533	29.11	1.77	51.47	3.75	7.44	27.91	54.2	1	30.0
2678.678	10.19	4.15	42.27	2.95	5.42	15.97	37.8	1	55.0
2678.738	7.43	4.45	33.03	2.81	5.03	14.14	42.8	1	42.5
2678.842	8.35	4.64	38.74	3.38	6.31	21.30	55.0	1	32.5
2678.987	19.43	2.84	55.08	3.90	7.42	28.92	52.5	1	10.0
2679.047	26.98	2.05	55.43	3.70	7.01	25.96	46.8	1	10.0
2679.151	34.57	1.28	44.39	3.51	6.59	23.16	52.2	1	10.0
2679.296	35.50	1.50	53.32	4.13	7.85	32.46	60.9	1	18.0
2679.356	30.52	1.74	53.21	4.11	7.90	32.52	61.1	1	18.0
2679.460	34.79	1.31	45.46	3.72	7.21	26.79	58.9	1	10.0
2679.605	30.70	1.59	48.66	3.73	7.34	27.35	56.2	1	27.5
2679.665	21.62	2.90	62.61	3.83	7.51	28.74	45.9	1	42.5
2679.769	9.32	4.20	39.12	2.74	5.23	14.32	36.6	1	55.0
2679.913	8.05	4.64	37.38	3.25	6.15	20.01	53.5	1	35.0
2679.973	11.19	4.07	45.48	3.65	6.89	25.17	55.3	1	25.0
2680.077	19.45	2.83	55.06	3.93	7.36	28.91	52.5	1	10.0
2680.222	34.05	1.30	44.36	3.55	6.52	23.10	52.1	1	10.0
2680.282	35.85	1.13	40.40	3.50	6.40	22.42	55.5	1	12.5
2680.386	34.76	1.56	54.28	4.18	7.83	32.76	60.3	1	18.0
2680.531	34.71	1.33	46.11	3.80	7.14	27.14	58.9	1	10.0
2680.591	36.31	1.13	40.85	3.65	6.63	24.18	59.2	1	10.0
2680.695	29.15	1.74	50.66	3.81	7.20	27.43	54.1	1	30.0
2680.840	10.08	4.13	41.65	2.91	5.39	15.66	37.6	1	55.0
2680.900	7.40	4.44	32.87	2.76	5.06	13.98	42.5	1	42.5
2681.004	8.45	4.63	39.11	3.39	6.33	21.45	54.8	1	32.5
2681.149	19.31	2.84	54.94	3.92	7.42	29.10	53.0	1	10.0
2681.209	27.94	1.95	54.43	3.69	6.99	25.81	47.4	1	10.0
2681.313	34.39	1.30	44.77	3.49	6.69	23.36	52.2	1	10.0
2681.458	34.69	1.55	53.91	4.11	7.91	32.54	60.4	1	18.0
2681.518	30.17	1.77	53.46	4.11	7.96	32.71	61.2	1	15.5
2681.622	34.97	1.31	45.89	3.73	7.25	27.06	59.0	1	10.0
2681.767	29.18	1.76	51.29	3.79	7.41	28.10	54.8	1	30.0
2681.827	21.66	2.89	62.63	3.85	7.53	28.98	46.3	1	42.5
2681.931	9.44	4.22	39.79	2.87	5.27	15.13	38.0	1	55.0
2682.075	8.10	4.65	37.71	3.30	6.16	20.30	53.9	1	35.0
2682.135	11.15	4.07	45.33	3.67	6.89	25.28	55.8	1	25.0
2682.239	21.29	2.63	56.00	3.90	7.27	28.33	50.6	1	10.0
2682.384	34.10	1.31	44.84	3.52	6.58	23.16	51.6	1	10.0
2682.444	35.91	1.13	40.75	3.49	6.45	22.48	55.2	1	12.5
2682.548	33.85	1.59	53.82	4.18	7.86	32.89	61.1	1	18.0
2682.693	34.92	1.33	46.29	3.82	7.16	27.38	59.2	1	10.0
2682.753	36.30	1.13	41.11	3.62	6.74	24.41	59.4	1	10.0
2682.857	29.34	1.72	50.51	3.85	7.21	27.73	54.9	1	30.0
2683.002	10.34	4.12	42.59	3.06	5.35	16.39	38.5	1	55.0
2683.062	7.61	4.44	33.80	2.96	5.02	14.86	44.0	1	42.5
2683.166	8.67	4.63	40.13	3.56	6.30	22.44	55.9	1	32.5
2683.310	19.43	2.81	54.60	3.98	7.29	29.01	53.1	1	10.0
2683.370	28.23	1.92	54.28	3.73	6.85	25.53	47.0	1	10.0
2683.474	34.46	1.26	43.38	3.53	6.45	22.74	52.4	1	10.0
2683.619	34.70	1.55	53.89	4.14	7.86	32.57	60.4	1	18.0
2683.679	30.08	1.77	53.21	4.11	7.93	32.62	61.3	1	15.5
2683.783	34.98	1.30	45.47	3.73	7.19	26.84	59.0	1	10.0
2683.928	29.17	1.77	51.75	3.77	7.40	27.87	53.9	1	30.0
2683.988	20.11	3.09	62.05	3.75	7.42	27.81	44.8	1	45.0
2684.092	9.29	4.21	39.10	2.75	5.29	14.56	37.2	1	55.0
2684.237	8.23	4.64	38.23	3.27	6.34	20.72	54.2	1	32.5
2684.297	10.94	4.10	44.85	3.57	6.99	24.96	55.6	1	25.0
2684.401	20.94	2.68	56.15	3.81	7.41	28.22	50.3	1	10.0
2684.546	33.95	1.37	46.55	3.44	6.91	23.77	51.1	1	10.0
2684.606	35.70	1.19	42.52	3.40	6.83	23.21	54.6	1	12.5
2684.710	33.65	1.62	54.55	4.10	8.07	33.07	60.6	1	18.0
2684.855	34.62	1.36	46.91	3.76	7.32	27.57	58.8	1	10.0
2684.915	36.13	1.16	41.88	3.60	6.96	25.02	59.7	1	10.0
2685.019	27.62	1.97	54.45	3.82	7.48	28.58	52.5	1	32.5
2685.164	10.11	4.15	41.90	2.81	5.40	15.17	36.2	1	55.0
2685.224	7.33	4.45	32.61	2.65	5.04	13.36	41.0	1	42.5
2685.328	8.54	4.61	39.32	3.37	6.55	22.05	56.1	1	30.0
2685.473	19.28	2.86	55.20	3.83	7.48	28.66	51.9	1	10.0
2685.533	28.04	1.98	55.47	3.61	7.09	25.58	46.1	1	10.0
2685.637	34.42	1.32	45.58	3.45	6.80	23.45	51.5	1	10.0
2685.782	34.46	1.58	54.31	4.11	8.06	33.07	60.9	1	18.0
2685.842	29.85	1.78	53.02	4.09	8.03	32.85	62.0	1	15.5
2685.946	34.88	1.31	45.71	3.71	7.30	27.13	59.4	1	10.0
2686.091	29.19	1.76	51.48	3.77	7.45	28.09	54.6	1	30.0
2686.151	20.18	3.07	62.01	3.76	7.41	27.90	45.0	1	45.0
2686.255	9.35	4.18	39.12	2.76	5.27	14.56	37.2	1	55.0
2686.400	8.24	4.64	38.20	3.31	6.32	20.95	54.8	1	32.5
2686.460	11.57	3.94	45.60	3.64	6.94	25.31	55.5	1	25.0
2686.564	21.17	2.65	56.13	3.84	7.31	28.05	50.0	1	10.0
2686.709	34.53	1.31	45.08	3.46	6.76	23.41	51.9	1	10.0
2686.769	35.96	1.19	42.87	3.50	6.81	23.84	55.6	1	14.0
2686.873	33.58	1.61	53.92	4.16	7.99	33.22	61.6	1	18.0
2687.018	34.94	1.32	46.00	3.72	7.28	27.10	58.9	1	10.0
2687.078	36.30	1.14	41.52	3.57	6.94	24.79	59.7	1	10.0
2687.182	27.50	1.97	54.05	3.83	7.47	28.59	52.9	1	32.5
2687.327	9.30	4.21	39.18	2.77	5.27	14.58	37.2	1	55.0
2687.387	7.32	4.46	32.64	2.70	5.06	13.66	41.9	1	42.5
2687.491	8.81	4.60	40.53	3.45	6.55	22.60	55.7	1	30.0
2687.636	19.41	2.85	55.25	3.89	7.39	28.78	52.1	1	10.0
2687.696	28.13	1.95	54.91	3.66	6.98	25.58	46.6	1	10.0
2687.800	34.84	1.26	44.07	3.49	6.67	23.31	52.9	1	10.0
2687.945	34.67	1.55	53.88	4.16	7.93	33.00	61.2	1	18.0
2688.005	30.19	1.76	53.27	4.15	7.97	33.10	62.1	1	15.5
2688.109	35.27	1.26	44.34	3.71	7.11	26.41	59.6	1	10.0
2688.254	29.34	1.74	51.15	3.81	7.32	27.88	54.5	1	30.0
2688.314	20.33	3.05	62.00	3.82	7.34	28.05	45.2	1	45.0
2688.418	8.67	4.26	36.93	2.77	5.10	14.12	38.2	1	52.5
2688.563	8.50	4.63	39.34	3.40	6.32	21.47	54.6	1	32.5
2688.623	11.66	3.91	45.60	3.71	6.92	25.66	56.3	1	25.0
2688.727	21.29	2.64	56.18	3.89	7.25	28.18	50.2	1	10.0
2688.872	34.54	1.28	44.26	3.50	6.64	23.26	52.6	1	10.0
2688.932	36.03	1.17	42.00	3.56	6.66	23.69	56.4	1	14.0
2689.036	33.85	1.60	54.06	4.18	7.87	32.88	60.8	1	18.0
2689.181	35.14	1.30	45.56	3.78	7.18	27.12	59.5	1	10.0
2689.241	36.34	1.13	41.15	3.60	6.86	24.69	60.0	1	10.0
2689.345	27.74	1.93	53.52	3.88	7.39	28.66	53.6	1	32.5
2689.490	9.35	4.19	39.12	2.89	5.22	15.12	38.6	1	55.0
2689.550	7.40	4.46	33.02	2.89	5.13	14.85	45.0	1	40.0
2689.654	9.02	4.58	41.31	3.56	6.48	23.06	55.8	1	30.0
2689.799	21.49	2.61	56.02	3.92	7.17	28.13	50.2	1	10.0
2689.859	29.03	1.81	52.67	3.70	6.77	25.06	47.6	1	10.0
2694.772	39.21	0.08	3.24	0.05	0.16	0.01	0.3	1	0.0
2694.875	27.04	1.83	49.54	2.43	5.04	12.25	24.7	1	35.0
2695.020	8.66	4.18	36.20	2.20	4.60	10.10	27.9	1	52.5
2695.080	7.22	4.45	32.14	2.44	5.06	12.33	38.4	1	40.0
2695.183	9.12	4.52	41.23	3.23	6.64	21.42	51.9	1	27.5
2695.328	22.47	2.54	57.06	3.55	7.47	26.53	46.5	1	10.0
2695.388	29.64	1.81	53.77	3.41	7.23	24.68	45.9	1	10.0
2695.492	34.92	1.29	45.04	3.32	7.06	23.43	52.0	1	10.0
2695.637	32.41	1.69	54.85	3.93	8.21	32.26	58.8	1	18.0
2695.697	29.65	1.82	54.02	3.91	8.20	32.06	59.3	1	13.0
2695.801	35.15	1.28	45.08	3.50	7.44	26.05	57.8	1	10.0
2695.946	27.25	2.02	55.00	3.68	7.72	28.40	51.6	1	32.5
2696.006	18.40	3.27	60.24	3.48	7.34	25.55	42.4	1	47.5
2696.110	8.01	4.32	34.58	2.46	5.07	12.45	36.0	1	50.0
2696.255	8.53	4.61	39.28	3.24	6.55	21.24	54.1	1	30.0
2696.315	11.89	3.85	45.78	3.50	7.12	24.92	54.4	1	25.0
2696.419	24.01	2.37	56.93	3.60	7.37	26.53	46.6	1	10.0
2696.564	34.73	1.31	45.32	3.35	7.02	23.50	51.9	1	10.0
2696.624	35.91	1.27	45.59	3.49	7.25	25.29	55.5	1	14.0
2696.728	31.82	1.70	54.01	4.00	8.03	32.09	59.4	1	18.0
2696.873	35.23	1.28	45.13	3.61	7.24	26.16	58.0	1	10.0
2696.933	36.45	1.14	41.37	3.48	7.01	24.39	59.0	1	10.0
2697.037	26.19	2.20	57.61	3.82	7.60	29.00	50.3	1	35.0
2697.182	8.97	4.24	38.05	2.94	5.10	15.01	39.5	1	52.5
2697.242	7.66	4.49	34.44	3.11	5.32	16.53	48.0	1	40.0
2697.345	9.68	4.48	43.39	3.77	6.63	24.96	57.5	1	27.5
2697.490	23.13	2.43	56.25	3.89	7.07	27.48	48.9	1	10.0
2697.550	30.02	1.71	51.39	3.67	6.66	24.42	47.5	1	10.0
2697.654	35.06	1.18	41.37	3.49	6.37	22.20	53.7	1	10.0
2697.799	33.23	1.61	53.63	4.18	7.77	32.52	60.6	1	18.0
2697.859	31.65	1.73	54.75	4.27	7.93	33.86	61.8	1	10.5
2697.963	35.80	1.19	42.68	3.71	6.85	25.43	59.6	1	10.0
2698.108	26.39	2.14	56.59	3.92	7.35	28.85	51.0	1	35.0
2698.168	17.63	3.36	59.17	3.69	6.84	25.22	42.6	1	50.0
2698.272	8.43	4.29	36.14	2.90	4.96	14.40	39.8	1	50.0
2698.417	9.76	4.48	43.74	3.73	6.63	24.74	56.6	1	27.5
2698.477	12.31	3.77	46.36	3.80	6.88	26.14	56.4	1	25.0
2698.581	24.57	2.28	56.10	3.81	7.03	26.78	47.7	1	10.0
2698.726	34.90	1.24	43.28	3.47	6.56	22.75	52.6	1	10.0
2698.786	36.12	1.20	43.44	3.61	6.81	24.54	56.5	1	14.0
2698.890	32.33	1.66	53.63	4.13	7.85	32.46	60.5	1	18.0
2699.035	35.38	1.26	44.54	3.68	7.08	26.06	58.5	1	10.0
2699.095	36.48	1.11	40.45	3.55	6.79	24.07	59.5	1	10.0
2699.199	24.65	2.42	59.64	3.91	7.53	29.45	49.4	1	37.5
2699.344	8.81	4.23	37.29	2.75	5.09	14.00	37.5	1	52.5
2699.404	7.59	4.48	34.01	2.96	5.28	15.60	45.9	1	40.0
2699.507	9.62	4.48	43.15	3.66	6.65	24.33	56.4	1	27.5
2699.652	23.13	2.44	56.42	3.82	7.17	27.38	48.5	1	10.0
2699.712	30.10	1.73	52.19	3.63	6.80	24.65	47.2	1	10.0
2699.816	35.15	1.20	42.15	3.48	6.52	22.66	53.8	1	10.0
2699.961	33.25	1.62	53.92	4.21	7.79	32.78	60.8	1	18.0
2700.021	31.50	1.74	54.73	4.23	7.95	33.66	61.5	1	10.5
2700.125	35.50	1.22	43.44	3.68	6.96	25.64	59.0	1	10.0
2700.270	26.33	2.15	56.63	3.91	7.40	28.95	51.1	1	35.0
2700.330	17.41	3.35	58.29	3.68	6.87	25.26	43.3	1	50.0
2700.434	8.37	4.27	35.73	2.77	4.96	13.75	38.5	1	50.0
2700.579	9.78	4.46	43.58	3.69	6.60	24.36	55.9	1	27.5
2700.639	12.75	3.61	46.11	3.83	6.84	26.19	56.8	1	25.0
2700.743	24.60	2.27	55.80	3.83	6.97	26.68	47.8	1	10.0
2700.888	35.16	1.19	41.95	3.48	6.42	22.35	53.3	1	10.0
2700.948	36.10	1.23	44.38	3.74	6.85	25.63	57.7	1	14.0
2701.052	32.57	1.65	53.75	4.21	7.76	32.68	60.8	1	18.0
2701.197	27.53	1.93	53.23	4.28	7.93	33.99	63.9	1	18.0
2701.257	27.14	1.97	53.36	4.30	7.96	34.27	64.2	1	17.9
2701.361	26.29	2.00	52.68	4.28	7.97	34.12	64.8	1	17.9
2701.506	26.31	2.01	52.97	4.29	8.06	34.60	65.3	1	17.7
2701.566	26.43	2.01	53.13	4.30	8.08	34.74	65.4	1	17.7
2701.670	27.10	2.01	54.48	4.33	8.18	35.46	65.1	1	17.4
2701.815	28.15	2.02	56.97	4.40	8.28	36.40	63.9	1	17.1
2701.875	28.73	2.02	58.17	4.47	8.34	37.33	64.2	1	17.0
2701.979	29.48	2.01	59.32	4.54	8.47	38.45	64.8	1	16.8
2702.124	30.45	2.01	61.30	4.61	8.65	39.84	65.0	1	16.5
2702.184	30.96	2.01	62.14	4.63	8.70	40.30	64.8	1	16.4
2702.288	31.88	2.01	63.96	4.70	8.81	41.44	64.8	1	16.1
2702.433	32.96	2.00	66.02	4.75	8.93	42.46	64.3	1	15.8
2702.493	33.32	2.00	66.58	4.77	8.99	42.85	64.4	1	15.6
2702.597	33.83	2.00	67.79	4.76	9.10	43.32	63.9	1	15.5
2702.742	34.44	1.98	68.11	4.75	9.24	43.84	64.4	1	15.3
2702.802	34.68	1.97	68.24	4.73	9.26	43.83	64.2	1	15.2
2702.906	34.95	1.96	68.54	4.70	9.27	43.62	63.6	1	15.0
2703.051	35.23	1.95	68.66	4.68	9.36	43.76	63.7	1	15.0
2703.111	35.18	1.95	68.43	4.65	9.34	43.40	63.4	1	15.0
2703.215	34.73	1.96	68.16	4.62	9.40	43.37	63.6	1	15.2
2703.360	34.32	1.98	67.99	4.55	9.45	43.03	63.3	1	15.0
2703.420	34.56	1.97	67.97	4.57	9.47	43.30	63.7	1	14.9
2703.524	34.91	1.96	68.47	4.56	9.44	43.02	62.8	1	14.9
2703.669	35.21	1.94	68.32	4.57	9.46	43.19	63.2	1	14.9
2703.729	35.16	1.95	68.64	4.56	9.46	43.14	62.9	1	14.9
2703.833	34.82	1.97	68.50	4.56	9.46	43.18	63.0	1	15.0
2703.978	34.94	1.96	68.35	4.54	9.49	43.07	63.0	1	14.7
2704.038	34.97	1.93	67.59	4.54	9.45	42.94	63.5	1	14.7
2704.142	35.14	1.93	67.89	4.56	9.47	43.17	63.6	1	14.9
2704.287	34.68	1.96	67.96	4.58	9.43	43.15	63.5	1	15.2
2704.347	34.80	1.96	68.19	4.59	9.41	43.24	63.4	1	15.0
2704.451	35.07	1.95	68.27	4.58	9.40	43.10	63.1	1	15.0
2704.596	34.99	1.97	68.81	4.61	9.41	43.37	63.0	1	15.2
2704.656	34.82	1.97	68.64	4.65	9.40	43.68	63.6	1	15.0
2704.760	35.03	1.95	68.44	4.68	9.36	43.85	64.1	1	15.2
2704.905	34.90	1.96	68.42	4.71	9.34	43.96	64.2	1	15.2
2704.965	34.88	1.96	68.50	4.72	9.32	43.96	64.2	1	15.3
2705.069	34.78	1.97	68.35	4.72	9.33	44.07	64.5	1	15.2
2705.214	34.40	1.97	67.71	4.65	9.37	43.59	64.4	1	15.2
2705.274	34.57	1.97	68.15	4.65	9.37	43.58	63.9	1	15.2
2705.378	35.04	1.94	68.02	4.67	9.34	43.59	64.1	1	14.9
2705.523	34.99	1.96	68.43	4.66	9.35	43.60	63.7	1	15.2
2705.583	34.72	1.97	68.35	4.64	9.33	43.33	63.4	1	15.3
2705.687	34.49	1.97	67.88	4.64	9.36	43.40	63.9	1	15.2
2705.832	34.76	1.97	68.48	4.62	9.40	43.39	63.4	1	15.0
2705.892	34.90	1.96	68.57	4.59	9.43	43.31	63.2	1	14.9
2705.996	35.04	1.96	68.62	4.58	9.46	43.31	63.1	1	14.9
2706.141	35.12	1.95	68.36	4.54	9.47	42.99	62.9	1	14.9
2706.201	34.99	1.96	68.50	4.52	9.51	42.99	62.8	1	14.9
2706.305	34.70	1.97	68.33	4.50	9.52	42.81	62.7	1	15.0
2706.450	34.35	1.97	67.76	4.48	9.54	42.73	63.1	1	15.0
2706.510	34.41	1.98	68.20	4.48	9.55	42.81	62.8	1	14.9
2706.614	34.89	1.96	68.28	4.50	9.57	43.06	63.1	1	14.6
2706.759	35.24	1.95	68.59	4.53	9.52	43.08	62.8	1	14.9
2706.819	35.13	1.96	68.98	4.52	9.53	43.06	62.4	1	15.0
2706.923	34.68	1.98	68.62	4.51	9.53	42.95	62.6	1	14.9
2707.068	35.02	1.96	68.64	4.50	9.53	42.89	62.5	1	14.9
2707.128	34.95	1.96	68.37	4.50	9.55	42.96	62.8	1	14.9
2707.232	35.07	1.94	67.95	4.48	9.54	42.74	62.9	1	14.7
2707.377	34.87	1.96	68.36	4.52	9.56	43.18	63.2	1	15.0
2707.437	34.68	1.97	68.21	4.51	9.54	43.05	63.1	1	15.0
2707.541	34.74	1.96	67.94	4.50	9.56	43.06	63.4	1	14.9
2707.686	34.85	1.96	68.31	4.50	9.54	42.91	62.8	1	14.7
2707.746	34.99	1.95	68.37	4.50	9.54	42.98	62.9	1	14.7
2707.850	35.35	1.93	68.25	4.52	9.52	42.99	63.0	1	14.6
2707.995	35.41	1.92	67.92	4.51	9.50	42.84	63.1	1	14.6
2708.055	35.40	1.91	67.50	4.53	9.45	42.85	63.5	1	14.6
2708.159	35.32	1.91	67.44	4.55	9.42	42.84	63.5	1	14.9
2708.304	34.67	1.96	67.88	4.55	9.50	43.23	63.7	1	15.2
2708.364	34.36	1.96	67.50	4.54	9.46	42.97	63.7	1	15.0
2708.468	34.69	1.97	68.28	4.56	9.52	43.44	63.6	1	14.9
2708.613	35.06	1.94	67.91	4.56	9.46	43.16	63.6	1	14.7
2708.673	35.03	1.94	67.84	4.57	9.47	43.27	63.8	1	14.9
2708.777	35.11	1.93	67.87	4.55	9.44	42.99	63.3	1	14.7
2708.922	35.44	1.91	67.69	4.59	9.37	43.05	63.6	1	14.7
2708.982	35.36	1.92	67.73	4.57	9.42	43.01	63.5	1	14.7
2709.086	35.39	1.92	67.80	4.64	9.34	43.30	63.9	1	14.9
2709.231	36.08	1.79	64.70	4.84	8.71	42.18	65.2	1	14.7
2709.291	36.22	1.74	63.02	4.91	8.46	41.58	66.0	1	14.9
2709.395	36.00	1.80	64.79	4.79	8.79	42.16	65.1	1	14.7
2709.540	34.16	1.95	66.57	4.24	9.74	41.33	62.1	1	14.4
2709.600	34.10	1.96	66.82	4.16	9.92	41.23	61.7	1	14.3
2709.704	34.40	1.96	67.44	4.09	10.06	41.11	61.0	1	14.0
2709.849	35.20	1.93	68.06	4.08	10.13	41.32	60.7	1	13.7
2709.910	35.31	1.91	67.34	4.06	10.09	40.93	60.8	1	13.8
2710.014	35.56	1.87	66.38	4.17	9.78	40.77	61.4	1	13.8
2710.159	35.46	1.89	66.97	4.06	10.02	40.72	60.8	1	13.5
2710.220	35.45	1.88	66.79	4.04	10.01	40.43	60.5	1	13.5
2710.324	35.61	1.88	66.84	4.00	10.06	40.24	60.2	1	13.5
2710.469	35.43	1.88	66.63	4.00	10.13	40.50	60.8	1	13.7
2710.530	35.40	1.89	67.01	4.00	10.13	40.46	60.4	1	13.8
2710.634	35.12	1.93	67.93	4.01	10.15	40.73	60.0	1	14.0
2710.779	34.45	1.97	67.87	4.01	10.15	40.69	59.9	1	14.3
2710.840	34.32	1.97	67.54	4.01	10.14	40.66	60.2	1	14.1
2710.944	34.27	1.97	67.68	4.01	10.18	40.75	60.2	1	14.1
2711.089	34.37	1.97	67.77	4.06	10.17	41.23	60.8	1	14.1
2711.150	34.31	1.97	67.47	4.06	10.15	41.17	61.0	1	14.1
2711.254	34.40	1.97	67.75	4.02	10.14	40.77	60.2	1	14.1
2711.399	34.59	1.98	68.53	4.02	10.16	40.85	59.6	1	14.0
2711.460	34.70	1.97	68.37	4.04	10.20	41.18	60.2	1	14.0
2711.564	34.77	1.96	68.31	4.00	10.22	40.91	59.9	1	14.0
2711.709	34.47	1.97	67.90	3.99	10.21	40.68	59.9	1	14.1
2711.770	34.62	1.98	68.42	4.00	10.23	40.90	59.8	1	14.0
2711.874	34.87	1.97	68.73	3.98	10.25	40.82	59.4	1	13.7
2712.019	34.91	1.96	68.47	3.99	10.26	40.96	59.8	1	13.8
2712.080	34.89	1.96	68.55	4.00	10.24	40.98	59.8	1	13.8
2712.184	34.94	1.96	68.63	4.03	10.19	41.11	59.9	1	14.0
2712.329	34.81	1.97	68.41	4.06	10.16	41.19	60.2	1	14.0
2712.390	34.93	1.97	68.74	4.06	10.19	41.41	60.2	1	14.0
2712.494	35.04	1.96	68.54	4.06	10.14	41.11	60.0	1	14.0
2712.639	35.33	1.95	68.91	4.09	10.13	41.39	60.1	1	14.0
2712.700	35.35	1.94	68.47	4.11	10.10	41.47	60.6	1	14.0
2712.804	35.49	1.93	68.62	4.11	10.03	41.29	60.2	1	14.0
2712.949	35.19	1.95	68.51	4.11	10.02	41.24	60.2	1	14.0
2713.010	35.09	1.94	68.00	4.11	10.02	41.22	60.6	1	14.1
2713.114	35.09	1.92	67.41	4.11	9.99	41.09	61.0	1	14.0
2713.259	35.47	1.88	66.70	4.30	9.63	41.40	62.1	1	14.1
2713.319	35.98	1.77	63.72	4.46	9.04	40.33	63.3	1	14.1
2713.423	35.96	1.82	65.31	4.50	9.14	41.11	63.0	1	14.4
2713.568	35.57	1.91	67.78	4.54	9.41	42.68	63.0	1	14.7
2713.628	35.38	1.93	68.17	4.56	9.43	43.02	63.1	1	14.9
2713.732	34.95	1.95	68.21	4.55	9.50	43.22	63.4	1	14.9
2713.877	34.64	1.97	68.15	4.50	9.56	43.02	63.1	1	14.9
2713.937	34.52	1.97	68.13	4.49	9.58	43.00	63.1	1	14.9
2714.041	34.76	1.96	68.25	4.49	9.61	43.13	63.2	1	14.9
2714.186	34.62	1.98	68.67	4.47	9.58	42.85	62.4	1	15.0
2714.246	34.35	1.98	68.16	4.48	9.57	42.86	62.9	1	14.9
2714.350	34.77	1.97	68.56	4.50	9.59	43.12	62.9	1	14.7
2714.495	35.12	1.96	69.02	4.50	9.60	43.16	62.5	1	14.7
2714.555	34.97	1.96	68.66	4.49	9.59	43.03	62.7	1	14.9
2714.659	34.92	1.96	68.47	4.52	9.59	43.31	63.2	1	14.9
2714.804	34.83	1.97	68.61	4.50	9.55	43.03	62.7	1	15.0
2714.864	34.67	1.97	68.36	4.49	9.53	42.81	62.6	1	15.0
2714.968	34.93	1.96	68.42	4.50	9.52	42.89	62.7	1	14.7
2715.113	35.31	1.95	68.75	4.52	9.55	43.15	62.8	1	14.7
2715.173	35.20	1.94	68.31	4.51	9.55	43.11	63.1	1	14.7
2715.277	35.12	1.95	68.55	4.52	9.52	43.02	62.8	1	14.9
2715.422	34.78	1.97	68.41	4.54	9.54	43.27	63.3	1	14.9
2715.482	34.98	1.95	68.30	4.54	9.52	43.24	63.3	1	14.7
2715.586	34.95	1.95	68.26	4.56	9.53	43.48	63.7	1	15.0
2715.731	34.74	1.95	67.88	4.56	9.57	43.64	64.3	1	14.9
2715.791	34.93	1.97	68.75	4.54	9.58	43.47	63.2	1	14.7
2715.895	35.06	1.96	68.66	4.52	9.60	43.38	63.2	1	14.7
2716.040	34.94	1.96	68.56	4.54	9.60	43.61	63.6	1	14.9
2716.100	34.71	1.97	68.38	4.52	9.56	43.26	63.3	1	15.0
2716.204	34.85	1.96	68.42	4.55	9.58	43.53	63.6	1	14.9
2716.349	34.90	1.96	68.39	4.53	9.62	43.52	63.6	1	14.9
2716.409	34.86	1.96	68.42	4.51	9.61	43.34	63.3	1	15.0
2716.513	34.36	1.97	67.65	4.49	9.56	42.92	63.4	1	14.9
2716.658	34.76	1.98	68.66	4.49	9.61	43.16	62.9	1	14.7
2716.718	35.04	1.95	68.30	4.48	9.60	43.02	63.0	1	14.6
2716.822	35.24	1.93	68.01	4.50	9.53	42.89	63.1	1	14.6
2716.967	34.96	1.96	68.45	4.51	9.59	43.27	63.2	1	14.9
2717.027	34.90	1.96	68.53	4.50	9.57	43.06	62.8	1	14.9
2717.131	34.73	1.96	68.01	4.52	9.55	43.22	63.5	1	14.7
2717.276	34.61	1.98	68.36	4.49	9.57	42.99	62.9	1	15.0
2717.336	34.40	1.98	67.98	4.46	9.56	42.63	62.7	1	14.9
2717.440	34.56	1.96	67.67	4.48	9.57	42.90	63.4	1	14.9
2717.585	34.22	1.97	67.48	4.48	9.55	42.83	63.5	1	15.0
2717.645	34.25	1.98	67.78	4.49	9.53	42.77	63.1	1	15.0
2717.749	33.98	1.98	67.29	4.49	9.49	42.59	63.3	1	15.0
2717.894	34.58	1.97	68.05	4.54	9.52	43.20	63.5	1	14.7
2717.954	34.96	1.95	68.25	4.56	9.51	43.32	63.5	1	14.6
2718.058	35.18	1.93	67.89	4.55	9.48	43.17	63.6	1	14.7
2718.203	35.08	1.95	68.49	4.53	9.53	43.23	63.1	1	14.9
2718.263	34.89	1.95	68.19	4.55	9.52	43.38	63.6	1	15.0
2718.367	34.60	1.97	68.33	4.55	9.51	43.24	63.3	1	15.0
2718.512	34.46	1.99	68.42	4.52	9.50	42.97	62.8	1	15.0
2718.572	34.40	1.99	68.58	4.52	9.52	42.98	62.7	1	15.0
2718.676	34.29	1.98	67.93	4.51	9.53	42.97	63.3	1	14.9
2718.821	34.96	1.96	68.49	4.55	9.55	43.42	63.4	1	14.7
2718.881	35.05	1.95	68.35	4.54	9.55	43.41	63.5	1	14.7
2718.985	35.11	1.94	68.27	4.55	9.53	43.41	63.6	1	14.7
2719.130	35.25	1.94	68.22	4.59	9.48	43.58	63.9	1	14.7
2719.190	35.36	1.93	68.24	4.59	9.50	43.61	63.9	1	14.7
2719.294	35.42	1.92	68.13	4.59	9.44	43.29	63.5	1	14.7
2719.439	35.42	1.92	67.91	4.63	9.46	43.76	64.4	1	14.9
2719.499	35.33	1.92	67.99	4.62	9.45	43.65	64.2	1	14.9
2719.603	35.60	1.84	65.37	4.78	8.93	42.66	65.3	1	14.7
2719.748	36.01	1.76	63.40	4.87	8.61	41.97	66.2	1	14.7
2719.808	36.09	1.76	63.43	4.84	8.59	41.62	65.6	1	14.6
2719.912	36.00	1.76	63.44	4.82	8.65	41.74	65.8	1	14.9
2720.057	35.80	1.85	66.15	4.85	8.89	43.14	65.2	1	15.2
2720.117	35.56	1.88	66.99	4.88	8.98	43.77	65.3	1	15.2
2720.221	34.89	1.94	67.53	4.83	9.13	44.09	65.3	1	15.5
2720.366	34.28	1.97	67.65	4.77	9.21	43.97	65.0	1	15.5
2720.426	34.06	1.98	67.57	4.75	9.22	43.81	64.8	1	15.6
2720.530	33.92	1.98	67.11	4.74	9.20	43.62	65.0	1	15.5
2720.675	34.27	1.97	67.65	4.75	9.23	43.83	64.8	1	15.3
2720.735	34.57	1.97	68.00	4.76	9.25	44.04	64.8	1	15.2
2720.839	35.11	1.95	68.34	4.76	9.26	44.08	64.5	1	15.0
2720.984	35.03	1.96	68.54	4.73	9.33	44.19	64.5	1	15.3
2721.044	34.67	1.96	67.98	4.72	9.33	44.03	64.8	1	15.3
2721.148	34.62	1.97	68.25	4.77	9.31	44.41	65.1	1	15.3
2721.293	34.84	1.96	68.17	4.73	9.29	43.98	64.5	1	15.2
2721.353	34.91	1.96	68.53	4.74	9.31	44.15	64.4	1	15.2
2721.457	35.15	1.95	68.36	4.73	9.32	44.11	64.5	1	15.0
2721.602	35.20	1.94	68.32	4.76	9.31	44.32	64.9	1	15.2
2721.662	35.06	1.94	68.15	4.75	9.32	44.31	65.0	1	15.2
2721.766	35.08	1.94	68.16	4.74	9.28	44.03	64.6	1	15.2
2721.911	35.36	1.92	67.82	4.76	9.20	43.82	64.6	1	15.0
2721.971	35.59	1.91	68.14	4.77	9.18	43.78	64.3	1	15.0
2722.075	35.55	1.89	67.28	4.79	9.11	43.66	64.9	1	14.9
2722.220	35.51	1.89	67.16	4.81	9.16	44.00	65.5	1	14.9
2722.280	35.54	1.88	66.92	4.80	9.11	43.68	65.3	1	14.9
2722.384	35.44	1.89	67.05	4.80	9.13	43.79	65.3	1	15.2
2722.529	35.20	1.93	67.96	4.90	9.13	44.76	65.9	1	15.5
2722.589	35.70	1.84	65.74	5.08	8.62	43.83	66.7	1	15.3
2722.693	34.32	1.89	64.73	4.81	8.89	42.76	66.1	1	15.5
2722.838	32.04	1.96	62.93	4.34	9.26	40.16	63.8	1	15.5
2722.898	32.23	1.97	63.49	4.36	9.29	40.49	63.8	1	15.3
2723.002	32.96	1.97	65.10	4.42	9.37	41.46	63.7	1	15.0
2723.147	33.63	1.98	66.74	4.34	9.60	41.69	62.5	1	14.7
2723.207	33.89	1.98	67.13	4.37	9.64	42.08	62.7	1	14.6
2723.311	34.59	1.96	67.81	4.34	9.72	42.17	62.2	1	14.4
2723.456	35.23	1.93	68.02	4.34	9.73	42.23	62.1	1	14.3
2723.516	35.23	1.92	67.71	4.32	9.75	42.12	62.2	1	14.1
2723.620	35.34	1.92	67.67	4.33	9.75	42.18	62.3	1	14.3
2723.765	35.30	1.94	68.61	4.33	9.77	42.29	61.6	1	14.6
2723.825	35.05	1.95	68.47	4.32	9.82	42.44	62.0	1	14.6
2723.929	34.98	1.97	68.88	4.37	9.75	42.59	61.8	1	14.6
2724.074	35.76	1.81	64.68	4.63	8.98	41.53	64.2	1	14.4
2724.134	36.16	1.69	61.22	4.81	8.37	40.23	65.7	1	14.6
2724.238	36.41	1.64	59.85	4.89	8.08	39.53	66.0	1	14.4
2724.383	36.25	1.75	63.31	4.83	8.54	41.28	65.2	1	14.7
2724.443	34.52	1.85	63.98	4.48	9.12	40.85	63.9	1	14.9
2724.547	32.27	1.95	62.97	4.10	9.49	38.96	61.9	1	14.9
2724.692	31.40	1.99	62.53	3.94	9.66	38.03	60.8	1	14.9
2724.752	31.31	1.99	62.34	3.91	9.70	37.95	60.9	1	14.9
2724.856	31.24	1.99	62.31	3.92	9.71	38.08	61.1	1	14.9
2725.001	32.25	1.99	64.24	3.96	9.80	38.76	60.3	1	14.6
2725.061	32.79	1.99	65.30	3.99	9.90	39.52	60.5	1	14.4
2725.165	33.91	1.98	67.24	4.10	9.93	40.68	60.5	1	14.1
2725.310	34.72	1.95	67.87	4.14	10.03	41.58	61.3	1	14.0
2725.371	34.90	1.94	67.75	4.11	10.04	41.22	60.8	1	14.0
2725.475	34.99	1.94	67.75	4.11	10.04	41.27	60.9	1	14.0
2725.620	35.11	1.94	67.96	4.11	10.05	41.28	60.7	1	14.0
2725.681	35.19	1.94	68.20	4.10	10.07	41.30	60.6	1	13.8
2725.785	35.27	1.93	68.11	4.09	10.07	41.24	60.5	1	13.8
2725.930	35.41	1.92	67.96	4.10	10.05	41.21	60.6	1	13.8
2725.991	35.37	1.93	68.22	4.09	10.03	41.04	60.2	1	13.8
2726.095	35.13	1.93	67.90	4.10	10.08	41.32	60.9	1	14.0
2726.240	35.27	1.93	68.19	4.08	10.09	41.18	60.4	1	14.0
2726.301	35.15	1.94	68.28	4.09	10.11	41.31	60.5	1	14.1
2726.405	34.73	1.95	67.84	4.08	10.13	41.38	61.0	1	14.1
2726.550	35.09	1.94	67.99	4.15	10.10	41.92	61.7	1	13.8
2726.611	35.05	1.94	67.99	4.12	10.12	41.69	61.3	1	14.0
2726.715	35.13	1.94	68.07	4.09	10.13	41.39	60.8	1	14.0
2726.860	35.02	1.95	68.31	4.09	10.17	41.57	60.9	1	14.0
2726.921	34.93	1.95	68.27	4.08	10.17	41.53	60.8	1	14.1
2727.025	34.32	1.97	67.69	4.07	10.15	41.29	61.0	1	14.3
2727.170	34.19	1.98	67.60	4.05	10.15	41.10	60.8	1	14.1
2727.231	34.35	1.97	67.77	4.07	10.18	41.47	61.2	1	14.1
2727.335	34.63	1.97	68.28	4.04	10.19	41.16	60.3	1	13.8
2727.480	34.90	1.96	68.48	4.06	10.19	41.39	60.4	1	14.0
2727.541	34.89	1.96	68.44	4.06	10.20	41.44	60.5	1	14.1
2727.645	34.55	1.96	67.73	4.07	10.19	41.49	61.2	1	14.0
2727.790	34.62	1.97	68.25	4.05	10.18	41.27	60.5	1	14.1
2727.851	34.40	1.97	67.79	4.04	10.15	41.06	60.6	1	14.3
2727.955	34.34	1.97	67.80	4.04	10.15	41.02	60.5	1	14.1
2728.100	34.99	1.96	68.62	4.05	10.17	41.22	60.1	1	13.7
2728.161	35.19	1.95	68.45	4.05	10.16	41.17	60.1	1	13.7
2728.265	35.40	1.93	68.28	4.06	10.14	41.16	60.3	1	13.7
2728.410	35.34	1.93	68.35	4.06	10.16	41.26	60.4	1	14.0
2728.471	35.02	1.94	67.92	4.07	10.17	41.44	61.0	1	14.1
2728.575	34.75	1.95	67.70	4.06	10.19	41.33	61.1	1	14.0
2728.720	35.16	1.94	68.06	4.06	10.20	41.39	60.8	1	13.7
2728.781	35.27	1.91	67.53	4.06	10.17	41.28	61.1	1	13.7
2728.885	35.17	1.93	67.81	4.05	10.21	41.33	60.9	1	14.0
2729.030	34.84	1.95	67.81	4.02	10.22	41.11	60.6	1	14.1
2729.091	34.71	1.95	67.82	4.02	10.20	41.04	60.5	1	14.0
2729.195	34.88	1.96	68.21	4.05	10.20	41.26	60.5	1	13.8
2729.340	35.11	1.94	68.13	4.03	10.19	41.03	60.2	1	13.8
2729.401	35.01	1.94	67.95	4.03	10.19	41.11	60.5	1	13.8
2729.505	35.16	1.92	67.56	4.03	10.19	41.08	60.8	1	13.8
2729.650	34.97	1.95	68.20	4.04	10.20	41.19	60.4	1	14.0
2729.711	34.96	1.95	68.17	4.05	10.20	41.31	60.6	1	14.1
2729.815	34.62	1.97	68.07	4.06	10.19	41.37	60.8	1	14.1
2729.960	34.47	1.97	68.03	4.03	10.20	41.13	60.5	1	14.1
2730.021	34.46	1.97	67.91	4.05	10.19	41.31	60.8	1	14.1
2730.125	34.73	1.96	68.20	4.05	10.17	41.24	60.5	1	14.0
2730.270	34.99	1.94	67.98	4.06	10.20	41.39	60.9	1	14.0
2730.331	34.94	1.94	67.80	4.04	10.20	41.22	60.8	1	14.0
2730.435	35.14	1.94	68.20	4.05	10.21	41.38	60.7	1	13.7
2730.580	35.31	1.93	68.11	4.06	10.16	41.21	60.5	1	13.7
2730.641	35.42	1.93	68.47	4.04	10.17	41.08	60.0	1	13.5
2730.745	35.44	1.92	68.10	4.01	10.17	40.80	59.9	1	13.7
2730.890	35.22	1.93	67.91	4.04	10.20	41.24	60.7	1	13.7
2730.951	35.13	1.94	68.04	4.06	10.18	41.31	60.7	1	13.8
2731.055	34.94	1.94	67.89	4.04	10.20	41.25	60.8	1	13.8
2731.200	35.20	1.93	67.82	4.01	10.19	40.85	60.2	1	13.7
2731.261	35.35	1.92	67.82	4.01	10.17	40.76	60.1	1	13.7
2731.365	35.43	1.90	67.43	4.01	10.15	40.73	60.4	1	13.5
2731.510	35.29	1.93	68.07	4.06	10.22	41.44	60.9	1	13.8
2731.571	35.15	1.93	67.94	4.05	10.20	41.37	60.9	1	13.8
2731.675	35.11	1.94	68.03	4.05	10.20	41.27	60.7	1	13.8
2731.820	35.08	1.95	68.39	4.06	10.21	41.46	60.6	1	14.0
2731.881	34.96	1.96	68.37	4.06	10.21	41.45	60.6	1	14.0
2731.985	35.00	1.95	68.41	4.07	10.19	41.50	60.7	1	13.8
2732.130	35.28	1.94	68.41	4.09	10.19	41.66	60.9	1	13.8
2732.191	35.23	1.94	68.31	4.10	10.18	41.69	61.0	1	14.0
2732.295	35.10	1.95	68.43	4.08	10.17	41.51	60.7	1	14.0
2732.440	35.05	1.95	68.27	4.08	10.17	41.53	60.8	1	13.8
2732.501	35.12	1.95	68.40	4.08	10.17	41.47	60.6	1	13.8
2732.605	35.21	1.95	68.49	4.06	10.14	41.20	60.2	1	13.7
2732.750	35.29	1.92	67.82	4.10	10.15	41.59	61.3	1	13.8
2732.811	35.31	1.92	67.83	4.09	10.14	41.46	61.1	1	13.7
2732.915	35.52	1.91	67.89	4.06	10.11	41.07	60.5	1	13.7
2733.060	35.41	1.91	67.57	4.07	10.12	41.19	61.0	1	13.7
2733.121	35.19	1.92	67.62	4.08	10.12	41.29	61.1	1	13.8
2733.225	35.07	1.94	68.15	4.10	10.14	41.60	61.0	1	14.1
2733.370	34.48	1.97	67.94	4.11	10.11	41.49	61.1	1	14.1
2733.431	34.52	1.96	67.71	4.11	10.13	41.62	61.5	1	14.1
2733.535	34.51	1.97	67.93	4.12	10.16	41.80	61.5	1	14.1
2733.680	34.95	1.95	68.28	4.08	10.16	41.46	60.7	1	14.0
2733.741	34.88	1.95	67.93	4.06	10.17	41.27	60.8	1	14.0
2733.845	34.92	1.96	68.38	4.07	10.17	41.44	60.6	1	13.8
2733.990	35.16	1.94	68.13	4.06	10.14	41.16	60.4	1	13.8
2734.051	35.16	1.93	68.02	4.08	10.14	41.35	60.8	1	13.7
2734.155	35.38	1.91	67.60	4.05	10.12	41.01	60.7	1	13.7
2734.300	35.27	1.94	68.32	4.09	10.14	41.54	60.8	1	14.0
2734.361	35.00	1.95	68.31	4.10	10.16	41.68	61.0	1	14.1
2734.465	34.94	1.95	68.04	4.07	10.16	41.39	60.8	1	14.0
2734.610	35.07	1.95	68.32	4.08	10.18	41.50	60.7	1	13.8
2734.671	35.13	1.93	67.93	4.09	10.18	41.60	61.2	1	13.8
2734.775	35.01	1.95	68.28	4.08	10.17	41.52	60.8	1	14.1
2734.920	34.46	1.97	68.02	4.08	10.13	41.33	60.8	1	14.1
2734.981	34.60	1.97	68.07	4.09	10.13	41.45	60.9	1	14.0
2735.085	34.91	1.95	68.12	4.09	10.15	41.56	61.0	1	14.0
2735.230	35.23	1.94	68.28	4.11	10.15	41.70	61.1	1	14.0
2735.291	35.00	1.96	68.52	4.10	10.15	41.57	60.7	1	14.1
2735.395	34.46	1.97	67.88	4.09	10.13	41.45	61.1	1	14.1
2735.540	34.70	1.96	68.11	4.09	10.16	41.54	61.0	1	14.0
2735.601	34.87	1.96	68.26	4.10	10.16	41.69	61.1	1	14.0
2735.705	34.94	1.95	68.19	4.10	10.16	41.63	61.1	1	14.0
2735.850	35.22	1.94	68.38	4.08	10.10	41.24	60.3	1	13.8
2735.911	35.21	1.94	68.15	4.10	10.10	41.37	60.7	1	13.8
2736.015	35.12	1.94	67.97	4.10	10.10	41.39	60.9	1	14.0
2736.160	34.88	1.96	68.54	4.11	10.14	41.64	60.7	1	14.3
2736.221	34.54	1.95	67.48	4.11	10.11	41.51	61.5	1	14.1
2736.325	34.57	1.96	67.86	4.11	10.14	41.64	61.4	1	14.1
2736.470	34.96	1.95	68.05	4.08	10.16	41.50	61.0	1	14.0
2736.531	35.05	1.94	68.10	4.10	10.14	41.56	61.0	1	13.8
2736.635	35.13	1.94	67.99	4.10	10.11	41.49	61.0	1	14.0
2736.780	34.97	1.95	68.31	4.08	10.16	41.45	60.7	1	14.1
2736.841	34.84	1.96	68.22	4.11	10.17	41.76	61.2	1	14.1
2736.945	34.72	1.97	68.40	4.12	10.14	41.75	61.0	1	14.3
2737.090	34.57	1.97	68.01	4.13	10.11	41.76	61.4	1	14.3
2737.151	34.56	1.97	67.98	4.15	10.09	41.83	61.5	1	14.3
2737.255	34.28	1.97	67.67	4.14	10.05	41.57	61.4	1	14.4
2737.400	34.77	1.96	68.04	4.23	9.98	42.17	62.0	1	14.1
2737.460	35.44	1.86	66.05	4.34	9.57	41.54	62.9	1	14.0
2737.564	36.09	1.75	63.12	4.51	9.03	40.74	64.5	1	14.0
2737.709	36.00	1.76	63.46	4.52	9.10	41.15	64.8	1	14.3
2737.769	35.88	1.78	63.98	4.56	9.11	41.60	65.0	1	14.4
2737.873	35.71	1.83	65.35	4.59	9.21	42.30	64.7	1	14.6
2738.018	35.31	1.92	67.73	4.61	9.43	43.49	64.2	1	14.9
2738.078	35.07	1.94	67.90	4.62	9.49	43.85	64.6	1	15.0
2738.182	34.59	1.96	67.95	4.61	9.45	43.52	64.0	1	15.2
2738.327	34.26	1.98	67.90	4.64	9.46	43.85	64.6	1	15.2
2738.387	34.08	1.98	67.57	4.60	9.46	43.53	64.4	1	15.2
2738.491	34.40	1.98	68.07	4.60	9.49	43.70	64.2	1	14.9
2738.636	34.97	1.96	68.51	4.58	9.56	43.76	63.9	1	14.7
2738.696	35.01	1.96	68.55	4.55	9.58	43.62	63.6	1	14.6
2738.800	35.36	1.93	68.14	4.51	9.54	43.05	63.2	1	14.4
2738.945	35.35	1.92	67.86	4.51	9.58	43.23	63.7	1	14.6
2739.005	35.38	1.92	67.81	4.50	9.56	43.00	63.4	1	14.6
2739.109	35.32	1.92	67.81	4.52	9.55	43.15	63.6	1	14.6
2739.254	35.22	1.94	68.27	4.52	9.60	43.40	63.6	1	14.6
2739.314	35.30	1.94	68.39	4.49	9.60	43.10	63.0	1	14.4
2739.418	35.44	1.93	68.40	4.49	9.59	43.04	62.9	1	14.6
2739.563	34.96	1.97	68.80	4.50	9.66	43.44	63.1	1	14.7
2739.623	34.63	1.98	68.45	4.48	9.67	43.34	63.3	1	14.9
2739.727	34.64	1.97	68.41	4.46	9.66	43.12	63.0	1	14.6
2739.872	35.17	1.94	68.20	4.45	9.67	43.05	63.1	1	14.6
2739.932	35.18	1.95	68.57	4.45	9.68	43.05	62.8	1	14.7
2740.036	34.75	1.97	68.61	4.46	9.68	43.14	62.9	1	14.9
2740.181	34.58	1.97	68.29	4.46	9.70	43.25	63.3	1	14.7
2740.241	34.82	1.97	68.58	4.45	9.71	43.24	63.1	1	14.6
2740.345	34.83	1.96	68.20	4.44	9.71	43.13	63.2	1	14.6
2740.490	35.20	1.94	68.42	4.46	9.67	43.14	63.1	1	14.6
2740.550	35.17	1.95	68.74	4.47	9.70	43.33	63.0	1	14.6
2740.654	34.96	1.96	68.46	4.46	9.71	43.26	63.2	1	14.6
2740.799	35.64	1.86	66.21	4.60	9.23	42.45	64.1	1	14.6
2740.859	36.14	1.74	62.80	4.77	8.64	41.22	65.6	1	14.4
2740.963	36.42	1.66	60.35	4.90	8.24	40.38	66.9	1	14.6
2741.108	36.59	1.63	59.51	4.93	8.05	39.68	66.7	1	14.6
2741.168	36.48	1.65	60.15	4.97	8.17	40.62	67.5	1	14.7
2741.272	36.01	1.78	64.06	4.89	8.68	42.43	66.2	1	15.0
2741.417	35.40	1.91	67.46	4.90	9.07	44.49	65.9	1	15.3
2741.477	35.19	1.94	68.14	4.89	9.13	44.66	65.5	1	15.5
2741.581	34.67	1.97	68.25	4.89	9.18	44.90	65.8	1	15.6
2741.726	34.77	1.97	68.52	4.89	9.19	44.90	65.5	1	15.3
2741.786	34.96	1.96	68.52	4.87	9.20	44.80	65.4	1	15.2
2741.890	35.14	1.94	68.20	4.89	9.20	44.96	65.9	1	15.3
2742.035	34.88	1.97	68.67	4.92	9.21	45.30	66.0	1	15.6
2742.095	34.46	1.98	68.22	4.88	9.19	44.82	65.7	1	15.6
2742.199	34.58	1.97	68.22	4.88	9.20	44.94	65.9	1	15.5
2742.344	34.78	1.98	68.69	4.92	9.21	45.35	66.0	1	15.3
2742.404	34.98	1.96	68.63	4.93	9.20	45.31	66.0	1	15.3
2742.508	35.16	1.95	68.47	4.89	9.17	44.89	65.6	1	15.2
2742.653	35.09	1.97	68.96	4.92	9.21	45.27	65.6	1	15.3
2742.713	34.88	1.97	68.61	4.90	9.21	45.14	65.8	1	15.5
2742.817	35.24	1.94	68.23	4.97	9.07	45.05	66.0	1	15.3
2742.962	34.50	1.89	65.28	4.91	8.86	43.52	66.7	1	15.5
2743.022	33.34	1.94	64.78	4.65	9.09	42.25	65.2	1	15.3
2743.126	33.62	1.96	65.96	4.63	9.25	42.85	65.0	1	15.2
2743.271	34.54	1.90	65.51	4.76	9.09	43.26	66.0	1	15.2
2743.331	34.80	1.90	66.23	4.79	9.00	43.15	65.2	1	15.2
2743.435	35.76	1.78	63.55	5.08	8.37	42.49	66.9	1	15.2
2743.580	36.24	1.67	60.55	5.22	7.92	41.33	68.3	1	15.0
2743.640	36.65	1.52	55.59	5.38	7.23	38.87	69.9	1	15.2
2743.744	36.83	1.44	52.97	5.53	6.73	37.21	70.2	1	15.0
2743.889	24.20	2.59	62.64	5.65	6.59	37.24	59.5	1	42.5
2743.949	15.97	3.60	57.54	5.13	5.69	29.16	50.7	1	55.0
2744.053	8.87	4.36	38.66	4.12	4.82	19.87	51.4	1	42.5
2744.198	12.47	3.75	46.74	4.61	6.29	29.00	62.0	1	25.0
2744.258	14.84	3.00	44.53	4.56	6.20	28.25	63.5	1	20.0
2744.362	29.05	1.70	49.26	4.25	5.72	24.31	49.3	1	10.0
2744.507	36.30	0.95	34.39	3.78	5.19	19.65	57.1	1	12.5
2744.567	36.56	1.16	42.56	4.18	6.21	25.97	61.0	1	14.0
2744.671	33.24	1.67	55.44	4.95	7.25	35.89	64.7	1	18.0
2744.816	33.02	1.92	63.37	5.72	7.47	42.71	67.4	1	18.1
2744.876	33.74	1.93	65.11	6.02	7.47	44.94	69.0	1	18.1
2744.980	34.58	1.90	65.72	6.43	7.35	47.24	71.9	1	18.4
2745.125	35.53	1.83	64.87	6.92	6.47	44.77	69.0	1	18.4
2745.185	35.99	1.75	62.85	7.06	6.22	43.91	69.9	1	18.6
2745.289	35.84	1.79	64.12	6.93	6.84	47.41	73.9	1	18.4
2745.434	36.13	1.73	62.63	7.10	6.56	46.61	74.4	1	18.4
2745.494	36.14	1.74	62.73	7.08	6.67	47.24	75.3	1	18.4
2745.598	36.05	1.75	63.01	7.10	6.51	46.20	73.3	1	18.4
2745.743	36.07	1.72	62.15	7.15	6.58	47.07	75.7	1	18.6
2745.803	36.04	1.75	63.09	7.11	6.54	46.50	73.7	1	18.4
2745.907	36.07	1.74	62.61	7.13	6.49	46.26	73.9	1	18.6
2746.052	36.03	1.72	61.88	7.18	6.42	46.09	74.5	1	18.6
2746.112	36.11	1.74	62.72	7.19	6.48	46.62	74.3	1	18.7
2746.216	36.07	1.76	63.48	7.19	6.60	47.44	74.7	1	19.0
2746.361	36.09	1.76	63.47	7.29	6.54	47.71	75.2	1	18.7
2746.421	35.94	1.75	62.72	7.24	6.51	47.10	75.1	1	18.9
2746.525	35.87	1.76	63.24	7.25	6.54	47.45	75.0	1	19.0
2746.670	35.84	1.80	64.34	7.34	6.51	47.76	74.2	1	19.2
2746.730	35.73	1.82	65.16	7.38	6.60	48.70	74.7	1	19.3
2746.834	35.56	1.84	65.43	7.45	6.57	48.96	74.8	1	19.5
2746.979	35.42	1.85	65.56	7.44	6.66	49.61	75.7	1	19.8
2747.039	35.21	1.87	65.86	7.45	6.78	50.50	76.7	1	19.8
2747.143	35.17	1.88	66.18	7.46	6.73	50.19	75.8	1	19.8
2747.288	35.04	1.90	66.44	7.47	6.70	50.04	75.3	1	19.8
2747.348	34.98	1.90	66.55	7.50	6.55	49.17	73.9	1	19.9
2747.452	34.87	1.92	67.06	7.54	6.55	49.38	73.6	1	20.1
2747.597	34.48	1.96	67.50	7.49	6.85	51.25	75.9	1	20.2
2747.657	34.31	1.95	66.86	7.51	6.76	50.72	75.9	1	20.4
2747.761	34.27	1.97	67.69	7.45	6.92	51.53	76.1	1	20.1
2747.906	34.80	1.93	67.25	7.55	6.69	50.46	75.0	1	20.1
2747.966	34.79	1.92	66.82	7.58	6.58	49.84	74.6	1	20.2
2748.070	34.37	1.95	66.86	7.64	6.56	50.13	75.0	1	20.4
2748.215	34.29	1.96	67.14	7.57	6.78	51.31	76.4	1	20.2
2748.275	34.51	1.95	67.44	7.54	6.69	50.43	74.8	1	20.1
2748.379	34.71	1.92	66.71	7.61	6.60	50.24	75.3	1	20.2
2748.524	34.17	1.96	66.81	7.63	6.55	49.97	74.8	1	20.4
2748.584	34.06	1.96	66.81	7.53	6.78	51.02	76.4	1	20.4
2748.688	33.89	1.99	67.34	7.53	6.68	50.30	74.7	1	20.5
2748.833	33.93	1.96	66.64	7.57	6.61	50.03	75.1	1	20.4
2748.893	34.03	1.98	67.34	7.56	6.65	50.30	74.7	1	20.2
2748.997	34.41	1.95	67.05	7.54	6.67	50.28	75.0	1	20.1
2749.142	34.34	1.96	67.26	7.54	6.72	50.66	75.3	1	20.2
2749.202	34.07	1.98	67.39	7.49	6.77	50.65	75.2	1	20.4
2749.306	34.03	1.97	67.04	7.56	6.59	49.80	74.3	1	20.2
2749.451	34.16	1.96	67.03	7.48	6.69	50.06	74.7	1	20.4
2749.511	33.85	1.97	66.66	7.46	6.76	50.39	75.6	1	20.5
2749.615	33.57	1.98	66.52	7.44	6.73	50.06	75.3	1	20.4
2749.760	33.80	1.99	67.14	7.47	6.73	50.30	74.9	1	20.2
2749.820	33.96	1.99	67.51	7.44	6.76	50.30	74.5	1	20.1
2749.924	34.21	1.98	67.63	7.42	6.76	50.18	74.2	1	19.9
2750.069	34.54	1.95	67.34	7.40	6.70	49.60	73.7	1	19.9
2750.129	34.51	1.94	66.85	7.42	6.86	50.88	76.1	1	19.8
2750.233	34.67	1.91	66.23	7.37	6.94	51.14	77.2	1	19.9
2750.378	34.65	1.91	66.25	7.41	6.75	50.02	75.5	1	19.9
2750.438	34.55	1.94	67.00	7.44	6.69	49.79	74.3	1	20.1
2750.542	33.98	1.96	66.62	7.39	6.86	50.69	76.1	1	20.2
2750.687	33.91	1.96	66.39	7.46	6.66	49.70	74.9	1	20.4
2750.747	33.66	1.97	66.38	7.42	6.81	50.50	76.1	1	20.4
2750.851	33.78	1.96	66.08	7.42	6.76	50.17	75.9	1	20.2
2750.996	34.15	1.96	67.04	7.45	6.76	50.37	75.1	1	19.9
2751.056	34.43	1.93	66.43	7.42	6.77	50.26	75.7	1	20.1
2751.160	34.39	1.95	67.05	7.46	6.76	50.42	75.2	1	20.2
2751.305	33.88	1.97	66.70	7.42	6.72	49.86	74.8	1	20.2
2751.365	33.94	1.95	66.31	7.50	6.65	49.89	75.2	1	20.2
2751.469	33.85	1.96	66.29	7.42	6.64	49.30	74.4	1	20.2
2751.614	33.90	1.96	66.51	7.46	6.66	49.64	74.6	1	20.4
2751.674	33.42	1.97	66.00	7.33	6.82	50.04	75.8	1	20.5
2751.778	32.82	2.00	65.64	7.31	6.69	48.89	74.5	1	20.7
2751.923	32.86	1.99	65.56	7.30	6.76	49.35	75.3	1	20.7
2751.983	32.49	2.00	64.96	7.27	6.85	49.78	76.6	1	20.8
2752.087	32.31	2.00	64.72	7.22	6.73	48.61	75.1	1	20.7
2752.232	31.90	2.02	64.40	7.12	6.65	47.38	73.6	1	20.8
2752.292	31.88	2.02	64.36	7.09	6.87	48.67	75.6	1	20.8
2752.396	31.96	2.01	64.21	7.24	6.28	45.43	70.7	1	20.7
2752.541	31.92	2.02	64.34	7.10	6.77	48.07	74.7	1	20.5
2752.601	32.14	2.01	64.45	7.14	6.67	47.60	73.9	1	20.5
2752.705	32.09	2.01	64.41	7.00	7.07	49.55	76.9	1	20.5
2752.850	31.29	2.01	63.02	6.76	7.55	51.03	81.0	1	20.5
2752.910	31.12	2.01	62.59	6.77	7.61	51.52	82.3	1	20.7
2753.014	31.31	2.01	62.92	6.78	7.63	51.75	82.2	1	20.5
2753.159	32.07	2.02	64.70	6.99	6.89	48.19	74.5	1	20.2
2753.219	32.12	2.01	64.43	7.01	6.69	46.90	72.8	1	20.1
2753.323	32.22	2.01	64.81	7.07	6.81	48.10	74.2	1	19.9
2753.468	33.37	1.99	66.41	7.10	6.66	47.29	71.2	1	19.6
2753.528	33.76	1.97	66.36	7.05	6.96	49.08	74.0	1	19.5
2753.632	34.32	1.92	65.84	7.16	6.65	47.65	72.4	1	19.5
2753.777	34.52	1.93	66.76	7.12	6.99	49.77	74.6	1	19.2
2753.837	34.40	1.94	66.67	7.08	7.11	50.30	75.4	1	19.2
2753.941	34.84	1.88	65.55	7.13	7.07	50.46	77.0	1	19.3
2754.086	34.24	1.94	66.44	7.10	7.14	50.71	76.3	1	19.6
2754.146	34.34	1.93	66.27	7.24	6.50	47.06	71.0	1	19.6
2754.250	34.40	1.93	66.47	7.15	7.19	51.40	77.3	1	19.5
2754.395	34.92	1.89	66.09	7.13	7.09	50.57	76.5	1	19.2
2754.455	34.66	1.93	66.74	7.02	7.41	52.00	77.9	1	19.3
2754.559	34.72	1.90	65.92	7.25	6.39	46.28	70.2	1	19.3
2754.704	34.35	1.93	66.19	7.09	7.15	50.69	76.6	1	19.6
2754.764	34.22	1.95	66.81	7.12	6.87	48.92	73.2	1	19.8
2754.868	33.58	1.98	66.40	6.97	7.37	51.41	77.4	1	19.9
2755.013	33.85	1.96	66.25	7.30	6.30	45.98	69.4	1	19.9
2755.073	34.09	1.94	66.11	7.22	6.86	49.55	74.9	1	19.9
2755.177	33.08	1.98	65.37	7.06	7.24	51.08	78.1	1	19.9
2755.322	33.37	1.99	66.33	7.12	6.62	47.13	71.1	1	19.8
2755.382	33.56	1.98	66.48	7.17	6.62	47.45	71.4	1	19.6
2755.486	34.02	1.97	67.14	7.16	6.69	47.89	71.3	1	19.5
2755.631	34.73	1.94	67.52	7.14	6.82	48.68	72.1	1	19.3
2755.691	34.75	1.93	67.11	7.13	6.79	48.43	72.2	1	19.2
2755.795	34.70	1.94	67.43	7.11	6.75	47.98	71.2	1	19.3
2755.940	34.20	1.96	67.12	7.07	7.07	50.00	74.5	1	19.5
2756.000	34.30	1.96	67.31	7.00	7.56	52.89	78.6	1	19.5
2756.104	34.45	1.93	66.53	7.01	7.35	51.48	77.4	1	19.5
2756.249	34.15	1.91	65.29	7.13	6.19	44.15	67.6	1	19.5
2756.309	33.82	1.94	65.56	7.16	6.21	44.47	67.8	1	19.3
2756.413	33.79	1.95	65.72	6.98	7.20	50.29	76.5	1	19.5
2756.558	33.54	1.98	66.31	7.00	6.88	48.21	72.7	1	19.8
2756.618	33.03	1.98	65.41	6.95	7.07	49.19	75.2	1	19.9
2756.722	33.71	1.96	65.92	7.14	6.70	47.83	72.6	1	19.8
2756.867	32.86	1.99	65.35	6.92	7.24	50.07	76.6	1	19.9
2756.927	32.98	1.99	65.47	7.00	6.89	48.25	73.7	1	19.9
2757.031	32.59	1.99	64.74	6.89	6.92	47.69	73.7	1	19.8
2757.176	32.98	1.96	64.69	6.90	6.98	48.22	74.5	1	19.8
2757.236	32.84	1.97	64.58	6.88	6.97	47.94	74.2	1	19.8
2757.340	32.80	1.98	64.92	6.89	6.91	47.66	73.4	1	19.8
2757.485	32.84	1.98	64.87	6.88	7.16	49.28	76.0	1	19.8
2757.545	32.62	1.98	64.56	6.82	7.03	47.94	74.3	1	19.8
2757.649	33.14	1.96	65.13	6.87	6.99	48.04	73.8	1	19.6
2757.794	32.88	1.98	65.03	6.85	7.08	48.48	74.6	1	19.8
2757.854	32.51	1.99	64.66	6.80	6.90	46.89	72.5	1	19.9
2757.958	32.37	1.99	64.56	6.83	6.96	47.51	73.6	1	19.9
2758.103	32.85	1.99	65.45	6.84	7.02	48.01	73.4	1	19.6
2758.163	32.90	2.00	65.78	6.79	7.20	48.87	74.3	1	19.5
2758.267	33.18	2.00	66.28	6.75	7.27	49.11	74.1	1	19.2
2758.412	34.01	1.95	66.16	6.86	7.21	49.43	74.7	1	19.3
2758.472	33.80	1.94	65.72	6.84	7.09	48.46	73.7	1	19.3
2758.576	33.74	1.96	66.08	6.82	7.22	49.21	74.5	1	19.3
2758.721	33.84	1.96	66.20	6.87	7.01	48.15	72.7	1	19.3
2758.781	33.99	1.95	66.13	6.85	7.07	48.46	73.3	1	19.2
2758.885	33.99	1.95	66.24	6.81	7.18	48.87	73.8	1	19.2
2759.030	34.01	1.96	66.64	6.88	7.01	48.24	72.4	1	19.5
2759.090	33.55	1.98	66.36	6.79	7.24	49.19	74.1	1	19.6
2759.194	33.05	1.96	64.81	6.79	6.96	47.25	72.9	1	19.5
2759.339	33.08	1.97	65.29	6.78	7.03	47.63	73.0	1	19.5
2759.399	33.17	1.97	65.44	6.80	6.94	47.22	72.2	1	19.3
2759.503	33.60	1.97	66.23	6.78	7.17	48.61	73.4	1	19.2
2759.648	34.38	1.92	65.92	6.86	7.16	49.12	74.5	1	19.0
2759.708	34.14	1.92	65.61	6.85	7.12	48.76	74.3	1	19.0
2759.812	34.46	1.92	66.01	6.79	7.26	49.31	74.7	1	18.9
2759.957	34.77	1.92	66.90	6.79	7.09	48.12	71.9	1	18.6
2760.017	34.98	1.89	66.13	6.84	7.07	48.32	73.1	1	18.7
2760.121	34.91	1.91	66.67	6.78	7.27	49.29	73.9	1	18.7
2760.266	34.39	1.95	67.08	6.79	7.31	49.59	73.9	1	19.0
2760.326	34.23	1.95	66.72	6.80	7.08	48.11	72.1	1	19.0
2760.430	34.36	1.94	66.64	6.88	7.06	48.61	72.9	1	18.9
2760.575	34.59	1.92	66.33	6.88	7.00	48.13	72.6	1	19.0
2760.635	34.32	1.92	65.92	6.83	7.13	48.74	73.9	1	19.0
2760.739	34.27	1.92	65.98	6.80	7.13	48.50	73.5	1	19.0
2760.884	34.29	1.93	66.09	6.81	7.12	48.43	73.3	1	19.0
2760.944	34.23	1.93	65.93	6.80	7.08	48.14	73.0	1	18.9
2761.048	34.62	1.94	67.02	6.77	7.22	48.84	72.9	1	18.6
2761.193	34.99	1.88	65.91	6.74	7.22	48.66	73.8	1	18.7
2761.253	34.73	1.91	66.30	6.71	7.29	48.90	73.8	1	18.7
2761.357	34.62	1.88	65.19	6.73	7.15	48.11	73.8	1	18.7
2761.502	34.13	1.93	65.78	6.71	7.10	47.64	72.4	1	19.0
2761.562	33.96	1.95	66.34	6.69	7.25	48.54	73.2	1	19.2
2761.666	33.73	1.94	65.60	6.76	7.12	48.14	73.4	1	19.2
2761.811	33.94	1.97	66.82	6.66	7.33	48.84	73.1	1	18.9
2761.871	34.16	1.93	65.93	6.67	7.23	48.20	73.1	1	18.7
2761.975	34.25	1.94	66.33	6.73	7.16	48.18	72.6	1	18.9
2762.120	34.10	1.94	66.01	6.75	7.22	48.74	73.8	1	18.9
2762.180	34.25	1.95	66.93	6.72	7.30	48.99	73.2	1	18.7
2762.284	34.20	1.92	65.79	6.66	7.40	49.25	74.9	1	18.9
2762.429	34.20	1.94	66.30	6.70	7.19	48.15	72.6	1	18.9
2762.489	34.26	1.93	66.28	6.77	7.10	48.08	72.5	1	19.0
2762.593	34.17	1.93	66.04	6.71	7.25	48.64	73.7	1	18.7
2762.738	34.10	1.94	66.30	6.68	7.30	48.70	73.5	1	18.9
2762.798	33.86	1.95	65.97	6.64	7.34	48.76	73.9	1	19.0
2762.902	34.10	1.95	66.37	6.65	7.30	48.55	73.2	1	18.9
2763.047	34.05	1.96	66.62	6.67	7.39	49.27	74.0	1	18.9
2763.107	33.58	1.97	66.04	6.57	7.38	48.52	73.5	1	19.0
2763.211	33.77	1.96	66.15	6.64	7.29	48.37	73.1	1	18.9
2763.356	34.22	1.94	66.50	6.66	7.26	48.33	72.7	1	18.7
2763.416	34.17	1.93	65.96	6.63	7.29	48.34	73.3	1	18.7
2763.520	34.12	1.95	66.43	6.57	7.48	49.14	74.0	1	18.6
2763.665	34.16	1.94	66.36	6.64	7.35	48.82	73.6	1	18.9
2763.725	33.85	1.96	66.21	6.59	7.38	48.62	73.4	1	19.0
2763.829	33.21	1.97	65.41	6.52	7.37	48.03	73.4	1	19.0
2763.974	33.85	1.95	66.03	6.63	7.24	47.97	72.7	1	18.9
2764.034	33.87	1.95	66.15	6.60	7.30	48.18	72.8	1	18.7
2764.138	34.09	1.97	67.19	6.57	7.43	48.79	72.6	1	18.4
2764.283	34.30	1.91	65.48	6.55	7.38	48.35	73.8	1	18.4
2764.343	33.98	1.92	65.12	6.47	7.46	48.30	74.2	1	18.6
2764.447	34.13	1.90	64.79	6.52	7.42	48.40	74.7	1	18.4
2764.592	34.74	1.90	66.12	6.50	7.45	48.45	73.3	1	18.1
2764.652	34.82	1.92	66.72	6.49	7.53	48.87	73.2	1	18.0
2764.756	34.98	1.89	65.95	6.42	7.45	47.83	72.5	1	17.9
2764.901	34.79	1.87	64.97	6.37	7.41	47.23	72.7	1	18.0
2764.961	34.80	1.89	65.71	6.40	7.39	47.29	72.0	1	18.0
2765.065	34.88	1.89	65.93	6.44	7.36	47.42	71.9	1	18.1
2765.210	34.74	1.88	65.48	6.41	7.47	47.91	73.2	1	17.9
2765.270	35.01	1.88	65.78	6.45	7.36	47.47	72.2	1	18.0
2765.374	34.73	1.90	66.01	6.35	7.51	47.73	72.3	1	18.0
2765.519	34.65	1.90	65.81	6.40	7.47	47.81	72.6	1	18.0
2765.579	34.53	1.89	65.15	6.37	7.47	47.62	73.1	1	18.0
2765.683	34.57	1.91	66.01	6.40	7.41	47.40	71.8	1	18.3
2765.828	34.64	1.91	66.20	6.43	7.37	47.34	71.5	1	18.0
2765.888	34.31	1.93	66.29	6.37	7.47	47.60	71.8	1	17.9
2765.992	34.71	1.89	65.53	6.40	7.46	47.70	72.8	1	18.0
2766.137	34.60	1.90	65.73	6.34	7.49	47.51	72.3	1	17.9
2766.197	34.68	1.91	66.07	6.33	7.44	47.13	71.3	1	18.0
2766.301	34.57	1.91	66.04	6.43	7.38	47.42	71.8	1	18.1
2766.446	34.37	1.93	66.31	6.42	7.55	48.43	73.0	1	18.3
2766.506	34.27	1.93	66.07	6.42	7.38	47.31	71.6	1	18.3
2766.610	34.76	1.91	66.40	6.46	7.40	47.78	72.0	1	18.0
2766.755	34.21	1.93	66.12	6.36	7.58	48.22	72.9	1	18.3
2766.815	34.25	1.92	65.87	6.40	7.44	47.61	72.3	1	18.1
2766.919	34.61	1.91	66.26	6.37	7.47	47.53	71.7	1	18.0
2767.064	34.01	1.93	65.69	6.40	7.34	46.98	71.5	1	18.3
2767.124	34.31	1.93	66.35	6.47	7.39	47.77	72.0	1	18.1
2767.228	34.27	1.91	65.39	6.34	7.58	48.03	73.5	1	18.1
2767.373	34.36	1.93	66.19	6.47	7.34	47.48	71.7	1	18.3
2767.433	34.43	1.92	66.25	6.46	7.43	47.99	72.4	1	18.4
2767.537	33.86	1.95	66.11	6.36	7.47	47.51	71.9	1	18.3
2767.682	34.09	1.95	66.44	6.36	7.56	48.11	72.4	1	18.3
2767.742	34.01	1.93	65.66	6.38	7.46	47.57	72.4	1	18.3
2767.846	33.87	1.96	66.32	6.32	7.51	47.46	71.6	1	18.4
2767.991	33.99	1.95	66.28	6.39	7.49	47.85	72.2	1	18.3
2768.051	33.77	1.97	66.55	6.33	7.50	47.47	71.3	1	18.1
2768.155	33.94	1.96	66.42	6.34	7.58	48.08	72.4	1	18.3
2768.300	34.17	1.93	66.06	6.38	7.44	47.48	71.9	1	18.1
2768.360	34.21	1.94	66.36	6.37	7.56	48.18	72.6	1	18.1
2768.464	33.94	1.94	65.94	6.31	7.46	47.11	71.4	1	18.1
2768.609	34.56	1.93	66.84	6.38	7.40	47.22	70.7	1	17.7
2768.669	34.75	1.91	66.25	6.37	7.44	47.38	71.5	1	17.7
2768.773	34.57	1.92	66.42	6.31	7.57	47.79	72.0	1	17.9
2768.918	34.39	1.94	66.65	6.33	7.50	47.49	71.3	1	18.1
2768.978	34.42	1.94	66.61	6.37	7.56	48.16	72.3	1	18.0
2769.082	34.53	1.93	66.72	6.36	7.53	47.89	71.8	1	18.1
2769.227	34.06	1.94	66.18	6.32	7.48	47.29	71.5	1	18.1
2769.287	34.08	1.95	66.51	6.33	7.40	46.84	70.4	1	18.1
2769.391	34.31	1.93	66.16	6.36	7.41	47.19	71.3	1	18.1
2769.536	34.45	1.92	66.14	6.38	7.40	47.17	71.3	1	18.1
2769.596	34.06	1.94	66.01	6.29	7.36	46.32	70.2	1	18.1
2769.700	34.17	1.95	66.71	6.36	7.43	47.25	70.8	1	18.3
2769.845	33.88	1.97	66.84	6.39	7.42	47.43	71.0	1	18.4
2769.905	33.51	1.97	66.15	6.31	7.43	46.88	70.9	1	18.4
2770.009	33.58	1.97	66.13	6.36	7.48	47.55	71.9	1	18.4
2770.154	33.71	1.98	66.58	6.35	7.55	47.93	72.0	1	18.3
2770.214	33.63	1.95	65.64	6.27	7.63	47.81	72.8	1	18.3
2770.318	33.62	1.96	65.82	6.34	7.42	47.02	71.4	1	18.4
2770.463	33.39	1.96	65.53	6.33	7.37	46.69	71.3	1	18.4
2770.523	33.44	1.96	65.49	6.32	7.47	47.24	72.1	1	18.4
2770.627	33.34	1.95	65.05	6.26	7.59	47.52	73.0	1	18.3
2770.772	33.37	1.97	65.81	6.24	7.69	48.02	73.0	1	18.3
2770.832	33.86	1.96	66.21	6.33	7.59	48.11	72.7	1	18.1
2770.936	34.15	1.94	66.18	6.31	7.55	47.65	72.0	1	18.0
2771.081	34.61	1.92	66.49	6.23	7.81	48.65	73.2	1	17.9
2771.141	34.79	1.91	66.58	6.29	7.65	48.11	72.3	1	18.0
2771.245	34.61	1.92	66.56	6.30	7.62	48.00	72.1	1	18.0
2771.390	34.54	1.92	66.26	6.31	7.61	48.01	72.5	1	17.9
2771.450	34.44	1.91	65.64	6.26	7.54	47.23	72.0	1	17.7
2771.554	34.44	1.91	65.85	6.23	7.65	47.66	72.4	1	18.0
2771.699	34.49	1.93	66.61	6.21	7.72	47.93	72.0	1	17.7
2771.759	34.66	1.90	65.97	6.26	7.55	47.22	71.6	1	17.9
2771.863	34.44	1.94	66.75	6.26	7.63	47.71	71.5	1	18.0
2772.008	33.78	1.94	65.64	6.18	7.77	48.02	73.2	1	18.0
2772.068	33.83	1.94	65.68	6.24	7.63	47.55	72.4	1	18.1
2772.172	33.71	1.95	65.81	6.24	7.61	47.50	72.2	1	18.3
2772.317	33.94	1.96	66.37	6.24	7.64	47.69	71.9	1	18.1
2772.377	33.92	1.97	66.97	6.25	7.72	48.25	72.0	1	18.1
2772.481	33.34	1.98	65.99	6.21	7.50	46.59	70.6	1	18.3
3060.592	37.26	0.22	8.26	0.42	0.39	0.16	2.0	1	23.3
3060.652	26.05	1.81	47.08	1.96	3.56	6.99	14.8	1	38.3
3060.756	11.59	3.48	40.35	2.04	3.77	7.69	19.1	1	55.0
3060.901	7.13	4.15	29.62	2.49	4.74	11.79	39.8	1	40.0
3060.961	9.38	4.05	37.99	3.03	5.82	17.63	46.4	1	25.0
3061.064	15.00	2.98	44.72	3.37	6.59	22.24	49.7	1	15.0
3061.209	32.83	1.38	45.36	3.23	6.43	20.79	45.8	1	10.0
3061.269	35.03	1.16	40.77	3.20	6.35	20.34	49.9	1	10.0
3061.373	35.84	1.42	50.88	3.77	7.49	28.21	55.4	1	16.5
3061.518	29.91	1.85	55.28	4.46	7.43	33.18	60.0	1	18.0
3061.578	30.75	1.89	58.11	4.97	7.19	35.75	61.5	1	18.0
3061.682	33.33	1.88	62.62	5.83	7.13	41.55	66.4	1	18.3
3061.827	35.68	1.65	58.86	6.72	6.02	40.42	68.7	1	18.3
3061.887	36.07	1.56	56.34	6.88	5.70	39.21	69.6	1	18.4
3061.991	36.54	1.41	51.59	7.18	4.97	35.72	69.2	1	18.3
3062.136	33.63	1.51	50.83	7.38	4.99	36.81	72.4	1	31.0
3062.196	24.73	2.38	58.87	7.32	4.74	34.75	59.0	1	46.0
3062.300	12.74	3.75	47.80	6.84	3.56	24.35	50.9	1	52.5
3062.445	13.18	3.76	49.56	7.11	4.57	32.47	65.5	1	32.5
3062.505	17.83	2.92	52.02	7.13	4.55	32.44	62.4	1	25.0
3062.609	29.60	1.61	47.81	6.64	3.29	21.87	45.7	1	10.0
3062.754	30.39	1.45	43.95	6.18	3.92	24.22	55.1	1	25.0
3062.814	29.33	1.68	49.25	6.55	4.65	30.43	61.8	1	21.0
3062.918	26.63	1.86	49.49	6.91	4.86	33.64	68.0	1	29.0
3063.063	19.61	2.14	42.06	6.77	4.19	28.37	67.4	1	25.5
3063.123	25.69	2.03	52.09	7.16	4.87	34.88	67.0	1	21.0
3063.227	31.99	1.91	61.07	7.71	5.59	43.14	70.6	1	21.1
3063.372	35.13	1.76	61.96	8.28	5.33	44.13	71.2	1	21.4
3063.432	35.41	1.74	61.74	8.46	5.16	43.64	70.7	1	21.6
3063.536	35.81	1.67	59.88	8.61	5.02	43.25	72.2	1	21.4
3063.681	36.18	1.63	59.08	8.72	4.91	42.82	72.5	1	21.4
3063.741	36.27	1.61	58.56	8.73	4.90	42.76	73.0	1	21.6
3063.845	36.31	1.60	58.06	8.79	4.81	42.28	72.8	1	21.6
3063.990	36.24	1.58	57.21	8.77	4.67	40.97	71.6	1	21.6
3064.050	36.24	1.59	57.51	8.78	4.81	42.22	73.4	1	21.6
3064.154	36.18	1.61	58.26	8.79	4.84	42.52	73.0	1	21.6
3064.299	35.95	1.64	58.80	8.85	4.83	42.69	72.6	1	21.9
3064.359	35.92	1.66	59.76	8.92	4.83	43.09	72.1	1	22.0
3064.463	35.87	1.70	61.01	9.00	4.87	43.82	71.8	1	22.2
3064.608	35.85	1.73	62.09	9.05	5.00	45.26	72.9	1	22.3
3064.668	35.63	1.74	61.97	9.13	4.81	43.98	71.0	1	22.5
3064.772	35.66	1.75	62.46	9.14	5.13	46.86	75.0	1	22.8
3064.917	35.26	1.84	64.92	9.17	5.31	48.65	74.9	1	23.1
3064.977	35.37	1.82	64.52	9.18	5.21	47.85	74.2	1	22.9
3065.081	35.32	1.82	64.20	9.31	4.98	46.40	72.3	1	23.1
3065.226	35.28	1.84	65.03	9.29	5.05	46.90	72.1	1	23.4
3065.286	35.18	1.86	65.52	9.25	5.42	50.07	76.4	1	23.5
3065.390	34.99	1.87	65.59	9.50	4.71	44.76	68.3	1	23.5
3065.535	35.11	1.87	65.55	9.39	5.29	49.67	75.8	1	23.5
3065.595	35.16	1.85	64.97	9.52	4.80	45.74	70.4	1	23.5
3065.699	35.22	1.85	65.08	9.44	5.18	48.91	75.1	1	23.4
3065.844	35.30	1.81	63.73	9.55	4.87	46.47	72.9	1	23.4
3065.904	35.30	1.83	64.44	9.48	5.11	48.47	75.2	1	23.5
3066.008	34.93	1.84	64.25	9.51	4.96	47.15	73.4	1	23.7
3066.153	35.12	1.86	65.43	9.56	4.84	46.30	70.8	1	23.4
3066.213	35.41	1.81	64.23	9.54	4.95	47.22	73.5	1	23.2
3066.317	35.21	1.84	64.62	9.46	5.22	49.35	76.4	1	23.5
3066.462	34.90	1.86	64.92	9.52	5.04	47.93	73.8	1	23.7
3066.522	34.62	1.89	65.37	9.55	4.93	47.05	72.0	1	23.8
3066.626	34.79	1.89	65.72	9.55	5.06	48.30	73.5	1	23.8
3066.771	34.52	1.90	65.61	9.50	5.17	49.10	74.8	1	23.8
3066.831	34.81	1.88	65.56	9.61	4.86	46.69	71.2	1	23.7
3066.935	34.60	1.89	65.41	9.59	5.04	48.39	74.0	1	23.8
3067.080	34.69	1.89	65.74	9.67	4.79	46.32	70.5	1	24.0
3067.140	34.65	1.89	65.54	9.66	4.94	47.76	72.9	1	23.8
3067.244	34.79	1.87	64.90	9.61	4.99	47.98	73.9	1	23.8
3067.389	34.57	1.89	65.47	9.62	4.96	47.67	72.8	1	24.0
3067.449	34.43	1.91	65.61	9.52	5.09	48.42	73.8	1	24.1
3067.553	34.22	1.92	65.73	9.57	4.95	47.34	72.0	1	24.3
3067.698	34.13	1.92	65.63	9.59	4.96	47.59	72.5	1	24.0
3067.758	34.18	1.90	65.11	9.62	4.86	46.73	71.8	1	24.0
3067.862	34.20	1.90	65.01	9.57	5.01	47.95	73.8	1	24.0
3068.007	34.58	1.90	65.64	9.60	4.99	47.93	73.0	1	23.7
3068.067	34.70	1.90	65.86	9.47	5.27	49.94	75.8	1	23.7
3068.171	34.78	1.87	64.99	9.55	5.05	48.23	74.2	1	23.8
3068.316	34.75	1.90	65.95	9.55	4.79	45.72	69.3	1	23.5
3068.376	34.99	1.86	65.17	9.50	4.98	47.27	72.5	1	23.5
3068.480	34.89	1.88	65.59	9.40	5.36	50.32	76.7	1	23.7
3068.625	34.78	1.87	65.17	9.48	4.97	47.15	72.3	1	23.7
3068.685	34.55	1.89	65.31	9.47	5.14	48.66	74.5	1	23.7
3068.789	34.53	1.90	65.48	9.43	5.18	48.87	74.6	1	23.8
3068.934	33.72	1.93	65.01	9.37	5.31	49.74	76.5	1	24.0
3068.994	33.65	1.93	64.86	9.54	4.60	43.90	67.7	1	23.8
3069.098	34.65	1.87	64.95	9.60	4.33	41.59	64.0	1	23.7
3069.243	34.70	1.87	65.05	9.43	5.37	50.67	77.9	1	24.0
3069.303	34.42	1.90	65.28	9.41	5.42	50.93	78.0	1	24.0
3069.407	34.10	1.93	65.78	9.57	5.13	49.08	74.6	1	24.1
3069.552	33.82	1.93	65.38	9.63	4.95	47.71	73.0	1	24.0
3069.612	33.84	1.93	65.44	9.62	4.97	47.80	73.0	1	23.8
3069.716	33.98	1.93	65.59	9.58	5.09	48.80	74.4	1	23.8
3069.861	34.45	1.93	66.44	9.39	5.44	51.10	76.9	1	23.7
3069.921	34.62	1.92	66.44	9.32	5.57	51.90	78.1	1	23.5
3070.025	34.78	1.91	66.26	9.26	5.75	53.23	80.3	1	23.5
3070.170	34.90	1.89	65.99	9.26	5.85	54.17	82.1	1	23.7
3070.230	34.78	1.89	65.86	9.27	5.83	54.03	82.0	1	23.5
3070.334	35.18	1.87	65.91	9.29	5.80	53.88	81.7	1	23.4
3070.479	35.51	1.82	64.66	9.38	5.50	51.61	79.8	1	23.5
3070.539	35.53	1.80	64.08	9.47	4.94	46.73	72.9	1	23.4
3070.643	34.79	1.86	64.56	9.61	4.26	40.89	63.3	1	23.7
3070.788	34.00	1.92	65.31	9.27	5.39	49.97	76.5	1	24.0
3070.848	33.86	1.92	65.15	9.29	5.25	48.79	74.9	1	23.8
3070.952	34.22	1.90	65.17	9.33	5.29	49.31	75.7	1	23.7
3071.097	33.93	1.93	65.35	9.30	5.17	48.08	73.6	1	23.8
3071.157	34.03	1.92	65.48	9.30	5.28	49.15	75.1	1	24.0
3071.261	33.61	1.93	65.00	9.20	5.19	47.78	73.5	1	23.8
3071.406	33.62	1.93	64.93	9.15	5.23	47.90	73.8	1	23.8
3071.466	33.86	1.93	65.27	9.22	5.01	46.16	70.7	1	23.8
3071.570	33.49	1.92	64.43	9.18	5.04	46.29	71.8	1	24.0
3071.715	33.18	1.94	64.25	9.08	5.11	46.36	72.2	1	23.7
3071.775	33.56	1.92	64.46	9.11	5.04	45.92	71.2	1	23.5
3071.879	33.98	1.91	64.94	9.10	5.24	47.67	73.4	1	23.4
3072.024	34.72	1.90	65.91	9.14	5.25	47.94	72.7	1	23.1
3072.084	34.82	1.90	65.99	9.13	5.32	48.57	73.6	1	22.9
3072.188	34.82	1.89	65.74	9.15	5.09	46.53	70.8	1	23.1
3072.333	34.94	1.88	65.66	9.13	5.14	46.90	71.4	1	22.8
3072.393	34.99	1.87	65.43	9.04	5.29	47.79	73.0	1	22.8
3072.497	34.90	1.88	65.65	9.03	5.32	48.01	73.1	1	22.9
3072.642	34.75	1.90	66.07	8.97	5.37	48.23	73.0	1	22.9
3072.702	34.86	1.89	65.84	8.99	5.34	47.99	72.9	1	22.8
3072.806	34.69	1.89	65.61	8.97	5.37	48.20	73.5	1	22.9
3072.951	34.28	1.93	66.04	8.99	5.20	46.70	70.7	1	23.4
3073.011	33.98	1.92	65.25	8.97	5.27	47.23	72.4	1	23.4
3073.115	33.79	1.91	64.68	8.94	5.21	46.58	72.0	1	23.4
3073.260	33.64	1.92	64.53	8.88	5.24	46.52	72.1	1	23.4
3073.320	33.54	1.93	64.68	8.83	5.34	47.14	72.9	1	23.4
3073.424	33.53	1.93	64.77	8.76	5.30	46.40	71.6	1	23.2
3073.569	33.57	1.92	64.57	8.88	5.29	46.98	72.8	1	22.9
3073.629	33.37	1.93	64.32	8.89	5.25	46.69	72.6	1	23.1
3073.733	33.60	1.93	64.87	8.85	5.16	45.67	70.4	1	23.2
3073.878	33.41	1.93	64.34	8.76	5.25	45.97	71.4	1	23.2
3073.938	33.13	1.93	64.08	8.80	5.33	46.84	73.1	1	23.1
3074.042	33.30	1.93	64.29	8.70	5.33	46.41	72.2	1	23.1
3074.187	33.19	1.93	63.97	8.72	5.27	45.97	71.9	1	23.2
3074.247	32.93	1.93	63.67	8.66	5.30	45.85	72.0	1	23.2
3074.351	32.97	1.94	63.97	8.65	5.26	45.46	71.1	1	22.9
3074.496	33.19	1.93	64.14	8.59	5.43	46.70	72.8	1	22.8
3074.556	33.42	1.93	64.43	8.66	5.44	47.12	73.1	1	22.8
3074.660	33.43	1.93	64.60	8.64	5.42	46.84	72.5	1	22.6
3074.805	33.49	1.93	64.68	8.57	5.48	46.98	72.6	1	22.8
3074.865	33.36	1.93	64.49	8.57	5.48	46.97	72.8	1	22.9
3074.969	32.96	1.93	63.46	8.51	5.55	47.21	74.4	1	22.8
3075.114	32.67	1.93	63.13	8.49	5.39	45.77	72.5	1	22.9
3075.174	32.98	1.93	63.75	8.52	5.47	46.66	73.2	1	22.9
3075.278	32.66	1.94	63.31	8.48	5.38	45.61	72.0	1	22.9
3075.423	32.33	1.94	62.60	8.43	5.30	44.70	71.4	1	23.1
3075.483	32.20	1.93	62.19	8.37	5.54	46.40	74.6	1	23.1
3075.587	31.87	1.95	62.06	8.25	5.66	46.68	75.2	1	22.9
3075.732	31.64	1.95	61.60	8.13	5.74	46.66	75.8	1	23.1
3075.792	31.46	1.94	61.08	8.24	5.23	43.09	70.5	1	22.9
3075.896	31.72	1.93	61.23	8.23	4.84	39.84	65.1	1	23.2
3076.041	31.00	1.95	60.37	8.09	5.18	41.91	69.4	1	23.2
3076.101	31.16	1.94	60.55	8.00	5.25	42.05	69.4	1	23.2
3076.205	31.11	1.94	60.32	7.98	5.47	43.68	72.4	1	23.1
3076.350	30.93	1.94	60.04	7.99	5.32	42.48	70.8	1	23.1
3076.410	30.98	1.95	60.34	7.96	5.44	43.27	71.7	1	23.2
3076.514	30.67	1.95	59.75	7.95	5.25	41.74	69.9	1	23.2
3076.659	30.80	1.95	60.06	7.93	5.36	42.50	70.8	1	22.9
3076.719	30.72	1.94	59.63	7.88	5.40	42.57	71.4	1	22.9
3076.823	30.66	1.95	59.67	7.82	5.47	42.74	71.6	1	22.9
3076.968	30.45	1.94	59.22	7.76	5.45	42.30	71.4	1	23.1
3077.028	30.34	1.95	59.11	7.69	5.45	41.88	70.8	1	22.9
3077.132	30.15	1.96	58.95	7.67	5.41	41.50	70.4	1	22.9
3077.277	30.11	1.95	58.64	7.61	5.50	41.86	71.4	1	22.9
3077.337	29.88	1.95	58.26	7.57	5.50	41.65	71.5	1	23.1
3077.441	29.61	1.94	57.53	7.55	5.36	40.49	70.4	1	23.1
3077.586	29.40	1.93	56.80	7.45	5.41	40.30	71.0	1	22.9
3077.646	29.46	1.95	57.34	7.47	5.50	41.09	71.7	1	22.8
3077.750	29.32	1.95	57.14	7.32	5.61	41.08	71.9	1	22.8
3077.895	29.35	1.94	56.94	7.37	5.55	40.92	71.9	1	22.9
3077.955	29.08	1.94	56.54	7.32	5.59	40.88	72.3	1	22.8
3078.059	28.93	1.95	56.40	7.32	5.41	39.58	70.2	1	22.8
3078.204	28.96	1.95	56.43	7.28	5.49	39.95	70.8	1	22.9
3078.264	28.87	1.95	56.29	7.24	5.42	39.21	69.7	1	22.9
3078.368	28.64	1.94	55.66	7.17	5.51	39.53	71.0	1	22.9
3078.513	28.59	1.95	55.84	7.09	5.46	38.72	69.4	1	22.6
3078.573	28.90	1.96	56.59	7.15	5.46	39.06	69.0	1	22.5
3078.677	29.17	1.95	56.83	7.13	5.61	40.02	70.4	1	22.5
3078.822	29.38	1.96	57.54	7.12	5.72	40.72	70.8	1	22.3
3078.882	29.69	1.95	57.94	7.21	5.64	40.69	70.2	1	22.2
3078.986	30.05	1.94	58.43	7.21	5.72	41.20	70.5	1	21.9
3079.131	31.16	1.93	60.20	7.32	5.89	43.15	71.7	1	21.6
3079.191	31.54	1.93	60.92	7.34	5.81	42.63	70.0	1	21.4
3079.295	32.24	1.93	62.07	7.44	5.92	44.05	71.0	1	21.3
3079.440	33.23	1.92	63.89	7.58	5.88	44.56	69.8	1	21.0
3079.500	33.81	1.91	64.64	7.64	5.94	45.37	70.2	1	20.9
3079.604	34.27	1.87	64.07	7.73	5.78	44.64	69.7	1	20.9
3079.749	34.22	1.89	64.54	7.76	5.78	44.80	69.4	1	21.0
3079.809	34.49	1.87	64.56	7.79	5.86	45.66	70.7	1	20.9
3079.913	34.57	1.85	63.98	7.77	5.99	46.60	72.8	1	21.0
3080.058	34.30	1.89	64.75	7.84	5.79	45.36	70.1	1	21.1
3080.118	34.33	1.89	64.94	7.81	5.96	46.57	71.7	1	21.1
3080.222	33.96	1.91	64.84	7.80	5.77	44.99	69.4	1	21.3
3080.367	33.79	1.94	65.54	7.82	5.84	45.68	69.7	1	21.6
3080.427	33.49	1.94	64.81	7.77	5.89	45.79	70.7	1	21.6
3080.531	33.29	1.93	64.25	7.74	5.88	45.48	70.8	1	21.4
3080.676	33.46	1.93	64.48	7.78	5.86	45.60	70.7	1	21.4
3080.736	33.19	1.93	64.04	7.75	5.90	45.67	71.3	1	21.6
3080.840	33.29	1.92	63.93	7.77	5.94	46.14	72.2	1	21.4
3080.985	33.16	1.94	64.24	7.76	5.86	45.46	70.8	1	21.4
3081.045	33.17	1.92	63.56	7.75	5.85	45.31	71.3	1	21.3
3081.149	33.12	1.93	63.94	7.80	5.68	44.33	69.3	1	21.6
3081.294	32.92	1.93	63.58	7.67	5.88	45.08	70.9	1	21.4
3081.354	33.05	1.93	63.65	7.65	5.93	45.42	71.4	1	21.4
3081.458	32.90	1.94	63.73	7.62	5.88	44.80	70.3	1	21.4
3081.603	32.94	1.94	63.90	7.57	6.13	46.35	72.5	1	21.3
3081.663	33.22	1.92	63.93	7.66	5.98	45.75	71.6	1	21.1
3081.767	33.51	1.92	64.51	7.65	6.01	45.94	71.2	1	21.1
3081.912	33.87	1.91	64.83	7.63	6.01	45.89	70.8	1	21.0
3081.972	33.71	1.91	64.22	7.63	5.90	44.99	70.1	1	21.0
3082.076	33.47	1.93	64.66	7.64	5.92	45.23	69.9	1	21.3
3082.221	33.30	1.92	64.01	7.58	6.00	45.46	71.0	1	21.1
3082.281	33.36	1.93	64.22	7.59	6.04	45.84	71.4	1	21.0
3082.385	33.83	1.90	64.28	7.57	6.16	46.67	72.6	1	20.9
3082.530	33.93	1.90	64.44	7.61	6.08	46.27	71.8	1	20.9
3082.590	33.99	1.89	64.17	7.61	6.13	46.65	72.7	1	20.9
3082.694	33.93	1.91	64.68	7.59	6.08	46.19	71.4	1	20.9
3082.839	33.91	1.90	64.47	7.58	5.99	45.39	70.4	1	20.9
3082.899	33.98	1.89	64.19	7.57	6.02	45.55	71.0	1	20.7
3083.003	33.85	1.89	64.09	7.54	5.94	44.79	69.9	1	20.9
3083.148	33.74	1.89	63.85	7.48	6.13	45.89	71.9	1	20.9
3083.208	33.44	1.90	63.67	7.40	6.10	45.13	70.9	1	20.9
3083.312	33.23	1.91	63.49	7.40	6.15	45.46	71.6	1	20.9
3083.457	33.62	1.91	64.27	7.43	6.10	45.30	70.5	1	20.7
3083.517	33.70	1.91	64.51	7.44	6.17	45.93	71.2	1	20.7
3083.621	33.74	1.91	64.28	7.47	6.10	45.53	70.8	1	20.7
3083.766	33.73	1.90	64.22	7.43	6.13	45.53	70.9	1	20.7
3083.826	33.86	1.91	64.52	7.48	6.10	45.59	70.7	1	20.6
3083.930	34.08	1.90	64.69	7.45	6.19	46.13	71.3	1	20.4
3084.075	34.21	1.87	63.90	7.47	6.07	45.35	71.0	1	20.4
3084.135	34.35	1.87	64.17	7.46	6.17	46.06	71.8	1	20.3
3084.239	34.68	1.85	64.16	7.45	6.14	45.73	71.3	1	20.1
3084.384	34.54	1.87	64.44	7.43	6.11	45.37	70.4	1	20.1
3084.444	34.72	1.85	64.17	7.42	6.11	45.33	70.6	1	20.0
3084.548	34.92	1.84	64.29	7.37	6.11	45.01	70.0	1	20.0
3084.693	34.85	1.85	64.29	7.36	6.16	45.32	70.5	1	20.0
3084.753	34.70	1.86	64.61	7.38	6.13	45.25	70.0	1	20.1
3084.857	34.62	1.83	63.32	7.40	5.98	44.26	69.9	1	20.0
3085.002	34.76	1.87	64.97	7.30	6.22	45.39	69.9	1	19.8
3085.062	34.68	1.85	64.23	7.35	6.06	44.54	69.3	1	20.0
3085.166	34.71	1.84	63.85	7.40	5.99	44.32	69.4	1	20.1
3085.311	34.64	1.85	64.05	7.36	5.99	44.09	68.8	1	20.0
3085.371	34.87	1.83	63.79	7.37	5.89	43.43	68.1	1	19.8
3085.475	34.46	1.86	64.04	7.28	6.07	44.19	69.0	1	20.0
3085.620	34.97	1.81	63.48	7.31	6.03	44.09	69.5	1	19.8
3085.680	35.06	1.83	64.22	7.35	6.06	44.53	69.3	1	19.8
3085.784	34.56	1.86	64.44	7.31	6.14	44.88	69.6	1	20.1
3085.929	34.43	1.89	65.16	7.29	6.10	44.47	68.3	1	20.3
3085.989	34.14	1.91	65.05	7.30	6.12	44.64	68.6	1	20.4
3086.093	33.87	1.92	64.88	7.25	6.32	45.86	70.7	1	20.3
3086.238	34.35	1.88	64.75	7.31	6.06	44.31	68.4	1	20.0
3086.298	34.24	1.91	65.35	7.27	6.21	45.14	69.1	1	20.1
3086.402	34.39	1.89	65.02	7.32	6.26	45.84	70.5	1	20.1
3086.547	34.40	1.89	64.90	7.24	6.30	45.63	70.3	1	20.1
3086.607	34.46	1.89	65.09	7.28	6.34	46.13	70.9	1	20.3
3086.711	34.34	1.89	64.90	7.31	6.15	44.98	69.3	1	20.1
3086.856	34.32	1.89	64.92	7.25	6.19	44.87	69.1	1	20.1
3086.916	34.13	1.90	64.89	7.27	6.23	45.32	69.8	1	20.3
3087.020	34.37	1.89	64.90	7.32	6.17	45.16	69.6	1	20.0
3087.165	34.24	1.89	64.81	7.31	6.18	45.18	69.7	1	20.3
3087.225	34.08	1.90	64.77	7.26	6.37	46.21	71.4	1	20.3
3087.329	33.95	1.91	64.77	7.24	6.36	46.06	71.1	1	20.1
3087.474	34.18	1.88	64.33	7.31	6.00	43.89	68.2	1	20.0
3087.534	34.13	1.89	64.41	7.22	6.36	45.94	71.3	1	20.1
3087.638	33.77	1.91	64.34	7.16	6.45	46.16	71.7	1	20.1
3087.783	33.88	1.90	64.48	7.19	6.29	45.20	70.1	1	20.1
3087.843	33.88	1.90	64.50	7.19	6.32	45.45	70.5	1	20.3
3087.947	33.69	1.91	64.26	7.22	6.03	43.55	67.8	1	20.1
3088.092	34.01	1.93	65.54	7.17	6.34	45.48	69.4	1	20.0
3088.152	34.02	1.91	64.88	7.09	6.62	46.94	72.4	1	19.8
3088.256	34.50	1.86	64.15	7.33	5.90	43.22	67.4	1	20.0
3088.401	34.65	1.89	65.34	7.22	6.24	45.07	69.0	1	19.7
3088.461	34.78	1.88	65.32	7.10	6.55	46.50	71.2	1	19.5
3088.565	34.46	1.89	65.04	7.13	6.01	42.80	65.8	1	19.7
3088.710	34.92	1.88	65.52	7.17	6.35	45.48	69.4	1	19.4
3088.770	35.11	1.84	64.42	7.19	6.15	44.22	68.6	1	19.5
3088.874	35.21	1.81	63.83	7.08	6.51	46.10	72.2	1	19.4
3089.019	34.79	1.87	64.97	6.93	7.09	49.13	75.6	1	19.7
3089.079	34.40	1.89	65.09	6.89	7.20	49.66	76.3	1	19.8
3089.183	33.79	1.92	64.74	6.80	7.32	49.78	76.9	1	19.7
3089.328	34.05	1.91	64.99	6.75	7.31	49.35	75.9	1	19.5
3089.388	34.15	1.90	64.80	6.81	7.28	49.58	76.5	1	19.5
3089.492	34.52	1.87	64.45	6.92	6.97	48.27	74.9	1	19.5
3089.637	34.65	1.89	65.57	7.04	6.54	46.04	70.2	1	19.4
3089.697	34.91	1.88	65.56	6.98	6.80	47.44	72.4	1	19.2
3089.801	35.06	1.82	63.93	7.11	5.95	42.35	66.2	1	19.4
3089.946	34.58	1.87	64.71	7.01	6.46	45.26	69.9	1	19.5
3090.006	34.84	1.87	65.09	6.99	6.71	46.88	72.0	1	19.7
3090.110	34.27	1.89	64.62	7.04	6.25	43.99	68.1	1	19.5
3090.255	34.50	1.90	65.69	6.98	6.58	45.94	69.9	1	19.4
3090.315	34.95	1.84	64.15	7.08	6.37	45.06	70.2	1	19.5
3090.419	34.55	1.86	64.11	7.00	6.40	44.86	70.0	1	19.4
3090.564	34.96	1.83	63.99	7.07	6.12	43.25	67.6	1	19.2
3090.624	34.89	1.82	63.59	6.98	6.29	43.94	69.1	1	19.4
3090.728	34.33	1.87	64.33	6.95	6.31	43.88	68.2	1	19.5
3090.873	34.30	1.90	65.20	7.08	6.11	43.28	66.4	1	19.8
3090.933	33.90	1.91	64.85	6.97	6.44	44.85	69.2	1	19.8
3091.037	34.36	1.89	64.78	7.01	6.35	44.48	68.7	1	19.5
3091.182	34.23	1.91	65.23	6.94	6.65	46.11	70.7	1	19.7
3091.242	34.33	1.88	64.53	7.02	6.24	43.81	67.9	1	19.7
3091.346	34.05	1.89	64.47	6.97	6.40	44.60	69.2	1	19.5
3091.491	34.46	1.89	65.08	6.95	6.46	44.85	68.9	1	19.5
3091.551	34.69	1.87	64.79	7.04	6.32	44.47	68.6	1	19.7
3091.655	34.53	1.88	65.08	6.98	6.51	45.49	69.9	1	19.4
3091.800	34.50	1.88	64.87	7.03	6.29	44.24	68.2	1	19.7
3091.860	34.20	1.88	64.37	7.00	6.34	44.40	69.0	1	19.5
3091.964	34.06	1.89	64.41	6.96	6.33	44.05	68.4	1	19.7
3092.109	33.86	1.92	64.84	6.95	6.51	45.21	69.7	1	19.8
3092.169	33.71	1.91	64.45	6.99	6.33	44.25	68.7	1	20.0
3092.273	33.53	1.92	64.33	6.93	6.39	44.26	68.8	1	19.8
3092.418	33.11	1.92	63.59	6.83	6.39	43.62	68.6	1	20.1
3092.478	33.08	1.91	63.30	6.92	6.27	43.37	68.5	1	20.0
3092.582	32.92	1.93	63.41	6.84	6.41	43.80	69.1	1	20.1
3092.727	32.45	1.94	63.09	6.82	6.48	44.24	70.1	1	20.3
3092.787	32.45	1.94	63.05	6.86	6.30	43.21	68.5	1	20.1
3092.891	32.34	1.94	62.85	6.80	6.40	43.53	69.3	1	20.1
3093.036	32.05	1.93	61.82	6.71	6.27	42.12	68.1	1	20.1
3093.096	31.74	1.93	61.27	6.65	6.41	42.62	69.6	1	20.1
3093.200	31.51	1.93	60.81	6.61	6.43	42.53	69.9	1	20.3
3093.345	31.48	1.94	61.13	6.61	6.35	41.96	68.6	1	20.1
3093.405	31.53	1.95	61.50	6.60	6.33	41.82	68.0	1	20.0
3093.509	31.90	1.95	62.36	6.54	6.61	43.24	69.3	1	19.8
3093.654	32.89	1.93	63.48	6.62	6.70	44.35	69.9	1	19.5
3093.714	33.09	1.92	63.55	6.66	6.69	44.54	70.1	1	19.4
3093.818	33.85	1.89	63.89	6.69	6.73	44.99	70.4	1	19.1
3093.963	33.92	1.90	64.43	6.74	6.64	44.78	69.5	1	19.4
3094.023	33.79	1.91	64.44	6.71	6.67	44.75	69.4	1	19.4
3094.127	34.11	1.91	65.05	6.75	6.72	45.36	69.7	1	19.5
3094.272	33.72	1.90	63.92	6.68	6.66	44.50	69.6	1	19.4
3094.332	33.99	1.88	63.80	6.81	6.53	44.44	69.6	1	19.5
3094.436	33.87	1.88	63.64	6.80	6.52	44.35	69.7	1	19.4
3094.581	34.44	1.89	65.10	6.80	6.65	45.21	69.5	1	19.1
3094.641	34.64	1.89	65.46	6.81	6.49	44.21	67.5	1	19.1
3094.745	34.77	1.86	64.79	6.86	6.29	43.15	66.6	1	19.1
3094.890	34.60	1.89	65.34	6.84	6.46	44.23	67.7	1	19.2
3094.950	34.39	1.86	63.89	6.78	6.55	44.39	69.5	1	19.1
3095.054	34.35	1.88	64.44	6.76	6.69	45.24	70.2	1	19.2
3095.199	34.42	1.90	65.23	6.81	6.48	44.16	67.7	1	19.4
3095.259	34.01	1.89	64.19	6.75	6.54	44.13	68.8	1	19.4
3095.363	34.18	1.87	63.96	6.75	6.74	45.51	71.2	1	19.4
3095.508	33.41	1.90	63.56	6.70	6.71	44.92	70.7	1	19.4
3095.568	33.83	1.90	64.15	6.77	6.65	45.02	70.2	1	19.2
3095.672	34.19	1.86	63.74	6.81	6.53	44.51	69.8	1	19.4
3095.817	33.63	1.91	64.35	6.73	6.66	44.84	69.7	1	19.5
3095.877	33.61	1.92	64.45	6.76	6.63	44.82	69.5	1	19.5
3095.981	33.60	1.91	64.02	6.75	6.68	45.11	70.5	1	19.2
3096.126	34.27	1.88	64.56	6.76	6.67	45.06	69.8	1	19.1
3096.186	34.24	1.87	64.03	6.74	6.60	44.46	69.4	1	19.1
3096.290	33.88	1.89	63.97	6.71	6.64	44.58	69.7	1	19.4
3096.435	33.88	1.90	64.41	6.68	6.58	43.90	68.2	1	19.2
3096.495	34.12	1.88	63.98	6.73	6.59	44.37	69.4	1	19.1
3096.599	34.16	1.89	64.45	6.77	6.52	44.15	68.5	1	19.2
3096.744	34.11	1.89	64.63	6.74	6.64	44.78	69.3	1	19.2
3096.804	33.91	1.90	64.44	6.71	6.49	43.56	67.6	1	19.4
3096.908	33.71	1.90	64.06	6.66	6.66	44.34	69.2	1	19.4
3097.053	33.59	1.91	64.27	6.70	6.65	44.56	69.3	1	19.4
3097.113	33.41	1.92	64.20	6.65	6.72	44.67	69.6	1	19.4
3097.217	33.17	1.92	63.70	6.58	6.77	44.54	69.9	1	19.4
3097.362	33.77	1.92	64.83	6.58	6.80	44.72	69.0	1	19.1
3097.422	33.80	1.91	64.44	6.62	6.68	44.18	68.6	1	19.2
3097.526	33.93	1.89	64.25	6.65	6.51	43.29	67.4	1	19.1
3097.671	34.27	1.91	65.47	6.63	6.75	44.73	68.3	1	18.8
3097.731	34.52	1.87	64.46	6.62	6.72	44.52	69.1	1	18.9
3097.835	34.22	1.87	63.88	6.60	6.69	44.13	69.1	1	18.8
3097.980	34.38	1.87	64.25	6.66	6.65	44.30	68.9	1	19.1
3098.040	34.19	1.88	64.39	6.62	6.69	44.26	68.7	1	19.1
3098.144	33.95	1.92	65.03	6.60	6.77	44.70	68.7	1	19.2
3098.289	33.76	1.91	64.54	6.64	6.69	44.40	68.8	1	19.1
3098.349	33.92	1.89	64.24	6.63	6.60	43.75	68.1	1	19.1
3098.453	33.99	1.92	65.16	6.59	6.82	44.96	69.0	1	18.9
3098.598	34.33	1.89	64.80	6.57	6.78	44.58	68.8	1	18.9
3098.658	34.15	1.88	64.12	6.60	6.58	43.39	67.7	1	18.8
3098.762	34.44	1.88	64.70	6.64	6.61	43.92	67.9	1	18.9
3098.907	34.25	1.87	64.01	6.62	6.55	43.34	67.7	1	18.9
3098.967	34.41	1.88	64.74	6.59	6.81	44.84	69.3	1	18.8
3099.071	34.57	1.89	65.28	6.59	6.77	44.66	68.4	1	18.5
3099.216	34.89	1.86	64.94	6.53	6.71	43.78	67.4	1	18.5
3099.276	35.05	1.85	64.89	6.61	6.54	43.25	66.6	1	18.6
3099.380	34.58	1.89	65.32	6.56	6.78	44.44	68.0	1	18.8
3099.525	34.45	1.90	65.56	6.52	7.05	45.92	70.0	1	18.9
3099.585	34.25	1.90	65.23	6.51	6.94	45.18	69.3	1	18.8
3099.689	34.34	1.88	64.48	6.51	6.72	43.73	67.8	1	18.9
3099.834	34.45	1.87	64.29	6.57	6.68	43.91	68.3	1	18.8
3099.894	34.14	1.88	64.07	6.50	6.78	44.07	68.8	1	18.8
3099.998	34.07	1.86	63.41	6.56	6.66	43.67	68.9	1	18.9
3100.143	34.17	1.89	64.57	6.53	6.79	44.33	68.7	1	18.6
3100.203	34.34	1.90	65.22	6.49	6.83	44.37	68.0	1	18.5
3100.307	34.38	1.85	63.52	6.48	6.74	43.71	68.8	1	18.6
3100.452	34.72	1.85	64.18	6.49	6.75	43.76	68.2	1	18.3
3100.512	34.70	1.85	64.26	6.42	6.77	43.44	67.6	1	18.2
3100.616	34.90	1.82	63.44	6.44	6.73	43.37	68.4	1	18.3
3100.761	34.61	1.85	64.07	6.45	6.83	44.06	68.8	1	18.3
3100.821	34.78	1.86	64.62	6.47	6.78	43.85	67.9	1	18.2
3100.925	34.85	1.83	63.82	6.44	6.74	43.36	67.9	1	18.2
3101.070	34.58	1.84	63.65	6.46	6.79	43.88	68.9	1	18.5
3101.130	34.59	1.84	63.73	6.45	6.69	43.14	67.7	1	18.3
3101.234	34.86	1.84	64.32	6.43	6.84	44.00	68.4	1	18.0
3101.379	35.09	1.84	64.42	6.45	6.77	43.69	67.8	1	18.3
3101.439	34.87	1.84	64.03	6.45	6.77	43.66	68.2	1	18.2
3101.543	34.92	1.80	63.00	6.42	6.68	42.92	68.1	1	18.0
3101.688	35.02	1.83	64.24	6.41	6.75	43.26	67.3	1	18.3
3101.748	34.70	1.85	64.26	6.33	6.87	43.51	67.7	1	18.2
3101.852	34.92	1.81	63.07	6.44	6.68	43.04	68.2	1	18.2
3101.997	34.74	1.85	64.20	6.37	6.91	44.03	68.6	1	18.5
3102.057	34.44	1.85	63.74	6.31	6.91	43.60	68.4	1	18.5
3102.161	34.21	1.89	64.64	6.35	6.94	44.08	68.2	1	18.8
3102.306	33.99	1.91	65.02	6.37	7.09	45.16	69.5	1	18.8
3102.366	33.95	1.90	64.64	6.39	6.78	43.32	67.0	1	18.6
3102.470	34.07	1.89	64.30	6.43	6.84	44.00	68.4	1	18.8
3102.615	33.94	1.90	64.39	6.41	6.90	44.22	68.7	1	18.6
3102.675	34.20	1.87	64.12	6.47	6.63	42.87	66.9	1	18.6
3102.779	34.10	1.88	64.17	6.38	6.90	44.06	68.7	1	18.5
3102.924	33.97	1.87	63.63	6.43	6.76	43.43	68.2	1	18.6
3102.984	34.10	1.89	64.37	6.43	6.79	43.61	67.8	1	18.8
3103.088	33.71	1.90	64.05	6.35	6.80	43.14	67.3	1	18.8
3103.233	33.94	1.89	64.09	6.38	6.69	42.70	66.6	1	18.8
3103.293	33.86	1.89	64.10	6.35	6.84	43.45	67.8	1	18.8
3103.397	34.09	1.86	63.55	6.37	6.89	43.91	69.1	1	18.6
3103.542	33.64	1.89	63.54	6.29	6.84	43.04	67.7	1	18.9
3103.602	33.75	1.89	63.70	6.38	6.75	43.09	67.6	1	18.9
3103.706	33.23	1.92	63.72	6.33	6.82	43.17	67.7	1	19.1
3103.851	33.08	1.93	63.73	6.31	6.92	43.67	68.5	1	18.9
3103.911	32.98	1.92	63.32	6.27	6.88	43.17	68.2	1	18.8
3104.015	33.23	1.90	63.22	6.30	6.88	43.33	68.5	1	18.9
3104.160	33.19	1.90	63.03	6.32	6.84	43.25	68.6	1	18.9
3104.220	33.27	1.91	63.62	6.38	6.77	43.17	67.9	1	18.9
3104.324	33.33	1.90	63.32	6.31	6.92	43.66	69.0	1	18.9
3104.469	32.84	1.93	63.32	6.22	7.00	43.57	68.8	1	19.1
3104.529	32.43	1.93	62.60	6.25	6.79	42.42	67.8	1	18.9
3104.633	32.95	1.93	63.60	6.28	6.96	43.68	68.7	1	18.9
3104.778	33.33	1.91	63.62	6.30	6.86	43.21	67.9	1	18.9
3104.838	33.20	1.92	63.69	6.32	6.83	43.15	67.7	1	19.1
3104.942	33.10	1.91	63.11	6.32	6.97	44.03	69.8	1	18.9
3105.087	32.76	1.91	62.63	6.25	6.87	42.97	68.6	1	19.1
3105.147	32.68	1.92	62.73	6.23	6.98	43.51	69.4	1	19.1
3105.251	31.98	1.93	61.75	6.17	6.79	41.89	67.8	1	19.1
3105.396	32.00	1.93	61.77	6.18	6.82	42.13	68.2	1	19.1
3105.456	32.17	1.91	61.54	6.22	6.70	41.69	67.7	1	18.9
3105.560	32.53	1.91	62.11	6.24	6.74	42.05	67.7	1	18.9
3105.705	32.39	1.92	62.26	6.14	6.85	42.10	67.6	1	19.1
3105.765	32.16	1.93	62.07	6.18	6.75	41.71	67.2	1	19.2
3105.869	31.75	1.94	61.45	6.11	6.89	42.07	68.5	1	19.2
3106.014	31.99	1.94	61.99	6.14	6.75	41.46	66.9	1	18.9
3106.074	31.95	1.94	61.82	6.08	6.81	41.42	67.0	1	18.8
3106.178	32.25	1.94	62.47	6.11	6.82	41.68	66.7	1	18.8
3106.323	33.09	1.91	63.22	6.19	6.92	42.84	67.8	1	18.5
3106.383	33.25	1.91	63.36	6.16	7.20	44.31	69.9	1	18.5
3106.487	33.53	1.88	63.10	6.26	6.78	42.44	67.3	1	18.5
3106.632	33.23	1.89	62.78	6.17	6.97	42.97	68.4	1	18.6
3106.692	33.28	1.90	63.34	6.16	7.02	43.22	68.2	1	18.8
3106.796	33.34	1.88	62.62	6.24	6.78	42.31	67.6	1	18.6
3106.941	33.09	1.90	62.97	6.21	6.80	42.23	67.1	1	18.9
3107.001	33.08	1.90	62.76	6.23	6.77	42.19	67.2	1	18.8
3107.105	33.18	1.91	63.37	6.19	7.02	43.43	68.5	1	18.8
3107.250	33.13	1.90	62.98	6.14	6.97	42.83	68.0	1	18.8
3107.310	33.16	1.91	63.48	6.19	7.01	43.41	68.4	1	18.8
3107.414	32.93	1.91	63.01	6.21	6.92	42.98	68.2	1	18.8
3107.559	32.14	1.92	61.65	6.07	6.86	41.66	67.6	1	19.1
3107.619	32.24	1.93	62.31	6.09	7.00	42.63	68.4	1	18.9
3107.723	32.62	1.90	62.03	6.21	6.72	41.77	67.3	1	18.8
3107.868	33.12	1.92	63.66	6.15	7.03	43.22	67.9	1	18.5
3107.928	33.63	1.89	63.67	6.21	7.00	43.46	68.3	1	18.3
3108.032	33.81	1.86	62.82	6.27	6.76	42.38	67.5	1	18.5
3108.177	33.61	1.86	62.38	6.21	6.75	41.86	67.1	1	18.3
3108.237	33.72	1.85	62.53	6.22	6.76	42.05	67.2	1	18.5
3108.341	33.68	1.87	62.83	6.24	6.76	42.22	67.2	1	18.5
3108.486	33.33	1.90	63.24	6.25	6.79	42.47	67.2	1	18.6
3108.546	33.57	1.90	63.65	6.31	6.77	42.68	67.1	1	18.8
3108.650	33.68	1.90	63.83	6.28	6.93	43.52	68.2	1	18.5
3108.795	33.59	1.90	63.68	6.30	6.74	42.47	66.7	1	18.8
3108.855	33.57	1.90	63.62	6.28	6.93	43.56	68.5	1	18.8
3108.959	33.11	1.90	62.89	6.22	6.82	42.48	67.5	1	18.8
3109.104	33.38	1.91	63.71	6.24	7.05	43.97	69.0	1	18.8
3109.164	32.86	1.90	62.54	6.16	6.94	42.74	68.3	1	18.9
3109.268	32.88	1.91	62.93	6.19	6.74	41.78	66.4	1	18.8
3109.413	33.11	1.90	62.98	6.17	6.91	42.66	67.7	1	18.6
3109.473	33.13	1.90	63.02	6.17	6.79	41.90	66.5	1	18.6
3109.577	33.02	1.91	63.06	6.15	6.84	42.05	66.7	1	18.5
3109.722	33.25	1.90	63.07	6.18	6.87	42.47	67.3	1	18.8
3109.782	33.14	1.89	62.57	6.21	6.76	41.99	67.1	1	18.6
3109.886	33.30	1.88	62.76	6.22	6.76	42.09	67.1	1	18.6
3110.031	33.76	1.88	63.34	6.31	6.71	42.38	66.9	1	18.5
3110.091	33.80	1.87	63.24	6.29	6.75	42.49	67.2	1	18.3
3110.195	33.97	1.88	63.84	6.31	6.73	42.50	66.6	1	18.6
3110.340	33.93	1.89	63.98	6.29	6.80	42.78	66.9	1	18.3
3110.400	33.96	1.89	64.22	6.23	6.99	43.56	67.8	1	18.2
3110.504	34.13	1.87	63.81	6.19	7.08	43.85	68.7	1	18.3
3110.649	33.71	1.90	64.02	6.20	7.02	43.52	68.0	1	18.5
3110.709	33.54	1.91	63.93	6.18	7.07	43.68	68.3	1	18.5
3110.813	33.39	1.92	63.99	6.19	7.10	43.91	68.6	1	18.6
3110.958	33.32	1.92	63.85	6.14	7.10	43.57	68.2	1	18.3
3111.018	33.62	1.91	64.15	6.17	7.15	44.10	68.8	1	18.3
3111.122	33.89	1.92	65.02	6.16	7.20	44.37	68.2	1	18.2
3111.267	34.50	1.89	65.20	6.15	7.23	44.45	68.2	1	18.0
3111.327	34.55	1.88	64.92	6.17	7.17	44.25	68.2	1	18.0
3111.431	34.59	1.88	65.05	6.22	7.13	44.36	68.2	1	18.0
3111.576	34.68	1.85	64.20	6.22	6.87	42.74	66.6	1	18.0
3111.636	34.96	1.80	63.04	6.26	6.75	42.27	67.0	1	17.9
3111.740	34.65	1.82	63.23	6.26	6.79	42.52	67.3	1	18.0
3111.885	34.31	1.86	63.85	6.20	6.95	43.11	67.5	1	18.3
3111.945	34.31	1.85	63.31	6.26	6.87	42.97	67.9	1	18.2
3112.049	34.29	1.86	63.65	6.23	6.81	42.41	66.6	1	18.2
3112.194	33.92	1.89	64.06	6.22	6.89	42.84	66.9	1	18.5
3112.254	33.77	1.89	63.66	6.26	6.85	42.87	67.3	1	18.6
3112.358	33.29	1.90	63.36	6.15	6.97	42.88	67.7	1	18.5
3112.503	33.14	1.90	62.92	6.14	6.99	42.92	68.2	1	18.5
3112.563	33.44	1.90	63.61	6.19	7.04	43.57	68.5	1	18.5
3112.667	33.13	1.92	63.52	6.14	6.92	42.45	66.8	1	18.6
3112.812	33.16	1.92	63.64	6.06	6.96	42.20	66.3	1	18.3
3112.872	33.51	1.91	63.94	6.13	7.00	42.92	67.1	1	18.2
3112.976	33.63	1.90	63.81	6.12	7.02	43.02	67.4	1	18.3
3113.121	33.37	1.89	63.09	6.17	6.97	43.00	68.1	1	18.5
3113.181	33.42	1.90	63.66	6.19	6.96	43.09	67.7	1	18.3
3113.285	33.47	1.87	62.70	6.12	7.04	43.04	68.6	1	18.3
3113.430	33.83	1.89	63.92	6.16	7.18	44.23	69.2	1	18.6
3113.490	33.13	1.91	63.26	6.10	6.91	42.18	66.7	1	18.6
3113.594	33.27	1.91	63.65	6.05	7.26	43.94	69.0	1	18.5
3113.739	33.65	1.91	64.43	6.18	7.13	44.02	68.3	1	18.3
3113.799	33.94	1.89	64.14	6.19	7.04	43.55	67.9	1	18.2
3113.903	33.75	1.91	64.36	6.16	7.10	43.73	67.9	1	18.3
3114.048	34.02	1.89	64.23	6.21	6.93	43.04	67.0	1	18.2
3114.108	33.99	1.87	63.65	6.19	7.02	43.48	68.3	1	18.3
3114.212	33.93	1.88	63.92	6.21	6.97	43.29	67.7	1	18.5
3114.357	33.76	1.91	64.59	6.21	7.12	44.21	68.4	1	18.3
3114.417	33.81	1.88	63.66	6.21	6.95	43.19	67.8	1	18.2
3114.521	33.77	1.88	63.45	6.15	7.10	43.66	68.8	1	18.3
3114.666	33.52	1.89	63.41	6.13	7.10	43.54	68.7	1	18.5
3114.726	33.82	1.90	64.15	6.20	7.06	43.80	68.3	1	18.3
3114.830	33.72	1.90	64.01	6.16	6.95	42.80	66.9	1	18.3
3114.975	33.52	1.90	63.61	6.10	7.05	43.03	67.6	1	18.2
3115.035	33.68	1.87	63.04	6.11	7.17	43.77	69.4	1	18.3
3115.139	33.44	1.91	63.70	6.14	6.91	42.44	66.6	1	18.5
3115.284	33.48	1.91	64.02	6.10	7.14	43.57	68.1	1	18.3
3115.344	33.55	1.89	63.50	6.13	7.09	43.47	68.5	1	18.3
3115.448	32.98	1.91	62.97	6.02	7.16	43.07	68.4	1	18.5
3115.593	33.18	1.91	63.31	6.03	7.06	42.60	67.3	1	18.3
3115.653	33.48	1.89	63.31	6.16	6.91	42.55	67.2	1	18.3
3115.757	33.57	1.90	63.71	6.04	7.22	43.60	68.4	1	18.2
3115.902	34.00	1.90	64.75	6.10	7.20	43.88	67.8	1	18.0
3115.962	34.36	1.87	64.40	6.15	7.14	43.91	68.2	1	17.9
3116.066	34.34	1.87	64.08	6.19	6.94	42.95	67.0	1	18.0
3116.211	33.94	1.87	63.43	6.20	6.93	43.00	67.8	1	18.0
3116.271	34.08	1.87	63.87	6.16	7.13	43.94	68.8	1	18.0
3116.375	34.32	1.85	63.47	6.18	6.90	42.62	67.1	1	17.9
3116.520	34.05	1.88	63.91	6.12	7.02	42.94	67.2	1	18.2
3116.580	34.00	1.88	63.82	6.15	7.05	43.37	68.0	1	18.2
3116.684	34.11	1.88	64.00	6.11	7.13	43.56	68.1	1	18.0
3116.829	34.28	1.87	64.13	6.10	7.12	43.44	67.7	1	17.9
3116.889	34.52	1.86	64.23	6.13	7.14	43.76	68.1	1	17.9
3116.993	34.57	1.85	63.97	6.09	6.97	42.51	66.4	1	17.9
3117.138	34.63	1.87	64.63	6.10	7.08	43.20	66.8	1	17.6
3117.198	34.69	1.83	63.65	6.10	6.98	42.55	66.9	1	17.6
3117.302	34.72	1.82	63.31	6.10	7.04	42.93	67.8	1	17.7
3117.447	34.53	1.86	64.34	6.09	7.08	43.11	67.0	1	17.7
3117.507	34.71	1.85	64.31	6.03	7.29	43.95	68.3	1	17.6
3117.611	34.55	1.86	64.40	6.03	7.17	43.28	67.2	1	17.9
3117.756	34.63	1.86	64.37	6.05	7.18	43.47	67.5	1	17.6
3117.816	34.95	1.83	63.92	6.07	7.09	43.01	67.3	1	17.6
3117.920	34.83	1.82	63.34	6.09	7.05	42.94	67.8	1	17.6
3118.065	35.15	1.80	63.33	6.09	7.05	42.94	67.8	1	17.6
3118.125	34.92	1.81	63.22	6.11	6.87	41.98	66.4	1	17.7
3118.229	34.97	1.80	62.94	6.15	6.81	41.87	66.5	1	17.6
3118.374	35.18	1.78	62.60	6.08	6.81	41.42	66.2	1	17.3
3118.434	34.91	1.76	61.47	5.98	7.19	42.97	69.9	1	17.4
3118.538	34.90	1.81	63.01	5.97	7.00	41.80	66.3	1	17.1
3118.683	35.30	1.74	61.39	6.09	6.27	38.22	62.3	1	17.1
3118.743	35.17	1.76	62.00	6.03	6.39	38.55	62.2	1	17.0
3118.847	35.20	1.78	62.65	5.82	7.16	41.67	66.5	1	16.8
3118.992	35.27	1.77	62.34	5.80	7.15	41.50	66.6	1	16.8
3119.052	35.44	1.74	61.55	5.78	7.18	41.54	67.5	1	16.7
3119.156	35.43	1.73	61.30	5.75	7.27	41.81	68.2	1	17.0
3119.301	35.32	1.73	61.11	5.82	7.21	41.95	68.6	1	17.0
3119.361	35.29	1.77	62.55	5.78	7.18	41.47	66.3	1	17.1
3119.465	34.45	1.72	59.42	5.67	6.93	39.28	66.1	1	17.0
3119.610	32.61	1.65	53.83	5.38	6.60	35.46	65.9	1	17.0
3119.670	31.41	1.61	50.67	5.17	6.50	33.61	66.3	1	17.1
3119.774	25.37	1.85	46.89	4.86	6.06	29.46	62.8	1	32.1
3119.919	8.53	3.44	29.37	2.89	3.89	11.23	38.2	1	55.0
3119.979	6.78	3.61	24.47	2.86	3.68	10.54	43.1	1	40.0
3120.083	8.08	3.71	29.97	3.38	4.75	16.06	53.6	1	30.0
3120.228	20.01	2.32	46.50	3.59	6.00	21.56	46.4	1	10.0
3120.288	28.31	1.62	45.76	3.46	5.64	19.54	42.7	1	10.0
3120.392	34.40	1.10	37.68	3.41	5.40	18.42	48.9	1	10.0
3120.537	31.02	1.40	43.39	3.65	6.59	24.04	55.4	1	18.0
3120.597	27.30	1.55	42.25	3.57	6.57	23.43	55.5	1	15.5
3120.701	34.01	1.15	39.10	3.38	6.29	21.26	54.4	1	10.0
3120.846	36.74	0.98	35.91	3.24	6.17	20.01	55.7	1	12.5
3120.906	30.20	1.47	44.32	3.41	6.60	22.52	50.8	1	27.5
3121.010	13.74	2.89	39.71	2.89	4.97	14.35	36.1	1	55.0
3121.155	7.12	3.42	24.37	2.97	3.76	11.15	45.7	1	40.0
3121.215	7.47	3.48	26.02	3.22	4.17	13.43	51.6	1	35.0
3121.319	12.49	2.98	37.28	3.49	5.79	20.18	54.1	1	22.5
3121.464	30.23	1.47	44.49	3.44	5.77	19.88	44.7	1	10.0
3121.524	33.68	1.18	39.71	3.40	5.61	19.05	48.0	1	10.0
3121.628	35.70	1.26	45.06	3.71	6.55	24.27	53.9	1	14.0
3121.773	29.69	1.67	49.51	3.76	7.34	27.59	55.7	1	14.0
3121.833	32.31	1.68	54.19	3.99	7.85	31.36	57.9	1	14.0
3121.937	34.51	1.70	58.64	4.19	8.28	34.72	59.2	1	14.1
3122.082	35.37	1.77	62.58	4.34	8.50	36.91	59.0	1	14.4
3122.142	35.40	1.79	63.38	4.39	8.59	37.67	59.4	1	14.6
3122.246	35.14	1.85	65.02	4.42	8.76	38.68	59.5	1	14.9
3122.391	33.65	1.92	64.54	4.24	8.91	37.78	58.5	1	14.9
3122.451	33.42	1.92	64.32	4.19	8.96	37.57	58.4	1	15.0
3122.555	32.98	1.92	63.45	4.15	8.94	37.13	58.5	1	14.9
3122.700	33.03	1.92	63.50	4.17	8.98	37.49	59.0	1	14.9
3122.760	32.68	1.92	62.82	4.11	8.91	36.62	58.3	1	15.0
3122.864	32.17	1.89	60.92	4.06	8.75	35.55	58.4	1	14.9
3123.009	32.13	1.93	61.92	4.07	8.82	35.93	58.0	1	15.3
3123.069	31.65	1.92	60.71	4.08	8.76	35.74	58.9	1	15.3
3123.173	32.59	1.93	62.83	4.24	8.78	37.25	59.3	1	15.0
3123.318	33.91	1.94	65.66	4.29	8.92	38.30	58.3	1	14.7
3123.378	34.22	1.92	65.83	4.29	8.92	38.30	58.2	1	14.6
3123.482	34.44	1.91	65.85	4.31	8.97	38.67	58.7	1	14.7
3123.627	34.23	1.92	65.56	4.33	8.95	38.74	59.1	1	14.9
3123.687	34.42	1.91	65.89	4.33	8.95	38.78	58.9	1	14.7
3123.791	34.77	1.89	65.61	4.37	8.91	38.96	59.4	1	14.6
3123.936	34.92	1.88	65.81	4.33	8.92	38.64	58.7	1	14.6
3123.996	34.92	1.88	65.52	4.34	8.91	38.68	59.0	1	14.7
3124.100	34.84	1.89	65.89	4.39	8.90	39.10	59.3	1	14.9
3124.245	34.17	1.90	64.89	4.40	8.82	38.86	59.9	1	14.9
3124.305	33.17	1.83	60.81	4.27	8.52	36.41	59.9	1	15.0
3124.409	32.07	1.73	55.57	4.17	8.03	33.53	60.3	1	15.0
3124.554	31.79	1.71	54.30	4.18	7.83	32.76	60.3	1	14.9
3124.614	32.48	1.73	56.09	4.23	7.92	33.51	59.7	1	14.9
3124.718	34.14	1.77	60.44	4.36	8.24	35.98	59.5	1	14.6
3124.863	35.21	1.80	63.27	4.41	8.53	37.61	59.4	1	14.3
3124.923	35.27	1.80	63.44	4.37	8.54	37.34	58.9	1	14.1
3125.027	35.44	1.77	62.82	4.36	8.55	37.31	59.4	1	14.3
3125.172	35.29	1.82	64.36	4.41	8.71	38.45	59.7	1	14.6
3125.232	35.10	1.85	64.95	4.43	8.77	38.85	59.8	1	14.7
3125.336	34.79	1.88	65.52	4.43	8.84	39.14	59.7	1	15.0
3125.481	34.10	1.91	65.14	4.41	8.83	38.99	59.9	1	15.0
3125.541	34.20	1.91	65.44	4.43	8.83	39.17	59.9	1	15.0
3125.645	34.30	1.92	65.83	4.45	8.84	39.35	59.8	1	15.0
3125.790	34.78	1.91	66.53	4.42	8.90	39.35	59.1	1	14.9
3125.850	34.95	1.90	66.42	4.44	8.87	39.37	59.3	1	14.7
3125.954	34.80	1.91	66.39	4.45	8.89	39.56	59.6	1	15.0
3126.099	34.65	1.92	66.49	4.44	8.93	39.66	59.7	1	14.7
3126.159	34.73	1.90	65.98	4.45	8.91	39.63	60.1	1	14.9
3126.263	34.62	1.91	66.19	4.45	8.90	39.58	59.8	1	15.0
3126.408	34.25	1.92	65.83	4.36	9.00	39.26	59.6	1	14.7
3126.468	34.28	1.91	65.62	4.31	9.04	38.95	59.4	1	14.7
3126.572	33.49	1.92	64.43	4.19	9.05	37.93	58.9	1	14.9
3126.717	33.63	1.93	64.77	4.17	9.13	38.07	58.8	1	14.6
3126.777	33.86	1.92	65.14	4.18	9.14	38.21	58.7	1	14.6
3126.881	34.51	1.91	66.06	4.19	9.20	38.56	58.4	1	14.3
3127.026	34.95	1.87	65.51	4.17	9.16	38.17	58.3	1	14.3
3127.086	34.95	1.88	65.65	4.17	9.21	38.38	58.5	1	14.3
3127.190	34.74	1.89	65.73	4.18	9.24	38.58	58.7	1	14.4
3127.335	35.05	1.88	65.73	4.18	9.21	38.47	58.5	1	14.1
3127.395	35.06	1.88	65.79	4.17	9.22	38.43	58.4	1	14.3
3127.499	34.97	1.89	66.03	4.18	9.25	38.63	58.5	1	14.4
3127.644	34.55	1.92	66.23	4.16	9.28	38.65	58.4	1	14.6
3127.704	34.46	1.92	66.28	4.15	9.27	38.48	58.1	1	14.6
3127.808	34.27	1.91	65.62	4.15	9.23	38.34	58.4	1	14.4
3127.953	34.64	1.91	66.33	4.19	9.26	38.78	58.5	1	14.4
3128.013	34.75	1.91	66.32	4.16	9.26	38.57	58.2	1	14.3
3128.117	34.97	1.89	66.14	4.18	9.22	38.53	58.3	1	14.3
3128.262	34.73	1.91	66.30	4.19	9.26	38.80	58.5	1	14.6
3128.322	34.39	1.92	65.93	4.19	9.21	38.56	58.5	1	14.6
3128.426	34.56	1.91	66.08	4.18	9.23	38.61	58.4	1	14.4
3128.571	34.60	1.91	66.05	4.18	9.22	38.59	58.4	1	14.6
3128.631	34.40	1.91	65.81	4.19	9.21	38.61	58.7	1	14.6
3128.735	34.42	1.91	65.80	4.22	9.20	38.77	58.9	1	14.4
3128.880	35.02	1.87	65.56	4.20	9.20	38.62	58.9	1	14.1
3128.940	34.98	1.88	65.79	4.21	9.14	38.48	58.5	1	14.3
3129.044	34.94	1.88	65.73	4.18	9.16	38.32	58.3	1	14.3
3129.189	35.02	1.86	65.27	4.16	9.16	38.16	58.5	1	14.3
3129.249	34.89	1.86	64.99	4.16	9.14	37.98	58.4	1	14.3
3129.353	34.42	1.84	63.21	4.10	9.01	36.96	58.5	1	14.1
3129.498	34.47	1.86	63.98	4.16	9.08	37.74	59.0	1	14.4
3129.558	34.53	1.88	64.92	4.19	9.11	38.22	58.9	1	14.4
3129.662	34.44	1.90	65.28	4.18	9.16	38.31	58.7	1	14.7
3129.807	33.71	1.92	64.65	4.17	9.07	37.83	58.5	1	14.6
3129.867	34.02	1.91	64.89	4.20	9.08	38.18	58.8	1	14.6
3129.971	34.55	1.90	65.57	4.21	9.16	38.58	58.8	1	14.3
3130.116	34.97	1.89	66.12	4.15	9.22	38.30	57.9	1	14.3
3130.176	34.87	1.90	66.24	4.17	9.23	38.46	58.1	1	14.4
3130.280	34.77	1.89	65.82	4.16	9.25	38.47	58.5	1	14.3
3130.425	34.66	1.89	65.52	4.19	9.24	38.72	59.1	1	14.4
3130.485	34.58	1.90	65.83	4.18	9.24	38.62	58.7	1	14.4
3130.589	34.20	1.94	66.20	4.15	9.22	38.30	57.9	1	14.6
3130.734	33.72	1.94	65.49	4.11	9.19	37.78	57.7	1	14.6
3130.794	33.78	1.94	65.41	4.12	9.19	37.85	57.9	1	14.6
3130.898	33.89	1.93	65.41	4.15	9.17	38.06	58.2	1	14.6
3131.043	33.71	1.93	65.21	4.16	9.20	38.30	58.7	1	14.6
3131.103	34.06	1.92	65.51	4.16	9.23	38.44	58.7	1	14.4
3131.207	34.57	1.91	66.11	4.17	9.26	38.60	58.4	1	14.1
3131.352	34.84	1.89	65.88	4.18	9.28	38.77	58.8	1	14.3
3131.412	34.88	1.89	66.00	4.19	9.29	38.90	58.9	1	14.3
3131.516	34.79	1.91	66.41	4.16	9.30	38.67	58.2	1	14.4
3131.661	34.75	1.92	66.80	4.15	9.31	38.59	57.8	1	14.3
3131.721	34.83	1.91	66.47	4.15	9.32	38.67	58.2	1	14.1
3131.825	34.86	1.90	66.30	4.14	9.32	38.60	58.2	1	14.1
3131.970	34.84	1.92	66.79	4.14	9.36	38.75	58.0	1	14.4
3132.030	34.56	1.92	66.42	4.13	9.33	38.49	57.9	1	14.4
3132.134	34.39	1.91	65.80	4.10	9.34	38.27	58.2	1	14.4
3132.279	34.57	1.91	65.89	4.09	9.36	38.29	58.1	1	14.3
3132.339	34.71	1.90	65.92	4.10	9.34	38.26	58.0	1	14.1
3132.443	34.84	1.89	65.79	4.11	9.32	38.31	58.2	1	14.3
3132.588	34.77	1.91	66.25	4.11	9.32	38.29	57.8	1	14.3
3132.648	34.86	1.89	65.91	4.13	9.31	38.48	58.4	1	14.1
3132.752	34.91	1.89	65.93	4.16	9.29	38.68	58.7	1	14.3
3132.897	34.61	1.91	66.09	4.17	9.27	38.66	58.5	1	14.6
3132.957	34.19	1.91	65.40	4.14	9.26	38.32	58.6	1	14.4
3133.061	34.37	1.92	66.00	4.14	9.28	38.46	58.3	1	14.4
3133.206	34.94	1.91	66.69	4.18	9.28	38.77	58.1	1	14.1
3133.266	35.02	1.89	66.24	4.17	9.27	38.65	58.3	1	14.1
3133.370	35.06	1.88	65.96	4.20	9.27	38.93	59.0	1	14.3
3133.515	35.13	1.88	65.98	4.18	9.21	38.49	58.3	1	14.1
3133.575	35.16	1.87	65.84	4.18	9.21	38.48	58.5	1	14.1
3133.679	35.19	1.87	65.88	4.17	9.23	38.46	58.4	1	14.1
3133.824	34.92	1.89	65.92	4.20	9.26	38.87	59.0	1	14.4
3133.884	34.67	1.90	66.04	4.20	9.24	38.77	58.7	1	14.6
3133.988	34.17	1.92	65.53	4.17	9.21	38.39	58.6	1	14.6
3134.133	34.74	1.89	65.83	4.20	9.30	39.07	59.3	1	14.3
3134.193	34.87	1.89	65.93	4.17	9.29	38.76	58.8	1	14.3
3134.297	34.90	1.89	66.04	4.18	9.27	38.80	58.8	1	14.3
3134.442	34.78	1.90	65.92	4.17	9.28	38.69	58.7	1	14.3
3134.502	34.78	1.90	66.08	4.19	9.28	38.88	58.8	1	14.3
3134.606	34.90	1.89	66.13	4.16	9.29	38.62	58.4	1	14.1
3134.751	35.30	1.86	65.73	4.16	9.20	38.29	58.2	1	14.1
3134.811	35.17	1.87	65.64	4.17	9.20	38.33	58.4	1	14.3
3134.915	35.17	1.86	65.56	4.18	9.22	38.52	58.8	1	14.1
3135.060	35.36	1.86	65.88	4.18	9.28	38.77	58.9	1	14.1
3135.120	35.19	1.86	65.51	4.18	9.27	38.72	59.1	1	14.1
3135.224	35.34	1.85	65.46	4.16	9.24	38.48	58.8	1	14.0
3135.369	35.27	1.85	65.42	4.16	9.24	38.46	58.8	1	14.1
3135.429	35.42	1.85	65.53	4.14	9.22	38.22	58.3	1	14.1
3135.533	35.48	1.83	64.97	4.13	9.18	37.96	58.4	1	14.0
3135.678	35.20	1.87	65.77	4.18	9.22	38.56	58.6	1	14.4
3135.738	34.94	1.88	65.73	4.21	9.22	38.77	59.0	1	14.4
3135.842	34.50	1.92	66.14	4.22	9.23	38.93	58.9	1	14.6
3135.987	33.95	1.92	65.27	4.17	9.21	38.36	58.8	1	14.6
3136.047	33.98	1.93	65.54	4.17	9.23	38.49	58.7	1	14.6
3136.151	33.84	1.93	65.29	4.19	9.19	38.56	59.1	1	14.6
3136.296	33.71	1.93	65.01	4.16	9.18	38.17	58.7	1	14.6
3136.356	34.05	1.93	65.72	4.15	9.21	38.23	58.2	1	14.4
3136.460	34.61	1.91	66.09	4.16	9.24	38.44	58.2	1	14.1
3136.605	34.83	1.89	65.94	4.19	9.24	38.71	58.7	1	14.4
3136.665	34.67	1.91	66.07	4.20	9.23	38.78	58.7	1	14.6
3136.769	34.02	1.93	65.57	4.17	9.21	38.35	58.5	1	14.6
3136.914	34.37	1.92	65.99	4.16	9.25	38.51	58.4	1	14.4
3136.974	34.41	1.92	66.11	4.17	9.27	38.67	58.5	1	14.4
3137.078	34.46	1.91	65.95	4.18	9.27	38.74	58.7	1	14.4
3137.223	34.57	1.92	66.24	4.20	9.29	38.99	58.9	1	14.3
3137.283	34.79	1.91	66.31	4.22	9.27	39.12	59.0	1	14.3
3137.387	34.83	1.90	66.30	4.21	9.26	38.96	58.8	1	14.4
3137.532	34.51	1.92	66.26	4.20	9.24	38.83	58.6	1	14.4
3137.592	34.69	1.91	66.14	4.19	9.25	38.77	58.6	1	14.3
3137.696	34.93	1.90	66.42	4.18	9.26	38.74	58.3	1	14.3
3137.841	35.03	1.89	66.32	4.19	9.22	38.62	58.2	1	14.3
3137.901	35.01	1.90	66.43	4.20	9.25	38.87	58.5	1	14.3
3138.005	34.95	1.89	66.02	4.21	9.26	39.01	59.1	1	14.1
3138.150	35.06	1.89	66.09	4.19	9.26	38.82	58.7	1	14.3
3138.210	34.94	1.88	65.66	4.22	9.25	39.04	59.5	1	14.4
3138.314	34.70	1.90	65.97	4.22	9.23	38.90	59.0	1	14.4
3138.459	34.28	1.91	65.36	4.18	9.23	38.62	59.1	1	14.6
3138.519	34.33	1.91	65.64	4.17	9.22	38.49	58.6	1	14.4
3138.623	34.50	1.91	65.78	4.16	9.30	38.70	58.8	1	14.3
3138.768	34.72	1.90	65.90	4.16	9.29	38.65	58.6	1	14.3
3138.828	34.76	1.90	66.10	4.16	9.29	38.67	58.5	1	14.1
3138.932	35.01	1.88	65.64	4.17	9.28	38.72	59.0	1	14.1
3139.077	35.15	1.87	65.62	4.16	9.26	38.49	58.7	1	14.1
3139.137	35.07	1.87	65.51	4.16	9.23	38.40	58.6	1	14.1
3139.241	34.94	1.86	65.13	4.18	9.24	38.58	59.2	1	14.3
3139.386	35.06	1.86	65.21	4.18	9.23	38.61	59.2	1	14.1
3139.446	35.14	1.85	64.86	4.17	9.20	38.36	59.1	1	14.0
3139.550	35.16	1.86	65.45	4.20	9.21	38.70	59.1	1	14.3
3139.695	34.84	1.89	65.93	4.19	9.27	38.81	58.9	1	14.4
3139.755	34.54	1.91	65.88	4.17	9.27	38.70	58.7	1	14.6
3139.859	34.27	1.93	66.09	4.15	9.25	38.36	58.0	1	14.4
3140.004	34.50	1.91	65.77	4.13	9.28	38.37	58.3	1	14.4
3140.064	34.53	1.90	65.66	4.15	9.29	38.58	58.8	1	14.3
3140.168	34.93	1.88	65.63	4.14	9.26	38.34	58.4	1	14.1
3140.313	34.85	1.90	66.14	4.18	9.27	38.76	58.6	1	14.4
3140.373	34.69	1.91	66.11	4.17	9.27	38.72	58.6	1	14.6
3140.477	34.17	1.92	65.55	4.15	9.27	38.47	58.7	1	14.4
3140.622	34.36	1.91	65.79	4.18	9.28	38.77	58.9	1	14.4
3140.682	34.50	1.91	66.04	4.16	9.29	38.63	58.5	1	14.3
3140.786	34.66	1.91	66.08	4.16	9.28	38.60	58.4	1	14.3
3140.931	34.93	1.89	65.99	4.16	9.32	38.74	58.7	1	14.3
3140.991	34.91	1.90	66.22	4.15	9.32	38.68	58.4	1	14.3
3141.095	34.76	1.90	65.90	4.14	9.29	38.50	58.4	1	14.1
3141.240	34.87	1.88	65.48	4.19	9.28	38.92	59.4	1	14.3
3141.300	34.81	1.88	65.43	4.19	9.28	38.88	59.4	1	14.3
3141.404	34.85	1.89	65.84	4.19	9.26	38.83	59.0	1	14.3
3141.549	34.46	1.92	66.08	4.19	9.25	38.80	58.7	1	14.6
3141.609	34.26	1.92	65.71	4.18	9.23	38.61	58.8	1	14.6
3141.713	34.40	1.91	65.76	4.18	9.21	38.52	58.6	1	14.3
3141.858	34.66	1.90	65.85	4.20	9.27	38.90	59.1	1	14.3
3141.918	34.73	1.89	65.55	4.19	9.27	38.88	59.3	1	14.4
3142.022	34.53	1.90	65.74	4.18	9.28	38.79	59.0	1	14.4
3142.167	34.19	1.91	65.36	4.18	9.27	38.76	59.3	1	14.4
3142.227	34.24	1.92	65.84	4.16	9.29	38.66	58.7	1	14.4
3142.331	34.44	1.91	65.64	4.15	9.33	38.69	58.9	1	14.4
3142.476	34.02	1.93	65.59	4.12	9.26	38.19	58.2	1	14.4
3142.536	34.13	1.92	65.61	4.14	9.28	38.38	58.5	1	14.4
3142.640	34.03	1.93	65.57	4.13	9.31	38.48	58.7	1	14.4
3142.785	34.12	1.93	65.86	4.12	9.33	38.47	58.4	1	14.4
3142.845	34.05	1.93	65.58	4.11	9.32	38.31	58.4	1	14.4
3142.949	34.09	1.94	65.97	4.10	9.33	38.29	58.0	1	14.4
3143.094	34.58	1.92	66.27	4.14	9.33	38.64	58.3	1	14.3
3143.154	34.61	1.92	66.38	4.15	9.29	38.54	58.1	1	14.3
3143.258	34.48	1.92	66.16	4.13	9.32	38.52	58.2	1	14.4
3143.403	34.26	1.92	65.64	4.11	9.34	38.40	58.5	1	14.3
3143.463	34.39	1.91	65.57	4.10	9.35	38.38	58.5	1	14.3
3143.567	34.17	1.92	65.44	4.11	9.34	38.38	58.7	1	14.4
3143.712	33.93	1.93	65.47	4.09	9.33	38.18	58.3	1	14.4
3143.772	34.10	1.93	65.70	4.11	9.34	38.38	58.4	1	14.3
3143.876	34.52	1.91	65.80	4.12	9.34	38.49	58.5	1	14.1
3144.021	34.97	1.89	66.06	4.15	9.30	38.55	58.4	1	14.0
3144.081	35.10	1.88	65.83	4.13	9.25	38.17	58.0	1	14.1
3144.185	35.01	1.87	65.48	4.14	9.25	38.30	58.5	1	14.0
3144.330	35.12	1.86	65.35	4.15	9.26	38.39	58.7	1	14.0
3144.390	35.22	1.85	65.33	4.13	9.23	38.17	58.4	1	14.0
3144.494	35.13	1.86	65.38	4.13	9.24	38.17	58.4	1	14.1
3144.639	34.52	1.91	66.03	4.15	9.32	38.72	58.6	1	14.6
3144.699	34.08	1.93	65.66	4.13	9.31	38.49	58.6	1	14.6
3144.803	34.12	1.94	66.19	4.12	9.33	38.49	58.1	1	14.4
3144.948	34.50	1.92	66.29	4.12	9.31	38.40	57.9	1	14.3
3145.008	34.55	1.91	65.94	4.15	9.32	38.71	58.7	1	14.1
3145.112	34.67	1.90	65.76	4.16	9.31	38.73	58.9	1	14.3
3145.257	34.47	1.91	65.93	4.13	9.33	38.56	58.5	1	14.4
3145.317	34.32	1.93	66.08	4.10	9.33	38.28	57.9	1	14.4
3145.421	33.93	1.94	65.82	4.08	9.28	37.89	57.6	1	14.4
3145.566	34.04	1.93	65.58	4.12	9.29	38.30	58.4	1	14.6
3145.626	33.83	1.93	65.14	4.11	9.26	38.08	58.5	1	14.4
3145.730	34.18	1.93	65.89	4.14	9.32	38.54	58.5	1	14.3
3145.875	34.82	1.90	66.19	4.11	9.35	38.47	58.1	1	14.1
3145.935	34.90	1.89	65.81	4.12	9.34	38.48	58.5	1	14.0
3146.039	34.76	1.89	65.71	4.12	9.33	38.40	58.4	1	14.1
3146.184	34.86	1.89	65.90	4.12	9.34	38.48	58.4	1	14.1
3146.244	34.82	1.89	65.95	4.13	9.32	38.51	58.4	1	14.1
3146.348	34.67	1.91	66.37	4.13	9.31	38.50	58.0	1	14.4
3146.493	34.17	1.93	66.01	4.18	9.28	38.77	58.7	1	14.4
3146.553	34.23	1.93	66.17	4.18	9.27	38.77	58.6	1	14.4
3146.657	34.31	1.92	65.97	4.18	9.24	38.65	58.6	1	14.4
3146.802	34.37	1.92	66.06	4.21	9.26	38.93	58.9	1	14.4
3146.862	34.44	1.92	66.07	4.19	9.25	38.74	58.6	1	14.4
3146.966	34.41	1.91	65.72	4.21	9.25	38.95	59.3	1	14.6
3147.111	34.09	1.92	65.38	4.18	9.25	38.66	59.1	1	14.4
3147.171	34.17	1.92	65.52	4.17	9.28	38.71	59.1	1	14.4
3147.275	34.28	1.92	65.74	4.18	9.30	38.83	59.1	1	14.4
3147.420	34.45	1.90	65.56	4.18	9.28	38.83	59.2	1	14.3
3147.480	34.29	1.90	65.05	4.18	9.24	38.60	59.3	1	14.4
3147.584	34.62	1.89	65.36	4.20	9.21	38.63	59.1	1	14.3
3147.729	34.95	1.88	65.71	4.20	9.20	38.59	58.7	1	14.1
3147.789	34.83	1.87	65.10	4.18	9.22	38.55	59.2	1	14.3
3147.893	34.57	1.90	65.67	4.15	9.28	38.48	58.6	1	14.4
3148.038	33.98	1.91	65.03	4.15	9.31	38.58	59.3	1	14.4
3148.098	34.19	1.92	65.68	4.13	9.31	38.42	58.5	1	14.3
3148.202	34.63	1.90	65.92	4.13	9.34	38.54	58.5	1	14.1
3148.347	34.69	1.90	65.92	4.13	9.34	38.53	58.4	1	14.4
3148.407	34.33	1.91	65.49	4.13	9.32	38.51	58.8	1	14.4
3148.511	34.47	1.90	65.40	4.14	9.31	38.59	59.0	1	14.1
3148.656	34.52	1.91	66.06	4.13	9.31	38.49	58.3	1	14.4
3148.716	34.28	1.92	65.86	4.16	9.31	38.68	58.7	1	14.6
3148.820	33.98	1.93	65.46	4.15	9.27	38.47	58.8	1	14.4
3148.965	34.35	1.92	66.03	4.15	9.30	38.58	58.4	1	14.3
3149.025	34.56	1.90	65.76	4.14	9.30	38.52	58.6	1	14.1
3149.129	34.52	1.89	65.21	4.12	9.33	38.46	59.0	1	14.1
3149.274	34.54	1.90	65.47	4.14	9.32	38.55	58.9	1	14.4
3149.334	34.43	1.91	65.92	4.13	9.32	38.49	58.4	1	14.6
3149.438	34.04	1.93	65.78	4.12	9.26	38.18	58.0	1	14.4
3149.583	34.35	1.92	65.93	4.15	9.27	38.49	58.4	1	14.3
3149.643	34.52	1.91	66.09	4.14	9.29	38.46	58.2	1	14.3
3149.747	34.68	1.91	66.26	4.15	9.26	38.48	58.1	1	14.3
3149.892	34.60	1.92	66.34	4.15	9.31	38.59	58.2	1	14.6
3149.952	34.13	1.93	65.84	4.13	9.31	38.46	58.4	1	14.6
3150.056	34.11	1.93	65.95	4.14	9.29	38.41	58.2	1	14.4
3150.201	34.40	1.94	66.58	4.14	9.31	38.52	57.8	1	14.3
3150.261	34.64	1.91	66.20	4.13	9.31	38.50	58.2	1	14.1
3150.365	34.71	1.90	66.02	4.14	9.31	38.49	58.3	1	14.3
3150.510	34.79	1.91	66.57	4.17	9.33	38.85	58.4	1	14.3
3150.570	34.58	1.92	66.40	4.15	9.33	38.76	58.4	1	14.4
3150.674	34.40	1.92	66.19	4.16	9.31	38.76	58.6	1	14.3
3150.819	34.77	1.90	65.92	4.13	9.30	38.45	58.3	1	14.3
3150.879	34.62	1.90	65.61	4.14	9.29	38.43	58.6	1	14.3
3150.983	34.63	1.89	65.47	4.15	9.30	38.56	58.9	1	14.3
3151.128	34.54	1.91	66.13	4.17	9.32	38.87	58.8	1	14.4
3151.188	34.38	1.92	65.84	4.15	9.31	38.66	58.7	1	14.4
3151.292	34.46	1.92	66.04	4.15	9.33	38.71	58.6	1	14.1
3151.437	34.91	1.89	66.06	4.15	9.38	38.91	58.9	1	14.1
3151.497	34.86	1.89	65.94	4.13	9.38	38.74	58.8	1	14.1
3151.601	34.89	1.88	65.69	4.14	9.37	38.76	59.0	1	14.1
3151.746	34.45	1.90	65.62	4.11	9.38	38.57	58.8	1	14.4
3151.806	34.29	1.92	65.83	4.12	9.36	38.52	58.5	1	14.3
3151.910	34.75	1.90	65.94	4.16	9.35	38.91	59.0	1	14.1
3152.055	34.48	1.91	65.97	4.12	9.36	38.60	58.5	1	14.4
3152.115	34.50	1.92	66.27	4.13	9.36	38.65	58.3	1	14.3
3152.219	34.69	1.91	66.11	4.14	9.37	38.78	58.7	1	14.3
3152.364	34.44	1.91	65.86	4.16	9.36	38.99	59.2	1	14.3
3152.424	34.57	1.91	66.10	4.16	9.36	38.89	58.8	1	14.3
3152.528	34.74	1.90	65.91	4.16	9.34	38.88	59.0	1	14.1
3152.673	34.66	1.91	66.14	4.18	9.32	38.97	58.9	1	14.4
3152.733	34.44	1.91	65.82	4.18	9.33	38.98	59.2	1	14.4
3152.837	34.52	1.91	66.07	4.17	9.31	38.86	58.8	1	14.1
3152.982	34.68	1.90	65.79	4.15	9.34	38.76	58.9	1	14.3
3153.042	34.67	1.90	66.03	4.16	9.33	38.76	58.7	1	14.4
3153.146	34.41	1.92	66.20	4.16	9.31	38.70	58.5	1	14.4
3153.291	34.35	1.92	65.95	4.18	9.32	38.91	59.0	1	14.3
3153.351	34.65	1.91	66.21	4.15	9.32	38.69	58.4	1	14.1
3153.455	34.79	1.90	66.00	4.15	9.32	38.71	58.7	1	14.3
3153.600	34.87	1.91	66.45	4.18	9.36	39.12	58.9	1	14.4
3153.660	34.54	1.91	65.87	4.19	9.34	39.14	59.4	1	14.4
3153.764	34.75	1.92	66.80	4.19	9.33	39.09	58.5	1	14.1
3153.909	35.08	1.89	66.31	4.18	9.29	38.90	58.7	1	14.1
3153.969	35.06	1.89	66.17	4.20	9.29	39.02	59.0	1	14.3
3154.073	34.84	1.91	66.60	4.19	9.32	39.03	58.6	1	14.3
3154.218	34.68	1.91	66.31	4.19	9.34	39.09	58.9	1	14.3
3154.278	34.84	1.90	66.30	4.21	9.32	39.20	59.1	1	14.3
3154.382	34.56	1.91	66.09	4.19	9.32	39.08	59.1	1	14.4
3154.527	34.48	1.92	66.32	4.21	9.31	39.18	59.1	1	14.4
3154.587	34.34	1.93	66.16	4.20	9.30	39.03	59.0	1	14.4
3154.691	34.42	1.93	66.36	4.19	9.29	38.93	58.7	1	14.3
3154.836	34.96	1.90	66.33	4.18	9.32	38.93	58.7	1	14.1
3154.896	35.03	1.90	66.44	4.19	9.32	39.10	58.9	1	14.3
3155.000	34.68	1.91	66.13	4.21	9.32	39.23	59.3	1	14.3
3155.145	34.63	1.91	66.21	4.19	9.37	39.32	59.4	1	14.3
3155.205	34.70	1.91	66.20	4.20	9.37	39.34	59.4	1	14.3
3155.309	34.85	1.90	66.22	4.17	9.33	38.92	58.8	1	14.3
3155.454	34.65	1.91	66.05	4.21	9.32	39.19	59.3	1	14.4
3155.514	34.56	1.91	66.16	4.19	9.31	39.03	59.0	1	14.4
3155.618	34.10	1.93	65.67	4.19	9.26	38.78	59.0	1	14.6
3155.763	34.46	1.91	65.83	4.19	9.28	38.92	59.1	1	14.3
3155.823	34.62	1.92	66.32	4.20	9.30	39.09	58.9	1	14.3
3155.927	34.90	1.90	66.26	4.19	9.30	38.94	58.8	1	14.1
3156.072	35.18	1.89	66.35	4.18	9.33	39.03	58.8	1	14.1
3156.132	35.09	1.89	66.21	4.17	9.34	38.91	58.8	1	14.0
3156.236	35.26	1.87	65.89	4.17	9.29	38.73	58.8	1	14.1
3156.381	35.46	1.86	66.05	4.16	9.25	38.48	58.3	1	14.0
3156.441	35.39	1.85	65.51	4.16	9.24	38.45	58.7	1	13.9
3156.545	35.43	1.85	65.73	4.15	9.23	38.29	58.2	1	14.1
3156.690	34.93	1.90	66.39	4.17	9.30	38.82	58.5	1	14.4
3156.750	34.60	1.91	65.99	4.19	9.27	38.84	58.9	1	14.3
3156.854	34.69	1.90	66.01	4.18	9.29	38.83	58.8	1	14.3
3156.999	34.79	1.90	66.06	4.19	9.31	39.02	59.1	1	14.3
3157.059	34.70	1.91	66.21	4.18	9.33	39.02	58.9	1	14.3
3157.163	34.80	1.90	66.04	4.19	9.33	39.11	59.2	1	14.1
3157.308	34.61	1.91	66.16	4.20	9.31	39.06	59.0	1	14.4
3157.368	34.42	1.91	65.90	4.19	9.32	39.08	59.3	1	14.4
3157.472	34.68	1.91	66.08	4.21	9.29	39.14	59.2	1	14.3
3157.617	35.13	1.89	66.27	4.23	9.29	39.27	59.2	1	14.3
3157.677	35.07	1.90	66.53	4.21	9.30	39.17	58.9	1	14.4
3157.781	34.51	1.92	66.40	4.23	9.25	39.10	58.9	1	14.6
3157.926	34.26	1.93	65.97	4.21	9.31	39.18	59.4	1	14.6
3157.986	34.33	1.92	65.92	4.23	9.29	39.26	59.6	1	14.4
3158.090	34.69	1.90	66.03	4.23	9.27	39.25	59.4	1	14.3
3158.235	34.95	1.90	66.38	4.23	9.26	39.18	59.0	1	14.1
3158.295	34.91	1.89	65.82	4.23	9.24	39.06	59.3	1	14.3
3158.399	34.77	1.91	66.25	4.22	9.28	39.15	59.1	1	14.4
3158.544	34.23	1.93	66.16	4.19	9.30	38.98	58.9	1	14.4
3158.604	34.45	1.93	66.36	4.22	9.29	39.19	59.0	1	14.3
3158.708	34.92	1.90	66.24	4.21	9.28	39.06	59.0	1	14.3
3158.853	35.03	1.89	66.16	4.23	9.29	39.25	59.3	1	14.0
3158.913	35.10	1.87	65.78	4.20	9.27	38.93	59.2	1	14.0
3159.017	35.20	1.88	66.10	4.23	9.26	39.15	59.2	1	14.1
3159.162	34.98	1.90	66.33	4.21	9.29	39.14	59.0	1	14.3
3159.222	34.95	1.89	66.22	4.25	9.31	39.54	59.7	1	14.3
3159.326	34.69	1.92	66.47	4.22	9.31	39.25	59.1	1	14.4
3159.471	32.53	1.77	57.58	3.95	8.65	34.21	59.4	1	14.4
3159.531	30.80	1.65	50.93	3.75	8.10	30.40	59.7	1	14.3
3159.635	21.30	2.05	43.77	3.29	6.90	22.68	51.8	1	34.3
3159.780	7.01	3.49	24.44	2.12	3.85	8.17	33.4	1	55.0
3159.840	5.65	3.82	21.58	2.17	3.87	8.41	39.0	1	40.0
3159.943	6.86	3.94	27.00	2.60	5.09	13.26	49.1	1	30.0
3160.088	16.50	2.40	39.64	2.95	5.99	17.66	44.6	1	10.0
3160.148	25.10	1.69	42.38	2.95	6.02	17.75	41.9	1	10.0
3160.252	25.00	0.97	24.16	2.40	4.70	11.26	46.6	1	10.0
3160.397	19.69	0.95	18.62	2.29	4.25	9.74	52.3	1	18.0
3160.457	18.70	1.12	20.96	2.47	4.59	11.35	54.1	1	15.5
3160.561	30.14	1.03	30.96	2.94	5.72	16.83	54.3	1	12.5
3160.706	14.03	2.05	28.79	2.41	4.63	11.17	38.8	1	47.5
3160.766	8.37	2.30	19.21	1.85	3.25	6.01	31.3	1	55.0
3160.869	4.84	2.48	12.00	1.64	2.65	4.35	36.3	1	40.0
3161.013	8.69	2.48	21.52	2.41	4.48	10.78	50.1	1	25.0
3161.073	11.91	2.25	26.77	2.67	5.10	13.59	50.8	1	15.0
3161.177	27.41	1.43	39.27	2.97	5.91	17.55	44.7	1	10.0
3161.322	34.55	1.15	39.79	3.25	6.62	21.51	54.1	1	14.0
3161.382	33.55	1.37	46.07	3.53	7.29	25.73	55.8	1	16.5
3161.486	27.94	1.69	47.16	3.54	7.43	26.27	55.7	1	14.0
3161.631	34.02	1.79	60.83	4.06	8.71	35.32	58.1	1	14.1
3161.691	34.63	1.82	62.99	4.14	8.88	36.78	58.4	1	14.3
3161.795	34.76	1.87	65.12	4.21	9.09	38.25	58.7	1	14.4
3161.940	34.08	1.92	65.38	4.21	9.17	38.61	59.1	1	14.7
3162.000	34.11	1.92	65.45	4.21	9.16	38.52	58.9	1	14.6
3162.104	34.05	1.92	65.31	4.21	9.13	38.42	58.8	1	14.6
3162.249	33.35	1.89	63.14	4.15	9.03	37.44	59.3	1	14.6
3162.309	33.22	1.88	62.32	4.11	8.98	36.92	59.2	1	14.7
3162.413	32.86	1.87	61.55	4.06	8.88	36.04	58.6	1	14.6
3162.558	33.99	1.89	64.19	4.18	9.12	38.17	59.5	1	14.3
3162.618	34.55	1.88	64.98	4.19	9.19	38.53	59.3	1	14.1
3162.722	35.12	1.86	65.22	4.18	9.20	38.45	59.0	1	14.0
3162.867	35.40	1.83	64.84	4.15	9.18	38.13	58.8	1	14.0
3162.927	35.43	1.84	65.02	4.15	9.17	38.06	58.5	1	14.0
3163.031	35.46	1.83	64.92	4.16	9.16	38.13	58.7	1	14.0
3163.176	35.42	1.83	64.78	4.15	9.17	38.03	58.7	1	13.9
3163.236	35.49	1.83	64.83	4.15	9.16	37.99	58.6	1	14.0
3163.340	35.22	1.85	65.05	4.20	9.20	38.62	59.4	1	14.1
3163.485	35.12	1.87	65.60	4.21	9.22	38.86	59.2	1	14.1
3163.545	34.95	1.87	65.51	4.19	9.25	38.80	59.2	1	14.3
3163.649	34.89	1.89	65.86	4.21	9.24	38.88	59.0	1	14.4
3163.794	34.31	1.92	65.92	4.18	9.21	38.49	58.4	1	14.4
3163.854	34.27	1.92	65.66	4.18	9.22	38.57	58.7	1	14.6
3163.958	34.15	1.91	65.35	4.18	9.21	38.46	58.8	1	14.4
3164.103	34.44	1.91	65.91	4.21	9.27	39.01	59.2	1	14.3
3164.163	34.57	1.89	65.17	4.17	9.25	38.57	59.2	1	14.1
3164.267	34.59	1.88	65.09	4.16	9.21	38.37	58.9	1	14.3
3164.412	34.28	1.90	65.10	4.13	9.19	37.94	58.3	1	14.3
3164.472	34.36	1.89	64.86	4.14	9.17	37.94	58.5	1	14.3
3164.576	34.05	1.88	64.14	4.12	9.13	37.59	58.6	1	14.3
3164.721	34.34	1.84	63.33	4.10	9.10	37.32	58.9	1	14.1
3164.781	33.82	1.81	61.18	4.01	8.91	35.76	58.5	1	14.3
3164.885	33.38	1.80	59.98	3.98	8.81	35.01	58.4	1	14.1
3165.030	33.79	1.86	62.99	4.06	9.06	36.79	58.4	1	14.4
3165.090	33.44	1.88	62.71	4.06	9.04	36.70	58.5	1	14.6
3165.194	33.59	1.88	63.18	4.07	9.06	36.88	58.4	1	14.3
3165.339	33.73	1.85	62.50	4.08	9.05	36.91	59.0	1	14.4
3165.399	33.42	1.85	61.91	4.06	8.96	36.36	58.7	1	14.3
3165.503	33.28	1.84	61.16	4.04	8.92	36.03	58.9	1	14.4
3165.648	33.67	1.83	61.62	4.05	8.92	36.10	58.6	1	14.1
3165.708	34.03	1.82	61.77	4.04	8.96	36.17	58.6	1	14.0
3165.812	34.41	1.79	61.62	4.05	8.95	36.21	58.8	1	13.9
3165.957	35.28	1.79	63.24	4.12	9.02	37.16	58.8	1	13.6
3166.017	35.47	1.78	63.13	4.08	9.01	36.79	58.3	1	13.6
3166.121	35.71	1.74	61.99	4.05	8.99	36.43	58.8	1	13.6
3166.266	35.68	1.78	63.37	4.10	9.11	37.36	59.0	1	13.9
3166.326	35.46	1.80	63.83	4.11	9.14	37.60	58.9	1	14.0
3166.430	35.31	1.86	65.53	4.17	9.24	38.53	58.8	1	14.1
3166.575	34.80	1.89	65.70	4.16	9.27	38.59	58.7	1	14.3
3166.635	34.47	1.90	65.67	4.14	9.23	38.23	58.2	1	14.4
3166.739	34.66	1.90	65.92	4.15	9.25	38.35	58.2	1	14.1
3166.884	35.14	1.88	66.16	4.18	9.28	38.78	58.6	1	14.0
3166.944	35.26	1.87	65.82	4.17	9.26	38.57	58.6	1	14.1
3167.048	35.18	1.87	65.91	4.18	9.26	38.72	58.7	1	14.1
3167.193	35.18	1.89	66.60	4.21	9.31	39.20	58.9	1	14.3
3167.253	34.85	1.90	66.29	4.20	9.29	39.01	58.8	1	14.4
3167.357	34.78	1.91	66.34	4.20	9.28	38.93	58.7	1	14.3
3167.502	34.59	1.92	66.26	4.18	9.30	38.92	58.7	1	14.6
3167.562	34.31	1.92	66.05	4.16	9.25	38.52	58.3	1	14.4
3167.666	34.23	1.92	65.84	4.17	9.28	38.64	58.7	1	14.4
3167.811	34.42	1.93	66.42	4.14	9.29	38.49	57.9	1	14.3
3167.871	34.71	1.91	66.32	4.16	9.31	38.78	58.5	1	14.1
3167.975	34.66	1.90	65.97	4.18	9.31	38.97	59.1	1	14.3
3168.120	34.77	1.89	65.82	4.17	9.29	38.77	58.9	1	14.1
3168.180	34.84	1.87	65.32	4.17	9.28	38.71	59.3	1	14.1
3168.284	34.72	1.89	65.75	4.15	9.30	38.61	58.7	1	14.4
3168.429	34.26	1.93	66.20	4.17	9.29	38.75	58.5	1	14.6
3168.489	34.08	1.92	65.57	4.16	9.28	38.56	58.8	1	14.4
3168.593	34.11	1.93	65.93	4.18	9.28	38.80	58.8	1	14.4
3168.738	34.51	1.92	66.09	4.23	9.30	39.34	59.5	1	14.3
3168.798	34.67	1.91	66.26	4.21	9.29	39.12	59.0	1	14.3
3168.902	34.89	1.90	66.32	4.23	9.30	39.29	59.3	1	14.3
3169.047	35.30	1.88	66.54	4.22	9.28	39.19	58.9	1	14.0
3169.107	35.32	1.87	66.00	4.21	9.25	38.94	59.0	1	14.1
3169.211	35.23	1.86	65.56	4.18	9.23	38.61	58.9	1	14.0
3169.356	35.21	1.88	66.13	4.19	9.25	38.78	58.6	1	14.3
3169.416	34.80	1.89	65.80	4.20	9.27	38.95	59.2	1	14.4
3169.520	34.76	1.91	66.45	4.21	9.27	39.03	58.7	1	14.1
3169.665	35.15	1.88	66.22	4.20	9.22	38.67	58.4	1	14.1
3169.725	35.16	1.88	66.10	4.22	9.22	38.94	58.9	1	14.1
3169.829	35.12	1.87	65.83	4.20	9.22	38.74	58.8	1	14.1
3169.974	35.25	1.87	66.01	4.19	9.22	38.63	58.5	1	14.1
3170.034	35.30	1.87	65.99	4.20	9.23	38.77	58.7	1	14.1
3170.138	35.20	1.86	65.32	4.22	9.21	38.85	59.5	1	14.1
3170.283	35.29	1.86	65.58	4.18	9.19	38.46	58.6	1	14.1
3170.343	34.93	1.87	65.24	4.21	9.22	38.82	59.5	1	14.3
3170.447	34.99	1.87	65.39	4.22	9.23	38.93	59.5	1	14.1
3170.592	35.09	1.86	65.35	4.22	9.21	38.87	59.5	1	14.1
3170.652	34.96	1.87	65.25	4.21	9.22	38.85	59.5	1	14.1
3170.756	34.98	1.89	66.08	4.21	9.25	38.92	58.9	1	14.3
3170.901	34.67	1.92	66.49	4.20	9.28	38.97	58.6	1	14.4
3170.961	34.28	1.92	65.82	4.20	9.26	38.95	59.2	1	14.6
3171.065	34.36	1.93	66.25	4.21	9.24	38.94	58.8	1	14.3
3171.210	35.02	1.89	66.24	4.20	9.26	38.91	58.7	1	14.1
3171.270	35.17	1.88	66.29	4.21	9.25	38.97	58.8	1	14.1
3171.374	35.13	1.87	65.57	4.21	9.27	39.05	59.5	1	14.3
3171.519	34.46	1.91	65.97	4.21	9.27	39.02	59.1	1	14.6
3171.579	34.24	1.93	66.13	4.21	9.24	38.88	58.8	1	14.6
3171.683	33.98	1.93	65.71	4.18	9.21	38.47	58.5	1	14.6
3171.828	34.49	1.92	66.23	4.22	9.26	39.12	59.1	1	14.3
3171.888	34.57	1.90	65.77	4.21	9.29	39.05	59.4	1	14.3
3171.992	34.59	1.91	65.92	4.22	9.28	39.10	59.3	1	14.4
3172.137	34.20	1.92	65.59	4.15	9.28	38.51	58.7	1	14.4
3172.197	34.19	1.92	65.57	4.15	9.28	38.53	58.8	1	14.4
3172.301	34.19	1.92	65.81	4.16	9.30	38.72	58.8	1	14.4
3172.446	33.97	1.91	64.96	4.17	9.28	38.69	59.6	1	14.4
3172.506	33.85	1.92	65.07	4.16	9.26	38.48	59.1	1	14.6
3172.610	33.48	1.94	64.86	4.14	9.20	38.05	58.7	1	14.6
3172.755	33.67	1.93	65.12	4.16	9.23	38.39	58.9	1	14.4
3172.815	33.98	1.94	65.77	4.17	9.25	38.55	58.6	1	14.3
3172.919	34.63	1.90	65.78	4.18	9.32	38.91	59.2	1	14.1
3173.064	35.06	1.89	66.28	4.17	9.31	38.80	58.5	1	14.0
3173.124	35.09	1.88	65.84	4.17	9.31	38.84	59.0	1	14.1
3173.228	35.10	1.87	65.76	4.18	9.31	38.87	59.1	1	14.1
3173.373	35.17	1.90	66.71	4.22	9.35	39.48	59.2	1	14.3
3173.433	35.02	1.90	66.56	4.21	9.34	39.34	59.1	1	14.3
3173.537	34.65	1.93	66.99	4.20	9.34	39.20	58.5	1	14.4
3173.682	34.78	1.93	67.01	4.17	9.32	38.86	58.0	1	14.1
3173.742	34.90	1.91	66.72	4.18	9.31	38.89	58.3	1	14.1
3173.846	34.87	1.91	66.57	4.18	9.33	39.03	58.6	1	14.3
3173.991	34.72	1.93	66.85	4.20	9.37	39.40	58.9	1	14.4
3174.051	34.22	1.95	66.70	4.16	9.32	38.74	58.1	1	14.6
3174.155	34.14	1.94	66.19	4.14	9.32	38.58	58.3	1	14.6
3174.300	34.06	1.94	66.00	4.13	9.34	38.56	58.4	1	14.4
3174.360	34.37	1.94	66.65	4.13	9.34	38.59	57.9	1	14.3
3174.464	34.71	1.92	66.62	4.19	9.35	39.20	58.8	1	14.3
3174.609	34.44	1.92	66.15	4.18	9.38	39.20	59.3	1	14.4
3174.669	34.41	1.92	65.99	4.17	9.38	39.08	59.2	1	14.3
3174.773	34.54	1.92	66.18	4.17	9.39	39.19	59.2	1	14.3
3174.918	34.79	1.91	66.28	4.15	9.39	38.97	58.8	1	14.1
3174.978	34.85	1.90	66.26	4.15	9.38	38.95	58.8	1	14.1
3175.082	34.94	1.90	66.26	4.16	9.41	39.19	59.2	1	14.1
3175.227	35.13	1.90	66.79	4.15	9.40	39.00	58.4	1	14.0
3175.287	35.16	1.88	66.16	4.14	9.37	38.79	58.6	1	14.0
3175.391	35.09	1.89	66.48	4.16	9.37	38.94	58.6	1	14.1
3175.536	34.63	1.92	66.57	4.15	9.37	38.92	58.5	1	14.4
3175.596	34.64	1.93	66.72	4.15	9.40	39.03	58.5	1	14.3
3175.700	34.82	1.92	66.72	4.16	9.37	38.95	58.4	1	14.3
3175.845	34.63	1.93	66.69	4.15	9.40	39.05	58.6	1	14.3
3175.905	34.59	1.94	66.96	4.14	9.42	38.98	58.2	1	14.4
3176.009	34.44	1.94	66.73	4.14	9.39	38.86	58.2	1	14.3
3176.154	34.19	1.95	66.71	4.15	9.38	38.87	58.3	1	14.4
3176.214	34.10	1.94	66.32	4.15	9.37	38.82	58.5	1	14.4
3176.318	34.57	1.92	66.45	4.16	9.38	39.02	58.7	1	14.3
3176.463	34.68	1.92	66.68	4.17	9.38	39.09	58.6	1	14.1
3176.523	34.83	1.91	66.50	4.16	9.39	39.06	58.7	1	14.1
3176.627	34.88	1.90	66.41	4.14	9.39	38.87	58.5	1	14.3
3176.772	34.67	1.92	66.53	4.13	9.38	38.71	58.2	1	14.3
3176.832	34.62	1.93	66.75	4.15	9.40	39.03	58.5	1	14.3
3176.936	34.36	1.94	66.77	4.15	9.37	38.92	58.3	1	14.4
3177.081	34.57	1.94	67.10	4.15	9.39	38.99	58.1	1	14.1
3177.141	34.60	1.92	66.51	4.16	9.39	39.08	58.8	1	14.1
3177.245	34.67	1.92	66.55	4.16	9.40	39.09	58.7	1	14.3
3177.390	34.81	1.93	67.11	4.17	9.41	39.27	58.5	1	14.3
3177.450	34.71	1.92	66.60	4.18	9.40	39.29	59.0	1	14.4
3177.554	34.55	1.93	66.83	4.15	9.39	39.02	58.4	1	14.3
3177.699	34.72	1.91	66.45	4.17	9.40	39.22	59.0	1	14.3
3177.759	34.78	1.91	66.45	4.20	9.39	39.42	59.3	1	14.1
3177.863	34.94	1.91	66.70	4.19	9.40	39.32	59.0	1	14.1
3178.008	35.16	1.90	66.81	4.18	9.36	39.11	58.5	1	14.0
3178.068	35.12	1.89	66.37	4.15	9.36	38.90	58.6	1	14.1
3178.172	34.98	1.91	66.80	4.16	9.37	38.99	58.4	1	14.3
3178.317	34.51	1.94	67.10	4.16	9.36	39.00	58.1	1	14.4
3178.377	34.16	1.95	66.45	4.17	9.35	38.94	58.6	1	14.6
3178.481	34.10	1.94	66.14	4.15	9.34	38.78	58.6	1	14.3
3178.626	34.85	1.91	66.71	4.18	9.37	39.13	58.7	1	14.0
3178.686	34.99	1.89	66.17	4.18	9.36	39.13	59.1	1	14.0
3178.790	35.02	1.88	65.95	4.15	9.37	38.90	59.0	1	14.0
3178.935	35.32	1.88	66.29	4.14	9.33	38.61	58.2	1	14.0
3178.995	35.41	1.87	66.23	4.13	9.33	38.54	58.2	1	13.9
3179.099	35.39	1.87	66.16	4.14	9.33	38.57	58.3	1	14.0
3179.244	35.54	1.88	66.82	4.14	9.33	38.62	57.8	1	14.0
3179.304	35.35	1.89	66.87	4.15	9.34	38.73	57.9	1	14.1
3179.408	35.08	1.90	66.66	4.16	9.36	38.99	58.5	1	14.1
3179.553	35.31	1.89	66.58	4.16	9.38	38.97	58.5	1	14.0
3179.613	35.23	1.88	66.32	4.16	9.36	38.96	58.7	1	14.0
3179.717	35.03	1.89	66.06	4.15	9.34	38.74	58.6	1	14.1
3179.862	34.88	1.90	66.42	4.19	9.36	39.17	59.0	1	14.3
3179.922	34.67	1.92	66.56	4.17	9.34	38.98	58.6	1	14.4
3180.026	34.55	1.92	66.22	4.18	9.35	39.12	59.1	1	14.3
3180.171	34.80	1.90	66.28	4.17	9.35	39.02	58.9	1	14.1
3180.231	34.78	1.90	66.20	4.16	9.38	39.05	59.0	1	14.1
3180.335	34.76	1.90	66.11	4.14	9.38	38.87	58.8	1	14.3
3180.480	34.49	1.92	66.16	4.17	9.35	38.98	58.9	1	14.3
3180.540	34.54	1.91	66.15	4.18	9.34	38.99	58.9	1	14.3
3180.644	34.23	1.92	65.67	4.15	9.35	38.80	59.1	1	14.4
3180.789	34.71	1.91	66.35	4.19	9.35	39.17	59.0	1	14.0
3180.849	34.98	1.89	66.20	4.18	9.34	39.01	58.9	1	14.0
3180.953	34.98	1.90	66.61	4.19	9.36	39.19	58.8	1	14.3
3181.098	34.71	1.93	66.93	4.18	9.35	39.09	58.4	1	14.4
3181.158	34.53	1.93	66.77	4.17	9.32	38.88	58.2	1	14.4
3181.262	34.36	1.94	66.65	4.20	9.33	39.16	58.8	1	14.4
3181.407	34.97	1.92	67.04	4.19	9.34	39.13	58.4	1	14.1
3181.467	35.11	1.90	66.56	4.18	9.33	39.00	58.6	1	14.0
3181.571	34.99	1.89	66.02	4.17	9.30	38.77	58.7	1	14.1
3181.716	35.04	1.89	66.38	4.22	9.34	39.39	59.3	1	14.3
3181.776	34.95	1.91	66.68	4.21	9.36	39.44	59.2	1	14.3
3181.880	34.63	1.92	66.54	4.22	9.30	39.22	58.9	1	14.4
3182.025	34.57	1.93	66.64	4.21	9.33	39.26	58.9	1	14.3
3182.085	34.62	1.92	66.50	4.23	9.28	39.25	59.0	1	14.3
3182.189	34.55	1.91	65.96	4.19	9.34	39.13	59.3	1	14.4
3182.334	34.67	1.92	66.50	4.20	9.38	39.40	59.3	1	14.1
3182.394	34.85	1.90	66.32	4.21	9.37	39.43	59.5	1	14.1
3182.498	34.65	1.92	66.41	4.20	9.37	39.36	59.3	1	14.4
3182.643	34.45	1.93	66.34	4.18	9.34	39.05	58.9	1	14.3
3182.703	34.65	1.93	66.75	4.19	9.36	39.23	58.8	1	14.3
3182.807	34.85	1.92	66.79	4.18	9.35	39.14	58.6	1	14.1
3182.952	34.58	1.93	66.67	4.19	9.35	39.17	58.8	1	14.4
3183.012	34.33	1.92	66.08	4.18	9.34	39.03	59.1	1	14.4
3183.116	34.37	1.92	66.14	4.17	9.36	39.07	59.1	1	14.3
3183.261	35.05	1.91	66.85	4.19	9.35	39.17	58.6	1	14.0
3183.321	35.19	1.90	66.94	4.19	9.31	38.99	58.2	1	14.1
3183.425	35.14	1.88	66.22	4.18	9.31	38.98	58.9	1	14.0
3183.570	35.18	1.87	65.65	4.17	9.25	38.53	58.7	1	14.0
3183.630	35.13	1.87	65.72	4.17	9.25	38.56	58.7	1	14.1
3183.734	34.80	1.90	66.00	4.19	9.29	38.88	58.9	1	14.4
3183.879	34.47	1.92	66.09	4.20	9.32	39.14	59.2	1	14.6
3183.939	34.07	1.92	65.53	4.17	9.28	38.64	59.0	1	14.4
3184.043	34.14	1.93	65.76	4.18	9.30	38.87	59.1	1	14.4
3184.188	34.71	1.91	66.29	4.20	9.32	39.14	59.0	1	14.1
3184.248	35.03	1.89	66.35	4.22	9.31	39.27	59.2	1	14.1
3184.352	35.05	1.89	66.23	4.21	9.28	39.04	58.9	1	14.1
